1525	0.000006991580853028288
1525.0049999999999	0.000006875731439019794
1525.01	0.000006759882025007011
1525.015	0.00000674366310704499
1525.02	0.000006817761459383478
1525.025	0.0000069474335759779
1525.03	0.000007075478259294372
1525.0349999999999	0.000007114875448423865
1525.04	0.000007061572302656122
1525.045	0.0000069766694131253545
1525.05	0.000006831401895564725
1525.055	0.00000681515666656472
1525.06	0.000006863035066210883
1525.065	0.000006911679520263453
1525.07	0.000006947304427734563
1525.075	0.000007014869669740338
1525.0800000000002	0.0000070814469149603755
1525.085	0.000007124981493680713
1525.09	0.000007124231463729719
1525.095	0.0000070292386903508655
1525.1	0.000006952838629313161
1525.105	0.000006796313509550444
1525.1100000000001	0.0000067942222812989805
1525.115	0.0000070084215621013345
1525.12	0.000007153685807910037
1525.125	0.000007162297199732443
1525.13	0.000006960979111479531
1525.135	0.000006564921932465292
1525.14	0.000006065892212607142
1525.145	0.000005660021997861643
1525.1499999999999	0.000005468995065384758
1525.155	0.000005574115408091184
1525.16	0.000005850260706706379
1525.165	0.000006206427146650457
1525.17	0.000006434915650845949
1525.175	0.000006353676276828879
1525.18	0.000006151244243983482
1525.185	0.000005936842704916959
1525.19	0.000005888771707303603
1525.1950000000002	0.000006063817197220805
1525.2	0.000006464254845986644
1525.205	0.000006992672971243782
1525.21	0.000007375736082519494
1525.215	0.000007483595881769516
1525.22	0.000007314098685916017
1525.2250000000001	0.000007071461522791032
1525.23	0.000006828721560659627
1525.235	0.0000065809739281870355
1525.24	0.000006314976510000086
1525.245	0.000006072445981506151
1525.25	0.000005825903921182735
1525.255	0.000005589349791907196
1525.26	0.000005448383584314714
1525.2649999999999	0.000005375800180497462
1525.27	0.0000054088118045762
1525.275	0.0000056008343270489275
1525.28	0.000005924410894594969
1525.285	0.000006382745885861961
1525.29	0.000006883079185698837
1525.295	0.0000072528543962931155
1525.3	0.000007342009848936585
1525.305	0.00000713331646725048
1525.3100000000002	0.0000067497596500474975
1525.315	0.00000636350355008302
1525.32	0.000006100177415870028
1525.325	0.000006203845259428264
1525.33	0.000006535364913222634
1525.335	0.000006956011638562406
1525.3400000000001	0.000007347948737142478
1525.345	0.000007458642357960341
1525.35	0.000007458642357960341
1525.355	0.000007283466931785426
1525.36	0.0000071190239397653
1525.365	0.000007045930552962664
1525.3700000000001	0.0000069875217638100505
1525.375	0.000007000488327044978
1525.3799999999999	0.000007085824368548884
1525.385	0.000007216234000868256
1525.3899999999999	0.000007414117730571554
1525.3950000000002	0.0000074803423817215675
1525.4	0.000007576099181035638
1525.405	0.00000755439032222224
1525.41	0.000007522013303016509
1525.415	0.000007434058716308646
1525.4199999999998	0.000007255192296011345
1525.4250000000002	0.0000069607049231313785
1525.43	0.00000656794598557688
1525.435	0.000006132351700765221
1525.44	0.000005705888993100623
1525.445	0.000005328009138234883
1525.45	0.000005078091238766187
1525.4550000000002	0.000004965627388261758
1525.46	0.00000517505631626757
1525.465	0.0000057580128268374965
1525.47	0.000006258884130605072
1525.475	0.000005738899663358098
1525.48	0.0000051409200147815405
1525.4850000000001	0.00000540397158996598
1525.49	0.000006486265918549222
1525.495	0.000007267703370611677
1525.5	0.000007287254180735105
1525.5049999999999	0.000007066101591642244
1525.5100000000002	0.00000705067941421721
1525.515	0.000007281840291666145
1525.52	0.000007482472574225414
1525.525	0.000007501532673506382
1525.53	0.0000071142577028981775
1525.5349999999999	0.000006713271432721337
1525.5400000000002	0.000006535222213385612
1525.545	0.000006581895285956056
1525.55	0.000006862229928727315
1525.555	0.000007341562013102737
1525.56	0.000007654355430923253
1525.5649999999998	0.000007513800389332818
1525.5700000000002	0.000007072922400773255
1525.575	0.000006620388314155265
1525.58	0.000006291158283284251
1525.585	0.000006141169157238016
1525.59	0.000006197426631487969
1525.595	0.0000064397900128253975
1525.6000000000001	0.000006717154534911396
1525.605	0.000006990570138448501
1525.61	0.000007215483366668401
1525.615	0.000007356266988380539
1525.62	0.000007417782658786397
1525.625	0.000007422884664381686
1525.63	0.00000736926449462772
1525.635	0.000007364795237732221
1525.64	0.000007324755531648292
1525.645	0.000007263131010580262
1525.6499999999999	0.000007169150352744611
1525.6550000000002	0.000007030927268904506
1525.66	0.0000068376035037065475
1525.665	0.000006677268954721585
1525.67	0.00000649425004873174
1525.675	0.000006456861394201278
1525.6799999999998	0.000006463070369987499
1525.6850000000002	0.000006612584304987794
1525.69	0.000006766277079992868
1525.695	0.000006905649570133323
1525.7	0.000007001198447976141
1525.705	0.000007063968805448729
1525.7099999999998	0.000007092736161569491
1525.7150000000001	0.000007026850225607643
1525.72	0.000006857916185950813
1525.725	0.0000065859383225723205
1525.73	0.000006284029579946707
1525.735	0.0000061052913745844435
1525.74	0.000006152712205008151
1525.7450000000001	0.000006441937584038943
1525.75	0.000006830477753615811
1525.755	0.000007072546286310874
1525.76	0.000006996451257539381
1525.7649999999999	0.000006716851203918785
1525.77	0.0000064247242163117185
1525.775	0.0000062368652675755215
1525.78	0.0000061976141866591595
1525.785	0.0000062860711473597
1525.79	0.000006472681415743939
1525.7949999999998	0.000006706159396867872
1525.8000000000002	0.000006943851767154883
1525.805	0.0000070892313182479275
1525.81	0.0000071368995122611506
1525.815	0.00000702140655836556
1525.82	0.000006821432081855869
1525.8249999999998	0.000006845643784578485
1525.8300000000002	0.0000071121852237829385
1525.835	0.0000072262628236785565
1525.84	0.0000071657682735443886
1525.845	0.000007033310025434501
1525.85	0.000006691661177485601
1525.855	0.000006318245433235325
1525.8600000000001	0.0000061260768549286604
1525.865	0.000006283933179568123
1525.8700000000001	0.00000669368320548141
1525.875	0.0000071113220116244415
1525.8799999999999	0.000007302081563814324
1525.885	0.0000072265809594194715
1525.89	0.000006933811478727578
1525.895	0.0000067954654591497086
1525.9	0.000006815159576748798
1525.905	0.000006850910722278056
1525.9099999999999	0.00000680324252890148
1525.915	0.000006645344547598795
1525.92	0.000006421924142460858
1525.925	0.0000061488751498207166
1525.93	0.0000061408560399816886
1525.935	0.0000063534490597995316
1525.9399999999998	0.000006700384178248517
1525.945	0.0000070456725515983765
1525.95	0.0000072083930717781135
1525.9550000000002	0.0000072083930717781135
1525.96	0.0000071776571292336554
1525.965	0.000007198529883906495
1525.97	0.000007281737734962384
1525.9750000000001	0.000007404402929947186
1525.98	0.000007525816507339195
1525.9850000000001	0.000007587006389907511
1525.99	0.00000750385458821923
1525.995	0.000007394503508110053
1526	0.000007229767837668793
1526.005	0.000007318619888052148
1526.01	0.000007467967604394101
1526.015	0.00000760978962145846
1526.02	0.0000076253339146188716
1526.0249999999999	0.000007466018914242016
1526.03	0.000007240887499222333
1526.035	0.000007089224204396326
1526.04	0.0000070058158601868
1526.045	0.000007069200596443123
1526.05	0.000007115003631431991
1526.0549999999998	0.000007218610000762208
1526.06	0.000007273322232524362
1526.065	0.000007181236399892906
1526.0700000000002	0.00000699693315181159
1526.075	0.000006749614841210778
1526.08	0.000006505997994511236
1526.085	0.000006404050509445373
1526.09	0.000006506288190672439
1526.095	0.000006767967714820001
1526.1000000000001	0.0000071268872112370386
1526.105	0.000007427178206155897
1526.11	0.000007639486426439708
1526.115	0.000007762150512436917
1526.1200000000001	0.000007763552061835499
1526.125	0.00000773656567765294
1526.13	0.000007683053371585264
1526.135	0.000007589149425299504
1526.1399999999999	0.000007520016845218041
1526.145	0.000007490335880255536
1526.15	0.0000074765121098607855
1526.155	0.00000748751111878342
1526.16	0.000007545903345684594
1526.165	0.000007533858782329713
1526.1699999999998	0.000007562966391970423
1526.175	0.000007513087841594935
1526.18	0.000007353465853243128
1526.1850000000002	0.000007174434722946993
1526.19	0.000006935443584852079
1526.195	0.000006821115676197793
1526.2	0.000006891485000905415
1526.205	0.00000708624672005459
1526.21	0.000007150796591658039
1526.2150000000001	0.000006978781014010745
1526.22	0.000006797286915304989
1526.225	0.000006672154995612797
1526.23	0.000006740371403306651
1526.235	0.0000070367342857960615
1526.24	0.000007288833632931847
1526.2450000000001	0.0000075370906541276
1526.25	0.000007783295586164659
1526.2549999999999	0.000007929542334212009
1526.26	0.000008014659604894045
1526.265	0.000008043160114640389
1526.27	0.000008027420335685246
1526.275	0.000007961941025523733
1526.28	0.000007809745772377248
1526.2849999999999	0.000007610571629263045
1526.29	0.000007532643952772412
1526.295	0.000007551197475459477
1526.3000000000002	0.00000771078781005578
1526.305	0.00000791348039766298
1526.31	0.00000818318715332885
1526.315	0.000008353299467008001
1526.32	0.000008389677723844513
1526.325	0.000008299966857302716
1526.3300000000002	0.000008115057175866268
1526.335	0.000007928298899531615
1526.34	0.0000077125793010237
1526.345	0.000007547376039821541
1526.35	0.000007407038521453454
1526.355	0.000007273930047855403
1526.3600000000001	0.00000717330678761416
1526.365	0.000007126884302196217
1526.37	0.000007164520369938104
1526.375	0.000007258042265878976
1526.3799999999999	0.000007295386361187641
1526.385	0.000007262016879559842
1526.39	0.000007129587175108287
1526.395	0.000007118192178598134
1526.3999999999999	0.000007352907211498945
1526.405	0.000007686255396432946
1526.4099999999999	0.000007917893377367378
1526.4150000000002	0.000007933948595966137
1526.42	0.000007744631148838226
1526.425	0.0000075600415031441785
1526.43	0.000007492028020689766
1526.435	0.000007546636669605111
1526.44	0.000007626377247304597
1526.4450000000002	0.000007673123036511227
1526.45	0.000007686528988195369
1526.455	0.000007749005782705142
1526.46	0.000007848014515978063
1526.465	0.000007930732452923695
1526.47	0.000007955967757565253
1526.4750000000001	0.000007777226012309247
1526.48	0.000007574316905448382
1526.485	0.000007457667379853302
1526.49	0.000007408918463839385
1526.495	0.000007479758774082102
1526.5	0.000007521528459473707
1526.505	0.00000753013591747731
1526.51	0.000007455992293023943
1526.515	0.000007332217700257691
1526.52	0.000007178268991188536
1526.5249999999999	0.000007038223848532558
1526.5300000000002	0.000006986516856918879
1526.535	0.000007058251260282917
1526.54	0.000007278339065601525
1526.545	0.000007595391780010724
1526.55	0.000007905502569430341
1526.5549999999998	0.000008079658026720666
1526.5600000000002	0.000008105877081825024
1526.565	0.000008154716176262781
1526.57	0.000008051560561237526
1526.575	0.0000074972125955872285
1526.58	0.00000675280340538033
1526.585	0.000006317647474051029
1526.5900000000001	0.000006250994373781815
1526.595	0.000006449236676038244
1526.6	0.00000665825629961223
1526.605	0.0000066640608362109486
1526.61	0.0000066025721552895735
1526.615	0.000006442981820693276
1526.6200000000001	0.000006484325039695029
1526.625	0.000006578239154007294
1526.63	0.000006742734041566741
1526.635	0.000006946834036077882
1526.6399999999999	0.000007132654298712765
1526.6450000000002	0.000007262021728953042
1526.65	0.000007485454260687016
1526.655	0.000007685555304012476
1526.66	0.000007988507680128058
1526.665	0.000008248685237388668
1526.6699999999998	0.000008379928550487252
1526.6750000000002	0.000008416589017648477
1526.68	0.000008492320637492427
1526.685	0.00000856685219295544
1526.69	0.000008607746429306786
1526.695	0.000008594549096334583
1526.6999999999998	0.000008498924581531625
1526.7050000000002	0.000008304382822785029
1526.71	0.000008036140142373867
1526.715	0.000007727401417290432
1526.72	0.000007413288351469244
1526.725	0.000007187597327666805
1526.73	0.000007109171877401217
1526.7350000000001	0.000007209580507352658
1526.74	0.000007435991492249234
1526.7450000000001	0.000007601629476994273
1526.75	0.000007606200808769014
1526.7549999999999	0.000007673127193430709
1526.76	0.00000790674083563983
1526.765	0.000008196251775868211
1526.77	0.0000082918924545032
1526.775	0.000007940101764032023
1526.78	0.000007368879026780116
1526.7849999999999	0.000006939184127153276
1526.7900000000002	0.000006821465350363919
1526.795	0.000006930460906213005
1526.8	0.000007133740318880252
1526.805	0.000007058246411022324
1526.81	0.000006511287855923664
1526.8149999999998	0.000005792111091538677
1526.8200000000002	0.000005252015615307062
1526.825	0.000005065604346544691
1526.83	0.000005325266528064917
1526.835	0.000006030105865039604
1526.84	0.000006976370767426303
1526.8449999999998	0.000007845565224729866
1526.8500000000001	0.000008312144925952896
1526.855	0.00000836708304482703
1526.8600000000001	0.000008265732994174377
1526.865	0.000008215767250242852
1526.87	0.000008219433154567351
1526.875	0.000008261034698712747
1526.88	0.000008346511061012241
1526.885	0.00000842385634314269
1526.89	0.000008405204584296405
1526.895	0.00000827895797064149
1526.8999999999999	0.00000800380803596467
1526.905	0.000007736964368659226
1526.91	0.00000763931539805163
1526.915	0.000007839795165230412
1526.92	0.000008315159432541153
1526.925	0.000008875823030191333
1526.9299999999998	0.00000899583392251208
1526.9350000000002	0.000008938451892716206
1526.94	0.000008812836660235155
1526.945	0.00000868941216639393
1526.95	0.000008532619215795793
1526.955	0.000008376417940418331
1526.9599999999998	0.000008134006161069282
1526.9650000000001	0.000007890371378788683
1526.97	0.000007716349897755562
1526.9750000000001	0.000007727663613819211
1526.98	0.000007898712846247352
1526.985	0.000008176077368394116
1526.99	0.000008409314292285052
1526.9950000000001	0.00000848826362164315
1527	0.000008431005699794084
1527.005	0.000008336911856274727
1527.01	0.000008298738976009182
1527.0149999999999	0.000008298738976009182
1527.02	0.00000840265000910101
1527.025	0.00000848343188364293
1527.03	0.000008485960711254718
1527.035	0.000008459610398858792
1527.04	0.000008473909110404895
1527.0449999999998	0.000008535345224417985
1527.05	0.000008641376891478461
1527.055	0.000008745888771322653
1527.06	0.00000882066815356868
1527.065	0.00000888828397882322
1527.07	0.000008942210115492335
1527.075	0.000008924660506323421
1527.08	0.00000882985581782652
1527.085	0.000008766022282546704
1527.0900000000001	0.000008662530009404721
1527.095	0.000008495349903717877
1527.1	0.000008266022866335815
1527.105	0.000008031428231555374
1527.1100000000001	0.000007928477965961666
1527.115	0.000007975286626215996
1527.1200000000001	0.000007963910764740365
1527.125	0.000007685724666536995
1527.1299999999999	0.000007069286573065195
1527.135	0.000006447959967659324
1527.14	0.000006008989175383145
1527.145	0.00000604351774637924
1527.15	0.0000064711546039701735
1527.155	0.000006993897837991149
1527.1599999999999	0.000007415464077152602
1527.165	0.000007230735859968795
1527.17	0.000006552999067726108
1527.175	0.000005844097013626882
1527.18	0.00000546960735925911
1527.185	0.000005526845957133478
1527.19	0.0000059342490616065415
1527.195	0.000006623262477178866
1527.2	0.0000073274472284915994
1527.2050000000002	0.000007837971441316372
1527.21	0.000008161138260810815
1527.215	0.000008320321936933397
1527.22	0.000008387768691192255
1527.225	0.000008448347216255018
1527.23	0.000008473507478118904
1527.2350000000001	0.000008437679015889614
1527.24	0.000008336502020387359
1527.245	0.000008253389549627939
1527.25	0.000008229019295077164
1527.255	0.000008141670247892356
1527.26	0.00000810211349744349
1527.265	0.000008112753718559389
1527.27	0.000008210332157562315
1527.2749999999999	0.000008318495114709952
1527.28	0.000008409958454328396
1527.285	0.000008633241770623722
1527.29	0.00000887176429245636
1527.295	0.000008832147088242046
1527.3	0.000008723973689990787
1527.305	0.000008611744581777718
1527.31	0.000008523197531138462
1527.315	0.00000852961359959754
1527.3200000000002	0.000008546326339511011
1527.325	0.000008632388521444219
1527.33	0.00000875685213008208
1527.335	0.000008916499688360904
1527.34	0.000009019964636228503
1527.345	0.000009054520826994513
1527.3500000000001	0.000009069413984634732
1527.355	0.000009084317571147142
1527.36	0.0000091991167787258
1527.365	0.000009274254976823643
1527.37	0.00000930849045417701
1527.375	0.000009238808979549452
1527.38	0.000009036918066083294
1527.385	0.000008824928317349875
1527.3899999999999	0.000008699501019951881
1527.395	0.00000873619150296404
1527.4	0.000008858491414405349
1527.405	0.000008968552910840732
1527.41	0.000008997954063379703
1527.415	0.000008936049889221068
1527.42	0.000008821330809227865
1527.425	0.000008745599189383921
1527.43	0.000008729631060549539
1527.4350000000002	0.000008800541291593029
1527.44	0.000008934090145744223
1527.445	0.00000908223268494767
1527.45	0.000009316148641784872
1527.455	0.000009497099949985563
1527.46	0.00000951816198533937
1527.4650000000001	0.000009296592276330113
1527.47	0.000008952288625555432
1527.475	0.000008613320825528894
1527.48	0.000008452729209588573
1527.485	0.000008363853600009731
1527.49	0.000008335310308047238
1527.4950000000001	0.000008342793375877603
1527.5	0.00000844620080774462
1527.5049999999999	0.000008606098821795499
1527.51	0.000008759001501367961
1527.5149999999999	0.000008925745050759542
1527.52	0.000008971301106932713
1527.525	0.000008819238575904339
1527.53	0.00000852164008011449
1527.535	0.00000818147266031433
1527.54	0.000007930027399114738
1527.5449999999998	0.000007869748515076935
1527.5500000000002	0.000007906872687252009
1527.555	0.0000082153234010298
1527.56	0.000008514573254827534
1527.565	0.000008834962497843995
1527.57	0.000008983917520288245
1527.575	0.000009040682925472352
1527.5800000000002	0.000008940893437649952
1527.585	0.000008845230224483201
1527.59	0.00000862404704316909
1527.595	0.000008313358890848162
1527.6	0.00000797342324098671
1527.605	0.000007643693930102197
1527.6100000000001	0.000007344691769352921
1527.615	0.000007035734909256965
1527.62	0.000006804727189090264
1527.625	0.000006697935236475483
1527.6299999999999	0.000006736215355411142
1527.6350000000002	0.000007006815088700711
1527.64	0.000007437780970568663
1527.645	0.00000787080352647466
1527.65	0.000008183105817227181
1527.655	0.000008611059835863528
1527.6599999999999	0.000009229947616186718
1527.6650000000002	0.00000949501288606335
1527.67	0.0000092152737120409
1527.675	0.000008816420892103994
1527.68	0.000008498055188199367
1527.685	0.000008321330962216324
1527.6899999999998	0.000008293856146742215
1527.6950000000002	0.000008377757405863682
1527.7	0.000008624235190917254
1527.705	0.000009093051436172556
1527.71	0.000009485034079007652
1527.715	0.000009623824734339872
1527.72	0.000009378231063212069
1527.7250000000001	0.000008860166422606068
1527.73	0.000008306938863079389
1527.735	0.000008050507711064348
1527.74	0.000008151408813589137
1527.745	0.000008505022867400077
1527.75	0.000008929908256895026
1527.755	0.000009314939529869434
1527.76	0.00000959261453798868
1527.765	0.000009650270634372081
1527.77	0.000009607257357049076
1527.7749999999999	0.000009576895594017991
1527.7800000000002	0.00000956270585979096
1527.785	0.000009559030531381986
1527.79	0.000009649918340899956
1527.795	0.000009818703150928884
1527.8	0.000009930409889412017
1527.8049999999998	0.000010015313038942224
1527.8100000000002	0.000010070448042528985
1527.815	0.000010008319967753178
1527.82	0.000009880623111814362
1527.825	0.00000971439294665617
1527.83	0.000009620127413491195
1527.8349999999998	0.000009572069670472708
1527.8400000000001	0.000009617083222535594
1527.845	0.000009602343860214278
1527.85	0.000009478053393012894
1527.855	0.000009339819857468285
1527.86	0.000009105417439209352
1527.865	0.000008900624604174063
1527.8700000000001	0.000008756813866030888
1527.875	0.000008568250719608484
1527.88	0.000008517426014353346
1527.885	0.000008588847076649562
1527.8899999999999	0.000008758413933291123
1527.895	0.000009075425483153248
1527.9	0.000009283846251704509
1527.905	0.000009268669704543618
1527.91	0.000009046088553106289
1527.915	0.000008687928304878517
1527.9199999999998	0.000008356067758328166
1527.9250000000002	0.000008152700074405664
1527.93	0.000008060511159427537
1527.935	0.000008057097147398727
1527.94	0.000008107641636622152
1527.945	0.000008236499894611156
1527.9499999999998	0.000008352362782619784
1527.9550000000002	0.000008537844788288194
1527.96	0.000008688991428864705
1527.965	0.000008767849341201575
1527.97	0.00000888348719687234
1527.975	0.00000899167748910699
1527.98	0.000009083585940818398
1527.9850000000001	0.000009076495188816261
1527.99	0.000008992682579784408
1527.9950000000001	0.000008767679156844503
1528	0.00000821531726094396
1528.0049999999999	0.000007598282085212188
1528.01	0.0000073614464786666714
1528.015	0.000007492151779364809
1528.02	0.000007601629476994273
1528.025	0.000007525338400832941
1528.03	0.000007410450211742333
1528.0349999999999	0.000007334888953649172
1528.04	0.000007241392338926876
1528.045	0.000007009716335475168
1528.05	0.000006686139389215587
1528.055	0.000006431009043935837
1528.06	0.000006347956387937382
1528.0649999999998	0.0000064552441457165424
1528.0700000000002	0.000006623297908208371
1528.075	0.000006861634026455284
1528.08	0.0000069167455268914035
1528.085	0.000006976907167425832
1528.09	0.0000071351413522341205
1528.095	0.000007453278516840024
1528.1000000000001	0.000008019299512835404
1528.105	0.000008791601364126383
1528.1100000000001	0.000009396822613579979
1528.115	0.000009706046935628349
1528.12	0.000009696510098737541
1528.125	0.000009442997756087297
1528.13	0.000009109746565231902
1528.135	0.000008898723173948134
1528.14	0.00000875832027694051
1528.145	0.00000870984513312578
1528.1499999999999	0.00000870984513312578
1528.155	0.000008678969144729934
1528.16	0.000008601931903127455
1528.165	0.000008534383188605063
1528.17	0.000008486216473540243
1528.175	0.000008551352138862854
1528.1799999999998	0.00000870388660704405
1528.185	0.000008898801057621947
1528.19	0.000009187981046609103
1528.1950000000002	0.000009518987695268988
1528.2	0.000009755704139440668
1528.205	0.000009795242148257006
1528.21	0.000009711954107180471
1528.215	0.000009597860899487557
1528.22	0.000009456636327448826
1528.2250000000001	0.000009321877669299733
1528.23	0.000009239127124805046
1528.235	0.000009189475451086636
1528.24	0.000009229857282794843
1528.2450000000001	0.000009445010044246383
1528.25	0.000009647759723942284
1528.255	0.000009766418199853622
1528.26	0.000009567811504984425
1528.2649999999999	0.000009242827552115953
1528.27	0.000009020212351853808
1528.275	0.000008952425560290132
1528.28	0.000009019555395895259
1528.285	0.00000916158050056807
1528.29	0.000009206359715278048
1528.2949999999998	0.000009059207516290502
1528.3	0.000008819076661719802
1528.305	0.000008616504838139978
1528.3100000000002	0.000008531103958375749
1528.315	0.000008538186072342501
1528.32	0.000008656221324354488
1528.325	0.000008821722411622406
1528.33	0.00000911452574357099
1528.335	0.000009284603097660628
1528.3400000000001	0.000009402174813443427
1528.345	0.000009361368211543737
1528.35	0.00000938758360642844
1528.355	0.000009692943418344117
1528.36	0.00000985023216293798
1528.365	0.00000941256669004515
1528.3700000000001	0.00000850556327668632
1528.375	0.00000817361069316134
1528.3799999999999	0.000008739094475446531
1528.385	0.000009187173745349276
1528.39	0.000008844812075311483
1528.395	0.000008147126886234376
1528.4	0.000007816124710782789
1528.405	0.000007981625793531514
1528.4099999999999	0.000008475789652265413
1528.415	0.000009235223314821574
1528.42	0.000009722928502889347
1528.4250000000002	0.00000989818112539837
1528.43	0.000009858118198806514
1528.435	0.000009775531562058404
1528.44	0.00000983465828589649
1528.445	0.000010042127020149842
1528.45	0.000010140739551915258
1528.4550000000002	0.00001001371544898251
1528.46	0.000009826997486151498
1528.465	0.000009719284942135111
1528.47	0.000009777203686740434
1528.475	0.000010050419530516947
1528.48	0.000010458980143847231
1528.4850000000001	0.000010693911463022246
1528.49	0.000010693911463022246
1528.495	0.000010513888682284002
1528.5	0.000010243854509205755
1528.5049999999999	0.000010030230948925054
1528.51	0.00000987741393440323
1528.515	0.000009818060789257285
1528.52	0.000009861899393984048
1528.5249999999999	0.00000997454733245973
1528.53	0.000010117155032647076
1528.535	0.000010220624338632443
1528.5400000000002	0.000010285520502871595
1528.545	0.000010223768525324992
1528.55	0.000010051293210704218
1528.555	0.000009755494833243136
1528.56	0.000009394056224724095
1528.565	0.000009032378959813107
1528.5700000000002	0.000008802793068211408
1528.575	0.00000871593874826933
1528.58	0.00000865957281407463
1528.585	0.000008656221325509248
1528.59	0.00000860688742306953
1528.595	0.000008602597517892723
1528.6000000000001	0.000008697227765512939
1528.605	0.000008845967104663886
1528.61	0.000009202763832519376
1528.615	0.000009611815370953267
1528.62	0.00001003736486343232
1528.625	0.000010258615741321258
1528.63	0.000010055334050780521
1528.635	0.000009549946608009297
1528.6399999999999	0.000009041051008769452
1528.645	0.000008702485005489752
1528.6499999999999	0.000008602597517892723
1528.6550000000002	0.000008765218591527352
1528.66	0.000009068004280507115
1528.665	0.000009385426956524423
1528.67	0.000009706838072269702
1528.675	0.000009948240300208468
1528.6799999999998	0.000009982081703663234
1528.6850000000002	0.000009899608814522899
1528.69	0.000009687350942639318
1528.695	0.000009383489368709457
1528.7	0.000009145637923334995
1528.705	0.000009054287393665096
1528.71	0.000009236416406585578
1528.7150000000001	0.000009651236012123832
1528.72	0.00001006064121136054
1528.725	0.000010270026645210232
1528.73	0.000010122383876578473
1528.735	0.000009695496248984398
1528.74	0.000009304274968292474
1528.7450000000001	0.000009024884093789292
1528.75	0.000009010672208300494
1528.755	0.000009105100957173162
1528.76	0.000009352332936562408
1528.7649999999999	0.00000970204312653266
1528.7700000000002	0.000010157028599675338
1528.775	0.000010438646613758931
1528.78	0.000010546202629743454
1528.785	0.000010348015250158393
1528.79	0.000009890476143707524
1528.7949999999998	0.00000932878076305809
1528.8000000000002	0.0000088246673934208
1528.805	0.000008536860107324375
1528.81	0.00000850190481320852
1528.815	0.000008755285827787847
1528.82	0.000009192452120022318
1528.8249999999998	0.000009669102529475048
1528.8300000000002	0.000010077232821258743
1528.835	0.00001039003836568632
1528.84	0.00001056585412991302
1528.845	0.00001062702405376521
1528.85	0.000010656106779706395
1528.855	0.000010662188757732576
1528.8600000000001	0.000010618767839725328
1528.865	0.000010573323934966347
1528.8700000000001	0.000010455894977746309
1528.875	0.000010294708774532302
1528.8799999999999	0.000010112511647743208
1528.885	0.000009941830870429026
1528.89	0.000009853814844973379
1528.895	0.000009869861152383345
1528.9	0.000009973453265436726
1528.905	0.000010189537016763918
1528.9099999999999	0.00001040303851902015
1528.9150000000002	0.000010419131709484156
1528.92	0.000010356778444813657
1528.925	0.000010300675057806092
1528.93	0.00001034536034914302
1528.935	0.00001055537954253273
1528.9399999999998	0.000010772248135648608
1528.9450000000002	0.00001087265263777226
1528.95	0.000010795431737122548
1528.955	0.000010581911908205585
1528.96	0.000010321400480469582
1528.965	0.000010078517207321251
1528.9699999999998	0.000009883722596422803
1528.9750000000001	0.00000978522988727584
1528.98	0.000009798362247042275
1528.9850000000001	0.000009829730831100685
1528.99	0.000009727588564432656
1528.995	0.000009526225695661047
1529	0.000009360472906204764
1529.005	0.000009231711910457955
1529.01	0.000009240121773857673
1529.015	0.000009356474036552883
1529.02	0.000009633576545951784
1529.0249999999999	0.000009897498614213656
1529.03	0.000010129204178447345
1529.035	0.000010318204623364221
1529.04	0.000010403102070251926
1529.045	0.000010455696907929173
1529.05	0.000010394054402590322
1529.0549999999998	0.000010248143833486761
1529.0600000000002	0.000010110284907198426
1529.065	0.000010013735798835742
1529.07	0.000010086179825930405
1529.075	0.000010157668534431106
1529.08	0.000010327744263654451
1529.0849999999998	0.000010535200335852967
1529.0900000000001	0.000010823492625665122
1529.095	0.000010750352985496471
1529.1000000000001	0.000010314783529663395
1529.105	0.000009821307855620487
1529.11	0.000009615483578492042
1529.115	0.000009699646396044622
1529.1200000000001	0.00000988062310854367
1529.125	0.000010055926953180464
1529.13	0.000010161506776126112
1529.135	0.000010339666250239739
1529.1399999999999	0.000010589211988971675
1529.145	0.000010820305498522114
1529.15	0.000010954005371128403
1529.155	0.00001090008049223733
1529.16	0.000010638120928615399
1529.165	0.000010361692496237875
1529.1699999999998	0.000010108362468872656
1529.175	0.000009826842010581204
1529.18	0.00000948091248817172
1529.185	0.000009103389352266329
1529.19	0.000008802197652301357
1529.195	0.000008653246673344059
1529.1999999999998	0.000008717468665725365
1529.205	0.000009054446169350946
1529.21	0.000009532665226069497
1529.2150000000001	0.000010031355723320308
1529.22	0.000010495776034876146
1529.225	0.000010768439463430093
1529.23	0.000010879796656907291
1529.2350000000001	0.000010795090931685317
1529.24	0.000010579379000645664
1529.2450000000001	0.00001030322580430709
1529.25	0.000010067575651240157
1529.2549999999999	0.000009995707897107188
1529.26	0.000010135913208879964
1529.265	0.00001043771043922911
1529.27	0.000010682683811767266
1529.275	0.000010576101479060312
1529.28	0.000010028079991346196
1529.2849999999999	0.000009394761126017071
1529.29	0.000008997866563397732
1529.295	0.00000895400428677381
1529.3	0.000009179686973636698
1529.305	0.000009690790021540854
1529.31	0.000010214940216337133
1529.315	0.000010526723650071819
1529.32	0.000010544165118362003
1529.325	0.000010363233744216323
1529.3300000000002	0.000010148053454141377
1529.335	0.000010032556019723414
1529.34	0.00001008381555123452
1529.345	0.000010223208743619627
1529.35	0.000010389025498203234
1529.355	0.000010607509463595729
1529.3600000000001	0.000010814398624612843
1529.365	0.000010945470151244792
1529.37	0.00001101166789153597
1529.375	0.00001081339616381327
1529.38	0.000010601607609131858
1529.385	0.000010381107653847994
1529.39	0.00001018627478167916
1529.395	0.000010026486573654766
1529.3999999999999	0.000009943178156390784
1529.405	0.00000994996866188113
1529.41	0.000009995704629624378
1529.415	0.00001000752672692504
1529.42	0.000009878184013491117
1529.425	0.000009544577921629393
1529.43	0.000009004765895959908
1529.435	0.00000832554118535591
1529.44	0.0000079812007788473
1529.4450000000002	0.000008358670597812947
1529.45	0.00000942772531248501
1529.455	0.000010335480165581922
1529.46	0.00001023717318871464
1529.465	0.000009588473291335489
1529.47	0.000009045167831062718
1529.4750000000001	0.000008883114489329329
1529.48	0.000009172432758297603
1529.485	0.000009693931597747135
1529.49	0.000010288757030315654
1529.495	0.000010866271619354801
1529.5	0.000011108781204535572
1529.505	0.000011140144411302866
1529.51	0.000011035056780159879
1529.5149999999999	0.000010990803830838626
1529.52	0.000011037098979938826
1529.525	0.000011187119029541225
1529.53	0.000011427367126467941
1529.535	0.000011670723836072827
1529.54	0.000011608010187373832
1529.545	0.000011130552080307675
1529.55	0.000010458720355006504
1529.555	0.00000991778226236458
1529.5600000000002	0.000009640566740857968
1529.565	0.000009651948917963615
1529.57	0.0000098898765286395
1529.575	0.000010224069095195937
1529.58	0.000010479416229106307
1529.585	0.000010268175342346239
1529.5900000000001	0.000009770391147451139
1529.595	0.00000896885706516705
1529.6	0.000008135722029924167
1529.605	0.000007543541876205262
1529.61	0.000007365084999837407
1529.615	0.0000077256077635339
1529.6200000000001	0.000008740362253220706
1529.625	0.000010139792708841604
1529.6299999999999	0.000010431888620965613
1529.635	0.000009360982032836057
1529.6399999999999	0.000008211442389479409
1529.645	0.000007780370656468016
1529.65	0.000008210496462809794
1529.655	0.000008920760579209096
1529.66	0.000009836639295171714
1529.665	0.000010522312651934751
1529.6699999999998	0.00001099295443798039
1529.6750000000002	0.000011126606897877629
1529.68	0.000011017335744136365
1529.685	0.000010813295379517159
1529.69	0.000010526622649520175
1529.695	0.000010401841896057357
1529.7	0.000010496270094401579
1529.7050000000002	0.000010784282696046253
1529.71	0.000010880590707069692
1529.715	0.000010529592922495302
1529.72	0.000009799129615249945
1529.725	0.000009067336446996668
1529.73	0.000008588930706395316
1529.7350000000001	0.000008480845211574302
1529.74	0.000008693951742044114
1529.745	0.000009066657814300784
1529.75	0.000009550275897690277
1529.7549999999999	0.000010168188420755215
1529.76	0.000010789231635382773
1529.765	0.000011313788122635076
1529.77	0.000011620221897808302
1529.775	0.000011869878126198525
1529.78	0.000011981319403921061
1529.7849999999999	0.000011962983990088127
1529.7900000000002	0.000011836873859310754
1529.795	0.000011769527407291158
1529.8	0.000011695930666169342
1529.805	0.000011753329432506841
1529.81	0.00001193136939164262
1529.8149999999998	0.000012031810910187337
1529.8200000000002	0.000012133961399509159
1529.825	0.000012207149995914828
1529.83	0.000011937758966593841
1529.835	0.000011283761135926686
1529.84	0.000010421239802999104
1529.845	0.000009701877049977295
1529.8500000000001	0.000009255020349688264
1529.855	0.000009230974056287925
1529.86	0.000009489046914245384
1529.865	0.000010001042975151015
1529.87	0.000010585778081630062
1529.875	0.000011096225871885249
1529.88	0.000011502424843794634
1529.885	0.000011710965915604313
1529.89	0.00001184786723996785
1529.895	0.000011950661527297961
1529.8999999999999	0.000011991343665929967
1529.9050000000002	0.000011887182064316448
1529.91	0.000011576028401616137
1529.915	0.000011167882151074753
1529.92	0.000010736430409304404
1529.925	0.000010410997145945321
1529.9299999999998	0.000010145965371059447
1529.9350000000002	0.000010023933230616152
1529.94	0.000010070283474904298
1529.945	0.000010246069918155416
1529.95	0.000010507215237416528
1529.955	0.000010777317330122417
1529.9599999999998	0.000011056505690058998
1529.9650000000001	0.000011208985410532661
1529.97	0.000011277194396765286
1529.975	0.000011251904019477344
1529.98	0.00001127184562664259
1529.985	0.000011368024775469452
1529.99	0.00001162337970348323
1529.9950000000001	0.00001185283681808191
1530	0.00001206779416131804
1530.005	0.000011928862067547863
1530.01	0.000011689174846904786
1530.0149999999999	0.000011461104701131536
1530.02	0.000011280601030321519
1530.025	0.000011235044403746242
1530.03	0.000011288233506530517
1530.035	0.000011448929497547987
1530.04	0.000011628671790410614
1530.0449999999998	0.000011790313433564873
1530.0500000000002	0.000011891490429067088
1530.055	0.000012043255921562384
1530.06	0.000012134729686950768
1530.065	0.000012204984018377381
1530.07	0.000012228650316863735
1530.0749999999998	0.00001214067856983943
1530.0800000000002	0.000011913658239900826
1530.085	0.000011608655986935422
1530.09	0.000011375991747207835
1530.095	0.000011136213506089122
1530.1	0.000010979222080871543
1530.105	0.000010829679994899389
1530.1100000000001	0.000010747181827783037
1530.115	0.000010718088186445813
1530.1200000000001	0.000010803292968948786
1530.125	0.0000110790801099463
1530.1299999999999	0.000011389578280841268
1530.135	0.000011838277706264168
1530.14	0.000012271208455518946
1530.145	0.000012436883086728963
1530.15	0.000011944644759227607
1530.155	0.000010953342609789377
1530.1599999999999	0.000009925308418072527
1530.165	0.000009215155283213828
1530.17	0.000008931217825750052
1530.175	0.000008871178483204235
1530.18	0.000009115552185564605
1530.185	0.000009643038830699112
1530.1899999999998	0.000010405633365603348
1530.1950000000002	0.00001114076317697323
1530.2	0.000011594497029802638
1530.205	0.000011739723743960144
1530.21	0.000011770521397965262
1530.215	0.0000118021125672385
1530.22	0.000011790624870324963
1530.2250000000001	0.000011735558631918139
1530.23	0.000011627686287913613
1530.2350000000001	0.000011412647409125604
1530.24	0.000011448949626181092
1530.245	0.000011712112863951651
1530.25	0.000011864997889578324
1530.255	0.00001164124479028384
1530.26	0.000011073096445844835
1530.265	0.000010428341094896035
1530.27	0.000010081466535176018
1530.2749999999999	0.000010300983452879383
1530.28	0.000010866691449184927
1530.285	0.000011401359706798669
1530.29	0.000011597491061909576
1530.295	0.000011249223412009453
1530.3	0.000010447668735229161
1530.3049999999998	0.000009550249571121178
1530.31	0.00000891403490449531
1530.315	0.000008380161800654322
1530.32	0.000008286355296689578
1530.325	0.000008584035424980337
1530.33	0.00000906871214523724
1530.335	0.000009319815942130237
1530.34	0.000008940224595629213
1530.345	0.00000794482670765168
1530.3500000000001	0.000007301341006861208
1530.355	0.000007329046630251754
1530.36	0.000008063930908183069
1530.365	0.00000940369960759598
1530.3700000000001	0.000010626135903121543
1530.375	0.000011229788302905844
1530.38	0.000011433902544698456
1530.385	0.000011483531766562516
1530.3899999999999	0.000011620221898162946
1530.395	0.000011818616674860598
1530.4	0.000011954049112771187
1530.405	0.000012007147340537153
1530.41	0.000011976306697875164
1530.415	0.000011927244486287233
1530.4199999999998	0.000011973508161765719
1530.425	0.00001202698069420395
1530.43	0.000012031624500533201
1530.4350000000002	0.000011975758495733454
1530.44	0.000011842157110787121
1530.445	0.000011786066259995365
1530.45	0.00001172684054834535
1530.455	0.000011620339928696134
1530.46	0.000011485441478014745
1530.4650000000001	0.000011296669582522012
1530.47	0.000011002239685241919
1530.475	0.000010778811817578304
1530.48	0.000010579445259134366
1530.485	0.000010534758285270115
1530.49	0.000010567667227436263
1530.4950000000001	0.000010861684124759348
1530.5	0.000011350795818835682
1530.5049999999999	0.00001198573755526679
1530.51	0.000012341473844945143
1530.515	0.000012196842974334462
1530.52	0.000011552874245443737
1530.525	0.000011218378571930984
1530.53	0.000011595153305704662
1530.5349999999999	0.000012091874125810995
1530.54	0.000012339162904190261
1530.545	0.00001231302637097976
1530.5500000000002	0.000012353990918798793
1530.555	0.000012564020831002285
1530.56	0.00001279862324090179
1530.565	0.000012927249241059505
1530.57	0.000012998429155092973
1530.575	0.000013001943444980356
1530.5800000000002	0.000012908450262477679
1530.585	0.00001276856547592394
1530.59	0.000012552845877423879
1530.595	0.00001222925393669649
1530.6	0.00001191026906582235
1530.605	0.000011574449390972607
1530.6100000000001	0.00001114331515119682
1530.615	0.000010543246142008267
1530.62	0.000009764429720482708
1530.625	0.000008912621064402223
1530.6299999999999	0.000008280854682682014
1530.635	0.000007849402937586084
1530.64	0.000007754490321917654
1530.645	0.000007912279744864868
1530.6499999999999	0.000008290552652113682
1530.655	0.000008843301221817788
1530.66	0.000009512976420858772
1530.6650000000002	0.000010270378944219121
1530.67	0.000010886954249852583
1530.675	0.000011564548835321149
1530.68	0.000012102608236258933
1530.685	0.000012377537269454724
1530.69	0.000012407828077381533
1530.6950000000002	0.000012262388437002145
1530.7	0.000011973141894173766
1530.705	0.000011737774672512295
1530.71	0.000011694879503920662
1530.715	0.000011819996868657622
1530.72	0.0000120515535582797
1530.7250000000001	0.000012188858816205738
1530.73	0.00001221209048907268
1530.735	0.000012024270424501604
1530.74	0.000011776799515108099
1530.745	0.000011632496037601451
1530.75	0.000011712741976835511
1530.755	0.000011880971105176856
1530.76	0.0000121362301316438
1530.7649999999999	0.000012430877994147009
1530.77	0.00001262502980690313
1530.7749999999999	0.000012744907186427855
1530.7800000000002	0.000012704255986821713
1530.785	0.000012511140088710637
1530.79	0.000012294538539250444
1530.795	0.000012132796111180231
1530.8	0.000012097044962793603
1530.8049999999998	0.000012159609468653801
1530.8100000000002	0.000012138986327662604
1530.815	0.000012053689583214303
1530.82	0.000011924261345650878
1530.825	0.000011808411931641913
1530.83	0.000011694879503920662
1530.835	0.000011694879503920662
1530.8400000000001	0.000011896986293623265
1530.845	0.000012151698539376485
1530.85	0.000012429822265703574
1530.855	0.00001268574408244835
1530.86	0.000012611573255594749
1530.865	0.000011986824891842799
1530.8700000000001	0.000011057982019380531
1530.875	0.000010255978861777156
1530.8799999999999	0.000010563164982926696
1530.885	0.00001161081346326225
1530.8899999999999	0.00001280308519572724
1530.8950000000002	0.000013157752138284773
1530.9	0.000013225006283072601
1530.905	0.000013195204702304976
1530.91	0.00001313851463975352
1530.915	0.000013009216849608711
1530.9199999999998	0.000012981836334802207
1530.9250000000002	0.000013007178891475424
1530.93	0.000013183322148791906
1530.935	0.000013295117109221501
1530.94	0.000013198202639056852
1530.945	0.000012938070953906283
1530.9499999999998	0.000012631871201105596
1530.9550000000002	0.000012482584710494829
1530.96	0.000012513394627563671
1530.965	0.000012584895713120491
1530.97	0.000012583888173165373
1530.975	0.000012526033971418935
1530.98	0.000012474763360592212
1530.9850000000001	0.000012454987450848026
1530.99	0.00001243227289641095
1530.9950000000001	0.00001247771680116992
1531	0.000012426529429976058
1531.0049999999999	0.000012388037048595891
1531.01	0.000012333884661940829
1531.015	0.00001230498334326033
1531.02	0.000012383331337534244
1531.025	0.000012576980949434355
1531.03	0.0000127025049205617
1531.0349999999999	0.000012892130123588003
1531.0400000000002	0.000013041864355839904
1531.045	0.000013089083950035291
1531.05	0.000013040957409773356
1531.055	0.00001293193418183235
1531.06	0.000012776666987046099
1531.0649999999998	0.000012599319843667416
1531.0700000000002	0.000012437822793496221
1531.075	0.000012409844202920788
1531.08	0.000012409067257882409
1531.085	0.000012382048426530544
1531.09	0.000012464218645159682
1531.0949999999998	0.00001257282821862945
1531.1000000000001	0.000012703710235013092
1531.105	0.000012700746692136033
1531.1100000000001	0.000012518502504243714
1531.115	0.000012164327041518143
1531.12	0.000011792493198401039
1531.125	0.000011447380529096124
1531.13	0.000011495223376383343
1531.135	0.00001186620111715094
1531.14	0.000012294700486836451
1531.145	0.000012510693639386852
1531.1499999999999	0.000012323226730327713
1531.155	0.000011916450267920773
1531.16	0.000011726158847887312
1531.165	0.000011819661075681242
1531.17	0.000012240549682415726
1531.175	0.000012759246935487934
1531.1799999999998	0.000013287683089520784
1531.1850000000002	0.000013619349271627848
1531.19	0.000013652452186992652
1531.195	0.000013510307812249457
1531.2	0.000013203682000214058
1531.205	0.00001290086862728038
1531.2099999999998	0.00001266181705435524
1531.2150000000001	0.000012531317969288702
1531.22	0.000012530499588227579
1531.2250000000001	0.000012675727698514399
1531.23	0.00001285627672861474
1531.235	0.000013220154661901566
1531.24	0.000013455503598064224
1531.2450000000001	0.000013357188439966301
1531.25	0.000013099798532632002
1531.255	0.00001279392111369495
1531.26	0.000012879048513664077
1531.2649999999999	0.000013234846920768404
1531.27	0.000013255536346893262
1531.275	0.000012589708630842862
1531.28	0.000011151222717875501
1531.285	0.000010021575719510798
1531.29	0.000009300324082539577
1531.2949999999998	0.000009041477048492464
1531.3	0.000009387186994817764
1531.305	0.000010390667651829414
1531.31	0.000011662154442969467
1531.315	0.000012694605102002798
1531.32	0.000013041818110001542
1531.3249999999998	0.000012299571776315226
1531.3300000000002	0.000011174275662842083
1531.335	0.00001064507212530131
1531.3400000000001	0.00001084567655400984
1531.345	0.00001157996301234462
1531.35	0.000012375349768487583
1531.355	0.000012703540745878019
1531.3600000000001	0.000012337098171335941
1531.365	0.000011595023774872585
1531.3700000000001	0.000010793752670255596
1531.375	0.000010446130488527762
1531.3799999999999	0.000010503242565177856
1531.385	0.00001092226261500248
1531.39	0.000011561910726690803
1531.395	0.000012290685561543242
1531.4	0.00001292955184678998
1531.405	0.000013128949206837422
1531.4099999999999	0.000012798618779713737
1531.415	0.000012117399331162473
1531.42	0.00001137475457700084
1531.425	0.000010945776014102701
1531.43	0.000010994524922036004
1531.435	0.000011421771179164679
1531.4399999999998	0.000012026831545451198
1531.445	0.000012516686047926386
1531.45	0.000012857487052762215
1531.4550000000002	0.000013025607897692961
1531.46	0.000013212369853306347
1531.465	0.000013308042977302256
1531.47	0.000013448714742936493
1531.475	0.000013480171911852451
1531.48	0.00001338783893015088
1531.4850000000001	0.000013232072527676288
1531.49	0.000013074779419416551
1531.495	0.00001300506701193053
1531.5	0.00001303860763473989
1531.505	0.000013054047015101906
1531.51	0.000012821658848329143
1531.515	0.00001224512481196558
1531.52	0.00001147350459053923
1531.5249999999999	0.000010742615878077303
1531.53	0.000010256466342158108
1531.535	0.000010142347096931818
1531.54	0.00001039769423084221
1531.545	0.000010760297293209451
1531.55	0.00001131504540122598
1531.555	0.000011933201058108292
1531.56	0.000012583300863805011
1531.565	0.000012997347573935802
1531.5700000000002	0.000013197977275562098
1531.575	0.00001326363634234931
1531.58	0.000013134386434280828
1531.585	0.000013019657779344458
1531.59	0.000012983914213333734
1531.595	0.000013181345058588949
1531.6000000000001	0.000013083118883245565
1531.605	0.0000124238545673893
1531.61	0.000011623373642865626
1531.615	0.000011284699307229056
1531.62	0.000011708040550004066
1531.625	0.000012588197955523213
1531.63	0.000013482320337802241
1531.635	0.000013854389369603601
1531.6399999999999	0.000013682236729630885
1531.645	0.000013318128947021628
1531.65	0.00001302278357792763
1531.655	0.00001296810374468565
1531.66	0.00001310567209021313
1531.665	0.000013407735259164961
1531.67	0.000013675955169775438
1531.675	0.000013786178897134961
1531.68	0.00001377799899696227
1531.6850000000002	0.000013641667282685291
1531.69	0.000013520450256009432
1531.695	0.00001331012560709252
1531.7	0.000013054843791869378
1531.705	0.000012744996647037426
1531.71	0.000012314513401856414
1531.7150000000001	0.00001189744338481836
1531.72	0.000011661144413374412
1531.725	0.000011587631888687597
1531.73	0.000011689111777332296
1531.735	0.000011932224336705632
1531.74	0.000012225242655968773
1531.7450000000001	0.000012537652455489454
1531.75	0.000012536758733364167
1531.7549999999999	0.000012283239637466786
1531.76	0.000011762146673313974
1531.7649999999999	0.000010995707566195829
1531.77	0.000010234665345987217
1531.775	0.000009566065853013851
1531.78	0.00000915480771846824
1531.785	0.000009039707943865952
1531.79	0.000009411104621174407
1531.795	0.000010272232657704708
1531.8000000000002	0.00001139266835045676
1531.805	0.000012455621313334401
1531.81	0.000012999273784839896
1531.815	0.000013152629898212517
1531.82	0.000013265880226948214
1531.825	0.000013339318684302289
1531.8300000000002	0.00001319244178053759
1531.835	0.000012719672376874374
1531.84	0.000012047619725276184
1531.845	0.000011534729448767174
1531.85	0.00001152617823779676
1531.855	0.000012098832216094587
1531.8600000000001	0.00001293285631666628
1531.865	0.000013808429648745378
1531.87	0.000014004962868419255
1531.875	0.000013465130639837324
1531.8799999999999	0.000012721469364469673
1531.885	0.000012212236477801978
1531.89	0.000012062139641854318
1531.895	0.000012285386514204943
1531.9	0.000012795935604865983
1531.905	0.000013390994376748765
1531.9099999999999	0.000013893426503258547
1531.9150000000002	0.000014295772962209055
1531.92	0.000014447534340433785
1531.925	0.00001443631852596739
1531.93	0.00001429717282686737
1531.935	0.000014178584151524602
1531.9399999999998	0.000014194542574171959
1531.9450000000002	0.000014473871000652266
1531.95	0.000014787609236018892
1531.955	0.000014081109876830107
1531.96	0.000011858449257375446
1531.965	0.000010290243363336591
1531.97	0.000010526753202118377
1531.9750000000001	0.00001240984415741653
1531.98	0.000013609019684203906
1531.985	0.00001292018286679608
1531.99	0.000011745577208203777
1531.995	0.000011176511179655787
1532	0.000011462502866604876
1532.005	0.00001224685755127062
1532.01	0.000013275089964058656
1532.015	0.000014214255774323416
1532.02	0.00001445955346494503
1532.0249999999999	0.000014098085870971432
1532.0300000000002	0.000013475280582633413
1532.035	0.000012859932565399184
1532.04	0.000012500390032113718
1532.045	0.000012705512397830308
1532.05	0.00001347159266694203
1532.0549999999998	0.000014236678059597223
1532.0600000000002	0.000014608405761358857
1532.065	0.000014388459004318261
1532.07	0.000013704380871566275
1532.075	0.000012930669052591359
1532.08	0.000012375952553032057
1532.0849999999998	0.000012184152880026022
1532.0900000000001	0.000012163922856399542
1532.095	0.000012253824977697978
1532.1	0.000012432036621168726
1532.105	0.000012657664056017554
1532.11	0.000012807395499637702
1532.115	0.000012915267843642225
1532.1200000000001	0.000012824329427056248
1532.125	0.000012489010490516396
1532.13	0.000011784242831430124
1532.135	0.000010939767573712735
1532.1399999999999	0.000009945565985299264
1532.145	0.000009416917954486706
1532.15	0.000009700007174549585
1532.155	0.00001083690384068086
1532.16	0.000012463062890301767
1532.165	0.00001350184765688817
1532.1699999999998	0.000013244129879505685
1532.1750000000002	0.000012636628235636038
1532.18	0.000012298044983912454
1532.185	0.000012486604695301309
1532.19	0.000013289896938365434
1532.195	0.000014005490796581699
1532.1999999999998	0.000014475865537250228
1532.2050000000002	0.000014485640591483788
1532.21	0.000014350062320685933
1532.215	0.000014304532669484634
1532.22	0.000014444837289289655
1532.225	0.000014719296740222217
1532.23	0.000014927113296961795
1532.2350000000001	0.000014954089805745432
1532.24	0.000014836793765355641
1532.2450000000001	0.00001465224354843182
1532.25	0.000014513079402503257
1532.2549999999999	0.000014427015062396462
1532.26	0.000014413080961010986
1532.265	0.000014429339419024857
1532.27	0.000014461505236677505
1532.275	0.000014509097564142452
1532.28	0.000014547070295838498
1532.2849999999999	0.000014597462127900677
1532.29	0.00001466798372794632
1532.295	0.000014802472180474484
1532.3	0.000014916968400704249
1532.305	0.00001506580566219458
1532.31	0.00001518038334324954
1532.3149999999998	0.000015069339894666157
1532.3200000000002	0.000014393905701473656
1532.325	0.00001335421501575396
1532.33	0.000012487149496839611
1532.335	0.000012171203807002846
1532.34	0.000012723651386578941
1532.345	0.000013458971946680395
1532.3500000000001	0.00001367382535258422
1532.355	0.000013075670741158525
1532.3600000000001	0.000012342821727317079
1532.365	0.00001207147202563176
1532.37	0.000012302596582666226
1532.375	0.00001309028680901938
1532.38	0.000013927019841118197
1532.385	0.000014431449373797679
1532.39	0.000014423403635770043
1532.395	0.000013982497827366533
1532.3999999999999	0.000013462649076895134
1532.405	0.000013432866157061276
1532.41	0.000013793456078704347
1532.415	0.00001402188613081592
1532.42	0.000013905142317584366
1532.425	0.000013424148719416135
1532.4299999999998	0.000012755009622134485
1532.435	0.00001223110303966432
1532.44	0.000012125071363432638
1532.445	0.000012308150145099233
1532.45	0.000012737752783951831
1532.455	0.00001333681267650183
1532.46	0.000013940666696074099
1532.465	0.000014376030051897512
1532.47	0.000014648933105994708
1532.4750000000001	0.000014696811505651767
1532.48	0.000014680256718232447
1532.485	0.000014585197319120121
1532.49	0.000014444488040926138
1532.4950000000001	0.00001424884012374311
1532.5	0.000014102690156187603
1532.505	0.000014092600650702846
1532.51	0.000014384756305645296
1532.5149999999999	0.000014918657780345637
1532.52	0.00001526434823022893
1532.525	0.000015330445401339523
1532.53	0.000015298054980837505
1532.535	0.000015287630958482637
1532.54	0.000015320517994271122
1532.5449999999998	0.000015258443088162845
1532.55	0.000014967993012712806
1532.555	0.000014552086017964499
1532.56	0.000014138172943117595
1532.565	0.00001397867610622426
1532.57	0.000014244840152049306
1532.575	0.000014773737337015279
1532.58	0.000015214449096962594
1532.585	0.00001540999913340051
1532.5900000000001	0.000015394878573715697
1532.595	0.000015404995994924783
1532.6	0.00001557361974468786
1532.605	0.00001581424405670723
1532.61	0.000015920998948061437
1532.615	0.000015872610014714082
1532.6200000000001	0.000015757474884863958
1532.625	0.00001552877260400502
1532.6299999999999	0.00001526464699369183
1532.635	0.00001508021811997922
1532.64	0.000014943892337484344
1532.645	0.000014772429818928015
1532.65	0.000014598091818951164
1532.655	0.000014307790654040956
1532.6599999999999	0.00001382818446875373
1532.665	0.000013229022989001805
1532.67	0.000012749456810626768
1532.6750000000002	0.000012918741784680774
1532.68	0.000013989295821546408
1532.685	0.000015298254231837874
1532.69	0.00001557079744760249
1532.695	0.000014912264323319257
1532.7	0.000014283087039125758
1532.7050000000002	0.000013777248105866849
1532.71	0.000013401698889565486
1532.715	0.000013282773503384454
1532.72	0.00001350306280132348
1532.725	0.000013946129524123555
1532.73	0.000014429057835571183
1532.7350000000001	0.000014959228503005004
1532.74	0.000015341875973905138
1532.745	0.000015697863515543767
1532.75	0.0000159141014686306
1532.7549999999999	0.00001598906378424058
1532.76	0.000015991366746793856
1532.765	0.00001580397563198621
1532.77	0.000015635884487096478
1532.7749999999999	0.000015306119678457542
1532.78	0.000014752606626688212
1532.785	0.000014004982518254098
1532.7900000000002	0.000013161180071076046
1532.795	0.000012570421641319546
1532.8	0.000012422958149133696
1532.805	0.000012672208813060411
1532.81	0.000013314292280933842
1532.815	0.000014207635273031204
1532.8200000000002	0.000015148463438215458
1532.825	0.000015918111201125476
1532.83	0.000016145597323181147
1532.835	0.000016065808659366133
1532.84	0.000015794069001801887
1532.845	0.000015595506427144678
1532.8500000000001	0.000015718075716204263
1532.855	0.00001596909987107084
1532.86	0.000015951544786313914
1532.865	0.000014981212700964158
1532.87	0.000013510401425567547
1532.875	0.00001258007667730845
1532.88	0.000012583483193078307
1532.885	0.000013352511712482058
1532.8899999999999	0.000013844464701837073
1532.895	0.000013435017857619083
1532.8999999999999	0.0000126502472055229
1532.9050000000002	0.000012022574091627814
1532.91	0.000011834713990052696
1532.915	0.000012114237143828855
1532.92	0.000012720934469727439
1532.925	0.000013455504796596638
1532.9299999999998	0.000014177352831331036
1532.9350000000002	0.000014849711208032687
1532.94	0.000015272505635384727
1532.945	0.00001552687031996066
1532.95	0.00001560410686193174
1532.955	0.000015812994755220135
1532.96	0.000015988672671415138
1532.9650000000001	0.000016183454276096043
1532.97	0.0000162885989969096
1532.975	0.000016218507276011154
1532.98	0.000016028190768913873
1532.985	0.000015734495458306688
1532.99	0.000015296563886054384
1532.9950000000001	0.000014874330441838472
1533	0.000014600948519201995
1533.0049999999999	0.00001439792300544666
1533.01	0.000014249661798046376
1533.0149999999999	0.000014178954121284964
1533.0200000000002	0.000014039995953359312
1533.025	0.000013818722209316753
1533.03	0.000013609479979140454
1533.035	0.000013785124729308583
1533.04	0.000014384977667381725
1533.0449999999998	0.00001463427294646007
1533.0500000000002	0.000014145603354571016
1533.055	0.000013547596454504288
1533.06	0.000013427635966483665
1533.065	0.000013577050407480287
1533.07	0.000013789684195881437
1533.0749999999998	0.000013810233216489374
1533.0800000000002	0.000013663986468447677
1533.085	0.000013410821344854719
1533.09	0.000013213260553100986
1533.095	0.000013171863668272989
1533.1	0.000013248736215465826
1533.105	0.00001343465312484162
1533.1100000000001	0.000013744475523432685
1533.115	0.000014161545540470739
1533.12	0.000014548820511791918
1533.125	0.000014723225797670522
1533.1299999999999	0.000014600225866961858
1533.135	0.000014267576487394984
1533.14	0.000013917658415297924
1533.145	0.000013758766966850826
1533.15	0.00001386304356605735
1533.155	0.000014111490836132353
1533.1599999999999	0.000014278319331588403
1533.1650000000002	0.00001432598510363202
1533.17	0.000014253638953530897
1533.175	0.000014073666538338038
1533.18	0.00001390981197286778
1533.185	0.000013920696554131928
1533.1899999999998	0.000014060050130266843
1533.1950000000002	0.000014343996630924635
1533.2	0.000014671495156977351
1533.205	0.000014888675065044609
1533.21	0.000014861096067428672
1533.215	0.000014558753991392437
1533.2199999999998	0.00001431022974724877
1533.2250000000001	0.00001433737430913707
1533.23	0.000014640829113919246
1533.235	0.000014623026486641218
1533.24	0.000013817358942425721
1533.245	0.000012667993513250845
1533.25	0.000011978198797970916
1533.255	0.000012127206888673977
1533.26	0.00001296470355048338
1533.265	0.000014302351033659383
1533.27	0.000015595784614888478
1533.2749999999999	0.00001632847011598448
1533.28	0.000016562210264405464
1533.285	0.000016553206176967188
1533.29	0.000016474563802918362
1533.295	0.000016361501815449896
1533.3	0.00001620448550967117
1533.3049999999998	0.000015972817024920455
1533.3100000000002	0.000015775144373542127
1533.315	0.000015655084732684985
1533.32	0.000015420311131459184
1533.325	0.000014995685600450542
1533.33	0.000014390601871059393
1533.3349999999998	0.000013907593497787226
1533.3400000000001	0.000013559775353442812
1533.345	0.000013412468197469136
1533.3500000000001	0.000013435571199740003
1533.355	0.000013779304228099277
1533.36	0.00001432920455498795
1533.365	0.000015061565510597364
1533.3700000000001	0.00001557888153726269
1533.375	0.000016096557372979733
1533.38	0.000016025067180657826
1533.385	0.00001559808804082534
1533.3899999999999	0.000015326448398976324
1533.395	0.000015561360369641587
1533.4	0.000016139989005765934
1533.405	0.000016267903497641755
1533.41	0.000016260377855133203
1533.415	0.000016641503453091437
1533.4199999999998	0.00001717226949888335
1533.425	0.00001754538788869101
1533.43	0.000017612764190644934
1533.435	0.00001744248988900224
1533.44	0.00001722445242389376
1533.445	0.00001693718202595154
1533.4499999999998	0.000016452604457729385
1533.4550000000002	0.000015881635995123034
1533.46	0.00001536559912860498
1533.4650000000001	0.00001501504327533959
1533.47	0.000014899540008431482
1533.475	0.000015081315124724685
1533.48	0.00001559634193461603
1533.4850000000001	0.000016308011487070562
1533.49	0.000016960117936079983
1533.4950000000001	0.000017333943100367883
1533.5	0.000017351201682635782
1533.5049999999999	0.000017070753665236835
1533.51	0.000016650929858456372
1533.515	0.00001630253481005852
1533.52	0.000015997765909089012
1533.525	0.0000157508297162897
1533.53	0.00001557701461341977
1533.5349999999999	0.000015487947857285454
1533.54	0.000015494108583120693
1533.545	0.000015603822243086538
1533.55	0.00001581955438634898
1533.555	0.000016121315940110357
1533.56	0.000016509281022592723
1533.5649999999998	0.000016880563768288957
1533.57	0.000017035547125947252
1533.575	0.000017120924576388505
1533.5800000000002	0.00001687033596386189
1533.585	0.000016465355626329894
1533.59	0.00001610010937101991
1533.595	0.00001593111664988101
1533.6	0.00001605901439590152
1533.605	0.00001643715075920862
1533.6100000000001	0.000016924254838125184
1533.615	0.000017287782967753348
1533.62	0.000017316380401549726
1533.625	0.000017114392546316296
1533.63	0.000016864153446477584
1533.635	0.000016789083019830266
1533.64	0.000016983555389733105
1533.645	0.000017349142570948543
1533.6499999999999	0.000017590271236517014
1533.655	0.00001733818558345054
1533.66	0.00001654760371249769
1533.665	0.00001559465271144352
1533.67	0.000014827104801841634
1533.675	0.00001441248334823093
1533.6799999999998	0.000014353602866718992
1533.685	0.000014497998665521583
1533.69	0.00001475139287439698
1533.6950000000002	0.000015055261117842998
1533.7	0.000015321692044249405
1533.705	0.00001557530446763866
1533.71	0.000015884491450296886
1533.715	0.00001618027657096347
1533.72	0.00001648271950620581
1533.7250000000001	0.000016656095974181328
1533.73	0.000016740990325349696
1533.735	0.00001667633590473877
1533.74	0.000016419683405681543
1533.745	0.000016113721553525835
1533.75	0.00001618780353846955
1533.755	0.00001648124330621712
1533.76	0.00001661996066222954
1533.7649999999999	0.00001643663265805767
1533.77	0.000016136214259847744
1533.775	0.00001608265269723905
1533.78	0.000016295305608014442
1533.785	0.00001650527730797085
1533.79	0.000016723167387942912
1533.795	0.00001678908593442672
1533.8	0.00001659800584568491
1533.805	0.00001619737656575367
1533.8100000000002	0.000015428744730272177
1533.815	0.000014516869223038302
1533.82	0.000013687412602140967
1533.825	0.000013180205424795088
1533.83	0.000013102777051202342
1533.835	0.000013448348892859972
1533.8400000000001	0.000014073959981715054
1533.845	0.000014968573401729208
1533.85	0.000015727522513016883
1533.855	0.000016324344310329476
1533.86	0.000016750602325078354
1533.865	0.00001692006051326077
1533.8700000000001	0.000016978661791553526
1533.875	0.00001694702497630529
1533.8799999999999	0.000016932084690779424
1533.885	0.000016882854610410043
1533.8899999999999	0.000016759292827942433
1533.895	0.000016610341848985102
1533.9	0.00001648915399152279
1533.905	0.00001634313020921326
1533.91	0.000016201346705823366
1533.915	0.000016081186161259054
1533.92	0.000016041508904079346
1533.9250000000002	0.000016142025410616576
1533.93	0.000016392687412663323
1533.935	0.000016752523308076002
1533.94	0.000016993360723595882
1533.945	0.00001679419144513183
1533.95	0.000016360097421335124
1533.9550000000002	0.000016131885023772894
1533.96	0.00001624635213455175
1533.965	0.000016459859813419576
1533.97	0.000016328447000314415
1533.975	0.000015985450602307966
1533.98	0.000015738865954610513
1533.9850000000001	0.000015848883769823905
1533.99	0.000016222009993885678
1533.995	0.000016607937971967717
1534	0.00001673616027398944
1534.0049999999999	0.00001650171628636463
1534.01	0.000016149733997486313
1534.015	0.000016031954555164963
1534.02	0.000016209196186323307
1534.025	0.000016474422558432233
1534.03	0.000016571554682297263
1534.0349999999999	0.000016326375778947204
1534.0400000000002	0.00001605589191377181
1534.045	0.000015916267654580982
1534.05	0.000015966856152332117
1534.055	0.00001629787179429703
1534.06	0.000016644097428487094
1534.0649999999998	0.000017005555684150784
1534.0700000000002	0.000017231307634353343
1534.075	0.000017289567040279535
1534.08	0.000017207419933792932
1534.085	0.00001698531433806149
1534.09	0.00001688454544345805
1534.095	0.000016985705577745086
1534.1000000000001	0.000017364039690225053
1534.105	0.000017557686075029008
1534.11	0.000017257611926559064
1534.115	0.00001716444967168915
1534.12	0.000017175738912869955
1534.125	0.000015651538971140985
1534.13	0.00001301891614398529
1534.135	0.000011932716294553699
1534.14	0.000012494413737380298
1534.145	0.000014113414470005714
1534.1499999999999	0.000016225354111087852
1534.1550000000002	0.000017071378145602636
1534.16	0.000016578281480201313
1534.165	0.000015839947951374913
1534.17	0.000015713044555430763
1534.175	0.000016203468546268123
1534.1799999999998	0.00001703187345716556
1534.1850000000002	0.000017740669258902542
1534.19	0.000017770969306119074
1534.195	0.00001731458761625113
1534.2	0.000016923899618285902
1534.205	0.000016850285658514515
1534.2099999999998	0.000017065385158080363
1534.2150000000001	0.00001737956034257293
1534.22	0.000017618580414160998
1534.225	0.000017739755938763877
1534.23	0.000017714972880643048
1534.235	0.00001758304678539856
1534.24	0.00001728634106003324
1534.2450000000001	0.000016805233549065618
1534.25	0.00001622863737898522
1534.255	0.000015371460049550076
1534.26	0.000014666493389198499
1534.2649999999999	0.000014048336006290137
1534.27	0.000013544871774631548
1534.275	0.000013232787609773228
1534.28	0.000013168346965305484
1534.285	0.000013403966640429068
1534.29	0.000013979754027308519
1534.2949999999998	0.00001477841508871543
1534.3000000000002	0.00001581237818898623
1534.305	0.000016813500752358737
1534.31	0.000017626402473709925
1534.315	0.00001796522216070023
1534.32	0.000017953303182914073
1534.3249999999998	0.000017550535928718043
1534.3300000000002	0.000016994461936430923
1534.335	0.000016612125918249873
1534.34	0.00001657002818732886
1534.345	0.000016847706855177702
1534.35	0.00001733722939831311
1534.3549999999998	0.000017726114973880317
1534.3600000000001	0.000017875642906077612
1534.365	0.00001776771051889195
1534.3700000000001	0.000017647056666652045
1534.375	0.00001762156844771231
1534.3799999999999	0.000017666883646190172
1534.385	0.000017827787405181358
1534.39	0.000018003213441260502
1534.395	0.000018053780367708687
1534.4	0.00001785161052563468
1534.405	0.00001738821286958248
1534.4099999999999	0.000016746382598351704
1534.415	0.00001621136650849272
1534.42	0.000015651300686160385
1534.425	0.000015241083510445465
1534.43	0.000014966577656381298
1534.435	0.000014868323888676803
1534.4399999999998	0.000014932128960194478
1534.4450000000002	0.000015264990108140845
1534.45	0.000015787193706506798
1534.455	0.000016638148107603664
1534.46	0.000017405745872713843
1534.465	0.000017807920812629167
1534.47	0.00001770277895246861
1534.4750000000001	0.000017537699452261706
1534.48	0.000017543294941003388
1534.4850000000001	0.000017659236615374858
1534.49	0.000017755551513144332
1534.495	0.000017593430880022738
1534.5	0.000017110141665111642
1534.505	0.000016407976176228356
1534.51	0.00001578013846710307
1534.515	0.00001538753454154335
1534.52	0.00001529656340660379
1534.5249999999999	0.00001553054487056099
1534.53	0.00001612058159343455
1534.535	0.000016924926581052417
1534.54	0.00001758873984732384
1534.545	0.000018131390862988066
1534.55	0.000018494356711253966
1534.5549999999998	0.000018625035802441295
1534.56	0.000018497360070022507
1534.565	0.000018142346367139858
1534.57	0.000017591124519776853
1534.575	0.000016926512758433607
1534.58	0.000016260639621715307
1534.585	0.000015727288457776332
1534.5900000000001	0.00001555867636741935
1534.595	0.00001575005936496208
1534.6000000000001	0.000016219938656990712
1534.605	0.000016862566476322453
1534.61	0.000017557686058667184
1534.615	0.00001821023551560605
1534.6200000000001	0.0000186515317077964
1534.625	0.000018852587174220173
1534.63	0.00001880889613418492
1534.635	0.00001862816646810964
1534.6399999999999	0.000018483804222716917
1534.645	0.00001849220279560832
1534.65	0.000018569913187490562
1534.655	0.00001829014599055222
1534.66	0.000017041823098586317
1534.665	0.000015113244412768786
1534.6699999999998	0.000013144876380255365
1534.675	0.000012316905976095077
1534.68	0.000012474353458074964
1534.685	0.000013523499069734927
1534.69	0.000015270535249727334
1534.695	0.00001718455308977256
1534.7	0.000018429956953367174
1534.705	0.0000189110287386831
1534.71	0.00001883005239316177
1534.7150000000001	0.00001877314934972675
1534.72	0.000018760767909116188
1534.725	0.00001867185347133909
1534.73	0.00001840328388991947
1534.735	0.000017968449566220874
1534.74	0.00001752468682397499
1534.7450000000001	0.00001724694560488933
1534.75	0.000017227008353255685
1534.7549999999999	0.00001738669695014501
1534.76	0.00001759068533865626
1534.765	0.000017763410893578608
1534.77	0.000017799674358170552
1534.775	0.00001765160699761564
1534.78	0.000017438278892038927
1534.7849999999999	0.000017124314608428997
1534.79	0.000016869156393211933
1534.795	0.000016759151760104744
1534.8	0.000016865052378217356
1534.805	0.000017206734687433412
1534.81	0.00001768280343127713
1534.815	0.00001798937790548893
1534.82	0.000017750509989507016
1534.825	0.000016926119641214586
1534.8300000000002	0.000016284245239070613
1534.835	0.00001599053605130783
1534.84	0.000016118589613024376
1534.845	0.00001648521718793447
1534.85	0.00001712541191044523
1534.855	0.00001776770021328887
1534.8600000000001	0.000018023692971800836
1534.865	0.000017856220419120357
1534.87	0.000017375243214050515
1534.875	0.000016859348705504524
1534.8799999999999	0.000016628211603715514
1534.885	0.000016896330627249017
1534.89	0.000017336739564226003
1534.895	0.000017703947855125382
1534.8999999999999	0.000017884984892578826
1534.905	0.00001791136393440945
1534.91	0.00001799927181574522
1534.9150000000002	0.00001837638540556428
1534.92	0.00001868757310646647
1534.925	0.000018724203392468424
1534.93	0.000018435259056472954
1534.935	0.000017934777849579132
1534.94	0.000017531161704064383
1534.9450000000002	0.00001740431358771264
1534.95	0.000017572675949148482
1534.955	0.000017953260557485455
1534.96	0.000018396624635448347
1534.965	0.00001874258468457974
1534.97	0.000018841416199236433
1534.9750000000001	0.000018712485761817882
1534.98	0.000018388840557653233
1534.985	0.000017965351558188785
1534.99	0.000017680050057252112
1534.995	0.000017705144264740854
1535	0.000018075273224368032
1535.005	0.00001874551524112832
1535.01	0.000019362999314206954
1535.0149999999999	0.00001949299092947796
1535.02	0.000019057505696800696
1535.0249999999999	0.000018298654412450495
1535.0300000000002	0.00001758945810388945
1535.035	0.00001725939879620447
1535.04	0.00001734829232496695
1535.045	0.000017631365090941556
1535.05	0.000017861917321518168
1535.055	0.000018067977797590554
1535.0600000000002	0.00001828632358051328
1535.065	0.00001845315073289447
1535.07	0.000018563465205290477
1535.075	0.00001859611326714827
1535.08	0.00001860830525598782
1535.085	0.000018542094041698477
1535.0900000000001	0.00001854076981544494
1535.095	0.000018556292040895783
1535.1	0.000018239613273246313
1535.105	0.00001750543241411446
1535.11	0.00001651286710762393
1535.115	0.000015477372012673082
1535.1200000000001	0.000014772851152514504
1535.125	0.000014425692460563926
1535.1299999999999	0.000014408210826865746
1535.135	0.00001470427376624157
1535.1399999999999	0.000015240445480467292
1535.1450000000002	0.000015971970085194293
1535.15	0.00001678543700516253
1535.155	0.000017271692429381896
1535.16	0.000017301941777466497
1535.165	0.000016552740139518145
1535.1699999999998	0.000015294781802549456
1535.1750000000002	0.000014413889474570784
1535.18	0.000014215165380421982
1535.185	0.000014581595210295688
1535.19	0.000015071770069518128
1535.195	0.000015753745191853834
1535.1999999999998	0.000016498504763810163
1535.2050000000002	0.00001672822845498711
1535.21	0.000016753328964114182
1535.215	0.000016990349968128033
1535.22	0.000017698527638231964
1535.225	0.000018120240887042107
1535.23	0.000017749908729840246
1535.2350000000001	0.000016594343209967056
1535.24	0.000015062928644188471
1535.245	0.000013821628859869935
1535.25	0.000013339313822862464
1535.2549999999999	0.00001369680587363683
1535.26	0.000014823201367831181
1535.265	0.00001636367518992349
1535.27	0.000017920623378894035
1535.275	0.000019133603177760653
1535.28	0.000019822879861419645
1535.2849999999999	0.000020171287241949045
1535.2900000000002	0.00002017092774667337
1535.295	0.000019986218353207383
1535.3	0.000019622766814866127
1535.305	0.000019128840375199815
1535.31	0.000018599170544438993
1535.3149999999998	0.00001818210052741565
1535.3200000000002	0.000017928725300662956
1535.325	0.000017866874195851167
1535.33	0.000017912397540140086
1535.335	0.000017966597703588355
1535.34	0.000017917269901497448
1535.3449999999998	0.000017638116952774118
1535.3500000000001	0.000017191257649446674
1535.355	0.00001684606105016226
1535.36	0.000016791520461908182
1535.365	0.000017323134379228583
1535.37	0.000018540771160357714
1535.375	0.000019627048433270344
1535.38	0.000020301406037682725
1535.385	0.000020206668877846444
1535.39	0.00001986348798795827
1535.395	0.000019659209234802498
1535.3999999999999	0.000019562423263861358
1535.405	0.00001948383171330687
1535.41	0.000019256101747062832
1535.415	0.000018630830525793713
1535.42	0.000017608208685391438
1535.425	0.000016424849441626556
1535.4299999999998	0.000015366004242711066
1535.4350000000002	0.000014727561702430038
1535.44	0.000014716309276826754
1535.445	0.00001532867541274096
1535.45	0.00001635016973541875
1535.455	0.00001744198377935114
1535.4599999999998	0.000018124468603545762
1535.4650000000001	0.000018180688228803502
1535.47	0.000017896643850315313
1535.475	0.00001740638385581945
1535.48	0.000016943658326809696
1535.485	0.000016656810878374278
1535.49	0.000016593125309927062
1535.4950000000001	0.000016727981108232228
1535.5	0.000017052820724891245
1535.505	0.00001766026250955188
1535.51	0.000018345679384370093
1535.5149999999999	0.000019016540643505844
1535.52	0.00001936394101846751
1535.525	0.00001909487765738308
1535.53	0.000018111785210949944
1535.535	0.000017140436960343693
1535.54	0.000017010723224013735
1535.5449999999998	0.000017804345581610065
1535.55	0.00001884195695751017
1535.555	0.000019303418712679795
1535.56	0.00001929916055438038
1535.565	0.00001910203457202561
1535.57	0.00001901312552220194
1535.5749999999998	0.000019222026496620253
1535.5800000000002	0.000019798729325305836
1535.585	0.000020440791926227002
1535.5900000000001	0.000020876865227689955
1535.595	0.00002083142132292936
1535.6	0.00002019138053443852
1535.605	0.000019393198705881958
1535.6100000000001	0.000018822663566182315
1535.615	0.000018616884309014662
1535.6200000000001	0.00001878603278786352
1535.625	0.00001931348007587814
1535.6299999999999	0.00001991422016026481
1535.635	0.00002028045222695133
1535.64	0.00002050901081227785
1535.645	0.000020680429274737205
1535.65	0.000020801159594499264
1535.655	0.000021006270032423642
1535.6599999999999	0.000021066458429249874
1535.665	0.000021039220480823102
1535.67	0.00002095126339436757
1535.675	0.00002082585775893718
1535.68	0.000020754934495908375
1535.685	0.000020811446148655408
1535.6899999999998	0.000020875742814752897
1535.695	0.00002095288379188327
1535.7	0.00002105197671904844
1535.7050000000002	0.000021110892858698935
1535.71	0.000021051350067850547
1535.715	0.00002077388475188665
1535.72	0.0000201735662222068
1535.725	0.00001901641128037384
1535.73	0.000017135405933631396
1535.7350000000001	0.00001525829958135361
1535.74	0.000013651696364119939
1535.745	0.000013032963311744248
1535.75	0.000013242461121385534
1535.755	0.000014415526851113726
1535.76	0.00001640828147721901
1535.765	0.000018589189445927852
1535.77	0.00002004032454628519
1535.7749999999999	0.000020208095683616507
1535.78	0.000019635133258806714
1535.785	0.000018975838331130942
1535.79	0.00001867866376530935
1535.795	0.000018714015950004024
1535.8	0.0000191265067778161
1535.8049999999998	0.000019546468036371885
1535.81	0.00002005184655416111
1535.815	0.000020533081189199784
1535.8200000000002	0.000020813429190177086
1535.825	0.000021015110951723257
1535.83	0.000021133849385929022
1535.835	0.000021219386583572755
1535.84	0.000021257685148157162
1535.845	0.000021243118682072314
1535.8500000000001	0.000021132562938326535
1535.855	0.00002087968137290343
1535.86	0.000020586236382978054
1535.865	0.000020199358544328624
1535.87	0.000019788248332217394
1535.875	0.00001945486868150853
1535.88	0.000019503019247339494
1535.885	0.000020140803137240937
1535.8899999999999	0.00002090387799047122
1535.895	0.000020812929844799248
1535.9	0.000020180895036168275
1535.905	0.00001957079077305511
1535.91	0.000018759526712435034
1535.915	0.00001741468341589879
1535.9199999999998	0.000015987649193974373
1535.925	0.00001562829986408414
1535.93	0.000016370211879741756
1535.9350000000002	0.000017661612579411763
1535.94	0.000018971781303341826
1535.945	0.000019684140699634855
1535.95	0.000019893752207738575
1535.955	0.000019906724529989358
1535.96	0.00002006470950258581
1535.9650000000001	0.00002043950346761661
1535.97	0.00002079778017127374
1535.975	0.00002082467038600321
1535.98	0.00002051803163874298
1535.985	0.000020071056500553346
1535.99	0.000019955732572371066
1535.9950000000001	0.000020235322917327513
1536	0.000020645558104151445
1536.0049999999999	0.000020873531050295472
1536.01	0.00002067895955447339
1536.0149999999999	0.0000200782636505452
1536.02	0.00001955216747346135
1536.025	0.000019080522313175557
1536.03	0.00001887012927623205
1536.035	0.000019034222381483726
1536.04	0.000019557068278266836
1536.045	0.000020195442609409436
1536.0500000000002	0.000020766956977732573
1536.055	0.00002114003607737847
1536.06	0.00002119723834542008
1536.065	0.0000210104846517061
1536.07	0.000020614207063652767
1536.075	0.00001995284888743477
1536.0800000000002	0.00001900705876493243
1536.085	0.00001783321171843293
1536.09	0.00001710826265378023
1536.095	0.000017401488566333157
1536.1	0.00001857493313897779
1536.105	0.000019818606272266683
1536.1100000000001	0.000020137300373020206
1536.115	0.000019270969165493942
1536.12	0.000018313775976063342
1536.125	0.000018017943855097006
1536.1299999999999	0.000018459655463008086
1536.135	0.00001947471981363312
1536.14	0.000020578459916842913
1536.145	0.000021163932636326
1536.15	0.000021121438319837938
1536.155	0.000020769575866115454
1536.1599999999999	0.000020537647050797023
1536.1650000000002	0.000020623141600177502
1536.17	0.00002093527043105724
1536.175	0.00002119374906644707
1536.18	0.000021200014265723548
1536.185	0.00002098681916756549
1536.1899999999998	0.000020652708312172588
1536.1950000000002	0.000020393306054527383
1536.2	0.00002030718742982427
1536.205	0.00002031534909729534
1536.21	0.00002044947833610617
1536.215	0.000020534648984525568
1536.22	0.00002058356352103062
1536.2250000000001	0.000020409311696203686
1536.23	0.00001992291583846257
1536.235	0.0000192012307049168
1536.24	0.000018478211144831598
1536.245	0.000018501780370440313
1536.25	0.0000196510903066597
1536.255	0.000021263999772772026
1536.26	0.000021968459752439268
1536.265	0.000021975715330876617
1536.27	0.000022191623419408722
1536.2749999999999	0.00002265473381537387
1536.2800000000002	0.000022936866615982364
1536.285	0.00002288627811823119
1536.29	0.000022757154919683302
1536.295	0.00002256967127972922
1536.3	0.000022307308335437496
1536.3049999999998	0.000022115038084748596
1536.3100000000002	0.0000220524834098516
1536.315	0.000022142626322300026
1536.32	0.000022340013444259736
1536.325	0.000022467089401707744
1536.33	0.000022315613829888305
1536.3349999999998	0.000021936607025092414
1536.3400000000001	0.0000214126991932898
1536.345	0.000020934097735157935
1536.35	0.000020668438885903666
1536.355	0.00002066485224286196
1536.36	0.000020828694681736154
1536.365	0.000021086214249609442
1536.3700000000001	0.00002140583374635434
1536.375	0.00002165926270418707
1536.38	0.00002183502510438703
1536.385	0.000021926003807739222
1536.3899999999999	0.000021879711859764598
1536.395	0.000021820133893500844
1536.4	0.000021688266709932002
1536.405	0.00002150662476852408
1536.41	0.00002132203451705062
1536.415	0.000021178394147129278
1536.4199999999998	0.00002115652766105357
1536.4250000000002	0.000021313297710163668
1536.43	0.000021563883375769185
1536.435	0.000021853500372106063
1536.44	0.000021983883584491644
1536.445	0.00002193947356574719
1536.4499999999998	0.00002168418284761011
1536.4550000000002	0.00002122726515882762
1536.46	0.000020840618172832845
1536.465	0.000020551648058588764
1536.47	0.000020301403621162623
1536.475	0.000019948134974184017
1536.4799999999998	0.000019414310528139766
1536.4850000000001	0.000018788040023068884
1536.49	0.000018170705737416898
1536.4950000000001	0.000017666612666571383
1536.5	0.000017376190117619392
1536.5049999999999	0.000017313849514050063
1536.51	0.000017469343353505653
1536.515	0.000017682461592726903
1536.52	0.000018272665309230617
1536.525	0.000019014620785611428
1536.53	0.000020041895384151127
1536.5349999999999	0.000020775756718054656
1536.54	0.000021008767088233715
1536.545	0.000020731230915530406
1536.55	0.0000200688634397883
1536.555	0.000019345455332325316
1536.56	0.00001885838552524395
1536.5649999999998	0.00001863785591805622
1536.5700000000002	0.00001868166858480519
1536.575	0.00001909382902808321
1536.58	0.000019826486997094808
1536.585	0.000020755897100617544
1536.59	0.00002168579465456169
1536.5949999999998	0.000022076758529574963
1536.6000000000001	0.000021823711013323045
1536.605	0.000021116924496992228
1536.6100000000001	0.000020411276446268653
1536.615	0.00001939664118622327
1536.62	0.000018069545328602844
1536.625	0.000017672594244105667
1536.63	0.00001838071457957608
1536.635	0.000019710507192386657
1536.64	0.00002110506014716605
1536.645	0.00002208327677429077
1536.6499999999999	0.000022779366553709474
1536.655	0.00002314022935099303
1536.66	0.000023207235598085108
1536.665	0.000022960693537752744
1536.67	0.000022638642595540393
1536.675	0.000022302418587567644
1536.6799999999998	0.000021963421686520466
1536.685	0.000021548147456348843
1536.69	0.000021031376988731545
1536.695	0.000020474787757687008
1536.7	0.000020057717740648922
1536.705	0.000020024352124892158
1536.71	0.000020244799563461885
1536.7150000000001	0.00002062314159323008
1536.72	0.00002101592701788695
1536.7250000000001	0.00002125291794175839
1536.73	0.00002122312289532853
1536.735	0.000020996890741222897
1536.74	0.00002054564015414313
1536.7450000000001	0.00002003343802403287
1536.75	0.000019574855881091327
1536.755	0.000019227479197440908
1536.76	0.000019097477678399233
1536.7649999999999	0.000019192194920553373
1536.77	0.000019429773489843813
1536.775	0.000019734387417376677
1536.78	0.000020026633979136527
1536.785	0.000020014253414770375
1536.79	0.00001947024431754349
1536.7949999999998	0.00001882846673789661
1536.8	0.00001853056268263375
1536.805	0.000018900815354210843
1536.81	0.000019917104467434258
1536.815	0.000020973322169299817
1536.82	0.000021716462385201867
1536.825	0.000022014773432315273
1536.83	0.00002214159273476603
1536.835	0.000022065475399217984
1536.8400000000001	0.000021927294897523015
1536.845	0.000021584235734176058
1536.85	0.000021257685159566886
1536.855	0.000021034257288307588
1536.86	0.000021091314218324962
1536.865	0.00002141306097222285
1536.8700000000001	0.000021676887927141007
1536.875	0.000021805380245660658
1536.8799999999999	0.00002176559092288922
1536.885	0.00002169395156902366
1536.89	0.000021710616802048324
1536.895	0.000021913193091928164
1536.9	0.000022224561813362047
1536.905	0.000022518320730231043
1536.9099999999999	0.000022710146299948116
1536.915	0.00002270619790461313
1536.92	0.000022579681838696867
1536.925	0.00002222431154051822
1536.93	0.00002178375858490374
1536.935	0.000021340403661413542
1536.94	0.000021012552601543187
1536.945	0.000020810824939823346
1536.95	0.000020942330928466417
1536.9550000000002	0.000021533158857393293
1536.96	0.000022749387374713197
1536.965	0.000024038506294182417
1536.97	0.000024525022817765313
1536.975	0.00002444854798913133
1536.98	0.000024339063133347056
1536.9850000000001	0.000024344555176855984
1536.99	0.000023939269127367407
1536.995	0.000022959078531715895
1537	0.000022458645668637527
1537.0049999999999	0.000022632687525486893
1537.01	0.00002318845149482739
1537.015	0.00002374090963858003
1537.02	0.000023911148310235443
1537.0249999999999	0.000023761575243309334
1537.03	0.000023491992038369284
1537.035	0.000023353687191392506
1537.04	0.00002347088974797395
1537.045	0.000023444708215333673
1537.05	0.000023097582333887067
1537.055	0.000022403959259495915
1537.06	0.00002151196580426813
1537.065	0.000020949780724429633
1537.0700000000002	0.00002084299437084664
1537.075	0.00002110765297910236
1537.08	0.00002171288309364524
1537.085	0.00002247731534027015
1537.09	0.00002303262298011588
1537.095	0.00002341989795072414
1537.1000000000001	0.00002348692311541769
1537.105	0.000023372014310240888
1537.11	0.00002310590063100757
1537.115	0.00002270949040415422
1537.12	0.000022187492973064144
1537.125	0.000021540237195806233
1537.13	0.00002075112751550883
1537.135	0.00001997391133532601
1537.1399999999999	0.00001917631536002028
1537.145	0.00001852614648172608
1537.1499999999999	0.000018120725483128886
1537.1550000000002	0.00001813732627120895
1537.16	0.000018550134994778546
1537.165	0.00001953323118275923
1537.17	0.0000208967811822197
1537.175	0.00002246942247542084
1537.18	0.00002372435843318696
1537.1850000000002	0.00002458689583051511
1537.19	0.000024821231471634613
1537.195	0.000024668262866170408
1537.2	0.00002438123920805166
1537.205	0.000024165371618808385
1537.21	0.000023957749093713564
1537.2150000000001	0.000023640379796707847
1537.22	0.000023148249851841788
1537.225	0.000022428972672508905
1537.23	0.00002177132220174432
1537.235	0.000021460708812778723
1537.24	0.000021573464936998256
1537.2450000000001	0.000022306323615991002
1537.25	0.00002323938991460696
1537.2549999999999	0.00002416514569705772
1537.26	0.000024590084163414888
1537.2649999999999	0.00002429195196551449
1537.2700000000002	0.00002349266304843937
1537.275	0.000022419891423132524
1537.28	0.000021210500898065818
1537.285	0.000020140719369341565
1537.29	0.000019456749639319486
1537.2949999999998	0.000019260552616504032
1537.3000000000002	0.00001969590810034794
1537.305	0.000020779548459340002
1537.31	0.000021884347939037427
1537.315	0.000021833873387639472
1537.32	0.000020385086213207226
1537.3249999999998	0.00001986943890559484
1537.3300000000002	0.000021214202362673456
1537.335	0.000023309771111515898
1537.34	0.000023889200457184402
1537.345	0.000023441785221700857
1537.35	0.000022982569546613252
1537.355	0.000022903462564573895
1537.3600000000001	0.000022936554697722998
1537.365	0.000022832516394878926
1537.37	0.000022564116090655876
1537.375	0.00002215486103204368
1537.3799999999999	0.000021802103137134218
1537.385	0.00002162172968491772
1537.39	0.000021648239625058257
1537.395	0.000021931250123055925
1537.4	0.000022345638944814995
1537.405	0.000022484662435248715
1537.4099999999999	0.000021954173464751688
1537.4150000000002	0.000020629613012858738
1537.42	0.000018880994142819145
1537.425	0.000017401284556476782
1537.43	0.000016373507037096547
1537.435	0.0000159674434908756
1537.4399999999998	0.00001608244248938308
1537.4450000000002	0.000016506019622559743
1537.45	0.000017132569061380857
1537.455	0.000018033923372768155
1537.46	0.00001882161361121348
1537.465	0.000019689285118696025
1537.4699999999998	0.000020387599476415906
1537.4750000000001	0.000021029956812793914
1537.48	0.00002164267731345818
1537.485	0.00002218578277486496
1537.49	0.000022654255228432542
1537.495	0.000022995396083121934
1537.5	0.00002324215561918677
1537.505	0.0000232635906727125
1537.51	0.000022806799608147885
1537.515	0.00002149255041091734
1537.52	0.000019773280889163486
1537.5249999999999	0.0000182265246209512
1537.53	0.00001766821677576775
1537.535	0.000018040296160898113
1537.54	0.00001905913371464321
1537.545	0.000020633906555374942
1537.55	0.00002211635908683051
1537.5549999999998	0.00002330465211062674
1537.5600000000002	0.00002376535762996397
1537.565	0.000023798602915195408
1537.57	0.000023417060097071335
1537.575	0.00002294200890917467
1537.58	0.00002245458633800688
1537.5849999999998	0.000022335650719821728
1537.5900000000001	0.000022630975183542664
1537.595	0.00002300196665253217
1537.6	0.000023092005403112
1537.605	0.00002273331350329659
1537.61	0.00002213150544172521
1537.615	0.000021477577516241505
1537.6200000000001	0.000021087034848944517
1537.625	0.000021078604881301718
1537.63	0.00002128433326485644
1537.635	0.000021843895955526754
1537.6399999999999	0.00002246037805749223
1537.645	0.000022916357866499654
1537.65	0.000023044037579025085
1537.655	0.00002269853914903002
1537.66	0.00002169399975299017
1537.665	0.000020317220658852605
1537.6699999999998	0.00001933460934449426
1537.675	0.00001926929862484173
1537.68	0.000020643649897382555
1537.685	0.000022341749693556446
1537.69	0.000023257200881640787
1537.695	0.000023181837716961714
1537.6999999999998	0.0000230026237408204
1537.7050000000002	0.00002307897839497475
1537.71	0.00002328661842992129
1537.715	0.000023510192268323946
1537.72	0.000023689249895114892
1537.725	0.00002372116016636532
1537.73	0.000023611466631737548
1537.7350000000001	0.000023387300263469855
1537.74	0.000023072394575218953
1537.7450000000001	0.000022767775478434164
1537.75	0.00002257652425573623
1537.7549999999999	0.00002259201863096485
1537.76	0.000023083558074183602
1537.765	0.00002362634499500382
1537.77	0.000024187302894059962
1537.775	0.000024602583280401
1537.78	0.00002482928878208538
1537.7849999999999	0.000025009521051501198
1537.79	0.00002497973813166836
1537.795	0.000024675938187649652
1537.8	0.000024080324364787616
1537.805	0.000023277490275659156
1537.81	0.000022426668660846363
1537.8149999999998	0.000021717058565847073
1537.82	0.000021374470101585676
1537.825	0.000021525209490647185
1537.8300000000002	0.000021933336374382163
1537.835	0.00002265122286589031
1537.84	0.000023489286118173785
1537.845	0.000024111859070217354
1537.8500000000001	0.000024426855335146582
1537.855	0.000024368611944050623
1537.8600000000001	0.000024083404213779215
1537.865	0.000023961495020738992
1537.87	0.00002422017922094193
1537.875	0.000024526267545858944
1537.88	0.00002457094855168185
1537.885	0.000024427960114379187
1537.89	0.000024308015738905193
1537.895	0.000024479636382148344
1537.8999999999999	0.000024893349016178128
1537.905	0.000025420320973547332
1537.91	0.000025826179319895592
1537.915	0.000025984094053693335
1537.92	0.000025726287286310766
1537.925	0.000025148005600610982
1537.9299999999998	0.000024546917255330774
1537.935	0.00002428465031217048
1537.94	0.000024353399703176907
1537.9450000000002	0.00002482604141587684
1537.95	0.000025295287810171736
1537.955	0.00002561355078026022
1537.96	0.000025690547772683224
1537.965	0.00002549770524355609
1537.97	0.000025010304790321114
1537.9750000000001	0.000024374919300934273
1537.98	0.000023632956961757145
1537.985	0.000022880883225085335
1537.99	0.000022146351973711015
1537.995	0.00002132704193252518
1538	0.000020632078933494542
1538.005	0.00002010752197698574
1538.01	0.000019860124365570362
1538.0149999999999	0.00001990280251671368
1538.02	0.000020291526417445505
1538.025	0.00002109963600386365
1538.03	0.000021890654047451078
1538.035	0.000022678176318874976
1538.04	0.000022809604549660927
1538.0449999999998	0.00002208487101993594
1538.05	0.000020661550658108844
1538.055	0.00001950035147160536
1538.0600000000002	0.000019374652124771675
1538.065	0.00002021488773998216
1538.07	0.000021461906367035143
1538.075	0.00002265911163337578
1538.08	0.000023201946205839318
1538.085	0.000023249693591285704
1538.0900000000001	0.000022952444327129848
1538.095	0.000022681566449174677
1538.1	0.000022635830196942804
1538.105	0.000022656432752704878
1538.11	0.000022479107694370118
1538.115	0.00002184087761891919
1538.1200000000001	0.000020538160570582505
1538.125	0.000019144112552515822
1538.1299999999999	0.000018144862436759596
1538.135	0.00001776573289796259
1538.1399999999999	0.00001804058658231724
1538.145	0.00001887443353235931
1538.15	0.000020363967575124427
1538.155	0.000021768004754391446
1538.1599999999999	0.00002287621800250507
1538.165	0.000023562020988890224
1538.17	0.000023816191345426104
1538.1750000000002	0.000023730116971245246
1538.18	0.00002342715349547481
1538.185	0.000023106460327593286
1538.19	0.000022776102042550266
1538.195	0.000022523190134640987
1538.2	0.000022353741230187066
1538.2050000000002	0.000022219616047338663
1538.21	0.00002203139089025649
1538.215	0.00002169263220880924
1538.22	0.000021281231582842338
1538.225	0.000020976927946610062
1538.23	0.000021147036177722096
1538.2350000000001	0.000021775612622702602
1538.24	0.000022894474128157157
1538.245	0.000024034323627950763
1538.25	0.000024729797561303127
1538.2549999999999	0.00002497556851249923
1538.26	0.000025090111688019878
1538.265	0.000025273932028515723
1538.27	0.000025481208667472948
1538.2749999999999	0.000025739015434855497
1538.28	0.000025895748241087787
1538.2849999999999	0.000025921193109778722
1538.2900000000002	0.000025788853241845895
1538.295	0.00002557549187324016
1538.3	0.000025149103305580825
1538.305	0.00002463959365362002
1538.31	0.000024285051814856
1538.315	0.000024216057851130726
1538.3200000000002	0.000024489760083998846
1538.325	0.000025074967275590432
1538.33	0.000025529676331962446
1538.335	0.000025848857006481684
1538.34	0.00002581817649711361
1538.345	0.00002537263522157566
1538.3500000000001	0.00002461009460681842
1538.355	0.000023532842694974986
1538.36	0.00002232673204728395
1538.365	0.000021285067556227377
1538.37	0.00002036396166157281
1538.375	0.000019808411944770915
1538.38	0.0000201668348838882
1538.385	0.000021301095950479263
1538.39	0.000022773861131985303
1538.395	0.000023642349420649534
1538.3999999999999	0.000023441117218642756
1538.4050000000002	0.000022739474695211348
1538.41	0.000022128172002755872
1538.415	0.000022094207084693617
1538.42	0.00002297326296340941
1538.425	0.000024176469166371294
1538.4299999999998	0.000025391679907494883
1538.4350000000002	0.000025743115269960004
1538.44	0.00002576204133220012
1538.445	0.00002567933663609591
1538.45	0.000025855047294213646
1538.455	0.000026272351513901894
1538.4599999999998	0.0000267363430931816
1538.4650000000001	0.000027102621956147506
1538.47	0.000027044020694733454
1538.475	0.000026516867331556393
1538.48	0.000025553991932279426
1538.485	0.000024357580218604984
1538.49	0.000023204240255084924
1538.4950000000001	0.000022295866766450063
1538.5	0.00002188856102262301
1538.505	0.000021885633443124012
1538.51	0.000022317469418754705
1538.5149999999999	0.00002312131811802476
1538.52	0.000024117587560199123
1538.525	0.00002536294522659584
1538.53	0.000026379739321933873
1538.535	0.00002726412547515616
1538.54	0.00002783324452219828
1538.5449999999998	0.00002799762270249794
1538.5500000000002	0.000028012621840104903
1538.555	0.0000277982050796122
1538.56	0.000027485750498377866
1538.565	0.00002727540333249049
1538.57	0.00002723279897004317
1538.5749999999998	0.000027359564769615914
1538.5800000000002	0.00002756597695499728
1538.585	0.000027746107655829958
1538.59	0.00002793897501812051
1538.595	0.00002805454362486172
1538.6	0.00002804414577964017
1538.6049999999998	0.00002801421214826406
1538.6100000000001	0.000028085349627666313
1538.615	0.000028089294210793814
1538.6200000000001	0.000028001604487264262
1538.625	0.000027852992941104153
1538.6299999999999	0.00002764661567736228
1538.635	0.000027257422792120443
1538.64	0.000026412600943821087
1538.645	0.00002505346855642303
1538.65	0.000023467031938715833
1538.655	0.000022173254504747117
1538.6599999999999	0.00002163776853988274
1538.665	0.00002208156549834764
1538.67	0.000023301108678421876
1538.675	0.000024785019651688426
1538.68	0.000025922570637560154
1538.685	0.00002610761215469686
1538.6899999999998	0.00002551179207006592
1538.6950000000002	0.00002468553158706097
1538.7	0.000023935867354819325
1538.705	0.000023418835640217838
1538.71	0.00002331324503757061
1538.715	0.00002364897668378493
1538.7199999999998	0.000024250659988308806
1538.7250000000001	0.00002508639105027702
1538.73	0.000025099671045333295
1538.7350000000001	0.000023425368961643447
1538.74	0.000020857953813857717
1538.745	0.000019592109989914595
1538.75	0.000020160853024388098
1538.755	0.000020498587683693717
1538.76	0.000019738363370285616
1538.765	0.000019859225941347606
1538.77	0.000021754761824111586
1538.7749999999999	0.00002426900361642036
1538.78	0.00002544408505925792
1538.785	0.000025053596213694635
1538.79	0.00002417931355353453
1538.795	0.00002389631718337621
1538.8	0.00002437379245747635
1538.8049999999998	0.000025416461436773545
1538.81	0.000026563360008981034
1538.815	0.000027223274061402475
1538.82	0.00002745895823834463
1538.825	0.00002749269192433923
1538.83	0.000027567077513430132
1538.8349999999998	0.00002792172847597959
1538.8400000000001	0.000028511244522422796
1538.845	0.00002897251442900976
1538.8500000000001	0.000029109531238737057
1538.855	0.000028793067422438506
1538.86	0.000027972601815142407
1538.865	0.000027058223645637482
1538.8700000000001	0.0000264043452388043
1538.875	0.000026072348285172543
1538.88	0.000026071764282729157
1538.885	0.0000264029224342156
1538.8899999999999	0.00002716690971910363
1538.895	0.000027864266760625867
1538.9	0.000028380641481995706
1538.905	0.000028622276856366793
1538.91	0.000028613008912747966
1538.915	0.000028586197001000393
1538.9199999999998	0.000028707744779996463
1538.925	0.0000286632553842984
1538.93	0.00002732798976805544
1538.935	0.000023610728625271056
1538.94	0.000019628558181124523
1538.945	0.000017026555774298713
1538.95	0.000016927414113127394
1538.955	0.000018884187476073837
1538.96	0.000022003464779987025
1538.9650000000001	0.000024499171632341627
1538.97	0.000024147609070563117
1538.975	0.000022226546367872447
1538.98	0.000020574814750718254
1538.985	0.000020033286997430354
1538.99	0.00002063373535312462
1538.9950000000001	0.000021950886470201157
1539	0.00002306365296342814
1539.0049999999999	0.000022857279366338038
1539.01	0.000021054891878868416
1539.015	0.00001851997470417314
1539.02	0.00001671757848556068
1539.025	0.000015779175287250717
1539.03	0.000015627243556082242
1539.0349999999999	0.000016008797550465743
1539.04	0.000016584559464373387
1539.045	0.000017447002770643528
1539.05	0.000018337285033592697
1539.055	0.000019212296153729065
1539.06	0.000020123354363309977
1539.065	0.000021043549967745744
1539.07	0.000021997760255634576
1539.075	0.000022937880079548738
1539.0800000000002	0.000023831596288350757
1539.085	0.00002441143333851142
1539.09	0.000024446692870727148
1539.095	0.000024043992594472212
1539.1	0.00002364418734738031
1539.105	0.000023521102933739668
1539.1100000000001	0.000023303310944565605
1539.115	0.000022970568235151578
1539.12	0.00002294869112890995
1539.125	0.000023347365290611865
1539.1299999999999	0.00002411957828122384
1539.135	0.000024539359473497593
1539.14	0.00002443006305766349
1539.145	0.00002379383114012932
1539.1499999999999	0.00002279893316983854
1539.155	0.000021821722273795826
1539.16	0.000021311307935003417
1539.165	0.00002139143329609493
1539.17	0.00002208272661980025
1539.175	0.000023380658885424624
1539.18	0.000025039179807022738
1539.185	0.000026582171958187436
1539.19	0.000027460998498610374
1539.1950000000002	0.000027414058365215427
1539.2	0.000026913155575558578
1539.205	0.000026223694350534564
1539.21	0.000025539533541319358
1539.215	0.000024986662115863663
1539.22	0.000024608210444898658
1539.2250000000001	0.00002448494568711422
1539.23	0.000024560142950900146
1539.235	0.000024875102584651126
1539.24	0.000025527794522535045
1539.245	0.000026352207517424422
1539.25	0.0000272130230310517
1539.255	0.000028122173357098773
1539.26	0.000028757278662142395
1539.2649999999999	0.000028891846896610164
1539.27	0.000028586194598921182
1539.2749999999999	0.00002817020604738925
1539.28	0.00002809871312880156
1539.285	0.000028411423473243437
1539.29	0.000028253236508030908
1539.295	0.00002663747688264803
1539.3	0.00002398208263585376
1539.305	0.00002194250560424488
1539.3100000000002	0.000021206300208619906
1539.315	0.000021760720748515587
1539.32	0.000023249195919105145
1539.325	0.000025119886250100133
1539.33	0.000026745134726489238
1539.335	0.00002761415325816999
1539.3400000000001	0.000027945694458910358
1539.345	0.000027874416055005858
1539.35	0.000027906326326256256
1539.355	0.000028016454957467456
1539.36	0.000027908570187048
1539.365	0.000027702875519070674
1539.3700000000001	0.000027375846668404594
1539.375	0.00002676105945157599
1539.3799999999999	0.000025804487497969106
1539.385	0.00002457744934887418
1539.3899999999999	0.000023157080066342572
1539.395	0.000021860713492908436
1539.4	0.000020888594496339415
1539.405	0.000020349229014908584
1539.41	0.000020153240740402495
1539.415	0.000020427759156674643
1539.4199999999998	0.000021070533220437686
1539.4250000000002	0.000022287256368238797
1539.43	0.00002366968387470993
1539.435	0.00002543465723154941
1539.44	0.000026984262569033293
1539.445	0.000027211797140194447
1539.4499999999998	0.0000267743876686785
1539.4550000000002	0.000027129433828075776
1539.46	0.00002836575085518323
1539.465	0.000027342937272288624
1539.47	0.000023956730887836082
1539.475	0.00002153074906387156
1539.48	0.000021565359025587605
1539.4850000000001	0.000023122589986735014
1539.49	0.000025625512668809605
1539.495	0.000028061879290144284
1539.5	0.000029748647355975693
1539.5049999999999	0.00003068366212182996
1539.5100000000002	0.000031207568704319254
1539.515	0.00003137706892758201
1539.52	0.000031365815707182846
1539.525	0.000031136476728715506
1539.53	0.000030693916828133065
1539.5349999999999	0.000030090525443064545
1539.5400000000002	0.00002945627317660074
1539.545	0.000029100313839099635
1539.55	0.000029046468258898476
1539.555	0.000029128491016291994
1539.56	0.000029155751942765555
1539.5649999999998	0.000029000705312628553
1539.5700000000002	0.000028677113370112153
1539.575	0.00002810729124113149
1539.58	0.000027611572928358866
1539.585	0.000027136519925079077
1539.59	0.000026760186313010465
1539.5949999999998	0.00002659511768920094
1539.6000000000001	0.00002666485005839454
1539.605	0.000026877908163724117
1539.61	0.000027197101825698197
1539.615	0.00002791025739211685
1539.62	0.000028594386672727885
1539.625	0.000029207612541456017
1539.63	0.000029270409640529864
1539.635	0.00002846107726958961
1539.64	0.000026914518448949082
1539.645	0.00002527177698008789
1539.6499999999999	0.000024635535964384335
1539.655	0.000025133529168356718
1539.66	0.000026487404822048502
1539.665	0.000028000632256925383
1539.67	0.00002879244520315798
1539.675	0.000028853261338774246
1539.6799999999998	0.000028143807914164373
1539.6850000000002	0.000027072366064979677
1539.69	0.000026093219342387683
1539.695	0.000025371498703523286
1539.7	0.00002480727289478721
1539.705	0.000024385706656268536
1539.7099999999998	0.000024110717428779085
1539.7150000000001	0.000023720235258591057
1539.72	0.000023024501489441372
1539.725	0.000022075784909827043
1539.73	0.000020879575512555646
1539.735	0.000019903357466844373
1539.74	0.00001937716147855757
1539.7450000000001	0.000019412148564003476
1539.75	0.000020043942324297912
1539.755	0.0000212874739951615
1539.76	0.000022728889872986133
1539.7649999999999	0.000024475083294385964
1539.77	0.000026427862311753083
1539.775	0.000028141888505274973
1539.78	0.00002930825208572865
1539.785	0.00002989476128917111
1539.79	0.000030004535439860204
1539.7949999999998	0.00002975399287834004
1539.8	0.00002952883982309532
1539.805	0.000029541955237010166
1539.81	0.000028851158787297552
1539.815	0.000026247800668840352
1539.82	0.000023347114336017154
1539.8249999999998	0.000021606466226661034
1539.8300000000002	0.00002192091659030514
1539.835	0.0000237626529340967
1539.84	0.000026687935904777763
1539.845	0.000029155623889204623
1539.85	0.000030052974736090873
1539.855	0.000029914867168420467
1539.8600000000001	0.000029798578030721034
1539.865	0.00003000392307092625
1539.8700000000001	0.000030342517070646826
1539.875	0.000030247348632241843
1539.8799999999999	0.000029104558102636535
1539.885	0.000027097348063062945
1539.89	0.000025137880434957267
1539.895	0.000023847138379108167
1539.9	0.000023575816252269535
1539.905	0.000024445085282850518
1539.9099999999999	0.00002615679747407954
1539.915	0.000028229636351769043
1539.92	0.000029678077325155396
1539.925	0.00003012339584529404
1539.93	0.000029835620350194927
1539.935	0.000029237126993309323
1539.9399999999998	0.00002872829355978566
1539.945	0.00002841550014196516
1539.95	0.00002838495731334024
1539.955	0.000028675875383533052
1539.96	0.00002904847144371908
1539.965	0.000029431843652126644
1539.97	0.000029892848941273603
1539.9750000000001	0.000030305861995663046
1539.98	0.0000305374881701034
1539.9850000000001	0.00003057472441546897
1539.99	0.00003031609764507634
1539.995	0.000029819096515770203
1540	0.000028859979802356243
1540.005	0.000027636244647773453
1540.01	0.00002681663320050038
1540.015	0.000026531073141774556
1540.02	0.000026808967763507994
1540.0249999999999	0.00002729266907162805
1540.03	0.00002767817814181063
1540.035	0.000027655296150414513
1540.04	0.000027430797356105164
1540.045	0.000027332293752734643
1540.05	0.000027497581926891712
1540.0549999999998	0.000027997014502407697
1540.06	0.0000288030478190684
1540.065	0.000029666760004253528
1540.07	0.000030294202973366435
1540.075	0.000030664926494417756
1540.08	0.00003087743243373865
1540.085	0.000030951585758509774
1540.09	0.000031040295314606774
1540.095	0.00003107206376316529
1540.1000000000001	0.00003108860982973985
1540.105	0.000031072364602199435
1540.11	0.000031176971800129694
1540.115	0.00003128084611742108
1540.12	0.000031434642286250773
1540.125	0.00003158909869492174
1540.13	0.000031747776539612025
1540.135	0.00003183970307183505
1540.1399999999999	0.000031819229361106396
1540.145	0.000031711666123484
1540.15	0.00003150889676383135
1540.155	0.000031300289652495675
1540.16	0.00003130357837587472
1540.165	0.00003150623038771218
1540.1699999999998	0.00003161726679856375
1540.175	0.000031597560761601314
1540.18	0.00003181629135370088
1540.1850000000002	0.000032123958439904675
1540.19	0.00003135672891703577
1540.195	0.000029043640002895067
1540.2	0.00002621620344105396
1540.205	0.000024072728832080465
1540.21	0.00002344028192529668
1540.2150000000001	0.00002417441305577747
1540.22	0.000026191029882436576
1540.225	0.000028673016993899663
1540.23	0.000030742297549743625
1540.235	0.00003138755233950294
1540.24	0.00003069722935719374
1540.2450000000001	0.000029336611484806412
1540.25	0.00002807739508445658
1540.2549999999999	0.00002750726108160779
1540.26	0.000027601560974329444
1540.2649999999999	0.00002793685966925904
1540.27	0.000028342426814081335
1540.275	0.000028644527071422666
1540.28	0.000028813206875708763
1540.2849999999999	0.000028940116555747815
1540.29	0.000029029489568441423
1540.295	0.00002917605742606234
1540.3000000000002	0.00002930236417107318
1540.305	0.000029495285645141588
1540.31	0.000029805428820956368
1540.315	0.000030210582221428923
1540.32	0.000030668574228415304
1540.325	0.00003124401415983709
1540.3300000000002	0.00003186764415491775
1540.335	0.00003255659896721383
1540.34	0.000033025383629168976
1540.345	0.000033456983953199544
1540.35	0.00003386954917572808
1540.355	0.000034037481678561315
1540.3600000000001	0.00003374906408398955
1540.365	0.00003289800030758023
1540.37	0.000031966053818665086
1540.375	0.000031336015546577615
1540.3799999999999	0.000031243771072061485
1540.385	0.0000314607680669818
1540.39	0.000031719331394328936
1540.395	0.000032143205733235156
1540.3999999999999	0.00003261569822042181
1540.405	0.0000332199800518004
1540.4099999999999	0.0000337922893773168
1540.4150000000002	0.000034023988205342876
1540.42	0.00003396011097086264
1540.425	0.000033663853390659035
1540.43	0.00003333284825092493
1540.435	0.000033210373659728046
1540.44	0.00003325824217892593
1540.4450000000002	0.000033365282832750374
1540.45	0.0000334516080306992
1540.455	0.00003350066388429118
1540.46	0.000033537406125105904
1540.465	0.00003354535039063573
1540.47	0.00003359367837978387
1540.4750000000001	0.000033626783986928483
1540.48	0.000033593678382805187
1540.485	0.000033499670857612225
1540.49	0.0000333879570320756
1540.495	0.0000333080840445727
1540.5	0.000033143028790420376
1540.505	0.00003308668218434005
1540.51	0.00003306324490129041
1540.515	0.000033230989760616366
1540.52	0.000033281756315744674
1540.5249999999999	0.000033344701926556746
1540.5300000000002	0.00003368264512871891
1540.535	0.000034183646583953264
1540.54	0.00003429975332244528
1540.545	0.00003413689131077032
1540.55	0.000034037890145555145
1540.5549999999998	0.000034132270366246465
1540.5600000000002	0.00003435227313487036
1540.565	0.00003460808510359789
1540.57	0.00003478893414474067
1540.575	0.00003471681283209947
1540.58	0.000034220405672238614
1540.5849999999998	0.000033242642070827845
1540.5900000000001	0.00003212940779102155
1540.595	0.000031414827420930235
1540.6	0.000031090670723739924
1540.605	0.00003100627724044408
1540.61	0.00003104035325014667
1540.615	0.000031127001120609324
1540.6200000000001	0.00003117095506127725
1540.625	0.00003137817983581652
1540.63	0.000031857803763822606
1540.635	0.0000325149979869321
1540.6399999999999	0.000033156479906935276
1540.645	0.000033537406107537234
1540.65	0.000033373563693794035
1540.655	0.00003284851109137008
1540.66	0.000032201296350978634
1540.665	0.000031652299851078796
1540.6699999999998	0.000031396631258800666
1540.6750000000002	0.0000314617427478437
1540.68	0.00003183200634893543
1540.685	0.00003235865575236147
1540.69	0.00003295338269491747
1540.695	0.000033272478481882367
1540.6999999999998	0.00003330861800258233
1540.7050000000002	0.00003341676200119748
1540.71	0.000033944947028841685
1540.715	0.00003453033202623945
1540.72	0.000034431962798498814
1540.725	0.00003402895528279202
1540.7299999999998	0.000034000115667034456
1540.7350000000001	0.00003459657536228889
1540.74	0.00003514253474260717
1540.7450000000001	0.00003486726785687616
1540.75	0.00003355423592202564
1540.7549999999999	0.00003201093531338719
1540.76	0.00003097330391321265
1540.765	0.00003066137929366209
1540.77	0.00003092809182968489
1540.775	0.000031352880867708406
1540.78	0.000031654749965961775
1540.7849999999999	0.000031888814179283485
1540.79	0.0000321435231107411
1540.795	0.00003229067625529302
1540.8	0.00003205540158761878
1540.805	0.000031240073095180075
1540.81	0.000029859047863630204
1540.8149999999998	0.00002857491485923936
1540.8200000000002	0.000027512505309725164
1540.825	0.000026830039148265242
1540.83	0.000026632242539605995
1540.835	0.000026778330443103324
1540.84	0.000027180709812529616
1540.8449999999998	0.000027886273463697613
1540.8500000000001	0.000028890062773883062
1540.855	0.000029735607495181603
1540.8600000000001	0.00003089001106576262
1540.865	0.00003194352107242108
1540.87	0.000033012743625212224
1540.875	0.00003366569237100864
1540.88	0.00003388106555799024
1540.885	0.00003354039221299317
1540.89	0.0000326556074771953
1540.895	0.00003208109558407228
1540.8999999999999	0.000031402759527658285
1540.905	0.00003003000027464103
1540.91	0.000028510404297286008
1540.915	0.00002748548494208103
1540.92	0.000027593996764380732
1540.925	0.00002874286756980546
1540.9299999999998	0.000030581772450732485
1540.935	0.00003226713638838235
1540.94	0.00003326393439283025
1540.945	0.000033272632345908264
1540.95	0.000032303497045652364
1540.955	0.000031102093309954945
1540.9599999999998	0.00003052835181187899
1540.9650000000001	0.000030610105146608034
1540.97	0.00003121959420078664
1540.9750000000001	0.0000321121442748967
1540.98	0.00003293260988219277
1540.985	0.00003347177791678379
1540.99	0.000033739017892629344
1540.9950000000001	0.000033914827452848774
1541	0.00003410275764456402
1541.005	0.00003432417207192502
1541.01	0.000034626887114925345
1541.0149999999999	0.00003495323634455355
1541.02	0.0000352794304337805
1541.025	0.0000355968643257277
1541.03	0.000035881274207933484
1541.035	0.000036075585129010886
1541.04	0.000036171457557829146
1541.0449999999998	0.000036236451702843095
1541.05	0.000036197788621806305
1541.055	0.000036165368987145624
1541.06	0.0000360855544414214
1541.065	0.00003597397958240325
1541.07	0.00003580939310891127
1541.0749999999998	0.00003595673791944081
1541.08	0.000036302837528055805
1541.085	0.00003652160425953028
1541.0900000000001	0.00003612006384910242
1541.095	0.00003501362521451848
1541.1	0.00003406220118182702
1541.105	0.000033674448059292295
1541.1100000000001	0.00003396253774969255
1541.115	0.000034107335824893986
1541.1200000000001	0.00003357113780408175
1541.125	0.000032204393109201954
1541.1299999999999	0.000030795068103812214
1541.135	0.000030254593192228213
1541.14	0.000030888174313725604
1541.145	0.00003229896946204579
1541.15	0.00003382467437274817
1541.155	0.00003471304589100431
1541.1599999999999	0.000034737926455595945
1541.165	0.00003402768515006585
1541.17	0.000032869040873429776
1541.175	0.00003168869136363073
1541.18	0.00003069921309923958
1541.185	0.000030135312273060466
1541.1899999999998	0.00002971228388680109
1541.195	0.000029432791064023743
1541.2	0.00002933269927687362
1541.2050000000002	0.000029319053282961263
1541.21	0.000029377245711152112
1541.215	0.000029477846145881588
1541.22	0.000029603420189369313
1541.225	0.000029776203453359975
1541.23	0.000029941950213962517
1541.2350000000001	0.000030067474236421046
1541.24	0.000030357497172114825
1541.245	0.000031141122191404075
1541.25	0.00003203341367331238
1541.2549999999999	0.00003272558285213635
1541.26	0.00003255431514675109
1541.265	0.00003150170993138134
1541.27	0.000030003152128717837
1541.2749999999999	0.00002844320806311734
1541.28	0.000027354817800503335
1541.285	0.000027001237090522153
1541.29	0.000027352856688078104
1541.295	0.000028290536751579894
1541.3	0.0000293996278976181
1541.305	0.00003033673345764614
1541.31	0.0000309061814700817
1541.315	0.00003103024780097557
1541.3200000000002	0.000030653205403685325
1541.325	0.000029829583172863636
1541.33	0.00002880863405274141
1541.335	0.000027700684749409747
1541.34	0.000026548509653115653
1541.345	0.000025654795429934493
1541.3500000000001	0.000025237721288969405
1541.355	0.00002530316217677283
1541.36	0.000025839291240221218
1541.365	0.000026842076028053734
1541.37	0.000028221142534563924
1541.375	0.000029629878917880103
1541.38	0.00003096885769044834
1541.385	0.00003195079222309931
1541.3899999999999	0.00003252207018673446
1541.395	0.00003274988471654477
1541.3999999999999	0.000032878163269872414
1541.405	0.00003332000927824607
1541.41	0.00003429063046326098
1541.415	0.00003563662304647694
1541.42	0.00003626862601644813
1541.425	0.00003544371727346029
1541.43	0.0000340463856218704
1541.4350000000002	0.00003327341687259709
1541.44	0.0000337363674779254
1541.445	0.000034176124611001476
1541.45	0.000034034006706763034
1541.455	0.000033594410109429276
1541.46	0.00003342916018293214
1541.4650000000001	0.00003372728881826292
1541.47	0.00003444967936085013
1541.475	0.000035631698316396975
1541.48	0.00003657506664303
1541.485	0.00003682101210013598
1541.49	0.00003612919927868227
1541.4950000000001	0.00003461550370969269
1541.5	0.000032625483781088655
1541.5049999999999	0.00003097144192052817
1541.51	0.000030072049305434077
1541.5149999999999	0.000029976424717511044
1541.52	0.00003057261314781079
1541.525	0.00003142657371690609
1541.53	0.00003199448246585358
1541.535	0.000032124003947834856
1541.54	0.00003170685826021406
1541.5449999999998	0.00003086519287748849
1541.5500000000002	0.000029716145996177287
1541.555	0.00002869344708838599
1541.56	0.000027824567353325815
1541.565	0.000027476191459209248
1541.57	0.00002786764521878556
1541.575	0.00002930118053333356
1541.5800000000002	0.000031961208663010455
1541.585	0.0000345990414316138
1541.59	0.00003514356340543456
1541.595	0.00003448922874310594
1541.6	0.00003417940629512421
1541.605	0.00003443391371690613
1541.6100000000001	0.00003440238147378455
1541.615	0.00003381109179571062
1541.62	0.0000330921083774654
1541.625	0.00003296096474044723
1541.6299999999999	0.00003321034185608673
1541.6350000000002	0.00003336399784972535
1541.64	0.00003297201525304822
1541.645	0.00003188461905891433
1541.65	0.00003060362608796632
1541.655	0.000029835069481879812
1541.6599999999999	0.000029894311575383565
1541.6650000000002	0.00003060571329978734
1541.67	0.00003166059317630009
1541.675	0.00003271225381879423
1541.68	0.00003328365504747667
1541.685	0.00003350166661251036
1541.6899999999998	0.00003365784683345126
1541.6950000000002	0.000034039408692900266
1541.7	0.000034708180428112847
1541.705	0.000035454437807412336
1541.71	0.00003621410841530784
1541.715	0.00003667884082150657
1541.7199999999998	0.00003699180096750084
1541.7250000000001	0.00003717886534280913
1541.73	0.000037325555168542356
1541.735	0.00003749012478957816
1541.74	0.00003757917758599335
1541.745	0.00003759418194031158
1541.75	0.00003726887460941467
1541.755	0.00003674422746344563
1541.76	0.000035977270542406
1541.765	0.000035664466841961453
1541.77	0.00003607557726234361
1541.7749999999999	0.0000370533971657713
1541.78	0.000037741152131510145
1541.785	0.00003757866019467348
1541.79	0.000036889275795400215
1541.795	0.00003654451660382393
1541.8	0.00003661896799736955
1541.8049999999998	0.00003678845664217339
1541.8100000000002	0.00003673308033438086
1541.815	0.00003654031025736148
1541.82	0.00003654031024780127
1541.825	0.000036850590560592786
1541.83	0.00003729634069805485
1541.8349999999998	0.00003701100813931436
1541.8400000000001	0.000035292136304361265
1541.845	0.00003239108465680379
1541.85	0.000029354462353614203
1541.855	0.000026899933114148125
1541.86	0.00002553944922243936
1541.865	0.000025569804997960474
1541.8700000000001	0.0000266776089542154
1541.875	0.000028405763445819455
1541.88	0.000030535836898828
1541.885	0.000032635753203058864
1541.8899999999999	0.00003433646628205787
1541.895	0.000035544639043851355
1541.9	0.000036021956453188974
1541.905	0.00003622978834666678
1541.91	0.000036103618123141474
1541.915	0.0000357958993369435
1541.9199999999998	0.000035534786899013786
1541.925	0.00003530697723568306
1541.93	0.00003538115305021216
1541.935	0.00003574490035631461
1541.94	0.00003603930876917385
1541.945	0.00003488449557101143
1541.9499999999998	0.00003157068939536639
1541.9550000000002	0.000029348998009544107
1541.96	0.000029879440358823434
1541.965	0.00003364273266152745
1541.97	0.00003654601489391578
1541.975	0.00003665934965189195
1541.98	0.00003487039104010831
1541.9850000000001	0.00003389327319003556
1541.99	0.000034366136335369985
1541.9950000000001	0.00003514610576260864
1542	0.00003466733482188513
1542.0049999999999	0.000032593638867457734
1542.01	0.000030142498620886087
1542.015	0.00002854260653953277
1542.02	0.000028351362926118703
1542.025	0.000029579150589502635
1542.03	0.000031891122737402486
1542.0349999999999	0.00003444901072610666
1542.04	0.000036051540438572845
1542.045	0.000036727846920283
1542.05	0.00003715205518197808
1542.055	0.000037571880696933766
1542.06	0.00003800207329785073
1542.0649999999998	0.00003830442438740427
1542.07	0.000038137804958042324
1542.075	0.00003741858372950167
1542.08	0.00003655819000127734
1542.085	0.00003580495528597137
1542.09	0.00003535228010813605
1542.095	0.000035301017561993424
1542.1000000000001	0.000035685256302946926
1542.105	0.00003647100209868356
1542.1100000000001	0.000037442785533895206
1542.115	0.000038259176807142116
1542.12	0.00003861373988911505
1542.125	0.00003839550585792418
1542.13	0.00003757328612583421
1542.135	0.00003630960628251597
1542.14	0.00003495863016193198
1542.145	0.00003373111855953556
1542.1499999999999	0.000032953515398726425
1542.155	0.000032715193810872734
1542.16	0.00003286620911583571
1542.165	0.000033255792389908374
1542.17	0.000033793849447162905
1542.175	0.00003441956545017417
1542.1799999999998	0.00003511311153435101
1542.185	0.00003587615623239113
1542.19	0.00003648187477340038
1542.195	0.00003682022840522421
1542.2	0.00003701583882761411
1542.205	0.00003706264585784425
1542.21	0.000036992571425399505
1542.215	0.00003680181034214405
1542.22	0.00003636753214974649
1542.2250000000001	0.000035871015412573564
1542.23	0.00003517987732900822
1542.235	0.00003460392329675677
1542.24	0.00003411003180935825
1542.245	0.000033801762100931045
1542.25	0.000033698277547955527
1542.255	0.000033787962267619245
1542.26	0.00003407735052172362
1542.2649999999999	0.00003459338037493344
1542.27	0.0000351960246058483
1542.275	0.00003579364211475115
1542.28	0.00003634191085775169
1542.285	0.00003684596594438042
1542.29	0.00003672868704904916
1542.2949999999998	0.00003587672113908518
1542.3	0.00003434912144356639
1542.305	0.000033243013218995024
1542.31	0.00003319065142128249
1542.315	0.00003372866482767938
1542.32	0.000034297068458398754
1542.325	0.00003456697812904
1542.33	0.00003474922160807275
1542.335	0.000034840459697968695
1542.3400000000001	0.00003516399008871972
1542.345	0.000035480296999471694
1542.35	0.00003610271619498967
1542.355	0.0000370554768402025
1542.36	0.00003804495224618113
1542.365	0.00003871844167259099
1542.3700000000001	0.0000387713955945174
1542.375	0.000038214062047672586
1542.3799999999999	0.00003715698527765739
1542.385	0.000035816401822688943
1542.3899999999999	0.00003468372066010939
1542.395	0.00003400214831759516
1542.4	0.00003380322360462173
1542.405	0.000034022330369162115
1542.4099999999999	0.00003448360261107601
1542.415	0.000034759216834687206
1542.42	0.00003457214479297738
1542.4250000000002	0.00003391796387395834
1542.43	0.000032802538478354403
1542.435	0.000031202496721952955
1542.44	0.000029826343050126495
1542.445	0.00002856957533259244
1542.45	0.000027764291603262235
1542.4550000000002	0.000027588055470051764
1542.46	0.000027991955842245377
1542.465	0.000029029944584833527
1542.47	0.0000312428840250932
1542.475	0.00003404512448149697
1542.48	0.00003633669722802488
1542.4850000000001	0.00003718562501954414
1542.49	0.00003560190973686415
1542.495	0.000033343546697198344
1542.5	0.000032448818159845853
1542.5049999999999	0.00003314199467005035
1542.51	0.0000350331913462385
1542.515	0.000036831045873532634
1542.52	0.000037931236039480475
1542.5249999999999	0.0000382584876340905
1542.53	0.000037919929570902506
1542.5349999999999	0.00003679914117815138
1542.5400000000002	0.00003511036380696723
1542.545	0.00003372688663548722
1542.55	0.000033440891950724514
1542.555	0.0000345254716422089
1542.56	0.000036364261901548455
1542.565	0.00003828661108779242
1542.5700000000002	0.000038590132826479174
1542.575	0.00003728806048813647
1542.58	0.000035805866328055694
1542.585	0.00003461426399099063
1542.59	0.000033960754289461003
1542.595	0.00003375637789015041
1542.6000000000001	0.00003371488154639921
1542.605	0.000033628670385953276
1542.61	0.000033429227467030036
1542.615	0.00003295884318969269
1542.62	0.0000323229082514019
1542.625	0.000031539946618816534
1542.63	0.000030955890508580156
1542.635	0.00003060753560483316
1542.6399999999999	0.00003069313939729501
1542.645	0.00003200666258098341
1542.6499999999999	0.000034274346156752504
1542.6550000000002	0.00003712041558296216
1542.66	0.00003952032002058957
1542.665	0.000040247900993564454
1542.67	0.00004068494487494986
1542.675	0.000041444611226894244
1542.6799999999998	0.000041823095674628175
1542.6850000000002	0.00004178873239148793
1542.69	0.00004175543847732198
1542.695	0.00004129771174250982
1542.7	0.00003980783366019901
1542.705	0.00003733751376649043
1542.7099999999998	0.00003496296978575873
1542.7150000000001	0.00003351250167146759
1542.72	0.00003334913513737875
1542.725	0.000034253286067159434
1542.73	0.00003586611718599984
1542.735	0.000037699359998191074
1542.74	0.00003895615662051644
1542.7450000000001	0.00003935171045978389
1542.75	0.00003926113824353234
1542.7549999999999	0.00003897353835154182
1542.76	0.000038766667357345554
1542.7649999999999	0.000038667367859625066
1542.7700000000002	0.000038732232843616256
1542.775	0.00003874117077908322
1542.78	0.0000386345050133095
1542.785	0.000038413962533066624
1542.79	0.00003802475747779381
1542.7949999999998	0.00003757987137760793
1542.8000000000002	0.00003716476815693167
1542.805	0.000036802472718431074
1542.81	0.000036539663885012384
1542.815	0.00003642114704279321
1542.82	0.00003636156907305122
1542.8249999999998	0.0000363644787716154
1542.8300000000002	0.00003651329139347936
1542.835	0.000036710745648907743
1542.84	0.00003696265216352957
1542.845	0.00003726602042598926
1542.85	0.000037577032328733186
1542.8549999999998	0.00003777990423965229
1542.8600000000001	0.00003749814833562762
1542.865	0.00003687643358912837
1542.8700000000001	0.00003600675008374558
1542.875	0.00003515465604291496
1542.8799999999999	0.00003481020148028285
1542.885	0.00003509149081989882
1542.89	0.000035834937368756206
1542.895	0.00003669477658872002
1542.9	0.00003695870747612384
1542.905	0.00003602791800620407
1542.9099999999999	0.00003414249966085066
1542.915	0.000032285543181006894
1542.92	0.00003138955690866744
1542.925	0.00003183710361270562
1542.93	0.00003351283460792049
1542.935	0.000035844831758970677
1542.9399999999998	0.000037742769304872815
1542.9450000000002	0.000039111990127229926
1542.95	0.00003968876235999413
1542.955	0.00003957084080619796
1542.96	0.00003916721576941526
1542.965	0.000038775667629301616
1542.9699999999998	0.00003843850459668042
1542.9750000000001	0.00003826326813691675
1542.98	0.00003832670763099277
1542.9850000000001	0.000038549397120597304
1542.99	0.000038902354751225176
1542.995	0.000039235772764313856
1543	0.00003944446615684894
1543.005	0.00003943912880363487
1543.01	0.00003933684440752599
1543.015	0.00003919863795028708
1543.02	0.000039275102603094734
1543.0249999999999	0.00003934561111310972
1543.03	0.000038659654868245714
1543.035	0.00003796430572350683
1543.04	0.000037968645532342586
1543.045	0.00003868882481481187
1543.05	0.00003920587555244167
1543.0549999999998	0.00003905963149345766
1543.06	0.00003827283010980198
1543.065	0.00003710611735492003
1543.07	0.0000359424164875779
1543.075	0.00003495403931636373
1543.08	0.00003399677909956411
1543.0849999999998	0.00003296900158022011
1543.0900000000001	0.00003210473484541337
1543.095	0.000031782143927099305
1543.1000000000001	0.00003231182168896223
1543.105	0.00003374237532117224
1543.11	0.00003575204891313029
1543.115	0.00003750970199397615
1543.1200000000001	0.00003864161957716676
1543.125	0.00003895097616055068
1543.13	0.000038702813914644276
1543.135	0.00003826807297185908
1543.1399999999999	0.000037986321239437156
1543.145	0.000037971177381894606
1543.15	0.00003822657235788601
1543.155	0.00003856830114439022
1543.16	0.00003880005989132995
1543.165	0.00003883181198704538
1543.1699999999998	0.000038537868905233125
1543.175	0.00003798027293097804
1543.18	0.00003750588863114827
1543.185	0.00003731806610491842
1543.19	0.00003760766617970487
1543.195	0.00003783599538023249
1543.1999999999998	0.00003688545785368124
1543.205	0.00003531986658476435
1543.21	0.0000341979127283899
1543.2150000000001	0.00003470673129890357
1543.22	0.000036100600767351356
1543.225	0.00003702828685965197
1543.23	0.00003641162335928982
1543.2350000000001	0.00003424345209464458
1543.24	0.000032110440840835864
1543.2450000000001	0.000031107815417455284
1543.25	0.000031544412131963486
1543.2549999999999	0.00003328286955379058
1543.26	0.00003582046680431685
1543.265	0.00003814153493849349
1543.27	0.000038995063162074714
1543.275	0.000038292011653127457
1543.28	0.000037219535500821614
1543.2849999999999	0.000037054034364190985
1543.29	0.000037952719880150863
1543.295	0.00003933898139454021
1543.3	0.00004084871079816527
1543.305	0.00004187980161324371
1543.31	0.00004232169776789544
1543.3149999999998	0.00004230295902268363
1543.32	0.000042032391168952197
1543.325	0.00004178067320783985
1543.3300000000002	0.00004170638421493422
1543.335	0.00004178348171327138
1543.34	0.00004184973368245509
1543.345	0.00004170602189327455
1543.35	0.00004111526945888743
1543.355	0.00004005198062281652
1543.3600000000001	0.00003876696123413757
1543.365	0.00003772201310944295
1543.37	0.00003759093022651834
1543.375	0.00003833434153907058
1543.3799999999999	0.00003898910345464643
1543.385	0.000039048229859595025
1543.39	0.000038403723046915104
1543.395	0.00003780063976640788
1543.3999999999999	0.00003761725017890684
1543.405	0.00003823072925824511
1543.41	0.000039367031159090734
1543.415	0.000040362567705419245
1543.42	0.000041225012441143424
1543.425	0.000041847418643903473
1543.4299999999998	0.00004219980290142313
1543.435	0.00004176734543486117
1543.44	0.00004058326326363996
1543.4450000000002	0.00003893856783972156
1543.45	0.00003753449963365927
1543.455	0.000037271929302497337
1543.46	0.00003838137484637045
1543.465	0.000039956755297903975
1543.47	0.000040884723779816954
1543.4750000000001	0.0000406739280797212
1543.48	0.00003971844525857641
1543.485	0.000038712202709664685
1543.49	0.00003821872085965955
1543.495	0.000038486839897740275
1543.5	0.00003920477327819447
1543.505	0.000039993712272518664
1543.51	0.00004070967754537882
1543.5149999999999	0.00004124279937362797
1543.52	0.00004155747339365835
1543.5249999999999	0.00004195811521835871
1543.53	0.0000425575632502679
1543.535	0.000043177201464248824
1543.54	0.00004313705285605738
1543.545	0.00004171710876752163
1543.55	0.0000379345246187492
1543.555	0.00003420004229649689
1543.5600000000002	0.00003242025804280591
1543.565	0.00003354337160321811
1543.57	0.00003677395456466659
1543.575	0.000040847617781259346
1543.58	0.00004257851135659436
1543.585	0.00004239513498257848
1543.5900000000001	0.00004183338025048916
1543.595	0.00004179241658155968
1543.6	0.00004191479238509975
1543.605	0.00004149152611163942
1543.61	0.000040558485833877164
1543.615	0.00003988998652510683
1543.6200000000001	0.00004011081809267541
1543.625	0.0000410756984644516
1543.6299999999999	0.00004195322952165191
1543.635	0.000041933667690282214
1543.6399999999999	0.00004109341803921552
1543.645	0.00004035235932207743
1543.65	0.00004040023772173447
1543.655	0.0000411814856116514
1543.66	0.000041834718978557896
1543.665	0.00004196145931686932
1543.6699999999998	0.000041449818740799884
1543.6750000000002	0.00004027444157677871
1543.68	0.00003888947638789822
1543.685	0.00003756426415259346
1543.69	0.000036533164709822
1543.695	0.0000361908510512104
1543.7	0.00003649670103274988
1543.7050000000002	0.00003759067429246747
1543.71	0.00003955329500015852
1543.715	0.0000412596310894516
1543.72	0.0000420323610387518
1543.725	0.00004181326951215159
1543.73	0.00004097879248240343
1543.7350000000001	0.00003819576766810688
1543.74	0.00003294206299758514
1543.745	0.00002729374367994338
1543.75	0.00002439464889761615
1543.7549999999999	0.000023174260910377696
1543.76	0.00002320742988419488
1543.765	0.00002397675003438823
1543.77	0.00002511762092905355
1543.775	0.000026559999925854097
1543.78	0.00002841842823229279
1543.7849999999999	0.000030730490678236756
1543.7900000000002	0.000033555290272439135
1543.795	0.00003582746087673893
1543.8	0.00003759036353374155
1543.805	0.000038533765245852524
1543.81	0.00003874461834490547
1543.8149999999998	0.00003833430485205434
1543.8200000000002	0.000037269591222665936
1543.825	0.00003543746871570401
1543.83	0.00003306791296913698
1543.835	0.000030813229013753116
1543.84	0.000029074284743408722
1543.8449999999998	0.00002801216583454062
1543.8500000000001	0.00002768728457836495
1543.855	0.000028004410711596868
1543.86	0.00002872420839608628
1543.865	0.000030032768211862958
1543.87	0.000031549897299542434
1543.875	0.000032981416412128386
1543.88	0.000034593250895049
1543.885	0.0000359458938373113
1543.89	0.00003750058454812706
1543.895	0.00003899481793380857
1543.8999999999999	0.00004050082968150614
1543.905	0.00004227146980217853
1543.91	0.00004401618766103949
1543.915	0.00004528613865967628
1543.92	0.00004580929424559244
1543.925	0.00004563713956436172
1543.9299999999998	0.000045131252394392575
1543.9350000000002	0.000044561764873585085
1543.94	0.00004424083546162179
1543.945	0.00004415481816977264
1543.95	0.00004432797836626132
1543.955	0.000044619554484319226
1543.9599999999998	0.000044696417172507456
1543.9650000000001	0.00004442829960961422
1543.97	0.00004402790511929718
1543.975	0.0000437794500712691
1543.98	0.000043843864324235
1543.985	0.00004414656049639581
1543.99	0.000044368634670335464
1543.9950000000001	0.00004427444304384649
1544	0.000044001290801915806
1544.005	0.00004366933122139641
1544.01	0.000043279922480654205
1544.0149999999999	0.00004301532318438594
1544.02	0.000042793814185268164
1544.025	0.00004266613412192226
1544.03	0.000042495363501571005
1544.035	0.00004219533472090663
1544.04	0.00004184965995223672
1544.0449999999998	0.000041441710820251894
1544.05	0.000041069240996472184
1544.055	0.000040760572813705
1544.06	0.000040549501920070265
1544.065	0.00004058887374326064
1544.07	0.00004099849803730946
1544.0749999999998	0.000041119637496277986
1544.0800000000002	0.000040391132701135914
1544.085	0.00003966345687345957
1544.09	0.00004006157482556984
1544.095	0.000040280534825642887
1544.1	0.000039327343499227805
1544.105	0.000037960100689943
1544.1100000000001	0.00003767809227282521
1544.115	0.000038474262004035205
1544.1200000000001	0.000039543214310239684
1544.125	0.0000397535038002697
1544.1299999999999	0.00003925937803818546
1544.135	0.00003891514469440592
1544.14	0.00003927818406186246
1544.145	0.00004032599718852691
1544.15	0.0000416148962885782
1544.155	0.00004262477011961771
1544.1599999999999	0.000042982250043796015
1544.165	0.00004313216132671927
1544.17	0.00004352622997295712
1544.175	0.00004388201268771774
1544.18	0.00004364818401450397
1544.185	0.00004220035417128501
1544.1899999999998	0.00003941663242718411
1544.195	0.000036506356430143354
1544.2	0.0000344628446497422
1544.205	0.00003335866168975188
1544.21	0.00003307555365159795
1544.215	0.00003365214982167831
1544.22	0.00003520793417235044
1544.2250000000001	0.000037375939292119955
1544.23	0.000039881885797518614
1544.2350000000001	0.000042482280651761255
1544.24	0.000044869795234098055
1544.245	0.00004667348342033172
1544.25	0.00004778331704017707
1544.255	0.00004812293626611795
1544.26	0.00004823505745927642
1544.265	0.0000483221718667224
1544.27	0.000048338734815373266
1544.2749999999999	0.00004780468381657829
1544.28	0.00004684735380714893
1544.285	0.000046079292823806365
1544.29	0.00004582770105513044
1544.295	0.00004615516224604909
1544.3	0.0000467951238669296
1544.3049999999998	0.000047193839519590436
1544.31	0.00004657260229575969
1544.315	0.00004498725315051996
1544.32	0.00004305921399896817
1544.325	0.00004153871859032116
1544.33	0.00004072678331060404
1544.335	0.00004068360867473359
1544.34	0.00004134528250071742
1544.345	0.000042431591080584815
1544.3500000000001	0.0000438092440544406
1544.355	0.00004491613605640991
1544.36	0.000045522210691123486
1544.365	0.00004563647755941154
1544.37	0.00004536261884204578
1544.375	0.00004496044807694908
1544.38	0.00004463093223472181
1544.385	0.00004454967963169397
1544.3899999999999	0.0000445642697192854
1544.395	0.000044580556938172294
1544.4	0.00004443816013847946
1544.405	0.000044087895627505204
1544.41	0.000043314721599327565
1544.415	0.0000424380451782654
1544.4199999999998	0.000041953287214529174
1544.425	0.0000424925004478134
1544.43	0.00004440863838474949
1544.435	0.000045315634449411474
1544.44	0.00004237912185889159
1544.445	0.000037566516655241165
1544.45	0.000036353913383407044
1544.455	0.000038907823075689885
1544.46	0.0000436734790272424
1544.4650000000001	0.00004687172858846033
1544.47	0.00004756745498252988
1544.475	0.00004749768269830394
1544.48	0.000047868133047656615
1544.485	0.00004861170448237959
1544.49	0.0000488292822860834
1544.4950000000001	0.00004782769654150085
1544.5	0.0000464150026583018
1544.5049999999999	0.00004566444671147107
1544.51	0.00004597770768008461
1544.5149999999999	0.0000471865031735783
1544.52	0.00004864916998658792
1544.525	0.000049435039105683125
1544.53	0.000048723092819213315
1544.5349999999999	0.000047406475238216306
1544.54	0.000046345165343927654
1544.545	0.00004581420169504941
1544.55	0.00004583910977323751
1544.555	0.000046264001842293526
1544.56	0.000046815131371090294
1544.565	0.00004712792965674725
1544.57	0.00004721133882584608
1544.575	0.0000470445084134872
1544.5800000000002	0.00004660360656828798
1544.585	0.000045859172224606025
1544.59	0.00004484364770456865
1544.595	0.00004353615812129368
1544.6	0.000042057556889097906
1544.605	0.000040516783831609234
1544.6100000000001	0.00003917499857312918
1544.615	0.00003848942094970419
1544.62	0.00003844110374997217
1544.625	0.000039049710252474434
1544.6299999999999	0.00003962125342848915
1544.635	0.00003942507235990629
1544.64	0.00003804447952297756
1544.645	0.000035803190775699236
1544.6499999999999	0.00003229124864619288
1544.655	0.000028799310265815555
1544.6599999999999	0.000026007808729118687
1544.665	0.00002455358982774329
1544.67	0.000024440023827541726
1544.675	0.00002598381288155948
1544.68	0.000029186502627504946
1544.685	0.00003400247564371464
1544.69	0.00003848763192285862
1544.6950000000002	0.000041340434498358985
1544.7	0.00004191336627841653
1544.705	0.00004162558618968076
1544.71	0.00004161665193883076
1544.715	0.000042085354695306615
1544.72	0.00004273740542385297
1544.7250000000001	0.00004327897232475966
1544.73	0.00004359506189363017
1544.735	0.000043706362444306194
1544.74	0.000043690407308680934
1544.745	0.00004362638098227715
1544.75	0.0000435894590183636
1544.755	0.000043569833824342284
1544.76	0.000043517743561938086
1544.7649999999999	0.000043340010309893864
1544.77	0.00004297815602640264
1544.7749999999999	0.00004220650230973389
1544.7800000000002	0.000041258616246009636
1544.785	0.000040642226154407486
1544.79	0.00004110316375285298
1544.795	0.00004243530387042171
1544.8	0.0000445262031414259
1544.8049999999998	0.00004657382050887554
1544.8100000000002	0.00004769162409451302
1544.815	0.00004789209742202833
1544.82	0.00004729915999315615
1544.825	0.00004665723034506231
1544.83	0.000046523990336826815
1544.835	0.0000468002253748963
1544.8400000000001	0.00004709271887002882
1544.845	0.00004600162545111897
1544.85	0.000043199287564048356
1544.855	0.00003972195575804849
1544.86	0.00003650516727757474
1544.865	0.00003441921194509646
1544.8700000000001	0.00003418180004157707
1544.875	0.0000369084096628534
1544.8799999999999	0.000041378219725091524
1544.885	0.000045370274078883024
1544.8899999999999	0.0000469965470343279
1544.8950000000002	0.000045584771110768814
1544.9	0.00004205302603384234
1544.905	0.000038786321781117435
1544.91	0.00003789045129346917
1544.915	0.000038619811674236704
1544.9199999999998	0.000040572413238555907
1544.9250000000002	0.000043261415671578895
1544.93	0.0000457588159445641
1544.935	0.000047166189192868324
1544.94	0.000047365782710157604
1544.945	0.00004660361044244482
1544.9499999999998	0.00004573991932696134
1544.9550000000002	0.00004525427892497663
1544.96	0.000045105006670913065
1544.965	0.00004431568732893601
1544.97	0.000041944624076783764
1544.975	0.00003843209632794784
1544.9799999999998	0.00003572745633008801
1544.9850000000001	0.00003501009403955045
1544.99	0.000036757781185612895
1544.995	0.00003915149776772351
1545	0.000040496261361619216
1545.0049999999999	0.00004072977354238289
1545.01	0.00003961471794316331
1545.015	0.00003738251790369957
1545.02	0.00003419736508922746
1545.025	0.000030420957629157616
1545.03	0.000027365481049836145
1545.0349999999999	0.000026275924295243684
1545.04	0.00002750952589297488
1545.045	0.0000311697442856812
1545.05	0.0000361807252988968
1545.055	0.00003929162575299917
1545.06	0.00003829268203359314
1545.0649999999998	0.0000343125421416668
1545.0700000000002	0.000030196248358955777
1545.075	0.00002812402301343256
1545.08	0.000027549482217548112
1545.085	0.000028378200477686977
1545.09	0.000030026680335504475
1545.0949999999998	0.00003234859572975156
1545.1000000000001	0.000035467848444870165
1545.105	0.00003896598162730181
1545.1100000000001	0.00004194482097443961
1545.115	0.000044619553214154
1545.12	0.000047043320820505656
1545.125	0.000048395184295752155
1545.13	0.00004887187240683571
1545.135	0.00004910129491133565
1545.14	0.000049293191440760174
1545.145	0.00004949926514351273
1545.1499999999999	0.00004956801421667928
1545.155	0.00004939889335720905
1545.16	0.000049441171345639096
1545.165	0.000049947585442980554
1545.17	0.000050723665432460824
1545.175	0.00005138045908816056
1545.1799999999998	0.00005130137057394804
1545.185	0.00005036834027379003
1545.19	0.00004891153401628965
1545.195	0.00004721921385173091
1545.2	0.00004562748118976922
1545.205	0.000044400508093364015
1545.2099999999998	0.00004362215699965044
1545.2150000000001	0.00004297217809194656
1545.22	0.00004241564095827626
1545.2250000000001	0.000041941909399681756
1545.23	0.00004152640212578817
1545.235	0.000041072215381470704
1545.24	0.0000408391097277559
1545.2450000000001	0.00004123806373142475
1545.25	0.000042305257726327275
1545.255	0.00004409970700068403
1545.26	0.000046678686211710504
1545.2649999999999	0.00004882361426316455
1545.27	0.00005067369964299091
1545.275	0.00005173237291990882
1545.28	0.00005195763516889338
1545.285	0.00005154071375582288
1545.29	0.00005092169926677603
1545.2949999999998	0.000050498323879642984
1545.3	0.00005045044547998584
1545.305	0.00005100642301293637
1545.31	0.00005208421803823402
1545.315	0.00005273259771375282
1545.32	0.00005259793297281691
1545.3249999999998	0.000051916575925870026
1545.33	0.000051416509726506857
1545.335	0.00005099323728720334
1545.3400000000001	0.000049512273873103195
1545.345	0.000046527242273629825
1545.35	0.00004289288819625558
1545.355	0.00004066930335145991
1545.3600000000001	0.00003972196151932646
1545.365	0.00004039082635152596
1545.3700000000001	0.000042524310833053905
1545.375	0.00004528591157802834
1545.3799999999999	0.000048226970689273
1545.385	0.000050316846100804854
1545.39	0.000051294215360938054
1545.395	0.000051364398644606595
1545.4	0.00005091513123297206
1545.405	0.00005016577419137751
1545.4099999999999	0.00004960204556568247
1545.415	0.00004940351416101664
1545.42	0.0000495950277596449
1545.425	0.00005012585286066475
1545.43	0.000050710255855731256
1545.435	0.00005132018436597462
1545.4399999999998	0.00005189125369833226
1545.445	0.00005238599283629039
1545.45	0.00005279646599085526
1545.4550000000002	0.00005311852144961348
1545.46	0.00005334342921435281
1545.465	0.00005344115135965062
1545.47	0.0000533605232315496
1545.475	0.00005318217566314995
1545.48	0.00005302946132653524
1545.4850000000001	0.00005301953569569466
1545.49	0.000053330006916455025
1545.495	0.000053830138333193185
1545.5	0.00005411139564887278
1545.5049999999999	0.00005360670103664513
1545.51	0.00005195610737674163
1545.515	0.000048983525730173976
1545.52	0.000046022041304819144
1545.5249999999999	0.00004462794313451925
1545.53	0.00004541332502046103
1545.535	0.00004721348686094392
1545.54	0.00004786268517342305
1545.545	0.00004602238605242877
1545.55	0.000042766669518439966
1545.5549999999998	0.000039341355136663114
1545.56	0.00003690780113526595
1545.565	0.00003646851827735005
1545.5700000000002	0.00003797315227975484
1545.575	0.000040389761614766875
1545.58	0.00004322275256573189
1545.585	0.000045784317450375964
1545.59	0.00004726317272175241
1545.595	0.00004766535127887362
1545.6000000000001	0.00004755453557111704
1545.605	0.00004748899567160894
1545.61	0.00004760874967336658
1545.615	0.0000478539381473928
1545.62	0.00004806246072158777
1545.625	0.000047719872257326414
1545.63	0.00004672111814816519
1545.635	0.00004517366334908611
1545.6399999999999	0.00004337484752742465
1545.645	0.00004162750659979242
1545.6499999999999	0.00004007652915458671
1545.655	0.00003924845526656755
1545.66	0.000039362198327595395
1545.665	0.000041070318758288284
1545.6699999999998	0.000044014199223343107
1545.675	0.00004755373826853755
1545.68	0.00004953769963281076
1545.6850000000002	0.00004905240647523684
1545.69	0.0000474740926719305
1545.695	0.00004752036756573621
1545.7	0.00004910914288146701
1545.705	0.000050723276123763376
1545.71	0.00005193173997370333
1545.7150000000001	0.00005252004034164917
1545.72	0.000052702224760164674
1545.725	0.000052203810522324965
1545.73	0.000050694794347561665
1545.735	0.00004816914262456429
1545.74	0.00004551530184389214
1545.7450000000001	0.000043613190713649406
1545.75	0.000043090785372482755
1545.7549999999999	0.00004401247767894208
1545.76	0.00004603163676078166
1545.7649999999999	0.000048459857171340646
1545.77	0.000050444252183775226
1545.775	0.00005148028985527883
1545.78	0.000051910691842925427
1545.7849999999999	0.00005193149264102588
1545.79	0.0000517332497931948
1545.7949999999998	0.000051487964286055685
1545.8000000000002	0.00005124169144748261
1545.805	0.00005095901241282661
1545.81	0.000050626020940720694
1545.815	0.000050252748454999474
1545.82	0.00004989931284758823
1545.825	0.00004949802088507976
1545.8300000000002	0.000049089011623769225
1545.835	0.000048711046984092725
1545.84	0.000048475175232927363
1545.845	0.00004853047138221197
1545.85	0.00004894218844398694
1545.855	0.00004952873504717412
1545.8600000000001	0.00004906829342716224
1545.865	0.00004664690467240507
1545.87	0.00004336477161803476
1545.875	0.00003989077868416479
1545.8799999999999	0.00003666038711235203
1545.885	0.00003480099712540718
1545.89	0.000034336262310134576
1545.895	0.000035457682139540826
1545.9	0.000038196565913211554
1545.905	0.00004183625374455209
1545.9099999999999	0.00004529303846759451
1545.9150000000002	0.000046866622221036686
1545.92	0.00004558987355870333
1545.925	0.00004306667129714989
1545.93	0.00004138276448681216
1545.935	0.00004114009860097402
1545.9399999999998	0.00004228648951277075
1545.9450000000002	0.00004446444255182589
1545.95	0.00004717082374622858
1545.955	0.000049122114312378534
1545.96	0.000049880587381425336
1545.965	0.00004960532003670347
1545.9699999999998	0.0000485125959169824
1545.9750000000001	0.00004677401365130437
1545.98	0.000044487469683235145
1545.985	0.0000419426356809948
1545.99	0.00003926170046135247
1545.995	0.000037021408777367536
1546	0.00003482437037672285
1546.005	0.000032858189981833064
1546.01	0.000031611792652118834
1546.015	0.00003109247293814463
1546.02	0.00003137086279028433
1546.0249999999999	0.00003270105735784553
1546.0300000000002	0.000035202222886483364
1546.035	0.00003904017796790351
1546.04	0.000043794345078228146
1546.045	0.000048875842847253805
1546.05	0.00005272687519827218
1546.0549999999998	0.000053915023059167804
1546.0600000000002	0.0000533422646469748
1546.065	0.00005265619848700663
1546.07	0.00005281136333389035
1546.075	0.00005350418654764107
1546.08	0.000053623970013682596
1546.0849999999998	0.0000522866265143557
1546.0900000000001	0.00005012093737175206
1546.095	0.00004882760080982131
1546.1	0.00004934190137010042
1546.105	0.00005156582635291904
1546.11	0.000053632115785200354
1546.1149999999998	0.00005346739425551104
1546.1200000000001	0.00005137170121760645
1546.125	0.000048438717880510434
1546.13	0.000046014416692557985
1546.135	0.00004484313935467463
1546.1399999999999	0.00004483149075536193
1546.145	0.00004570236142378732
1546.15	0.00004706579513791981
1546.155	0.0000487894045327916
1546.16	0.000050555927402818955
1546.165	0.00005209931194333417
1546.1699999999998	0.00005291538182076543
1546.175	0.00005334016394457668
1546.18	0.00005316963384311964
1546.185	0.00005193444748378725
1546.19	0.00004965298887004132
1546.195	0.00004589249842726503
1546.1999999999998	0.00004196668925807863
1546.2050000000002	0.000040615197311251434
1546.21	0.000042659948735301596
1546.215	0.000046280928682710035
1546.22	0.0000472256390723057
1546.225	0.00004553859932844167
1546.23	0.00004424120929679864
1546.2350000000001	0.00004481840178530281
1546.24	0.00004632673745205596
1546.2450000000001	0.00004676958894009484
1546.25	0.00004583182178003825
1546.2549999999999	0.00004433132388957399
1546.26	0.00004344641943925514
1546.265	0.000043783212462776767
1546.27	0.000045149925458493006
1546.275	0.00004664459532377703
1546.28	0.00004697520833336632
1546.2849999999999	0.00004626029520850391
1546.29	0.00004554477841801663
1546.295	0.00004556235138085398
1546.3	0.00004648218466233405
1546.305	0.0000479163271301403
1546.31	0.00004900696851222462
1546.3149999999998	0.00004936125701476586
1546.32	0.000049388448441743045
1546.325	0.00004937062893541062
1546.33	0.00004956539726063224
1546.335	0.000050205459301320906
1546.34	0.00005155362025441648
1546.345	0.00005270773246839002
1546.3500000000001	0.000053856385378072906
1546.355	0.00005472013758753962
1546.3600000000001	0.00005502137208166338
1546.365	0.000054617190601018735
1546.37	0.000053654883748226195
1546.375	0.000052381514347696953
1546.38	0.000050802794375382117
1546.385	0.000049070279203989785
1546.39	0.00004749308166845916
1546.395	0.0000463226102549658
1546.3999999999999	0.00004584707121314034
1546.405	0.000046296342397189654
1546.41	0.00004761311048774922
1546.415	0.000049903674895577114
1546.42	0.00005266304218226613
1546.425	0.00005559444597843975
1546.4299999999998	0.0000570995408185208
1546.435	0.00005600667201883594
1546.44	0.000052187000482221576
1546.445	0.0000472940067522999
1546.45	0.000043739686393046746
1546.455	0.00004282054882353974
1546.46	0.00004433111336722547
1546.465	0.000047492420979268825
1546.47	0.000051281899931590564
1546.4750000000001	0.00005401487563127877
1546.48	0.00005537930377928074
1546.485	0.00005568613469073032
1546.49	0.000055305856129692225
1546.4950000000001	0.00005465067810978923
1546.5	0.00005393435489188289
1546.505	0.0000531172354982525
1546.51	0.000052157674447451666
1546.5149999999999	0.00005103646260814577
1546.52	0.000049803130479973184
1546.525	0.00004891499980518766
1546.53	0.00004814819051480484
1546.535	0.00004797249653327333
1546.54	0.00004865661523231066
1546.5449999999998	0.00005012129620530293
1546.55	0.00005201956203530362
1546.555	0.000053231334315832266
1546.56	0.00005324816021858285
1546.565	0.000052348004901140035
1546.57	0.00005014622868290924
1546.575	0.000047979510234556404
1546.58	0.00004698736895928628
1546.585	0.00004793361395444641
1546.5900000000001	0.00004996400080229382
1546.595	0.00005142970616581352
1546.6	0.0000515378623801511
1546.605	0.00005089317160058988
1546.61	0.0000503002314536511
1546.615	0.00005053135601069391
1546.6200000000001	0.000051456360950772665
1546.625	0.00005241683509141023
1546.6299999999999	0.00005290742111637052
1546.635	0.00005292596161387754
1546.6399999999999	0.00005280104731956537
1546.645	0.00005310872490424058
1546.65	0.00005381608679493039
1546.655	0.00005417181675142561
1546.6599999999999	0.000053641445819468904
1546.665	0.00005209164804759015
1546.67	0.000049981870823331015
1546.675	0.000048266505113540873
1546.68	0.00004721941589467123
1546.685	0.000047008574680188956
1546.69	0.000047691318270163027
1546.695	0.000049137952002525634
1546.7	0.00005087751653302281
1546.7050000000002	0.00005299418287083279
1546.71	0.00005488297458936913
1546.715	0.00005631612649379349
1546.72	0.000057319895264901897
1546.725	0.00005782114066083951
1546.73	0.000058011293955076986
1546.7350000000001	0.00005819417580258614
1546.74	0.00005840348045596724
1546.745	0.0000578883277920839
1546.75	0.0000562759052112527
1546.7549999999999	0.00005374647084675939
1546.76	0.000051187583015375286
1546.765	0.00004894119153027993
1546.77	0.00004776018786145071
1546.7749999999999	0.00004766606547226804
1546.78	0.000048266282022582664
1546.7849999999999	0.00004874103033561184
1546.79	0.00004857687536500356
1546.795	0.000047688447522127735
1546.8	0.00004630379371808707
1546.805	0.00004551124973883244
1546.81	0.0000456276078916022
1546.815	0.000046535368300466236
1546.8200000000002	0.00004749701230502609
1546.825	0.00004826852999660819
1546.83	0.00004877583703309565
1546.835	0.00004925877169684029
1546.84	0.00004995034748050826
1546.845	0.00005089477046619134
1546.8500000000001	0.000051901594231286956
1546.855	0.0000524488788325373
1546.86	0.000052551321433000556
1546.865	0.000051863416129985045
1546.87	0.00005031204468443183
1546.875	0.000048500404516286156
1546.88	0.000046549982456709226
1546.885	0.00004501195242150225
1546.8899999999999	0.00004478254790835413
1546.895	0.000046386488603378764
1546.8999999999999	0.000050636927391107425
1546.905	0.000054354985500243126
1546.91	0.000052124251867672
1546.915	0.000046084201337142814
1546.92	0.000043493462816322584
1546.925	0.000046581577138249904
1546.9299999999998	0.000051479172417380144
1546.9350000000002	0.00005481630887670869
1546.94	0.000054179055478476547
1546.945	0.000052117538465101455
1546.95	0.000050422779236562747
1546.955	0.00004971111558613196
1546.96	0.00004994612630512482
1546.9650000000001	0.00005039299136859284
1546.97	0.0000498269704382076
1546.975	0.00004808123547150392
1546.98	0.00004555629160547445
1546.985	0.00004310930930556421
1546.99	0.00004156120543718907
1546.9950000000001	0.00004121129786316495
1547	0.00004249885872182747
1547.0049999999999	0.00004482616519242325
1547.01	0.00004765223983426779
1547.0149999999999	0.00005051265063184995
1547.0200000000002	0.00005304435506733804
1547.025	0.00005501579343838519
1547.03	0.0000561518787252284
1547.035	0.000056990137522734955
1547.04	0.00005746768629959555
1547.0449999999998	0.00005767234615148181
1547.0500000000002	0.000057653389013040874
1547.055	0.00005743443647746014
1547.06	0.00005712534084014833
1547.065	0.0000567970401805181
1547.07	0.00005654762415643074
1547.0749999999998	0.000056642653338804096
1547.0800000000002	0.00005714909079722904
1547.085	0.00005796882974898447
1547.09	0.000058616068695077204
1547.095	0.0000587723466261757
1547.1	0.00005801372121902186
1547.1049999999998	0.000056061614105166334
1547.1100000000001	0.00005307561666749879
1547.115	0.000050316847498965074
1547.12	0.000048205745081079845
1547.125	0.000047537377064515674
1547.1299999999999	0.00004880655352058347
1547.135	0.00005143589086230085
1547.14	0.00005437898272470707
1547.145	0.000056446916661021355
1547.15	0.00005632290490138495
1547.155	0.00005509462930770664
1547.1599999999999	0.000054612697213893686
1547.165	0.00005582680743169873
1547.17	0.0000582550277878713
1547.175	0.000059972022587414714
1547.18	0.0000596794114779767
1547.185	0.00005795685151173661
1547.1899999999998	0.000055735787318210987
1547.1950000000002	0.00005418435312170923
1547.2	0.000053752077978314625
1547.205	0.00005418951326675884
1547.21	0.00005525980011773663
1547.215	0.00005677058497621751
1547.2199999999998	0.000058083892244824356
1547.2250000000001	0.000058915510866642555
1547.23	0.00005919158479972554
1547.235	0.000059181842886068276
1547.24	0.00005921379700238312
1547.245	0.00005970904620461901
1547.25	0.00006064446068127979
1547.255	0.00006198007993162486
1547.26	0.00006311659826907696
1547.265	0.00006371224798445803
1547.27	0.0000626669181146089
1547.2749999999999	0.000058999995371121
1547.28	0.00005479580195388066
1547.285	0.0000534673914536829
1547.29	0.00005465529144520432
1547.295	0.000057549325824541705
1547.3	0.000060241154812026095
1547.3049999999998	0.00006136565209895096
1547.31	0.000060945485912508194
1547.315	0.00005948730741765462
1547.32	0.00005776746871165797
1547.325	0.00005633900892123117
1547.33	0.000055753464860795676
1547.3349999999998	0.000056357088394536525
1547.3400000000001	0.00005804694139093682
1547.345	0.00006004485520639742
1547.3500000000001	0.00006106401263073615
1547.355	0.00005929225331148059
1547.36	0.00005639528088113833
1547.365	0.00005458500740545847
1547.3700000000001	0.00005474828409673768
1547.375	0.00005650141381074437
1547.38	0.00005887909552852505
1547.385	0.00006062764040772824
1547.3899999999999	0.000060535185567009325
1547.395	0.00005903408320397814
1547.4	0.000057227078256711644
1547.405	0.00005592133754632547
1547.41	0.00005548103642728398
1547.415	0.00005586874214587037
1547.4199999999998	0.00005679752544649093
1547.425	0.00005702095625468462
1547.43	0.00005518157755453935
1547.435	0.000051260101810830356
1547.44	0.00004614302898499392
1547.445	0.000043769698762103776
1547.4499999999998	0.000045131254525045685
1547.455	0.000049899818661549736
1547.46	0.00005546059026890604
1547.4650000000001	0.0000574952294723583
1547.47	0.00005415384378568176
1547.475	0.00004974280233858639
1547.48	0.00004707951302654159
1547.4850000000001	0.00004775502393367978
1547.49	0.00005137868779310106
1547.4950000000001	0.00005621781351163203
1547.5	0.00006016545392148638
1547.5049999999999	0.00006151422924563758
1547.51	0.00006148038580280012
1547.515	0.00006163324999920614
1547.52	0.00006225004168399292
1547.525	0.00006243863030836919
1547.53	0.00006140160600517579
1547.5349999999999	0.00005956454625803904
1547.54	0.000058287522402801016
1547.545	0.00005778174895582842
1547.55	0.00005831135782616989
1547.555	0.00005957881636445635
1547.56	0.00006029054528772695
1547.5649999999998	0.00006021254972845946
1547.57	0.000059172971733377536
1547.575	0.00005691259856715568
1547.5800000000002	0.00005412979586928205
1547.585	0.000051411831697217796
1547.59	0.00004881529578469284
1547.595	0.00004663488665974583
1547.6	0.00004560264647712224
1547.605	0.000046422119477488
1547.6100000000001	0.00004924545039376122
1547.615	0.00005390658758509696
1547.62	0.00005835704095196349
1547.625	0.000060907619491315184
1547.6299999999999	0.0000619439882661724
1547.635	0.0000621007347945124
1547.64	0.00006204711307426475
1547.645	0.00006183405059676214
1547.6499999999999	0.00006139706836027502
1547.655	0.00006073527214331565
1547.66	0.00005998670560596968
1547.665	0.0000592972223048077
1547.67	0.000058788728187106066
1547.675	0.00005855759108531712
1547.6799999999998	0.000058297492663534894
1547.685	0.0000578145093897895
1547.69	0.00005713285823288158
1547.6950000000002	0.00005637940544157399
1547.7	0.00005570683859564365
1547.705	0.00005523696017917246
1547.71	0.00005523696017917246
1547.715	0.00005559752650428815
1547.72	0.00005626042241968966
1547.7250000000001	0.000057104682899339576
1547.73	0.00005801940757489467
1547.735	0.00005887440052645893
1547.74	0.000059455312982371254
1547.745	0.000059544686028015785
1547.75	0.000059169329114954326
1547.755	0.00005816365754408066
1547.76	0.0000568755468114874
1547.7649999999999	0.0000556236115492777
1547.77	0.00005439491365030585
1547.7749999999999	0.0000537750552453058
1547.78	0.00005429151067985486
1547.785	0.00005609986969701669
1547.79	0.00005859853295197865
1547.7949999999998	0.00006023133152142866
1547.8	0.00005809239547090274
1547.805	0.00005328327713416549
1547.8100000000002	0.0000487024034833602
1547.815	0.00004752821001168579
1547.82	0.000049547068352547525
1547.825	0.00005398773126227844
1547.83	0.000059004881440016204
1547.835	0.00006241225638977048
1547.8400000000001	0.00006332298857280296
1547.845	0.00006286183173350166
1547.85	0.00006255010230595287
1547.855	0.00006286218380433279
1547.86	0.0000628886357491838
1547.865	0.00006126170645217968
1547.8700000000001	0.00005800817623632934
1547.875	0.00005450066651519366
1547.8799999999999	0.000052280112953969475
1547.885	0.000052159807637887415
1547.8899999999999	0.000053748185065857856
1547.895	0.00005607705662959254
1547.9	0.00005822848699757809
1547.905	0.0000593178540338097
1547.9099999999999	0.00005940364475506901
1547.915	0.000058981162968957756
1547.9199999999998	0.00005836758544525011
1547.9250000000002	0.00005806877121525956
1547.93	0.00005810811556411564
1547.935	0.00005853032170470761
1547.94	0.00005924976352783019
1547.945	0.00006024402311688621
1547.95	0.00006132668798065297
1547.9550000000002	0.00006257175231254281
1547.96	0.00006311957257775782
1547.965	0.00006248430369043721
1547.97	0.00005938978116423011
1547.975	0.000056016065638267256
1547.98	0.00005523434322289894
1547.9850000000001	0.000057021268204880256
1547.99	0.00005863222326213835
1547.995	0.000057702778162245555
1548	0.00005506347357256872
1548.0049999999999	0.000052457481973121586
1548.01	0.00005120469730388301
1548.015	0.00005110306322665361
1548.02	0.00005144507569467119
1548.0249999999999	0.0000521757257945708
1548.03	0.00005346355350229047
1548.0349999999999	0.000055183020367999256
1548.0400000000002	0.0000569057229105588
1548.045	0.0000581527974049744
1548.05	0.00005773475843378793
1548.055	0.000055944894534130185
1548.06	0.000054075409249168814
1548.0649999999998	0.00005285965747141479
1548.0700000000002	0.00005280305282892473
1548.075	0.00005412874443281565
1548.08	0.00005695642001545882
1548.085	0.0000597395197406388
1548.09	0.00006218231479346618
1548.095	0.00006412989949001395
1548.1000000000001	0.00006553146610386657
1548.105	0.00006641077731693696
1548.11	0.00006694528776781208
1548.115	0.00006724434204933074
1548.12	0.00006727879359738884
1548.125	0.00006695810775042216
1548.13	0.00006607829472780846
1548.135	0.00006432908041423995
1548.14	0.00006175873069578723
1548.145	0.000059365942567024883
1548.1499999999999	0.0000583967520706391
1548.1550000000002	0.00005994431021642891
1548.16	0.00006326384661808603
1548.165	0.000067169994490818
1548.17	0.00006866444428141006
1548.175	0.00006810692433374902
1548.1799999999998	0.00006651727156036861
1548.1850000000002	0.00006470089032717662
1548.19	0.000062738251489956
1548.195	0.00006048559896966111
1548.2	0.00005831451062649551
1548.205	0.000057020108842845184
1548.2099999999998	0.000057491831507160444
1548.2150000000001	0.00005980558635348525
1548.22	0.00006277961308461204
1548.225	0.0000643951889975404
1548.23	0.00006359240291616541
1548.235	0.00006116957932608775
1548.2399999999998	0.00005911165639877352
1548.2450000000001	0.000058851302761527305
1548.25	0.00005985830312271878
1548.255	0.000060670776236972554
1548.26	0.00005947914967916877
1548.2649999999999	0.000055975332020357956
1548.27	0.00005236347349154732
1548.275	0.000047998150078916265
1548.28	0.0000443871844862366
1548.285	0.00004182574530329616
1548.29	0.00004046707699791111
1548.2949999999998	0.00004059039959517141
1548.3	0.00004247930425738113
1548.305	0.00004621395422445761
1548.31	0.00005090062385545808
1548.315	0.00005430433459401847
1548.32	0.000055338581562557413
1548.3249999999998	0.00005607705189022535
1548.3300000000002	0.00005590129091637206
1548.335	0.00005207789250523206
1548.34	0.00004887594538572645
1548.345	0.00004864751694414544
1548.35	0.00005117324714930619
1548.3549999999998	0.00005444228714011477
1548.3600000000001	0.00005667712359495398
1548.365	0.000057918120355174107
1548.3700000000001	0.000058347754578114465
1548.375	0.000057369756589316214
1548.3799999999999	0.000054092993345996424
1548.385	0.00004865022858823977
1548.39	0.00004288726831532719
1548.395	0.00003938943950568712
1548.4	0.00003878047649605833
1548.405	0.00004118736051489194
1548.4099999999999	0.000046249519509879374
1548.415	0.000052287063539955506
1548.42	0.00005724892435089681
1548.425	0.00006026275158009524
1548.43	0.000060971567843996626
1548.435	0.00006176543101382012
1548.4399999999998	0.0000631522400229854
1548.445	0.00006492735788758277
1548.45	0.00006639761698426254
1548.455	0.00006680170610926928
1548.46	0.00006598459273299806
1548.465	0.00006460282133862794
1548.47	0.00006348160949932191
1548.4750000000001	0.0000631157217753378
1548.48	0.00006412789697533017
1548.4850000000001	0.0000663090882776593
1548.49	0.00006822522658298987
1548.495	0.00006912371419415128
1548.5	0.00006809760098652446
1548.505	0.00006702493338843241
1548.51	0.00006741431231528865
1548.515	0.00006899485408871086
1548.52	0.00007044199470595804
1548.5249999999999	0.00007050727630843515
1548.53	0.00006967805390146194
1548.535	0.00006871572399464055
1548.54	0.00006827597974982912
1548.545	0.00006816231151623258
1548.55	0.00006790751623338799
1548.5549999999998	0.00006713272976847943
1548.56	0.00006595370284246151
1548.565	0.00006453569698615292
1548.57	0.00006281570455992211
1548.575	0.000060942530477647344
1548.58	0.000059048930327595513
1548.585	0.000057796976819450854
1548.59	0.000057654054406051835
1548.595	0.000058499882777328745
1548.6000000000001	0.000059724110701696426
1548.605	0.00006042323477507715
1548.61	0.00005969515915583647
1548.615	0.000057584460748663414
1548.6200000000001	0.000055288947745638584
1548.625	0.00005259153859390153
1548.63	0.00005060549854364078
1548.635	0.00004920521537891762
1548.6399999999999	0.000048941592113772426
1548.645	0.00004951082942732259
1548.65	0.000051112430689691235
1548.655	0.000053555846654437854
1548.66	0.000055271813423010745
1548.665	0.00005511560339074655
1548.6699999999998	0.000053796378426396384
1548.675	0.000053886444527697494
1548.68	0.00005585241871987639
1548.685	0.000057712776911135705
1548.69	0.000057018438376483783
1548.695	0.00005471152688338681
1548.7	0.0000530570034725107
1548.705	0.000052470795826101806
1548.71	0.00005294116556790138
1548.7150000000001	0.00005417306955306656
1548.72	0.000056005555814356064
1548.725	0.000058421158101764206
1548.73	0.0000612619357391366
1548.735	0.00006397911961208496
1548.74	0.00006592704733525747
1548.7450000000001	0.0000668356689221102
1548.75	0.00006732482964562905
1548.7549999999999	0.00006767576509680235
1548.76	0.00006778837706227422
1548.7649999999999	0.00006751149884715369
1548.77	0.00006677288215367125
1548.775	0.00006560527872322845
1548.78	0.00006478362592330252
1548.7849999999999	0.0000645504075325343
1548.79	0.0000649758361708039
1548.795	0.00006596131535218415
1548.8	0.0000672359677037977
1548.805	0.00006863978817281811
1548.81	0.00006984308071975061
1548.815	0.00007085026293652791
1548.82	0.00007147123335600118
1548.825	0.00007164567068684838
1548.8300000000002	0.00007153017328404181
1548.835	0.00007104415656563966
1548.84	0.00007026312681786944
1548.845	0.0000693656847547297
1548.85	0.00006854148043801926
1548.855	0.00006764180586837926
1548.8600000000001	0.00006631168578046675
1548.865	0.00006449067690411134
1548.87	0.00006262864995148258
1548.875	0.0000616933678349723
1548.8799999999999	0.00006184799506519624
1548.885	0.00006206618077694475
1548.89	0.00006111615592554926
1548.895	0.000058852803870801886
1548.8999999999999	0.00005713164876514199
1548.905	0.000057614247602688835
1548.9099999999999	0.00006030488613769607
1548.915	0.00006345918496248399
1548.92	0.00006351280898874383
1548.925	0.000059611370834018335
1548.93	0.00005494301667390784
1548.935	0.00005270407874105084
1548.94	0.000053753376665603024
1548.9450000000002	0.00005739976252458329
1548.95	0.00006219275212765844
1548.955	0.00006596257980458819
1548.96	0.00006738692685984238
1548.965	0.00006653716462927187
1548.97	0.00006451243099774086
1548.9750000000001	0.00006246252920557275
1548.98	0.000060989214553045545
1548.985	0.00006040816650511585
1548.99	0.00006111722994216475
1548.995	0.00006302045401563308
1549	0.00006572029993166081
1549.005	0.00006844189521782849
1549.01	0.0000702907883284229
1549.0149999999999	0.00007009314606694778
1549.02	0.0000688286661225334
1549.0249999999999	0.00006829894761078333
1549.03	0.00006813461994444378
1549.035	0.00006781523023767624
1549.04	0.00006792616669711644
1549.045	0.00006895458165304752
1549.05	0.00007060973712227167
1549.0549999999998	0.0000721865394048283
1549.0600000000002	0.00007348078273356506
1549.065	0.00007438045864147501
1549.07	0.00007494138788285813
1549.075	0.00007544353036987259
1549.08	0.00007586766937024602
1549.085	0.00007598642535645599
1549.0900000000001	0.00007544666447421694
1549.095	0.00007411114967508352
1549.1	0.00007211559631452059
1549.105	0.00006987553750439282
1549.11	0.00006805972411411326
1549.115	0.00006723579458110866
1549.1200000000001	0.00006728544425027908
1549.125	0.00006802822662824148
1549.1299999999999	0.00006919147901361006
1549.135	0.00007059107712146888
1549.1399999999999	0.00007170822838933499
1549.145	0.00007251470709818411
1549.15	0.0000730026649179352
1549.155	0.00007319312801822954
1549.16	0.00007293782069331201
1549.165	0.00007230068718357168
1549.1699999999998	0.00007138828521681073
1549.1750000000002	0.00007015467882711514
1549.18	0.00006846470203765516
1549.185	0.00006671030503933405
1549.19	0.00006470689534510605
1549.195	0.00006288555118457372
1549.1999999999998	0.00006128308541404307
1549.2050000000002	0.000060941385357327515
1549.21	0.00006247942113839434
1549.215	0.00006564379333435566
1549.22	0.00006965333480302739
1549.225	0.00007143713967342197
1549.2299999999998	0.00007095012907626552
1549.2350000000001	0.00007006994698767638
1549.24	0.00007026934763355771
1549.245	0.00007162080134702229
1549.25	0.00007202618704769418
1549.2549999999999	0.00007022727943617643
1549.26	0.00006644211469459955
1549.265	0.00006262218529376683
1549.27	0.00006048971363260128
1549.275	0.000060542958492566143
1549.28	0.00006270979095763602
1549.2849999999999	0.00006606885750411937
1549.2900000000002	0.00006937297176396426
1549.295	0.00007194628140453408
1549.3	0.00007327323310965708
1549.305	0.00007380977806973693
1549.31	0.00007387477221475092
1549.3149999999998	0.00007386529302738064
1549.3200000000002	0.0000739401002577422
1549.325	0.00007412574630723219
1549.33	0.00007436357418458506
1549.335	0.00007463963991178627
1549.34	0.00007490100538240862
1549.3449999999998	0.00007506182591126477
1549.3500000000001	0.00007512299210417258
1549.355	0.00007507849889748013
1549.36	0.00007502210792812674
1549.365	0.00007490727953788163
1549.37	0.00007473374204474099
1549.375	0.00007457812472873577
1549.38	0.00007423644547427026
1549.385	0.00007357328138394995
1549.39	0.00007238651915074053
1549.395	0.00007081674167683848
1549.3999999999999	0.00006952420526044542
1549.405	0.00006859935825877396
1549.41	0.00006821378703323817
1549.415	0.00006832317214777262
1549.42	0.00006876984205246942
1549.425	0.00006935417473059862
1549.4299999999998	0.00006991705340185319
1549.435	0.00007041808303703922
1549.44	0.00007080338233143837
1549.445	0.00007092638257809353
1549.45	0.00007071127519027978
1549.455	0.0000701411411874518
1549.4599999999998	0.00006948964693144232
1549.4650000000001	0.000068998208336393
1549.47	0.00006860262883004628
1549.475	0.00006823224537381086
1549.48	0.00006784427581615637
1549.485	0.00006734614705896878
1549.49	0.00006696373469079923
1549.4950000000001	0.0000666293035107388
1549.5	0.00006630179388394844
1549.505	0.00006595238409415817
1549.51	0.00006557759012911456
1549.5149999999999	0.00006505273808365305
1549.52	0.00006451802425786175
1549.525	0.000063877574259311
1549.53	0.00006308382778692967
1549.535	0.00006207466878280544
1549.54	0.00006058906264788289
1549.5449999999998	0.000059005104477471496
1549.55	0.000057290995644403615
1549.555	0.0000557099745453682
1549.56	0.00005478748101283094
1549.565	0.000055196406775559374
1549.57	0.000057391446468242436
1549.5749999999998	0.0000605887158096164
1549.58	0.00006372893120910779
1549.585	0.00006587342153001517
1549.5900000000001	0.00006696257601333078
1549.595	0.00006737149667804865
1549.6	0.00006772168405408684
1549.605	0.00006823603603649634
1549.6100000000001	0.00006894113561973174
1549.615	0.00006967107417890761
1549.6200000000001	0.00007039235668920493
1549.625	0.00007105306628304051
1549.6299999999999	0.00007164302758579627
1549.635	0.00007220335242633762
1549.64	0.00007274295808443677
1549.645	0.00007323584575054661
1549.65	0.00007351738168158706
1549.655	0.00007347503562721636
1549.6599999999999	0.00007318254213113295
1549.665	0.0000726549320596167
1549.67	0.00007225079993811913
1549.675	0.00007211105549131485
1549.68	0.00007226380480517161
1549.685	0.0000727512891733091
1549.6899999999998	0.00007357206028979916
1549.695	0.00007466868182757678
1549.7	0.00007586594027508225
1549.7050000000002	0.00007681290123241545
1549.71	0.00007715853991959464
1549.715	0.00007646210221304028
1549.72	0.00007461679679797397
1549.725	0.00007328915066121976
1549.73	0.00007390479319107932
1549.7350000000001	0.00007591572633225411
1549.74	0.00007707515031199492
1549.745	0.00007614515141271269
1549.75	0.00007442230394585153
1549.755	0.00007200037802164154
1549.76	0.00006930000177375762
1549.765	0.00006682507631439473
1549.77	0.000065562871585982
1549.7749999999999	0.0000662354510018278
1549.78	0.00006887514312406693
1549.785	0.00007245001841395837
1549.79	0.00007503847618029507
1549.795	0.00007563443998424434
1549.8	0.00007431532329156573
1549.8049999999998	0.00007215866949712225
1549.81	0.0000704695364145922
1549.815	0.00007015673087017563
1549.8200000000002	0.00007145978151101414
1549.825	0.00007327165304521614
1549.83	0.0000750819591087713
1549.835	0.00007656322527343953
1549.84	0.00007755615026205261
1549.845	0.00007815195417788191
1549.8500000000001	0.00007841173839017723
1549.855	0.00007851854073805051
1549.86	0.00007841795644123543
1549.865	0.00007797775808696934
1549.87	0.00007712182402108544
1549.875	0.0000759595902775056
1549.88	0.00007426970870727458
1549.885	0.00007230702627419924
1549.8899999999999	0.0000707123503368949
1549.895	0.00006994473811629
1549.8999999999999	0.00007048627546799575
1549.905	0.00007270026231456593
1549.91	0.00007585738794058393
1549.915	0.00007885672657462497
1549.9199999999998	0.00008057777613576281
1549.925	0.00008071105851686805
1549.93	0.00007978568715604225
1549.9350000000002	0.00007864195038420838
1549.94	0.00007731782303982568
1549.945	0.00007573548966704143
1549.95	0.00007456456608004009
1549.955	0.00007429801884787092
1549.96	0.00007534567486374929
1549.9650000000001	0.0000774763057028306
1549.97	0.00007956953989190325
1549.975	0.00008048580311294756
1549.98	0.0000799198145049918
1549.985	0.00007867478900267054
1549.99	0.00007795956572673808
1549.9950000000001	0.00007821565450551769
1550	0.00007902910447528218
1550.0049999999999	0.00007950879811645244
1550.01	0.00007902130895629471
1550.0149999999999	0.00007764190101954037
1550.02	0.00007554457264308378
1550.025	0.00007365271981754053
1550.03	0.00007188797152427461
1550.0349999999999	0.00007033628574490244
1550.04	0.00006925944041113693
1550.0449999999998	0.00006882221593728753
1550.0500000000002	0.00006902307711674423
1550.055	0.00007000535295332518
1550.06	0.00007157737618970254
1550.065	0.00007288653695122
1550.07	0.00007311698825845932
1550.075	0.00007147815841411022
1550.0800000000002	0.00006839763686835175
1550.085	0.00006625172582546944
1550.09	0.00006612934663526959
1550.095	0.00006666524755876438
1550.1	0.00006513937891649077
1550.105	0.00006157616916339154
1550.1100000000001	0.00005767073129869339
1550.115	0.00005538352308747331
1550.12	0.00005547155956905708
1550.125	0.000057471259197243685
1550.1299999999999	0.00006078919455171218
1550.135	0.00006470663710246678
1550.14	0.00006862459715674927
1550.145	0.00007174504573118254
1550.1499999999999	0.00007335435079906077
1550.155	0.00007325497913588235
1550.1599999999999	0.00007185569984121265
1550.1650000000002	0.00007001463756559412
1550.17	0.00006873332097147925
1550.175	0.00006892378407177352
1550.18	0.00007017878126044444
1550.185	0.0000713441530165056
1550.1899999999998	0.00007190705195071272
1550.1950000000002	0.00007174120119555418
1550.2	0.00007109448856495815
1550.205	0.00007034728350137736
1550.21	0.00007020956030212668
1550.215	0.00007087464156691453
1550.22	0.00007230156779017795
1550.2250000000001	0.00007418538193347249
1550.23	0.00007612839263996043
1550.235	0.0000778531137154673
1550.24	0.00007847072201063315
1550.245	0.00007702076548179556
1550.25	0.00007388416116208923
1550.255	0.00006959437069633476
1550.26	0.00006534556473243423
1550.2649999999999	0.00006322640171089814
1550.27	0.0000637732663298896
1550.2749999999999	0.00006667698677187033
1550.2800000000002	0.00007125618154791583
1550.285	0.00007646381764274513
1550.29	0.00007968469419752225
1550.295	0.0000813547598866969
1550.3	0.00008136562918049787
1550.3049999999998	0.00008080211917690605
1550.3100000000002	0.00008061096516945479
1550.315	0.00008097174187122375
1550.32	0.00008143656419317338
1550.325	0.00008153594566381852
1550.33	0.00008122017330715572
1550.3349999999998	0.00008087764019205496
1550.3400000000001	0.00008085993975862611
1550.345	0.00008103040587946342
1550.35	0.00008114815865558651
1550.355	0.00008096366327119589
1550.36	0.00008034125706843576
1550.3649999999998	0.00007950339808511987
1550.3700000000001	0.00007867893489788172
1550.375	0.00007809673924860696
1550.38	0.00007769424781694778
1550.385	0.0000774369818923439
1550.3899999999999	0.00007732774652130964
1550.395	0.00007726774431128507
1550.4	0.0000772403582232073
1550.405	0.00007721449885631448
1550.41	0.00007718511650415282
1550.415	0.00007714006804963796
1550.4199999999998	0.00007718872599198594
1550.425	0.00007748652670212707
1550.43	0.00007796454571515374
1550.435	0.00007831770925495208
1550.44	0.0000783530427557432
1550.445	0.00007862072303848487
1550.4499999999998	0.00007916723037942032
1550.4550000000002	0.00008003260112672877
1550.46	0.0000809813782149905
1550.465	0.00008198093956546884
1550.47	0.0000828287515689885
1550.475	0.00008308530474329479
1550.4799999999998	0.00008249306224153835
1550.4850000000001	0.00008108097987582378
1550.49	0.00007898133208139028
1550.4950000000001	0.00007658545965855503
1550.5	0.00007495917578158621
1550.5049999999999	0.00007452227564927404
1550.51	0.00007528224630353387
1550.515	0.00007702235246275962
1550.52	0.00007931783198671959
1550.525	0.00008113411050924372
1550.53	0.00008213326383459975
1550.5349999999999	0.0000825335341193497
1550.54	0.00008252110158317592
1550.545	0.00008227831217113733
1550.55	0.00008194133991120459
1550.555	0.00008143489689424166
1550.56	0.00008060671104914356
1550.5649999999998	0.00007934060715773134
1550.57	0.00007767450415235711
1550.575	0.00007581438949880608
1550.58	0.00007418552829477477
1550.585	0.00007301273743668092
1550.59	0.00007289688802267235
1550.5949999999998	0.00007401841259585366
1550.6000000000001	0.0000762812403587943
1550.605	0.00007768275464984807
1550.6100000000001	0.0000766919443559617
1550.615	0.00007343486020549062
1550.62	0.00007033516869493717
1550.625	0.00006925049825747871
1550.63	0.00006978971456657748
1550.635	0.00006946946038862225
1550.64	0.00006725750092763903
1550.645	0.00006336982008436704
1550.6499999999999	0.00006008934011893584
1550.655	0.000058827613542234505
1550.66	0.00006002800571427776
1550.665	0.00006305964152854977
1550.67	0.00006639595855533163
1550.675	0.00006781872552240472
1550.6799999999998	0.00006669302661444554
1550.685	0.00006474194347440733
1550.69	0.00006352562677281797
1550.695	0.00006342917828390468
1550.7	0.00006379284791296475
1550.705	0.00006408346262270695
1550.71	0.00006401726488241316
1550.715	0.00006387827593683375
1550.72	0.00006385242159012704
1550.7250000000001	0.000064154055475285
1550.73	0.00006472144710052278
1550.735	0.00006561236595185903
1550.74	0.00006673914145777019
1550.7450000000001	0.00006787004634555765
1550.75	0.00006879470852842673
1550.755	0.00006910751108080145
1550.76	0.00006855339846999218
1550.7649999999999	0.00006747341072830355
1550.77	0.00006689703544793111
1550.775	0.00006810654291225479
1550.78	0.0000704480842954699
1550.785	0.00007154406342046923
1550.79	0.00007150550278308302
1550.7949999999998	0.0000726376964007916
1550.8	0.00007560048158334314
1550.805	0.0000792710584064003
1550.81	0.00008218892225783922
1550.815	0.00008355897435754653
1550.82	0.000083797021805133
1550.825	0.00008333716784600606
1550.83	0.00008146137857291383
1550.835	0.00007815196324937961
1550.8400000000001	0.00007416894981651687
1550.845	0.0000703941652446362
1550.85	0.00006773832218631045
1550.855	0.00006666585816058354
1550.86	0.00006672067172986681
1550.865	0.00006734240590165413
1550.8700000000001	0.00006815547104998748
1550.875	0.00006894305401034964
1550.8799999999999	0.0000696771001427352
1550.885	0.00007051124017681147
1550.8899999999999	0.00007154812048445096
1550.895	0.00007262361800899264
1550.9	0.00007361913230074673
1550.905	0.00007448709855992913
1550.9099999999999	0.00007520644083602335
1550.915	0.00007553570983015951
1550.92	0.00007546546163938935
1550.925	0.00007499194797035747
1550.93	0.00007423584154833689
1550.935	0.00007321935675999609
1550.94	0.00007211113516156112
1550.945	0.00007113351016062612
1550.95	0.00007059754951296175
1550.9550000000002	0.00007078604232259128
1550.96	0.00007182441177406776
1550.965	0.00007363929614884197
1550.97	0.00007505373401227799
1550.975	0.00007534397969638444
1550.98	0.00007389660474779458
1550.9850000000001	0.00007119299670082049
1550.99	0.00006828528686260758
1550.995	0.00006550059840011722
1551	0.0000630659489653442
1551.0049999999999	0.0000610461431009141
1551.01	0.00005929307105448083
1551.015	0.000057377506146652425
1551.02	0.00005515893242280898
1551.0249999999999	0.000053480548251228124
1551.03	0.000052731838404271796
1551.0349999999999	0.0000533402379361208
1551.04	0.000055544527325071815
1551.045	0.00005909412209493019
1551.05	0.00006372865606033545
1551.055	0.00006847468433056584
1551.06	0.00007260212165382565
1551.065	0.00007594479561982794
1551.0700000000002	0.000078336553056176
1551.075	0.00008006388470369977
1551.08	0.00008108986361005763
1551.085	0.00008186984626631006
1551.09	0.00008246565289108716
1551.095	0.00008306706531035792
1551.1000000000001	0.00008372038631036563
1551.105	0.0000841843910705967
1551.11	0.00008472881131205072
1551.115	0.00008484954722909693
1551.12	0.0000845108998127949
1551.125	0.00008379921975737551
1551.13	0.00008364571323664497
1551.135	0.00008514749335748041
1551.1399999999999	0.00008692463420357743
1551.145	0.00008693380207094355
1551.1499999999999	0.00008535364347159179
1551.155	0.00008516945809978033
1551.16	0.00008621770548695846
1551.165	0.00008672524954223266
1551.17	0.00008463247232692372
1551.175	0.00008065820767051627
1551.1799999999998	0.00007661316696507393
1551.1850000000002	0.00007420330483937837
1551.19	0.0000743737527696271
1551.195	0.00007553335724495764
1551.2	0.00007553693072460084
1551.205	0.00007303050000303699
1551.21	0.0000679134978437678
1551.2150000000001	0.00006135176244225906
1551.22	0.00005603339526025735
1551.225	0.00005332669710354084
1551.23	0.000052999190050363907
1551.235	0.0000548811953787307
1551.24	0.00005868816051342218
1551.2450000000001	0.00006406490542353803
1551.25	0.00006967717798945728
1551.2549999999999	0.0000741302134733132
1551.26	0.00007734530339932148
1551.2649999999999	0.00007947198290955248
1551.27	0.00007996353447936725
1551.275	0.00007968351478266702
1551.28	0.00007940442691450066
1551.285	0.00007926205734374213
1551.29	0.00007928466623940815
1551.2949999999998	0.00007932444141896831
1551.3000000000002	0.00007889659968801572
1551.305	0.00007757617940709136
1551.31	0.00007518242044473765
1551.315	0.0000722795569566064
1551.32	0.00006972526661329198
1551.3249999999998	0.00006852462954291618
1551.3300000000002	0.0000685060072779992
1551.335	0.00006950323339612308
1551.34	0.000070845893258347
1551.345	0.00007203362134962131
1551.35	0.00007276356817961828
1551.355	0.00007321749944966588
1551.3600000000001	0.00007318771350686739
1551.365	0.00007311816936091601
1551.37	0.00007357355404310647
1551.375	0.0000751812363915463
1551.3799999999999	0.00007803840183119617
1551.385	0.00008123850332626005
1551.39	0.00008355268693047251
1551.395	0.00008358577906362154
1551.4	0.00008063481562627648
1551.405	0.00007627283029127649
1551.4099999999999	0.00007273170679361454
1551.4150000000002	0.00007016507412714899
1551.42	0.00006914628592994554
1551.425	0.00006978739532585105
1551.43	0.00007148345154269671
1551.435	0.000074158681361024
1551.4399999999998	0.00007750915654269986
1551.4450000000002	0.00008105181953250611
1551.45	0.00008458594254536733
1551.455	0.00008687176622500445
1551.46	0.00008730691084001053
1551.465	0.00008596308442527428
1551.4699999999998	0.00008366095908109798
1551.4750000000001	0.00008347854208110781
1551.48	0.00008590840408111729
1551.485	0.00008586247713287924
1551.49	0.00007782441897758686
1551.495	0.00007012552833546541
1551.5	0.00006921962280284753
1551.505	0.00007462862424044092
1551.51	0.00008149257749152663
1551.515	0.00008268941182307474
1551.52	0.00007926613555909984
1551.5249999999999	0.00007541916204327428
1551.53	0.00007409446695900662
1551.535	0.00007549847591148812
1551.54	0.00007825747916425955
1551.545	0.00008075124322397332
1551.55	0.00008103088943713034
1551.5549999999998	0.00008025306901884222
1551.56	0.00007931437609887524
1551.565	0.00007882945833070519
1551.57	0.0000790456833614125
1551.575	0.00007904568337835374
1551.58	0.00007826698794496662
1551.5849999999998	0.00007700316997406485
1551.5900000000001	0.00007574231759216404
1551.595	0.00007516069139946019
1551.6	0.00007569124374545389
1551.605	0.00007678023735848678
1551.61	0.00007829852679456385
1551.615	0.00007988401840930206
1551.6200000000001	0.0000810029275596268
1551.625	0.00008174769458100945
1551.63	0.00008211700280449828
1551.635	0.00008236585841370682
1551.6399999999999	0.00008247521231080616
1551.645	0.00008227889005764202
1551.65	0.00008140939239608402
1551.655	0.00007970544279904339
1551.66	0.00007718674554675247
1551.665	0.0000748204132621545
1551.6699999999998	0.00007391048883185027
1551.675	0.0000748796278562559
1551.68	0.00007657987718074025
1551.685	0.00007763151771974924
1551.69	0.00007760279691406678
1551.695	0.00007715860436391333
1551.6999999999998	0.00007621453495947303
1551.705	0.00007479604463916527
1551.71	0.00007297153520403054
1551.715	0.00007183620889413433
1551.72	0.00007231438621502953
1551.725	0.0000751397616643207
1551.73	0.00008039382722516145
1551.7350000000001	0.00008661462704289885
1551.74	0.00009047121673331812
1551.7450000000001	0.00009075479692666685
1551.75	0.00008841490594551792
1551.7549999999999	0.00008553139891446653
1551.76	0.00008379730417918885
1551.765	0.00008338613501688057
1551.77	0.00008379353643209017
1551.775	0.0000843904719328074
1551.78	0.00008481977714104797
1551.7849999999999	0.00008506110819416385
1551.79	0.00008518304383084153
1551.795	0.00008549263056179766
1551.8	0.00008618186627237114
1551.805	0.00008724242943989981
1551.81	0.00008868411553609803
1551.8149999999998	0.00009046422748577043
1551.82	0.0000915390012945737
1551.825	0.0000912116574219969
1551.83	0.00008967928820590222
1551.835	0.00008865581102196195
1551.84	0.00008871276317093031
1551.845	0.00008866112658482529
1551.85	0.00008789262581713609
1551.855	0.00008726487233190923
1551.8600000000001	0.00008680166072321942
1551.865	0.00008611520510645767
1551.87	0.00008500500708064624
1551.875	0.00008405051836208211
1551.88	0.0000836706913231972
1551.885	0.00008405722129967733
1551.89	0.00008499158717229328
1551.895	0.000086053965588863
1551.8999999999999	0.00008691637992707609
1551.905	0.00008721429401158664
1551.91	0.00008616424880078601
1551.915	0.00008401238417944769
1551.92	0.00008110911438476669
1551.925	0.00007824460959729244
1551.9299999999998	0.00007623939173315691
1551.935	0.00007534566982765114
1551.94	0.0000762393958366471
1551.9450000000002	0.00007842613233354761
1551.95	0.0000810943193873339
1551.955	0.0000838273709254759
1551.96	0.00008646033606553605
1551.965	0.00008878987106541604
1551.97	0.00009053893432494004
1551.9750000000001	0.00009182680382644204
1551.98	0.0000925938967152036
1551.985	0.00009288863465553076
1551.99	0.00009288406001675714
1551.995	0.00009259974984373803
1552	0.00009220840877337033
1552.005	0.0000919491443118781
1552.01	0.0000919615720707876
1552.0149999999999	0.00009207491068222528
1552.02	0.00009125350548028125
1552.0249999999999	0.00008846062928769383
1552.03	0.0000838096233293708
1552.035	0.0000795258591924361
1552.04	0.00007712256262546305
1552.0449999999998	0.00007786888133453563
1552.05	0.00008096468196514281
1552.055	0.00008488039817347711
1552.0600000000002	0.00008904134095956431
1552.065	0.00009143815141611138
1552.07	0.00009212267446206862
1552.075	0.00009149875423257051
1552.08	0.00009030725787457997
1552.085	0.00008933156250993254
1552.0900000000001	0.0000888600897472705
1552.095	0.00008884255108236071
1552.1	0.00008908942183426461
1552.105	0.00008920408271088998
1552.11	0.00008886668154231569
1552.115	0.00008807028220560473
1552.1200000000001	0.00008714875413595953
1552.125	0.00008647018482177312
1552.1299999999999	0.0000861619773825523
1552.135	0.0000861130298599143
1552.1399999999999	0.00008600208097314371
1552.145	0.00008548459309981088
1552.15	0.00008424713460860052
1552.155	0.0000813499313222635
1552.1599999999999	0.00007800663775429162
1552.165	0.00007358692124904874
1552.1699999999998	0.00006891803222671966
1552.1750000000002	0.00006555049851342223
1552.18	0.00006572208935239242
1552.185	0.0000682213662272294
1552.19	0.00006933987483581509
1552.195	0.00006728431355926724
1552.2	0.00006597948412370155
1552.2050000000002	0.0000681839901008012
1552.21	0.00007226412090620993
1552.215	0.00007601837014087947
1552.22	0.00007871190926791656
1552.225	0.00008059628696230441
1552.23	0.00008060433363450829
1552.2350000000001	0.00007756725883716235
1552.24	0.00007166778173298102
1552.245	0.00006518452120277731
1552.25	0.00006136727390225958
1552.2549999999999	0.00006134255685444536
1552.26	0.00006547137480952383
1552.265	0.00007302026684144045
1552.27	0.00008234453142498566
1552.2749999999999	0.00008884965500483553
1552.28	0.00008938228154449318
1552.2849999999999	0.00008694792995231166
1552.2900000000002	0.00008416889945918365
1552.295	0.00008336425366892215
1552.3	0.00008535681640886957
1552.305	0.00008854901030844844
1552.31	0.00009119940557118519
1552.3149999999998	0.00009277118049377902
1552.3200000000002	0.00009309731312506215
1552.325	0.00009233334088443832
1552.33	0.00009116695555037869
1552.335	0.00009016519160969509
1552.34	0.00008916552371892092
1552.345	0.00008776125045430878
1552.3500000000001	0.00008538514502437247
1552.355	0.00008149448004949328
1552.36	0.00007643323408433677
1552.365	0.00007084171631225052
1552.37	0.00006539125068197013
1552.375	0.000059938820378197884
1552.38	0.00005621200496689025
1552.385	0.00005438639618870381
1552.3899999999999	0.00005561465182321216
1552.395	0.00005930279019148801
1552.3999999999999	0.00006624992247002883
1552.4050000000002	0.00007272037111254209
1552.41	0.00007647772624337442
1552.415	0.00007699161204967678
1552.42	0.00007708842885288565
1552.425	0.00007883905640936174
1552.4299999999998	0.00008187239267835057
1552.4350000000002	0.00008392182643588992
1552.44	0.00008327666576517146
1552.445	0.00008095791091726172
1552.45	0.0000792482622312415
1552.455	0.0000790770462758525
1552.4599999999998	0.00007957462615600494
1552.4650000000001	0.00007881331845766722
1552.47	0.00007598851903064628
1552.475	0.00007119753239432508
1552.48	0.0000667570179950331
1552.485	0.00006324242328225796
1552.4899999999998	0.000060661841589842704
1552.4950000000001	0.000059265316791526635
1552.5	0.00005935833465660937
1552.5049999999999	0.00006084773903056453
1552.51	0.00006426440571213551
1552.5149999999999	0.00007039701189485024
1552.52	0.00007732188634161303
1552.525	0.00008086360815240219
1552.53	0.00007645063827911966
1552.535	0.00006967641545385215
1552.54	0.00006901907049907812
1552.5449999999998	0.00007098337687511709
1552.5500000000002	0.00006675462491027447
1552.555	0.00005617982667929387
1552.56	0.000050013898439498224
1552.565	0.0000499461259298845
1552.57	0.000057922326732726404
1552.5749999999998	0.00007165800099772358
1552.5800000000002	0.00008482757997709656
1552.585	0.0000913722446206486
1552.59	0.0000894153130965955
1552.595	0.00008692768999389609
1552.6	0.00008721229730920462
1552.6049999999998	0.00008963347698114912
1552.6100000000001	0.00009299765853534692
1552.615	0.0000951823052309658
1552.6200000000001	0.0000947623984035794
1552.625	0.00009385068106737355
1552.6299999999999	0.00009352828543454605
1552.635	0.00009434237217990029
1552.64	0.00009591005477857642
1552.645	0.00009659547897986393
1552.65	0.0000965932517387632
1552.655	0.00009639663110042691
1552.6599999999999	0.00009641081569518146
1552.665	0.00009699244188788542
1552.67	0.0000978407720950044
1552.675	0.00009847634952394035
1552.68	0.0000984428879138046
1552.685	0.00009749061371757149
1552.6899999999998	0.00009561526546200895
1552.695	0.00009270297569840181
1552.7	0.00008949906478879692
1552.705	0.00008677128482914311
1552.71	0.00008520520943167825
1552.715	0.0000845122704490859
1552.7199999999998	0.00008398880901647742
1552.7250000000001	0.00008251636503514773
1552.73	0.00008012381582563564
1552.7350000000001	0.00007716249015175045
1552.74	0.00007369861223200511
1552.745	0.00006907466874643535
1552.75	0.00006519300797819755
1552.755	0.0000620441267657487
1552.76	0.00006114631247122914
1552.765	0.00006333407012469797
1552.77	0.00006891161997272525
1552.7749999999999	0.00007737278225081766
1552.78	0.00008623548952639248
1552.785	0.00009247437265103032
1552.79	0.00009473941463511433
1552.795	0.00009441059635367499
1552.8	0.0000933428602721493
1552.8049999999998	0.00009249022455942793
1552.81	0.00009228247867664744
1552.815	0.0000927371749681814
1552.82	0.00009392942965878024
1552.825	0.0000952295590287749
1552.83	0.00009615022847308155
1552.8349999999998	0.00009620934966798123
1552.84	0.00009505791018259747
1552.845	0.00009286771581100578
1552.8500000000001	0.000089827108707433
1552.855	0.00008547054218389262
1552.86	0.00008129587254985557
1552.865	0.00007762406824220877
1552.8700000000001	0.00007511985009050372
1552.875	0.00007480727822197979
1552.88	0.00007863288963323615
1552.885	0.00008481104743830448
1552.8899999999999	0.00009043168497036983
1552.895	0.0000939613598438539
1552.9	0.00009721011165567381
1552.905	0.00009976704622364347
1552.91	0.00010000262650989707
1552.915	0.0000988319662552258
1552.9199999999998	0.00009797469232465792
1552.925	0.00009762280534942894
1552.93	0.00009688131116396941
1552.935	0.00009529054578589572
1552.94	0.0000933541466796628
1552.945	0.000091799833914203
1552.9499999999998	0.00009120624650707577
1552.955	0.00009160026371549659
1552.96	0.0000927129079794439
1552.9650000000001	0.0000941366462413717
1552.97	0.00009511285587758271
1552.975	0.00009528346800616558
1552.98	0.00009475151855441921
1552.985	0.00009357758780014085
1552.99	0.00009169083959769332
1552.9950000000001	0.00008963851331612536
1553	0.00008734197044150798
1553.0049999999999	0.00008522241514321324
1553.01	0.00008366691279050534
1553.015	0.00008269069196054538
1553.02	0.00008234144816906085
1553.025	0.00008250354035503621
1553.03	0.00008313218314027342
1553.0349999999999	0.00008415777111329305
1553.04	0.00008549022382028622
1553.045	0.00008674061963310512
1553.05	0.00008753403995032071
1553.055	0.00008764993639785237
1553.06	0.00008721591840674635
1553.065	0.00008708999870245183
1553.07	0.00008790640399320015
1553.075	0.00008946902055690365
1553.0800000000002	0.00009082236950739887
1553.085	0.00009184550498248024
1553.09	0.00009358489858853778
1553.095	0.00009631975460672637
1553.1	0.00009897565156200682
1553.105	0.0000991259510067224
1553.1100000000001	0.00009645983020243012
1553.115	0.0000932259422475339
1553.12	0.000091888797591898
1553.125	0.00009324656124381127
1553.1299999999999	0.0000959180943587162
1553.135	0.00009692009291575835
1553.14	0.00009489050572505228
1553.145	0.0000917570929593019
1553.1499999999999	0.00009031384744220543
1553.155	0.00009194041602804699
1553.1599999999999	0.00009581838320557134
1553.165	0.00009969824546326256
1553.17	0.00010173644109769878
1553.175	0.00010138155767437888
1553.18	0.00009900981682368089
1553.185	0.00009595163431840206
1553.19	0.00009395294199084578
1553.1950000000002	0.0000926785714285439
1553.2	0.00009269407879192899
1553.205	0.0000942104826747703
1553.21	0.00009648089262550441
1553.215	0.0000987630466170853
1553.22	0.00010000223158406003
1553.2250000000001	0.00009900293676699564
1553.23	0.00009730492715569829
1553.235	0.00009793631018431216
1553.24	0.00010022022556923274
1553.245	0.00009829925080737734
1553.25	0.00009299047303577518
1553.255	0.00008974940121815864
1553.26	0.00009264264570848996
1553.2649999999999	0.0000972742396563798
1553.27	0.00010072065189403357
1553.2749999999999	0.0001008346008665894
1553.28	0.00009941217258505022
1553.285	0.00009827291225011212
1553.29	0.00009797625632766303
1553.295	0.00009846231582594732
1553.3	0.00009915167341474679
1553.3049999999998	0.00009974783165435943
1553.3100000000002	0.00010033997512872969
1553.315	0.00010104909112856501
1553.32	0.00010194866714335009
1553.325	0.00010291565383807698
1553.33	0.00010335342488062118
1553.335	0.00010328309433662778
1553.3400000000001	0.00010278982430155485
1553.345	0.00010200903771076274
1553.35	0.00010108601688453652
1553.355	0.00010034333753555086
1553.36	0.00010014771084581574
1553.365	0.00010057311683371032
1553.3700000000001	0.0001015360971906345
1553.375	0.00010269353505782299
1553.3799999999999	0.00010388003048140513
1553.385	0.00010392748589585176
1553.3899999999999	0.00010239583325843614
1553.395	0.00009919280173653248
1553.4	0.00009418755376885264
1553.405	0.0000882152603830961
1553.41	0.00008346104438769813
1553.415	0.00008113897519861477
1553.4199999999998	0.00008197171976566541
1553.4250000000002	0.00008590767652275924
1553.43	0.00008934658217798061
1553.435	0.00009123270991831594
1553.44	0.00009261278305924051
1553.445	0.00009554584561890364
1553.4499999999998	0.00009960761394766491
1553.4550000000002	0.00010312252532181032
1553.46	0.00010368757755402396
1553.465	0.0001015531465582349
1553.47	0.00009946948619842815
1553.475	0.00009888593495239836
1553.48	0.00009976247796149894
1553.4850000000001	0.00009984869877995111
1553.49	0.00009732615122626301
1553.495	0.00009354778772914464
1553.5	0.00009070046556910881
1553.5049999999999	0.00009026551935453699
1553.51	0.00009193313870322858
1553.515	0.00009406913142671521
1553.52	0.00009534777452182796
1553.525	0.0000952357509514422
1553.53	0.00009370143036931953
1553.5349999999999	0.00009124050579265713
1553.5400000000002	0.00008922962599984298
1553.545	0.00008741404984639047
1553.55	0.00008630014789303997
1553.555	0.00008584689541112395
1553.56	0.00008618245054573034
1553.5649999999998	0.00008721835372359537
1553.5700000000002	0.00008873362080982399
1553.575	0.00008939551177152282
1553.58	0.00008785127104968463
1553.585	0.00008407434535343523
1553.59	0.00008186353432768914
1553.5949999999998	0.0000825148962177963
1553.6000000000001	0.0000839456926533862
1553.605	0.00008555821184387448
1553.61	0.00008802861959302197
1553.615	0.00009169240335893657
1553.62	0.00009499429281952518
1553.6249999999998	0.0000974338271985457
1553.63	0.00009870952794570672
1553.635	0.00009900949070484708
1553.64	0.00009896161230519169
1553.645	0.00009866124312788193
1553.6499999999999	0.00009793894008714396
1553.655	0.00009655323231076716
1553.66	0.00009435790231154336
1553.665	0.00009142811317376999
1553.67	0.00008851997066111122
1553.675	0.00008622254262783156
1553.6799999999998	0.00008519022404354401
1553.685	0.00008569843063759208
1553.69	0.00008781568202236046
1553.695	0.00009196715567041656
1553.7	0.00009659086473419775
1553.705	0.00010114461795333467
1553.7099999999998	0.00010475642260087253
1553.7150000000001	0.00010658803853280736
1553.72	0.00010710306534269868
1553.725	0.00010685160881140716
1553.73	0.00010641541833830129
1553.735	0.00010616851562736621
1553.7399999999998	0.00010620603848854359
1553.7450000000001	0.00010626561576375886
1553.75	0.00010586887098272623
1553.755	0.00010462248383981491
1553.76	0.00010248112613412224
1553.7649999999999	0.00010019356061828444
1553.77	0.00009937305479304301
1553.775	0.00010076476054336226
1553.78	0.00010295569024976665
1553.785	0.00010323543475045037
1553.79	0.00010134320362051546
1553.7949999999998	0.00009962583691322122
1553.8	0.00009932123064652287
1553.805	0.00009991853154159674
1553.81	0.00009986723776370456
1553.815	0.00009825663880709258
1553.82	0.0000958962912997304
1553.8249999999998	0.00009275367431803519
1553.83	0.00008929413656241536
1553.835	0.00008560284977039996
1553.84	0.00008172341350290225
1553.845	0.00007860556887118158
1553.85	0.00007687737415084101
1553.855	0.00007743032469588103
1553.8600000000001	0.00008055159884617998
1553.865	0.00008512158697042168
1553.8700000000001	0.00008927603770827111
1553.875	0.00009205790208648277
1553.8799999999999	0.00009204587853495093
1553.885	0.00008988599416254745
1553.89	0.00008743235283687976
1553.895	0.000084629344151843
1553.9	0.00008261279509362611
1553.905	0.0000816564883190115
1553.9099999999999	0.0000817239349119236
1553.915	0.00008227342142417086
1553.92	0.00008251331746578208
1553.925	0.00008143191386172178
1553.93	0.00007963501170849391
1553.935	0.00007943260869121892
1553.9399999999998	0.00008364983489911898
1553.945	0.00008948095528304543
1553.95	0.00009157941581499387
1553.955	0.00008948478147592932
1553.96	0.00008730658039218934
1553.965	0.00008636227483503476
1553.97	0.0000863814885418241
1553.975	0.00008659849487259776
1553.98	0.00008679878908476943
1553.9850000000001	0.00008744289431169605
1553.99	0.0000890515854374791
1553.995	0.00009180585234747283
1554	0.00009534509602462291
1554.005	0.00009925696096066652
1554.01	0.0001028595952042467
1554.015	0.0001064855478180518
1554.02	0.00010965129357171981
1554.0249999999999	0.00011194642642328473
1554.03	0.0001134023338064853
1554.035	0.00011368971367000993
1554.04	0.00011353235414852551
1554.045	0.00011319064030999905
1554.05	0.00011284533780851176
1554.0549999999998	0.00011254262276552178
1554.06	0.0001120502136670765
1554.065	0.00011071828635589752
1554.07	0.00010840977655467768
1554.075	0.00010487295830780989
1554.08	0.0000999295884487653
1554.085	0.00009506900623075832
1554.09	0.00009133249246016406
1554.095	0.00008800919859928784
1554.1000000000001	0.00008606777761729296
1554.105	0.0000862099677233502
1554.11	0.0000884742589613039
1554.115	0.00009297451997756617
1554.12	0.00009834007147115005
1554.125	0.00010217684317683215
1554.13	0.00010334188981953079
1554.135	0.00010207605922287375
1554.1399999999999	0.00009930634002408022
1554.145	0.00009585160327305707
1554.1499999999999	0.00009357835481491922
1554.155	0.00009287974970421379
1554.16	0.00009384460539134463
1554.165	0.00009594867325671368
1554.1699999999998	0.00009707440209159612
1554.175	0.00009550170829911982
1554.18	0.00009128264692537457
1554.1850000000002	0.00008612781249920588
1554.19	0.00008240396440901152
1554.195	0.00008149646309215824
1554.2	0.00008318142260809913
1554.205	0.00008659365691977037
1554.21	0.00009084279778617994
1554.2150000000001	0.00009451030081375464
1554.22	0.00009715643744445397
1554.225	0.00009884078587101922
1554.23	0.00009961615834208864
1554.235	0.00009992002660236596
1554.24	0.00010006434684137726
1554.2450000000001	0.00010019608449865327
1554.25	0.00010057673834783721
1554.2549999999999	0.00010105731339920372
1554.26	0.00010194321312393186
1554.2649999999999	0.00010268996693252276
1554.27	0.0001037184811236086
1554.275	0.00010476492035617792
1554.28	0.00010598927032504752
1554.2849999999999	0.0001075364793557814
1554.29	0.00010909637555677073
1554.2949999999998	0.00010981892409498156
1554.3000000000002	0.00010932494485163645
1554.305	0.00010930019530233707
1554.31	0.0001088919403141573
1554.315	0.00010404077405838522
1554.32	0.00009567730345508606
1554.325	0.00008769332381314823
1554.3300000000002	0.00008524109514292962
1554.335	0.00008927580539507652
1554.34	0.00009647838951997607
1554.345	0.00010113726984214867
1554.35	0.00009944977834942638
1554.355	0.00009084220652144787
1554.3600000000001	0.00008323825828049942
1554.365	0.00008055110157749047
1554.37	0.00008259486463043947
1554.375	0.00008850379741468645
1554.3799999999999	0.00009676604153273198
1554.385	0.00010045440923354204
1554.39	0.00009728277251495895
1554.395	0.00009147589331806817
1554.3999999999999	0.00008598844795098631
1554.405	0.00008308068150792279
1554.4099999999999	0.00008436360886655175
1554.4150000000002	0.00008808033534625776
1554.42	0.00009363794835872343
1554.425	0.00009963496353965631
1554.43	0.00010446462039665078
1554.435	0.00010726696163777093
1554.4399999999998	0.00010663484505769982
1554.4450000000002	0.00010372765776913861
1554.45	0.00010039667361920879
1554.455	0.00009756393018843432
1554.46	0.00009643465192869682
1554.465	0.00009801937876145755
1554.47	0.0001020179713781075
1554.4750000000001	0.00010518083056933483
1554.48	0.00010420186383462708
1554.485	0.00009966650334304128
1554.49	0.00009568589529052183
1554.495	0.00009424370649450606
1554.5	0.00009519224221934345
1554.505	0.00009764326788507373
1554.51	0.00010029836842627548
1554.5149999999999	0.00010269079085568456
1554.52	0.00010405410066909826
1554.5249999999999	0.00010419431379463341
1554.5300000000002	0.00010294907132839518
1554.535	0.00010020303502529612
1554.54	0.00009633024489718174
1554.545	0.00009350012635245229
1554.55	0.00009237674883045786
1554.5549999999998	0.000093320519174016
1554.5600000000002	0.00009628832388307151
1554.565	0.00010035296768836008
1554.57	0.00010397270010450715
1554.575	0.00010647099875533438
1554.58	0.0001078231601606692
1554.5849999999998	0.0001079224614244574
1554.5900000000001	0.00010741372758458597
1554.595	0.00010692977292172346
1554.6	0.0001065408263789935
1554.605	0.0001066580873988266
1554.61	0.00010743026397806644
1554.615	0.00010878401163567297
1554.6200000000001	0.00011087484418790745
1554.625	0.00011264581999376229
1554.6299999999999	0.00011241145499824925
1554.635	0.00010870548245198179
1554.6399999999999	0.0001024233177729636
1554.645	0.00009723091958995551
1554.65	0.00009529899228609153
1554.655	0.00009846176679284263
1554.66	0.00010477590572881909
1554.665	0.00011066552299078407
1554.6699999999998	0.00011293479901332916
1554.6750000000002	0.00011132614629948541
1554.68	0.00010892310841203183
1554.685	0.00010784733369524152
1554.69	0.00010804692387152194
1554.695	0.00010877722231929713
1554.6999999999998	0.00010936509419894287
1554.7050000000002	0.00010964053574898976
1554.71	0.00010959862722201242
1554.715	0.00010923234835904647
1554.72	0.00010868861286609364
1554.725	0.00010775463100893548
1554.7299999999998	0.00010599047039100914
1554.7350000000001	0.00010325174597185597
1554.74	0.00009959590724305837
1554.745	0.00009448680256599099
1554.75	0.0000902136185128066
1554.7549999999999	0.00008684529242254401
1554.76	0.00008508276738638767
1554.765	0.00008495453829752294
1554.77	0.0000860869928904539
1554.775	0.0000883137195593814
1554.78	0.00009080765636434489
1554.7849999999999	0.00009285866993934091
1554.79	0.00009400851976369122
1554.795	0.00009430097085520454
1554.8	0.00009422999574656935
1554.805	0.00009452702708963224
1554.81	0.00009585904160046376
1554.8149999999998	0.00009847313782594325
1554.82	0.00010138164015537855
1554.825	0.00010244655073373641
1554.83	0.00010113079994964917
1554.835	0.00009931867173297428
1554.84	0.00009838995378286325
1554.8449999999998	0.0000987941320854672
1554.8500000000001	0.00009983107473144831
1554.855	0.00010151710588446048
1554.86	0.00010402281019578609
1554.865	0.00010779060735311132
1554.87	0.0001118867259156279
1554.875	0.00011555098004220856
1554.88	0.00011845270286099577
1554.885	0.00012031602766568945
1554.89	0.00012111505428740512
1554.895	0.00012072745095790723
1554.8999999999999	0.00011877810930097195
1554.905	0.0001153341921233955
1554.91	0.00011135791356783752
1554.915	0.00010805282916690429
1554.92	0.00010639658326107967
1554.925	0.0001066159811177378
1554.9299999999998	0.0001083809137959094
1554.935	0.00011159168609909894
1554.94	0.0001145482461677905
1554.945	0.00011698446480818038
1554.95	0.00011883167832683802
1554.955	0.00011968412499284938
1554.9599999999998	0.00011925437484537754
1554.965	0.00011792519833307985
1554.97	0.0001155215709654859
1554.975	0.00011292366233392393
1554.98	0.00011116303855791362
1554.985	0.00011072138474457924
1554.99	0.0001112799645210364
1554.9950000000001	0.00011232018825800614
1555	0.0001138004298258976
1555.005	0.00011478948340304878
1555.01	0.00011408993771183357
1555.0149999999999	0.00011335580307175989
1555.02	0.00011355010377089243
1555.025	0.00011434169953398957
1555.03	0.00011396420235470085
1555.035	0.00011134808852619487
1555.04	0.00010758779023517619
1555.0449999999998	0.00010413409046988769
1555.05	0.00010348546028873409
1555.055	0.0001052953246356567
1555.06	0.00010842272978335317
1555.065	0.00011152936150080361
1555.07	0.00011343371722234434
1555.0749999999998	0.00011290628186211064
1555.08	0.00011143530565769682
1555.085	0.00011095896601071866
1555.0900000000001	0.00011168138964808655
1555.095	0.000113176887540186
1555.1	0.00011459790403023368
1555.105	0.00011459790403023368
1555.11	0.00011351488953790498
1555.115	0.00011234485644506212
1555.1200000000001	0.00011143008756548371
1555.125	0.00011101408013596722
1555.1299999999999	0.00011146094519943518
1555.135	0.00011252385793341869
1555.14	0.00011307179245707593
1555.145	0.00011247207956957778
1555.15	0.00011043316394246131
1555.155	0.00010683593467766249
1555.1599999999999	0.00010245074652469782
1555.165	0.00009942251942556361
1555.17	0.0000996028163759058
1555.175	0.0001040264567883098
1555.18	0.00011123920629176606
1555.185	0.00011360458805350524
1555.19	0.00010682577986386043
1555.195	0.00009775063948046414
1555.2	0.00009287154645988163
1555.2050000000002	0.00009504646742184592
1555.21	0.00010143284359368006
1555.215	0.00010686448069463786
1555.22	0.00010660621211627642
1555.225	0.00010184700592310801
1555.23	0.00009582082257401633
1555.2350000000001	0.00009223700092855047
1555.24	0.00009161311668471113
1555.245	0.00009299391110929526
1555.25	0.00009547536490480223
1555.2549999999999	0.00009849614322318987
1555.26	0.00010163422354114939
1555.265	0.00010429987475422931
1555.27	0.000105487907116129
1555.2749999999999	0.0001044227241261986
1555.28	0.00010141373396804955
1555.2849999999999	0.00009757483953148023
1555.29	0.00009342842038335329
1555.295	0.000090893503208658
1555.3	0.00008894513104665272
1555.305	0.00008842975184849158
1555.31	0.00008934492059666989
1555.315	0.00009172026769134025
1555.3200000000002	0.00009548405054947305
1555.325	0.00010070535018193145
1555.33	0.00010526853545642473
1555.335	0.00010479134217110939
1555.34	0.00009570408478516857
1555.345	0.00008733997146974125
1555.3500000000001	0.00008921119927540341
1555.355	0.00009813555389302514
1555.36	0.00010093050744452117
1555.365	0.00009370270510056579
1555.37	0.00008559129557012214
1555.375	0.00008454154455016633
1555.38	0.00009005807231126677
1555.385	0.00009914388217758403
1555.3899999999999	0.00010906492011266451
1555.395	0.00011631172373151831
1555.3999999999999	0.00012103823767186261
1555.405	0.0001239382052037474
1555.41	0.00012552810702332585
1555.415	0.00012601965859314055
1555.42	0.0001245003296843231
1555.425	0.00012139515833838723
1555.4299999999998	0.00011696728644848012
1555.4350000000002	0.00011212185501700839
1555.44	0.00010784334994277841
1555.445	0.00010428265797438712
1555.45	0.00010260700335760688
1555.455	0.00010227902428078938
1555.46	0.00010319748470321835
1555.4650000000001	0.00010532312842874306
1555.47	0.0001087661473551822
1555.475	0.00011213324701969367
1555.48	0.00011552825084251811
1555.485	0.0001184099191796476
1555.49	0.00012043772676195269
1555.4950000000001	0.00012187151504186597
1555.5	0.0001230524939121037
1555.5049999999999	0.00012383450347813082
1555.51	0.00012441804130026936
1555.5149999999999	0.0001243907485788081
1555.52	0.0001224413484490682
1555.525	0.00011748055514585716
1555.53	0.00010933366648406617
1555.535	0.00010068445728898362
1555.54	0.00009491206215226615
1555.5449999999998	0.0000935472429035087
1555.5500000000002	0.00009641847035121339
1555.555	0.00010106126621051186
1555.56	0.00010677858608623742
1555.565	0.00010997578450856636
1555.57	0.00011111659113617106
1555.5749999999998	0.00011119509499054699
1555.5800000000002	0.00011149188157890298
1555.585	0.00011259183846343371
1555.59	0.00011448120518602582
1555.595	0.00011641771420644306
1555.6	0.00011767952103755965
1555.605	0.00011829392957391841
1555.6100000000001	0.00011853124304751193
1555.615	0.00011860469424676586
1555.62	0.0001186020939576754
1555.625	0.00011856282539848602
1555.6299999999999	0.00011846002677330519
1555.635	0.00011821108848723166
1555.64	0.00011781435373471498
1555.645	0.00011720286693901439
1555.65	0.00011612242097857097
1555.655	0.00011456552204977976
1555.6599999999999	0.00011264064586814409
1555.6650000000002	0.00011020787204552062
1555.67	0.00010786313424176943
1555.675	0.00010454010823600355
1555.68	0.00010168706563379448
1555.685	0.00009896033923039551
1555.6899999999998	0.00009650899323702052
1555.6950000000002	0.00009364908114874012
1555.7	0.000090331074300055
1555.705	0.00008875863949056865
1555.71	0.00009252162360068685
1555.715	0.00010163537430028243
1555.7199999999998	0.00011225753978323946
1555.7250000000001	0.0001221043548162483
1555.73	0.00012707788817194839
1555.735	0.00012804343176319144
1555.74	0.00012753699822677943
1555.745	0.0001267935532678484
1555.7499999999998	0.00012614221855736737
1555.755	0.00012546554992009747
1555.76	0.00012457361889360084
1555.765	0.0001236947923532089
1555.77	0.00012336411651774662
1555.7749999999999	0.0001234135619435277
1555.78	0.00012329022772380338
1555.785	0.00012230177837684015
1555.79	0.00011978845397104527
1555.795	0.00011522895663399861
1555.8	0.00011078244450437744
1555.8049999999998	0.00010720146558412429
1555.8100000000002	0.00010516284472398864
1555.815	0.00010477165806925599
1555.82	0.00010570612796637238
1555.825	0.00010761475963411852
1555.83	0.00010900532714030392
1555.8349999999998	0.00010926762581116917
1555.8400000000001	0.00010837143920730655
1555.845	0.00010626841977955649
1555.85	0.00010321904438346098
1555.855	0.00010033768798458162
1555.86	0.00009840546270144861
1555.8649999999998	0.00009811225019651227
1555.8700000000001	0.0000997016995827985
1555.875	0.00010277141774799872
1555.88	0.00010625054677993156
1555.885	0.00010872020131536721
1555.8899999999999	0.00011062978264127153
1555.895	0.00011246786830163142
1555.9	0.00011409145845570076
1555.905	0.00011523955192784521
1555.91	0.00011615409213483982
1555.915	0.00011725754588132404
1555.9199999999998	0.00011829862595278732
1555.925	0.00011849659104684322
1555.93	0.00011716493929550131
1555.935	0.00011457665274048778
1555.94	0.00011163521355080902
1555.945	0.00010971919249834918
1555.9499999999998	0.00010950402883028595
1555.955	0.00011042607930840169
1555.96	0.00011154733477173172
1555.965	0.00011207435562023759
1555.97	0.00011185726489288329
1555.975	0.0001113169505573866
1555.9799999999998	0.00011106869218880004
1555.9850000000001	0.00011154234679891964
1555.99	0.00011249326361216786
1555.9950000000001	0.00011354168041861581
1556	0.00011478021321278449
1556.0049999999999	0.00011601135048049594
1556.01	0.00011743422603398577
1556.015	0.00011899728534869678
1556.02	0.00012076039350005398
1556.025	0.00012294525104351202
1556.03	0.00012509308616256415
1556.0349999999999	0.00012574719412463675
1556.04	0.00012394126137465735
1556.045	0.00012130080252087217
1556.05	0.0001214395989705837
1556.055	0.0001252532853424713
1556.06	0.00012743522461300806
1556.0649999999998	0.00012562731746751198
1556.07	0.0001234171389879259
1556.075	0.0001237779856669218
1556.08	0.00012561450288099883
1556.085	0.00012577257228796624
1556.09	0.0001229631346040075
1556.0949999999998	0.00011838511945960787
1556.1	0.00011423424470650844
1556.105	0.00011177959655248161
1556.1100000000001	0.0001111944897228021
1556.115	0.000111647460931828
1556.12	0.00011206549990300021
1556.125	0.00011214910773560403
1556.13	0.00011227217874930088
1556.135	0.0001127063849866038
1556.14	0.0001135670367257563
1556.145	0.00011451936415502751
1556.1499999999999	0.00011512358690703273
1556.155	0.00011520822779906309
1556.16	0.00011473484186074603
1556.165	0.00011379038197645308
1556.17	0.00011268043464239578
1556.175	0.00011124034515262343
1556.1799999999998	0.000109711659075601
1556.185	0.00010821852351146963
1556.19	0.00010696195247474699
1556.195	0.00010635013414148887
1556.2	0.0001067331613387452
1556.205	0.00010832909055864775
1556.21	0.00011091147466235377
1556.215	0.0001138940421646418
1556.22	0.00011448211859838291
1556.2250000000001	0.00011204518372196062
1556.23	0.00010874224121324886
1556.235	0.00010843122860405824
1556.24	0.00011199627658033142
1556.245	0.00011429204234120015
1556.25	0.00011186112578712124
1556.255	0.00010712043674183941
1556.26	0.00010459545157447865
1556.2649999999999	0.00010713621098384919
1556.27	0.00011355046169370277
1556.275	0.00011884535080434893
1556.28	0.00011767124765682475
1556.285	0.00011125748546696237
1556.29	0.00010598242937361105
1556.2949999999998	0.00010728621398865319
1556.3	0.00011500159250173561
1556.305	0.00012233280472558124
1556.3100000000002	0.00012102673165058216
1556.315	0.00010818301416206222
1556.32	0.00009204104956935503
1556.325	0.00008244182479293533
1556.33	0.0000786594696610756
1556.335	0.00007922085631688325
1556.3400000000001	0.00008334041426759717
1556.345	0.0000890454253471044
1556.35	0.00009723786764287223
1556.355	0.00010638679643071549
1556.36	0.00011560122720257867
1556.365	0.0001238602721398486
1556.3700000000001	0.0001283602820785468
1556.375	0.00012849135116842385
1556.3799999999999	0.00012505641632641964
1556.385	0.0001232254806120709
1556.3899999999999	0.00012661297404551733
1556.395	0.0001290978582753275
1556.4	0.000122714990778334
1556.405	0.00011272056891732156
1556.4099999999999	0.00010862545529320453
1556.415	0.0001122579778772021
1556.4199999999998	0.0001195864916985239
1556.4250000000002	0.00012378681193959666
1556.43	0.00011955918828406577
1556.435	0.00011011694959468124
1556.44	0.00010058800222444229
1556.445	0.00009440380961765936
1556.45	0.00009404940775807314
1556.4550000000002	0.0000989097318599952
1556.46	0.00010590302471446625
1556.465	0.00011237327137034143
1556.47	0.00011628847836003135
1556.475	0.00011670535478830968
1556.48	0.00011511972412209613
1556.4850000000001	0.00011498710578621562
1556.49	0.00011651507544767476
1556.495	0.00011908948129428502
1556.5	0.00012160040991081359
1556.5049999999999	0.00012155785133334064
1556.51	0.00011820797126955972
1556.515	0.00011326327565520613
1556.52	0.00010731539031087766
1556.5249999999999	0.00010087730890644955
1556.53	0.0000953786580912696
1556.5349999999999	0.00009112061094927397
1556.5400000000002	0.00008848367694402246
1556.545	0.00008739563294946362
1556.55	0.00008818899571509175
1556.555	0.00009142157608699335
1556.56	0.00009738738703215606
1556.5649999999998	0.0001058658543335784
1556.5700000000002	0.00011650449973057083
1556.575	0.00012472758304775346
1556.58	0.00012617387527898838
1556.585	0.00012445211116204153
1556.59	0.00012494427487263744
1556.595	0.00012928498284382612
1556.6000000000001	0.0001341256950828072
1556.605	0.00013594416662268541
1556.61	0.00013497894346171238
1556.615	0.0001324779247148063
1556.62	0.00012977122433969497
1556.625	0.0001267571451621897
1556.63	0.0001223395528308319
1556.635	0.00011649596253054381
1556.6399999999999	0.00011093364002595402
1556.645	0.00010772924844552947
1556.6499999999999	0.00010842602178877938
1556.6550000000002	0.00011289056111433642
1556.66	0.0001199244718716453
1556.665	0.00012696049486165186
1556.67	0.00013121538528038175
1556.675	0.00013205525139614775
1556.6799999999998	0.00013020530065604565
1556.6850000000002	0.00012657839678319822
1556.69	0.00012214554202312654
1556.695	0.00011826215662347568
1556.7	0.00011494975941740322
1556.705	0.0001120582996128696
1556.7099999999998	0.00011027467371738484
1556.7150000000001	0.00010988216350578185
1556.72	0.00011165973886205518
1556.725	0.00011581510668379606
1556.73	0.00012331587945061084
1556.735	0.00013088712110368128
1556.74	0.00013536008175796022
1556.7450000000001	0.00013671672612150637
1556.75	0.0001377273873813853
1556.7549999999999	0.00013910882978516228
1556.76	0.00014014174961493305
1556.7649999999999	0.00014074605613396992
1556.77	0.0001412848048943219
1556.775	0.0001419443263967085
1556.78	0.00014257851982214264
1556.785	0.00014312905836479803
1556.79	0.0001438097541109976
1556.7949999999998	0.0001444759477671717
1556.8000000000002	0.00014434657125880516
1556.805	0.00014319440810974023
1556.81	0.00014171030499348107
1556.815	0.00014081966366153657
1556.82	0.00014070408936214338
1556.8249999999998	0.0001413892662906662
1556.8300000000002	0.0001417241146303469
1556.835	0.00014131652372314254
1556.84	0.00014004839582035407
1556.845	0.00013828301724336717
1556.85	0.00013674548643440986
1556.8549999999998	0.00013564322736225304
1556.8600000000001	0.00013481779968648334
1556.865	0.00013414356853716115
1556.87	0.00013351796957489982
1556.875	0.00013297281114950968
1556.8799999999999	0.00013265733835269637
1556.885	0.0001327200392365574
1556.89	0.0001329565547516054
1556.895	0.00013303336971489941
1556.9	0.00013234718414811575
1556.905	0.00013010431690208598
1556.9099999999999	0.00012522642426104989
1556.915	0.00011819899345556722
1556.92	0.00011086914726921569
1556.925	0.00010596585960305416
1556.93	0.00010573306476356178
1556.935	0.00011013907950484505
1556.9399999999998	0.00011717140854018181
1556.945	0.00012362295452977165
1556.95	0.0001269848621524708
1556.955	0.00012716398442808244
1556.96	0.00012566910047783676
1556.965	0.0001243681220869521
1556.9699999999998	0.00012414014508055755
1556.9750000000001	0.000124581267110771
1556.98	0.00012513773729125864
1556.985	0.00012514248079676125
1556.99	0.00012415144293667296
1556.995	0.00012227057590437256
1557	0.00011974771984834459
1557.005	0.00011696924072539694
1557.01	0.00011450058587338689
1557.015	0.00011255425364856594
1557.02	0.00011147980373314949
1557.0249999999999	0.00011131225557338828
1557.03	0.00011228722066469006
1557.035	0.00011452997414752233
1557.04	0.00011748153269267795
1557.045	0.00012068835908611445
1557.05	0.00012419646338728753
1557.0549999999998	0.0001271877911245234
1557.06	0.00012908879409359144
1557.065	0.00012960099923014443
1557.07	0.00012827003101832242
1557.075	0.00012546597951269657
1557.08	0.00012236650714437223
1557.0849999999998	0.00012081030715234986
1557.09	0.00012268904895753268
1557.095	0.00012714574844479123
1557.1	0.0001311674710504272
1557.105	0.00013470613344246339
1557.11	0.0001377872605917307
1557.115	0.0001389481748591242
1557.1200000000001	0.00013653893848091317
1557.125	0.00013039697663975398
1557.13	0.0001235103527725107
1557.135	0.00011962775423794387
1557.1399999999999	0.00011930731486501754
1557.145	0.00012223579514422867
1557.15	0.0001265474117765692
1557.155	0.00012991839404474713
1557.16	0.00013118413893577332
1557.165	0.0001305061451336952
1557.1699999999998	0.00013065760829469443
1557.175	0.00013285858128950155
1557.18	0.00013566011779832005
1557.185	0.0001373095480880042
1557.19	0.00013668540478452857
1557.195	0.00013379913974916828
1557.1999999999998	0.00013153025373244275
1557.205	0.00013049881096532766
1557.21	0.0001303842434049404
1557.215	0.00013026645222720298
1557.22	0.00012894362016222606
1557.225	0.00012547300050688102
1557.23	0.00011994538541094755
1557.235	0.0001149417571090941
1557.24	0.00011129416250525807
1557.2450000000001	0.00010932299647567064
1557.25	0.00010943766371831989
1557.2549999999999	0.00011197802053168492
1557.26	0.00011517717307859925
1557.265	0.00011656011119541188
1557.27	0.0001140348617939936
1557.275	0.00010853932140197236
1557.28	0.00010485974842943909
1557.2849999999999	0.00010656462601532254
1557.29	0.00011332424352735501
1557.295	0.00012023582581920717
1557.3	0.00012337185318276673
1557.305	0.00012295218125825513
1557.31	0.00012187948604658144
1557.3149999999998	0.0001221463755692301
1557.32	0.00012412387051873063
1557.325	0.00012681326918897583
1557.3300000000002	0.00012948581797911016
1557.335	0.00013202545500244072
1557.34	0.00013466502677505912
1557.345	0.00013698475911521208
1557.35	0.00013832028459873186
1557.355	0.00013811894996951018
1557.3600000000001	0.00013652916870132681
1557.365	0.00013439478861147083
1557.37	0.00013250124928644986
1557.375	0.00013141005597662973
1557.3799999999999	0.00013164179093484894
1557.385	0.00013322176513074976
1557.39	0.00013546244921997598
1557.395	0.00013822021899978309
1557.3999999999999	0.00014084328802673355
1557.405	0.00014330284163264267
1557.4099999999999	0.0001451384430961873
1557.415	0.00014574631797730896
1557.42	0.00014530539215427203
1557.425	0.00014395902456990054
1557.43	0.00014296986213926529
1557.435	0.00014439771297010818
1557.44	0.00014680380955907097
1557.4450000000002	0.00014296012590200643
1557.45	0.00013409938002881787
1557.455	0.0001315014448700399
1557.46	0.00013580873035395043
1557.465	0.0001418959715007661
1557.47	0.00014275430576190493
1557.4750000000001	0.00014024768338548497
1557.48	0.00013978155840902083
1557.485	0.00014239911941395304
1557.49	0.00014361782908528685
1557.495	0.00014002949081954675
1557.5	0.0001340440394478619
1557.505	0.00012986386422601202
1557.51	0.00012954894310164536
1557.5149999999999	0.00013237385584866405
1557.52	0.00013533875083071247
1557.5249999999999	0.00013163052066323544
1557.53	0.0001233410838791359
1557.535	0.0001143189995296788
1557.54	0.00010756077088135043
1557.545	0.00010463844602591382
1557.55	0.00010653001619536447
1557.5549999999998	0.0001109682436972174
1557.5600000000002	0.00011619723434426284
1557.565	0.00012092250833641112
1557.57	0.00012487832721312257
1557.575	0.00012612977897279146
1557.58	0.00012568061742214008
1557.585	0.00012429806613395222
1557.5900000000001	0.00012263801196440088
1557.595	0.00012145762802235355
1557.6	0.00012148461098739213
1557.605	0.0001227209171465333
1557.61	0.00012474699742834577
1557.615	0.00012629134767641614
1557.6200000000001	0.00012635728321536827
1557.625	0.00012490312082722455
1557.6299999999999	0.00012288498305916825
1557.635	0.00012070924713557551
1557.6399999999999	0.00011815653813576005
1557.645	0.00011550683044321211
1557.65	0.00011432445710235823
1557.655	0.00011566998632286334
1557.66	0.00012046890175982243
1557.665	0.00012720473018715007
1557.6699999999998	0.00013237979114738175
1557.6750000000002	0.00013422400810475757
1557.68	0.0001330001409972595
1557.685	0.00013099346685739187
1557.69	0.00013075266587921888
1557.695	0.00013321359874548462
1557.6999999999998	0.00013791541604734884
1557.7050000000002	0.00014308971281026028
1557.71	0.0001477635381277701
1557.715	0.00015021300273249607
1557.72	0.00015126429359263379
1557.725	0.0001514708446415392
1557.73	0.00015049768274524118
1557.7350000000001	0.00014857177694296405
1557.74	0.00014589303654135154
1557.745	0.0001425992078539067
1557.75	0.0001390322208132068
1557.7549999999999	0.00013553613369041606
1557.76	0.00013270611431894866
1557.765	0.00013060027868287737
1557.77	0.00012921471799810807
1557.775	0.0001296195679456285
1557.78	0.00013239260621272398
1557.7849999999999	0.00013708444982510202
1557.7900000000002	0.000141425766234578
1557.795	0.00014119105642257062
1557.8	0.0001340669072545192
1557.805	0.00012055395220455786
1557.81	0.00010699337642184565
1557.8149999999998	0.00009817168955231395
1557.8200000000002	0.0000950533390040273
1557.825	0.000099171131131091
1557.83	0.00010837129348378156
1557.835	0.00012018056388500236
1557.84	0.00013070827312700208
1557.8449999999998	0.0001357963047310018
1557.8500000000001	0.00013497472675557423
1557.855	0.00013169068111059325
1557.86	0.00012970935213228472
1557.865	0.00013093572901117694
1557.87	0.0001354194700641166
1557.8749999999998	0.0001397990001776452
1557.88	0.0001415191586443242
1557.885	0.00014000018735171686
1557.89	0.00013605167667964457
1557.895	0.00013150826288802183
1557.8999999999999	0.00012723014294461108
1557.905	0.00012510636190550106
1557.91	0.00012435818633284716
1557.915	0.00012489611965461978
1557.92	0.00012670483888558513
1557.925	0.0001299818210556261
1557.9299999999998	0.00013430399769215156
1557.9350000000002	0.00013845347447028516
1557.94	0.00014243533370351895
1557.945	0.00014576537382032703
1557.95	0.00014719412687173728
1557.955	0.0001458272197889653
1557.9599999999998	0.00014202172603122542
1557.9650000000001	0.0001371468895861887
1557.97	0.0001323884710893748
1557.975	0.00012798146983395177
1557.98	0.00012135199110513546
1557.985	0.00011235287729030453
1557.9899999999998	0.00010301568031330412
1557.9950000000001	0.00009829682871988954
1558	0.00009971855938759311
1558.005	0.00010697266751431355
1558.01	0.00011825934985540676
1558.0149999999999	0.00012887813470105746
1558.02	0.00013477123945126345
1558.025	0.00013577334653937142
1558.03	0.0001341889213357753
1558.035	0.0001328729707165151
1558.04	0.00013328172779907105
1558.0449999999998	0.0001350945561237501
1558.05	0.00013729463406939873
1558.055	0.00013880018426570676
1558.06	0.0001392467158211495
1558.065	0.00013865092268453306
1558.07	0.00013673090162119917
1558.0749999999998	0.00013415250286624432
1558.08	0.0001305010262996623
1558.085	0.00012673625588876882
1558.09	0.00012256095260046744
1558.095	0.00011811850157411033
1558.1	0.00011376839787649611
1558.1049999999998	0.00010940985196043458
1558.1100000000001	0.00010561746062132998
1558.115	0.00010243308109669637
1558.1200000000001	0.00010032912490409745
1558.125	0.0001000481279222097
1558.1299999999999	0.00010382217901461837
1558.135	0.00011178906543447572
1558.14	0.00012105566497493224
1558.145	0.00012486036777758727
1558.15	0.00012149284323195607
1558.155	0.00011934274507000886
1558.1599999999999	0.0001222024295009417
1558.165	0.0001288523363523742
1558.17	0.00013337833023871807
1558.175	0.00013057493272738987
1558.18	0.0001231728067346433
1558.185	0.00011526127825991222
1558.1899999999998	0.00011074199516064809
1558.195	0.00011097065226441874
1558.2	0.00011491134338282898
1558.205	0.0001208934579382659
1558.21	0.00012655187785057302
1558.215	0.00012937172540288945
1558.2199999999998	0.00012811275873627668
1558.225	0.00012510538130934597
1558.23	0.00012239561566883684
1558.2350000000001	0.00012124777021113016
1558.24	0.0001221045739594988
1558.245	0.00012537674812975814
1558.25	0.00013018865089043744
1558.255	0.0001348943037677693
1558.26	0.00013892204835393385
1558.265	0.00014183254279924253
1558.27	0.0001430241748840932
1558.2749999999999	0.0001432434364512219
1558.28	0.0001434561534332567
1558.285	0.0001440996274094872
1558.29	0.0001456702950943362
1558.295	0.00014836163064371077
1558.3	0.00015159304034224668
1558.3049999999998	0.00015453163243734933
1558.31	0.0001562635838434809
1558.315	0.00015610102310185736
1558.32	0.00015408330996791156
1558.325	0.00015128334372009104
1558.33	0.00014881847177538045
1558.3349999999998	0.00014880371657759802
1558.34	0.00015159129526658922
1558.345	0.00015358002064258674
1558.3500000000001	0.000148671967627837
1558.355	0.00013419571196755052
1558.36	0.00011925181112085577
1558.365	0.00011147753486408017
1558.37	0.00011197874646817626
1558.375	0.00012134788934075783
1558.38	0.000135867451418071
1558.385	0.00014903718816459437
1558.3899999999999	0.00015461872626083977
1558.395	0.00015321193401830575
1558.4	0.00015167919246190004
1558.405	0.00015263559471838744
1558.41	0.00015475597504029226
1558.415	0.00015674704432513362
1558.4199999999998	0.00015763856784768102
1558.425	0.00015707975197283648
1558.43	0.0001555528173949053
1558.435	0.00015418142483221496
1558.44	0.00015241767270727133
1558.445	0.00015068834198850444
1558.45	0.000148397368421803
1558.455	0.00014590055309310454
1558.46	0.00014326846773950845
1558.4650000000001	0.00014004898954904938
1558.47	0.0001371993701585074
1558.475	0.0001371129102746593
1558.48	0.00014067922638157955
1558.485	0.0001446518369669572
1558.49	0.00013965226108393118
1558.4950000000001	0.00012873107184518113
1558.5	0.00012543483640829758
1558.5049999999999	0.00013359275222953268
1558.51	0.0001463385710206775
1558.5149999999999	0.00015399240562286837
1558.52	0.00015306365103328243
1558.525	0.00014820179833681195
1558.53	0.00014575236044141459
1558.5349999999999	0.00014571506189307024
1558.54	0.0001470615938607006
1558.5449999999998	0.00014906593151261472
1558.5500000000002	0.00015123182954753458
1558.555	0.0001532555129177199
1558.56	0.00015490829820529752
1558.565	0.00015568284814648664
1558.57	0.00015442926392614253
1558.575	0.00015130726902265793
1558.5800000000002	0.00014707869605374524
1558.585	0.0001425564218784386
1558.59	0.00013856191998804445
1558.595	0.00013648147322235712
1558.6	0.0001364043955520711
1558.605	0.00013768414933310033
1558.6100000000001	0.0001400395362915257
1558.615	0.00014302801531003334
1558.62	0.00014543530109296205
1558.625	0.00014717478319999444
1558.6299999999999	0.00014775624729621644
1558.635	0.00014726467539083015
1558.64	0.00014619272352248431
1558.645	0.0001451652600485563
1558.6499999999999	0.00014475698859676923
1558.655	0.00014511847977842263
1558.6599999999999	0.00014590096101775745
1558.6650000000002	0.0001462994509137922
1558.67	0.00014525519814348735
1558.675	0.00014437531123203114
1558.68	0.00014599431567199545
1558.685	0.0001492691555494364
1558.6899999999998	0.0001500633619087556
1558.6950000000002	0.00014463646879243517
1558.7	0.00013777811288607093
1558.705	0.0001351494745480165
1558.71	0.00013803599674914283
1558.715	0.0001448007668011975
1558.72	0.00015154668485714088
1558.7250000000001	0.00015342856659803536
1558.73	0.00015021453300675597
1558.735	0.0001459867021734671
1558.74	0.00014510954506112073
1558.745	0.0001483594371073856
1558.75	0.0001525891548869029
1558.755	0.00015411986855328843
1558.76	0.00015182137976658608
1558.7649999999999	0.00014664642187353793
1558.77	0.00014081434501165904
1558.7749999999999	0.000135792333954948
1558.7800000000002	0.000131597110332634
1558.785	0.00012919251697432924
1558.79	0.0001271858627772377
1558.795	0.00012617074303529304
1558.8	0.0001255947188792551
1558.8049999999998	0.00012566635483764893
1558.8100000000002	0.00012666536327959966
1558.815	0.00012928762694818487
1558.82	0.00013449212739502777
1558.825	0.00014333661131478721
1558.83	0.00015238280843670842
1558.8349999999998	0.00015316440007773243
1558.8400000000001	0.0001482417698870837
1558.845	0.00014637310779837877
1558.85	0.00014670036047545937
1558.855	0.00014284516909369123
1558.86	0.00013300418753678565
1558.865	0.00012341071995488695
1558.8700000000001	0.00011899500298258143
1558.875	0.00012049038185026798
1558.8799999999999	0.0001267899360063567
1558.885	0.0001335777061004869
1558.8899999999999	0.00013724139762037773
1558.895	0.00013716815167414445
1558.9	0.00013508683303201866
1558.905	0.00013431429898324733
1558.91	0.00013523934097379528
1558.915	0.00013592604881924232
1558.9199999999998	0.0001350877449826538
1558.9250000000002	0.00013210490939911227
1558.93	0.00012833141299434402
1558.935	0.0001260434877226566
1558.94	0.00012599284661366376
1558.945	0.0001280985716442204
1558.9499999999998	0.00013168787194771159
1558.9550000000002	0.0001352771722512028
1558.96	0.00013808868931737268
1558.965	0.00013963026339902963
1558.97	0.0001401225745212286
1558.975	0.00014016070440769896
1558.9799999999998	0.00014033965887239394
1558.9850000000001	0.00014097159860492077
1558.99	0.00014231219379530995
1558.995	0.00014405700253084886
1559	0.00014593932521378273
1559.0049999999999	0.00014785687144941177
1559.01	0.00014964708571842605
1559.015	0.00014905146352758053
1559.02	0.0001440244250264993
1559.025	0.0001350915723839041
1559.03	0.00012800546153631092
1559.0349999999999	0.0001307426505826013
1559.04	0.00014153503847272108
1559.045	0.00015079597837181142
1559.05	0.00014612478695108494
1559.055	0.00012864208444505112
1559.06	0.00011395652777937929
1559.0649999999998	0.00010772828288746707
1559.0700000000002	0.00011037007289468489
1559.075	0.00012103135609415983
1559.08	0.00013604718677574817
1559.085	0.00015044260019130844
1559.09	0.0001593323732790756
1559.0949999999998	0.0001624821480536768
1559.1000000000001	0.00016112402838027522
1559.105	0.00015663885862695967
1559.11	0.00015106701016378212
1559.115	0.00014493674645385974
1559.12	0.0001413622909400472
1559.125	0.00014042866314894017
1559.13	0.00014183631912012787
1559.135	0.0001451534458714145
1559.14	0.0001496724818363351
1559.145	0.0001544596065551402
1559.1499999999999	0.00015878101202275495
1559.155	0.00016074649893909988
1559.16	0.00016031233076965084
1559.165	0.00015707599894916951
1559.17	0.00015216535498547751
1559.175	0.00014874556185918292
1559.1799999999998	0.00015067822194002987
1559.185	0.00015754566188256732
1559.19	0.00016257334147082913
1559.195	0.00016389844216119407
1559.2	0.00016472839379302038
1559.205	0.0001641370562310624
1559.2099999999998	0.00016117267941469194
1559.215	0.0001578696431573422
1559.22	0.00015737734299322946
1559.225	0.0001597844224506898
1559.23	0.00016155528921030305
1559.235	0.00015986892434914887
1559.24	0.00015492973678537828
1559.2450000000001	0.00014990551442048154
1559.25	0.00014799922046659805
1559.255	0.00014975687354744385
1559.26	0.00015304875914891078
1559.2649999999999	0.0001538024613668547
1559.27	0.0001513387691967592
1559.275	0.00014728790604839987
1559.28	0.00014393039303440305
1559.285	0.00014315198292385743
1559.29	0.00014541049991882422
1559.2949999999998	0.00014898193594748094
1559.3	0.00015222582997436446
1559.305	0.00015389395372698936
1559.31	0.00015314436579692782
1559.315	0.00014992569199012674
1559.32	0.0001455182150435895
1559.3249999999998	0.00014077961767214024
1559.33	0.0001371856437159765
1559.335	0.0001356094435520459
1559.34	0.00013597898888243075
1559.345	0.00013903805088307476
1559.35	0.00014419184116066716
1559.355	0.00014819327079261687
1559.36	0.00014886838993436328
1559.365	0.00014493123798739905
1559.3700000000001	0.00013991403925225546
1559.375	0.00013750547863865213
1559.3799999999999	0.00013893433415100245
1559.385	0.0001423518707113195
1559.39	0.00014465412939773675
1559.395	0.00014572321850177925
1559.4	0.00014753680466698125
1559.405	0.00015098275949574573
1559.4099999999999	0.00015265007489930526
1559.415	0.00014844194229630552
1559.42	0.00013725671702095508
1559.425	0.00012235573589534677
1559.43	0.00010979357731691413
1559.435	0.00010452874730346816
1559.4399999999998	0.00010653813063800928
1559.445	0.00011470450338852942
1559.45	0.00012657213930687342
1559.455	0.00013646207927198054
1559.46	0.0001409888559951799
1559.465	0.0001400501232935986
1559.47	0.00013520340461168156
1559.475	0.0001287008060235392
1559.48	0.00012456736024762404
1559.4850000000001	0.00012181387028737001
1559.49	0.00012058582673981105
1559.495	0.00012029496561643077
1559.5	0.0001202929100924984
1559.5049999999999	0.00011997969192533738
1559.51	0.00011867684677785348
1559.515	0.00011603881578556877
1559.52	0.00011191776265045775
1559.5249999999999	0.00010831084222299943
1559.53	0.00010806533150819517
1559.535	0.0001121837689971328
1559.54	0.00011615567713235442
1559.545	0.00011722681158337533
1559.55	0.00011855952120824434
1559.5549999999998	0.0001227091448054261
1559.56	0.00013164680932341205
1559.565	0.000141262820557943
1559.5700000000002	0.0001496604288149622
1559.575	0.0001539927727233439
1559.58	0.0001562253991679669
1559.585	0.0001575153467437477
1559.59	0.00015800068822807692
1559.595	0.00015659384397815666
1559.6000000000001	0.00015222293279851856
1559.605	0.00014495997932140279
1559.61	0.000136548548263265
1559.615	0.00013030692670115194
1559.62	0.00012746543767041776
1559.625	0.0001277690441582669
1559.63	0.00013083421512707138
1559.635	0.0001361307120329259
1559.6399999999999	0.00014263582368497665
1559.645	0.0001497341053481255
1559.6499999999999	0.0001558517710419026
1559.655	0.00016080148592792753
1559.66	0.00016463918687392002
1559.665	0.00016752102790227062
1559.6699999999998	0.0001689600643327526
1559.675	0.00016920055273999358
1559.6799999999998	0.0001684936524507557
1559.6850000000002	0.000166490694284896
1559.69	0.00016391193120689473
1559.695	0.00016152568932107693
1559.7	0.00016021222507594377
1559.705	0.00016066026878737332
1559.71	0.00016301373611727848
1559.7150000000001	0.00016562169578022447
1559.72	0.00016717081658180878
1559.725	0.00016741253785729354
1559.73	0.00016711294305273347
1559.735	0.00016756575484193237
1559.74	0.00016881574203689488
1559.7450000000001	0.00017039438040007218
1559.75	0.00017110785939653445
1559.7549999999999	0.00017048647303491698
1559.76	0.0001689326938610494
1559.7649999999999	0.00016631408798355095
1559.77	0.00016299472947368742
1559.775	0.00015879595280145404
1559.78	0.00015383696383948855
1559.785	0.00014850566287664705
1559.79	0.00014308669313028128
1559.7949999999998	0.00013942646134433416
1559.8000000000002	0.00013905560786321778
1559.805	0.00014225199206566972
1559.81	0.0001488756446011686
1559.815	0.0001565417407911966
1559.82	0.00016259468603834046
1559.8249999999998	0.0001654413537295791
1559.8300000000002	0.00016431542335519582
1559.835	0.00016023164986695156
1559.84	0.00015468620320872875
1559.845	0.00014894359063674864
1559.85	0.00014560855883500164
1559.855	0.00014467542800227837
1559.8600000000001	0.00014720712129170094
1559.865	0.00015379648463730012
1559.87	0.00016191254482713244
1559.875	0.00016710400053268856
1559.8799999999999	0.00016580922440934714
1559.885	0.00016561455633470353
1559.89	0.00016897187318537139
1559.895	0.0001721487022862873
1559.9	0.00017202840546939324
1559.905	0.000168617556680106
1559.9099999999999	0.0001634722720874839
1559.9150000000002	0.00015844175170083008
1559.92	0.00015663523429523734
1559.925	0.000158769902128757
1559.93	0.0001636286619159147
1559.935	0.0001687943733049462
1559.9399999999998	0.00017095162017556175
1559.9450000000002	0.00016746269323645533
1559.95	0.00016011928749524017
1559.955	0.00015318028944234438
1559.96	0.00014953971133270093
1559.965	0.00014966282466800877
1559.9699999999998	0.00015276648215579238
1559.9750000000001	0.0001574864413348357
1559.98	0.0001625643283906605
1559.985	0.00016637612423932343
1559.99	0.00016853507614945944
1559.995	0.00016902549347515747
1560	0.00016813177489736515
1560.005	0.00016701183415532799
1560.01	0.00016623904963291428
1560.015	0.00016596063600410197
1560.02	0.0001662468032622615
1560.0249999999999	0.00016682693961603127
1560.03	0.0001670344083887798
1560.035	0.00016670056578029389
1560.04	0.0001655960680631179
1560.045	0.00016404319389218313
1560.05	0.00016297074297528348
1560.0549999999998	0.0001632520541309412
1560.0600000000002	0.00016511278928228054
1560.065	0.00016728096511090535
1560.07	0.00016786544439605246
1560.075	0.0001674837380503283
1560.08	0.00016762643642530246
1560.0849999999998	0.0001687492529334996
1560.0900000000001	0.00016855629922577357
1560.095	0.00016570524406130642
1560.1	0.00016162192131188443
1560.105	0.00015971474442813823
1560.11	0.0001619114842906753
1560.1149999999998	0.00016609857231232104
1560.1200000000001	0.0001682820071632557
1560.125	0.00016528046753321512
1560.13	0.00015819757914954552
1560.135	0.00015212778417700304
1560.1399999999999	0.00015053185484547712
1560.145	0.0001533764544293058
1560.15	0.00015799634067826501
1560.155	0.00016191712311705155
1560.16	0.0001647745230100323
1560.165	0.00016687210251482336
1560.1699999999998	0.00016869341712544563
1560.175	0.00017069627313268874
1560.18	0.00017226673759637346
1560.185	0.00017330940927044101
1560.19	0.00017260435084192515
1560.195	0.0001690238240588542
1560.1999999999998	0.00016314939579361104
1560.205	0.0001550969626016079
1560.21	0.0001465662984053907
1560.215	0.00014140083154921167
1560.22	0.00014327057961197544
1560.225	0.00015646188948008447
1560.2299999999998	0.0001703967228008489
1560.2350000000001	0.00017205546459504365
1560.24	0.00016761294481933283
1560.2450000000001	0.00016815817634900385
1560.25	0.00017258014169527837
1560.2549999999999	0.00017530215369581913
1560.26	0.00017355999812684552
1560.265	0.00017119030452985082
1560.27	0.0001709916978349738
1560.275	0.0001716254204275653
1560.28	0.00017055675090027643
1560.2849999999999	0.00016768179354866337
1560.29	0.00016457781422674392
1560.295	0.00016225262766972307
1560.3	0.00016051607712834568
1560.305	0.00015827880113594969
1560.31	0.00015467412196156424
1560.3149999999998	0.00014973401342808875
1560.32	0.00014614330953067046
1560.325	0.00014468551741943838
1560.33	0.0001455944755527313
1560.335	0.00014866744115165766
1560.34	0.000153746738655699
1560.3449999999998	0.0001584417531094774
1560.35	0.00016253350582969437
1560.355	0.00016606697711017145
1560.3600000000001	0.00016906221805570762
1560.365	0.00017141269806292722
1560.37	0.000172966484165003
1560.375	0.0001731101323567557
1560.38	0.00017085693557688226
1560.385	0.00016585726789958356
1560.39	0.00015768158448387247
1560.395	0.00014780617620563835
1560.3999999999999	0.0001391008120950953
1560.405	0.00013453596192303618
1560.41	0.00013732001775246215
1560.415	0.00014667956007054754
1560.42	0.00016093546184193337
1560.425	0.00017351361622689582
1560.4299999999998	0.00017854800094139144
1560.435	0.00017754723013690545
1560.44	0.00017574519077497453
1560.445	0.00017667537856051518
1560.45	0.00018010974437264538
1560.455	0.00018289268066952862
1560.4599999999998	0.00018346390270746607
1560.465	0.00018223847744629234
1560.47	0.0001818498815905375
1560.4750000000001	0.0001831820407885762
1560.48	0.00018340952702619018
1560.485	0.00017975313961606594
1560.49	0.00017311378388514014
1560.495	0.00016738010945175662
1560.5	0.00016507218047392115
1560.505	0.0001662966787749508
1560.51	0.0001700141518481264
1560.5149999999999	0.00017455779382941254
1560.52	0.00017847982829899056
1560.525	0.00018020453660959543
1560.53	0.0001804957677609648
1560.535	0.00018017318997020008
1560.54	0.00017964875313595684
1560.5449999999998	0.00017941053374670462
1560.55	0.0001794797978198274
1560.555	0.00017910850257464342
1560.56	0.0001766273631861403
1560.565	0.0001679709009364375
1560.57	0.0001551013335332608
1560.5749999999998	0.00014352555808474826
1560.58	0.00014383719082722746
1560.585	0.00015832954618288174
1560.5900000000001	0.0001732155368674437
1560.595	0.00017781492996018656
1560.6	0.00017293302056178232
1560.605	0.0001685638806973858
1560.61	0.0001689308742937909
1560.615	0.00017256708258106134
1560.6200000000001	0.00017721794310676352
1560.625	0.00018148099598120352
1560.6299999999999	0.0001833540844881141
1560.635	0.00018147174146604402
1560.6399999999999	0.0001764344484455325
1560.645	0.00017092321785095376
1560.65	0.000168244290752192
1560.655	0.00017032476137347828
1560.6599999999999	0.0001763815504871412
1560.665	0.00018317382623611906
1560.6699999999998	0.0001882733633095218
1560.675	0.00019057975114759946
1560.68	0.00019042118221327574
1560.685	0.00018957001073670928
1560.69	0.00018923138241796057
1560.695	0.00018952689182023076
1560.7	0.00019031768418571187
1560.7050000000002	0.0001912125561601477
1560.71	0.00019145761510675418
1560.715	0.0001908931276477083
1560.72	0.00018974947819586254
1560.725	0.00018816238452061787
1560.73	0.00018632661946412082
1560.7350000000001	0.00018452396544117657
1560.74	0.00018312330712989727
1560.745	0.00018220463116841402
1560.75	0.00018191653392462393
1560.7549999999999	0.0001821055173373959
1560.76	0.0001821299977568945
1560.765	0.0001812829990760911
1560.77	0.00017869511737715675
1560.7749999999999	0.0001733960052393278
1560.78	0.00016679994618272074
1560.7849999999999	0.0001615265893519843
1560.79	0.00015977966700130982
1560.795	0.00016343899980861677
1560.8	0.00016876264001131235
1560.805	0.00017009082661903263
1560.81	0.00016360639806960902
1560.8149999999998	0.0001524098604229584
1560.8200000000002	0.00014310622615224566
1560.825	0.00014044802501206088
1560.83	0.00014426269201350461
1560.835	0.00014934576880689453
1560.84	0.00014964367971516618
1560.845	0.00014389804176224332
1560.8500000000001	0.0001361921804967324
1560.855	0.0001307104124953728
1560.86	0.0001298307289694319
1560.865	0.00013350137162905423
1560.87	0.00013916884657628152
1560.875	0.00014627391776442174
1560.88	0.00015419850287749063
1560.885	0.00016186572766231638
1560.8899999999999	0.00016826018748471552
1560.895	0.00017216710343673038
1560.8999999999999	0.0001743341974245308
1560.9050000000002	0.0001747250999530459
1560.91	0.00017067278344257318
1560.915	0.00015998602030022904
1560.92	0.00014056049942047356
1560.925	0.0001230130679443552
1560.9299999999998	0.00011813468899574857
1560.9350000000002	0.00012983911108047745
1560.94	0.0001530523089052495
1560.945	0.00017302024569142006
1560.95	0.00017603739181986156
1560.955	0.00016860818720372924
1560.9599999999998	0.00016136406947259204
1560.9650000000001	0.00016220608369563115
1560.97	0.00016952471043542482
1560.975	0.00017862949307495123
1560.98	0.00018479840716823556
1560.985	0.00018567105509655462
1560.99	0.00018332706490534548
1560.9950000000001	0.00018276486809009167
1561	0.00018547689120827863
1561.0049999999999	0.000189229167124309
1561.01	0.00019179495782804557
1561.0149999999999	0.00019153776645673383
1561.02	0.00018858271841960556
1561.025	0.00018657081168565182
1561.03	0.00018648285312900656
1561.035	0.00018764488176818486
1561.04	0.0001885358677672561
1561.0449999999998	0.00018576957178065504
1561.0500000000002	0.00017803767224976706
1561.055	0.0001682849900309347
1561.06	0.00015771340829471127
1561.065	0.0001477031937153921
1561.07	0.00014177485886417393
1561.0749999999998	0.00014037940678280318
1561.0800000000002	0.00014288872223366055
1561.085	0.00014968262619177326
1561.09	0.00016091387248024926
1561.095	0.000172627574402781
1561.1	0.00018011785593163867
1561.1049999999998	0.000181012162258636
1561.1100000000001	0.00017684258062223822
1561.115	0.000176768798116931
1561.12	0.00018107796649470296
1561.125	0.00018407326494228923
1561.1299999999999	0.00018140515222403155
1561.135	0.00017553104051839431
1561.14	0.00017351340839551668
1561.145	0.0001751440193499634
1561.15	0.00017805494584899494
1561.155	0.0001787880851699922
1561.1599999999999	0.00017691775455224405
1561.165	0.00017485429105001414
1561.17	0.00017510555583627607
1561.175	0.00017827364753034662
1561.18	0.0001833343127452448
1561.185	0.00018803460831202064
1561.1899999999998	0.00019116197783519101
1561.1950000000002	0.00019212654586192297
1561.2	0.00019010432379075766
1561.205	0.0001848695285824333
1561.21	0.00017754055263493186
1561.215	0.00016922542391759532
1561.2199999999998	0.00016222606698147398
1561.2250000000001	0.00015769245874854845
1561.23	0.00015474547033135955
1561.235	0.00015481997628660115
1561.24	0.00015758885223852797
1561.245	0.00016271839264528953
1561.25	0.00017109145799691378
1561.255	0.00017994302329696213
1561.26	0.0001881116254331186
1561.265	0.00019371262544791513
1561.27	0.00019642954314349575
1561.2749999999999	0.00019330839750479362
1561.28	0.0001816356679303145
1561.285	0.00016797767103345263
1561.29	0.00016222684127388458
1561.295	0.00016535542302110106
1561.3	0.00017296951887961972
1561.3049999999998	0.00017781935880162148
1561.31	0.00017811448210454703
1561.315	0.0001768799728944289
1561.32	0.0001772606402176083
1561.325	0.00018029256731858152
1561.33	0.0001840447163439304
1561.3349999999998	0.0001865696994530204
1561.34	0.0001870508018591406
1561.345	0.00018560570510452347
1561.35	0.00018315054635654362
1561.355	0.00018116618306895365
1561.36	0.00018038425328423835
1561.365	0.00017937236739477011
1561.3700000000001	0.0001767660372636157
1561.375	0.00017253768715560009
1561.38	0.00016731224423234068
1561.385	0.00016171076942284485
1561.3899999999999	0.00015971820668296636
1561.395	0.0001606900572956093
1561.4	0.00016403853030726368
1561.405	0.0001684286754276867
1561.41	0.00017191268057962977
1561.415	0.0001722538184294857
1561.4199999999998	0.00016805785999837912
1561.425	0.00015975542974650363
1561.43	0.0001500527241328464
1561.435	0.00014244039840370854
1561.44	0.00013940249610654796
1561.445	0.00014205999969299323
1561.4499999999998	0.00015070747050769154
1561.455	0.00016091800154968287
1561.46	0.00016811552992315021
1561.465	0.00017065207051188076
1561.47	0.00017339335608046217
1561.475	0.00018001537072533956
1561.48	0.00018726424869388087
1561.485	0.00019152344570264325
1561.49	0.00018890408474374302
1561.4950000000001	0.0001813526438767556
1561.5	0.00017594289907235552
1561.5049999999999	0.0001747022200406756
1561.51	0.00017827288515238747
1561.515	0.00018523620791225496
1561.52	0.00019158095349329615
1561.525	0.00019420346690140415
1561.53	0.00019323084420174444
1561.5349999999999	0.00018970723053462322
1561.54	0.00018550410372698275
1561.545	0.0001819825866229505
1561.55	0.0001795838654241873
1561.555	0.00017858424278440995
1561.56	0.00017905625163287003
1561.5649999999998	0.0001804287581840798
1561.57	0.00018198506042820127
1561.575	0.000183725162125875
1561.58	0.00018495536017763866
1561.585	0.0001854878456019051
1561.59	0.00018499721248841142
1561.595	0.0001832615718375572
1561.6	0.00018043595706923666
1561.605	0.00017649190439148878
1561.6100000000001	0.00017159169173854092
1561.615	0.0001687263416166624
1561.62	0.0001686480398326112
1561.625	0.0001731265686703241
1561.6299999999999	0.0001780564105307872
1561.635	0.00017916991305946828
1561.64	0.0001785965668061883
1561.645	0.000178759730260517
1561.6499999999999	0.00017855333549840407
1561.655	0.000177163118297893
1561.66	0.00017601915478710742
1561.665	0.0001772834801557853
1561.67	0.00017936882342043436
1561.675	0.00017923273541849626
1561.6799999999998	0.00017635965464554202
1561.685	0.00017299362593125865
1561.69	0.0001722286026832788
1561.695	0.0001749967451858421
1561.7	0.00018013722600212365
1561.705	0.00018321397799327707
1561.71	0.00018097455934998504
1561.715	0.00017699750320379536
1561.72	0.00017418949068335183
1561.7250000000001	0.0001743497818489724
1561.73	0.000178212939808723
1561.735	0.00018441132784712216
1561.74	0.00018867063709644891
1561.745	0.0001903012453362678
1561.75	0.00018925318236587258
1561.755	0.00018603013051452725
1561.76	0.0001816624201003415
1561.7649999999999	0.00017913571741980864
1561.77	0.00017884126222080283
1561.7749999999999	0.00018129444791878936
1561.78	0.00018585006262578603
1561.785	0.0001905192988134357
1561.79	0.00019132819850633837
1561.7949999999998	0.0001829396985902444
1561.8	0.0001673989190224269
1561.8049999999998	0.00015245678872224366
1561.8100000000002	0.00014725088834528893
1561.815	0.00015317526231859444
1561.82	0.00016973479129180283
1561.825	0.0001870695312089315
1561.83	0.00019719559246632426
1561.835	0.00019410003504355527
1561.8400000000001	0.00018540276621400474
1561.845	0.0001806799707086298
1561.85	0.00018302153947789796
1561.855	0.00019038226630929412
1561.86	0.00019599045218082647
1561.865	0.0001944607940302814
1561.8700000000001	0.00018741416960311885
1561.875	0.00018073956944873165
1561.8799999999999	0.00017799408298843863
1561.885	0.00017849564395809112
1561.8899999999999	0.00018018708841320105
1561.895	0.0001816686804052319
1561.9	0.00018269650692231547
1561.905	0.00018337207816202932
1561.9099999999999	0.00018371388993369402
1561.915	0.00018357213956433238
1561.9199999999998	0.00018265178229368652
1561.9250000000002	0.00018058418830133009
1561.93	0.00017775125988371096
1561.935	0.00017410700356777854
1561.94	0.000171447819484571
1561.945	0.00016918638745347248
1561.9499999999998	0.00016968372768422351
1561.9550000000002	0.00017358609786821005
1561.96	0.0001794661537077096
1561.965	0.00018121178140595475
1561.97	0.0001690181425072585
1561.975	0.00015190979879802172
1561.98	0.00014290204322501453
1561.9850000000001	0.00014921170711557378
1561.99	0.0001618423582224532
1561.995	0.00016996391220240722
1562	0.00016646873021625687
1562.0049999999999	0.00015697814630046393
1562.01	0.00015576402142822006
1562.015	0.00016400214327429153
1562.02	0.00017903357862559077
1562.025	0.00019346877740433597
1562.03	0.00020034815719198267
1562.0349999999999	0.00020052023105071582
1562.0400000000002	0.00019868414504006806
1562.045	0.0001998708895103425
1562.05	0.0002012959694440847
1562.055	0.00019342819206006354
1562.06	0.000177965950062992
1562.0649999999998	0.00015973784567135547
1562.0700000000002	0.00014522731758336238
1562.075	0.00014174034471625354
1562.08	0.00014992029485449466
1562.085	0.000163055441458433
1562.09	0.00017733598993951308
1562.0949999999998	0.00018889788858008743
1562.1000000000001	0.0001893944091669847
1562.105	0.00017848823188031817
1562.11	0.0001627185693876662
1562.115	0.0001484591371043986
1562.12	0.00013863595417711464
1562.125	0.00013151190544080624
1562.13	0.0001293994061858903
1562.135	0.00013199639887123013
1562.14	0.00013725170610260772
1562.145	0.0001431037666013162
1562.1499999999999	0.00014768848654054772
1562.155	0.00015083650034078763
1562.16	0.0001567531047262338
1562.165	0.00016952510885462284
1562.17	0.00018129869354100903
1562.175	0.0001842937364217809
1562.1799999999998	0.00017909889066092531
1562.1850000000002	0.00017364356634157524
1562.19	0.0001721535179735304
1562.195	0.00017414204896479792
1562.2	0.00017616651961141223
1562.205	0.0001766337098467561
1562.2099999999998	0.00017650962601247413
1562.2150000000001	0.00017767392288019253
1562.22	0.00018010865089043379
1562.225	0.00018267539375722817
1562.23	0.00018378781910141268
1562.235	0.0001829132607733417
1562.2399999999998	0.0001810129689217264
1562.2450000000001	0.0001790579846962054
1562.25	0.0001775330998426411
1562.255	0.00017690380880682112
1562.26	0.0001767188991253829
1562.2649999999999	0.0001771931679931572
1562.27	0.00017816291062480917
1562.275	0.00017941692604954933
1562.28	0.00018105823102951602
1562.285	0.00018296195694071952
1562.29	0.00018483744808486417
1562.2949999999998	0.00018665924794389316
1562.3	0.00018791875535692623
1562.305	0.00018868410060170088
1562.31	0.00018960054307101722
1562.315	0.0001925011115530603
1562.32	0.00019867916840859596
1562.3249999999998	0.0002055608195540584
1562.3300000000002	0.00020985537953359114
1562.335	0.00021138160798076799
1562.34	0.00021019387091884286
1562.345	0.00020752233633112007
1562.35	0.00020660173687100686
1562.3549999999998	0.0002080707330542826
1562.3600000000001	0.00021023233576705197
1562.365	0.00021024773244698983
1562.3700000000001	0.00020779757336007019
1562.375	0.00020467526820244203
1562.3799999999999	0.00020340286353345347
1562.385	0.00020234403359957917
1562.39	0.00019726063983138594
1562.395	0.0001880541024252396
1562.4	0.0001768783431458396
1562.405	0.0001670328058656308
1562.4099999999999	0.00016481291119751595
1562.415	0.0001690517481298824
1562.42	0.00017736185127026173
1562.425	0.00018797926887995518
1562.43	0.0001988276545197344
1562.435	0.00020491183548725038
1562.4399999999998	0.0002075508374707084
1562.445	0.00020733327277555594
1562.45	0.00020530320673184377
1562.455	0.00020290576714886036
1562.46	0.00020069378121738513
1562.465	0.00019845816818731682
1562.4699999999998	0.00019514773947314773
1562.475	0.0001900447676040019
1562.48	0.0001832752733388538
1562.4850000000001	0.00017560726412600879
1562.49	0.00016921645135586276
1562.495	0.00016710528048684276
1562.5	0.0001703774217508514
1562.505	0.00017647913291879083
1562.51	0.00018182402873505874
1562.515	0.00018514910111303023
1562.52	0.0001860183904052128
1562.5249999999999	0.00018354651737054398
1562.53	0.00017647913239777132
1562.535	0.00016808690556648743
1562.54	0.00016475317327551076
1562.545	0.000168920361537291
1562.55	0.0001805194617581403
1562.5549999999998	0.00019382922930396543
1562.56	0.0001997873762540588
1562.565	0.00019634248917476071
1562.57	0.00019191879201502378
1562.575	0.00019226515784146307
1562.58	0.00019809400746270716
1562.5849999999998	0.000204991658858555
1562.59	0.00020858848964504999
1562.595	0.0002070847595239467
1562.6000000000001	0.00020194279770629613
1562.605	0.0001961490028373006
1562.61	0.0001924969871004276
1562.615	0.00019110102012434544
1562.62	0.00019144837654362846
1562.625	0.0001928658612049762
1562.63	0.00019509115519189882
1562.635	0.00019758262138714963
1562.6399999999999	0.00019913513974955836
1562.645	0.00020023162903095004
1562.65	0.0002013530794774316
1562.655	0.00020358111117774408
1562.66	0.00020790073042785168
1562.665	0.00021356451593200165
1562.6699999999998	0.00021459893225875466
1562.675	0.00021162991380920077
1562.68	0.0002096105766087136
1562.685	0.00020958450411900223
1562.69	0.00021009100013481217
1562.695	0.00021018879003874554
1562.6999999999998	0.00021010019572820953
1562.705	0.00020982167256479957
1562.71	0.00020991810263026046
1562.7150000000001	0.00021060799106046305
1562.72	0.00021156151851142873
1562.725	0.00021240672010102124
1562.73	0.00021306746455323477
1562.735	0.00021328494091221332
1562.74	0.0002125103786080525
1562.7450000000001	0.00020994913585568398
1562.75	0.00020526077118067715
1562.7549999999999	0.0002007648227651129
1562.76	0.00019832753463760848
1562.7649999999999	0.0001987377550647064
1562.77	0.00020213695903720287
1562.775	0.0002081397938412063
1562.78	0.00021293573920214986
1562.7849999999999	0.00021598687593383622
1562.79	0.00021713882245815786
1562.795	0.00021676308552131445
1562.8	0.00021555732123720568
1562.805	0.00021474200550963558
1562.81	0.00021516402026217573
1562.8149999999998	0.00021666829635338673
1562.82	0.0002186630954733928
1562.825	0.00022038891930050236
1562.8300000000002	0.0002205550587077941
1562.835	0.00021843636476059146
1562.84	0.00021499811594927535
1562.845	0.00021237646496678815
1562.85	0.00021241988367805766
1562.855	0.00021391779460669757
1562.8600000000001	0.00021505213226191716
1562.865	0.00021501313315632877
1562.87	0.00021465722990357953
1562.875	0.0002139720613311451
1562.8799999999999	0.00021288604658166598
1562.885	0.0002112992344990246
1562.89	0.0002094984061517532
1562.895	0.00020701551950408107
1562.8999999999999	0.00020243110036308412
1562.905	0.0001947302629097344
1562.9099999999999	0.00018548615591730503
1562.915	0.00017821295236838933
1562.92	0.0001751883494200501
1562.925	0.00017723625557560966
1562.93	0.00018294967530651499
1562.935	0.00018783322019322928
1562.9399999999998	0.00018891597184849716
1562.9450000000002	0.00018662257168955987
1562.95	0.000181707408727523
1562.955	0.00017622920058015876
1562.96	0.00017190903534136835
1562.965	0.00016871006173517188
1562.97	0.00016694312056693837
1562.9750000000001	0.00016679417901978186
1562.98	0.00016787790527858206
1562.985	0.00016971728235188206
1562.99	0.00017263529710359935
1562.995	0.0001750994724176535
1563	0.00017726609802595287
1563.005	0.00017891950915332978
1563.01	0.00018079423319216587
1563.0149999999999	0.00018284452871223877
1563.02	0.0001838832312341031
1563.0249999999999	0.0001819170433295156
1563.03	0.00017583358574125524
1563.035	0.00016825805626815505
1563.04	0.00016207234832551592
1563.045	0.00016144194863513346
1563.05	0.00016660517778824813
1563.0549999999998	0.00017491398689087212
1563.0600000000002	0.0001821937544608743
1563.065	0.00018524952498008378
1563.07	0.00018429333372754205
1563.075	0.00018221681265007046
1563.08	0.00018087230130639699
1563.0849999999998	0.00018091169756803796
1563.0900000000001	0.00018191763730012557
1563.095	0.00018297253187619147
1563.1	0.00018460854339508056
1563.105	0.00018773598632543261
1563.11	0.0001932730140371311
1563.115	0.00020119916810800703
1563.1200000000001	0.00020986684317659274
1563.125	0.00021660096577078177
1563.1299999999999	0.0002189575544425667
1563.135	0.0002169944836823397
1563.1399999999999	0.00021157756189461367
1563.145	0.0002048314113490454
1563.15	0.0001986183873332152
1563.155	0.0001950363515050906
1563.16	0.00019419446074546678
1563.165	0.00019610860942083122
1563.1699999999998	0.00020116626215480068
1563.1750000000002	0.00020815772092916808
1563.18	0.000214211312046865
1563.185	0.000217021894362387
1563.19	0.000216079919763002
1563.195	0.00021375644960635072
1563.1999999999998	0.00021222030891387543
1563.2050000000002	0.00020780235075448642
1563.21	0.0001934419692179905
1563.215	0.00016997582411668085
1563.22	0.00015264865583318796
1563.225	0.00014612838114913386
1563.2299999999998	0.00015204071012895292
1563.2350000000001	0.00016884894683133226
1563.24	0.00018726933237671044
1563.245	0.00019883934443274927
1563.25	0.00020020995058796782
1563.2549999999999	0.0001970443390310685
1563.26	0.0001975220457736237
1563.265	0.00020300780828977965
1563.27	0.00020652736077413027
1563.275	0.00019968181979288936
1563.28	0.0001820483459746983
1563.2849999999999	0.00016409515359608462
1563.29	0.0001532678756500738
1563.295	0.00014955232248325295
1563.3	0.00015273000265329334
1563.305	0.00016039151070144765
1563.31	0.0001692160518306498
1563.3149999999998	0.00017943939076788473
1563.3200000000002	0.00018938070184486806
1563.325	0.00019927156851883438
1563.33	0.00020871914419193612
1563.335	0.00021539562895781195
1563.34	0.00021968756685922296
1563.3449999999998	0.00022104758791526637
1563.3500000000001	0.00021717814211341877
1563.355	0.00021004371316439563
1563.36	0.00020525045170193584
1563.365	0.00020754813237088818
1563.37	0.00021440956687502472
1563.375	0.00021889424927400885
1563.38	0.00022282052694329863
1563.385	0.00022826131251686815
1563.39	0.0002293048371123514
1563.395	0.00022133807824995248
1563.3999999999999	0.00020844287810346647
1563.405	0.00019986538310800628
1563.41	0.0001999466092530066
1563.415	0.00020783087004586168
1563.42	0.00021464948614847014
1563.425	0.00021415558763271172
1563.4299999999998	0.00020775966635687415
1563.435	0.00020081031595773138
1563.44	0.0001976732209707829
1563.445	0.00019998809670524013
1563.45	0.00020421730910056047
1563.455	0.00020653162010619613
1563.4599999999998	0.00020705835603830556
1563.465	0.0002064894696394915
1563.47	0.0002068194623017386
1563.475	0.00020961579375676105
1563.48	0.00021369878282118996
1563.485	0.00021817035658028115
1563.49	0.00022187750997524654
1563.4950000000001	0.00022296169922652142
1563.5	0.00022174985374440718
1563.505	0.00021967940874279262
1563.51	0.0002173796928349385
1563.5149999999999	0.00021577934812246188
1563.52	0.0002156029883116204
1563.525	0.00021656764282052313
1563.53	0.00021829348851537495
1563.535	0.0002195525182811084
1563.54	0.00021974823642637487
1563.5449999999998	0.00021915047970396068
1563.55	0.00021858558791324167
1563.555	0.00021837721154849615
1563.56	0.00021828578609052937
1563.565	0.0002184542406648425
1563.57	0.00021892310929646954
1563.5749999999998	0.00021934357546888667
1563.58	0.0002185991233180357
1563.585	0.00021653294998909332
1563.59	0.00021352228979092014
1563.595	0.00021113419776047572
1563.6	0.00021082870235851478
1563.605	0.00021283146678081525
1563.61	0.00021584900380803622
1563.615	0.00021766180056924316
1563.6200000000001	0.00021604713462267182
1563.625	0.00021027325842531313
1563.6299999999999	0.00020209483514351795
1563.635	0.00019410904180531936
1563.64	0.0001881396539835745
1563.645	0.00018567014882492187
1563.65	0.00018579777465518518
1563.655	0.0001873282779015129
1563.6599999999999	0.0001897853692019848
1563.665	0.00019230271822360517
1563.67	0.0001943281216121583
1563.675	0.0001955896440790547
1563.68	0.00019567969145987418
1563.685	0.00019476628106894695
1563.6899999999998	0.000192371784747899
1563.695	0.00018796552019108463
1563.7	0.0001809375381282895
1563.705	0.00016911163510268144
1563.71	0.00015600750084162655
1563.715	0.0001504495232235404
1563.72	0.0001550298237263666
1563.725	0.00017091548812409954
1563.73	0.00018682842607922284
1563.7350000000001	0.00019520021777027935
1563.74	0.00019693731667033853
1563.745	0.0001961552272989969
1563.75	0.00019572989549487845
1563.7549999999999	0.0001959868328814046
1563.76	0.00019657405559794476
1563.765	0.00019727649438271112
1563.77	0.00019824350043617887
1563.7749999999999	0.00019962196143649078
1563.78	0.00020136032039035502
1563.785	0.000202621062519594
1563.79	0.00020274022836637865
1563.795	0.00020128644765637286
1563.8	0.00019804403680544552
1563.8049999999998	0.00019211568355421909
1563.81	0.00018568567451582172
1563.815	0.0001799512447304395
1563.82	0.00017644771423123314
1563.825	0.00017569521524682608
1563.83	0.00017735498821913086
1563.835	0.00018136230375412533
1563.84	0.00018555847629714056
1563.845	0.0001890740094778491
1563.8500000000001	0.00019077412596021969
1563.855	0.00018988268122473872
1563.86	0.00018683427633188406
1563.865	0.00018269978901621918
1563.87	0.00018008062728718424
1563.875	0.00018262793805521015
1563.88	0.00019200446453000654
1563.885	0.00020703732463124772
1563.8899999999999	0.00021995566786857292
1563.895	0.00022067908072219726
1563.8999999999999	0.00021035200419406428
1563.905	0.00020197321891878776
1563.91	0.00020331269851458605
1563.915	0.0002128202111496233
1563.9199999999998	0.0002206289496830865
1563.925	0.00021632979752435395
1563.9299999999998	0.00020274236746894148
1563.935	0.00018824263977784876
1563.94	0.00017983058977971255
1563.945	0.00017966628433009865
1563.95	0.00018459411552667918
1563.955	0.00018963332098806542
1563.96	0.0001920119974666627
1563.9650000000001	0.00019341547450734122
1563.97	0.0001968811204790712
1563.975	0.0002033980070344092
1563.98	0.00021015578193993423
1563.985	0.0002146557447220556
1563.99	0.00021597827177681085
1563.9950000000001	0.00021554079802064922
1564	0.00021453038500132644
1564.0049999999999	0.00021326047154586006
1564.01	0.00021125612968998585
1564.0149999999999	0.0002076743784133244
1564.02	0.00020093539010738461
1564.025	0.0001913053801118269
1564.03	0.00017694647919691434
1564.0349999999999	0.00015943217004301584
1564.04	0.0001453176450020338
1564.0449999999998	0.0001377149793896863
1564.05	0.00014439666298183247
1564.055	0.0001647872115666204
1564.06	0.00018813230797333356
1564.065	0.00019695757947675997
1564.07	0.0001861990529630497
1564.0749999999998	0.0001763046617006719
1564.0800000000002	0.0001762300484963756
1564.085	0.00018564235557636587
1564.09	0.00019729183233110334
1564.095	0.00020247407636116567
1564.1	0.00020222903245506707
1564.105	0.00020012764773502962
1564.1100000000001	0.0002005826199791411
1564.115	0.0002055053644695849
1564.12	0.00021232330777321823
1564.125	0.00021939561622218387
1564.1299999999999	0.00022536566584133811
1564.135	0.00022940118925282246
1564.14	0.000231525601886905
1564.145	0.00023251457547418118
1564.1499999999999	0.0002334696951260071
1564.155	0.00023448747306846344
1564.1599999999999	0.0002355381922924024
1564.1650000000002	0.00023650200350910317
1564.17	0.00023742454799289948
1564.175	0.00023833587013521757
1564.18	0.00023924401432537363
1564.185	0.00023983948632761408
1564.1899999999998	0.000239541592040569
1564.1950000000002	0.0002377692920871
1564.2	0.00023510509500239228
1564.205	0.00023077761586071907
1564.21	0.00022572556474122725
1564.215	0.00022046025031117032
1564.2199999999998	0.00021678777511336986
1564.2250000000001	0.0002160039548083356
1564.23	0.00021843852126543682
1564.235	0.00022334925951753628
1564.24	0.00022645644829587282
1564.245	0.00022394488071100346
1564.25	0.0002184389137597465
1564.255	0.0002146767721555369
1564.26	0.00021501979775598898
1564.265	0.00021832314046809682
1564.27	0.00022159873961902218
1564.2749999999999	0.00022326142306991365
1564.28	0.00022322037364965898
1564.285	0.00022189802283232
1564.29	0.00021951358101460243
1564.295	0.00021671088785682908
1564.3	0.00021525493547064985
1564.3049999999998	0.00021678726441347245
1564.3100000000002	0.00022109436749878926
1564.315	0.00022597372487422423
1564.32	0.000228671759783322
1564.325	0.00022768772283894255
1564.33	0.00022456387095813916
1564.3349999999998	0.00022155363831851869
1564.3400000000001	0.0002193195689290499
1564.345	0.0002184635886731975
1564.35	0.00021896987547219093
1564.355	0.0002202915579805038
1564.36	0.00022203127025672442
1564.3649999999998	0.00022404295447609937
1564.3700000000001	0.00022578183306027022
1564.375	0.0002270346005142374
1564.38	0.00022784710110378294
1564.385	0.00022760750723115213
1564.3899999999999	0.00022515821730400908
1564.395	0.00021919267695098574
1564.4	0.0002107990586988451
1564.405	0.00020517914245287255
1564.41	0.00020671738534540598
1564.415	0.00021443871511294847
1564.4199999999998	0.00022292093205387208
1564.425	0.0002294731340221814
1564.43	0.0002320724357702541
1564.435	0.00023181057814422227
1564.44	0.00023063862089269056
1564.445	0.00022945688163390426
1564.4499999999998	0.00022825455824283792
1564.4550000000002	0.00022675987583285396
1564.46	0.00022432107360755325
1564.465	0.00022119912159652123
1564.47	0.00021737460410841284
1564.475	0.00021294890764403049
1564.4799999999998	0.0002082675899464625
1564.4850000000001	0.00020392889014580492
1564.49	0.000201158351005496
1564.4950000000001	0.00020084733598367888
1564.5	0.00020252557032085828
1564.5049999999999	0.00020559879476017714
1564.51	0.0002094864781148194
1564.515	0.00021300551775227717
1564.52	0.00021465946413953507
1564.525	0.00021487808665810083
1564.53	0.0002139043685083954
1564.5349999999999	0.00021221368248324887
1564.54	0.00021015812744456077
1564.545	0.00020903440514944395
1564.55	0.0002083968914984168
1564.555	0.00020801102148381592
1564.56	0.00020718913625170473
1564.5649999999998	0.00020491101417442352
1564.57	0.00020087731203817546
1564.575	0.000195217341202416
1564.58	0.00019088997723579334
1564.585	0.00018965599238798
1564.59	0.00019212923268641118
1564.5949999999998	0.00019694703369408823
1564.6	0.00020188761064403524
1564.605	0.00020529612607469658
1564.6100000000001	0.00020768787457780088
1564.615	0.00020929655858111743
1564.62	0.00021043606817442364
1564.625	0.00021181758583470306
1564.63	0.00021350152544967807
1564.635	0.0002141529354962462
1564.64	0.00021070864792294627
1564.645	0.00020294554403206075
1564.6499999999999	0.00019453979428571606
1564.655	0.0001903013062873045
1564.66	0.00019302874295774506
1564.665	0.00020210840951944981
1564.67	0.0002127530432443049
1564.675	0.00022205412514009947
1564.6799999999998	0.00022737832797548916
1564.685	0.00022799320276426088
1564.69	0.00022568421300709441
1564.695	0.0002225998316558475
1564.7	0.00021986417850479404
1564.705	0.0002181086458458906
1564.7099999999998	0.00021761798935608512
1564.715	0.000218305271035552
1564.72	0.00021952632935951655
1564.7250000000001	0.00022163529105732557
1564.73	0.00022472466372929197
1564.735	0.00022905673486546215
1564.74	0.00023480716142229127
1564.745	0.00024328178934042395
1564.75	0.00024901676812336295
1564.755	0.0002462683898046345
1564.76	0.0002396156966125352
1564.7649999999999	0.00022928464608612645
1564.77	0.0002160884600134893
1564.775	0.00020384485944467616
1564.78	0.00019793648806623937
1564.785	0.00020141287530514167
1564.79	0.00021331864924040113
1564.7949999999998	0.00022685945943756055
1564.8	0.00023478517151653575
1564.805	0.00023119468272108268
1564.81	0.00021960881822891235
1564.815	0.00021159811870380613
1564.82	0.00020796312921033235
1564.8249999999998	0.00020710992342009958
1564.83	0.00020703559717814287
1564.835	0.00020626172452055855
1564.8400000000001	0.00020511894591879193
1564.845	0.00020602842943169176
1564.85	0.00020974519183784542
1564.855	0.00021566102205864866
1564.86	0.0002222417515381312
1564.865	0.00022748200681191024
1564.8700000000001	0.00023058023082985865
1564.875	0.00023140458310345527
1564.8799999999999	0.00023112739167703304
1564.885	0.00023050410189124457
1564.8899999999999	0.0002300247179999773
1564.895	0.0002296630103168484
1564.9	0.00022912091614892425
1564.905	0.0002275772225235073
1564.9099999999999	0.00022396948829069097
1564.915	0.0002191044679776432
1564.92	0.00021549411115519182
1564.925	0.0002157820782394094
1564.93	0.00022175035152950683
1564.935	0.00023167149710743375
1564.9399999999998	0.0002402193194534804
1564.945	0.0002415661133290046
1564.95	0.00023637479653381191
1564.9550000000002	0.0002264457334027857
1564.96	0.00021509217683466576
1564.965	0.00020645068462595378
1564.97	0.00020353084141160488
1564.975	0.000207968599344267
1564.98	0.00021930185883734446
1564.9850000000001	0.0002322854226935604
1564.99	0.00024273994084124054
1564.995	0.00024552369736176684
1565	0.0002444148414213601
1565.0049999999999	0.0002453152203316078
1565.01	0.00024795826896007817
1565.015	0.00024664230103663614
1565.02	0.00023775535299761698
1565.0249999999999	0.00022258668735928853
1565.03	0.00020717078183404852
1565.0349999999999	0.0001942511783075868
1565.04	0.00018535697590462395
1565.045	0.00018168059459540412
1565.05	0.00018133362951154892
1565.0549999999998	0.00018472976475400943
1565.06	0.00019137402052907474
1565.0649999999998	0.00019950306039605065
1565.0700000000002	0.00021002941951274765
1565.075	0.00022017074901106872
1565.08	0.0002251386602589749
1565.085	0.00022212580437640846
1565.09	0.0002134955721961701
1565.095	0.00020937061579802556
1565.1000000000001	0.00021336251942564367
1565.105	0.00021596419125385316
1565.11	0.00020581655055147124
1565.115	0.00018983292196613375
1565.12	0.000175739057970141
1565.125	0.00016859988031536446
1565.13	0.00016782622043165512
1565.135	0.0001711177976461775
1565.1399999999999	0.00017716258385781824
1565.145	0.00018729998196374118
1565.1499999999999	0.00019962292131673568
1565.155	0.0002095148241441469
1565.16	0.0002114427090032555
1565.165	0.00020316230529994318
1565.1699999999998	0.00018589925949655484
1565.175	0.00016449086368370414
1565.1799999999998	0.0001463134744299499
1565.1850000000002	0.0001370551472251373
1565.19	0.0001355670253244329
1565.195	0.00014109172655665618
1565.2	0.00015308515323824226
1565.205	0.00017063717672329736
1565.2099999999998	0.00019156513487478572
1565.2150000000001	0.00020866499390070437
1565.22	0.00022267854693032815
1565.225	0.0002304253591084881
1565.23	0.0002312543615213704
1565.235	0.00022744663220071486
1565.24	0.0002224345813369303
1565.2450000000001	0.00021784054169951214
1565.25	0.00021582530086639641
1565.2549999999999	0.00021770835146179817
1565.26	0.0002237167673214733
1565.2649999999999	0.00023150201010635618
1565.27	0.00023974281469100813
1565.275	0.00024400345565748745
1565.28	0.0002426258157181099
1565.285	0.00023830383475746905
1565.29	0.00023515068267371966
1565.2949999999998	0.00023512676846193048
1565.3000000000002	0.00023734152837533073
1565.305	0.00023952743002755516
1565.31	0.00023985735983481584
1565.315	0.000237798075505002
1565.32	0.0002340997042111141
1565.3249999999998	0.00023024681997243777
1565.3300000000002	0.00022819340470368537
1565.335	0.0002294303158874397
1565.34	0.00023377751329034752
1565.345	0.00023941668029392913
1565.35	0.00024408719623585424
1565.3549999999998	0.0002462223704439016
1565.3600000000001	0.00024604569433734697
1565.365	0.00024454624156850364
1565.37	0.0002423139876226274
1565.375	0.0002396162226389224
1565.3799999999999	0.00023602988471273394
1565.385	0.00023285017320163846
1565.39	0.00022992526469883202
1565.395	0.00022767310332059631
1565.4	0.00022643879861914507
1565.405	0.00022651410830270687
1565.4099999999999	0.00022811133963307934
1565.415	0.00023136119641012834
1565.42	0.00023585522198904608
1565.425	0.00024152810282726956
1565.43	0.00024624298824648235
1565.435	0.0002488248653623233
1565.4399999999998	0.0002500236786246737
1565.4450000000002	0.00025206210527754786
1565.45	0.0002551149427978951
1565.455	0.0002570543013156538
1565.46	0.00025762859087056876
1565.465	0.00025712073609743816
1565.4699999999998	0.0002561808181391592
1565.4750000000001	0.00025560057787317393
1565.48	0.00025586987875858043
1565.485	0.0002571163748555193
1565.49	0.00025875789654435056
1565.495	0.00025984294946880944
1565.5	0.0002593807003547236
1565.505	0.0002573205933059928
1565.51	0.0002548649276890556
1565.515	0.00025256516990858666
1565.52	0.0002503124966423414
1565.5249999999999	0.00024780521089033295
1565.53	0.00024481802740254513
1565.535	0.00024270826210601222
1565.54	0.00024236513708649583
1565.545	0.00024402597062789567
1565.55	0.000247202856814337
1565.5549999999998	0.00025076463082208164
1565.56	0.0002530534477510981
1565.565	0.0002521748820352663
1565.57	0.00024890415641960783
1565.575	0.0002444679607953285
1565.58	0.00024010236145386175
1565.5849999999998	0.0002368865745289999
1565.59	0.00023575500579575465
1565.595	0.00023648250993730933
1565.6	0.00023789177912150142
1565.605	0.00023827410661259206
1565.61	0.00023591390776751865
1565.615	0.0002315752388065573
1565.6200000000001	0.00022912604426477947
1565.625	0.0002322711509237023
1565.63	0.00024062476190547897
1565.635	0.0002453340183223472
1565.6399999999999	0.00023800694651384056
1565.645	0.0002266526362888526
1565.65	0.00021842205055091788
1565.655	0.0002171231741975448
1565.66	0.0002206522973248062
1565.665	0.0002232028635063651
1565.6699999999998	0.00022180471896143507
1565.675	0.0002167880497888082
1565.68	0.00021031540406415768
1565.685	0.00020379812170717558
1565.69	0.0001973660777985663
1565.695	0.00019164556639629686
1565.6999999999998	0.00018882898108324548
1565.705	0.0001916919633176741
1565.71	0.00020074215020261
1565.715	0.00021448702565514874
1565.72	0.00023009003918545784
1565.725	0.00024194759645035003
1565.73	0.0002493502284597427
1565.735	0.0002508776768561601
1565.74	0.00024895321281614475
1565.7450000000001	0.00024573786399835327
1565.75	0.00024158600070635838
1565.7549999999999	0.0002381644917711602
1565.76	0.00023563579051001922
1565.765	0.00023311931152459182
1565.77	0.0002298033455030984
1565.775	0.0002250115706507584
1565.78	0.000219025514417442
1565.7849999999999	0.0002170480993768333
1565.79	0.00022380117432086707
1565.795	0.0002353143772789242
1565.8	0.0002457947489925822
1565.805	0.0002515085668761653
1565.81	0.0002535262723439308
1565.8149999999998	0.00025313959560926936
1565.82	0.0002500785437046953
1565.825	0.000245422714264423
1565.83	0.0002418050180402178
1565.835	0.00023860842745273306
1565.84	0.00023453179775537744
1565.845	0.00022675573142825594
1565.85	0.0002179953474763511
1565.855	0.00021119094548316937
1565.8600000000001	0.00020815707245710183
1565.865	0.00020897453536666342
1565.87	0.00021182156067948413
1565.875	0.00021283248938708127
1565.8799999999999	0.00021165688246313464
1565.885	0.00020998371279597056
1565.89	0.0002092174482488092
1565.895	0.00021028253891877425
1565.8999999999999	0.0002130934291118161
1565.905	0.0002167285143574832
1565.91	0.00022025066233670692
1565.915	0.0002230748180449429
1565.92	0.00022488462589781997
1565.925	0.00022556421032021072
1565.9299999999998	0.000225133291730516
1565.935	0.00022334586691777654
1565.94	0.0002205242524891264
1565.945	0.00021582632752119334
1565.95	0.00021057381262086023
1565.955	0.00020670748560500563
1565.96	0.00020682607745543818
1565.965	0.0002125898171518444
1565.97	0.00022242532452909855
1565.9750000000001	0.0002328493753129314
1565.98	0.00023969975229790044
1565.985	0.00024272328079116734
1565.99	0.00024264558060245483
1565.995	0.0002392519072456769
1566	0.00023470872526702577
1566.005	0.0002301917727870116
1566.01	0.00022892794465333556
1566.0149999999999	0.0002319252327414807
1566.02	0.00023877318087868135
1566.0249999999999	0.0002465468414500687
1566.03	0.00025206094679367864
1566.035	0.00025368425609076633
1566.04	0.0002527249137102511
1566.0449999999998	0.00025179266133760233
1566.05	0.0002517622778769389
1566.055	0.00025265925781355427
1566.06	0.0002541141208352129
1566.065	0.0002556653654159541
1566.07	0.0002569936775236825
1566.075	0.0002580043509605981
1566.08	0.0002587667840289976
1566.085	0.00025935177102116456
1566.0900000000001	0.000259901032527186
1566.095	0.00026019315168862984
1566.1	0.0002601095728808282
1566.105	0.0002597143583135983
1566.11	0.0002587999938268363
1566.115	0.00025765708151592964
1566.1200000000001	0.0002565679639501847
1566.125	0.0002564009096967894
1566.1299999999999	0.00025894698335121173
1566.135	0.00026378722251353356
1566.1399999999999	0.0002672086785702326
1566.145	0.0002630855317014332
1566.15	0.0002544022549850034
1566.155	0.0002490310161494595
1566.1599999999999	0.00025019868948494215
1566.165	0.0002574024531381299
1566.1699999999998	0.0002644573679077722
1566.175	0.0002659852989731318
1566.18	0.00026098613773652845
1566.185	0.0002519666306515414
1566.19	0.00024285425124534032
1566.195	0.00023683166442980112
1566.1999999999998	0.00023551834321138625
1566.2050000000002	0.00023864637440246998
1566.21	0.0002470534098165268
1566.215	0.00025752235329720783
1566.22	0.0002679727298816089
1566.225	0.0002753049730872557
1566.23	0.0002776331915078802
1566.2350000000001	0.0002750958642836908
1566.24	0.000269614376095932
1566.245	0.0002627077162047503
1566.25	0.0002583046447873438
1566.2549999999999	0.00025634857891935385
1566.26	0.0002566606274274818
1566.265	0.00025940940598760486
1566.27	0.0002640357004688466
1566.2749999999999	0.0002686319748647961
1566.28	0.0002721331393052365
1566.2849999999999	0.0002745454985720626
1566.29	0.0002742248224175437
1566.295	0.00027060240525337426
1566.3	0.0002647608933265945
1566.305	0.0002555311591591931
1566.31	0.0002454658774769766
1566.3149999999998	0.00023561026850330352
1566.3200000000002	0.00022629683899674747
1566.325	0.00021960245868521077
1566.33	0.00021824376198735873
1566.335	0.0002242186057822881
1566.34	0.00023538029299895118
1566.3449999999998	0.0002468921712786805
1566.3500000000001	0.0002506374975826491
1566.355	0.00024480684551251246
1566.36	0.00023371302209686167
1566.365	0.00022468168943899744
1566.37	0.0002239260562080611
1566.375	0.00023090884119300183
1566.38	0.00023955234814895327
1566.385	0.00024219845818137405
1566.3899999999999	0.00023645832772295437
1566.395	0.00022803128328378734
1566.3999999999999	0.00022371890693749405
1566.405	0.000225762161175574
1566.41	0.00023260216567050487
1566.415	0.00024094131710034435
1566.42	0.0002469579623648171
1566.425	0.0002478357293219098
1566.4299999999998	0.00024403676852321823
1566.4350000000002	0.00023694382765581675
1566.44	0.0002262090461894293
1566.445	0.00021453073233457722
1566.45	0.00020469828532608864
1566.455	0.00019713191700569492
1566.4599999999998	0.00019239316166326878
1566.4650000000001	0.00019550546522493833
1566.47	0.00020854883080239457
1566.475	0.0002313893387270678
1566.48	0.0002554242996770221
1566.485	0.00026912223245724166
1566.4899999999998	0.00026865792660706164
1566.4950000000001	0.00026191221014824255
1566.5	0.0002479244365819996
1566.505	0.0002291655149257991
1566.51	0.00020850679720340912
1566.5149999999999	0.0001879870248168518
1566.52	0.00017020853508095018
1566.525	0.0001560502449360237
1566.53	0.000147037544252494
1566.535	0.00014503803710728995
1566.54	0.0001531431515775332
1566.5449999999998	0.000170101657240317
1566.55	0.00019491796083473124
1566.555	0.00022216887630866955
1566.56	0.0002448687794138987
1566.565	0.0002569934018246416
1566.57	0.00025743267235044137
1566.5749999999998	0.0002527743060060982
1566.5800000000002	0.00024894409002852047
1566.585	0.00024598835831994527
1566.59	0.00024397586165843027
1566.595	0.00024308069987272427
1566.6	0.0002430956155858333
1566.6049999999998	0.0002443629590076264
1566.6100000000001	0.0002465248114522199
1566.615	0.00024937394228467
1566.6200000000001	0.0002524629462527466
1566.625	0.000255002136258699
1566.6299999999999	0.0002563214109478598
1566.635	0.0002552627035260337
1566.64	0.00025131443947347957
1566.645	0.0002456012138291336
1566.65	0.00024181780273699696
1566.655	0.0002421863468799806
1566.6599999999999	0.00024444770987365255
1566.665	0.00024332727150870899
1566.67	0.00023824222831035253
1566.675	0.00023478746561351403
1566.68	0.00023622418951383306
1566.685	0.0002399263265838349
1566.6899999999998	0.00024211134170419146
1566.695	0.0002419656550903348
1566.7	0.0002422962626680887
1566.705	0.0002448070829053615
1566.71	0.0002473617236984477
1566.715	0.00024484879346750707
1566.7199999999998	0.00023580197375085312
1566.725	0.00022470532994501013
1566.73	0.00021757242812541844
1566.7350000000001	0.00021886376779694115
1566.74	0.00022834529970652728
1566.745	0.0002401619825689502
1566.75	0.000247592506228586
1566.755	0.0002501074341606093
1566.76	0.0002497483543024668
1566.765	0.00024970120207169744
1566.77	0.0002516998943992538
1566.7749999999999	0.0002558802915330391
1566.78	0.0002604663779608885
1566.785	0.0002643614402851716
1566.79	0.00026523183647646383
1566.795	0.0002630170204980763
1566.8	0.0002583129386541634
1566.8049999999998	0.0002566164434659993
1566.81	0.0002619658976635539
1566.815	0.0002721083218605567
1566.82	0.0002660998365139358
1566.825	0.00024216293412066632
1566.83	0.00022948126018796787
1566.8349999999998	0.00023832729808424035
1566.84	0.0002592084061177804
1566.845	0.0002692630468674361
1566.8500000000001	0.00026755711221784984
1566.855	0.0002634356206155057
1566.86	0.0002630125070878801
1566.865	0.0002609754074890808
1566.87	0.00024940578822591023
1566.875	0.0002305157455205565
1566.88	0.0002153989003693855
1566.885	0.00021209976540688475
1566.8899999999999	0.0002200301516725384
1566.895	0.00023466037076579858
1566.9	0.0002494116169146872
1566.905	0.0002557760110981051
1566.91	0.0002505626419484274
1566.915	0.0002448672538937007
1566.9199999999998	0.00024261270544122073
1566.925	0.00024273316179993605
1566.93	0.00024174859439137362
1566.935	0.00023518486953323268
1566.94	0.00022067276673929114
1566.945	0.0002039122716484168
1566.9499999999998	0.00018867929234421904
1566.955	0.0001772076636989314
1566.96	0.0001709662901043614
1566.9650000000001	0.00017149937526554003
1566.97	0.0001779943818957192
1566.975	0.00018845688670425712
1566.98	0.00020426364777921798
1566.985	0.00022055744726519913
1566.99	0.000231941954525037
1566.9950000000001	0.00023741600981262912
1567	0.00024092099777406795
1567.0049999999999	0.0002508262544432542
1567.01	0.0002659863767402804
1567.0149999999999	0.00027941954361096385
1567.02	0.000282497073485477
1567.025	0.0002779530077543794
1567.03	0.00026963185562401104
1567.0349999999999	0.00026220484960955056
1567.04	0.00025112866500597166
1567.045	0.0002372109534508626
1567.05	0.00022521173900723983
1567.055	0.00022154053622727224
1567.06	0.00023158633342693985
1567.0649999999998	0.0002530166612204201
1567.07	0.00027001393151867496
1567.075	0.000267326853727893
1567.0800000000002	0.0002471188515820855
1567.085	0.00022701012582419471
1567.09	0.00021899111776140458
1567.095	0.0002206244749263226
1567.1	0.00022663192055617895
1567.105	0.00023312128600553483
1567.1100000000001	0.00023665039984305957
1567.115	0.00023558786508433158
1567.12	0.0002305814365686041
1567.125	0.00022290098351462236
1567.1299999999999	0.0002156492789978801
1567.135	0.00020912840409632684
1567.14	0.0002061421455324889
1567.145	0.0002083204431432567
1567.1499999999999	0.0002175366810146623
1567.155	0.00023386470040733008
1567.1599999999999	0.0002509677905204491
1567.165	0.0002542068597665038
1567.17	0.0002451589244236424
1567.175	0.0002378830667151071
1567.1799999999998	0.00023908113523513237
1567.185	0.000244316447783615
1567.1899999999998	0.0002471522489172206
1567.1950000000002	0.0002464882913124241
1567.2	0.00024462467672116764
1567.205	0.00024319838221923478
1567.21	0.00024121232420287695
1567.215	0.0002370826836994875
1567.22	0.00023228308478527316
1567.2250000000001	0.0002305403227837254
1567.23	0.0002317647156184917
1567.235	0.00023333355672750322
1567.24	0.00023257198793086254
1567.245	0.00022780274563905404
1567.25	0.00021968599744743209
1567.255	0.00021375191748077308
1567.26	0.0002104091074080192
1567.2649999999999	0.0002083227006885463
1567.27	0.00020575539280502422
1567.2749999999999	0.00020062748872350114
1567.28	0.00019362186837520412
1567.285	0.00018867583916354347
1567.29	0.00018689877181541655
1567.2949999999998	0.00018912682765982494
1567.3	0.00019654285709389324
1567.3049999999998	0.00021031847782346266
1567.3100000000002	0.00022382785273278064
1567.315	0.0002369636524804076
1567.32	0.000246731320668178
1567.325	0.00025063340013709246
1567.33	0.00024947714185122717
1567.3349999999998	0.00024729072727223755
1567.3400000000001	0.00024819877898395247
1567.345	0.00025556647016529037
1567.35	0.00026626930454543777
1567.355	0.0002758072752848628
1567.36	0.00028251104094101153
1567.365	0.000285439032197569
1567.3700000000001	0.0002850102303261623
1567.375	0.0002813821213088665
1567.3799999999999	0.00027453197207421784
1567.385	0.0002654898548624497
1567.3899999999999	0.000257995431439334
1567.395	0.00025544030117327404
1567.4	0.0002591961075291205
1567.405	0.0002673118255576736
1567.4099999999999	0.0002740613312677167
1567.415	0.0002755292432607708
1567.4199999999998	0.0002717069585623989
1567.4250000000002	0.0002655602720497557
1567.43	0.0002612471612749738
1567.435	0.0002604802819088803
1567.44	0.00026243721343300496
1567.445	0.0002652108334627559
1567.4499999999998	0.00026784092308477613
1567.4550000000002	0.000269538589292164
1567.46	0.0002704458938523369
1567.465	0.00027087864232278025
1567.47	0.00027100059330756603
1567.475	0.0002707917883883782
1567.4799999999998	0.00027041556518359223
1567.4850000000001	0.00026952597937490984
1567.49	0.0002683520584162277
1567.495	0.0002668367242870352
1567.5	0.0002660920436557372
1567.5049999999999	0.0002681987304271741
1567.51	0.0002711976764910938
1567.515	0.0002702721548460096
1567.52	0.0002630131665718957
1567.525	0.0002570640854192028
1567.53	0.0002581028711060227
1567.5349999999999	0.00026710893370530427
1567.54	0.00028008475883387914
1567.545	0.00028923973128031197
1567.55	0.0002928743780751208
1567.555	0.0002916330997061837
1567.56	0.00028754300973171583
1567.5649999999998	0.00028406403467840814
1567.5700000000002	0.00028122877755463983
1567.575	0.00027921636797472967
1567.58	0.00027808764121650876
1567.585	0.00027789742022860266
1567.59	0.00027881671322772827
1567.5949999999998	0.000282107871388504
1567.6000000000001	0.00028716071134922427
1567.605	0.00029301524384824356
1567.61	0.00029859716381917123
1567.615	0.00030276021403969483
1567.62	0.00030446387951499484
1567.625	0.00030516517376940423
1567.63	0.0003054307771679631
1567.635	0.0003055886149130704
1567.64	0.0003057020967535686
1567.645	0.0003047676454824757
1567.6499999999999	0.00030151357403352584
1567.655	0.00029658167714484505
1567.66	0.00028979148514554837
1567.665	0.00027935587372838875
1567.67	0.0002687327993466105
1567.675	0.00025942659322685495
1567.6799999999998	0.000253835371621034
1567.685	0.0002543008644919938
1567.69	0.00026202478267240553
1567.695	0.0002742404266122858
1567.7	0.0002849053695407206
1567.705	0.0002889204035595616
1567.7099999999998	0.00028751777802737835
1567.7150000000001	0.0002848761058603437
1567.72	0.0002823532769191202
1567.725	0.00028007032767596573
1567.73	0.0002769616732726275
1567.735	0.00027558534683003557
1567.74	0.00027616030610758086
1567.7450000000001	0.00027762451918259017
1567.75	0.00027292458728900824
1567.755	0.000257289377300626
1567.76	0.00023412139469419026
1567.7649999999999	0.0002128230865857877
1567.77	0.00020415203726518205
1567.775	0.00020977756144519672
1567.78	0.00022667699163846376
1567.785	0.00025039647411982793
1567.79	0.00026973776594042923
1567.7949999999998	0.0002803912870538381
1567.8	0.00028325432893538103
1567.805	0.00028159733687084705
1567.81	0.0002791319317110809
1567.815	0.00027823855844679097
1567.82	0.0002800049075164731
1567.8249999999998	0.0002837026628331451
1567.83	0.00028728121511441165
1567.835	0.0002888505558381925
1567.84	0.00028201764833732254
1567.845	0.00026679707626197616
1567.85	0.0002480025049846683
1567.855	0.0002413040749107037
1567.86	0.0002567762113748279
1567.865	0.0002778280275138279
1567.8700000000001	0.000281528032878453
1567.875	0.0002561403904671726
1567.8799999999999	0.00021850912844577206
1567.885	0.00018554719548820165
1567.89	0.00016214275491601132
1567.895	0.00015182957799370045
1567.9	0.0001538208737259555
1567.905	0.0001639651568068717
1567.9099999999999	0.00018089762298979795
1567.915	0.0002027438702548049
1567.92	0.00022505315050280126
1567.925	0.00024377803865997198
1567.93	0.0002588444603350874
1567.935	0.0002698461682707599
1567.9399999999998	0.00027682277094268494
1567.945	0.00027989446330405087
1567.95	0.0002783545124719399
1567.955	0.0002737579482339323
1567.96	0.0002676317915932395
1567.965	0.0002604163099853406
1567.97	0.0002522780411522303
1567.975	0.0002459171307506401
1567.98	0.000240463976472621
1567.9850000000001	0.00023645200394386268
1567.99	0.00023474358594613388
1567.995	0.00023622381131063297
1568	0.00024020402863465898
1568.0049999999999	0.00024653976266126915
1568.01	0.00025421497694382743
1568.015	0.0002608642679259213
1568.02	0.00026441595320665634
1568.0249999999999	0.0002641813676563955
1568.03	0.0002631525917244105
1568.035	0.00026633742322822705
1568.04	0.0002747292825175342
1568.045	0.0002786046153797965
1568.05	0.0002695573443555973
1568.0549999999998	0.00025372750277955034
1568.06	0.00024584974781434373
1568.065	0.00025296457025038624
1568.07	0.0002697089185633828
1568.075	0.00027871336125572356
1568.08	0.00026719182071656937
1568.085	0.00024447045388590824
1568.09	0.00022621664376843667
1568.095	0.00022052583795654316
1568.1000000000001	0.00022516449604139893
1568.105	0.00023476761876514945
1568.11	0.00024404855049407528
1568.115	0.0002494867014541304
1568.12	0.00025113165595617027
1568.125	0.00025136865399291497
1568.13	0.00025341940189256974
1568.135	0.00025839854124729786
1568.1399999999999	0.00026700177895150557
1568.145	0.00027748377131830347
1568.1499999999999	0.00028737578695254635
1568.155	0.0002965564488317923
1568.16	0.0003022483666806629
1568.165	0.0003037092390473027
1568.1699999999998	0.00030102807717829555
1568.175	0.00029588849216183864
1568.18	0.00028835511050253335
1568.185	0.00028267380145544606
1568.19	0.00028154853484901394
1568.195	0.0002872241668560368
1568.2	0.0002977883546342165
1568.205	0.0003025065487794661
1568.21	0.0002984594776222046
1568.2150000000001	0.0002914667527470518
1568.22	0.0002831058612312179
1568.225	0.00027364334842223373
1568.23	0.0002642853478721705
1568.235	0.00025906564305986057
1568.24	0.00025913792482452425
1568.2450000000001	0.0002614607166005237
1568.25	0.00026209537273691333
1568.2549999999999	0.00025605887676492735
1568.26	0.00024121056200064042
1568.2649999999999	0.00022499969928803292
1568.27	0.00021302726272421575
1568.275	0.00020812758887139713
1568.28	0.00021194440650355452
1568.2849999999999	0.00022459014333395017
1568.29	0.00024286819381029592
1568.2949999999998	0.000264024008110743
1568.3	0.0002817934764050691
1568.305	0.0002944773942363635
1568.31	0.0003013705439992069
1568.315	0.0003022784449197774
1568.32	0.00029934590375584296
1568.3249999999998	0.0002946921683828016
1568.3300000000002	0.0002892190641159664
1568.335	0.0002835056183206232
1568.34	0.0002774652939358383
1568.345	0.00027487060013883644
1568.35	0.0002746996860837455
1568.355	0.0002773259797369884
1568.3600000000001	0.0002839390205962328
1568.365	0.00029416619955712734
1568.37	0.000304429651420572
1568.375	0.00031114728651995024
1568.3799999999999	0.0003114488792238345
1568.385	0.00030385318699988723
1568.39	0.00029596642139362333
1568.395	0.0002886345689934946
1568.3999999999999	0.0002773951163742812
1568.405	0.0002656507894462177
1568.4099999999999	0.00025667556971851536
1568.415	0.0002563941407430004
1568.42	0.00026368544294637846
1568.425	0.0002722787962507524
1568.43	0.00027445864751686445
1568.435	0.000268181347769213
1568.4399999999998	0.0002578308713194942
1568.4450000000002	0.0002508079769197178
1568.45	0.00025000820971438444
1568.455	0.0002525727718980149
1568.46	0.0002552289487234614
1568.465	0.00025675640245314727
1568.4699999999998	0.0002582279369772389
1568.4750000000001	0.00026153627660988955
1568.48	0.00026704624938527383
1568.485	0.00027278931216638926
1568.49	0.000276550786042407
1568.495	0.0002776450954201908
1568.5	0.0002759970723397981
1568.505	0.0002724858805118693
1568.51	0.0002685164651211149
1568.5149999999999	0.00026513703831696996
1568.52	0.00026425126131636955
1568.5249999999999	0.00026715768235414364
1568.53	0.00027394751017765075
1568.535	0.00028447483965745083
1568.54	0.00029109990433735577
1568.545	0.0002889155334333947
1568.55	0.00028568672936993603
1568.5549999999998	0.00029058941441442113
1568.5600000000002	0.0002945176394332887
1568.565	0.00028445016763925995
1568.57	0.0002690007833823855
1568.575	0.00026087538333492103
1568.58	0.0002658539752072312
1568.5849999999998	0.0002783209463331824
1568.5900000000001	0.00029229609389798563
1568.595	0.0003032498958634588
1568.6	0.0003086425784107604
1568.605	0.00030999615338029245
1568.61	0.0003101258766633011
1568.6149999999998	0.0003099046389312031
1568.6200000000001	0.0003083510280523314
1568.625	0.00030495123034530666
1568.6299999999999	0.0003002182610646617
1568.635	0.0002965136485684036
1568.6399999999999	0.0002964539725426272
1568.645	0.0002986450305766527
1568.65	0.0003007063522759309
1568.655	0.0003005418486335155
1568.66	0.0002955565671125983
1568.665	0.0002884095897988668
1568.6699999999998	0.000280295165077646
1568.675	0.0002733135072244868
1568.68	0.00026996566771977264
1568.685	0.00027011715562372344
1568.69	0.0002737005115064948
1568.695	0.0002798490188853133
1568.6999999999998	0.00028737494916011196
1568.7050000000002	0.00029314729347184015
1568.71	0.0002934493243493031
1568.715	0.0002878047329212629
1568.72	0.00027709773246307985
1568.725	0.0002713449338122029
1568.7299999999998	0.000276860489533703
1568.7350000000001	0.0002826283222225013
1568.74	0.00026955480819352613
1568.745	0.00022910590766570487
1568.75	0.00019651040442866975
1568.7549999999999	0.00018558887067416426
1568.76	0.0001966678989459296
1568.765	0.00022984980370780386
1568.77	0.000266053787194434
1568.775	0.0002861401222783366
1568.78	0.00028593149374414595
1568.7849999999999	0.00027862121447863304
1568.79	0.00027899903789512995
1568.795	0.0002872469038072441
1568.8	0.0002967169720130166
1568.805	0.0003014123793123604
1568.81	0.00030064881630534974
1568.8149999999998	0.0002969763274487024
1568.82	0.0002927031441596075
1568.825	0.0002891617044593976
1568.83	0.00028667172125990353
1568.835	0.00028651214391808854
1568.84	0.0002883096297036804
1568.8449999999998	0.0002916618952350307
1568.85	0.00029557085681695836
1568.855	0.0002990535449937175
1568.8600000000001	0.00029929592843382563
1568.865	0.0002936179161685681
1568.87	0.0002821230782688765
1568.875	0.0002682511348647928
1568.88	0.00026486650308665745
1568.885	0.00027356788024470493
1568.89	0.00027018735780278704
1568.895	0.00023728581515204173
1568.8999999999999	0.00020998974422894645
1568.905	0.00020680786633893493
1568.91	0.00022559378105730586
1568.915	0.00025259051763562313
1568.92	0.00026639994978832406
1568.925	0.00026757831183780057
1568.9299999999998	0.0002649494252811285
1568.935	0.0002674543807234559
1568.94	0.00027625289519193566
1568.945	0.00028668087769092296
1568.95	0.00029512297382544724
1568.955	0.000300445383948187
1568.9599999999998	0.0003028462541828605
1568.965	0.0003035305125217154
1568.97	0.00030273452295068555
1568.9750000000001	0.000301571180228348
1568.98	0.00030043822402408204
1568.985	0.0002995940087127673
1568.99	0.00029911276568239724
1568.995	0.0002989246783258056
1569	0.0002985695416535477
1569.005	0.0002978615589792244
1569.01	0.000296596594569757
1569.0149999999999	0.00029394216040419795
1569.02	0.0002905415721397784
1569.025	0.0002863872070221027
1569.03	0.0002817444728048653
1569.035	0.000277852445722969
1569.04	0.0002751342315364834
1569.0449999999998	0.00027445590133409856
1569.05	0.000276740463730539
1569.055	0.00028226556897565535
1569.06	0.0002909834590793543
1569.065	0.00030123633347219997
1569.07	0.0003075235764938609
1569.0749999999998	0.0003063818888915616
1569.08	0.00030225923435849564
1569.085	0.00030120384755549063
1569.0900000000001	0.00030610572231119006
1569.095	0.00031162999151893944
1569.1	0.0003130818100743669
1569.105	0.00030942867404389713
1569.11	0.00030515223521049496
1569.115	0.00030506075890459136
1569.1200000000001	0.0003095694941108357
1569.125	0.0003165678904203243
1569.1299999999999	0.0003210611891073841
1569.135	0.0003202764641200087
1569.1399999999999	0.00031483640973275866
1569.145	0.00030809186097600834
1569.15	0.0003042916754910931
1569.155	0.00030471318028231037
1569.1599999999999	0.0003080398289473737
1569.165	0.00031183682239822077
1569.17	0.00031506247816089745
1569.175	0.000317392892459444
1569.18	0.00031879462804763794
1569.185	0.00031948470231143837
1569.1899999999998	0.00031960807210694014
1569.195	0.00031923444901258026
1569.2	0.00031789706590190387
1569.2050000000002	0.0003151414182215187
1569.21	0.0003114530508898526
1569.215	0.0003056126290381545
1569.22	0.00029770343209004714
1569.225	0.00029240751539600794
1569.23	0.00029345774834036164
1569.2350000000001	0.00030440471567628774
1569.24	0.0003162993459628768
1569.245	0.00031765665819487126
1569.25	0.00031409115589135534
1569.2549999999999	0.0003123461633106713
1569.26	0.00030986423769879996
1569.265	0.0002999062805379139
1569.27	0.0002835682757898834
1569.2749999999999	0.00027188133224226204
1569.28	0.0002731540694074487
1569.2849999999999	0.00028582151218289697
1569.29	0.0003008838152652502
1569.295	0.00030795913741737155
1569.3	0.00030444449219008184
1569.3049999999998	0.00029806272941446934
1569.31	0.0002980776208743859
1569.315	0.0003020665796706828
1569.3200000000002	0.0002983790889432153
1569.325	0.0002851573279696465
1569.33	0.0002654560015542303
1569.335	0.00024454917058467317
1569.34	0.00023493104756718334
1569.345	0.00023211596315088603
1569.3500000000001	0.00023457723400733104
1569.355	0.00024100407905799372
1569.36	0.00025008315755853085
1569.365	0.00025892589035070605
1569.37	0.0002685298456689933
1569.375	0.00027903442558223335
1569.38	0.0002902557593032161
1569.385	0.0003013683574514995
1569.3899999999999	0.0003112952865346634
1569.395	0.0003167682853617554
1569.3999999999999	0.0003128633228208991
1569.405	0.0002998971211688806
1569.41	0.00028489065498710735
1569.415	0.0002763948962564421
1569.4199999999998	0.0002796140820871609
1569.425	0.00029451821407987635
1569.4299999999998	0.0003068713855340663
1569.4350000000002	0.00030797566932281987
1569.44	0.0003002586725717044
1569.445	0.0002921909723877593
1569.45	0.00029029612960699175
1569.455	0.00029390239586873235
1569.4599999999998	0.00029896180427185407
1569.4650000000001	0.0003026032308824326
1569.47	0.0003033202163001716
1569.475	0.00030201994299390605
1569.48	0.0002994953541920866
1569.485	0.00029375740329177217
1569.49	0.000283621975917586
1569.4950000000001	0.00027138645694845724
1569.5	0.0002608642712501963
1569.5049999999999	0.00025441160004462435
1569.51	0.0002522469524383367
1569.5149999999999	0.00025307440583971323
1569.52	0.0002546307080838352
1569.525	0.00025490345781369945
1569.53	0.00025376011506039113
1569.5349999999999	0.0002515443385009448
1569.54	0.0002491744005262597
1569.5449999999998	0.0002478552727154096
1569.5500000000002	0.0002484007888156029
1569.555	0.0002517733367718984
1569.56	0.00025860246062242554
1569.565	0.00026536814572278945
1569.57	0.0002670098118438038
1569.5749999999998	0.00026377501317340226
1569.5800000000002	0.00026890775074310904
1569.585	0.0002750183955216602
1569.59	0.00026444361956471675
1569.595	0.0002463061296353289
1569.6	0.0002482908829626139
1569.6049999999998	0.0002669802795712995
1569.6100000000001	0.0002899619886927425
1569.615	0.0003033287848408489
1569.62	0.0003055079664571671
1569.625	0.0003077657854587106
1569.6299999999999	0.0003148577806719355
1569.635	0.000319080308863013
1569.64	0.0003161858873344734
1569.645	0.00030966569298810606
1569.6499999999999	0.00030340112963267603
1569.655	0.0003020392782518209
1569.6599999999999	0.0003071714906912265
1569.665	0.0003142134458273348
1569.67	0.0003212910445348461
1569.675	0.00032706994973558123
1569.68	0.00033113493337135126
1569.685	0.000329391954889365
1569.6899999999998	0.0003197368462096567
1569.6950000000002	0.00030525184969981093
1569.7	0.0002890369153402383
1569.705	0.000272368297001577
1569.71	0.0002635695353050065
1569.715	0.0002612530340255069
1569.7199999999998	0.00026541092168966995
1569.7250000000001	0.00027495959768705303
1569.73	0.00028851480811366417
1569.735	0.00030570403969832255
1569.74	0.00032392223996459597
1569.745	0.0003360261892545468
1569.7499999999998	0.0003353081053866203
1569.755	0.0003274679195726217
1569.76	0.0003204331140766733
1569.765	0.0003208047154849994
1569.77	0.0003266534678545176
1569.7749999999999	0.0003278558841612941
1569.78	0.00032133211234580407
1569.785	0.000310629264237432
1569.79	0.0003031096783830615
1569.795	0.0003023237916192956
1569.8	0.00030833339861595523
1569.8049999999998	0.00031863724313408885
1569.81	0.0003298713161644832
1569.815	0.0003388171588283672
1569.82	0.0003445480096871689
1569.825	0.00034704492392291996
1569.83	0.0003480268884378674
1569.8349999999998	0.00034837443667990614
1569.8400000000001	0.00034836359610260426
1569.845	0.00034803912345893336
1569.85	0.00034721160462289845
1569.855	0.0003452393250630264
1569.86	0.00034186950228357656
1569.8649999999998	0.00033647304325648016
1569.8700000000001	0.0003298079556711502
1569.875	0.00032232477347393326
1569.88	0.00031384614723184786
1569.885	0.0003055798695253959
1569.8899999999999	0.00029718284445203727
1569.895	0.00029038763030780126
1569.9	0.000287042283081164
1569.905	0.0002906625939359731
1569.91	0.00030111917416978897
1569.915	0.0003146910543653387
1569.9199999999998	0.0003249421231877169
1569.925	0.00033252426657279726
1569.93	0.0003403078485964005
1569.935	0.0003448702325799428
1569.94	0.00034571070212122655
1569.945	0.0003435079592607005
1569.9499999999998	0.0003387001256817776
1569.955	0.000326991155832428
1569.96	0.0003069049320198842
1569.965	0.00028232315242597116
1569.97	0.0002595977469905816
1569.975	0.00024751438846918765
1569.98	0.0002485528305742341
1569.985	0.0002623985784370712
1569.99	0.00028645697823363205
1569.9950000000001	0.00030429968337901533
1570	0.00030370527648443434
1570.0049999999999	0.0002845481472831568
1570.01	0.00025320521374124584
1570.015	0.0002304224349823745
1570.02	0.00021907499661163473
1570.025	0.00021831644608661903
1570.03	0.0002275518443345164
1570.0349999999999	0.0002465262209256606
1570.04	0.00026605747012712987
1570.045	0.00028386038659641735
1570.05	0.00029785844647257546
1570.055	0.00030456116763557595
1570.06	0.0003038795213963227
1570.0649999999998	0.00030074579732402977
1570.07	0.0002988535764383706
1570.075	0.00029980736369703166
1570.08	0.0003044631912000108
1570.085	0.0003114535108166658
1570.09	0.0003169531031932372
1570.095	0.00031735157203139817
1570.1	0.00031073804819461986
1570.105	0.00029969913710754554
1570.1100000000001	0.000293791552552736
1570.115	0.00029618410999798984
1570.12	0.00030599122049015747
1570.125	0.0003168866196122548
1570.1299999999999	0.0003208399191761489
1570.135	0.0003149864787023003
1570.14	0.0003009436614775258
1570.145	0.0002821491961610121
1570.1499999999999	0.0002671055987331522
1570.155	0.0002555383683425272
1570.16	0.00025243349138160456
1570.165	0.0002585624362274718
1570.17	0.00027203446460547295
1570.175	0.0002891558244836685
1570.1799999999998	0.0003034321834601185
1570.185	0.0003112867058417904
1570.19	0.0003143045567518792
1570.195	0.0003147562753052002
1570.2	0.00031402214429387883
1570.205	0.0003119436088044138
1570.21	0.00030799943873408773
1570.215	0.0003026519971373624
1570.22	0.00029589414705511044
1570.2250000000001	0.00028869474868378943
1570.23	0.0002822436993572056
1570.235	0.00027504396503691056
1570.24	0.000271024256244672
1570.245	0.0002687261685436873
1570.25	0.0002690449616476672
1570.255	0.0002725584712691455
1570.26	0.00027857455826664447
1570.2649999999999	0.0002854838246882436
1570.27	0.0002862107400400188
1570.2749999999999	0.00027044240415107006
1570.28	0.0002474904727029186
1570.285	0.00023025661571666258
1570.29	0.00022667700882041458
1570.2949999999998	0.00023577453326158372
1570.3	0.00025123197473785345
1570.305	0.00026677175826468586
1570.31	0.0002799042306547732
1570.315	0.00029027521730862
1570.32	0.00029622726951129976
1570.325	0.000295133607458698
1570.33	0.0002852643802117483
1570.335	0.0002730758967328781
1570.3400000000001	0.0002690677618763927
1570.345	0.0002742455710400701
1570.35	0.0002855607483879029
1570.355	0.00029820045976740333
1570.36	0.0003042114569439829
1570.365	0.00030071173144725986
1570.3700000000001	0.0002959449421865473
1570.375	0.00029364112826438764
1570.3799999999999	0.0002963005697612218
1570.385	0.00030466523800786366
1570.3899999999999	0.00031658389079320266
1570.395	0.0003264415721569646
1570.4	0.0003322332511551639
1570.405	0.00033418210652817016
1570.4099999999999	0.0003337812254629845
1570.415	0.00033343165238355953
1570.4199999999998	0.0003348654214686816
1570.425	0.0003358116954228756
1570.43	0.00033091343758666163
1570.435	0.00031507414031040103
1570.44	0.00028963965445172253
1570.445	0.00026844301860817646
1570.4499999999998	0.00026097150988908113
1570.4550000000002	0.00027386661779188253
1570.46	0.0003001020124765806
1570.465	0.000324291035998228
1570.47	0.0003218625171118859
1570.475	0.0003055767302031784
1570.48	0.0002956478742752648
1570.4850000000001	0.0002989444781052983
1570.49	0.00030890354977979923
1570.495	0.000316382217535611
1570.5	0.00031677020000570695
1570.5049999999999	0.0003126529633214993
1570.51	0.00030974761930379984
1570.515	0.00031069978086852625
1570.52	0.0003145934955961997
1570.5249999999999	0.0003174821287256838
1570.53	0.0003150555263465843
1570.5349999999999	0.0003084745675104182
1570.54	0.0002983111705716524
1570.545	0.00028824787557827475
1570.55	0.00027854803161936407
1570.555	0.0002712405394081837
1570.56	0.00026766532967702493
1570.5649999999998	0.0002672876895384801
1570.5700000000002	0.00027022324296078045
1570.575	0.0002774633947168795
1570.58	0.0002873316204598487
1570.585	0.00029805703581832114
1570.59	0.0003100606118442003
1570.5949999999998	0.0003178479131624177
1570.6000000000001	0.00031775087312961993
1570.605	0.00031724241210618796
1570.61	0.0003269389430051952
1570.615	0.0003415337474465647
1570.62	0.00034943423759783233
1570.625	0.0003516432046624376
1570.63	0.0003490307402763622
1570.635	0.00034278869664615576
1570.6399999999999	0.0003361292266573598
1570.645	0.00033342958086958496
1570.6499999999999	0.0003371385272968619
1570.655	0.00034423485587396064
1570.66	0.0003491811478225343
1570.665	0.00034774302984864533
1570.67	0.00033884572455171414
1570.675	0.00032544752465032316
1570.6799999999998	0.00031475266731326423
1570.6850000000002	0.00031030490259231254
1570.69	0.0003120982989597567
1570.695	0.0003175425581544656
1570.7	0.0003221821885118006
1570.705	0.0003217652002322633
1570.7099999999998	0.00031118020530727973
1570.7150000000001	0.00029851813450040377
1570.72	0.000286012737615011
1570.725	0.00027624136862547247
1570.73	0.00027418439766227227
1570.735	0.0002791880888470883
1570.7399999999998	0.00028744607014057045
1570.7450000000001	0.00029738198378118617
1570.75	0.0003068094709601039
1570.7549999999999	0.0003096280530841543
1570.76	0.0003037092400321753
1570.7649999999999	0.00029151753647483383
1570.77	0.00027983364670567274
1570.775	0.00027309551772937104
1570.78	0.0002787823636409296
1570.785	0.0002967073388669814
1570.79	0.0003156327588500402
1570.7949999999998	0.0003183523215841708
1570.8	0.00030139689882542376
1570.805	0.0002850130376159707
1570.81	0.00028573043209373123
1570.815	0.00030096650443565916
1570.82	0.0003177211713449021
1570.8249999999998	0.00031943517026060284
1570.8300000000002	0.000310075103209498
1570.835	0.0003024558959959573
1570.84	0.00030412655986101475
1570.845	0.0003118789127260413
1570.85	0.0003157872003139952
1570.8549999999998	0.00031151931661988885
1570.8600000000001	0.000304640087807644
1570.865	0.0003042573895258952
1570.87	0.0003134878860337406
1570.875	0.00032717836102170387
1570.8799999999999	0.0003345128212980833
1570.885	0.0003297827417085514
1570.89	0.0003175850838321568
1570.895	0.0003033060755158661
1570.9	0.00029642640420692143
1570.905	0.0002954106311981137
1570.9099999999999	0.00029949088353438375
1570.915	0.0003092678347018089
1570.92	0.0003216830986535433
1570.925	0.00033223645494171247
1570.93	0.00034162794783863375
1570.935	0.0003430781358595758
1570.9399999999998	0.0003386447995218702
1570.945	0.00033294530011012075
1570.95	0.00033336290935377384
1570.955	0.00033866059955867063
1570.96	0.0003413995227721419
1570.965	0.0003386624455239345
1570.9699999999998	0.0003337382811250616
1570.9750000000001	0.00033001431343183507
1570.98	0.0003196388574743435
1570.985	0.00029747106901170135
1570.99	0.00026799616570881006
1570.995	0.0002551296610849153
1571	0.0002568893576023939
1571.005	0.0002711586847395135
1571.01	0.00028613375361165555
1571.015	0.0002866697367308287
1571.02	0.0002665327641721447
1571.0249999999999	0.00023646339066983515
1571.03	0.000217810552447403
1571.035	0.00021363946852526481
1571.04	0.0002225046106794161
1571.045	0.00024106366961405381
1571.05	0.00026510902335433515
1571.0549999999998	0.00028526111972254034
1571.06	0.00030116560151936236
1571.065	0.00031221802732442106
1571.07	0.0003184218438622377
1571.075	0.0003193295195745747
1571.08	0.0003141484684623256
1571.0849999999998	0.000304631188814003
1571.09	0.00029092998712680363
1571.095	0.0002739837684726035
1571.1000000000001	0.0002616469902670117
1571.105	0.00025252161187569564
1571.11	0.0002491092853436858
1571.115	0.00025277908130518184
1571.12	0.00026568542331623194
1571.125	0.00028560360663161755
1571.13	0.00030815274272054225
1571.135	0.00032002728453095497
1571.1399999999999	0.000314378937220572
1571.145	0.00030435446447660215
1571.15	0.00030475260359508877
1571.155	0.00031972838011573297
1571.16	0.00033909571780713
1571.165	0.0003534752766361169
1571.1699999999998	0.0003548118468848653
1571.175	0.0003497116771084352
1571.18	0.0003455554434118427
1571.185	0.00034202356827500323
1571.19	0.00033678197883164543
1571.195	0.0003285910923970938
1571.1999999999998	0.0003209540169467211
1571.205	0.00031868502847312466
1571.21	0.00032340189705446594
1571.2150000000001	0.00033110811967707363
1571.22	0.00033617276867163397
1571.225	0.00033642008903795467
1571.23	0.0003339209127244105
1571.235	0.00033195624423209267
1571.24	0.000332455208671592
1571.2450000000001	0.00033541783077821593
1571.25	0.00033958739649454604
1571.2549999999999	0.00034355453419352875
1571.26	0.00034458910589779267
1571.2649999999999	0.0003409371121538657
1571.27	0.0003330635010970705
1571.275	0.0003197668939145246
1571.28	0.00030631065547783614
1571.2849999999999	0.00029931772015582067
1571.29	0.0003053519582143971
1571.295	0.00031799436364132874
1571.3	0.0003142832412101438
1571.305	0.00029744605513971233
1571.31	0.0002992038722024916
1571.3149999999998	0.00031598657639571147
1571.32	0.00032812181036786907
1571.325	0.0003219768997469332
1571.3300000000002	0.00030546905590627017
1571.335	0.0003007242055109633
1571.34	0.0003093422376662523
1571.345	0.00032347477769032146
1571.35	0.00032823071446099367
1571.355	0.00031794959544899424
1571.3600000000001	0.000300020670639918
1571.365	0.0002829192701602712
1571.37	0.0002749478718230599
1571.375	0.0002808044980601632
1571.3799999999999	0.00029216435585833583
1571.385	0.0003029859064711884
1571.39	0.00030977270806015574
1571.395	0.00031129030389947593
1571.3999999999999	0.0003122993383955897
1571.405	0.00031722677894522043
1571.4099999999999	0.00032532612428437996
1571.415	0.00033562736314468605
1571.42	0.00034640787669282616
1571.425	0.00035465496992644773
1571.4299999999998	0.0003602533098080802
1571.435	0.0003632253144324207
1571.44	0.0003643356430139741
1571.4450000000002	0.00036438610636494194
1571.45	0.0003635848478050501
1571.455	0.0003605061185341863
1571.46	0.0003519344330087249
1571.465	0.0003378121475489405
1571.47	0.0003182324265018913
1571.4750000000001	0.00029668897237734794
1571.48	0.00028521638230936876
1571.485	0.0002875494685046023
1571.49	0.00030134235186858084
1571.495	0.0003221410073939405
1571.5	0.00033902827451992964
1571.505	0.00034815233904509686
1571.51	0.00035258227495097404
1571.5149999999999	0.00035488261228268185
1571.52	0.00035384990459005384
1571.5249999999999	0.00034573132399400356
1571.53	0.0003302190669285625
1571.535	0.0003119274306750614
1571.54	0.00029802316097663975
1571.5449999999998	0.0002945776812320652
1571.55	0.0003028001993880201
1571.5549999999998	0.0003209299628306908
1571.5600000000002	0.0003385694598463828
1571.565	0.00034633525420820854
1571.57	0.00034188303708378496
1571.575	0.000327860831457671
1571.58	0.0003116097380735506
1571.5849999999998	0.00029736935251877233
1571.5900000000001	0.00028722147116222587
1571.595	0.00028297629972840046
1571.6	0.0002824080015582411
1571.605	0.0002852789977317102
1571.61	0.00029117032941198493
1571.615	0.00029896290261308036
1571.6200000000001	0.00030713013144102367
1571.625	0.00031422777985459663
1571.6299999999999	0.0003231279159529264
1571.635	0.000336935555790435
1571.6399999999999	0.0003514260009299595
1571.645	0.0003547943196678542
1571.65	0.00034204689755980083
1571.655	0.000327550939857135
1571.6599999999999	0.0003184125181274788
1571.665	0.00031655006624949105
1571.6699999999998	0.0003256955602003774
1571.6750000000002	0.00034286547532017095
1571.68	0.0003550188923424251
1571.685	0.0003523319561478127
1571.69	0.0003369878305718896
1571.695	0.00032278482049399003
1571.6999999999998	0.00031744792954084306
1571.7050000000002	0.0003215036634194859
1571.71	0.0003307632140685126
1571.715	0.00033566899932219835
1571.72	0.0003361376367979957
1571.725	0.00033576999934066174
1571.7299999999998	0.00033727370132955966
1571.7350000000001	0.00034205439815274857
1571.74	0.0003454689821719897
1571.745	0.00034553537285543045
1571.75	0.00034273803222391227
1571.7549999999999	0.0003382794987091127
1571.76	0.0003365060067780278
1571.765	0.0003367545758789089
1571.77	0.0003380769899981753
1571.7749999999999	0.00033943960438541495
1571.78	0.0003394123300120226
1571.7849999999999	0.0003371704718176843
1571.79	0.0003331690061526114
1571.795	0.00032666728667303025
1571.8	0.0003186165085218646
1571.805	0.00030929626961865317
1571.81	0.00030056557440941465
1571.8149999999998	0.0002940697070278773
1571.8200000000002	0.00029672470180648467
1571.825	0.00031078621492193655
1571.83	0.0003326909072250917
1571.835	0.0003502145551110821
1571.84	0.0003462682285794981
1571.8449999999998	0.0003285103823232801
1571.8500000000001	0.0003095325058330361
1571.855	0.00029256455521600705
1571.86	0.0002790639312372583
1571.865	0.0002738988473914569
1571.87	0.0002814138816517181
1571.8749999999998	0.0003020826628329162
1571.88	0.0003296986502346289
1571.885	0.0003474042646283995
1571.8899999999999	0.0003427554153687302
1571.895	0.0003219583718529001
1571.8999999999999	0.0003034600014376139
1571.905	0.00029975517111915175
1571.91	0.00031077156668638607
1571.915	0.0003313590446688468
1571.92	0.00035041637807636664
1571.925	0.00036203442314757835
1571.9299999999998	0.0003633301719078911
1571.935	0.00035713651924157755
1571.94	0.00034767641267398217
1571.945	0.00033845487164746636
1571.95	0.00033151151286221926
1571.955	0.00032811270976855895
1571.9599999999998	0.0003302372636906881
1571.9650000000001	0.00033648727045506015
1571.97	0.0003475378251786458
1571.975	0.0003580045759522413
1571.98	0.00036363092890534537
1571.985	0.0003664242622064272
1571.9899999999998	0.0003689687420613076
1571.9950000000001	0.00036851149636776554
1572	0.0003628187265525252
1572.005	0.00035279647430793706
1572.01	0.0003403798438604235
1572.0149999999999	0.0003322855635854342
1572.02	0.0003318825800880377
1572.025	0.00033862610862195764
1572.03	0.0003482522907033914
1572.035	0.0003539050887803381
1572.04	0.00035156652185142594
1572.0449999999998	0.00034252502886935194
1572.05	0.0003366607350844247
1572.055	0.0003364021466287441
1572.06	0.0003404207505155428
1572.065	0.00034636095801154535
1572.07	0.00035133227878862596
1572.0749999999998	0.0003544658957612657
1572.08	0.000357438898457391
1572.085	0.0003602377789178253
1572.09	0.00036235912129476083
1572.095	0.0003604320384459142
1572.1	0.00035214976285548007
1572.1049999999998	0.00034061740780374377
1572.11	0.00032673911443269047
1572.115	0.00031081155801793354
1572.1200000000001	0.0002980064212957063
1572.125	0.0002863820793846261
1572.1299999999999	0.00027825724806272077
1572.135	0.00027315114325003175
1572.14	0.00027093113752270023
1572.145	0.0002720992152828735
1572.15	0.0002767514090164009
1572.155	0.000285469244112815
1572.1599999999999	0.000300111367264754
1572.165	0.0003188816502747305
1572.17	0.00033938658761188244
1572.175	0.0003537602257164292
1572.18	0.0003622296606840615
1572.185	0.000362972531842936
1572.1899999999998	0.00035872438337365014
1572.195	0.0003501591613839054
1572.2	0.00034060982396841056
1572.205	0.0003329775286102878
1572.21	0.0003320773788819001
1572.215	0.00033716832310201654
1572.22	0.00034551501935951363
1572.225	0.0003520903406355811
1572.23	0.000354986656829881
1572.2350000000001	0.0003551933002657623
1572.24	0.0003544441231437634
1572.245	0.00035319953024108607
1572.25	0.00035097750134131003
1572.2549999999999	0.00034809397809521707
1572.26	0.0003446244315705059
1572.265	0.00034102507689983227
1572.27	0.0003375058692651353
1572.2749999999999	0.0003334766596796707
1572.28	0.0003304243466962303
1572.285	0.0003279219464374665
1572.29	0.00032580950781727313
1572.295	0.00032369477916485836
1572.3	0.0003216094817939722
1572.3049999999998	0.00032019723638702024
1572.31	0.00031854396692924757
1572.315	0.00031636748153530085
1572.32	0.00031373153317639337
1572.325	0.0003105857190399872
1572.33	0.0003099214664751893
1572.335	0.00031654251927076013
1572.34	0.0003287444313654937
1572.345	0.00033968494651066426
1572.3500000000001	0.0003399342797454296
1572.355	0.0003329711609285871
1572.36	0.00032786888135536725
1572.365	0.00032960628806181423
1572.37	0.00033761700500043156
1572.375	0.0003464903990213643
1572.38	0.0003552654637752058
1572.385	0.0003634574811884832
1572.3899999999999	0.0003695595819662613
1572.395	0.0003700693568995523
1572.3999999999999	0.00036361218694496924
1572.405	0.0003506243322929876
1572.41	0.0003379803639958141
1572.415	0.00033332859657123743
1572.4199999999998	0.0003365958994898312
1572.425	0.000346333767723862
1572.43	0.00036024178448172917
1572.435	0.0003726829559552099
1572.44	0.0003811926279395382
1572.445	0.00038622146492435646
1572.45	0.0003882172423320905
1572.455	0.0003879100604965675
1572.46	0.0003850557408947235
1572.4650000000001	0.0003785359720493941
1572.47	0.0003688179518628055
1572.475	0.00035589790238784694
1572.48	0.00034123739236730156
1572.485	0.0003274594796185923
1572.49	0.0003179372883699781
1572.4950000000001	0.0003153641304932161
1572.5	0.00032269901708600787
1572.5049999999999	0.0003375381311410884
1572.51	0.0003536773945438316
1572.5149999999999	0.0003646278170453926
1572.52	0.00036588603004991346
1572.525	0.0003576976464815389
1572.53	0.00034133490642949136
1572.5349999999999	0.000324692247052024
1572.54	0.0003112210580255761
1572.5449999999998	0.0003089720376881367
1572.55	0.00031749883052932537
1572.555	0.0003335710825110191
1572.56	0.00035295046837755916
1572.565	0.0003714409164169682
1572.57	0.00038327637702599733
1572.575	0.0003830063313652716
1572.5800000000002	0.0003645475906963
1572.585	0.0003310449656658949
1572.59	0.0003001454207588703
1572.595	0.0002794257190115834
1572.6	0.0002727290539378764
1572.605	0.00027898079496889623
1572.6100000000001	0.00029401968252005
1572.615	0.0003154169921945216
1572.62	0.0003393150846947706
1572.625	0.00035778488935162873
1572.6299999999999	0.00037448244400657666
1572.635	0.00038603335692045964
1572.64	0.0003935013950796837
1572.645	0.00039685578226413584
1572.6499999999999	0.00039883209448119577
1572.655	0.0004018706057821302
1572.6599999999999	0.00040453881923137444
1572.665	0.00040162305707294965
1572.67	0.0003877575575586699
1572.675	0.0003668987858919177
1572.68	0.0003532571443361653
1572.685	0.0003528921070655677
1572.6899999999998	0.00036160303024991027
1572.6950000000002	0.0003678601713301503
1572.7	0.00036189412558059207
1572.705	0.00034070928669877233
1572.71	0.0003155497828161991
1572.715	0.000306177792876143
1572.7199999999998	0.0003115433486883558
1572.7250000000001	0.00032632133064857874
1572.73	0.00033809649826345173
1572.735	0.00033505395331392257
1572.74	0.00031500822365581135
1572.745	0.0002876838061651945
1572.75	0.00026961408074928687
1572.755	0.0002636945697373287
1572.76	0.00026895964182234775
1572.7649999999999	0.000281910122860495
1572.77	0.0002980396504856468
1572.7749999999999	0.0003103582353610327
1572.78	0.00031914337232513814
1572.785	0.0003246125101898793
1572.79	0.0003273213494391807
1572.795	0.00032866193289414974
1572.8	0.0003295250915545041
1572.8049999999998	0.0003302683226609587
1572.8100000000002	0.0003309641614525292
1572.815	0.00033139802241030956
1572.82	0.00033113087371645255
1572.825	0.0003299560464892815
1572.83	0.0003273083508962708
1572.8349999999998	0.0003208591614175039
1572.8400000000001	0.0003127187590733314
1572.845	0.0003053366277188721
1572.85	0.0003015511421795327
1572.855	0.00030252954430359883
1572.86	0.00029563821847237515
1572.8649999999998	0.0002734681592628211
1572.8700000000001	0.00024523390917431545
1572.875	0.00022563836393613205
1572.8799999999999	0.00022138697093788303
1572.885	0.00023200230206195548
1572.8899999999999	0.0002523947136236345
1572.895	0.0002689501950414038
1572.9	0.00028109191734205493
1572.905	0.0002922301705507295
1572.91	0.00030870790573923114
1572.915	0.00032687448872554663
1572.9199999999998	0.00032977487978318035
1572.925	0.0003106119063665819
1572.93	0.0002812691842475638
1572.935	0.00025483306526710535
1572.94	0.00023824748985245103
1572.945	0.00023184718344496628
1572.9499999999998	0.00023311422419344528
1572.9550000000002	0.00024053823594786787
1572.96	0.00025239179208838867
1572.965	0.0002648568349381125
1572.97	0.00028019022623185696
1572.975	0.000295869113183137
1572.9799999999998	0.0003119419346547208
1572.9850000000001	0.00032655847939108977
1572.99	0.0003402509799886675
1572.995	0.0003521390445444749
1573	0.0003579017420012117
1573.0049999999999	0.00035995831263259
1573.0099999999998	0.0003618616475980936
1573.015	0.0003615349896167477
1573.02	0.0003510436820165715
1573.025	0.0003396318688841136
1573.03	0.00033904807973969434
1573.0349999999999	0.0003415779061504252
1573.04	0.00033477728013379824
1573.045	0.0003181886522115987
1573.05	0.00030333389478280474
1573.055	0.00029705589668550206
1573.06	0.0002940388667614248
1573.0649999999998	0.0002874795909723176
1573.07	0.00027853767250976097
1573.075	0.0002759925501289303
1573.08	0.0002826038873208464
1573.085	0.0002984311926543122
1573.09	0.0003206204387541907
1573.0949999999998	0.00033809763541741995
1573.1000000000001	0.0003466674345378137
1573.105	0.0003512347794398428
1573.11	0.0003553376618754086
1573.115	0.00036203346003746146
1573.12	0.00036823276078135953
1573.1249999999998	0.00036961724849601785
1573.13	0.0003675114300296927
1573.135	0.00036354052276213206
1573.14	0.000360691780719879
1573.145	0.0003623297913386004
1573.1499999999999	0.00036815780594321785
1573.155	0.0003770611504607131
1573.16	0.00038523692365173616
1573.165	0.000389305111938743
1573.17	0.0003886195689823137
1573.175	0.00038139297019139736
1573.1799999999998	0.0003726303378215212
1573.185	0.0003697780374287226
1573.19	0.00037609541126931684
1573.195	0.0003914473349263205
1573.2	0.0004040871764187061
1573.205	0.00040225616422512935
1573.2099999999998	0.00038700613042248343
1573.215	0.00036589600740667753
1573.22	0.00035139006924263694
1573.225	0.0003453628406512552
1573.23	0.00034680154894550785
1573.235	0.00035447478077547923
1573.24	0.0003649929572978728
1573.245	0.0003752368074088695
1573.25	0.0003820822588682542
1573.255	0.0003812193830565126
1573.26	0.0003708534601180197
1573.2649999999999	0.0003547836098355644
1573.27	0.0003385367464264976
1573.275	0.0003259288134234812
1573.28	0.0003200100636557144
1573.285	0.00031846221867701165
1573.29	0.00031742739879658366
1573.2949999999998	0.0003138722723389888
1573.3	0.0003085507036030062
1573.305	0.0003021551063698689
1573.31	0.00029703365626810896
1573.315	0.0002949997713956225
1573.32	0.000296409396691408
1573.3249999999998	0.00030256899409716843
1573.33	0.00031548848803706676
1573.335	0.00033642080409233653
1573.3400000000001	0.00036177653225461935
1573.345	0.00038472949501771063
1573.35	0.0003952504874373127
1573.355	0.0003940756193853809
1573.36	0.0004001916766636221
1573.365	0.0004051145182718373
1573.3700000000001	0.00038925043527168236
1573.375	0.0003699485909820185
1573.3799999999999	0.00036926147403730476
1573.385	0.0003853680943579056
1573.3899999999999	0.0004026103855827164
1573.395	0.0004090838981433027
1573.4	0.00040749803919397094
1573.405	0.00040485659855607096
1573.4099999999999	0.00039972597051860155
1573.415	0.00037958461517228874
1573.42	0.00034595649546019573
1573.425	0.00031150007253437026
1573.43	0.000286106645737863
1573.435	0.00027715939036603205
1573.4399999999998	0.0002861562780507712
1573.445	0.00031415464006122963
1573.45	0.0003472357981683148
1573.4550000000002	0.0003763329986256212
1573.46	0.00039396495709447297
1573.465	0.0003957578978816041
1573.47	0.0003847449614953551
1573.475	0.00037243466808969456
1573.48	0.0003582582259758421
1573.4850000000001	0.00034245310672777695
1573.49	0.00032418788099615404
1573.495	0.00030141436738821594
1573.5	0.00027925310770173965
1573.5049999999999	0.00025938462964766683
1573.51	0.0002409056844358631
1573.515	0.00022885653733586934
1573.52	0.00022630279994154172
1573.5249999999999	0.00023370444979090705
1573.53	0.0002544947328124574
1573.5349999999999	0.0002888402200695892
1573.54	0.00032559251035611206
1573.545	0.0003487779640169538
1573.55	0.00035731096079305623
1573.5549999999998	0.0003561251662880454
1573.56	0.00035343588420641396
1573.565	0.00035245614899101794
1573.5700000000002	0.0003516594552335632
1573.575	0.0003483640059481328
1573.58	0.0003382411296271702
1573.585	0.000323762321956504
1573.59	0.0003032674494120583
1573.595	0.0002839205767694541
1573.6000000000001	0.0002708746106973139
1573.605	0.00026793799262935826
1573.61	0.0002742132051946202
1573.615	0.00028552035879215754
1573.62	0.00029416072596287604
1573.625	0.0002940998352286262
1573.63	0.0002859561267482133
1573.635	0.0002747782310376742
1573.6399999999999	0.00026699007199310927
1573.645	0.0002641129507884215
1573.6499999999999	0.00026665882380741385
1573.655	0.000273057169175562
1573.66	0.000282615812701511
1573.665	0.0002947028231180844
1573.6699999999998	0.00031009934639248836
1573.675	0.0003257711393057425
1573.6799999999998	0.0003388833139115306
1573.6850000000002	0.00034945761173978986
1573.69	0.00035648218838748636
1573.695	0.0003595447201529773
1573.7	0.00036607754742312514
1573.705	0.00037968311787737167
1573.7099999999998	0.0003907268024753662
1573.7150000000001	0.0003898434980444259
1573.72	0.00038008066062424154
1573.725	0.00036794864296984153
1573.73	0.0003573440763081364
1573.735	0.0003519825409698347
1573.74	0.0003485519609805524
1573.7450000000001	0.00034635269305231835
1573.75	0.00034352729288405224
1573.7549999999999	0.00034166279111113787
1573.76	0.0003416837475815599
1573.7649999999999	0.00034328915808923743
1573.77	0.00034375441145512636
1573.775	0.00034065509675112505
1573.78	0.00033399111464121135
1573.7849999999999	0.00032547193057926
1573.79	0.00031985980624340464
1573.7949999999998	0.000318012245457419
1573.8000000000002	0.00031845676927856376
1573.805	0.0003197792087539559
1573.81	0.0003206019925195808
1573.815	0.00031932553023775705
1573.82	0.00031728104172911337
1573.8249999999998	0.0003144556501321268
1573.8300000000002	0.0003111162904936431
1573.835	0.0003080009030638053
1573.84	0.00030536441131603345
1573.845	0.0003045672056676168
1573.85	0.00030571046488802944
1573.8549999999998	0.0003097844127961917
1573.8600000000001	0.00031538125043840287
1573.865	0.00031842204022260374
1573.87	0.0003137946697599339
1573.875	0.0002972863757812327
1573.8799999999999	0.0002797677391420651
1573.885	0.0002713609114171111
1573.89	0.00027776272580741274
1573.895	0.00029119016635835925
1573.8999999999999	0.0003016536924938095
1573.905	0.0003034061481131243
1573.9099999999999	0.0003040558489948223
1573.915	0.00030785766913333335
1573.92	0.00031503687477914917
1573.925	0.0003237971677539258
1573.93	0.00033569445160515533
1573.935	0.0003498296247840559
1573.9399999999998	0.0003603262915876873
1573.9450000000002	0.00036389790833321443
1573.95	0.00036411330682071716
1573.955	0.00036364285423928983
1573.96	0.00035522896457041467
1573.965	0.00032931036136980515
1573.9699999999998	0.00028832245844787253
1573.9750000000001	0.00024659138393100797
1573.98	0.00021827610584746151
1573.985	0.00020295115005063098
1573.99	0.00019907773878652678
1573.995	0.00020541908210693522
1573.9999999999998	0.00021953391424236018
1574.005	0.00023845331154191733
1574.01	0.00027118583752966526
1574.0149999999999	0.00030416861462784434
1574.02	0.00033223110237734645
1574.0249999999999	0.0003523351204801944
1574.03	0.0003481207216739564
1574.035	0.0003181423552014669
1574.04	0.00028220172306535536
1574.045	0.00026271397778551643
1574.05	0.00027430582482946983
1574.0549999999998	0.0003027645784102576
1574.06	0.00034396019140920373
1574.065	0.00038065636423520043
1574.07	0.0004042081398814082
1574.075	0.0004115873174478068
1574.08	0.0004100706295033285
1574.0849999999998	0.00040656367119979147
1574.0900000000001	0.0004063705009721119
1574.095	0.0004096835771736124
1574.1	0.00041471879052864624
1574.105	0.00041818891198340237
1574.11	0.00041312453912782817
1574.1149999999998	0.000398076974828056
1574.1200000000001	0.0003768269715675885
1574.125	0.0003531090282654036
1574.1299999999999	0.0003316554683526683
1574.135	0.00032012222089803597
1574.1399999999999	0.0003186926903166278
1574.145	0.00032468199118559324
1574.15	0.00033724577694084593
1574.155	0.00035580768509174297
1574.16	0.0003723662806348112
1574.165	0.0003844122679516749
1574.1699999999998	0.0003905278613985688
1574.175	0.0003896349083904981
1574.18	0.00038108870500110596
1574.185	0.0003684296690583544
1574.19	0.000355867856160419
1574.195	0.0003460795314674019
1574.1999999999998	0.0003418304693246531
1574.205	0.00034523781909656887
1574.21	0.000357137586518777
1574.215	0.0003771627097880628
1574.22	0.00039948579166328206
1574.225	0.0004144142231286994
1574.2299999999998	0.0004139883135995525
1574.2350000000001	0.0004048200249736201
1574.24	0.00039736268481684175
1574.245	0.0003969267047243774
1574.25	0.00040183247737902967
1574.2549999999999	0.0004059139873729642
1574.26	0.00040421928863257703
1574.265	0.000400457252290417
1574.27	0.00039964379370126783
1574.275	0.00040196528753454604
1574.28	0.00040213421744038076
1574.2849999999999	0.0003956082334665404
1574.29	0.0003827151748159441
1574.295	0.000371113038636299
1574.3	0.0003657871120884741
1574.305	0.00036587093238819196
1574.31	0.00036555843173588867
1574.3149999999998	0.00036098750755623544
1574.32	0.0003517600740041874
1574.325	0.00033957170326824447
1574.33	0.0003263985551101902
1574.335	0.00031799151905469804
1574.34	0.00031311542573281775
1574.3449999999998	0.00031162003874971977
1574.35	0.0003136242870999672
1574.355	0.00031982695563881986
1574.3600000000001	0.0003283293197421572
1574.365	0.0003391035085631043
1574.37	0.0003541180832674184
1574.375	0.00037307731896120703
1574.3799999999999	0.0003861715984393936
1574.385	0.0003938949287310939
1574.39	0.000394808241325114
1574.395	0.00038284495911965845
1574.3999999999999	0.0003564547961466998
1574.405	0.0003264163613223449
1574.41	0.0003167992677173167
1574.415	0.00032962045433131175
1574.42	0.00035878925917529807
1574.425	0.0003896650712412603
1574.4299999999998	0.000404056227855643
1574.435	0.0004051159406743528
1574.44	0.000402215177992923
1574.445	0.0004026620257326802
1574.45	0.00040470228300172617
1574.455	0.0004031988269570887
1574.46	0.00039865525017822274
1574.465	0.000392802819014242
1574.47	0.0003875138610571774
1574.4750000000001	0.00038297435645432614
1574.48	0.00037467610803062075
1574.485	0.0003635472021954215
1574.49	0.00034970654174504246
1574.495	0.0003325791112755962
1574.5	0.0003200862274107357
1574.505	0.00031129303622504247
1574.51	0.00030693709700126213
1574.5149999999999	0.00030802331911656503
1574.52	0.00031449907189563857
1574.5249999999999	0.0003251228026329993
1574.53	0.00033798296004658153
1574.535	0.0003512326873953391
1574.54	0.0003639684735571708
1574.5449999999998	0.0003709852677299397
1574.55	0.0003716141799476955
1574.555	0.00036320213114942554
1574.56	0.00035223232618414275
1574.565	0.0003455736862252933
1574.57	0.00034638770080413757
1574.575	0.00035342834401202777
1574.58	0.0003624859811344938
1574.585	0.0003726664288318554
1574.5900000000001	0.0003831478290839162
1574.595	0.00038992534766126876
1574.6	0.00038699237898735106
1574.605	0.0003771166944042629
1574.61	0.0003687174684318642
1574.615	0.0003644322248546484
1574.6200000000001	0.0003639663707755362
1574.625	0.0003649752331083193
1574.6299999999999	0.00036722344897723274
1574.635	0.0003678285591448624
1574.6399999999999	0.00036038073465096554
1574.645	0.00033893882168171746
1574.65	0.0003054510914070511
1574.655	0.00027142806127683906
1574.6599999999999	0.00024714611749402537
1574.665	0.00023669775750213693
1574.6699999999998	0.00023878663005139853
1574.675	0.0002508940257693091
1574.68	0.0002707303298104318
1574.685	0.00029568023548206857
1574.69	0.000323616726352113
1574.695	0.0003520448889113306
1574.7	0.00037655344345032297
1574.7050000000002	0.0003881866049512905
1574.71	0.0003936908815443945
1574.715	0.0003947610216867202
1574.72	0.0003977465604915653
1574.725	0.0004018398102734929
1574.73	0.00038938998380774417
1574.7350000000001	0.0003703869954875923
1574.74	0.00037994654781388815
1574.745	0.00041530696946483805
1574.75	0.00043363134905987825
1574.7549999999999	0.00043207886905017115
1574.76	0.0004322080650746097
1574.765	0.00043368472443112266
1574.77	0.00042251601985217964
1574.7749999999999	0.00040277458511188755
1574.78	0.00038887145432538574
1574.7849999999999	0.00038703823743376777
1574.79	0.0003961243752004862
1574.795	0.0004093236021325956
1574.8	0.0004196516804934269
1574.805	0.0004236734073875013
1574.81	0.000423932868650107
1574.8149999999998	0.0004240882661358569
1574.8200000000002	0.0004251904057064051
1574.825	0.0004275650202481115
1574.83	0.0004313214152653641
1574.835	0.0004348560670057751
1574.84	0.00043722732204615243
1574.8449999999998	0.0004378678362958299
1574.8500000000001	0.0004360520344546894
1574.855	0.0004313490697039394
1574.86	0.0004262264515272134
1574.865	0.0004207058042169599
1574.87	0.00041532775104615946
1574.875	0.00041242455285372585
1574.88	0.0004124817279865996
1574.885	0.0004166019806803585
1574.8899999999999	0.0004243947440862782
1574.895	0.0004355557496949037
1574.8999999999999	0.00044514252348006354
1574.905	0.00044962684678918484
1574.91	0.00044814717749887885
1574.915	0.0004437583654150463
1574.92	0.0004391756509927973
1574.925	0.00042807626662885533
1574.9299999999998	0.00040548617617014183
1574.9350000000002	0.00037099769407824055
1574.94	0.0003361307354439412
1574.945	0.0003134017485190196
1574.95	0.00030811596908216914
1574.955	0.00032028127173040045
1574.9599999999998	0.00034779387317130967
1574.9650000000001	0.0003807007672430241
1574.97	0.0004037906886724903
1574.975	0.00040988331465332623
1574.98	0.0004022811494509802
1574.985	0.0003913516462333432
1574.9899999999998	0.000386267276818729
1574.9950000000001	0.00038839986114920234
1575	0.00039335597889559264
1575.0049999999999	0.0003960514141039785
1575.01	0.000395103033233028
1575.0149999999999	0.0003920612390346045
1575.02	0.0003892420927035925
1575.025	0.00038782248928750457
1575.03	0.0003880662757659247
1575.035	0.00039060698638308875
1575.04	0.0003944090423108682
1575.0449999999998	0.0003969660609132931
1575.05	0.0003967808635789611
1575.055	0.0003899397984262191
1575.06	0.000376291973141293
1575.065	0.00036372104127046297
1575.07	0.00036273760303184594
1575.0749999999998	0.00037903151105300335
1575.0800000000002	0.00039172932080350665
1575.085	0.0003903767813526312
1575.09	0.0003899560757546366
1575.095	0.00039783235271813663
1575.1	0.00039848741414867694
1575.1049999999998	0.00037638305129205225
1575.1100000000001	0.00033940447030424283
1575.115	0.00031255523982471245
1575.12	0.00030412159371519384
1575.125	0.0003152111300154417
1575.1299999999999	0.0003452296550202577
1575.1349999999998	0.00038543170434086215
1575.14	0.00040897527604547484
1575.145	0.0004108932147842826
1575.15	0.0004019387123367511
1575.155	0.0003946445981083964
1575.1599999999999	0.00039793769045379956
1575.165	0.00041155973829877583
1575.17	0.00042644266781420543
1575.175	0.0004339451434866273
1575.18	0.00043273643922231507
1575.185	0.0004247764190096346
1575.1899999999998	0.0004166320406481303
1575.195	0.00041165542192043476
1575.2	0.00041075624628002076
1575.205	0.000413221180648429
1575.21	0.00041730866453563607
1575.215	0.000419561315139221
1575.2199999999998	0.0004161188170601496
1575.2250000000001	0.00040594529172644953
1575.23	0.0003910168329780237
1575.235	0.00037269757293602253
1575.24	0.00036095247106045534
1575.245	0.0003597268624660236
1575.2499999999998	0.00036697858006253225
1575.255	0.00037434894707051884
1575.26	0.00037145154456784906
1575.265	0.0003575469913722286
1575.27	0.00033882782830424967
1575.2749999999999	0.00032419722496921044
1575.28	0.00031190079328770543
1575.285	0.0003041553953625106
1575.29	0.0002999255971893246
1575.295	0.0002990443898356541
1575.3	0.00030110387185408637
1575.3049999999998	0.0003065760336424527
1575.31	0.0003161623258803562
1575.315	0.0003309196097622407
1575.32	0.00035063991118652866
1575.325	0.00037364534410465116
1575.33	0.00039234590464600264
1575.3349999999998	0.00040362300395506255
1575.34	0.00040738118168631157
1575.345	0.00040793466095928664
1575.35	0.00040828896966916954
1575.355	0.0004090358424894736
1575.36	0.0004099713684816172
1575.3649999999998	0.0004108679966471627
1575.37	0.0004118640539172881
1575.375	0.0004136236706782523
1575.38	0.0004165161488215309
1575.385	0.0004200363415247169
1575.3899999999999	0.0004229087092588286
1575.395	0.0004217086401865063
1575.4	0.0004104134077494909
1575.405	0.0003888945385663161
1575.41	0.0003688320592588065
1575.415	0.0003702988190820143
1575.4199999999998	0.00039145709736025663
1575.425	0.000415578634159607
1575.43	0.0004244825734137092
1575.435	0.0004189650199300349
1575.44	0.00040834461284360355
1575.445	0.0003955001056150098
1575.4499999999998	0.0003820937995710894
1575.455	0.0003736082844637488
1575.46	0.00037074426070737767
1575.465	0.00037375015290849663
1575.47	0.0003820755682560693
1575.475	0.00039317070454400347
1575.48	0.00040416845714822005
1575.485	0.0004134719498097935
1575.49	0.00041824464406017814
1575.4950000000001	0.00041681915463078406
1575.5	0.00040857212978800565
1575.5049999999999	0.000392930417494629
1575.51	0.00036951132822848133
1575.5149999999999	0.0003448042650752147
1575.52	0.0003224833376830225
1575.525	0.0003076120132496695
1575.53	0.0003020558736559467
1575.5349999999999	0.00030618932243904915
1575.54	0.00032134235283713474
1575.545	0.0003434511696518304
1575.55	0.0003711720146706466
1575.555	0.0003991944074785245
1575.56	0.00041680836154460487
1575.5649999999998	0.00042290669246645307
1575.57	0.000418709400403385
1575.575	0.0004115098865655261
1575.5800000000002	0.00041048149198310234
1575.585	0.0004116816268328762
1575.59	0.0004005698903792208
1575.595	0.0003654117570076463
1575.6	0.0003215308987634751
1575.605	0.000292906986632217
1575.6100000000001	0.00029483623055705823
1575.615	0.000325837352715294
1575.62	0.0003731915786626191
1575.625	0.00041343434336462516
1575.6299999999999	0.00043281020412135756
1575.635	0.0004368284686835835
1575.64	0.00043398958303766163
1575.645	0.00043135620811163153
1575.6499999999999	0.000431646246596118
1575.655	0.0004343442406176324
1575.6599999999999	0.0004384978646087876
1575.665	0.00044268543726497895
1575.67	0.00044549660270675736
1575.675	0.00044631531788737937
1575.6799999999998	0.0004461592730511484
1575.685	0.00044629543338001496
1575.69	0.00044720352142922697
1575.6950000000002	0.0004486303494306105
1575.7	0.00045012237521426196
1575.705	0.00045137544526273506
1575.71	0.00045250141252344743
1575.715	0.0004541471241771404
1575.72	0.0004561031761482581
1575.7250000000001	0.00045876980880286326
1575.73	0.00046046264901769643
1575.735	0.0004612251623387612
1575.74	0.0004597925954629115
1575.745	0.00045625478086207743
1575.75	0.0004515588647300114
1575.755	0.0004483647295435084
1575.76	0.00044432730719380794
1575.7649999999999	0.00043554020980560333
1575.77	0.0004256197164590746
1575.7749999999999	0.00041959862802527125
1575.78	0.00041755261175317954
1575.785	0.0004173103018988727
1575.79	0.00042093565281892543
1575.7949999999998	0.00042752872716564155
1575.8	0.00043282865599275514
1575.8049999999998	0.0004329839280909944
1575.8100000000002	0.00042500506201608156
1575.815	0.0004121071298864617
1575.82	0.0004017022580417399
1575.825	0.00039906653622998094
1575.83	0.00040507386734853565
1575.8349999999998	0.0004101707869347648
1575.8400000000001	0.00040493580330344236
1575.845	0.0003868731297801889
1575.85	0.0003577719781089715
1575.855	0.00032856291189738395
1575.86	0.00031007368612162285
1575.865	0.00030221282063615815
1575.8700000000001	0.0003039460847117458
1575.875	0.0003142897610750244
1575.8799999999999	0.00033392325129745574
1575.885	0.000354700764108423
1575.8899999999999	0.00037713578888530074
1575.895	0.00039676817464413144
1575.9	0.000406654589197297
1575.905	0.00040742981023076074
1575.9099999999999	0.0004008915070702862
1575.915	0.0003864930728362682
1575.9199999999998	0.0003711521490353824
1575.9250000000002	0.0003599308907421623
1575.93	0.0003538827393563756
1575.935	0.00035768283283412253
1575.94	0.00037157337625662735
1575.945	0.0003944142762027202
1575.9499999999998	0.0004082924756596286
1575.9550000000002	0.0004055772821378542
1575.96	0.00038536750622183925
1575.965	0.0003661119452889345
1575.97	0.0003575858627008103
1575.975	0.0003644927593369737
1575.9799999999998	0.00038045558153918354
1575.9850000000001	0.00039519051441312144
1575.99	0.0004024990042080214
1575.995	0.0004026339941775338
1576	0.0003963962521813112
1576.0049999999999	0.00038161068936023486
1576.01	0.00036152671894457454
1576.015	0.0003415092410351143
1576.02	0.0003283260722032178
1576.0249999999999	0.0003251633872937301
1576.03	0.0003313687154106382
1576.0349999999999	0.0003450636899103541
1576.04	0.00036396815697598895
1576.045	0.0003808194717279075
1576.05	0.00039555271877836216
1576.055	0.0004064115977031911
1576.06	0.00041356542691907275
1576.0649999999998	0.0004181591353395565
1576.0700000000002	0.000420620929286652
1576.075	0.0004222889650467597
1576.08	0.00042379609376056425
1576.085	0.000424317306009125
1576.09	0.0004211386127751929
1576.0949999999998	0.00040942526754790597
1576.1000000000001	0.00039365646808836
1576.105	0.00037772933580586097
1576.11	0.0003518702894049002
1576.115	0.0003048792116438533
1576.12	0.00025984791601057
1576.1249999999998	0.00022265768827687798
1576.13	0.0001993730288287221
1576.135	0.00019419919327812152
1576.1399999999999	0.00020075589713042106
1576.145	0.0002194015605305301
1576.1499999999999	0.00024981624237221787
1576.155	0.0002873353991410469
1576.16	0.000325821060533446
1576.165	0.00036076058745855344
1576.17	0.0003850668423093524
1576.175	0.00039453033850748786
1576.1799999999998	0.0003933086140919334
1576.185	0.0003857590922247131
1576.19	0.00037540782162720775
1576.195	0.0003645696706566418
1576.2	0.00035772015055909477
1576.205	0.0003541578928380201
1576.2099999999998	0.00035378036911503356
1576.2150000000001	0.00035703025275270596
1576.22	0.0003635768925399998
1576.225	0.0003710036798934251
1576.23	0.00037834448644912905
1576.235	0.0003843395511102873
1576.2399999999998	0.0003882022213541432
1576.2450000000001	0.0003895541389301717
1576.25	0.0003900545159502321
1576.2549999999999	0.00039084931876581634
1576.26	0.0003935989504552326
1576.2649999999999	0.00039900767280172573
1576.27	0.00040757557250045424
1576.275	0.00042118865765918223
1576.28	0.00043437078182830333
1576.285	0.0004410154752339389
1576.29	0.0004364286036708021
1576.2949999999998	0.0004180702481211458
1576.3	0.0004034729049778948
1576.305	0.0004039013177440891
1576.31	0.00041785450894708305
1576.315	0.0004321851219201442
1576.32	0.00042745267800221366
1576.3249999999998	0.0004042642142169372
1576.33	0.00038181906485216166
1576.335	0.0003738017365666964
1576.34	0.0003819524408521061
1576.345	0.00039501177842101587
1576.35	0.0004027824456802699
1576.3549999999998	0.0004025346692705168
1576.3600000000001	0.00039757126927323695
1576.365	0.0003943828216148356
1576.37	0.00039616148223836194
1576.375	0.00040270535519513036
1576.3799999999999	0.0004098217901716084
1576.385	0.0004161475118741518
1576.39	0.0004206130476184767
1576.395	0.00042301971219061774
1576.4	0.00042426069756581585
1576.405	0.0004247947691434851
1576.4099999999999	0.00042468637776542215
1576.415	0.0004248084151186049
1576.42	0.0004247927246113511
1576.425	0.00042470030313993375
1576.43	0.00042402079608462877
1576.435	0.0004242947004157467
1576.4399999999998	0.000428602128483959
1576.445	0.0004349611213390958
1576.45	0.0004400132553929336
1576.455	0.00044170975121730736
1576.46	0.0004396537488389005
1576.465	0.00043418276111961994
1576.4699999999998	0.0004284108264902545
1576.475	0.00042302957874397717
1576.48	0.00041677798997600765
1576.485	0.0004093001718478637
1576.49	0.0004042750934986589
1576.495	0.000405426511832189
1576.5	0.0004075032440668256
1576.5049999999999	0.0004020809749997898
1576.51	0.0003843889297518044
1576.515	0.00035805940765754843
1576.52	0.00033452475684694265
1576.5249999999999	0.0003284247530219023
1576.53	0.000337651351533726
1576.535	0.0003591153262993164
1576.54	0.00038559753088220105
1576.545	0.00040446340685470247
1576.55	0.0004027916151449637
1576.5549999999998	0.0003908347596198705
1576.56	0.00037380937374562176
1576.565	0.00035696137596490275
1576.57	0.0003483574204328318
1576.575	0.0003503757239740506
1576.58	0.00036030561225178535
1576.5849999999998	0.00037571540279329507
1576.59	0.0003955799313476904
1576.595	0.00041401376599395085
1576.6000000000001	0.0004183976221938715
1576.605	0.0004045696765545468
1576.61	0.000373631681102795
1576.615	0.00034414256401527353
1576.62	0.00033476536671625594
1576.625	0.0003459976225584977
1576.63	0.0003665498591274992
1576.635	0.00038334103283207754
1576.6399999999999	0.0003882160870196419
1576.645	0.00039124522473717735
1576.6499999999999	0.0004037010236954195
1576.655	0.00042317590358719717
1576.66	0.0004351516397893253
1576.665	0.0004325549519576339
1576.6699999999998	0.0004227791913844938
1576.675	0.00041873044629306736
1576.68	0.000422901588049687
1576.685	0.0004243858314317803
1576.69	0.0004103392408535477
1576.695	0.00038495583964545134
1576.7	0.00035963831128189903
1576.705	0.000344798760770872
1576.71	0.0003440562668103927
1576.7150000000001	0.00035445879720860505
1576.72	0.00037006285727438266
1576.725	0.00038856441759245876
1576.73	0.00040032048409878457
1576.735	0.00040661673039150086
1576.74	0.00040894251384620867
1576.7450000000001	0.00040899347525568785
1576.75	0.00040832941118424006
1576.7549999999999	0.00040908647519850844
1576.76	0.0004126851879865274
1576.7649999999999	0.0004191544208402861
1576.77	0.0004281747765807253
1576.775	0.0004306344371317156
1576.78	0.0004225216050806554
1576.7849999999999	0.00041570006332883916
1576.79	0.00042238801205160905
1576.7949999999998	0.0004312891968369638
1576.8	0.0004314032353057888
1576.805	0.00042343542597403236
1576.81	0.00041862689877573706
1576.815	0.0004195003788680801
1576.82	0.000423233104428198
1576.825	0.00042663839097467653
1576.8300000000002	0.00043002777913933555
1576.835	0.0004359561320022791
1576.84	0.0004460244487677687
1576.845	0.0004562465284580606
1576.85	0.0004639933726456008
1576.855	0.000467832718476138
1576.8600000000001	0.0004677606630249278
1576.865	0.0004614757856714441
1576.87	0.00044911074099818584
1576.875	0.00043216464782103685
1576.8799999999999	0.00041451278188634903
1576.885	0.00040159127494482735
1576.89	0.0003998903438213158
1576.895	0.00040516040868126163
1576.8999999999999	0.00041131467868899837
1576.905	0.0004127208533337342
1576.9099999999999	0.0004036917297990228
1576.915	0.00038109961899533457
1576.92	0.00034960360611909337
1576.925	0.0003229439417375229
1576.93	0.00029978417181041956
1576.935	0.00028419110837000686
1576.9399999999998	0.0002814906096118147
1576.9450000000002	0.00029187638324648435
1576.95	0.00031836179040966114
1576.955	0.0003616581018679855
1576.96	0.0004019649015625997
1576.965	0.0004213834082606077
1576.9699999999998	0.0004211107293196355
1576.9750000000001	0.0004195396044409962
1576.98	0.00042646505147404107
1576.985	0.00043468320600864856
1576.99	0.00043946056364005517
1576.995	0.000437188235876021
1577	0.00043088753696835137
1577.005	0.0004224186288067192
1577.01	0.0004113418405811782
1577.0149999999999	0.0003990545436021672
1577.02	0.00039097810417075974
1577.0249999999999	0.0003920225164553357
1577.03	0.0004042846937575822
1577.035	0.00042390039561733176
1577.04	0.0004414509830393273
1577.045	0.0004498629873560807
1577.05	0.0004472711942412499
1577.0549999999998	0.00043966685116576825
1577.0600000000002	0.0004337596608314001
1577.065	0.00043144073277050866
1577.07	0.0004331649962486563
1577.075	0.00043830151637693003
1577.08	0.0004454364174261164
1577.0849999999998	0.0004527134172300583
1577.0900000000001	0.0004613236759754291
1577.095	0.00046787667354620394
1577.1	0.000471513548021615
1577.105	0.0004736744013002965
1577.11	0.00047525450619154244
1577.1149999999998	0.00047706048074674966
1577.1200000000001	0.00047703804323533555
1577.125	0.0004667896545034305
1577.1299999999999	0.00045396972578280476
1577.135	0.00045385021328023625
1577.1399999999999	0.0004640910610875388
1577.145	0.0004653258373409016
1577.15	0.0004489789328488641
1577.155	0.0004288057224846169
1577.16	0.00041354360742444846
1577.165	0.0004113720991535743
1577.1699999999998	0.00041792112089202255
1577.175	0.00042667823430625153
1577.18	0.00043309837671504607
1577.185	0.00043323950476308016
1577.19	0.00042583405536372287
1577.195	0.0004145485164018245
1577.1999999999998	0.0004022263493503651
1577.2050000000002	0.0003909498348335065
1577.21	0.00038340903236218685
1577.215	0.00038239463655822083
1577.22	0.00038426925262161337
1577.225	0.0003874031457408764
1577.2299999999998	0.0003903644387705504
1577.2350000000001	0.0003910685754284165
1577.24	0.0003906861800381427
1577.245	0.00038959952796010973
1577.25	0.0003881278719470803
1577.2549999999999	0.00038653593789583654
1577.2599999999998	0.00038343584364088654
1577.265	0.0003787835190023264
1577.27	0.0003720181778011322
1577.275	0.00036226274713471626
1577.28	0.00035138857932614327
1577.2849999999999	0.0003415213545232147
1577.29	0.0003355435745246006
1577.295	0.0003376536415077373
1577.3	0.0003507921736975689
1577.305	0.0003722776982919521
1577.31	0.00039128212766611635
1577.3149999999998	0.00039707329923301127
1577.32	0.00039416480018372794
1577.325	0.0003947661305453715
1577.33	0.000407237474772836
1577.335	0.00042796161827074865
1577.34	0.00045006790514972754
1577.3449999999998	0.0004638204674647117
1577.3500000000001	0.00047115205930058144
1577.355	0.0004740731719763855
1577.36	0.00047418550622306115
1577.365	0.00047283102921318694
1577.37	0.0004703895005008477
1577.3749999999998	0.00046651919382924235
1577.38	0.0004617255812889076
1577.385	0.00045614812312493627
1577.39	0.0004505546679852475
1577.395	0.00044414763251659096
1577.3999999999999	0.0004371750823803612
1577.405	0.00042908608234274733
1577.41	0.00041925828033890984
1577.415	0.00041002814954956717
1577.42	0.0004011223263707992
1577.425	0.00039287771424483794
1577.4299999999998	0.00038486386758315115
1577.435	0.000378841528137213
1577.44	0.0003762939646039312
1577.445	0.0003766815642490341
1577.45	0.00038225391330518266
1577.455	0.00039204004656629717
1577.4599999999998	0.0004019001490953276
1577.465	0.00040270447148494276
1577.47	0.00039104786454401136
1577.475	0.0003797790890434866
1577.48	0.00037868704213087637
1577.485	0.0003873301198622484
1577.4899999999998	0.00040153920814232496
1577.4950000000001	0.0004136150233322832
1577.5	0.00041959338895365477
1577.505	0.0004086099094539831
1577.51	0.00037937615522998984
1577.5149999999999	0.00034649806409538453
1577.52	0.00032634923003506145
1577.525	0.00033243279860948775
1577.53	0.00036357818442195317
1577.535	0.00040230823016461516
1577.54	0.0004299142797907302
1577.5449999999998	0.0004378635641352634
1577.55	0.0004235924315761422
1577.555	0.0004119348872538218
1577.56	0.00041243933928235776
1577.565	0.0004213751638363387
1577.57	0.00043559913559366705
1577.5749999999998	0.00044716336623897636
1577.58	0.000450683431505854
1577.585	0.0004490733797027676
1577.59	0.00044474649690934043
1577.595	0.00044177701431124026
1577.6	0.0004451515070004368
1577.6049999999998	0.0004540864231298919
1577.61	0.00046637414415978283
1577.615	0.00047986058528850975
1577.6200000000001	0.0004898648990831809
1577.625	0.0004921020594029482
1577.6299999999999	0.00048808556235220243
1577.635	0.0004843787398853776
1577.6399999999999	0.0004879055349957608
1577.645	0.000494463270300742
1577.65	0.0004906059613335645
1577.655	0.00047572908475080976
1577.6599999999999	0.0004635056846141548
1577.665	0.00046522248949658394
1577.67	0.00047292675515033444
1577.675	0.0004677161447645978
1577.68	0.00043831666368510905
1577.685	0.0004027569169718833
1577.6899999999998	0.00037722602480461185
1577.695	0.0003650353759918852
1577.7	0.0003694533923679008
1577.705	0.0003861811694306835
1577.71	0.0004056298481834638
1577.715	0.00042283215982685113
1577.72	0.0004311819433701513
1577.725	0.0004289845961959973
1577.73	0.00042046557519576495
1577.7350000000001	0.0004112811925881784
1577.74	0.0004051126748403969
1577.745	0.0004051434847574659
1577.75	0.0004098118084292667
1577.7549999999999	0.0004163640374235458
1577.76	0.00042335474542506746
1577.765	0.00042952369092670367
1577.77	0.0004351130328673578
1577.7749999999999	0.0004408902013799737
1577.78	0.0004467924581965993
1577.7849999999999	0.0004549353550693461
1577.79	0.0004679791464222907
1577.795	0.00048311477177934164
1577.8	0.0004908976223019507
1577.8049999999998	0.00048778525694256344
1577.81	0.00048203074744174277
1577.815	0.00048571012477101647
1577.82	0.0004917069946797048
1577.825	0.0004894378634949633
1577.83	0.0004790074826392247
1577.835	0.00047023878441180384
1577.84	0.0004669128818578814
1577.845	0.00047082431302178043
1577.8500000000001	0.00047975015908851843
1577.855	0.0004882895795509277
1577.86	0.0004930015211586023
1577.865	0.000492195937227986
1577.87	0.00048670969850930714
1577.875	0.00048015267981000367
1577.88	0.0004764976471064942
1577.885	0.00047882134543652654
1577.8899999999999	0.00048384791504069613
1577.895	0.0004864143846280509
1577.8999999999999	0.00048448707460141296
1577.905	0.0004787576896104778
1577.91	0.00047203350366459073
1577.915	0.00046449945418862773
1577.9199999999998	0.0004582642253896342
1577.925	0.00045161183613157444
1577.9299999999998	0.00044323548504231517
1577.9350000000002	0.00043283027678620863
1577.94	0.0004201308203666908
1577.945	0.0004059942570429968
1577.95	0.00039404621924711195
1577.955	0.0003858281056665961
1577.96	0.00038276511493213567
1577.9650000000001	0.0003861358980682715
1577.97	0.0003956963889083871
1577.975	0.0004079566091338092
1577.98	0.000414227213381504
1577.985	0.000408427560879227
1577.99	0.00039529859893711316
1577.9950000000001	0.0003891906535608015
1578	0.0003996463297200505
1578.0049999999999	0.00041904662546538517
1578.01	0.00043447382544078826
1578.0149999999999	0.0004333275423449052
1578.02	0.00041374962092021557
1578.025	0.0003946236381123223
1578.03	0.00038126744710649123
1578.0349999999999	0.00037041800566568083
1578.04	0.0003550897672724981
1578.0449999999998	0.00033566397633117415
1578.0500000000002	0.00031980217080036625
1578.055	0.00030996731048304403
1578.06	0.0003097925022319025
1578.065	0.0003177668420052546
1578.07	0.0003313320447582049
1578.0749999999998	0.00035121306007086746
1578.0800000000002	0.00037532532561946697
1578.085	0.0004000126551456513
1578.09	0.0004226961777653497
1578.095	0.0004339909227541325
1578.1	0.0004307490895939917
1578.1049999999998	0.00041768500385545523
1578.1100000000001	0.00039405069002120013
1578.115	0.00036766287334683836
1578.12	0.0003470660582587712
1578.125	0.00033362080593390454
1578.1299999999999	0.00032924520963622703
1578.135	0.00034275168497696206
1578.14	0.0003742779282523292
1578.145	0.0004171807651344317
1578.1499999999999	0.00044057735454527464
1578.155	0.0004399633955761051
1578.1599999999999	0.0004422180930751669
1578.165	0.0004506458930677941
1578.17	0.00044833074303934786
1578.175	0.0004373652354175558
1578.18	0.00043128811615321627
1578.185	0.0004360514562265433
1578.1899999999998	0.0004457958678788261
1578.1950000000002	0.00044866920693627385
1578.2	0.00044150090558030866
1578.205	0.00042772103999194497
1578.21	0.0004142951581923059
1578.215	0.0004062402053983211
1578.2199999999998	0.0004052421865455829
1578.2250000000001	0.0004102917623829436
1578.23	0.00041862388458609575
1578.235	0.00042839796834259704
1578.24	0.000438372365707977
1578.245	0.00044813455162001495
1578.2499999999998	0.00045598555644882664
1578.255	0.00046265272040312656
1578.26	0.00046800755743215745
1578.2649999999999	0.0004721032671467545
1578.27	0.0004758200110822591
1578.2749999999999	0.00047928266613682456
1578.28	0.00048242279629660264
1578.285	0.0004851346073405565
1578.29	0.0004872395454951403
1578.295	0.0004878570229453071
1578.3	0.00048708906938902356
1578.3049999999998	0.0004839620209126774
1578.31	0.0004757464865214908
1578.315	0.00045874121446138775
1578.32	0.00042762731819899474
1578.325	0.0003876662005341271
1578.33	0.00034821654419561467
1578.3349999999998	0.0003263984294377913
1578.3400000000001	0.0003297261092707697
1578.345	0.0003668961721541932
1578.35	0.0004219268734972045
1578.355	0.00047348728720745257
1578.36	0.00048114235125418014
1578.3649999999998	0.00046135850953946106
1578.3700000000001	0.0004507846408127598
1578.375	0.0004613756240554795
1578.3799999999999	0.00048298190070503476
1578.385	0.0004925826090594377
1578.3899999999999	0.0004859174733883301
1578.395	0.000474259926894301
1578.4	0.0004684598746154523
1578.405	0.00046698619643221963
1578.41	0.0004634886638618148
1578.415	0.0004545742252059744
1578.4199999999998	0.0004413910328295861
1578.425	0.0004265701305966931
1578.43	0.0004119128036791496
1578.435	0.0004002489750028161
1578.44	0.0003896757998688207
1578.445	0.00038137915667117467
1578.4499999999998	0.0003733968043611433
1578.455	0.00036736486091553235
1578.46	0.00036398246765034065
1578.465	0.00036314751752966325
1578.47	0.00036648419248325794
1578.475	0.00037621932440473225
1578.4799999999998	0.00039218993987604134
1578.4850000000001	0.0004169241722933953
1578.49	0.0004438219273022647
1578.495	0.0004551507634823106
1578.5	0.000452540349989072
1578.5049999999999	0.00043802264498387554
1578.51	0.00041548146264244057
1578.515	0.0003857630875135127
1578.52	0.0003512093939160185
1578.525	0.00031898890294064167
1578.53	0.0002980755315902657
1578.5349999999999	0.0002917419957411709
1578.54	0.00030032707295927466
1578.545	0.0003252111633940486
1578.55	0.0003647379136184351
1578.555	0.000411358768084965
1578.56	0.0004566026792036667
1578.5649999999998	0.0004895117885502375
1578.57	0.0005009121516392133
1578.575	0.000503091312672419
1578.58	0.0005036279591344765
1578.585	0.0005066484582939367
1578.59	0.000513264671166314
1578.5949999999998	0.0005185779058274821
1578.6	0.0005214911652728915
1578.605	0.0005213189213206841
1578.61	0.0005184481812198771
1578.615	0.0005157670738320117
1578.62	0.0005134292510838755
1578.625	0.0005115524437976697
1578.6299999999999	0.0005102049812226812
1578.635	0.0005083027284473042
1578.64	0.0005059884007183968
1578.645	0.000503528013335324
1578.6499999999999	0.0005011302314828581
1578.655	0.0004990115014322149
1578.66	0.0004969352588603259
1578.665	0.0004928929009655982
1578.67	0.0004841791196818232
1578.675	0.00047084614249739217
1578.6799999999998	0.00045608611719295236
1578.685	0.0004509932031540231
1578.69	0.0004564372340503711
1578.695	0.00046992095799415164
1578.7	0.0004805255517951493
1578.705	0.00047578314165531695
1578.7099999999998	0.0004584044119702827
1578.715	0.00044079594033942813
1578.72	0.00043482274900020893
1578.725	0.0004422964725543227
1578.73	0.0004569878686279932
1578.735	0.000472348174637075
1578.74	0.00048344750586825237
1578.745	0.00048778346220838055
1578.75	0.0004873858305460614
1578.755	0.00048468868502964216
1578.76	0.00048096014528753125
1578.7649999999999	0.000477077949618803
1578.77	0.00047354840842832557
1578.7749999999999	0.0004713423997781529
1578.78	0.00047104633067203937
1578.785	0.00047248507926510064
1578.79	0.00047575178351770623
1578.7949999999998	0.0004809684774090735
1578.8	0.0004858790053763094
1578.805	0.000488504947296869
1578.81	0.0004878963728506424
1578.815	0.0004805426749876875
1578.82	0.00046357757866986583
1578.8249999999998	0.0004412284325776764
1578.83	0.0004182127921634981
1578.835	0.0004108932039509199
1578.8400000000001	0.0004241838662007261
1578.845	0.0004450794323093727
1578.85	0.00045528295231134295
1578.855	0.0004429991120519513
1578.86	0.0004244433235202538
1578.865	0.0004096151546851846
1578.8700000000001	0.0004077458034127113
1578.875	0.00041576092410187064
1578.8799999999999	0.00042775633372077557
1578.885	0.00043905433087778104
1578.8899999999999	0.0004462378158430932
1578.895	0.0004491127547061409
1578.9	0.0004495662695191556
1578.905	0.0004485051227926058
1578.9099999999999	0.0004474314803265541
1578.915	0.00044818261485729804
1578.9199999999998	0.0004523255371864008
1578.925	0.0004598942156703303
1578.93	0.00046639998274240903
1578.935	0.0004698893826371345
1578.9399999999998	0.00046891700225388237
1578.945	0.0004621797341540669
1578.95	0.00045112460434857727
1578.9550000000002	0.00044034659437012824
1578.96	0.00043079354824032977
1578.965	0.0004225196314779317
1578.97	0.0004180084915606365
1578.975	0.0004149851597021121
1578.98	0.0004133100656543994
1578.9850000000001	0.00041231225596558853
1578.99	0.000411616124216825
1578.995	0.00041149159624078325
1579	0.00041354145922505763
1579.0049999999999	0.0004202273173408046
1579.01	0.0004326548637923413
1579.015	0.00044794013309097956
1579.02	0.00045978555354435043
1579.0249999999999	0.00046015487325687664
1579.03	0.00045321437674394427
1579.0349999999999	0.0004461645201089892
1579.04	0.0004470769797704059
1579.045	0.00045467539727812173
1579.05	0.00046181998970008375
1579.055	0.00046413525462682555
1579.06	0.00046254287301235645
1579.0649999999998	0.00046327522129059416
1579.0700000000002	0.0004707099203505464
1579.075	0.0004839706483956636
1579.08	0.0004921794739133206
1579.085	0.00048364669305145315
1579.09	0.0004612096731187974
1579.0949999999998	0.00043524769201168026
1579.1000000000001	0.000417250033794789
1579.105	0.0004177213658929792
1579.11	0.00042982651396138383
1579.115	0.0004472240996314459
1579.12	0.0004664489071611335
1579.125	0.00048488313912377313
1579.13	0.0004971569035166689
1579.135	0.000505121772862325
1579.1399999999999	0.0005085871251786033
1579.145	0.0005092507810669214
1579.1499999999999	0.0005085129615039234
1579.155	0.0005067700535171342
1579.16	0.0005033307685977352
1579.165	0.0004975620097224709
1579.17	0.0004858674389548798
1579.175	0.0004664524569796387
1579.1799999999998	0.0004396285014804194
1579.1850000000002	0.000415102640478174
1579.19	0.00040481164100438524
1579.195	0.0004195899806308423
1579.2	0.0004474076512882288
1579.205	0.00047486478236642997
1579.2099999999998	0.0004885155133402336
1579.2150000000001	0.000476529323210842
1579.22	0.00043879630380805974
1579.225	0.0003860388236076529
1579.23	0.00033813830229909123
1579.235	0.0003128402567404899
1579.2399999999998	0.0003159065222516053
1579.2450000000001	0.00034359500600576504
1579.25	0.00039503362411649274
1579.2549999999999	0.00044611472252052475
1579.26	0.0004710356387318736
1579.2649999999999	0.0004676238145448565
1579.27	0.0004420815605939358
1579.275	0.0004176578079736501
1579.28	0.0004010893395506926
1579.285	0.0003919460339190876
1579.29	0.0003892710352949448
1579.2949999999998	0.00039118415740011897
1579.3	0.0003974072078810505
1579.305	0.00040624471715492724
1579.31	0.00041763993625816727
1579.315	0.0004309247868484153
1579.32	0.00044310882762308215
1579.3249999999998	0.0004537838431543324
1579.3300000000002	0.00045743706812721366
1579.335	0.00045306376233029304
1579.34	0.0004412454254371416
1579.345	0.0004280179181500354
1579.35	0.00041917218560641695
1579.3549999999998	0.0004162201922303354
1579.3600000000001	0.0004163071733460657
1579.365	0.0004175105462559857
1579.37	0.0004225313052944666
1579.375	0.0004353293760683208
1579.3799999999999	0.00045610281589948036
1579.3849999999998	0.0004727638833161319
1579.39	0.00047673211554950253
1579.395	0.00047123096286104887
1579.4	0.0004673282374133817
1579.405	0.00047014911420643354
1579.4099999999999	0.0004679528071617833
1579.415	0.00044478036275535715
1579.42	0.0003981143613659222
1579.425	0.00034717708733034527
1579.43	0.0003121635236002793
1579.435	0.0002974404317718116
1579.4399999999998	0.0003008460919840569
1579.445	0.0003190162385562441
1579.45	0.0003472055304454331
1579.455	0.0003831337499202449
1579.46	0.00041425718197206645
1579.465	0.0004387884341876003
1579.4699999999998	0.0004530343599426416
1579.4750000000001	0.00045531861174438645
1579.48	0.0004437782884764435
1579.485	0.00042605819476762194
1579.49	0.0004031963443765002
1579.495	0.0003776698564723387
1579.4999999999998	0.00035422235238390896
1579.505	0.0003411382754605606
1579.51	0.00033931563794091426
1579.515	0.00035453812514350716
1579.52	0.000381316185449802
1579.5249999999999	0.00041179961017059495
1579.53	0.0004431160600444546
1579.535	0.0004654913294143568
1579.54	0.000472133797878621
1579.545	0.00046648168418455757
1579.55	0.0004544420082340435
1579.5549999999998	0.0004447419906598656
1579.56	0.0004374732761589021
1579.565	0.0004303339028621838
1579.57	0.00041972301668988335
1579.575	0.00040709870100572693
1579.58	0.00039628200819724846
1579.5849999999998	0.0003872121896304214
1579.59	0.00038051389165540285
1579.595	0.000377191823564937
1579.6	0.0003787664793822963
1579.605	0.00038526276067035595
1579.61	0.00039426079927462214
1579.6149999999998	0.00040468477153793336
1579.6200000000001	0.00041440896943288814
1579.625	0.000419083749325591
1579.63	0.0004199533144255892
1579.635	0.0004179199149837331
1579.6399999999999	0.00041529371964875753
1579.645	0.0004149180176884931
1579.65	0.0004173593352626666
1579.655	0.0004222768372880741
1579.66	0.00042921129528689333
1579.665	0.00043750962065485546
1579.6699999999998	0.00044494161564748164
1579.675	0.00045215034379122846
1579.68	0.00045787612818486704
1579.685	0.0004618028119932566
1579.69	0.0004652492930710174
1579.695	0.00046628393645954696
1579.6999999999998	0.0004585456833369375
1579.705	0.0004401446818243633
1579.71	0.0004115094806192798
1579.715	0.0003875792909396686
1579.72	0.0003655817662294771
1579.725	0.00034389928879518654
1579.7299999999998	0.0003228078709012345
1579.735	0.00030822886177494217
1579.74	0.00030462531703808236
1579.7450000000001	0.00031653153871865513
1579.75	0.0003435856766430596
1579.7549999999999	0.0003793232822732268
1579.76	0.00041370421407979326
1579.7649999999999	0.0004379543879294028
1579.77	0.0004484045753073292
1579.775	0.000450286959360284
1579.78	0.00044916169510378
1579.7849999999999	0.000448858467104586
1579.79	0.00045091169203903574
1579.795	0.00045569482591757243
1579.8	0.0004629524180112211
1579.805	0.00046984024098051995
1579.81	0.00047775245780847176
1579.8149999999998	0.000484951783868055
1579.82	0.0004916580421243273
1579.825	0.0004961397191500476
1579.83	0.0004973020672794926
1579.835	0.0004941249507622178
1579.84	0.0004826981529122682
1579.8449999999998	0.0004660353019506924
1579.85	0.0004483994220330327
1579.855	0.000441447363761264
1579.8600000000001	0.00044807777678614275
1579.865	0.0004586564576309266
1579.87	0.0004703971110511404
1579.875	0.0004844566748803128
1579.8799999999999	0.0004961094802253444
1579.885	0.0004983817683596851
1579.89	0.0004895376738405729
1579.895	0.00047955268853202264
1579.8999999999999	0.0004759874421239082
1579.905	0.00047620256434938434
1579.9099999999999	0.0004748782496400262
1579.915	0.0004704507601205919
1579.92	0.00046624439793908727
1579.925	0.00046589866834111966
1579.9299999999998	0.0004699419543542778
1579.935	0.00047370176781703926
1579.94	0.00047042695283698886
1579.945	0.00046437787509643144
1579.95	0.00045917200678302465
1579.955	0.00045715827928681643
1579.96	0.00046071897125520695
1579.965	0.0004700803420519788
1579.97	0.00048064663122435197
1579.9750000000001	0.0004917944039746359
1579.98	0.0005022424430834037
1579.985	0.0005096810346195232
1579.99	0.0005126045390531146
1579.995	0.0005102393756608398
1580	0.000502834723668944
1580.005	0.000493084589246255
1580.01	0.0004840388791556647
1580.0149999999999	0.0004803064176370401
1580.02	0.0004869016364151665
1580.0249999999999	0.000503004416354803
1580.03	0.000516170399204395
1580.035	0.0005139442300935885
1580.04	0.0004950119802372055
1580.0449999999998	0.00047453504845068736
1580.05	0.000467180732763019
1580.0549999999998	0.0004748349347675634
1580.06	0.0004930052834057066
1580.065	0.0005122873782587732
1580.07	0.00052562320187277
1580.075	0.0005309436976840564
1580.08	0.000531494527837253
1580.085	0.0005287235523646899
1580.0900000000001	0.0005213894019826979
1580.095	0.0005094706161430072
1580.1	0.0004950838972123015
1580.105	0.00048215962918080085
1580.11	0.0004736956101059571
1580.115	0.0004692630978492117
1580.1200000000001	0.00046776737892258017
1580.125	0.000466526116962647
1580.1299999999999	0.0004646770201482677
1580.135	0.00046017131221005186
1580.1399999999999	0.00045488182351324796
1580.145	0.00044852160917552546
1580.15	0.0004416516423607231
1580.155	0.0004355125259494513
1580.1599999999999	0.00043065336683981436
1580.165	0.0004293724856777762
1580.1699999999998	0.00043266707399264206
1580.1750000000002	0.0004448277731441064
1580.18	0.00046559436176298676
1580.185	0.0004886075613194226
1580.19	0.0004998392743717368
1580.195	0.00048415004569044923
1580.1999999999998	0.0004560043285929093
1580.2050000000002	0.0004458168392869354
1580.21	0.00046387089993212943
1580.215	0.000493341584990045
1580.22	0.000503202627484147
1580.225	0.00048801540601846577
1580.2299999999998	0.0004619091516966496
1580.2350000000001	0.000446033026320678
1580.24	0.000443096501798755
1580.245	0.00044625327263629253
1580.25	0.0004513698088930966
1580.2549999999999	0.0004580050370860518
1580.26	0.0004668810506658598
1580.265	0.0004766713702434671
1580.27	0.00048244848374774066
1580.2749999999999	0.00047679937884319913
1580.28	0.0004563649382090377
1580.2849999999999	0.0004362638940798681
1580.2900000000002	0.00042379448704796046
1580.295	0.0004213680351495265
1580.3	0.00042924072509694625
1580.305	0.0004445060597049869
1580.31	0.00045873229846844175
1580.3149999999998	0.00047074158139103877
1580.3200000000002	0.00047918006708383057
1580.325	0.0004842631298189747
1580.33	0.0004868141489692817
1580.335	0.0004856172019706819
1580.34	0.00047889079706116007
1580.3449999999998	0.00046757972799982246
1580.3500000000001	0.0004514174875302527
1580.355	0.00043168628031918895
1580.36	0.00041627625286427356
1580.365	0.0004121970927300174
1580.37	0.00042342936199674065
1580.3749999999998	0.0004504251012217531
1580.38	0.0004717444808068972
1580.385	0.0004673124969113739
1580.3899999999999	0.00043996431026492995
1580.395	0.00041680528056122304
1580.3999999999999	0.00041599270235798363
1580.405	0.0004405976425409585
1580.41	0.00047341753460344524
1580.415	0.0004945399375892889
1580.42	0.0004951149581183366
1580.425	0.0004902502407852989
1580.4299999999998	0.0004925006757320212
1580.435	0.0004994112500068295
1580.44	0.0004996549562194285
1580.445	0.0004896504293928552
1580.45	0.0004777359094307542
1580.455	0.0004737759174658703
1580.4599999999998	0.00048212844344046736
1580.4650000000001	0.0004991937696996411
1580.47	0.0005155581008797376
1580.475	0.0005290971959227129
1580.48	0.00053619441750727
1580.485	0.0005388180672600638
1580.4899999999998	0.0005381653014422492
1580.4950000000001	0.0005341357899990445
1580.5	0.0005269546563652433
1580.5049999999999	0.0005177489824596456
1580.51	0.0005065694256696148
1580.5149999999999	0.0004932853377304914
1580.52	0.0004804204224756322
1580.525	0.0004695592697960039
1580.53	0.00045797179358342683
1580.535	0.000445319604609688
1580.54	0.0004403791053226811
1580.5449999999998	0.0004501980445528239
1580.55	0.00047041548897942733
1580.555	0.00046526961726284715
1580.56	0.000432636242477026
1580.565	0.0003951531574125998
1580.57	0.0003751993184389602
1580.5749999999998	0.0003743475732133066
1580.58	0.00037640586128627007
1580.585	0.0003659486429930568
1580.59	0.0003422166986809257
1580.595	0.0003222068001404092
1580.6	0.00031827750302668086
1580.6049999999998	0.0003351085282726783
1580.6100000000001	0.0003712600097564534
1580.615	0.00040944763898333734
1580.62	0.0004229185650082402
1580.625	0.00042028336713114187
1580.6299999999999	0.00041182394153945997
1580.635	0.0004083779214862714
1580.64	0.0004183484845281065
1580.645	0.0004335676882163175
1580.65	0.0004485442993433267
1580.655	0.0004608319024647793
1580.6599999999999	0.00046722336821324826
1580.665	0.0004697617901431902
1580.67	0.0004715552314155552
1580.675	0.00047383706989498597
1580.68	0.0004775163224679191
1580.685	0.000482662442992501
1580.6899999999998	0.0004879163413615846
1580.695	0.0004928484667635163
1580.7	0.0004955668069338332
1580.705	0.0004957262357734759
1580.71	0.0004949297801080886
1580.715	0.0004962657785841229
1580.7199999999998	0.0005017756474510269
1580.725	0.0005093475015200237
1580.73	0.0005091163637577419
1580.735	0.0004945357196540667
1580.74	0.00046796782659584387
1580.745	0.0004331277339316562
1580.75	0.00039743319451065985
1580.755	0.00036233087879741706
1580.76	0.0003401365645953547
1580.765	0.0003348114860855059
1580.77	0.0003551518276594429
1580.7749999999999	0.0004078113095897304
1580.78	0.000467333108229427
1580.785	0.0004867020428582383
1580.79	0.00044327132523890863
1580.795	0.00037855644267663135
1580.8	0.0003413706497021771
1580.8049999999998	0.0003365582980238168
1580.81	0.00035259067052172664
1580.815	0.00038000171723631476
1580.82	0.0004060939121407586
1580.825	0.0004241357175359434
1580.83	0.0004321238919745278
1580.8349999999998	0.00043076566375726145
1580.84	0.0004238858295661281
1580.845	0.0004166033732831195
1580.85	0.00041258649738152865
1580.855	0.0004136633187649498
1580.86	0.00042224119151641705
1580.865	0.00043841084409996394
1580.87	0.0004635984697999639
1580.875	0.0004887911951005908
1580.88	0.0004996635066563305
1580.885	0.000484407709163239
1580.8899999999999	0.0004481345727737129
1580.895	0.00041644441328404736
1580.8999999999999	0.000409467417708337
1580.905	0.00042671265452613743
1580.91	0.0004656106618498606
1580.915	0.0004978186246442679
1580.9199999999998	0.0005047531918936
1580.925	0.0004937279051964566
1580.93	0.00048501736821678787
1580.935	0.0004895094278776217
1580.94	0.0005000954917338359
1580.945	0.000503218184274127
1580.9499999999998	0.00048698921223365617
1580.955	0.0004525057039534009
1580.96	0.0004210236680740822
1580.965	0.00040042773935257186
1580.97	0.000392538763875257
1580.975	0.00039695808157242003
1580.98	0.00041127018288177134
1580.985	0.0004320018114434387
1580.99	0.0004534781614885308
1580.9950000000001	0.000473230201234801
1581	0.0004896679693616214
1581.0049999999999	0.0005003367969603881
1581.01	0.0005074388552029026
1581.0149999999999	0.0005112053473243356
1581.02	0.0005127949716706751
1581.025	0.0005130895614750943
1581.03	0.000512108166176655
1581.0349999999999	0.0005087145148221542
1581.04	0.0005026354043149261
1581.0449999999998	0.0004944307698054437
1581.05	0.0004840272730539536
1581.055	0.0004738126766152975
1581.06	0.0004684331948563498
1581.0649999999998	0.00046778746029191174
1581.07	0.0004687929105222101
1581.075	0.0004671953653505812
1581.0800000000002	0.0004620294838930589
1581.085	0.00045680770703597837
1581.09	0.0004547074683041697
1581.095	0.0004580507877858709
1581.1	0.00046605458270971374
1581.105	0.0004741699432546986
1581.1100000000001	0.00048104969522716744
1581.115	0.00048624680481811506
1581.12	0.0004901870846939467
1581.125	0.0004927245942028366
1581.1299999999999	0.0004927312024064717
1581.135	0.0004899562009623629
1581.14	0.0004864930530225571
1581.145	0.0004857312001740322
1581.1499999999999	0.0004876434491332783
1581.155	0.0004916309101626572
1581.1599999999999	0.0004968265595928502
1581.165	0.0005023535301754167
1581.17	0.0005078853153017821
1581.175	0.0005124048825586733
1581.1799999999998	0.0005160782797586517
1581.185	0.0005186991762540749
1581.1899999999998	0.0005200452509501381
1581.1950000000002	0.0005197752295849637
1581.2	0.0005164718872256497
1581.205	0.0005081064846101267
1581.21	0.000491587761112684
1581.215	0.0004742737704930801
1581.22	0.0004733970823558674
1581.2250000000001	0.0004972802652801889
1581.23	0.0005263907066101168
1581.235	0.0005209480394658446
1581.24	0.0004910246464034549
1581.245	0.00046265955576035785
1581.25	0.00045178674289545633
1581.255	0.00045052076100408
1581.26	0.0004484741418965949
1581.2649999999999	0.00044881127962162536
1581.27	0.0004631064297481895
1581.2749999999999	0.0004851725333696212
1581.28	0.000490556817925058
1581.285	0.00046113771334381937
1581.29	0.00040396996747084466
1581.295	0.00035963831041250735
1581.3	0.0003588031902463876
1581.3049999999998	0.00039095600853499723
1581.3100000000002	0.0004380176284475983
1581.315	0.0004777510568046211
1581.32	0.0004890596688615232
1581.325	0.0004579554792219618
1581.33	0.00042369480613695283
1581.3349999999998	0.00039580594413138125
1581.3400000000001	0.00038077549216318605
1581.345	0.0003842816082307697
1581.35	0.00040192196961336574
1581.355	0.0004251062342238268
1581.36	0.0004496564485817284
1581.3649999999998	0.00047240984178978607
1581.3700000000001	0.00048601257751681933
1581.375	0.00048283154508607895
1581.3799999999999	0.0004633530581001685
1581.385	0.0004372245165501976
1581.3899999999999	0.0004115047840500519
1581.395	0.00039458191044616553
1581.4	0.00040142914119249473
1581.405	0.00043134829456493426
1581.41	0.0004782171660716393
1581.415	0.000520178060556653
1581.4199999999998	0.0005195276092876491
1581.425	0.0004953311301112753
1581.43	0.00048223976234484456
1581.435	0.0004935412427713121
1581.44	0.0005159708169605224
1581.445	0.0005173476302528842
1581.4499999999998	0.0004916302423957997
1581.4550000000002	0.0004680466411463189
1581.46	0.0004681466018306078
1581.465	0.0004847632182460292
1581.47	0.0004985639274594783
1581.475	0.0005006131616628346
1581.4799999999998	0.0004976456864294392
1581.4850000000001	0.0004964666563494748
1581.49	0.0004960709271177086
1581.495	0.0004909376227735085
1581.5	0.0004769518706930248
1581.5049999999999	0.00045453201582169417
1581.5099999999998	0.0004232357834228081
1581.515	0.0003976252017426386
1581.52	0.0003736786496437923
1581.525	0.0003570761930302559
1581.53	0.000347470291089029
1581.5349999999999	0.0003464888291769732
1581.54	0.0003546740161074901
1581.545	0.0003709370333582642
1581.55	0.00039012287096872137
1581.555	0.00040186020388373415
1581.56	0.00040403121377044016
1581.5649999999998	0.00040608002021395065
1581.57	0.0004091224134135378
1581.575	0.0004010645378948496
1581.58	0.00037334048951838335
1581.585	0.00033593058090633586
1581.59	0.00030032676564765396
1581.5949999999998	0.00028512721567313537
1581.6000000000001	0.0002852463861280323
1581.605	0.00030015830024145656
1581.61	0.0003289091231985726
1581.615	0.0003639687518072581
1581.62	0.0003990507585964385
1581.6249999999998	0.00042982619978279693
1581.63	0.00045187745454955744
1581.635	0.00046483330278888685
1581.64	0.0004719503838472523
1581.645	0.0004779368569859046
1581.6499999999999	0.00048651261144004967
1581.655	0.0004956785071738439
1581.66	0.000502531001216801
1581.665	0.000503167449072823
1581.67	0.0004913169783019071
1581.675	0.00047075247312457035
1581.6799999999998	0.0004447286574246971
1581.685	0.0004173306722719043
1581.69	0.000391993702085875
1581.695	0.00037707702170211333
1581.7	0.00037145329422427336
1581.705	0.00037499857444690945
1581.7099999999998	0.0003886253546245572
1581.715	0.0004149596401121798
1581.72	0.00044900681248208113
1581.725	0.00048203828606046027
1581.73	0.0005048147347753522
1581.735	0.0005002502362657457
1581.7399999999998	0.00047379391499934547
1581.7450000000001	0.0004450788662875594
1581.75	0.00043068015025766836
1581.755	0.0004338179585462406
1581.76	0.0004500414164786764
1581.7649999999999	0.00047143500810990373
1581.77	0.0004888493516860573
1581.775	0.0004946880633841663
1581.78	0.00048620135976950067
1581.785	0.00047235112350536694
1581.79	0.00046204961397863645
1581.7949999999998	0.0004613955303545452
1581.8	0.00046848563805608067
1581.805	0.0004766382612616336
1581.81	0.00048057991036171003
1581.815	0.0004806255282288595
1581.82	0.000480525915164373
1581.8249999999998	0.0004833803241876049
1581.83	0.0004893937883858355
1581.835	0.0004967574193307129
1581.84	0.0005029199646739682
1581.845	0.0005054181633987584
1581.85	0.0005043294684754801
1581.8549999999998	0.0005016729269435933
1581.86	0.0004981504177368433
1581.865	0.000495932117826426
1581.8700000000001	0.0004959432109012625
1581.875	0.0005000255866739328
1581.8799999999999	0.0005084663586668715
1581.885	0.0005210768817958409
1581.8899999999999	0.0005359551261805252
1581.895	0.0005481894279890718
1581.9	0.0005549163316884008
1581.905	0.0005573740574039168
1581.9099999999999	0.0005544626093404556
1581.915	0.0005462542496244752
1581.92	0.0005318226011793826
1581.925	0.0005146087310063443
1581.93	0.0004994055897649686
1581.935	0.0004926968392533989
1581.9399999999998	0.0004903409740110974
1581.945	0.0004850184206354242
1581.95	0.00046856569369927413
1581.955	0.0004427825759275238
1581.96	0.00041636041669338244
1581.965	0.00039618427115233924
1581.9699999999998	0.000386321714385695
1581.975	0.0003875994411550691
1581.98	0.0003967710600668404
1581.9850000000001	0.00040857288228622504
1581.99	0.0004216929088978295
1581.995	0.0004357370164704219
1582	0.00045090738861465257
1582.0049999999999	0.0004680466343702482
1582.01	0.00048286513168714396
1582.015	0.0004939040069947245
1582.02	0.0005000163529347559
1582.0249999999999	0.0005012648933385677
1582.03	0.000499156145552802
1582.0349999999999	0.0004966906998600586
1582.04	0.0004951815070072785
1582.045	0.0004938126265364451
1582.05	0.0004905427129313717
1582.0549999999998	0.00048348977621517675
1582.06	0.0004747041193641108
1582.065	0.00046869543185712215
1582.07	0.0004713355440217729
1582.075	0.00048569467366472074
1582.08	0.0004977232938437465
1582.0849999999998	0.0004953766160946993
1582.09	0.0004741019238270334
1582.095	0.00045177457277218624
1582.1000000000001	0.00043974193163625507
1582.105	0.0004441207623483103
1582.11	0.0004617778920307822
1582.115	0.00048541902590001305
1582.12	0.0005088156367741117
1582.125	0.0005284049021472704
1582.13	0.0005417508864210972
1582.135	0.0005489373281082757
1582.1399999999999	0.0005513060176349862
1582.145	0.0005492054252555115
1582.1499999999999	0.0005423785883997541
1582.155	0.0005331189598593128
1582.16	0.0005242974428065528
1582.165	0.0005160622086809703
1582.1699999999998	0.0005048225066728777
1582.175	0.00048345199013534256
1582.1799999999998	0.00045724343754699465
1582.185	0.00042853087007062605
1582.19	0.0004017368650188558
1582.195	0.00038130145874651177
1582.1999999999998	0.0003669170763876364
1582.205	0.00036343969780869046
1582.21	0.00037095591616807794
1582.2150000000001	0.0003935222379888166
1582.22	0.00042907168450635893
1582.225	0.00047196115343277345
1582.23	0.0005020548997577999
1582.235	0.0004997839041537973
1582.24	0.0004895416182454604
1582.2450000000001	0.0004918017648293252
1582.25	0.0004941451767355145
1582.2549999999999	0.0004847267217672567
1582.26	0.0004772568468927808
1582.2649999999999	0.00048261022694299615
1582.27	0.0004944775834645958
1582.275	0.0004918068998278968
1582.28	0.0004756911720266796
1582.2849999999999	0.00046021492887333304
1582.29	0.0004561959016557722
1582.2949999999998	0.0004594878882854002
1582.3	0.00046094081599733845
1582.305	0.0004567745534764337
1582.31	0.0004499514964792771
1582.315	0.0004504132287494701
1582.32	0.0004666538687674291
1582.3249999999998	0.0004851472721271462
1582.3300000000002	0.0004954106470667394
1582.335	0.0004909065983312867
1582.34	0.0004697268631736086
1582.345	0.00044093226220425825
1582.35	0.00042124630025538735
1582.3549999999998	0.0004116229705380109
1582.3600000000001	0.00041192328478791425
1582.365	0.00042256143894454836
1582.37	0.00044424419572185425
1582.375	0.0004698607514299606
1582.3799999999999	0.0004939931485075614
1582.385	0.0005146236140590282
1582.39	0.0005313462817003058
1582.395	0.0005410450495712874
1582.3999999999999	0.0005429557892999055
1582.405	0.0005407908877017506
1582.4099999999999	0.0005360851875235295
1582.4150000000002	0.0005270134821983994
1582.42	0.0005134990753884683
1582.425	0.0004967856507997073
1582.43	0.0004900679400481998
1582.435	0.0004963165473161284
1582.4399999999998	0.0005148104569460405
1582.4450000000002	0.0005324644610539468
1582.45	0.0005438699225231478
1582.455	0.0005464376341093397
1582.46	0.0005436116511846548
1582.465	0.0005374563058986472
1582.4699999999998	0.0005250313986899215
1582.4750000000001	0.000504491147103744
1582.48	0.0004805051178276601
1582.485	0.0004596459927883037
1582.49	0.0004463030606869518
1582.495	0.0004427834575253216
1582.4999999999998	0.0004471066181835291
1582.505	0.0004558923246703725
1582.51	0.00046512326027895866
1582.5149999999999	0.0004736493741141036
1582.52	0.00047979816509057454
1582.5249999999999	0.00048314542149925546
1582.53	0.00048413361956334223
1582.535	0.00048324459769743286
1582.54	0.0004806694147627613
1582.545	0.000476372681947139
1582.55	0.00047221018166668927
1582.5549999999998	0.00046853671497534296
1582.56	0.0004673477917493361
1582.565	0.00046911400393620625
1582.57	0.0004717910897118599
1582.575	0.00046661107170432555
1582.58	0.0004520430691120093
1582.5849999999998	0.00044221663530514
1582.5900000000001	0.00045468834018026034
1582.595	0.0004844196320495548
1582.6	0.0005189456963633902
1582.605	0.0005303180314594262
1582.61	0.0005235587377625602
1582.6149999999998	0.0005163092911467566
1582.6200000000001	0.0005171253422148197
1582.625	0.0005221059678439338
1582.6299999999999	0.0005188490851079134
1582.635	0.0005008837838525428
1582.6399999999999	0.000476982328179321
1582.645	0.0004613243321831018
1582.65	0.00045983960361751944
1582.655	0.00046908075868363244
1582.66	0.0004817937984859899
1582.665	0.0004886264390438409
1582.6699999999998	0.0004816856970451223
1582.675	0.0004727745690615282
1582.68	0.00046682238095194136
1582.685	0.00046655022241793144
1582.69	0.0004746216240982643
1582.695	0.00048484583207227173
1582.6999999999998	0.0004910484527147949
1582.705	0.0004896362563146361
1582.71	0.00047727630928411796
1582.715	0.00045459631445469013
1582.72	0.0004340489099784625
1582.725	0.0004160639933820266
1582.7299999999998	0.0004061974988076814
1582.7350000000001	0.0004105621478022621
1582.74	0.0004291396432640124
1582.745	0.00046052075351036745
1582.75	0.0004946124177900165
1582.7549999999999	0.0005151883770807247
1582.76	0.0005104008951359082
1582.765	0.0004886624920471997
1582.77	0.0004712705299510371
1582.775	0.0004678907507793198
1582.78	0.00048101751289449167
1582.7849999999999	0.0004987832465431476
1582.79	0.0005074706216663046
1582.795	0.0004970846085896751
1582.8	0.0004766895000992152
1582.805	0.00046484854485574247
1582.81	0.00047277336092628935
1582.8149999999998	0.0005000060999623215
1582.82	0.0005261973643434119
1582.825	0.0005290740159164012
1582.83	0.0005063088968522042
1582.835	0.0004811307050603166
1582.84	0.0004727128715908136
1582.8449999999998	0.00048119906245556467
1582.85	0.0004966588735190816
1582.855	0.0005116088317552595
1582.86	0.0005202108844431019
1582.865	0.000519989687933319
1582.87	0.0005145082196408833
1582.875	0.0005082740083289488
1582.88	0.0005049473866117463
1582.885	0.0005048647769363168
1582.89	0.0005083298746932806
1582.895	0.0005162730411036199
1582.8999999999999	0.0005245633868534256
1582.905	0.0005309824670457645
1582.91	0.0005273922759354199
1582.915	0.00050791254429931
1582.92	0.00048792301400417637
1582.925	0.0004843773960451664
1582.9299999999998	0.0005006014527444968
1582.935	0.0005193426323276928
1582.94	0.0005247204445551207
1582.945	0.0005121297423130027
1582.95	0.0004924809943488987
1582.955	0.0004838942781651186
1582.9599999999998	0.0004906282063098258
1582.965	0.0005055588415336848
1582.97	0.0005150394870336718
1582.975	0.0005115115761664499
1582.98	0.000504508237470338
1582.985	0.000503128805502687
1582.99	0.0005068949613822121
1582.995	0.0005042825538980137
1583	0.0004825993887840668
1583.005	0.0004425904985746296
1583.01	0.000405447705935321
1583.0149999999999	0.00038993632788765763
1583.02	0.00039662422368744816
1583.0249999999999	0.00042053132712283894
1583.03	0.00045385438145738294
1583.035	0.0004859274130755411
1583.04	0.0005043172966939369
1583.0449999999998	0.000508594443905375
1583.05	0.0005006829015679969
1583.055	0.0004881609220866373
1583.06	0.00048025231232868903
1583.065	0.000477443480862893
1583.07	0.0004794248375461762
1583.0749999999998	0.0004814101203936337
1583.08	0.0004772877444558265
1583.085	0.0004630039093246328
1583.09	0.00044503078027748456
1583.095	0.0004368596924078682
1583.1	0.00044618056752670165
1583.105	0.0004710439040230661
1583.11	0.0005053514200708131
1583.115	0.0005271437090866538
1583.1200000000001	0.000535906287803842
1583.125	0.000540940932185912
1583.1299999999999	0.0005494793070672506
1583.135	0.000557824546868405
1583.1399999999999	0.0005563232953569108
1583.145	0.0005404602800212314
1583.15	0.0005135999435287264
1583.155	0.0004905212313170072
1583.1599999999999	0.0004827361175792632
1583.165	0.0004918255855738711
1583.1699999999998	0.0005128458876840975
1583.175	0.0005336262486198314
1583.18	0.0005428378191535087
1583.185	0.0005381858426988326
1583.1899999999998	0.0005224958730050817
1583.195	0.000501941883523941
1583.2	0.0004893043365685444
1583.205	0.0004851712827244318
1583.21	0.00048776964175810855
1583.215	0.0004952457514080561
1583.22	0.0005060582469848037
1583.225	0.0005169277174779522
1583.23	0.0005256358016008607
1583.2350000000001	0.000531617005603193
1583.24	0.0005337768388509489
1583.245	0.0005322921572307052
1583.25	0.0005283660302748376
1583.2549999999999	0.0005244404511423633
1583.26	0.0005209291031230675
1583.265	0.0005174237500874232
1583.27	0.0005170808962821424
1583.2749999999999	0.0005224563583392696
1583.28	0.0005334958566848725
1583.2849999999999	0.0005457995994995535
1583.29	0.0005476056705060036
1583.295	0.0005320924472645463
1583.3	0.0004995715439016894
1583.3049999999998	0.0004587847467192301
1583.31	0.0004271598706976308
1583.3149999999998	0.00041224395687289674
1583.32	0.0004186636186868995
1583.325	0.00044096413051971175
1583.33	0.00047319566137395174
1583.335	0.00050458545861531
1583.34	0.0005260846045662676
1583.345	0.0005324285716490882
1583.3500000000001	0.0005302868508824384
1583.355	0.0005302680861641485
1583.36	0.0005331994589655487
1583.365	0.0005383016138159148
1583.37	0.000543773939893866
1583.375	0.0005463075590850083
1583.38	0.0005461835646787092
1583.385	0.0005435461225256298
1583.3899999999999	0.0005378981336824084
1583.395	0.0005277595042199939
1583.3999999999999	0.0005177474735350157
1583.405	0.0005061304362710093
1583.41	0.0004950194929731863
1583.415	0.0004885132011114204
1583.4199999999998	0.0004905195153729732
1583.425	0.0005014223590190474
1583.4299999999998	0.0005197547857017171
1583.4350000000002	0.0005290899784093055
1583.44	0.0005158726222473378
1583.445	0.0004932529819190402
1583.45	0.0004814601444126626
1583.455	0.0004906050179310327
1583.4599999999998	0.0005063423651163107
1583.4650000000001	0.0004966733460480253
1583.47	0.00045494111795512873
1583.475	0.00040758139187417613
1583.48	0.0003808756784991547
1583.485	0.0003724615468436965
1583.4899999999998	0.0003780420168312662
1583.4950000000001	0.0003910941176040317
1583.5	0.00040819930680897323
1583.5049999999999	0.00043216695214055655
1583.51	0.0004640283123350272
1583.5149999999999	0.0004949648438443941
1583.52	0.0005115172319302115
1583.525	0.0005088048079736358
1583.53	0.0004949564262054717
1583.535	0.00048288304609513523
1583.54	0.000477365622253144
1583.5449999999998	0.0004797560070881854
1583.55	0.0004887695891978315
1583.555	0.0005006074518187023
1583.56	0.00051458426890285
1583.565	0.0005292393143491558
1583.57	0.000539714946627472
1583.5749999999998	0.000545950680951305
1583.5800000000002	0.0005489462633048617
1583.585	0.0005516187465158185
1583.59	0.0005562831672395423
1583.595	0.0005616192351663978
1583.6	0.0005606233798860338
1583.6049999999998	0.0005470689799414005
1583.6100000000001	0.0005270467755571488
1583.615	0.0005137417797271977
1583.62	0.0005098033527647798
1583.625	0.0005103383077269725
1583.6299999999999	0.0005102703022395713
1583.6349999999998	0.0005125402634637609
1583.64	0.0005205152191039488
1583.645	0.0005302857162160559
1583.65	0.0005271855883671552
1583.655	0.0005055169793137863
1583.6599999999999	0.0004738225449225864
1583.665	0.00044614443287693475
1583.67	0.00043339621800450416
1583.675	0.00044169916530033276
1583.68	0.00045843517235575997
1583.685	0.00047008374815043266
1583.6899999999998	0.0004709374864094103
1583.695	0.00046032627481285747
1583.7	0.00044527050511650076
1583.705	0.00043635914737709673
1583.71	0.00043537468441454775
1583.715	0.0004427696722857492
1583.7199999999998	0.00045847363723444976
1583.7250000000001	0.0004771074761930598
1583.73	0.0004983107026663376
1583.735	0.0005149517884613487
1583.74	0.0005254796192604052
1583.745	0.0005311843714428929
1583.7499999999998	0.0005324577999845752
1583.755	0.0005312369494949291
1583.76	0.0005300805872764748
1583.765	0.0005304181660860333
1583.77	0.0005337785369887451
1583.7749999999999	0.0005386379444836632
1583.78	0.0005432579581165951
1583.785	0.0005457401028299263
1583.79	0.0005404856957499151
1583.795	0.0005200250589193892
1583.8	0.00048232287912083834
1583.8049999999998	0.0004336427698902676
1583.81	0.0003876180043821598
1583.815	0.00035979689532389896
1583.82	0.000358112267190322
1583.825	0.0003847340018530003
1583.83	0.0004376670535767903
1583.8349999999998	0.0004952722524869381
1583.84	0.0005129630591809244
1583.845	0.0004829857181991949
1583.85	0.00043811847795659415
1583.855	0.0004090935163223922
1583.86	0.0004057006720083791
1583.8649999999998	0.0004244830987350989
1583.8700000000001	0.0004565077401085797
1583.875	0.00049017202304188
1583.88	0.0005222970995054828
1583.885	0.0005390739259825908
1583.8899999999999	0.000547424166166223
1583.895	0.0005502802482724023
1583.9	0.0005493914363086816
1583.905	0.0005465169249035675
1583.91	0.0005423232028471512
1583.915	0.0005355976418289061
1583.9199999999998	0.0005216656832108428
1583.925	0.0004947520708958637
1583.93	0.00046769703634162377
1583.935	0.0004603821189399137
1583.94	0.00047946583465940896
1583.945	0.0005100976112036874
1583.9499999999998	0.0005016886961017889
1583.955	0.00045149893354581264
1583.96	0.0003864106215056439
1583.965	0.0003438954067192592
1583.97	0.00033524177664051016
1583.975	0.0003593536706679525
1583.9799999999998	0.00041143352883125266
1583.985	0.00047440959432743857
1583.99	0.0005131374113392281
1583.9950000000001	0.000513505985003729
1584	0.0004902211492044623
1584.0049999999999	0.0004709762228525375
1584.01	0.0004716113907797118
1584.015	0.0004941480389064937
1584.02	0.0005233411333122695
1584.025	0.0005454512049863823
1584.03	0.0005549960302959453
1584.0349999999999	0.0005525081224594285
1584.04	0.0005428615885598267
1584.045	0.0005321385425250471
1584.05	0.0005263964169869172
1584.055	0.0005247015342484035
1584.06	0.000525996732692336
1584.0649999999998	0.0005289571353237289
1584.07	0.000531545820684748
1584.075	0.0005314638641517672
1584.08	0.0005290222282275946
1584.085	0.0005249244867420848
1584.09	0.0005210085479893701
1584.0949999999998	0.0005196363139615633
1584.1	0.0005219403709386226
1584.105	0.0005293678203360511
1584.1100000000001	0.0005389127555946271
1584.115	0.0005446219375457915
1584.12	0.0005394043144224978
1584.125	0.0005222674109565572
1584.1299999999999	0.0004993498524535388
1584.135	0.0004878995765040638
1584.14	0.0004941361578021989
1584.145	0.000511179606433572
1584.1499999999999	0.0005221175293654979
1584.155	0.0005118203749802266
1584.1599999999999	0.00048506785528775766
1584.165	0.00045640457968117095
1584.17	0.00043813853980253326
1584.175	0.00043313393417174526
1584.1799999999998	0.0004382082717749408
1584.185	0.0004492056667288829
1584.19	0.0004619256274254423
1584.195	0.00047396306995835756
1584.2	0.00048451601055620125
1584.205	0.0004963099220796437
1584.2099999999998	0.0005082562767165649
1584.215	0.0005217943831844579
1584.22	0.0005332882919806107
1584.2250000000001	0.0005420358936155996
1584.23	0.000547136162033981
1584.235	0.000547520445269099
1584.24	0.0005425948781293074
1584.245	0.0005328592980399225
1584.25	0.0005210642168805555
1584.255	0.0005083577106368739
1584.26	0.000494838435621329
1584.2649999999999	0.0004824544592464896
1584.27	0.0004709348450317391
1584.2749999999999	0.0004727833606256248
1584.28	0.0004990812310388631
1584.285	0.0005326269367643643
1584.29	0.0005318668691127936
1584.2949999999998	0.0004926809356260086
1584.3	0.0004464444702941697
1584.3049999999998	0.0004234883986063917
1584.31	0.00042312130586804155
1584.315	0.0004407484446724814
1584.32	0.00046920495049326296
1584.3249999999998	0.0005002333202313766
1584.33	0.0005217735091087708
1584.335	0.000526270592688107
1584.3400000000001	0.000519471652189972
1584.345	0.0005101108066369103
1584.35	0.0005059770536494331
1584.355	0.0005112982766192915
1584.36	0.0005258066361523161
1584.365	0.0005395997175078107
1584.3700000000001	0.0005430635626045037
1584.375	0.0005371071646896375
1584.3799999999999	0.0005250677476058703
1584.385	0.0005117649178967168
1584.3899999999999	0.0005087432935435573
1584.395	0.0005144448221411091
1584.4	0.0005251247374743074
1584.405	0.0005377971839102734
1584.4099999999999	0.0005488241044396821
1584.415	0.0005534863440531166
1584.4199999999998	0.0005509807653626196
1584.425	0.0005460537787536628
1584.43	0.000541761110795984
1584.435	0.0005394213199556717
1584.4399999999998	0.0005351947653547466
1584.445	0.0005216012928016701
1584.4499999999998	0.0004986696671665673
1584.4550000000002	0.00048042722541299574
1584.46	0.00048043858881115356
1584.465	0.0005018650587372066
1584.47	0.0005335085629608299
1584.475	0.0005482359467587028
1584.48	0.0005406358532746283
1584.4850000000001	0.0005315961793779059
1584.49	0.000536942256114908
1584.495	0.0005515956876108677
1584.5	0.0005569835585141979
1584.5049999999999	0.0005410381177821899
1584.51	0.0005122704148407292
1584.515	0.0004912999252800967
1584.52	0.0004872568386727855
1584.5249999999999	0.0004981936928577671
1584.53	0.0005170599625337969
1584.5349999999999	0.0005346167206704011
1584.54	0.0005449433461693043
1584.545	0.0005485341871652375
1584.55	0.0005475195235143932
1584.555	0.0005425727784531417
1584.56	0.0005371071250272499
1584.5649999999998	0.0005318115337010261
1584.5700000000002	0.0005279418335659002
1584.575	0.0005263494894347424
1584.58	0.0005273158424339605
1584.585	0.0005303759225472012
1584.59	0.0005326535265306944
1584.5949999999998	0.0005278047584682221
1584.6000000000001	0.0004971359827769697
1584.605	0.00043809598120001154
1584.61	0.00037750223126364684
1584.615	0.00034800800738183117
1584.62	0.0003619470000539933
1584.6249999999998	0.0004093204515319944
1584.63	0.00045951430660923367
1584.635	0.0004958425929641762
1584.6399999999999	0.0005125919683809814
1584.645	0.0005206331960283109
1584.6499999999999	0.0005284370473910802
1584.655	0.0005359972460649651
1584.66	0.0005418517385442193
1584.665	0.0005447664175979122
1584.6699999999998	0.0005448612030185672
1584.675	0.0005432683836688419
1584.6799999999998	0.000541742891341734
1584.685	0.0005419216370671526
1584.69	0.0005441023017565489
1584.695	0.0005483104475299291
1584.7	0.0005543010535208774
1584.705	0.0005613530480647312
1584.7099999999998	0.0005686399190677714
1584.7150000000001	0.0005733258797488638
1584.72	0.000574897138188743
1584.725	0.0005734029261356877
1584.73	0.0005698559877482524
1584.735	0.0005657851254281154
1584.7399999999998	0.0005630558721010098
1584.7450000000001	0.0005623923812387124
1584.75	0.0005636496338906669
1584.7549999999999	0.0005659064996147178
1584.76	0.000566767708415941
1584.7649999999999	0.0005637462605599821
1584.77	0.0005555910850250368
1584.775	0.0005439003339987349
1584.78	0.0005330717027073817
1584.785	0.0005261929372698948
1584.79	0.0005241414342176486
1584.7949999999998	0.000523447593726171
1584.8	0.0005214724390936569
1584.805	0.0005205389171301606
1584.81	0.0005241317948472668
1584.815	0.0005294134379975192
1584.82	0.0005260989571447501
1584.8249999999998	0.000503981610565713
1584.83	0.00046448777578068885
1584.835	0.00042917270330764315
1584.84	0.0004094232918797721
1584.845	0.00041090213671837955
1584.85	0.00043292971128966993
1584.8549999999998	0.000465745983463989
1584.8600000000001	0.0004972675866586372
1584.865	0.0005163323228410708
1584.87	0.0005110240611746105
1584.875	0.000483738793940566
1584.8799999999999	0.0004475755921603472
1584.885	0.0004069518835316039
1584.89	0.00038025197504177086
1584.895	0.0003600172383438846
1584.9	0.0003513868230731646
1584.905	0.0003528635675817813
1584.9099999999999	0.0003625082765462682
1584.915	0.00038370251065330396
1584.92	0.00041841969163894594
1584.925	0.0004597101741828155
1584.93	0.0004973877094399557
1584.935	0.0005157283801343901
1584.9399999999998	0.0004881930596776577
1584.945	0.00044193113450884374
1584.95	0.0004169876714831244
1584.955	0.00043708767111550124
1584.96	0.00047892225573533764
1584.965	0.0005009177227669906
1584.9699999999998	0.0004923696815408013
1584.975	0.0004820715833806272
1584.98	0.00048045819807690374
1584.985	0.0004844293729134141
1584.99	0.000491112749474894
1584.995	0.0005013076721354071
1585	0.0005159315580560716
1585.005	0.0005304035653990401
1585.01	0.0005343125730343707
1585.015	0.0005265942997688037
1585.02	0.000514023576669866
1585.0249999999999	0.0005048381479118948
1585.03	0.0005051869548422875
1585.035	0.0005159250505162
1585.04	0.0005236110811014646
1585.045	0.0005175418500957976
1585.05	0.0005020485836686109
1585.0549999999998	0.000485145555109298
1585.06	0.00047303535990933835
1585.065	0.00046893305572845667
1585.07	0.000473159587080532
1585.075	0.00048053044928914675
1585.08	0.0004881017700587551
1585.0849999999998	0.000493969492526463
1585.09	0.0004975817495104925
1585.095	0.0004984530077665868
1585.1	0.0004968299579063067
1585.105	0.0004934536418739833
1585.11	0.0004884245911144473
1585.115	0.00048544777567615933
1585.12	0.00048677391579944504
1585.125	0.0004941328955573578
1585.13	0.0005023272147694552
1585.135	0.0005028464453961919
1585.1399999999999	0.0004925990328098462
1585.145	0.00047418379989646155
1585.1499999999999	0.00045996066365022243
1585.155	0.00045126866881844285
1585.16	0.00044692973926661097
1585.165	0.0004451917547236776
1585.1699999999998	0.00044640594759825716
1585.175	0.00045127533640781524
1585.18	0.0004591553988271302
1585.185	0.00046782520549223304
1585.19	0.0004747222023486263
1585.195	0.0004805253615098569
1585.1999999999998	0.0004878181285362217
1585.205	0.0004976161012819054
1585.21	0.0005085637466928699
1585.215	0.0005198109656965864
1585.22	0.0005318714641331094
1585.225	0.0005428237814270737
1585.23	0.0005507105110057305
1585.235	0.0005517085144485475
1585.24	0.0005456982526617674
1585.2450000000001	0.0005335602394179775
1585.25	0.0005176749867607059
1585.2549999999999	0.0004978354432968765
1585.26	0.0004766978705484264
1585.2649999999999	0.0004608312058825034
1585.27	0.0004538917095619519
1585.275	0.00045892096133690475
1585.28	0.0004821944878446464
1585.2849999999999	0.000514586007731166
1585.29	0.000543103267033934
1585.2949999999998	0.0005568863707004067
1585.3	0.0005619434029566677
1585.305	0.0005653549637459074
1585.31	0.0005694288697778187
1585.3149999999998	0.0005697520694247553
1585.32	0.0005595879756986532
1585.325	0.0005393298382577909
1585.33	0.000518019570732015
1585.335	0.0005022761835163422
1585.34	0.0004975164410494
1585.345	0.0005036448242343754
1585.35	0.0005152281480528987
1585.355	0.0005284403722517658
1585.3600000000001	0.0005412269362070642
1585.365	0.0005491338000497194
1585.37	0.0005469178259235674
1585.375	0.0005277604642341506
1585.3799999999999	0.0004994207749385316
1585.385	0.0004721891656780713
1585.39	0.0004548530823600049
1585.395	0.0004526009685154667
1585.3999999999999	0.00046739547536408637
1585.405	0.000490055289830366
1585.4099999999999	0.0005154680306049168
1585.415	0.0005389204046694286
1585.42	0.0005527801568948768
1585.425	0.0005529237856100116
1585.4299999999998	0.0005465570540941976
1585.435	0.0005386339315380171
1585.4399999999998	0.0005326448014335357
1585.445	0.0005309968018614753
1585.45	0.0005344939062229147
1585.455	0.0005401799378009353
1585.46	0.0005426164198532584
1585.465	0.0005390846940161591
1585.47	0.0005305202853066241
1585.4750000000001	0.0005247026087860382
1585.48	0.00052806631999781
1585.485	0.0005431762153230862
1585.49	0.000560411407518909
1585.495	0.0005704629058919692
1585.5	0.0005697252789439685
1585.505	0.0005572459415236657
1585.51	0.0005397230884331918
1585.5149999999999	0.0005229076109259451
1585.52	0.0005161755244458281
1585.5249999999999	0.0005223403643516009
1585.53	0.0005406650257030975
1585.535	0.0005612110949831527
1585.54	0.0005748796884790198
1585.5449999999998	0.0005763298829290703
1585.55	0.0005704616734097964
1585.5549999999998	0.0005656601707885166
1585.56	0.0005660268660974886
1585.565	0.0005700463684155598
1585.57	0.0005752357039864703
1585.575	0.0005796236477252499
1585.58	0.0005822794108384942
1585.5849999999998	0.0005828871359231387
1585.5900000000001	0.0005811539666226839
1585.595	0.0005772557114068547
1585.6	0.0005715369785526962
1585.605	0.0005636781258290754
1585.61	0.0005560909395800103
1585.6149999999998	0.0005497327549657182
1585.6200000000001	0.0005479085095057287
1585.625	0.000553973168231835
1585.6299999999999	0.0005629516066370671
1585.635	0.0005651047398895083
1585.6399999999999	0.0005572022592612604
1585.645	0.0005386335151324789
1585.65	0.0005207559125023501
1585.655	0.000505814887537131
1585.66	0.000499366428793667
1585.665	0.0005014697170280275
1585.6699999999998	0.0005094606295142507
1585.675	0.0005180592711217239
1585.68	0.0005196163753874266
1585.685	0.0005110673526624621
1585.69	0.0004981274599396698
1585.695	0.0004894953169099182
1585.6999999999998	0.0004972306634339412
1585.7050000000002	0.000515910809480636
1585.71	0.0005302688167517696
1585.715	0.0005362110052667113
1585.72	0.0005307097310475136
1585.725	0.0005170737486412171
1585.7299999999998	0.0005050616954890685
1585.7350000000001	0.0004968268098972711
1585.74	0.0004945730767538918
1585.745	0.0004970195253059462
1585.75	0.000500413058699975
1585.7549999999999	0.0005041900747927699
1585.7599999999998	0.0005073250050841163
1585.765	0.0005090493805278821
1585.77	0.000509740336229136
1585.775	0.0005102748103225398
1585.78	0.0005115061676414371
1585.7849999999999	0.0005144690834733182
1585.79	0.0005206404993274876
1585.795	0.0005285354939756626
1585.8	0.0005378383128597942
1585.805	0.0005480298874000699
1585.81	0.000555979211830598
1585.8149999999998	0.0005590050929564022
1585.82	0.0005579687982933669
1585.825	0.0005556134069576025
1585.83	0.0005579005429488339
1585.835	0.0005642825100357952
1585.84	0.0005650912355886834
1585.8449999999998	0.0005456522261317511
1585.8500000000001	0.0005124431399348882
1585.855	0.00048736775446209517
1585.86	0.0004911217885874643
1585.865	0.0005226976560830624
1585.87	0.0005555061448207666
1585.8749999999998	0.0005631465896228744
1585.88	0.0005503765722025115
1585.885	0.0005348261228286775
1585.89	0.0005217672335265492
1585.895	0.000501652206738289
1585.8999999999999	0.00047668092954035354
1585.905	0.00044861777911970035
1585.91	0.0004235226971756136
1585.915	0.00040863080503888386
1585.92	0.0004013288566474958
1585.925	0.0004038125963263022
1585.9299999999998	0.00041397452210621227
1585.935	0.00042762134957956673
1585.94	0.0004439422719126795
1585.945	0.00045927944162835795
1585.95	0.0004672047921239608
1585.955	0.00046703062018180517
1585.9599999999998	0.0004606244185785563
1585.965	0.0004589359429813462
1585.97	0.0004631669134692417
1585.975	0.00046414106880945846
1585.98	0.0004555882015636713
1585.985	0.000440502957534246
1585.9899999999998	0.0004227248876467631
1585.9950000000001	0.00040608613868056627
1586	0.0003944262172299513
1586.005	0.00039348337342773505
1586.01	0.0004055854654283897
1586.0149999999999	0.0004332535705776093
1586.02	0.000476590920356512
1586.025	0.0005099954373425547
1586.03	0.0005016611163040616
1586.035	0.0004546218072200973
1586.04	0.00039055402149041886
1586.0449999999998	0.0003374581636657119
1586.05	0.00031334211950818247
1586.055	0.00031806751693426146
1586.06	0.0003449092075801457
1586.065	0.00038841554012022185
1586.07	0.00044252143031571625
1586.0749999999998	0.0005022470833590432
1586.08	0.0005401196406843071
1586.085	0.000562530810472619
1586.09	0.0005709904304871638
1586.095	0.0005674190369356953
1586.1	0.0005544381083068397
1586.1049999999998	0.0005416152107152018
1586.11	0.0005299062030958252
1586.115	0.0005204276545645543
1586.1200000000001	0.0005132493005388005
1586.125	0.0005088620664357912
1586.1299999999999	0.0005100527676166484
1586.135	0.0005188701093509144
1586.14	0.0005366733190493891
1586.145	0.0005605463147607845
1586.15	0.0005788753793633137
1586.155	0.0005844849865424033
1586.1599999999999	0.0005756059898396203
1586.165	0.00056195246293671
1586.17	0.0005517062480967209
1586.175	0.0005506828014076811
1586.18	0.0005557653772071181
1586.185	0.0005615084307658145
1586.1899999999998	0.0005618039483452383
1586.195	0.0005547792939317671
1586.2	0.0005421424104981654
1586.205	0.0005267038285595902
1586.21	0.0005098989033936635
1586.215	0.0004939148208570793
1586.2199999999998	0.0004808804888022794
1586.225	0.00047166378838576584
1586.23	0.0004664279040262991
1586.2350000000001	0.0004646622369836765
1586.24	0.0004653556106548048
1586.245	0.00046753555286623705
1586.25	0.0004702264149871779
1586.2549999999999	0.00047368029619555764
1586.26	0.00047762314921931945
1586.265	0.00048158480379475316
1586.27	0.00048498816340623277
1586.2749999999999	0.00048630266295810056
1586.28	0.0004833217021415481
1586.2849999999999	0.00047034418623554747
1586.29	0.00044667370507805586
1586.295	0.00041730645271290573
1586.3	0.00039942673401358454
1586.3049999999998	0.00041796107504227297
1586.31	0.0004635011710550585
1586.315	0.0005171610541710462
1586.32	0.0005417815492587527
1586.325	0.0005378254698378398
1586.33	0.0005288520793427593
1586.3349999999998	0.0005239892021039552
1586.34	0.0005213344170916964
1586.345	0.0005176145240695841
1586.3500000000001	0.0005136683206749827
1586.355	0.0005134051530062751
1586.36	0.0005228970662357129
1586.365	0.0005395851172393543
1586.37	0.0005561297169610401
1586.375	0.0005635326738141448
1586.38	0.0005535004601175367
1586.385	0.0005198467467375409
1586.3899999999999	0.0004800122889143797
1586.395	0.00044942809799639505
1586.3999999999999	0.0004328737073269373
1586.405	0.0004334822093109218
1586.41	0.0004521678535163808
1586.415	0.00047905478766468497
1586.4199999999998	0.0005068973758321423
1586.425	0.0005316259362446543
1586.4299999999998	0.0005490535372957759
1586.435	0.0005548283214461124
1586.44	0.0005561402784298547
1586.445	0.0005549625637354481
1586.4499999999998	0.000553287917215431
1586.455	0.0005521100247278806
1586.46	0.0005521100247278806
1586.4650000000001	0.0005526256661536305
1586.47	0.0005534065381497294
1586.475	0.0005542518614177551
1586.48	0.00055564002126545
1586.485	0.0005566403782510962
1586.49	0.0005545473548195617
1586.4950000000001	0.0005495361120619647
1586.5	0.0005414581046015108
1586.5049999999999	0.0005353243157509876
1586.51	0.0005299108010594977
1586.5149999999999	0.0005261368673344204
1586.52	0.0005263723873619371
1586.525	0.0005339981990787926
1586.53	0.0005505541911710156
1586.5349999999999	0.0005687675273119988
1586.54	0.0005783172113995531
1586.5449999999998	0.0005758150838888948
1586.55	0.0005710200683720924
1586.555	0.0005729818450708804
1586.56	0.0005746804557151115
1586.5649999999998	0.0005655429820613234
1586.57	0.0005430171507570822
1586.5749999999998	0.000518746286262283
1586.5800000000002	0.0005038152338649054
1586.585	0.0005011852205749403
1586.59	0.0005103309461274236
1586.595	0.000527107823663884
1586.6	0.0005455603789480485
1586.605	0.0005585550621687519
1586.6100000000001	0.00055926623061234
1586.615	0.0005491906618692821
1586.62	0.0005288544433777751
1586.625	0.0005060225320260682
1586.6299999999999	0.0004913587663364492
1586.635	0.0004898707379840918
1586.64	0.0005001794473426109
1586.645	0.0005136769009548319
1586.6499999999999	0.0005221393495903131
1586.655	0.0005230307359502406
1586.6599999999999	0.0005279289222772201
1586.665	0.0005385992134711187
1586.67	0.000544980385103867
1586.675	0.0005428205487980165
1586.6799999999998	0.0005389271369468416
1586.685	0.0005400256687119758
1586.6899999999998	0.0005440438127297554
1586.6950000000002	0.0005462342527517808
1586.7	0.0005421903577015923
1586.705	0.0005289641226266859
1586.71	0.0004963799511592109
1586.715	0.0004470963661803411
1586.7199999999998	0.0003974611516428243
1586.7250000000001	0.00036151823023238867
1586.73	0.00034810792382958304
1586.735	0.00036254494608995477
1586.74	0.00039392465899521384
1586.745	0.0004310121984126848
1586.7499999999998	0.0004638900161307573
1586.755	0.00047197413420053356
1586.76	0.00045342538133687037
1586.7649999999999	0.0004284796363090023
1586.77	0.00040375237882048145
1586.7749999999999	0.00038750291653592806
1586.78	0.0003849698153600824
1586.785	0.0003941931386142981
1586.79	0.000416550459960748
1586.7949999999998	0.0004475012829415534
1586.8	0.00048366503381305716
1586.8049999999998	0.000522229969591703
1586.81	0.0005489383380304107
1586.815	0.0005597832322178217
1586.82	0.0005635496684414048
1586.825	0.0005666091193006576
1586.83	0.0005653907432259781
1586.8349999999998	0.0005441359833650358
1586.8400000000001	0.0004941847521837459
1586.845	0.00043814438849100874
1586.85	0.0003908795412213774
1586.855	0.0003679732101910608
1586.86	0.0003692018915297838
1586.8649999999998	0.00039146705486412116
1586.8700000000001	0.0004267084463302811
1586.875	0.00046042857084892914
1586.8799999999999	0.00048215092420232365
1586.885	0.0004933180019956147
1586.8899999999999	0.0005025618334693227
1586.895	0.0005145633189348647
1586.9	0.0005272427460472165
1586.905	0.0005335960449028291
1586.9099999999999	0.0005290877974529562
1586.915	0.0005160586138247859
1586.9199999999998	0.0004995816015076988
1586.925	0.00048130947963228985
1586.93	0.00046866907237148257
1586.935	0.0004583114868521885
1586.94	0.0004527550938864152
1586.945	0.0004504671770047612
1586.9499999999998	0.0004527647586641423
1586.955	0.0004587049633736519
1586.96	0.00047174277624538344
1586.965	0.000493570838100682
1586.97	0.0005177196396855015
1586.975	0.0005339615547335671
1586.9799999999998	0.0005229844867199222
1586.9850000000001	0.00049549716313862
1586.99	0.0004865109171788499
1586.995	0.0005088218791053653
1587	0.0005402994982080246
1587.0049999999999	0.0005444375410131084
1587.01	0.0005164243128278012
1587.015	0.00047664133349515074
1587.02	0.00045385988239782693
1587.025	0.00045345283529651335
1587.03	0.0004671120680997859
1587.0349999999999	0.0004862051295535908
1587.04	0.0005018293130490044
1587.045	0.0005102666134708322
1587.05	0.0005179436501236874
1587.055	0.0005271618774924252
1587.06	0.0005377170820389652
1587.0649999999998	0.0005481854774064256
1587.07	0.0005552095504629347
1587.075	0.0005583193310431712
1587.08	0.000558166212150075
1587.085	0.0005550043006583466
1587.09	0.0005485420413687775
1587.0949999999998	0.0005418619672662103
1587.1	0.0005349698725826959
1587.105	0.0005287459224541776
1587.11	0.0005244309263213291
1587.115	0.0005221686946748795
1587.12	0.0005225394772474905
1587.125	0.0005257854071011656
1587.13	0.0005317848395432811
1587.135	0.0005393847549368767
1587.14	0.0005473010763240814
1587.145	0.000552195740744337
1587.1499999999999	0.0005481183487596456
1587.155	0.0005338299283541674
1587.16	0.000511902804532416
1587.165	0.0004927500657737509
1587.17	0.00048554342679631233
1587.175	0.0004962399687255116
1587.1799999999998	0.0005155602804663944
1587.185	0.0005394941730103587
1587.19	0.0005526811926664478
1587.195	0.0005581850123220644
1587.2	0.0005606897752755342
1587.205	0.0005638785536965213
1587.2099999999998	0.000566493001559592
1587.215	0.0005665287609888684
1587.22	0.0005644258675527813
1587.225	0.000559991599788615
1587.23	0.0005502342477644001
1587.235	0.0005321264350315894
1587.24	0.0005080827692416755
1587.245	0.0004832616583628298
1587.25	0.0004634982302375591
1587.255	0.0004543441677375775
1587.26	0.00045503408169743
1587.2649999999999	0.00046520995344820706
1587.27	0.000481375219711578
1587.275	0.0005010677845939293
1587.28	0.0005247867401635123
1587.285	0.0005464125387444304
1587.29	0.0005607791076476669
1587.2949999999998	0.0005686687967323163
1587.3	0.0005648614497976859
1587.305	0.0005493206525091901
1587.31	0.0005220568129512614
1587.315	0.0004894212192593278
1587.32	0.0004681007317574553
1587.3249999999998	0.00046789004339648806
1587.33	0.00047691365815427043
1587.335	0.00048278410124265645
1587.34	0.0004778884429414089
1587.345	0.00046858087112464466
1587.35	0.0004610398645192587
1587.355	0.0004642505236372575
1587.36	0.00048028400207774
1587.365	0.000497668319901422
1587.3700000000001	0.0005009409225707804
1587.375	0.0004827956217325753
1587.3799999999999	0.0004489588682734966
1587.385	0.00041524332386420806
1587.3899999999999	0.0003949472043950114
1587.395	0.0003858847714653136
1587.4	0.0003842254383009011
1587.405	0.00038747813467144887
1587.4099999999999	0.00039290707169133354
1587.415	0.0003980459441298421
1587.4199999999998	0.00040277094928313625
1587.425	0.0004085522201350245
1587.43	0.0004167292113075984
1587.435	0.0004292413118187954
1587.4399999999998	0.00044872357190356795
1587.445	0.0004696645570707442
1587.45	0.0004915788662516198
1587.455	0.00051364700307738
1587.46	0.0005304762190459068
1587.465	0.0005440824956562339
1587.47	0.0005543914457788437
1587.475	0.0005634001768110535
1587.48	0.0005715258768278779
1587.4850000000001	0.000577843523481944
1587.49	0.0005816087741903017
1587.495	0.0005842144596470744
1587.5	0.0005871296223123549
1587.5049999999999	0.000581732339529219
1587.51	0.0005557139838563204
1587.515	0.0005074316539220639
1587.52	0.00046524276584921325
1587.5249999999999	0.000440323438551826
1587.53	0.0004516462643799609
1587.5349999999999	0.0004946869008736577
1587.54	0.0005450577815071658
1587.545	0.0005783738925556244
1587.55	0.0005834570277799133
1587.5549999999998	0.0005721371071187229
1587.56	0.0005568756454940435
1587.5649999999998	0.0005410040825179466
1587.57	0.0005273787976089396
1587.575	0.0005209664034253828
1587.58	0.0005230749493874862
1587.585	0.0005322233375003851
1587.59	0.000543559483700673
1587.595	0.0005519754930379307
1587.6000000000001	0.000554252758837715
1587.605	0.0005504618939860691
1587.61	0.0005423777337672379
1587.615	0.0005310122725307457
1587.62	0.0005159194482087362
1587.625	0.0004984389981022284
1587.63	0.0004833712392568043
1587.635	0.0004699238567868525
1587.6399999999999	0.00045951390638681694
1587.645	0.00045993931208399957
1587.6499999999999	0.0004772292405783226
1587.655	0.0005051637527356511
1587.66	0.0005189328688244305
1587.665	0.0005126545088745383
1587.6699999999998	0.0005089209507217802
1587.675	0.0005203158984209114
1587.6799999999998	0.0005371154133805426
1587.685	0.0005457040411094456
1587.69	0.0005508052045396384
1587.695	0.0005595789948462254
1587.7	0.0005674253331276231
1587.705	0.0005578777492941144
1587.7099999999998	0.000529234039349708
1587.7150000000001	0.000501101541763046
1587.72	0.0004920458114217785
1587.725	0.0005071520569634761
1587.73	0.0005395542819221059
1587.735	0.000571288716962637
1587.74	0.000574487955062088
1587.7450000000001	0.00055935646420154
1587.75	0.0005410389139715552
1587.7549999999999	0.0005298108912948043
1587.76	0.0005340492909434902
1587.7649999999999	0.0005452749718688933
1587.77	0.0005566590753306293
1587.775	0.0005639763989354317
1587.78	0.0005619096631751272
1587.7849999999999	0.0005505725575389774
1587.79	0.0005358080091185814
1587.7949999999998	0.0005212118210601911
1587.8	0.000510216370584694
1587.805	0.0005045043039801742
1587.81	0.0005046938315242743
1587.815	0.0005093941540390416
1587.82	0.000516094539679135
1587.8249999999998	0.0005215221649048232
1587.8300000000002	0.0005237032193985034
1587.835	0.0005233829252359741
1587.84	0.0005223095624856738
1587.845	0.0005198531025216009
1587.85	0.0005102730023982896
1587.8549999999998	0.000490054013391589
1587.8600000000001	0.00046241619611164266
1587.865	0.0004361809406732733
1587.87	0.0004232731451601666
1587.875	0.0004270759382974476
1587.8799999999999	0.0004473907416049387
1587.8849999999998	0.000478904072726199
1587.89	0.0005100193591456671
1587.895	0.0005275430149522581
1587.9	0.0005230360741088526
1587.905	0.0005014085703166334
1587.9099999999999	0.00047297205327788725
1587.915	0.0004453763732393465
1587.92	0.0004256176439726557
1587.925	0.0004118540130788926
1587.93	0.00040775915704978073
1587.935	0.00041219722919760615
1587.9399999999998	0.0004221613922161167
1587.945	0.0004377712992990609
1587.95	0.00045588488810496813
1587.955	0.0004777417240062902
1587.96	0.0005018836910408715
1587.965	0.0005239848246326266
1587.9699999999998	0.0005413511431743932
1587.9750000000001	0.0005545871786308697
1587.98	0.0005602279918253669
1587.985	0.0005578732624997693
1587.99	0.0005541991124012309
1587.995	0.00055493420169939
1587.9999999999998	0.000560091200207827
1588.005	0.0005647211070611839
1588.01	0.0005674074846000163
1588.015	0.00056767695828105
1588.02	0.0005661593171106744
1588.0249999999999	0.0005637935752921871
1588.0299999999997	0.0005622865616684116
1588.035	0.0005602418407807698
1588.04	0.0005558706037218743
1588.045	0.0005484285427832112
1588.05	0.0005387338258948858
1588.0549999999998	0.0005290978176090999
1588.06	0.0005212355387569596
1588.065	0.0005161317213907619
1588.07	0.0005150073747019156
1588.075	0.0005201410676419037
1588.08	0.0005287839327449659
1588.0849999999998	0.0005375721786055142
1588.09	0.0005427633195326858
1588.095	0.0005398655040502132
1588.1	0.0005262251164522561
1588.105	0.0005136848947550722
1588.11	0.0005043174496654197
1588.1149999999998	0.0004996338901284075
1588.1200000000001	0.0005042610705792928
1588.125	0.0005141421992773459
1588.13	0.0005265974542292755
1588.135	0.0005391516808087172
1588.1399999999999	0.0005489709939873187
1588.145	0.0005554900735976422
1588.15	0.0005573328091780241
1588.155	0.0005561542403777335
1588.16	0.0005525299022219097
1588.165	0.0005453866935784676
1588.1699999999998	0.0005377589992134869
1588.175	0.0005344322251733971
1588.18	0.0005391419332370166
1588.185	0.0005502689724002822
1588.19	0.0005610293897747422
1588.195	0.000567273894153161
1588.1999999999998	0.0005728991911654355
1588.205	0.0005758687271514467
1588.21	0.0005681875156954561
1588.215	0.000546729856677662
1588.22	0.000521656800357219
1588.225	0.0005067365741888018
1588.2299999999998	0.0005100097026276806
1588.235	0.0005238691467538719
1588.24	0.0005384438803153525
1588.2450000000001	0.0005462335038541547
1588.25	0.0005436058156749838
1588.2549999999999	0.0005334420121917065
1588.26	0.0005197372257025705
1588.265	0.0005067187451784781
1588.27	0.0004995332302488559
1588.275	0.0004992263201366754
1588.28	0.0005053706584572756
1588.2849999999999	0.0005174310072611628
1588.29	0.0005275544205536001
1588.295	0.0005366296774668382
1588.3	0.0005374054852297079
1588.305	0.000525354896330881
1588.31	0.0005073350955509564
1588.3149999999998	0.00048363910364662097
1588.32	0.00045918474560157865
1588.325	0.000424279366113462
1588.33	0.0003909243132199004
1588.335	0.0003854569032615937
1588.34	0.00042000588946570675
1588.3449999999998	0.00047739736853697926
1588.35	0.0005295991184573179
1588.355	0.0005534230799859488
1588.3600000000001	0.0005605103490116254
1588.365	0.0005690357975433238
1588.37	0.0005725444798888288
1588.375	0.0005547413403222594
1588.3799999999999	0.000527931826045014
1588.385	0.0005095082632642236
1588.39	0.000508812615438768
1588.395	0.0005269229285787899
1588.3999999999999	0.0005564986115161001
1588.405	0.0005720323421549085
1588.4099999999999	0.0005593927452273796
1588.415	0.000536056248832254
1588.42	0.0005134286641314676
1588.425	0.0005025085431462494
1588.4299999999998	0.0005133706706742831
1588.435	0.0005295110786133359
1588.44	0.0005433891849501836
1588.445	0.000549128799990965
1588.45	0.0005367115184366684
1588.455	0.0005161824855109886
1588.4599999999998	0.0004935528737352708
1588.465	0.00047359592280250487
1588.47	0.00045835873164483344
1588.4750000000001	0.0004546080091280384
1588.48	0.0004564467696813597
1588.485	0.0004640491986999452
1588.49	0.00047749904148861147
1588.495	0.0004925660411849
1588.5	0.0005068810138948967
1588.505	0.0005161692415624296
1588.51	0.0005134174682546085
1588.5149999999999	0.0004995239514899716
1588.52	0.0004789012439561165
1588.5249999999999	0.0004605513383920885
1588.53	0.0004521423533111417
1588.535	0.0004584185505008959
1588.54	0.0004766807871329647
1588.5449999999998	0.0005041219001703961
1588.55	0.0005301721745295018
1588.5549999999998	0.0005450474901236984
1588.56	0.0005458532719021935
1588.565	0.0005319148156629698
1588.57	0.0005102333767297513
1588.5749999999998	0.0004907812697698034
1588.58	0.0004786216849059712
1588.585	0.0004783035913484457
1588.5900000000001	0.0004905570548522847
1588.595	0.0005095688939754584
1588.6	0.0005292464531565194
1588.605	0.0005409682993495487
1588.61	0.0005437523145336561
1588.615	0.0005399599799792117
1588.6200000000001	0.0005320311063359185
1588.625	0.0005239379555805868
1588.6299999999999	0.0005189953700880433
1588.635	0.000517089603527988
1588.6399999999999	0.0005200821283255315
1588.645	0.0005288915971446804
1588.65	0.000541542341865282
1588.655	0.0005574388461249744
1588.6599999999999	0.0005687042270621972
1588.665	0.0005696383577101856
1588.6699999999998	0.0005647345024439772
1588.675	0.0005527560752777318
1588.68	0.0005291340829230573
1588.685	0.0005055265215516734
1588.6899999999998	0.0004916652603475588
1588.695	0.0004924714675796872
1588.6999999999998	0.0004991354604290177
1588.7050000000002	0.0004949105454996103
1588.71	0.000478189003128166
1588.715	0.00046167524293829783
1588.72	0.0004608393472619714
1588.725	0.00047750096624934524
1588.73	0.0005001685244615757
1588.7350000000001	0.000514189136364219
1588.74	0.0005114858789650827
1588.745	0.000497043225827547
1588.75	0.0004886592438110764
1588.7549999999999	0.0004925686364337565
1588.76	0.000505868909263224
1588.765	0.0005243546296183378
1588.77	0.0005420365498740558
1588.7749999999999	0.0005508497543040002
1588.78	0.0005527234509771295
1588.7849999999999	0.0005484911319236472
1588.79	0.0005394072182984284
1588.795	0.0005278768097981664
1588.8	0.0005151463186719889
1588.8049999999998	0.0005029058581627634
1588.81	0.0004927499558366558
1588.8149999999998	0.00048544165541724584
1588.8200000000002	0.0004813780518237369
1588.825	0.00048229108961619167
1588.83	0.0004920744344628991
1588.835	0.0005090040595136415
1588.84	0.0005360332634567677
1588.8449999999998	0.0005573311082097841
1588.8500000000001	0.0005553095738210871
1588.855	0.0005306587360509216
1588.86	0.0005027107052893826
1588.865	0.0004904479433793287
1588.87	0.0005018522246369905
1588.8749999999998	0.0005339188323083311
1588.88	0.0005597887996990397
1588.885	0.0005645943731968658
1588.8899999999999	0.0005491913876886613
1588.895	0.0005374726780583227
1588.8999999999999	0.0005403507881323813
1588.905	0.0005429940789127306
1588.91	0.0005206173428617449
1588.915	0.0004738050882684667
1588.9199999999998	0.00042400406008076
1588.925	0.00039093639185847095
1588.9299999999998	0.00038162606672779536
1588.9350000000002	0.00038741578055046156
1588.94	0.0004021399822588239
1588.945	0.0004233482773830883
1588.95	0.0004471181687952046
1588.955	0.0004701328619773228
1588.9599999999998	0.0004929474017820518
1588.9650000000001	0.0005129947374970895
1588.97	0.0005271930686417604
1588.975	0.0005352197415074604
1588.98	0.0005338621122754066
1588.985	0.000518361360506033
1588.9899999999998	0.0004962301628099665
1588.9950000000001	0.00047291246557800635
1589	0.0004641196816169673
1589.0049999999999	0.0004763180370385242
1589.01	0.0004989002943132582
1589.0149999999999	0.0005161766759685958
1589.02	0.000515615252968898
1589.025	0.0004950155868377935
1589.03	0.0004646731669144371
1589.0349999999999	0.00043387194543365075
1589.04	0.0004145535187354867
1589.0449999999998	0.00041118138139588817
1589.05	0.00042610820264683304
1589.055	0.0004602931990975993
1589.06	0.0005044300263038139
1589.065	0.0005384488427796352
1589.07	0.0005462758450582957
1589.0749999999998	0.0005288780602752244
1589.08	0.0005148482491026981
1589.085	0.0005156371454819779
1589.09	0.0005264353765691129
1589.095	0.0005406096224174302
1589.1	0.0005475806614387194
1589.1049999999998	0.000544168214328781
1589.1100000000001	0.0005369167864152574
1589.115	0.0005300798151602925
1589.12	0.0005280689223746781
1589.125	0.0005307919940912308
1589.1299999999999	0.0005344300035807508
1589.135	0.0005376657426687622
1589.14	0.0005395963840855718
1589.145	0.0005402706939015805
1589.1499999999999	0.0005401628591918393
1589.155	0.000540152075700462
1589.1599999999999	0.0005392744913344353
1589.165	0.0005363231046365674
1589.17	0.000531298772489663
1589.175	0.0005265149950605463
1589.18	0.0005253290784273188
1589.185	0.0005288279307351205
1589.1899999999998	0.0005299823759026766
1589.195	0.0005219975935777631
1589.2	0.0005047615673956796
1589.205	0.0004897012727010493
1589.21	0.00048490708359075435
1589.215	0.0004908878198692446
1589.2199999999998	0.0005041612889560927
1589.225	0.0005211989391978469
1589.23	0.000537799935566437
1589.235	0.0005507612301859473
1589.24	0.0005595712514978562
1589.245	0.000564230260676894
1589.25	0.0005640104090895918
1589.255	0.0005580513615334614
1589.26	0.0005475061003963007
1589.265	0.0005366282307808415
1589.27	0.0005314527532930974
1589.2749999999999	0.0005357672456212915
1589.28	0.0005472833368033996
1589.285	0.0005602822919725221
1589.29	0.0005695806218018504
1589.295	0.0005732621045529863
1589.3	0.000571113466957408
1589.3049999999998	0.000563468865385174
1589.31	0.0005530774412801364
1589.315	0.0005440956289038714
1589.32	0.0005377611078142535
1589.325	0.0005381143415955673
1589.33	0.0005464617059438631
1589.3349999999998	0.0005581515919306429
1589.34	0.0005679825095744357
1589.345	0.0005768723871786109
1589.35	0.0005825105411466053
1589.355	0.0005777656430197266
1589.36	0.0005693601102065782
1589.365	0.0005682618211333189
1589.37	0.000568799985632958
1589.375	0.0005487999011645197
1589.38	0.0005031435692780667
1589.385	0.0004532500766016631
1589.3899999999999	0.00042098959207675945
1589.395	0.0004146049815887561
1589.4	0.0004343049054729898
1589.405	0.00047211878418048546
1589.41	0.0005158485955117034
1589.415	0.000539777248554424
1589.4199999999998	0.0005382576400220678
1589.425	0.000527652327746312
1589.43	0.0005177675010334759
1589.435	0.0005150074735119083
1589.44	0.0005225783134042726
1589.445	0.0005320449569562073
1589.4499999999998	0.0005415559902271052
1589.455	0.0005485974415224308
1589.46	0.0005520136093215491
1589.465	0.0005544304953454099
1589.47	0.0005564800579182654
1589.475	0.0005587820827139292
1589.48	0.0005620189231933513
1589.485	0.0005649056597564138
1589.49	0.0005670540019295983
1589.4950000000001	0.0005681850186051633
1589.5	0.0005680708426942429
1589.5049999999999	0.000566460761445249
1589.51	0.0005640416234507416
1589.5149999999999	0.0005607413807518719
1589.52	0.0005553504215161171
1589.525	0.000546880665813701
1589.53	0.0005324660396157583
1589.5349999999999	0.0005124960604912986
1589.54	0.00048393369457108373
1589.5449999999998	0.0004435761765135708
1589.55	0.00040101509675150997
1589.555	0.0003673021646726474
1589.56	0.0003549373382167433
1589.5649999999998	0.00036513996753602434
1589.57	0.00039449026203251504
1589.575	0.00043709852041780555
1589.58	0.0004811508719386269
1589.585	0.0005140997520113116
1589.59	0.0005346685547726071
1589.595	0.0005420745149031002
1589.6	0.0005411319774129513
1589.605	0.0005373053297107955
1589.6100000000001	0.0005341883768776451
1589.615	0.0005336372858995694
1589.62	0.0005366567975088785
1589.625	0.0005423327082192943
1589.6299999999999	0.0005489023616513292
1589.635	0.0005557955956537763
1589.64	0.0005616013648941412
1589.645	0.0005660334865226705
1589.6499999999999	0.0005686362187011908
1589.655	0.0005688434265713672
1589.6599999999999	0.0005669248913962977
1589.665	0.000561580936512778
1589.67	0.0005538512824972981
1589.675	0.0005472559328968656
1589.6799999999998	0.0005506354195578174
1589.685	0.0005608953054699338
1589.6899999999998	0.0005616583612177826
1589.695	0.000552803758752542
1589.7	0.0005529127612309705
1589.705	0.0005615674301550917
1589.71	0.0005641874118056438
1589.715	0.00055108863395939
1589.72	0.0005294545434143028
1589.7250000000001	0.0005152469136661641
1589.73	0.0005148537827379866
1589.735	0.0005258845170310991
1589.74	0.0005422284665164675
1589.745	0.0005556640558211876
1589.75	0.0005635932215804858
1589.755	0.0005679217897879068
1589.76	0.0005697811137429182
1589.7649999999999	0.0005705675827713236
1589.77	0.0005720478308731412
1589.7749999999999	0.0005744664590043917
1589.78	0.000576512189298252
1589.785	0.000577661249743687
1589.79	0.0005776193675126703
1589.7949999999998	0.0005761072710242248
1589.8	0.0005738838667949297
1589.8049999999998	0.0005704827099267312
1589.81	0.0005651175744691981
1589.815	0.0005547001312056481
1589.82	0.0005395831310168322
1589.825	0.0005174892866811844
1589.83	0.0004933214245833049
1589.8349999999998	0.00047033964010470547
1589.8400000000001	0.00045191647960833895
1589.845	0.00044600001693078045
1589.85	0.0004597475352085942
1589.855	0.0004912971000056884
1589.86	0.0005231177468596397
1589.865	0.0005267212262521369
1589.8700000000001	0.0004987298698944823
1589.875	0.00047197305581060336
1589.8799999999999	0.00047221302964908844
1589.885	0.0004999638705635256
1589.8899999999999	0.0005285093323743991
1589.895	0.0005343203446911283
1589.9	0.0005182430309771156
1589.905	0.0004973410397771184
1589.9099999999999	0.0004876848992864233
1589.915	0.0004897851806844701
1589.9199999999998	0.0004997266143916406
1589.925	0.0005137336529980187
1589.93	0.0005288311608956496
1589.935	0.0005422467902258252
1589.94	0.0005515825956907113
1589.945	0.0005575635657346959
1589.9499999999998	0.0005611369305125948
1589.9550000000002	0.0005627367024906029
1589.96	0.0005618078210130862
1589.965	0.0005589263410818772
1589.97	0.0005531430493131993
1589.975	0.0005452490709953065
1589.9799999999998	0.0005354331894019266
1589.9850000000001	0.0005235379670706886
1589.99	0.0005127272546213543
1589.995	0.0005053802147988586
1590	0.0005014686274979021
1590.0049999999999	0.0005030825981011699
1590.0099999999998	0.0005058688900774601
1590.015	0.0005129527514243214
1590.02	0.0005373538654614297
1590.0249999999999	0.0005725651492129621
1590.03	0.0005769618812774546
1590.0349999999999	0.0005626620745299119
1590.04	0.0005593953708815638
1590.045	0.0005710376881133295
1590.05	0.0005794268721078592
1590.055	0.0005747390687148115
1590.06	0.0005650430461899351
1590.0649999999998	0.0005652402780036889
1590.07	0.0005716116329980972
1590.075	0.0005730607165517916
1590.08	0.0005652107502685615
1590.085	0.0005509127660257166
1590.09	0.000536435630829896
1590.0949999999998	0.0005280029367802276
1590.1000000000001	0.0005251367078622699
1590.105	0.0005256956995132493
1590.11	0.0005304859152963973
1590.115	0.0005393231381997271
1590.12	0.0005507878646119857
1590.1249999999998	0.0005627195982621097
1590.13	0.0005703969231472114
1590.135	0.0005736416626354172
1590.14	0.0005730815647247902
1590.145	0.0005704609867705748
1590.1499999999999	0.0005671424157457861
1590.1549999999997	0.0005636529587440354
1590.16	0.0005590125746966528
1590.165	0.0005519425855335512
1590.17	0.0005430834443400596
1590.175	0.0005355521095696893
1590.1799999999998	0.0005337458565891456
1590.185	0.0005426987470797596
1590.19	0.0005600969894203389
1590.195	0.0005746380292739512
1590.2	0.0005768921172294376
1590.205	0.0005717299142005882
1590.2099999999998	0.0005690671902669382
1590.215	0.0005723951335534364
1590.22	0.0005762728353211632
1590.225	0.0005739982336497535
1590.23	0.0005657935032084887
1590.235	0.0005611198911413098
1590.2399999999998	0.0005626515766795099
1590.2450000000001	0.0005615192600952065
1590.25	0.0005485708850667938
1590.255	0.0005308892246694959
1590.26	0.0005255449278733973
1590.2649999999999	0.0005378742359358421
1590.2699999999998	0.0005593029771497687
1590.275	0.0005679534052730146
1590.28	0.0005543303184050256
1590.285	0.0005240810369344949
1590.29	0.0004916664133861935
1590.2949999999998	0.0004673427343675036
1590.3	0.0004535319463264023
1590.305	0.00045297550798925173
1590.31	0.00046235650065176373
1590.315	0.0004773329866435832
1590.32	0.0005059820925437793
1590.3249999999998	0.0005354263918358517
1590.33	0.0005564356658722597
1590.335	0.000564259672152439
1590.34	0.0005534137483628987
1590.345	0.00054312623612477
1590.35	0.0005510207580299121
1590.3549999999998	0.000565884895560213
1590.36	0.0005744441143649454
1590.365	0.0005778989484974844
1590.3700000000001	0.00058123819310461
1590.375	0.0005834846838058009
1590.3799999999999	0.0005830363629349298
1590.385	0.0005795244530872134
1590.39	0.000569862000310974
1590.395	0.0005462776883046932
1590.4	0.0005054916720015815
1590.405	0.0004523046353567743
1590.4099999999999	0.0003929788415625634
1590.415	0.00034567124424485403
1590.42	0.00031671468096886463
1590.425	0.0003089168604256106
1590.43	0.00032462543930629565
1590.435	0.00036172762206409625
1590.4399999999998	0.00041525157582358006
1590.445	0.0004588010155788684
1590.45	0.00045739685694986973
1590.455	0.0004175541996561193
1590.46	0.00035310452711168
1590.465	0.0003045686063617358
1590.4699999999998	0.00027592003560926237
1590.475	0.00026271980500623064
1590.48	0.00026414494920692824
1590.4850000000001	0.0002790557184655475
1590.49	0.00031099526394289385
1590.495	0.00034879448957643563
1590.5	0.00039822428819492894
1590.5049999999999	0.0004507084573937216
1590.51	0.0004953255725049039
1590.515	0.0005233315253417627
1590.52	0.0005335439691584109
1590.5249999999999	0.0005354078710949018
1590.53	0.0005374351633142913
1590.535	0.0005427895515474268
1590.54	0.00054856066661558
1590.545	0.0005481142432074721
1590.55	0.0005389536059004692
1590.5549999999998	0.0005221027606737048
1590.56	0.0005018585673862118
1590.565	0.00047977228384676424
1590.57	0.0004602066560349318
1590.575	0.00044535508191965214
1590.58	0.00043558882837945844
1590.5849999999998	0.00043000164540178774
1590.59	0.00042717101317979434
1590.595	0.0004257888630273344
1590.6000000000001	0.0004259285470611533
1590.605	0.0004291983777978317
1590.61	0.0004375311249135968
1590.615	0.0004503851484659243
1590.62	0.0004648515333396872
1590.625	0.00047674472368307134
1590.63	0.00048020251004340247
1590.635	0.0004730841215885096
1590.6399999999999	0.0004609212706113325
1590.645	0.00044733417677389383
1590.6499999999999	0.0004380831781048288
1590.655	0.0004350405459108167
1590.66	0.0004397216527001878
1590.665	0.0004551837271566407
1590.6699999999998	0.00047996074548924833
1590.675	0.0005112491136690437
1590.6799999999998	0.00054416223329537
1590.685	0.0005557322424251946
1590.69	0.0005421182314031583
1590.695	0.0005299758876244146
1590.6999999999998	0.0005359031907857283
1590.705	0.0005499802971789674
1590.71	0.0005547791477275543
1590.7150000000001	0.0005409904941869144
1590.72	0.0005076183159978906
1590.725	0.00046187054044615925
1590.73	0.0004308566491299682
1590.735	0.00042549920782161736
1590.74	0.0004491806738040658
1590.7450000000001	0.00048806566668374514
1590.75	0.0005136443020679946
1590.7549999999999	0.0005159316272334214
1590.76	0.0005033777211383151
1590.7649999999999	0.00049054761394372
1590.77	0.0004885792460486006
1590.775	0.0005000699464748999
1590.78	0.0005167027789527717
1590.7849999999999	0.0005307492409957871
1590.79	0.0005395048853553268
1590.7949999999998	0.0005416961340407204
1590.8	0.0005379150091630043
1590.805	0.000532090128514144
1590.81	0.0005246898614354196
1590.8149999999998	0.0005159486172314491
1590.82	0.0005057832946160411
1590.8249999999998	0.0004915464666469042
1590.8300000000002	0.00047530981846012307
1590.835	0.000458799635633246
1590.84	0.00044205093823798284
1590.845	0.00042899142030455704
1590.85	0.0004265707569821725
1590.855	0.0004383831073581997
1590.8600000000001	0.0004675246496883557
1590.865	0.000508073145260164
1590.87	0.000529353280859934
1590.875	0.0005208996466673469
1590.8799999999999	0.0004992196169005932
1590.885	0.00048423923297311283
1590.89	0.0004862013438604043
1590.895	0.000505997032648632
1590.8999999999999	0.000532759512516216
1590.905	0.0005617041426553917
1590.9099999999999	0.0005765126410486151
1590.915	0.0005743022272537028
1590.92	0.0005638936659981786
1590.925	0.0005580014308962451
1590.9299999999998	0.0005616509187192472
1590.935	0.00056169968219399
1590.9399999999998	0.0005430266338949156
1590.9450000000002	0.0005008621476944772
1590.95	0.00046014840397496086
1590.955	0.00042995319686368227
1590.96	0.0004134469584231285
1590.965	0.00040819247780910645
1590.9699999999998	0.0004104044193240117
1590.9750000000001	0.00041736512587161044
1590.98	0.0004274782984801213
1590.985	0.0004396879077343232
1590.99	0.00045316084022702715
1590.995	0.0004703991060158836
1591	0.0004891221167169741
1591.005	0.0005091826360544635
1591.01	0.0005194796388312044
1591.0149999999999	0.0005173830142369513
1591.02	0.0005076965718695835
1591.0249999999999	0.0005184792918677331
1591.03	0.000552110057505071
1591.035	0.0005752559752254546
1591.04	0.0005632028256178993
1591.0449999999998	0.0005420620641764445
1591.05	0.0005382930980956476
1591.0549999999998	0.0005461147464512051
1591.0600000000002	0.0005475298807075892
1591.065	0.0005409486467013827
1591.07	0.0005410169130197364
1591.075	0.0005573846670676767
1591.08	0.0005784292624805926
1591.0849999999998	0.0005801255309770306
1591.0900000000001	0.0005668083954782778
1591.095	0.0005560444934773901
1591.1	0.0005564063338117333
1591.105	0.0005681088088716007
1591.11	0.0005817885010775451
1591.1149999999998	0.000581893284196495
1591.1200000000001	0.0005765611109698817
1591.125	0.0005707630995455273
1591.1299999999999	0.0005673574769948248
1591.135	0.0005614039078863087
1591.1399999999999	0.0005465413619423631
1591.1449999999998	0.0005208130280863692
1591.15	0.0004865767190545634
1591.155	0.0004541726024180024
1591.1599999999999	0.0004211209439564682
1591.165	0.00039654419044800115
1591.1699999999998	0.00038382495113026727
1591.175	0.00038258905145966234
1591.18	0.000392191166676179
1591.185	0.0004143327763132575
1591.19	0.000446641606004996
1591.195	0.0004805684769629347
1591.1999999999998	0.0005119883637606636
1591.205	0.0005389308015008958
1591.21	0.000553779259120442
1591.215	0.0005556193797142004
1591.22	0.0005400381594237873
1591.225	0.0005153710679231703
1591.2299999999998	0.0004931458941852231
1591.2350000000001	0.0004898507605456572
1591.24	0.0005023757999044566
1591.245	0.0005239186359934987
1591.25	0.000541551630730968
1591.2549999999999	0.0005436898199218898
1591.26	0.0005270724417041833
1591.265	0.000496004709580277
1591.27	0.0004598290631137708
1591.2749999999999	0.0004270829547137558
1591.28	0.0004037345106723754
1591.2849999999999	0.0003918561239837523
1591.29	0.00039204718082721905
1591.295	0.00040320767504633615
1591.3	0.0004225995829066408
1591.305	0.0004484665934151289
1591.31	0.0004773468124033384
1591.3149999999998	0.000503917367457394
1591.32	0.0005315901890279579
1591.325	0.0005489318203641125
1591.33	0.0005587662211261516
1591.335	0.0005595595665352102
1591.34	0.0005523151214368363
1591.3449999999998	0.0005415708960771349
1591.35	0.0005328945741577908
1591.355	0.0005341635765742966
1591.36	0.0005481938772205159
1591.365	0.0005634781827846568
1591.37	0.0005695027874279368
1591.375	0.0005665205576151192
1591.38	0.0005541417781850689
1591.385	0.000532178529588322
1591.3899999999999	0.0005063344421529789
1591.395	0.0004843768758380136
1591.3999999999999	0.00047687904941314115
1591.405	0.00048455048023979096
1591.41	0.0005012290491209601
1591.415	0.0005207021154069798
1591.42	0.0005365835023282079
1591.425	0.0005454715725773924
1591.4299999999998	0.0005460136672030489
1591.435	0.0005387730750347155
1591.44	0.0005244541992508625
1591.445	0.000507622829141361
1591.45	0.0004936721570573393
1591.455	0.00048822978420052436
1591.4599999999998	0.0004919476675367663
1591.465	0.0005025550952539161
1591.47	0.000518531562182068
1591.475	0.0005329259198553129
1591.48	0.0005408007765532927
1591.485	0.0005413398768900862
1591.49	0.0005343907090158404
1591.495	0.0005215486214395785
1591.5	0.0005050512257422082
1591.505	0.0004916185158142734
1591.51	0.000483112181240998
1591.5149999999999	0.0004810796563763812
1591.52	0.00048701810494928606
1591.525	0.0005021900461512631
1591.53	0.0005214310488795723
1591.535	0.0005346109684172278
1591.54	0.0005302177176543316
1591.5449999999998	0.0005067456480325927
1591.55	0.0004758555859177392
1591.555	0.00045616555768072535
1591.56	0.000452422428983486
1591.565	0.00046668329374932913
1591.57	0.000487540464086699
1591.5749999999998	0.0005019722711755905
1591.58	0.0004980741724824037
1591.585	0.00048569613724897405
1591.59	0.00048266373901040624
1591.595	0.0004972511382322195
1591.6	0.0005226086143713291
1591.605	0.000539159046520451
1591.61	0.0005308634495746967
1591.615	0.0005060553428843065
1591.6200000000001	0.0004838149902982878
1591.625	0.0004735811356319436
1591.6299999999999	0.00047597918254386736
1591.635	0.00048610752051666157
1591.6399999999999	0.0004987468978734363
1591.645	0.0005101803376680473
1591.65	0.0005163738405779529
1591.655	0.0005200157523901339
1591.6599999999999	0.0005226296081555338
1591.665	0.0005248011957735996
1591.6699999999998	0.0005269866178059672
1591.675	0.0005283966309422847
1591.68	0.0005282315321585728
1591.685	0.0005246638718544419
1591.6899999999998	0.0005205477812852891
1591.695	0.0005210759496788937
1591.7	0.000528067334838173
1591.705	0.0005323057287107032
1591.71	0.0005325000264266909
1591.715	0.0005369222623675101
1591.72	0.0005457829505614895
1591.725	0.0005495468330012342
1591.73	0.0005408313027058705
1591.7350000000001	0.0005120192261648382
1591.74	0.0004641706634018753
1591.745	0.00040593760323723657
1591.75	0.0003649401749673953
1591.7549999999999	0.00035289700636962707
1591.76	0.00038013149095080553
1591.765	0.00043823182077810924
1591.77	0.00049916248628384
1591.7749999999999	0.0005381914218795516
1591.78	0.0005419441843615571
1591.7849999999999	0.0005286995082326358
1591.79	0.0005296237424336323
1591.795	0.0005375870947565561
1591.8	0.0005458784901405554
1591.8049999999998	0.0005486646261202558
1591.81	0.0005434106350787858
1591.8149999999998	0.000538541146873023
1591.82	0.0005359233323100674
1591.825	0.0005355977691632795
1591.83	0.0005337393740972484
1591.835	0.0005202396710332362
1591.84	0.0004974169148677358
1591.845	0.00046541140201573124
1591.8500000000001	0.000436372834828265
1591.855	0.00042077828615207465
1591.86	0.00042496373716464437
1591.865	0.0004560354429818239
1591.87	0.0004984322889506658
1591.875	0.0005046147433082256
1591.88	0.0004637088522401042
1591.885	0.0004133815857152806
1591.8899999999999	0.00039266672873533977
1591.895	0.0004093076603263136
1591.8999999999999	0.0004510679233671917
1591.905	0.0004922176292999144
1591.91	0.0005093946378974702
1591.915	0.0005123573179997985
1591.9199999999998	0.0005206525071416606
1591.925	0.00053725166678374
1591.9299999999998	0.000548750323231042
1591.935	0.0005499797372422935
1591.94	0.0005473656590843191
1591.945	0.0005504764290636433
1591.95	0.000559684984962294
1591.955	0.0005621794840273192
1591.9599999999998	0.0005545099733254749
1591.9650000000001	0.0005400948726360429
1591.97	0.0005254539447727496
1591.975	0.0005169260551605546
1591.98	0.0005153173409320702
1591.985	0.0005204444671399719
1591.99	0.0005294416924021553
1591.9950000000001	0.000538390053209031
1592	0.0005465504039884642
1592.0049999999999	0.0005530029696109119
1592.01	0.0005543653263380363
1592.0149999999999	0.0005517084741120131
1592.02	0.0005478507365835475
1592.025	0.0005490913193448503
1592.03	0.0005578708518242786
1592.0349999999999	0.0005632331935173348
1592.04	0.0005466072724219997
1592.0449999999998	0.000511192211828501
1592.05	0.00048201922070689924
1592.055	0.0004719572228765339
1592.06	0.0004770265854682757
1592.065	0.0004864839107159199
1592.07	0.000490531619123052
1592.0749999999998	0.00048634830244273774
1592.0800000000002	0.0004730978886329339
1592.085	0.000456513422312539
1592.09	0.0004395736243200221
1592.095	0.0004235439139310822
1592.1	0.00040970486219886194
1592.1049999999998	0.00039922209243822024
1592.1100000000001	0.000392325551760473
1592.115	0.0003913400176326445
1592.12	0.0003951045978024827
1592.125	0.0004038255827511162
1592.1299999999999	0.00041712496912777824
1592.1349999999998	0.00043397798102083086
1592.14	0.0004533326644248427
1592.145	0.00047137641965271803
1592.1499999999999	0.00048827686394508577
1592.155	0.0005040123027515192
1592.1599999999999	0.0005178283681808644
1592.165	0.0005285603356045611
1592.17	0.0005353429459839799
1592.175	0.0005372206532288754
1592.18	0.0005327321789661421
1592.185	0.0005214608846652901
1592.1899999999998	0.0005053243038071793
1592.1950000000002	0.0004874432941773778
1592.2	0.00047476985819746084
1592.205	0.00047168692659457274
1592.21	0.000485679537026783
1592.215	0.0005103009224212483
1592.2199999999998	0.000528566823084758
1592.2250000000001	0.0005154138875255012
1592.23	0.00047267570076956053
1592.235	0.00042604176511748597
1592.24	0.0004014815435578302
1592.245	0.00040496512159060073
1592.2499999999998	0.00043577092129351
1592.255	0.0004786587666871811
1592.26	0.0005119315205381547
1592.2649999999999	0.0005200845574495063
1592.27	0.0005064182946944088
1592.2749999999999	0.0004902132818962028
1592.2799999999997	0.00048377448536474706
1592.285	0.0004835307692524442
1592.29	0.0004816954050457261
1592.295	0.00047552566146579845
1592.3	0.0004664736936315048
1592.3049999999998	0.00045921951660243593
1592.31	0.00045808506556970684
1592.315	0.0004632784267222027
1592.32	0.0004730462147768176
1592.325	0.0004852934839049458
1592.33	0.0004928891006505422
1592.3349999999998	0.0004937401186224144
1592.34	0.0004858948221044257
1592.345	0.0004670814418889624
1592.35	0.00044296925887351267
1592.355	0.0004194659063326377
1592.36	0.0004064067165431232
1592.3649999999998	0.00042443254819864444
1592.3700000000001	0.00047275018762827015
1592.375	0.0005153840469266585
1592.38	0.0005165131342303225
1592.385	0.00048618790068420215
1592.3899999999999	0.00046541182338479003
1592.3949999999998	0.0004708346390389785
1592.4	0.0005009395668473276
1592.405	0.0005310024053629378
1592.41	0.0005375578540513368
1592.415	0.0005141468678272233
1592.4199999999998	0.000479084759833398
1592.425	0.0004523688466948364
1592.43	0.0004458111802722283
1592.435	0.0004566452209153587
1592.44	0.00048133015160714044
1592.445	0.0005106260676323898
1592.4499999999998	0.0005338584045585786
1592.455	0.0005423420842592779
1592.46	0.000521886857451666
1592.465	0.0004925212756108946
1592.47	0.0004603691870461804
1592.475	0.00043218364759839965
1592.4799999999998	0.00042293162373436633
1592.485	0.00042232914435769614
1592.49	0.00042857730775986753
1592.4950000000001	0.00043884197196314575
1592.5	0.0004481909600069216
1592.5049999999999	0.0004537776745452599
1592.5099999999998	0.00045501851261264516
1592.515	0.0004530620948040107
1592.52	0.0004516494793686147
1592.525	0.0004546429233407773
1592.53	0.0004676533929479044
1592.5349999999999	0.00048756056071007874
1592.54	0.0005134099935317038
1592.545	0.0005344649485843438
1592.55	0.0005471298965950899
1592.555	0.0005514218643302408
1592.56	0.0005501476594425622
1592.5649999999998	0.0005405413595288946
1592.57	0.0005267437099215318
1592.575	0.0005217544159802867
1592.58	0.0005304478009299822
1592.585	0.0005332330556802376
1592.59	0.0005098276934213366
1592.5949999999998	0.00047377446717522114
1592.6	0.0004583559534819466
1592.605	0.0004748416771950222
1592.6100000000001	0.0005065770082118373
1592.615	0.0005232854161094676
1592.62	0.0005131137033973019
1592.625	0.0004899696243726356
1592.6299999999999	0.00047932103613181607
1592.635	0.0004909577250471111
1592.64	0.0005157849695961681
1592.645	0.0005353098756480983
1592.6499999999999	0.0005432717498075304
1592.655	0.0005421123012126639
1592.66	0.0005373109819139046
1592.665	0.0005344305984118008
1592.67	0.0005371819389378438
1592.675	0.0005441827575620045
1592.6799999999998	0.0005491610899960328
1592.685	0.0005480020182202137
1592.69	0.0005343122398279394
1592.695	0.0005051273482491679
1592.7	0.00047419745992155287
1592.705	0.00045437001619180495
1592.7099999999998	0.0004672534731181242
1592.715	0.0004931036847836585
1592.72	0.0005039742399222631
1592.7250000000001	0.0004822264057708336
1592.73	0.0004342407215576476
1592.735	0.0003751766426620317
1592.74	0.0003213299258006649
1592.745	0.0002881770641123713
1592.75	0.0002830076762338273
1592.755	0.00030300915263370523
1592.76	0.00034794842373680535
1592.7649999999999	0.00041379807343661844
1592.77	0.00046564930723984224
1592.7749999999999	0.0004904039204886573
1592.78	0.0004996949694056913
1592.785	0.0005068068591334919
1592.79	0.0005172774071913414
1592.7949999999998	0.0005274835495886886
1592.8	0.0005264222602212284
1592.8049999999998	0.0005124466950138747
1592.81	0.0004914738632368501
1592.815	0.00046883201477512023
1592.82	0.00045192114313936943
1592.8249999999998	0.0004447372975134207
1592.83	0.0004434762026888556
1592.835	0.0004470472505349832
1592.8400000000001	0.0004545150956842072
1592.845	0.00046761272261217665
1592.85	0.0004809579377774383
1592.855	0.0004954706207641012
1592.86	0.0005089843628145631
1592.865	0.0005221670481535094
1592.8700000000001	0.0005346059756027732
1592.875	0.000543420159427136
1592.8799999999999	0.0005464455920510847
1592.885	0.0005431862312689359
1592.8899999999999	0.0005357906938372821
1592.895	0.0005289247067896365
1592.9	0.0005254984576419948
1592.905	0.0005268185667834476
1592.9099999999999	0.000529967455493176
1592.915	0.00053433213524685
1592.9199999999998	0.0005398515953935842
1592.925	0.0005461970353525538
1592.93	0.0005505089504560906
1592.935	0.000548806083142713
1592.9399999999998	0.0005430510820933235
1592.945	0.0005389001762209051
1592.9499999999998	0.0005398593334371515
1592.9550000000002	0.0005445899440390988
1592.96	0.0005488688178920207
1592.965	0.000550528144404244
1592.97	0.0005496508337152114
1592.975	0.0005486528148624725
1592.98	0.000548358420854703
1592.9850000000001	0.0005487415754170741
1592.99	0.000548713032414049
1592.995	0.0005472073272378051
1593	0.0005435047656450774
1593.0049999999999	0.0005374380463446907
1593.01	0.0005283859415244217
1593.015	0.0005200323104991543
1593.02	0.0005114732166640839
1593.0249999999999	0.000505121447003861
1593.03	0.0005014571564493167
1593.0349999999999	0.0005055196800190179
1593.04	0.0005166329951213272
1593.045	0.0005313360509091243
1593.05	0.0005319644692385786
1593.0549999999998	0.000517531232032438
1593.06	0.0005077858131312332
1593.0649999999998	0.0005184843964776003
1593.0700000000002	0.0005387242864844746
1593.075	0.000544695829964528
1593.08	0.000524428892972443
1593.085	0.0004861584190045536
1593.09	0.0004483640475894224
1593.0949999999998	0.0004259731195700573
1593.1000000000001	0.000413828441295651
1593.105	0.00041007191757447774
1593.11	0.0004090789493163865
1593.115	0.0004069396153014619
1593.12	0.000402357023331558
1593.125	0.00039479584817898975
1593.13	0.00039110236617182924
1593.135	0.0003956446900163185
1593.1399999999999	0.0004089802377634074
1593.145	0.0004315281121588382
1593.1499999999999	0.00046635613690527636
1593.155	0.000495028192865462
1593.16	0.000514855668209416
1593.165	0.0005230071166674051
1593.1699999999998	0.0005131203635626653
1593.175	0.0004947188584986073
1593.1799999999998	0.0004758825129393102
1593.1850000000002	0.00045988651702592734
1593.19	0.00044731578340743934
1593.195	0.00043935823647166434
1593.2	0.0004335405999845553
1593.205	0.00042524289671065147
1593.2099999999998	0.0004113668721424177
1593.2150000000001	0.00038616394448047915
1593.22	0.00036321143677216136
1593.225	0.0003521906334797237
1593.23	0.00036330162192207727
1593.235	0.00039755935069994453
1593.2399999999998	0.00043421340609396854
1593.2450000000001	0.0004475298009587312
1593.25	0.00043930075303427935
1593.2549999999999	0.0004314894949346486
1593.26	0.0004447836354090164
1593.2649999999999	0.00047177820005212765
1593.2699999999998	0.00048555218632217046
1593.275	0.0004527691779355735
1593.28	0.0003826618783064433
1593.2849999999999	0.00030994515602894026
1593.29	0.000257854085368669
1593.2949999999998	0.00023584796612133744
1593.3	0.00024264933398485401
1593.305	0.0002690418056516221
1593.31	0.0003121355327876393
1593.315	0.00036306272434372084
1593.32	0.0004136571952569885
1593.3249999999998	0.0004564861331896538
1593.33	0.0004755875197325522
1593.335	0.000483482864509046
1593.34	0.00048681779946788513
1593.345	0.0004910570825453479
1593.35	0.0005001304597443347
1593.3549999999998	0.0005154915652954579
1593.3600000000001	0.0005336167383077098
1593.365	0.0005515470022523594
1593.37	0.0005530216550704846
1593.375	0.0005419427250615857
1593.3799999999999	0.000536938572707092
1593.3849999999998	0.0005399353963528498
1593.39	0.0005392230545956404
1593.395	0.0005332747439673917
1593.3999999999999	0.0005246305389805542
1593.405	0.0005172800190265153
1593.4099999999999	0.0005152325713578975
1593.415	0.0005198066921435166
1593.42	0.0005280386713059748
1593.425	0.0005343190401265081
1593.43	0.0005359311557456131
1593.435	0.0005343042957254576
1593.4399999999998	0.0005313415672502553
1593.445	0.000528389087592707
1593.45	0.0005250683299542856
1593.455	0.0005172127322777243
1593.46	0.0005034157257304074
1593.465	0.0004835583197422013
1593.4699999999998	0.00045984674694892147
1593.475	0.00044501281732103756
1593.48	0.0004375940773301177
1593.485	0.0004368933657154478
1593.49	0.00044084385217442023
1593.495	0.0004411293221308446
1593.4999999999998	0.0004370529436025703
1593.505	0.0004271545104341647
1593.51	0.00041129453971490605
1593.5149999999999	0.0003997725164079349
1593.52	0.0003942891296548896
1593.5249999999999	0.0003965847286471318
1593.53	0.0004096645989778574
1593.535	0.00043199360369231975
1593.54	0.0004617520646418233
1593.545	0.00048156658709004184
1593.55	0.000486402803391929
1593.5549999999998	0.0004689888830234338
1593.56	0.00044549481744092577
1593.565	0.0004314688725294974
1593.57	0.0004354588112287704
1593.575	0.0004496731190758401
1593.58	0.00046035470667199057
1593.5849999999998	0.00046396768846165853
1593.59	0.00046834158241273164
1593.595	0.000481603672912738
1593.6	0.0005004508139902838
1593.605	0.0005114050727273047
1593.61	0.000506545979247636
1593.615	0.0004896449000959005
1593.62	0.0004745509529731968
1593.625	0.00046927057485090064
1593.6299999999999	0.0004749461789113094
1593.635	0.0004879465283940224
1593.6399999999999	0.0005006819982503829
1593.645	0.0005071856625420661
1593.65	0.0005043976675702594
1593.655	0.0004917683227555497
1593.66	0.0004769913183738127
1593.665	0.00046434387575544243
1593.6699999999998	0.000455971192105005
1593.675	0.00045297882333814445
1593.68	0.0004549175584556774
1593.685	0.00046044489223521134
1593.69	0.0004685514987441926
1593.695	0.0004770581313334944
1593.6999999999998	0.0004805983802138295
1593.705	0.00047488857484456824
1593.71	0.0004506218785421525
1593.715	0.0004216706517880105
1593.72	0.000413922901528069
1593.725	0.00043146150887207236
1593.73	0.0004436687005503458
1593.735	0.0004271940397092608
1593.74	0.0004027929585905272
1593.745	0.0003918064161633027
1593.75	0.0003940415712667899
1593.7549999999999	0.0003917481787600825
1593.76	0.00037899564534096423
1593.7649999999999	0.0003672690044243918
1593.77	0.0003702606456882988
1593.775	0.00038707437138255286
1593.78	0.0004058692999398249
1593.7849999999999	0.00040854034891606356
1593.79	0.00037186852060660364
1593.7949999999998	0.000325106088065645
1593.8	0.000292599741058773
1593.805	0.0002782569255404963
1593.81	0.00028198175709169803
1593.8149999999998	0.0003055396934932661
1593.82	0.00034584371503146815
1593.825	0.0003900569774384122
1593.83	0.0004335696311932037
1593.835	0.0004755057882484565
1593.84	0.0005003649729769308
1593.845	0.0005156286350349943
1593.85	0.0005207002109068487
1593.855	0.0005165550226234639
1593.8600000000001	0.0005073136358682382
1593.865	0.0004959011874894625
1593.87	0.00048466387734792877
1593.875	0.0004762375006242426
1593.8799999999999	0.00047670618952174343
1593.885	0.00048727102488731113
1593.89	0.0005084621274972146
1593.895	0.0005271512390796488
1593.8999999999999	0.0005272806747018244
1593.905	0.0005129097340386446
1593.9099999999999	0.0004991817171654003
1593.915	0.0004983795609106757
1593.92	0.0005123721110511016
1593.925	0.0005319469031978267
1593.9299999999998	0.0005431775124200506
1593.935	0.000539268937498918
1593.9399999999998	0.0005229330512012032
1593.945	0.000498912200323129
1593.95	0.0004726508908891031
1593.955	0.0004508335844623144
1593.96	0.0004363195747407944
1593.965	0.00043310533352432684
1593.97	0.0004408775114477037
1593.9750000000001	0.0004580857049040047
1593.98	0.0004808166938110524
1593.985	0.0005024394955161309
1593.99	0.0005211783538259874
1593.995	0.0005351604587055326
1594	0.0005440041246370207
1594.005	0.0005500005171382861
1594.01	0.0005527879543693559
1594.0149999999999	0.0005536166727126104
1594.02	0.0005537278558536263
1594.0249999999999	0.0005523665196565986
1594.03	0.0005499454930656964
1594.035	0.0005437913017165295
1594.04	0.0005333352728341158
1594.0449999999998	0.0005151782579642894
1594.05	0.000494178503143241
1594.0549999999998	0.0004844083057825121
1594.06	0.0004945602116380988
1594.065	0.0005191449038506247
1594.07	0.0005395943531609498
1594.075	0.0005491079033826472
1594.08	0.0005498113413122478
1594.0849999999998	0.0005424733075344747
1594.0900000000001	0.0005265177505517495
1594.095	0.0005043697355746862
1594.1	0.0004902346595063013
1594.105	0.0004939450676641224
1594.11	0.0005106962070797543
1594.115	0.0005261294070440652
1594.1200000000001	0.000531956487819428
1594.125	0.0005263260463854137
1594.1299999999999	0.0005210516212162823
1594.135	0.0005251375430796861
1594.1399999999999	0.0005318488404496873
1594.145	0.0005375558099580057
1594.15	0.000539097455021529
1594.155	0.0005377568598311632
1594.1599999999999	0.0005381246568251946
1594.165	0.0005381366473128535
1594.1699999999998	0.0005359139089445098
1594.175	0.0005269631581778286
1594.18	0.0005116420885849755
1594.185	0.0004913573671100697
1594.19	0.0004705770153388756
1594.195	0.0004569320713294468
1594.1999999999998	0.00045115176061336695
1594.2050000000002	0.0004537143667091846
1594.21	0.00046344696066013077
1594.215	0.0004754276003595034
1594.22	0.00048729505541977093
1594.225	0.0004995126043985749
1594.2299999999998	0.000507867161185063
1594.2350000000001	0.000500470867671524
1594.24	0.00047523048314302574
1594.245	0.0004523273739667433
1594.25	0.00045120895958661355
1594.2549999999999	0.00046659582692046384
1594.26	0.00047426336169197986
1594.265	0.0004539705558864803
1594.27	0.0004243339818702402
1594.2749999999999	0.0004184587021312908
1594.28	0.00043535898071794024
1594.2849999999999	0.00044498971204847
1594.29	0.0004098394768685499
1594.295	0.00034144746258599044
1594.3	0.0002855660695145199
1594.305	0.00026172288634094355
1594.31	0.0002652002189647072
1594.3149999999998	0.00028980038790730984
1594.3200000000002	0.0003281213750018985
1594.325	0.00037524659000024043
1594.33	0.0004211081087977858
1594.335	0.0004532278558536164
1594.34	0.00047169305239346725
1594.3449999999998	0.0004723267787194583
1594.3500000000001	0.0004630473031530727
1594.355	0.0004530359256791712
1594.36	0.0004469180477006626
1594.365	0.00044773763856257757
1594.37	0.00046120074479080096
1594.3749999999998	0.0004810372121380104
1594.38	0.000489305297043149
1594.385	0.00046470097251995716
1594.3899999999999	0.0004243084504934166
1594.395	0.0004046103516763928
1594.3999999999999	0.0004207949284307342
1594.4049999999997	0.00045958402328257343
1594.41	0.0004981054604861396
1594.415	0.0005189937763142669
1594.42	0.0005233854427925686
1594.425	0.0005228146608844821
1594.4299999999998	0.0005246286194330465
1594.435	0.0005276846591685615
1594.44	0.0005282675704292354
1594.445	0.0005226741598114096
1594.45	0.0005084108412440301
1594.455	0.000486259764395032
1594.4599999999998	0.0004597541269550134
1594.465	0.00043409678417486716
1594.47	0.00041557303459425744
1594.475	0.00040945882797769646
1594.48	0.000413701441526221
1594.485	0.00042671626283559704
1594.4899999999998	0.0004462764464164807
1594.4950000000001	0.00046829826900339646
1594.5	0.0004893818841871034
1594.5049999999999	0.0005050035654583489
1594.51	0.0005141214165314176
1594.5149999999999	0.000516103290704739
1594.5199999999998	0.0005104998332142039
1594.525	0.0004997376728868396
1594.53	0.0004856994194347654
1594.535	0.0004717685133148541
1594.54	0.00045865445809578403
1594.5449999999998	0.0004464566416718444
1594.55	0.0004361798233259977
1594.555	0.00042834757995068306
1594.56	0.00042228652177265434
1594.565	0.00041794641266169517
1594.57	0.00041557782416942865
1594.5749999999998	0.0004184028285038815
1594.58	0.0004243008809128947
1594.585	0.0004261140413325347
1594.59	0.0004137326488455902
1594.595	0.00038097104181578247
1594.6	0.00033679712101920904
1594.6049999999998	0.0003062831611513921
1594.61	0.0002977143085489965
1594.615	0.0003192767978714875
1594.62	0.00036744355527054993
1594.625	0.0004313376227678229
1594.6299999999999	0.0004921097296025844
1594.6349999999998	0.000525946907470823
1594.64	0.0005310263856947679
1594.645	0.0005284815763567909
1594.65	0.0005312154429452065
1594.655	0.0005375957169859337
1594.6599999999999	0.0005435839481546717
1594.665	0.0005452234450421842
1594.67	0.0005393270996741047
1594.675	0.0005241187204193586
1594.68	0.0005088792021137646
1594.685	0.00048621461657469793
1594.6899999999998	0.0004663098603453182
1594.695	0.0004496257702472098
1594.7	0.0004394058930792517
1594.705	0.0004367465830140856
1594.71	0.00044749106406201725
1594.715	0.00047112700685633533
1594.7199999999998	0.0005028154668571466
1594.725	0.0005310417235001282
1594.73	0.0005469085599357376
1594.7350000000001	0.0005522398188879341
1594.74	0.0005545797569701345
1594.745	0.0005554346605171971
1594.7499999999998	0.0005537436130400312
1594.7549999999999	0.0005493960934724046
1594.76	0.0005458003732241991
1594.765	0.0005454673606389443
1594.77	0.0005475858500162092
1594.7749999999999	0.0005476679174893569
1594.78	0.0005436478981097868
1594.785	0.0005362656288591324
1594.79	0.0005294154875148166
1594.795	0.0005264383504747379
1594.8	0.0005284696711733963
1594.8049999999998	0.0005341923761326434
1594.81	0.0005386212114651846
1594.815	0.0005403576068850196
1594.82	0.0005398949235917988
1594.825	0.0005380890916334474
1594.83	0.0005370716217207068
1594.8349999999998	0.0005359392015593183
1594.84	0.000534797522220165
1594.845	0.0005336019538442107
1594.8500000000001	0.0005321027779840878
1594.855	0.0005302081158880402
1594.86	0.0005271872407615119
1594.8649999999998	0.0005206816118786439
1594.87	0.0005090883705799325
1594.875	0.0004899329777247242
1594.88	0.0004640386374733828
1594.885	0.0004371905244723548
1594.8899999999999	0.00041078684285244176
1594.895	0.0004026275911431971
1594.8999999999999	0.0004173369342188716
1594.905	0.00045884580122633993
1594.91	0.0004963209108529555
1594.915	0.0005047557637300081
1594.9199999999998	0.0004838372533251161
1594.925	0.00045529447673452346
1594.9299999999998	0.0004215918629543873
1594.935	0.0003875919927444384
1594.94	0.00036054542210371075
1594.945	0.00035189122383963103
1594.9499999999998	0.00036659815217344517
1594.955	0.00039778126587697033
1594.96	0.0004295640714762225
1594.9650000000001	0.0004479362474293059
1594.97	0.000444742532203622
1594.975	0.00042415728485104026
1594.98	0.00039629563472131084
1594.985	0.00036549987458730474
1594.99	0.0003467009327210424
1594.9950000000001	0.0003432788997252493
1595	0.0003530038130454474
1595.0049999999999	0.0003749344168171071
1595.01	0.00040393635400672707
1595.0149999999999	0.0004336017151855083
1595.02	0.0004607155533704969
1595.025	0.000476272438835435
1595.03	0.0004755018748953415
1595.0349999999999	0.0004668101286777439
1595.04	0.00046085150346463123
1595.0449999999998	0.00046897764939319306
1595.05	0.0004923389947589935
1595.055	0.0005043535583350565
1595.06	0.0004964664856304923
1595.0649999999998	0.0004924089785912333
1595.07	0.0005055199358687567
1595.0749999999998	0.0005147644420483064
1595.0800000000002	0.0004978790571647534
1595.085	0.0004550676028393648
1595.09	0.00041340771605040145
1595.095	0.0003906010871582336
1595.1	0.00038702821660795096
1595.105	0.00040111175879520056
1595.1100000000001	0.0004288649636339027
1595.115	0.00046486159990019946
1595.12	0.0005001293890433627
1595.125	0.000524040553474602
1595.1299999999999	0.0005339982919091078
1595.135	0.0005322779689219885
1595.14	0.0005226172526796076
1595.145	0.0004944863255197444
1595.1499999999999	0.00045782079380845495
1595.155	0.0004170132816296308
1595.1599999999999	0.0003780432874963939
1595.165	0.00035308679697687416
1595.17	0.00034432912902981693
1595.175	0.0003465664043008351
1595.1799999999998	0.0003585615057263544
1595.185	0.00037990991643249423
1595.1899999999998	0.0004110206804460818
1595.1950000000002	0.0004371306264028644
1595.2	0.0004579833322447804
1595.205	0.00047207731923294493
1595.21	0.00047713686476295224
1595.215	0.0004772574353184758
1595.2199999999998	0.00047914741082756313
1595.2250000000001	0.00048753545357594345
1595.23	0.0005037047926462924
1595.235	0.0005188269780249822
1595.24	0.0005226747034539519
1595.245	0.0005127834119776219
1595.25	0.0004991379316680502
1595.255	0.0004934359708706655
1595.26	0.0004999405804789874
1595.2649999999999	0.0005142137560783629
1595.27	0.0005264304676854096
1595.2749999999999	0.0005234010044170187
1595.28	0.0005069421638261856
1595.285	0.0004798129686554584
1595.29	0.0004452484030400264
1595.2949999999998	0.000412634905834403
1595.3	0.00038949019528876583
1595.3049999999998	0.00038032031896928015
1595.3100000000002	0.00038780869222720504
1595.315	0.0004110059246536687
1595.32	0.00044512737313691234
1595.325	0.00048127008831029967
1595.33	0.0005086681024138302
1595.3349999999998	0.0005206616652058541
1595.3400000000001	0.0005205706413816222
1595.345	0.0005139446018883891
1595.35	0.0005053521755241577
1595.355	0.0004967601163292442
1595.36	0.0004930860461756607
1595.3649999999998	0.0004927441255063599
1595.3700000000001	0.0004962541418537578
1595.375	0.0005006071748570505
1595.3799999999999	0.0005013607083405355
1595.385	0.0004921536288352091
1595.3899999999999	0.000480046674345731
1595.3949999999998	0.0004794800197185909
1595.4	0.0004884215036081458
1595.405	0.0004754775802593075
1595.4099999999999	0.00042980336228919705
1595.415	0.0003881670489461478
1595.4199999999998	0.00038126632944825536
1595.425	0.00041277298214291897
1595.43	0.00045325237009580856
1595.435	0.00046616139446622844
1595.44	0.00042846326342346373
1595.445	0.0003740576527223599
1595.4499999999998	0.00035027211327714027
1595.4550000000002	0.0003669908504456988
1595.46	0.0004076939544101136
1595.465	0.00044325573743888414
1595.47	0.0004536606961283213
1595.475	0.00044155478211035313
1595.4799999999998	0.00042498062337481524
1595.4850000000001	0.0004318041319167051
1595.49	0.00045193184588977037
1595.495	0.0004746629185735761
1595.5	0.0004926143615173054
1595.5049999999999	0.0004978391707110099
1595.5099999999998	0.0004926569629747363
1595.515	0.00048612418659583736
1595.52	0.00048079767963457554
1595.5249999999999	0.0004792545459339966
1595.53	0.00048171994144772157
1595.5349999999999	0.0004840436113749763
1595.54	0.00048291756051942143
1595.545	0.00047563089818085846
1595.55	0.00046152406476485374
1595.555	0.00044646991070955395
1595.56	0.00043941336862760087
1595.5649999999998	0.0004470762099014691
1595.57	0.0004692407243696177
1595.575	0.0004947392570832015
1595.58	0.0004976354467222758
1595.585	0.00047382300807546635
1595.59	0.0004327076911380836
1595.5949999999998	0.00040742853859133385
1595.6	0.00040723749451814835
1595.605	0.00043353987492564293
1595.61	0.00047619192995369217
1595.615	0.0005089576152368162
1595.62	0.0005153304469283621
1595.6249999999998	0.0004980882842773451
1595.63	0.00047140633764741367
1595.635	0.00045192294956209015
1595.6399999999999	0.00044944313978045197
1595.645	0.00046173028675600955
1595.6499999999999	0.0004826283935445996
1595.655	0.0004976335115784424
1595.66	0.0005006073812893124
1595.665	0.0004968175522098182
1595.67	0.0004905386413686591
1595.675	0.0004851639916520262
1595.6799999999998	0.0004834486494382147
1595.685	0.00048480903379877904
1595.69	0.0004866439909879767
1595.695	0.00048601885693479006
1595.7	0.00048060244193764436
1595.705	0.0004696090501241646
1595.7099999999998	0.00044999571135825086
1595.715	0.000431333007803625
1595.72	0.00042387180700075694
1595.725	0.0004367238219157364
1595.73	0.0004694418962003513
1595.735	0.0004762509951366822
1595.7399999999998	0.0004247096523376611
1595.745	0.00035547263268057624
1595.75	0.0003216206055308872
1595.7549999999999	0.00032945372460191054
1595.76	0.0003753849104895207
1595.7649999999999	0.0004399404349513138
1595.77	0.0004938325309249105
1595.775	0.0005138879145876362
1595.78	0.000510843521332611
1595.785	0.0005013476699952988
1595.79	0.0004908935419358359
1595.7949999999998	0.00047741730794366075
1595.8	0.00045877224611752667
1595.805	0.00043402072085618266
1595.81	0.0004158998178335774
1595.815	0.00041023709494407797
1595.82	0.00041807680924895916
1595.8249999999998	0.0004378553506413815
1595.83	0.00046803561984909626
1595.835	0.00048657607541932645
1595.84	0.000485984867422741
1595.845	0.0004680846127714082
1595.85	0.0004383443039299541
1595.855	0.0004075327943473683
1595.86	0.0003878303718294952
1595.865	0.00037882802809498006
1595.87	0.00038193962776009616
1595.875	0.00039726134102147537
1595.8799999999999	0.0004234135733610069
1595.885	0.0004534913238162382
1595.8899999999999	0.00048272801540248216
1595.895	0.000500521150031555
1595.9	0.000505340801649695
1595.905	0.000504544034844114
1595.9099999999999	0.0005041797703317396
1595.915	0.000505026195426951
1595.92	0.0005041606451634925
1595.925	0.0005042355550815595
1595.93	0.0005088883902228289
1595.935	0.0005192253547849867
1595.9399999999998	0.0005290722687424371
1595.945	0.0005314706582112316
1595.95	0.0005302589673176368
1595.955	0.0005310142225320821
1595.96	0.0005275037439995353
1595.965	0.0005073566899048172
1595.97	0.00047067777115242715
1595.975	0.00043782994134995576
1595.98	0.00042706614528341137
1595.985	0.0004389772893296428
1595.99	0.0004644296461028403
1595.995	0.0004879556727937584
1596	0.0004994251932544503
1596.0049999999999	0.0004956950334103715
1596.01	0.00047985769555996405
1596.015	0.00045772738057136175
1596.02	0.0004403528377457268
1596.0249999999999	0.0004237810254124169
1596.03	0.0004190612551255582
1596.0349999999999	0.0004273466164919945
1596.04	0.00044627147059990506
1596.045	0.0004826167620948259
1596.05	0.0005085277336719272
1596.0549999999998	0.0004971017780141174
1596.06	0.00045842378008641437
1596.0649999999998	0.00043218855396355766
1596.07	0.0004417860839578891
1596.075	0.00046781594368928265
1596.08	0.0004921891764601082
1596.085	0.0005047636110271568
1596.09	0.0005071175648112795
1596.095	0.0005070297316759239
1596.1000000000001	0.0005053564252071025
1596.105	0.0005023342535104789
1596.11	0.0004996618040526634
1596.115	0.0004974698259963293
1596.12	0.0004939321973592931
1596.125	0.0004862127148956635
1596.13	0.0004732740311010826
1596.135	0.0004623764303784309
1596.1399999999999	0.0004607979973817985
1596.145	0.00046737634468528284
1596.1499999999999	0.0004796088375733792
1596.155	0.0004938924949719666
1596.16	0.0005022880681243382
1596.165	0.000505761655710469
1596.1699999999998	0.0005070350015795238
1596.175	0.0005072062329036142
1596.1799999999998	0.0005062854494433762
1596.185	0.0005015617614285474
1596.19	0.0004909769746083396
1596.195	0.0004743545721590333
1596.2	0.0004528607532319009
1596.205	0.00042891472208762116
1596.2099999999998	0.00040557358202058136
1596.2150000000001	0.00038667460326130543
1596.22	0.0003768752226035541
1596.225	0.00037764416064916504
1596.23	0.0003901921621238462
1596.235	0.0004152265051459834
1596.24	0.00044503481012811305
1596.2450000000001	0.00046733336009605183
1596.25	0.00047648584562562835
1596.2549999999999	0.0004647531819012445
1596.26	0.0004365689562071693
1596.2649999999999	0.000393942618574337
1596.27	0.00035994092756175977
1596.275	0.0003446400507242162
1596.28	0.0003601492689122998
1596.2849999999999	0.00040253986521042017
1596.29	0.00045587973683737813
1596.2949999999998	0.0004932238673186237
1596.3	0.0004961950854799482
1596.305	0.0004861214899966427
1596.31	0.00048686223521440163
1596.315	0.0005029065717781714
1596.32	0.000520617513044117
1596.3249999999998	0.000528445550265571
1596.3300000000002	0.0005252909932158596
1596.335	0.0005170626378397171
1596.34	0.0005125903215659473
1596.345	0.0005117411399726689
1596.35	0.0005128645141258841
1596.3549999999998	0.0005133294312482743
1596.3600000000001	0.0005105341316471509
1596.365	0.0005023537550373963
1596.37	0.00048616521040134895
1596.375	0.00046403822412291413
1596.3799999999999	0.0004416875647013499
1596.385	0.0004219084220370547
1596.39	0.0004148855713425331
1596.395	0.0004248243202919079
1596.3999999999999	0.000446005550337547
1596.405	0.00047264037397223103
1596.4099999999999	0.0004954399084891884
1596.415	0.0005092382339064738
1596.42	0.000517057502837204
1596.425	0.0005192913817581172
1596.43	0.0005152049883057751
1596.435	0.0005056475553924514
1596.4399999999998	0.000492372360445496
1596.4450000000002	0.00047951928657887806
1596.45	0.0004703090329646178
1596.455	0.00046526670115681684
1596.46	0.00046280502769369765
1596.465	0.0004607927106561271
1596.4699999999998	0.0004572435943927606
1596.4750000000001	0.0004465591987213648
1596.48	0.00042751156881937154
1596.485	0.00040064751656542695
1596.49	0.00036784266330017244
1596.495	0.00034415905746829165
1596.4999999999998	0.0003324215184515916
1596.505	0.0003314118005754262
1596.51	0.00034000828065500877
1596.5149999999999	0.00035679961811301605
1596.52	0.0003766290355092842
1596.5249999999999	0.0004008157066297471
1596.5299999999997	0.00042405770434803013
1596.535	0.00044332006026630115
1596.54	0.0004581385728554278
1596.545	0.00046833835642267995
1596.55	0.0004729675416092338
1596.5549999999998	0.0004657309531171773
1596.56	0.00044495481474392094
1596.565	0.00041282843222276345
1596.57	0.00037971918530940485
1596.575	0.0003573279292102311
1596.58	0.00035182552836597814
1596.5849999999998	0.00037037994657464126
1596.59	0.0004082022256137818
1596.595	0.00045039413807264485
1596.6	0.0004691053037629399
1596.605	0.0004547170217889662
1596.61	0.0004302442268998949
1596.6149999999998	0.00042025046598833933
1596.6200000000001	0.00043584623867680216
1596.625	0.00046746187656191817
1596.6299999999999	0.0004916780374906903
1596.635	0.0004897309930732974
1596.6399999999999	0.00047236958807877317
1596.6449999999998	0.0004596323679799752
1596.65	0.00046078280305018665
1596.655	0.0004727163416771785
1596.66	0.0004871656241406477
1596.665	0.0004988859835602794
1596.6699999999998	0.0005057437904281405
1596.675	0.0005071980821783972
1596.68	0.0005034327144740506
1596.685	0.0004968654019531863
1596.69	0.000487952463890566
1596.695	0.0004759913213127303
1596.6999999999998	0.0004634211357089029
1596.705	0.00044897700906743873
1596.71	0.0004351186242611242
1596.715	0.0004244926379285831
1596.72	0.0004228958510766215
1596.725	0.00043572254332093044
1596.7299999999998	0.0004623461865130917
1596.735	0.0004894743972651029
1596.74	0.0005000116070344522
1596.745	0.0004890046226505682
1596.75	0.00046811975538067063
1596.7549999999999	0.000451432932725543
1596.7599999999998	0.00044640735677431816
1596.765	0.00045209772931302
1596.77	0.00046689671823757386
1596.775	0.00048521056920477806
1596.78	0.0005017626038853693
1596.7849999999999	0.0005116416604469909
1596.79	0.0005134445489812421
1596.795	0.0005108246890173368
1596.8	0.0005077345034937248
1596.805	0.0005043147401021763
1596.81	0.0004974679359679747
1596.8149999999998	0.00048607746727174806
1596.82	0.0004722639194241735
1596.825	0.0004589818267061089
1596.83	0.0004526526339994929
1596.835	0.0004542629868067498
1596.84	0.0004630539105670886
1596.8449999999998	0.0004778385907722856
1596.85	0.0004956723597547673
1596.855	0.0005099527993507313
1596.86	0.0005205465230018056
1596.865	0.0005273139810853263
1596.87	0.0005290711125169902
1596.8749999999998	0.000527320123728801
1596.8799999999999	0.0005250371846471522
1596.885	0.0005220405686797938
1596.89	0.0005173643752137641
1596.895	0.0005095222979761554
1596.8999999999999	0.0004977935588340637
1596.905	0.0004851206247544392
1596.91	0.0004747321029509983
1596.915	0.0004737771916271057
1596.92	0.0004834651217819086
1596.925	0.0004972085291868795
1596.9299999999998	0.0005063096942321544
1596.935	0.0005046207822889454
1596.94	0.0004974573768872851
1596.945	0.0004932217806638348
1596.95	0.0004932134349177253
1596.955	0.0004920432711612829
1596.9599999999998	0.0004858346173261663
1596.965	0.00048014407152361017
1596.97	0.0004813262356486618
1596.9750000000001	0.0004918310740877266
1596.98	0.0005036251838481027
1596.985	0.0005092481208065143
1596.9899999999998	0.0005077559264123136
1596.995	0.0005028503593362898
1597	0.0004992914433217737
1597.005	0.0004991923521111313
1597.01	0.0005015755884479316
1597.0149999999999	0.0005028299635405687
1597.02	0.000500500018944815
1597.0249999999999	0.000493444846672398
1597.03	0.00048353829500558256
1597.035	0.0004725450440894305
1597.04	0.0004633491016466984
1597.0449999999998	0.00045753829710805366
1597.05	0.0004608921870626133
1597.0549999999998	0.00047552345429795363
1597.06	0.0004938436542882271
1597.065	0.0004915650359913563
1597.07	0.00045889819549770907
1597.0749999999998	0.0004300390625842962
1597.08	0.00042780474682972615
1597.085	0.00045585909434695394
1597.0900000000001	0.0004884886712392931
1597.095	0.0005009926363048037
1597.1	0.0004894311680214507
1597.1049999999998	0.0004732563629785482
1597.11	0.0004691869001499403
1597.115	0.00047962627466789263
1597.1200000000001	0.0004977489604127636
1597.125	0.0005090347091889604
1597.1299999999999	0.0005091878131429769
1597.135	0.0005050000973171881
1597.1399999999999	0.000500240212350548
1597.145	0.0004960280054419785
1597.15	0.0004915526202396
1597.155	0.00048464023313269815
1597.1599999999999	0.0004776039471346286
1597.165	0.00047246161289939397
1597.1699999999998	0.00047040226017251973
1597.175	0.00047297512697827776
1597.18	0.00047900698707748363
1597.185	0.00048521308380950764
1597.1899999999998	0.0004905161726508748
1597.195	0.0004942148217505917
1597.1999999999998	0.0004933348124428205
1597.2050000000002	0.00048790674348067863
1597.21	0.0004786551155377749
1597.215	0.0004658920882576782
1597.22	0.00045186135973919944
1597.225	0.00043962393186174244
1597.23	0.0004328801913903931
1597.2350000000001	0.00043657394716214754
1597.24	0.0004510480760556125
1597.245	0.00047298870755527433
1597.25	0.0004890691879056195
1597.2549999999999	0.0004889244092785289
1597.26	0.0004769887180125841
1597.265	0.00046751690175741284
1597.27	0.0004726891389075751
1597.2749999999999	0.0004904775522432182
1597.28	0.0005059429611723708
1597.2849999999999	0.0005110119970824525
1597.29	0.0005044970434177235
1597.295	0.0004939898494185296
1597.3	0.000486870420343495
1597.3049999999998	0.0004823883311929688
1597.31	0.0004796575898838545
1597.3149999999998	0.00047833354609544583
1597.3200000000002	0.00048001120321354335
1597.325	0.00048384246513263646
1597.33	0.000487722664378142
1597.335	0.0004888290524871708
1597.34	0.0004860851467684649
1597.3449999999998	0.0004800506052072815
1597.3500000000001	0.00047255931035215034
1597.355	0.0004656029765969385
1597.36	0.00046142163966949516
1597.365	0.0004600388931950453
1597.37	0.0004617765961556382
1597.375	0.00046318014823526076
1597.38	0.0004584066855812064
1597.385	0.0004393403316881586
1597.3899999999999	0.00041021892564649745
1597.395	0.00039151045622453094
1597.3999999999999	0.0003977537175654779
1597.405	0.00041404241782153414
1597.41	0.0003932661874960993
1597.415	0.000347975249125406
1597.4199999999998	0.0003090349775002808
1597.425	0.00031193222175689855
1597.4299999999998	0.0003494709640155556
1597.4350000000002	0.0004051425292766098
1597.44	0.0004521260096692385
1597.445	0.00046437013483494684
1597.45	0.0004537640255092174
1597.455	0.0004455797923902814
1597.4599999999998	0.00045296894311640224
1597.4650000000001	0.0004712818901747117
1597.47	0.0004862967159000325
1597.475	0.0004959515295781975
1597.48	0.000501773907072843
1597.485	0.0005055164261915918
1597.4899999999998	0.0005081389675829357
1597.4950000000001	0.00050463391273666
1597.5	0.0004934360231884016
1597.5049999999999	0.0004771471710165949
1597.51	0.00045775376320548864
1597.5149999999999	0.0004365106982551773
1597.52	0.00041919322384934314
1597.525	0.00040674062182489843
1597.53	0.00040026508522688015
1597.5349999999999	0.00040060910350340193
1597.54	0.0004072167703744113
1597.5449999999998	0.0004212325262334588
1597.55	0.0004422270413582106
1597.555	0.000467898410991402
1597.56	0.0004901272780387512
1597.565	0.0005061276650775551
1597.57	0.0005022094649546014
1597.5749999999998	0.00048497885099596944
1597.5800000000002	0.0004656193148326771
1597.585	0.0004532261298784749
1597.59	0.0004506788404282281
1597.595	0.0004557073486902328
1597.6	0.00046502669153745605
1597.6049999999998	0.0004798005267466667
1597.6100000000001	0.0004965633884925453
1597.615	0.0005059299034017948
1597.62	0.0004992872412197608
1597.625	0.00047902841499866276
1597.6299999999999	0.0004659946724860132
1597.6349999999998	0.00047025288642117485
1597.64	0.0004877705187729494
1597.645	0.0005016580968107065
1597.6499999999999	0.0004957009229038613
1597.655	0.000473613246403626
1597.6599999999999	0.00045216853858529076
1597.665	0.00044121223803867706
1597.67	0.0004409584299942803
1597.675	0.00044865227381027845
1597.68	0.0004597040096210932
1597.685	0.0004697406626435591
1597.6899999999998	0.00047545899373449525
1597.695	0.00047427251085323534
1597.7	0.0004661902910829943
1597.705	0.00045251380952285195
1597.71	0.00044003436746888595
1597.715	0.0004299562626114554
1597.7199999999998	0.00043001981000337185
1597.725	0.00044514354820536246
1597.73	0.00047251872589159965
1597.735	0.0004971521416624356
1597.74	0.0005063177497427616
1597.745	0.0004957241348995489
1597.7499999999998	0.0004854726636227695
1597.755	0.00048094600624126033
1597.76	0.00048205239443410296
1597.7649999999999	0.0004849332207560255
1597.77	0.0004863500360682427
1597.7749999999999	0.00048683622844293827
1597.78	0.0004883688178309287
1597.785	0.000491363995766364
1597.79	0.0004942674723809017
1597.795	0.0004956460075962913
1597.8	0.0004950191241262527
1597.8049999999998	0.0004931865665309211
1597.81	0.0004910768250900601
1597.815	0.000488109830969539
1597.82	0.00048253516117141316
1597.825	0.0004744209133995704
1597.83	0.0004638234124034769
1597.8349999999998	0.0004503905394563956
1597.84	0.0004398029548697371
1597.845	0.00043169009015108184
1597.85	0.00042674739548209103
1597.855	0.0004277878357016356
1597.86	0.0004345655420615059
1597.8649999999998	0.0004445441132450889
1597.87	0.0004556385670540465
1597.875	0.00046551992728386695
1597.8799999999999	0.00047151221513013473
1597.885	0.0004710478166014417
1597.8899999999999	0.0004627558014862637
1597.895	0.00045080413031881397
1597.9	0.00043860464386134634
1597.905	0.000429604729854316
1597.91	0.000427151273191239
1597.915	0.0004290859720924783
1597.9199999999998	0.00043214260531538733
1597.925	0.0004340826996237914
1597.93	0.0004357454453761691
1597.935	0.0004397233535423174
1597.94	0.00044675654858340963
1597.945	0.00045453732936174553
1597.9499999999998	0.0004589166583330104
1597.955	0.0004597175587437465
1597.96	0.0004604397329982802
1597.965	0.0004632920602333603
1597.97	0.00046622136130036366
1597.975	0.00046670879264730557
1597.9799999999998	0.0004654369552563177
1597.985	0.0004653189472124139
1597.99	0.0004671213085326204
1597.995	0.00046871083228221136
1598	0.0004675819271151411
1598.0049999999999	0.0004626085097183615
1598.01	0.00045491334059224417
1598.0149999999999	0.0004454543689587901
1598.02	0.00043527567915587064
1598.025	0.0004281132340603065
1598.03	0.0004218690580205863
1598.0349999999999	0.00041988304496787645
1598.04	0.0004211188022805665
1598.045	0.0004269966111900842
1598.05	0.0004357637310026869
1598.055	0.00044396681359728434
1598.06	0.00044332631074164315
1598.0649999999998	0.00042598970448700946
1598.07	0.00040175538314744753
1598.075	0.0003883982621047484
1598.08	0.0003926620236361217
1598.085	0.0004082924492746613
1598.09	0.0004203970493511025
1598.095	0.0004138583328815343
1598.1	0.00039009265976235817
1598.105	0.00036870589873144163
1598.11	0.00035920751962626086
1598.115	0.00036625952751850595
1598.12	0.0003867396602968788
1598.125	0.00040992704498093497
1598.1299999999999	0.0004264454759259969
1598.135	0.00043108297531145085
1598.14	0.0004294822823031279
1598.145	0.00042846922802251017
1598.1499999999999	0.00043252500806055077
1598.155	0.00044367575067968766
1598.1599999999999	0.00046055554986926587
1598.165	0.0004789489074554227
1598.17	0.0004934503340241184
1598.175	0.0005028830978269711
1598.1799999999998	0.0005069915596007139
1598.185	0.0005049589518317602
1598.1899999999998	0.0005005472193043666
1598.195	0.0004937394613374034
1598.2	0.00048451210663889074
1598.205	0.0004761079926493831
1598.21	0.0004666220333500939
1598.215	0.00045762122560514867
1598.22	0.0004460074733574478
1598.225	0.0004326161348599028
1598.23	0.0004195231877683046
1598.235	0.00040852447996962433
1598.24	0.00040360172504239755
1598.245	0.0004108255009525478
1598.25	0.0004307610289896295
1598.255	0.0004583400064790278
1598.26	0.0004784499660788592
1598.2649999999999	0.0004759309462755924
1598.27	0.00044720510876825173
1598.2749999999999	0.0004070567048432005
1598.28	0.0003802677802347827
1598.285	0.00037470405861999526
1598.29	0.0003896442357423472
1598.2949999999998	0.00041435690264214766
1598.3	0.0004329923595982567
1598.3049999999998	0.0004358427841210078
1598.31	0.00042935341387428445
1598.315	0.00042529916923451206
1598.32	0.0004290829715957064
1598.325	0.00044051110692453345
1598.33	0.00045614904242829226
1598.3349999999998	0.00047060270713948497
1598.3400000000001	0.00048211322254235916
1598.345	0.0004891336140286992
1598.35	0.0004933654486250428
1598.355	0.0004955212781637837
1598.36	0.0004959610832116813
1598.365	0.0004953525698243191
1598.3700000000001	0.0004942906784021698
1598.375	0.0004929133535848545
1598.3799999999999	0.000491603756985276
1598.385	0.000490614900083577
1598.3899999999999	0.0004906419346591988
1598.395	0.0004913089247809172
1598.4	0.0004885603533533063
1598.405	0.0004768285153468708
1598.4099999999999	0.0004630629089788156
1598.415	0.0004574176162166431
1598.4199999999998	0.00046534563365815355
1598.425	0.0004751177087547634
1598.43	0.00047144975936241836
1598.435	0.0004537037562386269
1598.44	0.0004381406325571829
1598.445	0.00043339058258024085
1598.4499999999998	0.0004314766260823696
1598.4550000000002	0.0004168333350776689
1598.46	0.00038691435462123453
1598.465	0.00035936110375525123
1598.47	0.00035048660548873636
1598.475	0.000370665867687922
1598.4799999999998	0.000403331545333029
1598.4850000000001	0.00043279450597676045
1598.49	0.00045135960471035294
1598.495	0.00045866936927826957
1598.5	0.00045839985856893216
1598.5049999999999	0.00045302816940597776
1598.51	0.0004407367701440481
1598.515	0.00042282102474324384
1598.52	0.0004014157930172468
1598.5249999999999	0.0003815614285302762
1598.53	0.0003676851566313387
1598.5349999999999	0.0003628933400616463
1598.54	0.00037082322474722576
1598.545	0.0003903475185184847
1598.55	0.00041671129247424697
1598.555	0.0004443429240104676
1598.56	0.0004584194784845371
1598.5649999999998	0.00044628805610467915
1598.5700000000002	0.0004208500173629177
1598.575	0.00040149124365449054
1598.58	0.00040024175400624846
1598.585	0.00042011638032154726
1598.59	0.0004539366723446055
1598.5949999999998	0.00047674896808797587
1598.6000000000001	0.0004842986511345679
1598.605	0.0004804432066157153
1598.61	0.00047791801641468957
1598.615	0.00047833221166500273
1598.62	0.0004750060119400128
1598.6249999999998	0.0004630433449038117
1598.63	0.0004499577363509163
1598.635	0.0004472966129023938
1598.6399999999999	0.0004554984260571906
1598.645	0.0004640856543666048
1598.6499999999999	0.0004603320539786031
1598.6549999999997	0.0004439740552496612
1598.66	0.00041915627397824857
1598.665	0.00039838320160759405
1598.67	0.0003844914133776423
1598.675	0.00037876012270115106
1598.6799999999998	0.00038112846597286836
1598.685	0.00038919810093523694
1598.69	0.0004008495466699015
1598.695	0.00041806684804960784
1598.7	0.0004326968881201795
1598.705	0.00044378265708593654
1598.7099999999998	0.0004493430177952495
1598.7150000000001	0.0004477303215612774
1598.72	0.00044069834410979676
1598.725	0.00043578960741794365
1598.73	0.0004414476362516295
1598.735	0.00045519301359388156
1598.7399999999998	0.0004646430149128015
1598.7450000000001	0.0004554131813734421
1598.75	0.0004380208698069547
1598.7549999999999	0.0004270695507849066
1598.76	0.000431763073638306
1598.7649999999999	0.0004489960685232869
1598.7699999999998	0.00046720579790415334
1598.775	0.00047532007938689164
1598.78	0.0004726608013909835
1598.785	0.00046748594732436827
1598.79	0.00046587489368884723
1598.7949999999998	0.00046983595456130185
1598.8	0.000476350254718033
1598.805	0.0004782609713664827
1598.81	0.0004692559557607402
1598.815	0.00045328238838231774
1598.82	0.00043432642068639746
1598.8249999999998	0.0004162385483184855
1598.83	0.0004018691966244815
1598.835	0.00039290315141087445
1598.84	0.00039311153729242347
1598.845	0.0004005220785505735
1598.85	0.00041351626805477743
1598.8549999999998	0.00042938995410905876
1598.86	0.0004447348263644789
1598.865	0.0004567107130526513
1598.87	0.000460439607346574
1598.875	0.0004571117314229977
1598.8799999999999	0.0004487850994928976
1598.8849999999998	0.0004371670717895208
1598.89	0.0004268012703580659
1598.895	0.0004207584989176577
1598.9	0.0004213651876895912
1598.905	0.00042977265054912285
1598.9099999999999	0.00044163474970335045
1598.915	0.0004540883908291484
1598.92	0.00046246741055595375
1598.925	0.00046755488727848925
1598.93	0.0004711675010460135
1598.935	0.0004733382537022257
1598.9399999999998	0.00046915291849352003
1598.945	0.0004532116459900228
1598.95	0.00042382231004812657
1598.955	0.0003900404628221871
1598.96	0.0003619292145961771
1598.965	0.0003469573640358353
1598.9699999999998	0.0003493068809249928
1598.975	0.00036613618479065005
1598.98	0.000393076085035402
1598.985	0.0004231064895581131
1598.99	0.0004432458718875082
1598.995	0.0004545130748206434
1598.9999999999998	0.0004581907167906051
1599.0049999999999	0.0004591935321416437
1599.01	0.0004615504402997432
1599.015	0.00046685402969510174
1599.02	0.0004737937649965128
1599.0249999999999	0.0004795928567600716
1599.03	0.00048232160090537826
1599.035	0.0004781970412620385
1599.04	0.0004666127934158605
1599.045	0.0004518242917715749
1599.05	0.00043819346911397593
1599.0549999999998	0.0004356651476465878
1599.06	0.00045123278917529237
1599.065	0.0004647770559459332
1599.07	0.000461037939119271
1599.075	0.000449946160841763
1599.08	0.0004482359682054204
1599.0849999999998	0.0004459434606111834
1599.09	0.000427635020776388
1599.095	0.0004038878906067905
1599.1	0.000395146015875438
1599.105	0.0004040592167303221
1599.11	0.0004004645847904445
1599.1149999999998	0.0003591299065119614
1599.12	0.00030283737738508296
1599.125	0.0002673972139251446
1599.13	0.00026716970134505234
1599.135	0.00029511262413381927
1599.1399999999999	0.00033055839769183563
1599.145	0.00035964475379197594
1599.1499999999999	0.00038299110136775995
1599.155	0.0004032044259818144
1599.16	0.0004212692689681275
1599.165	0.0004235873925085369
1599.1699999999998	0.00041000953274541183
1599.175	0.00038653259779051005
1599.18	0.0003603041366746869
1599.185	0.0003444685151495444
1599.19	0.00034211500276937055
1599.195	0.000351821711574204
1599.1999999999998	0.0003688945066024268
1599.205	0.0003879041011770872
1599.21	0.000403532246820444
1599.2150000000001	0.0004075460424583731
1599.22	0.00039659973894847037
1599.225	0.0003767172958673765
1599.2299999999998	0.0003551422881144771
1599.235	0.0003371618480690897
1599.24	0.0003284031592011674
1599.2450000000001	0.00033194001165365907
1599.25	0.0003469528972440355
1599.2549999999999	0.0003708615257397834
1599.26	0.0003975293535237551
1599.2649999999999	0.0004191138538797475
1599.27	0.0004303137515754563
1599.275	0.0004345960221812626
1599.28	0.0004404120221055277
1599.2849999999999	0.00044809658085041127
1599.29	0.00045371059777962763
1599.2949999999998	0.0004540789092276045
1599.3	0.0004516790038411315
1599.305	0.0004504846982271288
1599.31	0.0004504502846334272
1599.3149999999998	0.00044955960644851124
1599.32	0.0004464765271454475
1599.3249999999998	0.00044255770818837843
1599.3300000000002	0.0004407702734642394
1599.335	0.000442242875449087
1599.34	0.00044502627870429684
1599.3449999999998	0.00044721638207493696
1599.35	0.0004477917590021463
1599.355	0.00044667113257790205
1599.3600000000001	0.00044418432013311823
1599.365	0.0004407472247706957
1599.37	0.0004379060876577915
1599.375	0.0004330318636036677
1599.3799999999999	0.00042641265240474295
1599.385	0.00041335743330104787
1599.39	0.0003912581562918222
1599.395	0.0003581527384632714
1599.3999999999999	0.00033274127095654074
1599.405	0.0003288104345629035
1599.4099999999999	0.0003539711712703184
1599.415	0.00040307404503413507
1599.42	0.0004404061679280641
1599.425	0.00044763244674407413
1599.4299999999998	0.0004411492047678816
1599.435	0.0002900857339463507
1599.4399999999998	0.0003299578236211668
1599.4450000000002	0.0003440903648910127
1599.45	0.00032850930888153786
1599.455	0.0003002636917630454
1599.46	0.00029351982846913407
1599.465	0.0002905049589248947
1599.4699999999998	0.00028749008938065603
1599.4750000000001	0.00028447521983641656
1599.48	0.0002822923604733923
1599.485	0.00028343754640441443
1599.49	0.0002845827323354367
1599.495	0.0002857279182664588
1599.5	0.0002868731041974812
1599.505	0.0002880182901285035
1599.51	0.00029208625012461714
1599.5149999999999	0.00029634077089439245
1599.52	0.0003005952916641685
1599.5249999999999	0.00030484981243394417
1599.53	0.0003091043332037203
1599.535	0.000315535590277136
1599.54	0.00032299119488121296
1599.5449999999998	0.00033044679948528985
1599.55	0.00033790240408936636
1599.5549999999998	0.0003453580086934435
1599.5600000000002	0.0003568220478599008
1599.565	0.00037382154927573187
1599.57	0.00038791882794163946
1599.575	0.0003975771664535835
1599.58	0.0003992178840359312
1599.5849999999998	0.0004052620916777206
1599.5900000000001	0.0004121593068050563
1599.595	0.0004190707680464054
1599.6	0.00042275009768213354
1599.605	0.0004253082281547745
1599.61	0.00042655016797443166
1599.6149999999998	0.000424556582064156
1599.6200000000001	0.00042204708797713566
1599.625	0.0004191548948255693
1599.6299999999999	0.00041661489216774674
1599.635	0.000415229754315236
1599.6399999999999	0.000414957867001298
1599.645	0.00041529772595667256
1599.65	0.00041854279596323325
1599.655	0.00042526190700488355
1599.6599999999999	0.00043248451028074703
1599.665	0.00043732391047755044
1599.6699999999998	0.0004380772183382317
1599.675	0.00043112557989010477
1599.68	0.0004162411623686966
1599.685	0.00040002116941578015
1599.69	0.00038685931209335515
1599.695	0.0003839143018360444
1599.6999999999998	0.0003892745130364695
1599.7050000000002	0.0003983064863820089
1599.71	0.00040484437774044284
1599.715	0.0004030469295549981
1599.72	0.00039344327309874847
1599.725	0.00038784769601844804
1599.7299999999998	0.0003941735030361415
1599.7350000000001	0.0004128759508634035
1599.74	0.0004355109142503213
1599.745	0.00044461817864911094
1599.75	0.0004348685012780657
1599.7549999999999	0.000417755857056059
1599.7599999999998	0.00040486417343802664
1599.765	0.0004013131005821536
1599.77	0.00040565060732028084
1599.7749999999999	0.00041486666069780447
1599.78	0.0004254146991524634
1599.7849999999999	0.0004353481704657571
1599.79	0.0004412383915962019
1599.795	0.0004436989185010025
1599.8	0.00044295510815645794
1599.805	0.00044250821861232034
1599.81	0.00044226371979639716
1599.8149999999998	0.00044248153848211734
1599.82	0.00044108695682544135
1599.825	0.0004335311462273765
1599.83	0.00042031159091953404
1599.835	0.0004117408452750843
1599.84	0.0004131538575150446
1599.8449999999998	0.0004255512417900985
1599.85	0.0004356390564475773
1599.855	0.0004333337913240371
1599.86	0.0004236761204494406
1599.865	0.0004146416066931455
1599.87	0.00041179403222783997
1599.8749999999998	0.0004166573568617209
1599.88	0.00042655482839259925
1599.885	0.00043461487641413126
1599.8899999999999	0.000438019641402146
1599.895	0.00043025137358475545
1599.8999999999999	0.00041439161114157784
1599.905	0.00039804179079878027
1599.91	0.00038851670740946834
1599.915	0.00038855197927784724
1599.92	0.00039658638153335996
1599.925	0.0004084659830492668
1599.9299999999998	0.0004097950391589027
1599.935	0.0004012380494554613
1599.94	0.00038628744110336534
1599.945	0.00036819344734331983
1599.95	0.000353279485011584
1599.955	0.00034686462760834654
1599.9599999999998	0.0003492233894996608
1599.965	0.0003590183753073021
1599.97	0.00037358742945787306
1599.975	0.0003961250883774801
1599.98	0.0004168006792465477
1599.985	0.00043201445800778555
1599.9899999999998	0.00044007584573648606
1599.995	0.0004422424480044162
1600	0.0004396930539501321
1600.0049999999999	0.00043347038922643443
1600.01	0.00042450765439324296
1600.0149999999999	0.0004132573887551108
1600.02	0.0004040179368142332
1600.025	0.00040450930925583204
1600.03	0.00041536406890717786
1600.035	0.0004296669444034581
1600.04	0.00043141242238531606
1600.0449999999998	0.00041029042205140273
1600.05	0.0003830304881857328
1600.055	0.00036927572408327957
1600.06	0.00037432175161610957
1600.065	0.00038845327682537277
1600.07	0.0003931538853706338
1600.0749999999998	0.00038043312455738443
1600.08	0.00036161136670955564
1600.085	0.0003542552867899835
1600.09	0.0003635675880395178
1600.095	0.00038656376824762077
1600.1	0.0004083423177556082
1600.1049999999998	0.0004211392244061747
1600.11	0.0004212286248702269
1600.115	0.0004124085442142428
1600.12	0.0004004480840343281
1600.125	0.00038990215971189163
1600.1299999999999	0.0003822603971251058
1600.135	0.00037601346115527127
1600.1399999999999	0.00037327647399085044
1600.145	0.00037560311126711576
1600.15	0.0003824055979291546
1600.155	0.00039882532500677996
1600.1599999999999	0.0004162113110337034
1600.165	0.00041613092578948643
1600.17	0.0004022971809100842
1600.175	0.0003983427178858479
1600.18	0.0004145887238601973
1600.185	0.00042978840431898244
1600.1899999999998	0.0004232607873191601
1600.195	0.00040387675698157975
1600.2	0.00039028709030659213
1600.205	0.00038151064852234336
1600.21	0.00037042388777611216
1600.215	0.0003569337576244112
1600.2199999999998	0.0003518588823112766
1600.225	0.0003646320137234079
1600.23	0.0003956495192369655
1600.235	0.00043053917053070996
1600.24	0.0004435662916855507
1600.245	0.00042829512931387366
1600.25	0.00040990204276001197
1600.2549999999999	0.0003976681906689088
1600.26	0.0003950544931195113
1600.265	0.00040077013812996157
1600.27	0.000413310160128088
1600.2749999999999	0.00042515079714931754
1600.28	0.0004357419890414436
1600.2849999999999	0.0004433130715057333
1600.29	0.0004445239316777342
1600.295	0.00043697055078723403
1600.3	0.00042460187070424187
1600.3049999999998	0.00041042096790219567
1600.31	0.00039648434068568074
1600.3149999999998	0.000385846148551064
1600.32	0.0003839895919967399
1600.325	0.00039157043049523987
1600.33	0.000407488108945507
1600.335	0.0004312619041838411
1600.34	0.0004501663815609482
1600.345	0.0004584545880691612
1600.35	0.0004547830214454838
1600.355	0.00044824749334366554
1600.36	0.00044618584722320173
1600.365	0.0004498683691493534
1600.37	0.00045378882928237053
1600.375	0.00045321980820298233
1600.38	0.0004471899660439139
1600.385	0.00044144056046353054
1600.3899999999999	0.00043987471268809667
1600.395	0.0004425132472818496
1600.3999999999999	0.00044203565427401964
1600.405	0.00043021475480729755
1600.41	0.0004071553984692708
1600.415	0.00037943492291602285
1600.4199999999998	0.00035824272684433503
1600.425	0.0003479228900809193
1600.4299999999998	0.0003463834937651852
1600.435	0.0003527547709584194
1600.44	0.00036551050667703685
1600.445	0.0003779915077339663
1600.45	0.0003933603051177168
1600.455	0.00040388770637345497
1600.4599999999998	0.00041308728195991177
1600.465	0.000418457829315272
1600.47	0.0004218238218117256
1600.475	0.0004227951073358208
1600.48	0.0004218689073292666
1600.485	0.0004211065701589973
1600.49	0.00042223693851306375
1600.4950000000001	0.00042559830794306353
1600.5	0.0004320927099338779
1600.5049999999999	0.0004387269643021795
1600.51	0.00043978263010585595
1600.5149999999999	0.000430944107216146
1600.52	0.0004169528181265918
1600.525	0.0004062345144006075
1600.53	0.00040562140859080317
1600.5349999999999	0.0004133808296470689
1600.54	0.0004249713012122205
1600.5449999999998	0.0004369033195674028
1600.55	0.0004428043276316754
1600.555	0.0004416433136576407
1600.56	0.0004312191818942526
1600.565	0.0004140844020707367
1600.57	0.0003974163572127928
1600.5749999999998	0.0003890626883282354
1600.5800000000002	0.00038899560166941947
1600.585	0.0003921484583530954
1600.59	0.00039286853086466895
1600.595	0.00038082458048036087
1600.6	0.000360812345800169
1600.6049999999998	0.0003403575896946372
1600.6100000000001	0.00032327816238544263
1600.615	0.00031288350546247224
1600.62	0.0003124287071601439
1600.625	0.0003167963365509991
1600.6299999999999	0.00032627701216263633
1600.635	0.0003409648949179007
1600.64	0.0003563517747887708
1600.645	0.0003763405897079427
1600.6499999999999	0.0003944940118093682
1600.655	0.0004141161723187406
1600.6599999999999	0.00043166727317846493
1600.665	0.0004398294236420514
1600.67	0.00043451274521844063
1600.675	0.0004150192026644017
1600.68	0.00039137149206247557
1600.685	0.0003721612963480749
1600.6899999999998	0.00036720877229367096
1600.6950000000002	0.0003762453576549738
1600.7	0.0003994514435035042
1600.705	0.0004226040412981243
1600.71	0.0004415488575223241
1600.715	0.000448972980954302
1600.7199999999998	0.0004487081704611021
1600.7250000000001	0.00044475481725298545
1600.73	0.00044104627178206913
1600.735	0.00044037411172543586
1600.74	0.00044251393171478617
1600.745	0.000442230587699778
1600.7499999999998	0.0004374456489355979
1600.755	0.0004294375702689397
1600.76	0.0004220296269755122
1600.7649999999999	0.00041927970278986997
1600.77	0.0004211172306627746
1600.7749999999999	0.00042525318465444847
1600.78	0.00043026708404269063
1600.785	0.00043232690387743505
1600.79	0.0004317734988172605
1600.795	0.000428016030607313
1600.8	0.0004219029867384858
1600.8049999999998	0.00041478694654900107
1600.81	0.00040693911826204164
1600.815	0.00039806829067054185
1600.82	0.0003891973733794706
1600.825	0.00037958769747163494
1600.83	0.0003695501897599388
1600.8349999999998	0.00037082139217068245
1600.8400000000001	0.0003883211126949147
1600.845	0.0004126538349673237
1600.85	0.00041559558372641166
1600.855	0.0004013229847264746
1600.86	0.00039118814430369665
1600.8649999999998	0.0003936726794070974
1600.8700000000001	0.00040549957754060483
1600.875	0.00041503904884953924
1600.8799999999999	0.0004169764975507269
1600.885	0.000415763643148226
1600.8899999999999	0.000418107467226918
1600.8949999999998	0.0004259230085661837
1600.9	0.0004362027881880314
1600.905	0.00044345682091655224
1600.91	0.0004468964677907679
1600.915	0.0004474457820282202
1600.9199999999998	0.0004451338545867201
1600.925	0.00044020104326178314
1600.93	0.00043235008350797166
1600.935	0.00042452382618403183
1600.94	0.00041815226284319396
1600.945	0.000413961196068973
1600.9499999999998	0.00041271416523934706
1600.955	0.0004142222893538229
1600.96	0.00041862778260971415
1600.965	0.00042394823566551743
1600.97	0.00042938959815886176
1600.975	0.00043485047060691344
1600.9799999999998	0.00043664264703748685
1600.985	0.00043428188708435976
1600.99	0.00042852234759066087
1600.995	0.0004215723511339125
1601	0.0004151968443804413
1601.0049999999999	0.00041164797276354323
1601.0099999999998	0.0004108587441824811
1601.015	0.0004084533438435533
1601.02	0.0004015866492799438
1601.025	0.00038834085685254187
1601.03	0.00036933246300863696
1601.0349999999999	0.0003519464898003968
1601.04	0.00034311341086007733
1601.045	0.00034499139406668245
1601.05	0.00035712181211089314
1601.055	0.0003718282658301377
1601.06	0.0003855824316256699
1601.0649999999998	0.00039567383262541125
1601.07	0.00040437405736877546
1601.075	0.00040469377097660035
1601.08	0.0003914404696801191
1601.085	0.00037222956422627797
1601.09	0.00035684416055653116
1601.0949999999998	0.00035025423889116703
1601.1	0.00035527885604292144
1601.105	0.00037022328750083416
1601.11	0.00038907748149492237
1601.115	0.0004087393268446941
1601.12	0.0004266791954548485
1601.1249999999998	0.0004391603744978939
1601.1299999999999	0.0004489310368224601
1601.135	0.0004542833380761512
1601.14	0.0004565161934070393
1601.145	0.00045698385536986174
1601.1499999999999	0.0004587049397724268
1601.155	0.00046155673774083344
1601.16	0.0004632607742287913
1601.165	0.0004580523893394163
1601.17	0.0004441073501617166
1601.175	0.00042627517902028064
1601.1799999999998	0.00041645131987461847
1601.185	0.0004142779761437402
1601.19	0.00041989255992382594
1601.195	0.0004278803201226476
1601.2	0.00043477375769980834
1601.205	0.0004383765752121566
1601.2099999999998	0.00043860391061394956
1601.215	0.00043446971035443575
1601.22	0.000424983932477198
1601.225	0.0004093122784400315
1601.23	0.0003915814936324794
1601.235	0.0003789649464384827
1601.2399999999998	0.00038103074586647517
1601.245	0.00039333695626977456
1601.25	0.00040552537498232503
1601.255	0.00040985264020212844
1601.26	0.0004013178298380081
1601.2649999999999	0.0003837645820944173
1601.27	0.0003720701055265652
1601.2749999999999	0.0003686933707556396
1601.28	0.00037429064048212897
1601.285	0.00038775147549432255
1601.29	0.00040368088676472785
1601.2949999999998	0.00041819545721701555
1601.3	0.00042770407081193184
1601.305	0.00043072231442008255
1601.31	0.0004305946271385245
1601.315	0.0004281384551436563
1601.32	0.00042760494510435214
1601.3249999999998	0.0004295898537401697
1601.33	0.00043382895957916486
1601.335	0.00043883905049182145
1601.34	0.0004405071645731204
1601.345	0.00043880571787039096
1601.35	0.00043562638066478143
1601.3549999999998	0.00043420644047651705
1601.36	0.00043736976512170444
1601.365	0.00044309182389093345
1601.3700000000001	0.0004479302601846008
1601.375	0.0004505880169416248
1601.3799999999999	0.0004504444839878256
1601.385	0.0004457512930530145
1601.3899999999999	0.00043339559128558586
1601.395	0.00041358948266695335
1601.4	0.00039321129538696416
1601.405	0.0003810373630708364
1601.4099999999999	0.00038009214955606155
1601.415	0.0003902679780735181
1601.4199999999998	0.0004041712352914764
1601.425	0.0004145805647286395
1601.43	0.00041900232204602843
1601.435	0.0004155009880964933
1601.4399999999998	0.00040824520584965
1601.445	0.000400451749345076
1601.4499999999998	0.0003936471347573892
1601.4550000000002	0.0003884445812922446
1601.46	0.0003855184707757069
1601.465	0.00038439957223961274
1601.4699999999998	0.0003852438088326249
1601.475	0.00038833090643616483
1601.48	0.00039250187766470677
1601.4850000000001	0.00039762557977446273
1601.49	0.0004037866377580118
1601.495	0.0004097050774766475
1601.5	0.0004168548037887323
1601.5049999999999	0.0004235711389051457
1601.51	0.000428956729174759
1601.515	0.0004306935878171595
1601.52	0.0004312976392096735
1601.5249999999999	0.00043137945084486173
1601.53	0.00043005049306478926
1601.5349999999999	0.0004270288953779009
1601.54	0.00042424994060153744
1601.545	0.0004194123886026287
1601.55	0.00040339151616346203
1601.5549999999998	0.0003697038473996718
1601.56	0.000324261082231051
1601.5649999999998	0.00027962834125395063
1601.5700000000002	0.0002512162394780844
1601.575	0.00024963626528218323
1601.58	0.00026831559734022897
1601.5849999999998	0.00030132755037128354
1601.59	0.0003409762381729607
1601.5949999999998	0.00037836070347244127
1601.6000000000001	0.00040458630822975896
1601.605	0.0004109587936718408
1601.61	0.0004065011828230643
1601.615	0.00039196514703404773
1601.62	0.0003685540592837688
1601.625	0.000340133743478907
1601.63	0.00030975443392497405
1601.635	0.00028585724155761
1601.6399999999999	0.00027147227267817776
1601.645	0.0002666068743624697
1601.6499999999999	0.00027213936996100765
1601.655	0.000294320321470206
1601.66	0.0003277583165722
1601.665	0.00035996302299520013
1601.6699999999998	0.0003759834110729176
1601.675	0.00037043063623536495
1601.6799999999998	0.0003584471127945398
1601.6850000000002	0.0003566324900931912
1601.69	0.0003746302778638531
1601.695	0.0003913858624633449
1601.7	0.00039140878791372975
1601.705	0.00036929131499733193
1601.7099999999998	0.0003469221054601722
1601.7150000000001	0.0003440497355024491
1601.72	0.0003618376218228908
1601.725	0.00038634502655512064
1601.73	0.0004008434003330337
1601.735	0.0004010956794860201
1601.7399999999998	0.00039615111811614016
1601.7450000000001	0.0003931902095660238
1601.75	0.0003931879028814835
1601.7549999999999	0.00039416647481584077
1601.76	0.00039384652872167543
1601.7649999999999	0.000394570762488866
1601.77	0.0003951020652117191
1601.775	0.0003976414319475603
1601.78	0.00040214920616704836
1601.7849999999999	0.00040783832269458817
1601.79	0.0004135896989633728
1601.7949999999998	0.0004175490620863124
1601.8	0.0004168671141514535
1601.805	0.0004120724760893417
1601.81	0.0003997152791637475
1601.815	0.00038339382562004856
1601.82	0.000370324640277528
1601.8249999999998	0.0003637546723375379
1601.8300000000002	0.0003732018347739728
1601.835	0.0003945327495590939
1601.84	0.0004131552025192975
1601.845	0.0004254004921196341
1601.85	0.0004218913927021097
1601.8549999999998	0.00040432433851973396
1601.8600000000001	0.00037738250744596096
1601.865	0.00034717727866364815
1601.87	0.00032277833266224017
1601.875	0.0003112668819000291
1601.8799999999999	0.00031204127843167755
1601.8849999999998	0.00032615919259366955
1601.89	0.00035205922361446196
1601.895	0.0003820617449302761
1601.8999999999999	0.00040644657479430284
1601.905	0.00041430567153832
1601.9099999999999	0.000399503389264156
1601.915	0.0003818899965190771
1601.92	0.0003675521535487731
1601.925	0.000359370724076387
1601.93	0.0003599123639998631
1601.935	0.00036699213701700875
1601.9399999999998	0.00037458370420589916
1601.945	0.0003802393886770692
1601.95	0.00038373299484635207
1601.955	0.00038310740479959943
1601.96	0.0003797514349055821
1601.965	0.00037418972609472144
1601.9699999999998	0.00036671495845094456
1601.9750000000001	0.0003587346438856454
1601.98	0.0003521954610559886
1601.985	0.00034926979473920086
1601.99	0.0003513000470161005
1601.995	0.0003588585742188031
1601.9999999999998	0.00037171410085763186
1602.005	0.00038310903177720095
1602.01	0.0003874151382422589
1602.0149999999999	0.00038308170990201387
1602.02	0.0003779090265950813
1602.0249999999999	0.0003815789152630235
1602.03	0.0003980286133765375
1602.035	0.0004185234321598647
1602.04	0.000423317196293348
1602.045	0.0004015903306401703
1602.05	0.0003660194607441758
1602.0549999999998	0.00033622825884111135
1602.06	0.00032612933686597824
1602.065	0.0003354191958361966
1602.07	0.0003547096916747581
1602.075	0.00037029252795717883
1602.08	0.0003763661848367317
1602.0849999999998	0.00037726873053472456
1602.09	0.0003799781186259361
1602.095	0.00038543296210787954
1602.1	0.0003936607166308299
1602.105	0.0004034382813782214
1602.11	0.00041072336619629783
1602.1149999999998	0.0004138514043168493
1602.12	0.00041367584660518424
1602.125	0.0004109302334812029
1602.1299999999999	0.000406731961256263
1602.135	0.000403148527828214
1602.1399999999999	0.0004026084207661359
1602.145	0.0004032291923234291
1602.15	0.00040342317841322503
1602.155	0.0003919239490572517
1602.16	0.0003566144785777474
1602.165	0.0003113118385663646
1602.1699999999998	0.0002801314100737996
1602.175	0.0002825683826626957
1602.18	0.0003036962506056113
1602.185	0.00032620583529050954
1602.19	0.0003212087160052606
1602.195	0.0002879862057459852
1602.1999999999998	0.0002625072923750945
1602.205	0.000263918639886081
1602.21	0.00029435734992349006
1602.215	0.00033816985781010673
1602.22	0.00035967874080194897
1602.225	0.00034586997862863056
1602.2299999999998	0.00031373930765363835
1602.235	0.00029199710763723555
1602.24	0.0002950268730572413
1602.245	0.0003227898853500604
1602.25	0.0003527082150206939
1602.2549999999999	0.00036720957070148457
1602.26	0.0003638455092190574
1602.2649999999999	0.0003478769475398846
1602.27	0.00033648200210823967
1602.275	0.0003357223390813494
1602.28	0.00034243585760473683
1602.2849999999999	0.0003548564462413028
1602.29	0.000371109447451594
1602.295	0.00038474247089371295
1602.3	0.0003928701796765219
1602.305	0.00039686464204561554
1602.31	0.00039759296850470834
1602.3149999999998	0.0003957591403822285
1602.32	0.0003929011043197746
1602.325	0.00039013616392274584
1602.33	0.00038734621051847077
1602.335	0.00038671802033860475
1602.34	0.00038962008287970844
1602.3449999999998	0.00039138865312902683
1602.35	0.0003806032655374034
1602.355	0.00035271044162571864
1602.36	0.00031293999723614884
1602.365	0.00028956342930719483
1602.37	0.0002843932105347859
1602.375	0.0002909933777917261
1602.3799999999999	0.0002936964270103715
1602.385	0.00028175351631142014
1602.39	0.00026145102980625783
1602.395	0.000250154322744762
1602.3999999999999	0.0002631573811209131
1602.405	0.00029928691964030543
1602.4099999999999	0.0003448919076630104
1602.415	0.0003806340483638139
1602.42	0.00037225541937330257
1602.425	0.00034942322293151224
1602.4299999999998	0.00033316340378111546
1602.435	0.00032816029094008195
1602.44	0.0003345402989838564
1602.445	0.0003487389312634978
1602.45	0.00037155060874759937
1602.455	0.00038814440709522216
1602.4599999999998	0.00039971771593266163
1602.465	0.0004023175413142314
1602.47	0.00039779254496060025
1602.475	0.00039010500664564824
1602.48	0.00038662908302288066
1602.485	0.0003881579659536482
1602.49	0.0003825175730533025
1602.495	0.0003510654143628937
1602.5	0.00031972660141827103
1602.505	0.0003087333402183117
1602.51	0.0003229835172371152
1602.5149999999999	0.0003370267793383486
1602.52	0.00034300278950002516
1602.5249999999999	0.00034873191902114404
1602.53	0.0003617958839624687
1602.535	0.0003740150877959393
1602.54	0.0003716097119783007
1602.5449999999998	0.00034988111695518574
1602.55	0.00031588141451157167
1602.5549999999998	0.00028431013552413707
1602.56	0.0002687891840081789
1602.565	0.000270776071270816
1602.57	0.00028230653665407227
1602.5749999999998	0.00030224441634119385
1602.58	0.00032594054440498305
1602.5849999999998	0.0003474350296509686
1602.59	0.00036364575127766525
1602.595	0.00037357870294602735
1602.6	0.0003800319052826079
1602.605	0.0003846021783785835
1602.61	0.0003878000072246376
1602.615	0.00039164916507505247
1602.6200000000001	0.0003948917049460923
1602.625	0.00039740782260188994
1602.6299999999999	0.0003991992860267987
1602.635	0.00039838681291257615
1602.6399999999999	0.0003968925516296703
1602.645	0.0003945543026745527
1602.65	0.0003919327159099237
1602.655	0.0003884665052253878
1602.6599999999999	0.0003843252828364719
1602.665	0.00037840197540058886
1602.6699999999998	0.00037183358767272734
1602.675	0.00036796555335481487
1602.68	0.0003666464095529079
1602.685	0.00036789628169929203
1602.69	0.0003672647297635376
1602.695	0.00036253011967347557
1602.6999999999998	0.0003532813865903684
1602.705	0.0003424499653385417
1602.71	0.00033358349510354825
1602.715	0.0003304723033430061
1602.72	0.0003343022620140689
1602.725	0.0003462253225333784
1602.7299999999998	0.00035794665655411017
1602.7350000000001	0.0003668688578925424
1602.74	0.00036884006088222043
1602.745	0.0003664091352523432
1602.75	0.00036227079728610675
1602.7549999999999	0.00035744461090973063
1602.76	0.00035216028674074277
1602.765	0.00034789648690509387
1602.77	0.0003459667211569612
1602.7749999999999	0.0003466866219676478
1602.78	0.0003495810750280347
1602.7849999999999	0.0003535198160164823
1602.79	0.00035916890656977535
1602.795	0.0003642164785132625
1602.8	0.00036941794320284095
1602.805	0.00037459124190138685
1602.81	0.0003792930153786117
1602.8149999999998	0.00038091398657183066
1602.82	0.0003749485155293095
1602.825	0.00036297877856640337
1602.83	0.00035547050851932337
1602.835	0.00036463898279686605
1602.84	0.00038319678896203116
1602.8449999999998	0.00040205003394556884
1602.8500000000001	0.0004104415368247904
1602.855	0.00041119452438606336
1602.86	0.0004102393835429458
1602.865	0.000410993531382664
1602.87	0.0004126908263685883
1602.8749999999998	0.0004131592479371737
1602.88	0.00041210652628902075
1602.885	0.0004109353981872781
1602.8899999999999	0.0004095418591134946
1602.895	0.0004026924673941143
1602.8999999999999	0.00038797540005477906
1602.905	0.00036472275245840146
1602.91	0.0003360538423690802
1602.915	0.00031096374886361623
1602.92	0.0002941148910584839
1602.925	0.0002855790651089042
1602.9299999999998	0.00028685394128216305
1602.935	0.00029487665815445163
1602.94	0.0003085256142611123
1602.945	0.0003265026551405073
1602.95	0.0003432531442760362
1602.955	0.00036172474350490316
1602.9599999999998	0.0003763628035981118
1602.9650000000001	0.00038585565648864925
1602.97	0.00039109425642047744
1602.975	0.00039028348263086627
1602.98	0.0003845272293556893
1602.985	0.0003764106701332556
1602.9899999999998	0.0003696506613082289
1602.9950000000001	0.0003658228458135998
1603	0.0003667893276161477
1603.0049999999999	0.0003748070549473039
1603.01	0.00038339092578724347
1603.0149999999999	0.00038779605102242385
1603.0199999999998	0.00038478800738055933
1603.025	0.0003757320972842504
1603.03	0.0003679307738243923
1603.035	0.00036997387182965947
1603.04	0.00038050441499950556
1603.0449999999998	0.0003775853709852576
1603.05	0.00035108520112970545
1603.055	0.0003092940533368569
1603.06	0.0002760035258436202
1603.065	0.0002681394973688506
1603.07	0.0002823403719992597
1603.0749999999998	0.00031006139864924733
1603.08	0.00033658824636228113
1603.085	0.0003480536348809491
1603.09	0.00034594650208380983
1603.095	0.0003395117179294479
1603.1	0.0003413735762253536
1603.1049999999998	0.00034781363146691515
1603.11	0.0003583654444607398
1603.115	0.0003695767898759782
1603.12	0.0003751721108744565
1603.125	0.00037565001396291047
1603.1299999999999	0.0003684061726812133
1603.1349999999998	0.00035413299684863077
1603.14	0.00033806150768849055
1603.145	0.000328188261104451
1603.15	0.00032699067250574286
1603.155	0.0003393376988513757
1603.1599999999999	0.00035035885589693313
1603.165	0.00034229238104363085
1603.17	0.0003199720667083026
1603.175	0.00030895837373969394
1603.18	0.00031896830139609784
1603.185	0.00033332877304394996
1603.1899999999998	0.0003283011978645181
1603.195	0.00030474895831531364
1603.2	0.0002885183621966817
1603.205	0.0002886384585512317
1603.21	0.0003082341214938247
1603.215	0.0003443536677646331
1603.2199999999998	0.0003677639866433976
1603.225	0.00037280762283987756
1603.23	0.00036387333224831986
1603.235	0.0003486314662715275
1603.24	0.00033631052342700387
1603.245	0.0003282251382658984
1603.2499999999998	0.0003193042750283685
1603.2549999999999	0.0003097527311835318
1603.26	0.000300478919957128
1603.265	0.0002949240957136148
1603.27	0.0002933090025854115
1603.2749999999999	0.00029320229278890375
1603.28	0.00029384549923507493
1603.285	0.0002942590125395984
1603.29	0.00029402709855017213
1603.295	0.0002944220779861712
1603.3	0.0002964823334801096
1603.3049999999998	0.00030149657476507847
1603.31	0.00031186749179774924
1603.315	0.00032480294454098396
1603.32	0.0003471448672444157
1603.325	0.00036729687512008217
1603.33	0.0003822013562472089
1603.3349999999998	0.00038770571910936143
1603.34	0.00038613780712841314
1603.345	0.0003809982458242529
1603.35	0.0003696287311925161
1603.355	0.0003504811086289182
1603.36	0.00032577993909696653
1603.3649999999998	0.00030910525291126214
1603.37	0.00030761002458638706
1603.375	0.0003188916890698678
1603.38	0.00033412775693601835
1603.385	0.0003413847955552554
1603.3899999999999	0.00034389625560511406
1603.395	0.0003507938107615379
1603.3999999999999	0.0003664343673334705
1603.405	0.00037940616075663694
1603.41	0.00038577634809281775
1603.415	0.00038613713748768735
1603.4199999999998	0.00038375059433631354
1603.425	0.00038280139961619197
1603.43	0.0003862842136226393
1603.435	0.00038963189405299937
1603.44	0.0003935713251522641
1603.445	0.00039393050413081697
1603.4499999999998	0.0003913468197736942
1603.455	0.0003855042960501786
1603.46	0.00037729754788826933
1603.465	0.0003677147986267781
1603.47	0.00035743975279159277
1603.475	0.00034816388097327124
1603.4799999999998	0.0003459262798318803
1603.485	0.0003553752434957567
1603.49	0.0003762725574454813
1603.4950000000001	0.00039214029150386913
1603.5	0.00039070404425169206
1603.5049999999999	0.0003814965298923818
1603.51	0.00037872688333837886
1603.5149999999999	0.0003770333898112272
1603.52	0.0003624274506619478
1603.525	0.00033104705738385467
1603.53	0.00029823201247820104
1603.5349999999999	0.0002812206722523996
1603.54	0.0002800613897514056
1603.5449999999998	0.0002892635258739891
1603.55	0.00030322919083822664
1603.555	0.0003186777898856656
1603.56	0.00033435046134820115
1603.5649999999998	0.00034700740638583805
1603.57	0.00035349983437905707
1603.5749999999998	0.00035117133442768466
1603.58	0.0003390717303410851
1603.585	0.0003277251166680054
1603.59	0.00031915748090179097
1603.5949999999998	0.0003141542072503551
1603.6	0.00031222220510521826
1603.605	0.000310944502337429
1603.6100000000001	0.0003099837060142251
1603.615	0.00030918628358046123
1603.62	0.000310453494765525
1603.625	0.00031338200402111007
1603.6299999999999	0.0003173989076846373
1603.635	0.0003220386439598338
1603.64	0.00033048838551416945
1603.645	0.0003367981091770071
1603.6499999999999	0.0003438928951978946
1603.655	0.0003490322740857089
1603.6599999999999	0.000354096815378173
1603.665	0.000356589422808121
1603.67	0.00035785293507633394
1603.675	0.0003590640841407274
1603.6799999999998	0.00036179261628979366
1603.685	0.00036835825882863463
1603.6899999999998	0.0003729127155514808
1603.695	0.0003640121712721651
1603.7	0.0003353585956496646
1603.705	0.0002993121474602914
1603.7099999999998	0.0002742669631870865
1603.715	0.0002659763575006557
1603.7199999999998	0.0002774470467818231
1603.7250000000001	0.00030186311348029773
1603.73	0.0003280243987049948
1603.735	0.00035347568157491447
1603.74	0.0003706586929022356
1603.745	0.000379715319279718
1603.75	0.0003811277392390826
1603.755	0.0003777233901749135
1603.76	0.00037109192049947963
1603.7649999999999	0.0003628395746282615
1603.77	0.00035446631124306366
1603.7749999999999	0.00034626605171513307
1603.78	0.0003392885782161495
1603.785	0.00033440825110950717
1603.79	0.0003314111478631465
1603.7949999999998	0.0003301987226954101
1603.8	0.0003332311307788986
1603.8049999999998	0.00033991117414565133
1603.8100000000002	0.0003514875687514159
1603.815	0.0003691648116369611
1603.82	0.00038164605380740533
1603.8249999999998	0.00037677985133595957
1603.83	0.00036248238799823723
1603.8349999999998	0.0003499227909932044
1603.8400000000001	0.0003440509706715924
1603.845	0.00033712709463713434
1603.85	0.00032609135122365864
1603.855	0.00031694543271724085
1603.86	0.0003169328125342111
1603.8649999999998	0.00032862412653273635
1603.8700000000001	0.00034917720111052596
1603.875	0.0003712924029452575
1603.8799999999999	0.0003829108024909153
1603.885	0.00038742808985795717
1603.8899999999999	0.0003880475265742281
1603.895	0.0003876108657133371
1603.9	0.00038763075299071516
1603.905	0.000388299065795184
1603.9099999999999	0.00038870406378588323
1603.915	0.00038718696720125125
1603.9199999999998	0.00038477605754417415
1603.925	0.00038191510167051893
1603.93	0.00037803791505703954
1603.935	0.0003735735969205216
1603.9399999999998	0.00036875187471630547
1603.945	0.0003636747776950442
1603.9499999999998	0.00035915358323322666
1603.9550000000002	0.0003545128091610617
1603.96	0.000350498517510517
1603.965	0.00034780096785558745
1603.97	0.00034672403366474056
1603.975	0.0003468134066774343
1603.9799999999998	0.0003506597649065562
1603.9850000000001	0.0003556880680657275
1603.99	0.000364159419562682
1603.995	0.00037134741701316576
1604	0.00037780786829022924
1604.0049999999999	0.0003801473937757871
1604.0099999999998	0.0003786117876982038
1604.015	0.0003784261583118275
1604.02	0.0003792791769377659
1604.0249999999999	0.00037883229131264795
1604.03	0.00037329109401423996
1604.0349999999999	0.00036068582872658466
1604.04	0.0003450251555272857
1604.045	0.0003313486874908302
1604.05	0.0003212187326820941
1604.055	0.00031295792670862785
1604.06	0.0003070845351672838
1604.0649999999998	0.00030542424494247656
1604.07	0.0003094604107806529
1604.075	0.0003204767039351706
1604.08	0.0003382379166989228
1604.085	0.00035692765625691594
1604.09	0.00037410083545564047
1604.0949999999998	0.00038272388624766604
1604.1000000000001	0.0003833334310865109
1604.105	0.000377881120771834
1604.11	0.00036872120899187363
1604.115	0.0003586697250944213
1604.12	0.0003507941859064622
1604.1249999999998	0.0003466857645905774
1604.13	0.00034700615383359345
1604.135	0.00035325805057661924
1604.1399999999999	0.0003650672062678438
1604.145	0.00037718338452813265
1604.1499999999999	0.00038210644575078226
1604.155	0.00037301117226005157
1604.16	0.0003624147905175054
1604.165	0.0003635054290637527
1604.17	0.0003727068011080309
1604.175	0.00037973247727517986
1604.1799999999998	0.0003760492225695872
1604.185	0.00036816038664545103
1604.19	0.00036218504184954645
1604.195	0.00036142350276364505
1604.2	0.0003620124513310797
1604.205	0.0003609619562296871
1604.2099999999998	0.0003594147129971559
1604.215	0.0003589475901746954
1604.22	0.00036106708323419505
1604.225	0.0003638390708098682
1604.23	0.0003653188368044382
1604.235	0.00036559720778606874
1604.2399999999998	0.00036259841573508666
1604.245	0.0003585834395803809
1604.25	0.00035461505047193476
1604.2549999999999	0.0003513477337790606
1604.26	0.0003509797201229101
1604.2649999999999	0.0003506261226315638
1604.27	0.0003492407241115571
1604.275	0.00034583924650586717
1604.28	0.00033823595865869056
1604.285	0.0003287574451048847
1604.29	0.0003189958704421472
1604.2949999999998	0.0003106855974446996
1604.3	0.0003073890490762436
1604.305	0.00031089409043076697
1604.31	0.0003223621883757598
1604.315	0.0003385420959269972
1604.32	0.00035689352587270985
1604.3249999999998	0.0003674660536498894
1604.33	0.00036310718755967216
1604.335	0.00035297829555327434
1604.34	0.00034469397078567643
1604.345	0.00034513319966681077
1604.35	0.0003505402114846185
1604.3549999999998	0.00035918978459479207
1604.36	0.00036499168105558216
1604.365	0.00036802347538237245
1604.37	0.0003623248988105471
1604.375	0.000342952138715302
1604.3799999999999	0.0003139582792248521
1604.385	0.00028100098207881313
1604.3899999999999	0.0002628476543871387
1604.395	0.00025859245560375593
1604.4	0.0002687015092214371
1604.405	0.00029434305607881864
1604.4099999999999	0.00032333096547434726
1604.415	0.0003497462161664977
1604.42	0.00036781520755056513
1604.425	0.000375554695272806
1604.43	0.00037621928297395873
1604.435	0.0003734172232660764
1604.4399999999998	0.00037097267508762015
1604.445	0.0003707078571784535
1604.45	0.00037347344848192405
1604.455	0.00037745910133926556
1604.46	0.0003823193090113572
1604.465	0.00038429525369314493
1604.4699999999998	0.0003807816384881225
1604.475	0.000369826713011339
1604.48	0.0003528797415719297
1604.485	0.0003376836902343949
1604.49	0.000327020871439703
1604.495	0.00032612283143996774
1604.5	0.0003348993209092064
1604.5049999999999	0.0003453959569845339
1604.51	0.00034840227611882023
1604.515	0.0003396030108486281
1604.52	0.00033081124823620365
1604.5249999999999	0.00033204896460086423
1604.53	0.0003474405233623651
1604.5349999999999	0.0003676925547847887
1604.54	0.000380495098971231
1604.545	0.0003838140543445364
1604.55	0.00038062053403427044
1604.5549999999998	0.0003772252476401418
1604.56	0.00037953400600387427
1604.565	0.00038455328888368254
1604.57	0.0003872610919817955
1604.575	0.000386536504290317
1604.58	0.0003824585345819651
1604.5849999999998	0.0003772522750823251
1604.59	0.00037356139994461764
1604.595	0.00037050784575362085
1604.6	0.0003677540933563287
1604.605	0.00036497813913971224
1604.61	0.0003626266311697425
1604.615	0.0003619999286213758
1604.62	0.00036304291932369643
1604.625	0.0003657379552763341
1604.63	0.0003711977169439087
1604.635	0.0003757446837597043
1604.6399999999999	0.00038007323218208403
1604.645	0.00038159721639351526
1604.6499999999999	0.00038072897976573837
1604.655	0.0003795631765361323
1604.66	0.0003787651879351651
1604.665	0.0003783257807691182
1604.6699999999998	0.0003742076375457167
1604.675	0.00036383880334519837
1604.6799999999998	0.00034863872626951265
1604.685	0.00033296115321522225
1604.69	0.00032255126632988666
1604.695	0.0003201688622762621
1604.6999999999998	0.0003256042023265999
1604.705	0.0003392358094479919
1604.7099999999998	0.0003539251776974191
1604.715	0.00036731981943153387
1604.72	0.00037201036713024736
1604.725	0.00036966585382644236
1604.73	0.000365376002529051
1604.735	0.0003649031304318669
1604.74	0.0003675811698398992
1604.7450000000001	0.00036951635339069617
1604.75	0.0003666496885648722
1604.7549999999999	0.0003583441232943981
1604.76	0.00034641924083396767
1604.7649999999999	0.0003339841253510057
1604.77	0.0003222120610149877
1604.775	0.00031520248904919426
1604.78	0.00031318724734701704
1604.7849999999999	0.00031476124497993807
1604.79	0.000321253506014326
1604.7949999999998	0.0003339217124828812
1604.8	0.00034767114884102894
1604.805	0.00035676325725231435
1604.81	0.0003542044858457555
1604.8149999999998	0.0003416522984886327
1604.82	0.00033325428653797
1604.8249999999998	0.0003350692288382946
1604.83	0.00034332208107964865
1604.835	0.00034933370641150076
1604.84	0.00034838692664657843
1604.845	0.0003444316353902432
1604.85	0.0003416979657288054
1604.8549999999998	0.0003393508269872163
1604.8600000000001	0.0003346501792637484
1604.865	0.00032272563550769806
1604.87	0.0003029644849513683
1604.875	0.00028899406054101295
1604.8799999999999	0.00029032131616951165
1604.885	0.00030484260665804253
1604.89	0.00032602367099680065
1604.895	0.000341538379947237
1604.8999999999999	0.00033696786247897856
1604.905	0.0003142321485610355
1604.9099999999999	0.000295524669840094
1604.915	0.0002860355105880938
1604.92	0.00028871393746393315
1604.925	0.0003039205368420451
1604.93	0.00032379729551873526
1604.935	0.00033760601879937374
1604.9399999999998	0.0003396446565800546
1604.945	0.0003252892604194115
1604.95	0.0003031040309700905
1604.955	0.00028003521400323347
1604.96	0.00026150123778981055
1604.965	0.000252296030167869
1604.9699999999998	0.00025343468447912797
1604.9750000000001	0.0002646321965844429
1604.98	0.00028647947813428213
1604.985	0.0003087184466769376
1604.99	0.000313851201711443
1604.995	0.00029509762068721617
1604.9999999999998	0.0002646744996870144
1605.005	0.00024167378407544804
1605.01	0.00024059466291598673
1605.0149999999999	0.0002589208215571961
1605.02	0.00028990542070437864
1605.0249999999999	0.00031258369361054965
1605.03	0.0003090772738390945
1605.035	0.0002895608986734882
1605.04	0.0002781054730798399
1605.045	0.0002872044428233173
1605.05	0.00030658869596295415
1605.0549999999998	0.0003149471891874002
1605.06	0.00030112192949422
1605.065	0.00027487781694988245
1605.07	0.0002548942172304781
1605.075	0.00024559285627190504
1605.08	0.00024554892674031166
1605.0849999999998	0.0002522933385241883
1605.0900000000001	0.0002645782133453425
1605.095	0.00027500888350779945
1605.1	0.0002841993160151444
1605.105	0.00028961103513128883
1605.11	0.00029128972217196694
1605.1149999999998	0.0002896547936666816
1605.1200000000001	0.0002836323050844224
1605.125	0.00027493221036471065
1605.1299999999999	0.00026517728806615905
1605.135	0.00025295747871855346
1605.1399999999999	0.0002437826291682455
1605.1449999999998	0.0002393970796501438
1605.15	0.000246292403953555
1605.155	0.00026349285087303527
1605.16	0.0002898565655571144
1605.165	0.0003175959514156062
1605.1699999999998	0.0003405560679848244
1605.175	0.00035388481504093844
1605.18	0.00035876354485066996
1605.185	0.00035941040179099783
1605.19	0.0003582681603345853
1605.195	0.00035483008915071333
1605.1999999999998	0.0003509729636945587
1605.205	0.0003459174582997684
1605.21	0.0003377879259210273
1605.215	0.0003246392457996811
1605.22	0.00030892103000744535
1605.225	0.0002944639785787928
1605.2299999999998	0.00028520559536348536
1605.2350000000001	0.00028387758322084703
1605.24	0.00028806390978965553
1605.245	0.0002975394205806738
1605.25	0.00031222009885895487
1605.2549999999999	0.0003249557208402258
1605.2599999999998	0.00033524839829543224
1605.265	0.0003410925364251069
1605.27	0.00033722851073483807
1605.275	0.00032305110606346
1605.28	0.00030557113205732767
1605.2849999999999	0.0002882798300144577
1605.29	0.00027380593887703136
1605.295	0.00026407755414606377
1605.3	0.0002612545860673572
1605.305	0.0002684966294162969
1605.31	0.00028277828485481505
1605.3149999999998	0.00030239394124239205
1605.32	0.0003187220475984724
1605.325	0.00032350364426932647
1605.33	0.00031783130542104807
1605.335	0.00030983407048122035
1605.34	0.00030956289653661647
1605.3449999999998	0.00032203401378481434
1605.35	0.00034056795417600704
1605.355	0.00035695837284690493
1605.36	0.0003633619865459176
1605.365	0.0003619353680744858
1605.37	0.0003585088006617949
1605.3749999999998	0.0003560234856444147
1605.3799999999999	0.0003514164629209292
1605.385	0.0003430978547389937
1605.39	0.00033380481019587447
1605.395	0.0003273630639507546
1605.3999999999999	0.00032656863717127766
1605.405	0.00032892079289646286
1605.41	0.00032807079569647764
1605.415	0.0003220155254045226
1605.42	0.00031091838221141544
1605.425	0.00029658310089632564
1605.4299999999998	0.0002815102771625293
1605.435	0.0002688651305453638
1605.44	0.0002604994186619983
1605.445	0.00025647907767311945
1605.45	0.00025804835005049096
1605.455	0.00026585259977522614
1605.4599999999998	0.00028001373551557625
1605.465	0.00029430349521569114
1605.47	0.00030235241005147664
1605.475	0.00029715259252609635
1605.48	0.00029267179832743594
1605.485	0.0002981502893838378
1605.4899999999998	0.0003159085344570103
1605.495	0.0003326977498085086
1605.5	0.00034027285952967706
1605.505	0.000337369056820046
1605.51	0.0003297522726826946
1605.5149999999999	0.0003261614351215386
1605.52	0.00032774523953723624
1605.5249999999999	0.00033209829505073885
1605.53	0.00033517970868172996
1605.535	0.0003312012523110231
1605.54	0.0003206351770764301
1605.5449999999998	0.00030921917633829315
1605.55	0.00030309343671164395
1605.555	0.00030365273506199257
1605.56	0.00031002416758835026
1605.565	0.0003182122306888526
1605.57	0.0003211090590282096
1605.5749999999998	0.0003221645802121963
1605.58	0.00032271747962792405
1605.585	0.0003242248191334828
1605.59	0.0003292344263187031
1605.595	0.00033415559076239646
1605.6	0.00033695333354833654
1605.6049999999998	0.000332742659828086
1605.61	0.0003232889919269695
1605.615	0.00030891799088120404
1605.6200000000001	0.0002896605756181448
1605.625	0.0002709227156497406
1605.6299999999999	0.00025997205884242526
1605.635	0.0002557133975381223
1605.6399999999999	0.00025855923021503015
1605.645	0.0002730253329535605
1605.65	0.0002938483856540086
1605.655	0.00031293905036384095
1605.6599999999999	0.00031902676131214167
1605.665	0.00030234469854753586
1605.6699999999998	0.00027439346794840225
1605.675	0.0002511894073720235
1605.68	0.00023962510455626904
1605.685	0.00023974435213981748
1605.6899999999998	0.00024835416241142155
1605.695	0.00025622287486609197
1605.7	0.0002618116065463052
1605.705	0.00026559502364745035
1605.71	0.0002704849008214996
1605.715	0.0002756758430728653
1605.7199999999998	0.00027747674161561524
1605.725	0.0002734574747000109
1605.73	0.0002670897159714615
1605.7350000000001	0.00026203743012661267
1605.74	0.00025931586401193804
1605.745	0.0002587251055822026
1605.75	0.0002607606055228727
1605.7549999999999	0.0002629792004598331
1605.76	0.00026502779450075244
1605.765	0.00026694248617434036
1605.77	0.000268782936536679
1605.7749999999999	0.00027039018138079994
1605.78	0.0002733660793010023
1605.7849999999999	0.0002755733875984384
1605.79	0.00027934408363403904
1605.795	0.000283592114327015
1605.8	0.0002913926964596151
1605.8049999999998	0.00030511373511148896
1605.81	0.0003215713592209988
1605.8149999999998	0.00032219139694340126
1605.82	0.00029610236097017245
1605.825	0.0002682289934555878
1605.83	0.00026028357410326036
1605.8349999999998	0.0002774579749580942
1605.84	0.00030132053604830665
1605.8449999999998	0.00029682015079660274
1605.8500000000001	0.00025676282704116733
1605.855	0.00022335997944875798
1605.86	0.00021912654648239844
1605.865	0.00024211845466871114
1605.87	0.00028001540609067015
1605.875	0.00030310369786924204
1605.88	0.00029703594574971326
1605.885	0.00027364703377744814
1605.8899999999999	0.00025117633585452614
1605.895	0.00024929113032574207
1605.8999999999999	0.00025785241331325334
1605.905	0.00027289636332756087
1605.91	0.00029012046912167385
1605.915	0.00029699423747880373
1605.9199999999998	0.00029778560190218235
1605.925	0.00029506669266690395
1605.9299999999998	0.00029051498449575674
1605.935	0.00028768730881089023
1605.94	0.00028713332064435706
1605.945	0.00028891557744369984
1605.9499999999998	0.00029261451105191326
1605.955	0.000297448830088522
1605.9599999999998	0.0003023004435948336
1605.9650000000001	0.0003058602583901116
1605.97	0.0003057633224752416
1605.975	0.0003002889882612129
1605.98	0.0002870082841969598
1605.985	0.00026755376621559755
1605.9899999999998	0.00024724663853676725
1605.9950000000001	0.00022977103669785272
1606	0.00022310248837742794
1606.0049999999999	0.00023076775825667955
1606.01	0.00024937183400027777
1606.0149999999999	0.00027903522686799543
1606.02	0.00030303161080755817
1606.025	0.00032139721404642914
1606.03	0.0003285804137634614
1606.0349999999999	0.0003315470665935295
1606.04	0.00033172418461762694
1606.0449999999998	0.00032946782977850416
1606.05	0.0003250882826812342
1606.055	0.0003194485875763949
1606.06	0.0003140724075149176
1606.0649999999998	0.00030842264738803335
1606.07	0.0003015607516916144
1606.0749999999998	0.0002930418058969897
1606.0800000000002	0.0002830666824882154
1606.085	0.0002728037745014998
1606.09	0.0002621121437179833
1606.095	0.00025153283230215754
1606.1	0.00024264693375986127
1606.1049999999998	0.00023544586154237732
1606.1100000000001	0.0002303593905432352
1606.115	0.00022767147290908758
1606.12	0.00022878861583395556
1606.125	0.00023784889075092753
1606.1299999999999	0.000255929807245467
1606.1349999999998	0.0002849332815954258
1606.14	0.0003147881354295799
1606.145	0.0003301102053915578
1606.1499999999999	0.0003310741126250443
1606.155	0.0003214236844757577
1606.1599999999999	0.00030440792060754313
1606.165	0.0002843543057824168
1606.17	0.0002636309173553423
1606.175	0.00024828409838933827
1606.1799999999998	0.00024429499893042166
1606.185	0.00024829325605480796
1606.1899999999998	0.0002566995314195657
1606.195	0.0002619318598629069
1606.2	0.0002596805249065182
1606.205	0.00025310961463787977
1606.21	0.00024798844919490717
1606.215	0.00025370354727979096
1606.2199999999998	0.0002680006320890114
1606.2250000000001	0.00028661897857437305
1606.23	0.0003060865518562079
1606.235	0.00031289159173880095
1606.24	0.0003139582841242304
1606.245	0.0003107361960339689
1606.2499999999998	0.0003058718025999394
1606.255	0.00030333933045423447
1606.26	0.00030249991754256137
1606.2649999999999	0.0003032170486937124
1606.27	0.0003052117366563
1606.2749999999999	0.0003059925156799286
1606.28	0.0003055521655048156
1606.285	0.00030344748850520903
1606.29	0.00030037249616766666
1606.295	0.000297753123686419
1606.3	0.00029672158630009117
1606.3049999999998	0.0002978524032565076
1606.31	0.0003026824676057533
1606.315	0.0003083506391611721
1606.32	0.00031330779776147355
1606.325	0.0003151745909984428
1606.33	0.0003110688241136105
1606.3349999999998	0.00030331208980745604
1606.34	0.0002941872996512391
1606.345	0.0002854367915378106
1606.35	0.00028170840089448274
1606.355	0.0002828319201093304
1606.36	0.0002878323877604803
1606.3649999999998	0.00029498296109430294
1606.37	0.00030107510267647896
1606.375	0.0003031121745337806
1606.3799999999999	0.00030211808052274487
1606.385	0.00029958988378421124
1606.3899999999999	0.0002973483201979001
1606.395	0.0002972274191545084
1606.4	0.0002995981325390194
1606.405	0.0003038437758611575
1606.41	0.0003090022557183875
1606.415	0.00031599524240555853
1606.4199999999998	0.0003211776522429317
1606.425	0.00032552049278055496
1606.43	0.00032793674327144924
1606.435	0.00032923067366551656
1606.44	0.0003292469193706768
1606.445	0.00032795291662607046
1606.4499999999998	0.0003255768103542314
1606.455	0.00032195578214640864
1606.46	0.00031615797012685793
1606.465	0.00031091859350736764
1606.47	0.000308067246980361
1606.475	0.00030828508880763897
1606.4799999999998	0.00030542518825479734
1606.485	0.0002973046973416186
1606.49	0.0002864792389785211
1606.495	0.0002813617581627397
1606.5	0.0002852846085307368
1606.5049999999999	0.00029136259107884405
1606.51	0.0002956562518051864
1606.5149999999999	0.00029733645124977706
1606.52	0.0003015292099218555
1606.525	0.000307909727910869
1606.53	0.00031318236825630307
1606.5349999999999	0.00031427367039382574
1606.54	0.00031191443453175736
1606.545	0.0003096552704376308
1606.55	0.0003098507890611437
1606.555	0.0003103474624874212
1606.56	0.00031016190790650517
1606.5649999999998	0.000309571548015514
1606.57	0.0003100567088692215
1606.575	0.0003097252730244875
1606.58	0.00030617413763153544
1606.585	0.00029827363275370327
1606.59	0.0002829910034970163
1606.5949999999998	0.0002619588657968729
1606.6	0.00024001248780367238
1606.605	0.00022332968792963448
1606.61	0.00021226457327806514
1606.615	0.0002077334313003181
1606.62	0.0002096258684249293
1606.625	0.00021890750027080076
1606.6299999999999	0.00023038837860379368
1606.635	0.00023785567923849467
1606.64	0.0002341715298996298
1606.645	0.00021492446359775325
1606.6499999999999	0.00019113190209457922
1606.655	0.00017752861111274717
1606.6599999999999	0.0001794170784322643
1606.665	0.00019861659566064847
1606.67	0.00023304867748750872
1606.675	0.0002692477753266803
1606.6799999999998	0.0002901994205359852
1606.685	0.0002859765988554506
1606.69	0.0002759219686164168
1606.695	0.00027163471778391584
1606.7	0.00027202080885302475
1606.705	0.00027485446026415995
1606.7099999999998	0.00028082520689436585
1606.715	0.0002881291369159656
1606.72	0.00029469320371772954
1606.725	0.00029426228512803495
1606.73	0.00028612081787254384
1606.735	0.0002774619904834165
1606.74	0.00027188575550091327
1606.745	0.00027055219638639735
1606.75	0.0002737058314716397
1606.755	0.00028068341516353175
1606.76	0.000289441895442951
1606.7649999999999	0.00029909566426673193
1606.77	0.0003060190243916194
1606.7749999999999	0.0003109740281276231
1606.78	0.00031351489144277385
1606.785	0.00031198335710222306
1606.79	0.000307613468089815
1606.7949999999998	0.00030416820305080735
1606.8	0.0003033748760660476
1606.8049999999998	0.0003096955972868554
1606.81	0.0003154071199091595
1606.815	0.00031501688529202447
1606.82	0.00030406766028103323
1606.8249999999998	0.00029046313432227056
1606.83	0.0002827402192472519
1606.8349999999998	0.0002860403808146833
1606.84	0.00029971934784933033
1606.845	0.00031667216635122977
1606.85	0.00032205237918795905
1606.855	0.00031185701841620646
1606.86	0.0002925816144545106
1606.865	0.0002736490911061899
1606.8700000000001	0.0002586639882779841
1606.875	0.0002480562184763088
1606.8799999999999	0.00024052553077907307
1606.885	0.00023619757528958968
1606.8899999999999	0.00023522183131268062
1606.895	0.00023709811145614706
1606.9	0.00024197415865077218
1606.905	0.00024740483169017626
1606.9099999999999	0.00025120262394903427
1606.915	0.00025311571454248827
1606.9199999999998	0.00025296675584660766
1606.925	0.0002529573702367129
1606.93	0.0002546978549472575
1606.935	0.00025821234582211716
1606.9399999999998	0.00026254553135513224
1606.945	0.0002700695805725561
1606.9499999999998	0.00027625664746942145
1606.955	0.0002801168985208515
1606.96	0.0002812995963226841
1606.965	0.00028012040850711217
1606.97	0.0002789461023326302
1606.975	0.0002817636064593673
1606.9799999999998	0.00029014639876265514
1606.9850000000001	0.0003060464321898498
1606.99	0.00031810530055355996
1606.995	0.00032350516283098126
1607	0.00031627139196866854
1607.0049999999999	0.00030455918509400006
1607.01	0.00029895821359906074
1607.015	0.00030239608628055515
1607.02	0.00031347990359559686
1607.0249999999999	0.00032504424345715176
1607.03	0.00033117276978823985
1607.0349999999999	0.0003287148366015568
1607.04	0.00032099206010649506
1607.045	0.0003106978089607746
1607.05	0.0003017430739261418
1607.0549999999998	0.0002968197515539876
1607.06	0.0002947258029336794
1607.0649999999998	0.00029598091303061134
1607.07	0.0002988295286853417
1607.075	0.00030236433918508655
1607.08	0.0003063160807730021
1607.085	0.0003095082728423207
1607.09	0.0003113727495256582
1607.0949999999998	0.00031301743574905795
1607.1000000000001	0.0003129632610918763
1607.105	0.0003126565043879647
1607.11	0.00031090008532772906
1607.115	0.0003083986482478329
1607.12	0.000302465387782233
1607.1249999999998	0.00029219812414803975
1607.13	0.0002752121648888942
1607.135	0.0002556039455727531
1607.1399999999999	0.00024017999764595836
1607.145	0.00023673082416052958
1607.1499999999999	0.0002449535431435139
1607.155	0.00026421632704022287
1607.16	0.0002834859774562079
1607.165	0.000290489847931204
1607.17	0.00028234360819356165
1607.175	0.00026817562770312266
1607.1799999999998	0.00026086637568634884
1607.185	0.00026400622688760485
1607.19	0.0002759729820433142
1607.195	0.0002870018176917183
1607.2	0.00028684610232002235
1607.205	0.00027716023372592727
1607.2099999999998	0.00026427324448603405
1607.2150000000001	0.0002559365204641034
1607.22	0.0002582548858896159
1607.225	0.00026708346082541634
1607.23	0.0002803214614716248
1607.235	0.00029565719768717534
1607.2399999999998	0.00030421128382199664
1607.2450000000001	0.00030854622677275773
1607.25	0.0003090771017184863
1607.2549999999999	0.0003058307834298878
1607.26	0.0003017560886167828
1607.2649999999999	0.00029801207794836717
1607.2699999999998	0.00029543702628516936
1607.275	0.0002938843671126186
1607.28	0.0002919979294781258
1607.285	0.0002894491203510859
1607.29	0.00028647293269294075
1607.2949999999998	0.0002845456738457513
1607.2999999999997	0.0002836338441778382
1607.305	0.0002847136128248109
1607.31	0.0002889807217658112
1607.315	0.0002943300499180541
1607.32	0.0002990017702015996
1607.3249999999998	0.0002991821361594538
1607.33	0.00028980783561352737
1607.335	0.000270822298386424
1607.34	0.0002467702817288499
1607.345	0.00022770396222580923
1607.35	0.00021900118183901252
1607.3549999999998	0.0002230911535610462
1607.3600000000001	0.00023878316208779502
1607.365	0.0002589673336610145
1607.37	0.00027672458742071147
1607.375	0.00028448189928873316
1607.3799999999999	0.0002810776771669701
1607.3849999999998	0.0002673484535420221
1607.39	0.00024682519641231805
1607.395	0.00022748081989904185
1607.4	0.00021285357425679586
1607.405	0.0002079911357346707
1607.4099999999999	0.0002105725021526679
1607.415	0.00021841979174966547
1607.42	0.0002310007515704268
1607.425	0.0002476176970236766
1607.43	0.0002647979292578176
1607.435	0.00027928032117905435
1607.4399999999998	0.00029316116184009195
1607.445	0.0003013650815755093
1607.45	0.0003029985316160721
1607.455	0.0003000360610489246
1607.46	0.00029327584509520466
1607.465	0.00028490076520727356
1607.4699999999998	0.0002774733592841282
1607.475	0.0002762697139208208
1607.48	0.00028277030639578814
1607.485	0.00028758652298901434
1607.49	0.0002769406837110497
1607.495	0.00025507418629934964
1607.4999999999998	0.0002389109865230308
1607.5049999999999	0.00023803598508281008
1607.51	0.00024927370209729675
1607.515	0.00026694884415632837
1607.52	0.00028350498559202115
1607.5249999999999	0.0002914779911309072
1607.53	0.00029268982036972593
1607.535	0.0002890816028269557
1607.54	0.00028288615368104515
1607.545	0.000277197016197197
1607.55	0.0002748331205707091
1607.5549999999998	0.0002770674348638491
1607.56	0.00028515159327986575
1607.565	0.00029034080660740455
1607.57	0.00029152983962866836
1607.575	0.00028782155552370316
1607.58	0.00028058136488744157
1607.5849999999998	0.00027496442359078364
1607.59	0.00027199189798766623
1607.595	0.00027229563618179527
1607.6	0.00027566429261937465
1607.605	0.00028389919973678
1607.61	0.0002925147607577952
1607.6149999999998	0.0003004573789927096
1607.62	0.00030626395561506107
1607.625	0.0003073285934919951
1607.63	0.00030303437767303573
1607.635	0.0002965509721462049
1607.6399999999999	0.0002929950612210175
1607.645	0.00029483044763842274
1607.6499999999999	0.0003002084150237153
1607.655	0.0003069331757244074
1607.66	0.0003085174747113414
1607.665	0.00030018117890594627
1607.6699999999998	0.00028169392048732125
1607.675	0.0002633023345344694
1607.68	0.0002519481915779129
1607.685	0.0002515246945274242
1607.69	0.00026375474989433635
1607.695	0.0002816919986297288
1607.6999999999998	0.0002991595048953005
1607.705	0.0003082328188490384
1607.71	0.00030765848013420723
1607.715	0.00030246518970021796
1607.72	0.0002968290686947085
1607.725	0.0002917399449517172
1607.7299999999998	0.0002861690837512648
1607.735	0.00027830196293830944
1607.74	0.00026800848838478435
1607.7450000000001	0.00025644034321540345
1607.75	0.00024568281997458156
1607.7549999999999	0.00023687168536543925
1607.76	0.00022958014924628366
1607.7649999999999	0.00022636465178398725
1607.77	0.0002288631014968045
1607.775	0.00023738377324690656
1607.78	0.00025524748536095445
1607.7849999999999	0.0002801255214189475
1607.79	0.0002988442464826876
1607.7949999999998	0.00030339262368002303
1607.8	0.0002997666606596103
1607.805	0.0002982158461074688
1607.81	0.00029358234915070956
1607.8149999999998	0.0002755093704678537
1607.82	0.00024800798766815994
1607.825	0.0002269818833935379
1607.83	0.00022118413621350662
1607.835	0.00023259087236071903
1607.84	0.0002562544081483254
1607.8449999999998	0.00027590270568777977
1607.85	0.0002824611179509336
1607.855	0.0002762806467393115
1607.8600000000001	0.00026685159504611207
1607.865	0.0002681772745234071
1607.87	0.0002774096520053445
1607.875	0.0002889350819357443
1607.8799999999999	0.00029900340038546404
1607.885	0.000302334532216389
1607.89	0.00030138667149930115
1607.895	0.00029932869777774175
1607.8999999999999	0.00029734274342825946
1607.905	0.00029684919458998076
1607.9099999999999	0.00029664043416933545
1607.915	0.00029561917204549304
1607.92	0.0002932225080417297
1607.925	0.00028849327951018054
1607.9299999999998	0.00028307034798271313
1607.935	0.00027738300699425383
1607.9399999999998	0.0002734949054342829
1607.945	0.00027272171042987006
1607.95	0.0002755868180685708
1607.955	0.00028141363471798314
1607.9599999999998	0.00028632351459980103
1607.965	0.0002868817607792376
1607.9699999999998	0.0002800239453672747
1607.9750000000001	0.0002689175472327285
1607.98	0.0002606944629613091
1607.985	0.0002595402428548293
1607.99	0.0002663210692832798
1607.995	0.0002734133459518519
1608	0.00027212599196420914
1608.005	0.0002570898550567946
1608.01	0.00023494026488265124
1608.0149999999999	0.00021627889888148601
1608.02	0.00020462258382877616
1608.0249999999999	0.00020222293768385228
1608.03	0.00021139430836196465
1608.035	0.0002293394396777273
1608.04	0.0002504996130671791
1608.0449999999998	0.00026804382154114315
1608.05	0.00027477857473460885
1608.0549999999998	0.00026949284435553826
1608.06	0.00025870861400540773
1608.065	0.0002518705041964287
1608.07	0.0002503280285199665
1608.0749999999998	0.00025330944010874823
1608.08	0.00025982248159704436
1608.0849999999998	0.0002689957836694226
1608.0900000000001	0.00027795894808944557
1608.095	0.00028248231235195894
1608.1	0.0002836071236786536
1608.105	0.00027683458858861106
1608.11	0.00026669226045844763
1608.1149999999998	0.00026136697057357194
1608.1200000000001	0.00026726553290401604
1608.125	0.000275870373494205
1608.1299999999999	0.0002652027128682886
1608.135	0.00024315252079506027
1608.1399999999999	0.0002288905138669432
1608.145	0.0002359412390619029
1608.15	0.00025366048299167666
1608.155	0.0002664131031639824
1608.1599999999999	0.0002611119042405596
1608.165	0.0002504284727884975
1608.1699999999998	0.0002475924980948315
1608.175	0.00025508060514677083
1608.18	0.0002656066331342897
1608.185	0.0002646638975686245
1608.1899999999998	0.000247492733021499
1608.195	0.0002325226446568833
1608.1999999999998	0.00022654010591240996
1608.2050000000002	0.00023169320847377066
1608.21	0.00024575311788197017
1608.215	0.00026033761674630466
1608.22	0.0002725813332864893
1608.225	0.000281386941126043
1608.2299999999998	0.00028528563120269556
1608.2350000000001	0.0002857648903365554
1608.24	0.0002849094842553503
1608.245	0.0002829289894188708
1608.25	0.0002802753469330185
1608.2549999999999	0.0002776351535477261
1608.2599999999998	0.00027553693825913835
1608.265	0.0002747950598914524
1608.27	0.0002764785563577404
1608.2749999999999	0.00028056784101569335
1608.28	0.0002870755902064763
1608.2849999999999	0.00029360211967397674
1608.29	0.0002984702998519094
1608.295	0.00029628710542587577
1608.3	0.00028981827380361217
1608.3049999999998	0.0002832269872828779
1608.31	0.0002826229197891204
1608.3149999999998	0.00028691622607084625
1608.32	0.00028937396434722105
1608.325	0.00028524155748281495
1608.33	0.0002759797780375632
1608.335	0.0002700323085937335
1608.34	0.0002709511292117768
1608.3449999999998	0.0002784523007057978
1608.3500000000001	0.00028967447583419075
1608.355	0.00029742756694364075
1608.36	0.0002985256635836172
1608.365	0.00029376909194786603
1608.37	0.0002865034601527813
1608.3749999999998	0.0002821411779156417
1608.38	0.00028353478277349603
1608.385	0.00028773344515377515
1608.3899999999999	0.00029189918181757687
1608.395	0.00029225719176376077
1608.3999999999999	0.0002870569901923977
1608.405	0.00027667279021989955
1608.41	0.00026411997107058294
1608.415	0.00025189682340195766
1608.4199999999998	0.00024086345544352918
1608.425	0.00023216475870905355
1608.4299999999998	0.0002295674101321987
1608.435	0.00023352075393900137
1608.44	0.0002456222513688956
1608.445	0.0002657586010698577
1608.45	0.00028384655243678087
1608.455	0.0002868119695175187
1608.4599999999998	0.00027493603061228456
1608.465	0.00026075459017413095
1608.47	0.0002572113738796012
1608.475	0.0002634124117442754
1608.48	0.00027757684352341407
1608.485	0.00029121502049492634
1608.4899999999998	0.00029845205928781836
1608.4950000000001	0.0002995534372295902
1608.5	0.00029673444279319355
1608.5049999999999	0.00029366044431308524
1608.51	0.00029200574692391445
1608.5149999999999	0.00029224188707480787
1608.52	0.00029378278436045113
1608.525	0.00029478083150507933
1608.53	0.00029533607681430594
1608.535	0.0002952027233602234
1608.54	0.00029408471089912425
1608.5449999999998	0.0002915571569108854
1608.55	0.00028965739478618966
1608.555	0.000288277017588684
1608.56	0.00028760411664119335
1608.565	0.0002878299004179318
1608.57	0.0002883111210607559
1608.5749999999998	0.0002882002113522622
1608.58	0.00028719673314388326
1608.585	0.00028496536391891706
1608.59	0.0002816004863126028
1608.595	0.00027752952618778024
1608.6	0.0002729151969135657
1608.6049999999998	0.0002666186366785971
1608.61	0.00025791498331122355
1608.615	0.0002450173704798855
1608.62	0.0002282912567476585
1608.625	0.0002132825734242158
1608.6299999999999	0.00020683882403603406
1608.635	0.00021321647185010634
1608.6399999999999	0.00023154128050221898
1608.645	0.00025636363954762174
1608.65	0.0002729768771875114
1608.655	0.00026950382387380716
1608.6599999999999	0.0002559899926115439
1608.665	0.0002528705001919621
1608.67	0.00026248779485307967
1608.675	0.0002725984742857767
1608.68	0.00026998796904550374
1608.685	0.0002499416901119527
1608.6899999999998	0.00022309693670338475
1608.695	0.00020727767125971756
1608.7	0.0001995997065896143
1608.705	0.00019785603760284954
1608.71	0.00019975162690370155
1608.715	0.0002037644330164369
1608.7199999999998	0.00021078015387990338
1608.725	0.00021891154913339516
1608.73	0.00022994561856820562
1608.735	0.00024105821437267697
1608.74	0.0002513857635892175
1608.745	0.0002599958254338652
1608.75	0.00026390864262575576
1608.7549999999999	0.00026188520646382255
1608.76	0.00025400519840876746
1608.765	0.00023988910618473087
1608.77	0.00022660866763564864
1608.7749999999999	0.00022380166621182958
1608.78	0.00023546687683443038
1608.7849999999999	0.00025582366489044806
1608.79	0.00026418017556697294
1608.795	0.000260309272575939
1608.8	0.00025580579317212684
1608.8049999999998	0.00025963852960014393
1608.81	0.0002688389058151098
1608.815	0.00027716763060492807
1608.82	0.00028027879836646307
1608.825	0.0002795928912508827
1608.83	0.0002779945425465001
1608.8349999999998	0.0002766712166804778
1608.84	0.00027612317248175476
1608.845	0.0002763234871217203
1608.85	0.0002774722024235553
1608.855	0.0002788499739556866
1608.86	0.00028040100933478924
1608.865	0.00028205112730753036
1608.87	0.00028342718412944205
1608.875	0.00028292129792122295
1608.88	0.00028206657281905904
1608.885	0.0002809746139844023
1608.8899999999999	0.00027951216855233213
1608.895	0.00027878047476968717
1608.8999999999999	0.00027841097580394225
1608.905	0.0002782974892911244
1608.91	0.0002782753812034606
1608.915	0.0002780303457276765
1608.9199999999998	0.00027618617094622537
1608.925	0.0002728937552627621
1608.9299999999998	0.0002684742973894819
1608.935	0.000263573112316558
1608.94	0.0002592341110866041
1608.945	0.0002562481901357724
1608.9499999999998	0.0002550725236695133
1608.955	0.0002566852367307449
1608.96	0.00025950938795419015
1608.965	0.0002619115234036135
1608.97	0.0002644038425169024
1608.975	0.00026547500467794563
1608.98	0.00026511402541815884
1608.985	0.00026326073757558435
1608.99	0.00026184213576191265
1608.9950000000001	0.00026453744590674736
1609	0.0002710635602984726
1609.0049999999999	0.0002763174501379199
1609.01	0.0002751722303043889
1609.0149999999999	0.0002696445846593372
1609.02	0.0002641204394109302
1609.025	0.0002610682987457967
1609.03	0.0002570984026178141
1609.0349999999999	0.00024759699113595667
1609.04	0.0002346485641661415
1609.0449999999998	0.00022050110732879403
1609.05	0.0002087064049144252
1609.055	0.0002025203040110839
1609.06	0.00020195017000825593
1609.0649999999998	0.00020621495221784188
1609.07	0.00021323911230848084
1609.0749999999998	0.0002232044960782261
1609.08	0.00023434512483608828
1609.085	0.00024685071225841057
1609.09	0.00025558806577161565
1609.095	0.00026160523391688053
1609.1	0.00026527329373079365
1609.1049999999998	0.00027028895473101884
1609.1100000000001	0.0002743909900769914
1609.115	0.0002664652765637903
1609.12	0.0002436154640076055
1609.125	0.00022872912952100148
1609.1299999999999	0.00023195651983504552
1609.135	0.000251705909962034
1609.14	0.00026975295386996717
1609.145	0.0002732366453816532
1609.1499999999999	0.0002675443050602183
1609.155	0.0002637399056615529
1609.1599999999999	0.0002663792813459851
1609.165	0.0002707130779939403
1609.17	0.0002720616670288411
1609.175	0.0002669150560448548
1609.1799999999998	0.0002571987871101513
1609.185	0.0002463926780542341
1609.1899999999998	0.00023532313124488102
1609.195	0.00022419957429968828
1609.2	0.00021293586065267096
1609.205	0.00020478690813254747
1609.21	0.00019916074347624187
1609.215	0.00019559320885497068
1609.2199999999998	0.0001941606156005313
1609.2250000000001	0.0001951883979045733
1609.23	0.000196696734888554
1609.235	0.00019922402800390013
1609.24	0.0002036956981346852
1609.245	0.0002079640006766279
1609.2499999999998	0.00021493934412536138
1609.255	0.00022226829214141286
1609.26	0.00023235229213287834
1609.2649999999999	0.0002442110086936419
1609.27	0.00025439182020198356
1609.2749999999999	0.00026008578825903494
1609.28	0.0002587465872897994
1609.285	0.0002536889735623959
1609.29	0.00024980341044270526
1609.2949999999998	0.00025206132244641433
1609.3	0.0002582822175971997
1609.3049999999998	0.0002667466129342862
1609.31	0.0002694850505671435
1609.315	0.0002690239495052796
1609.32	0.0002670784832687292
1609.325	0.00026722084578022535
1609.33	0.00026757628039138155
1609.3349999999998	0.0002651152164956768
1609.3400000000001	0.0002561303440863231
1609.345	0.00024095353987035
1609.35	0.00022247516234123323
1609.355	0.00020876639494713954
1609.36	0.00020186297547050312
1609.3649999999998	0.0002028312600722098
1609.3700000000001	0.00020958618208130337
1609.375	0.0002212080777115862
1609.3799999999999	0.00023460675085607919
1609.385	0.0002445217659027968
1609.3899999999999	0.00025026502515386917
1609.3949999999998	0.0002510951303059643
1609.4	0.00024918991404413517
1609.405	0.0002463320288341351
1609.41	0.0002438923303094982
1609.415	0.0002427306608875484
1609.4199999999998	0.00024291238201370788
1609.425	0.00024320792285930352
1609.43	0.00023939614695368277
1609.435	0.00022668026088994422
1609.44	0.00020853230099387985
1609.445	0.0002025973481702014
1609.4499999999998	0.0002111371862135461
1609.455	0.00023381758816349316
1609.46	0.00025426349049926004
1609.465	0.00026362605432173845
1609.47	0.0002636051373537664
1609.475	0.00026054746445528583
1609.4799999999998	0.0002571420083584128
1609.4850000000001	0.00025401197254015524
1609.49	0.00025131931821730056
1609.495	0.0002501181675161569
1609.5	0.00025118041004085944
1609.5049999999999	0.000253961750349541
1609.5099999999998	0.0002581473662330307
1609.515	0.0002599645857437782
1609.52	0.00025982402813234045
1609.525	0.0002567382034811685
1609.53	0.0002506304763472511
1609.5349999999999	0.00024220062574940862
1609.5399999999997	0.00023202594900956135
1609.545	0.0002233978260296656
1609.55	0.00021709455871790233
1609.555	0.0002137300062181004
1609.56	0.00021393180842314992
1609.5649999999998	0.00021735940001680243
1609.57	0.00022375294020148364
1609.575	0.0002304495818559618
1609.58	0.00023655327219903916
1609.585	0.00024129535880216402
1609.59	0.00023981893165025552
1609.5949999999998	0.0002330438643834572
1609.6	0.00022260586778117752
1609.605	0.00021292015277504285
1609.61	0.00021022511145506352
1609.615	0.00021718632454574015
1609.62	0.00022993258592382245
1609.6249999999998	0.00024210253073761353
1609.6299999999999	0.00024707174555955335
1609.635	0.0002456926204738637
1609.64	0.00024453244535702025
1609.645	0.0002475627895681011
1609.6499999999999	0.00025291128888876955
1609.655	0.00025769892809638745
1609.66	0.00026052931784620683
1609.665	0.0002624337950748059
1609.67	0.0002641831646632338
1609.675	0.00026547517083804644
1609.6799999999998	0.0002658223428749257
1609.685	0.00026603974064892113
1609.69	0.0002661646491255412
1609.695	0.0002644930951235205
1609.7	0.00025942661619117127
1609.705	0.000250843794107689
1609.7099999999998	0.00024093582155062222
1609.715	0.00023061852592661186
1609.72	0.00022263308715463718
1609.725	0.00021837804806356726
1609.73	0.0002178425296470406
1609.735	0.0002205528797010711
1609.7399999999998	0.000229347188847359
1609.745	0.00023943616772058543
1609.75	0.00024984416656694035
1609.755	0.00025042182562638954
1609.76	0.00023874730938827868
1609.7649999999999	0.00022890190674787201
1609.77	0.00023210190161033998
1609.7749999999999	0.00024692034517961273
1609.78	0.00025525332477451586
1609.785	0.0002496220482493348
1609.79	0.00024162001197879996
1609.7949999999998	0.00024361738687194768
1609.8	0.00024858214197327695
1609.805	0.00024088066411503148
1609.81	0.00021667148665589273
1609.815	0.00019118879797620536
1609.82	0.00017849179612913353
1609.8249999999998	0.00017965403614814032
1609.83	0.00019276868657859498
1609.835	0.00021567774246925904
1609.84	0.00023531028080182222
1609.845	0.00024579613038864574
1609.85	0.00024916993463437276
1609.8549999999998	0.0002466926026522431
1609.86	0.000240450301158033
1609.865	0.00023311098419955285
1609.8700000000001	0.0002271339270190382
1609.875	0.00022348359991530186
1609.8799999999999	0.0002242721853214282
1609.885	0.00022962714327690652
1609.8899999999999	0.00023729163911788466
1609.895	0.0002468233124158574
1609.9	0.000257935251896928
1609.905	0.00026344029313952967
1609.9099999999999	0.00026667970020375546
1609.915	0.00026698625914479913
1609.9199999999998	0.0002655819832265247
1609.925	0.0002648234513029702
1609.93	0.0002658810136311525
1609.935	0.000266493934737737
1609.9399999999998	0.0002617501343583224
1609.945	0.0002490492805347641
1609.95	0.0002307070680861663
1609.955	0.00021839464793436944
1609.96	0.00021739717030999352
1609.965	0.00023094423701103172
1609.9699999999998	0.00024829854127945543
1609.975	0.0002573876998573042
1609.98	0.0002524624838260721
1609.9850000000001	0.00024588788875038836
1609.99	0.0002442067430013797
1609.995	0.0002414577520486322
1610	0.0002308094986351195
1610.0049999999999	0.00021535844497140265
1610.01	0.00020545665181401758
1610.015	0.00020487343517762373
1610.02	0.00021258668000409466
1610.0249999999999	0.00022454097604560864
1610.03	0.00023452599848485648
1610.0349999999999	0.0002395321639541898
1610.04	0.00024100059765645333
1610.045	0.00024082470122051793
1610.05	0.00024032983157673966
1610.0549999999998	0.00024020838681114944
1610.06	0.000241217966352109
1610.0649999999998	0.00024324463713681845
1610.07	0.0002451798015769166
1610.075	0.00024781869250692904
1610.08	0.0002501496915818925
1610.0849999999998	0.00025209341668549964
1610.09	0.0002525225556727586
1610.0949999999998	0.00025177484933627874
1610.1000000000001	0.0002489928600896976
1610.105	0.00024475660611394175
1610.11	0.0002377466902692669
1610.115	0.00022791137606962994
1610.12	0.0002165285637442686
1610.125	0.00020992065850822787
1610.13	0.00021002486755236716
1610.135	0.0002169736367478584
1610.1399999999999	0.00022962367714481893
1610.145	0.00024245393263985202
1610.1499999999999	0.00025288609483471643
1610.155	0.0002590751863563394
1610.16	0.0002612619652708898
1610.165	0.0002614040665916053
1610.1699999999998	0.0002600453726552234
1610.175	0.0002576486650950502
1610.1799999999998	0.00025503077074799337
1610.185	0.00025297959480195386
1610.19	0.0002516286938975063
1610.195	0.00024995193282014724
1610.1999999999998	0.0002474534956693515
1610.205	0.00024381708882319244
1610.2099999999998	0.00023943227844175162
1610.2150000000001	0.0002360165173071813
1610.22	0.00023386686344077333
1610.225	0.0002327541533319828
1610.23	0.00023189589438816482
1610.235	0.00022929046029149139
1610.2399999999998	0.00022227339693499907
1610.2450000000001	0.0002126590671426835
1610.25	0.00019979024756298192
1610.2549999999999	0.00018875885413302426
1610.26	0.00017968169995915268
1610.2649999999999	0.0001783000835343486
1610.27	0.0001846454992220752
1610.275	0.00019746370204878447
1610.28	0.00021484954712087262
1610.2849999999999	0.00023063586185354025
1610.29	0.00023796974655634817
1610.2949999999998	0.00023529618621225196
1610.3	0.00022596318083393114
1610.305	0.00022161812983301213
1610.31	0.00022648529526895396
1610.3149999999998	0.00023737727309933542
1610.32	0.00024314379024460307
1610.3249999999998	0.00023331780430173532
1610.3300000000002	0.00021372876069841685
1610.335	0.00019498908538187053
1610.34	0.00018582617777002162
1610.345	0.0001878276803467205
1610.35	0.00019853814403572841
1610.3549999999998	0.0002102455912013575
1610.3600000000001	0.00022155814159928328
1610.365	0.00022867669482147187
1610.37	0.0002269958735942126
1610.375	0.00021365065743819087
1610.3799999999999	0.00019834017179247383
1610.3849999999998	0.00018284273312925962
1610.39	0.0001690925361696205
1610.395	0.00015822712563450547
1610.3999999999999	0.00015070079850928943
1610.405	0.00014757544455197373
1610.4099999999999	0.00015018904367539228
1610.415	0.00015929467347645842
1610.42	0.00017900300455816201
1610.425	0.00020138176564199128
1610.4299999999998	0.0002194747645560847
1610.435	0.00022836396282038224
1610.4399999999998	0.0002370630178605893
1610.445	0.00024837686111317677
1610.45	0.00025392899613746386
1610.455	0.00024666721638517123
1610.46	0.0002349982695434622
1610.465	0.0002258685189621638
1610.4699999999998	0.00021945817703684415
1610.4750000000001	0.00021360033458780534
1610.48	0.00020767807348631332
1610.485	0.00020380268531939476
1610.49	0.0002062201162727301
1610.495	0.00021734152250126295
1610.4999999999998	0.00023156059653815095
1610.505	0.00024384944152030624
1610.51	0.00025192732911614773
1610.5149999999999	0.0002544984958240836
1610.52	0.00025386520144288303
1610.5249999999999	0.00025124891992424304
1610.53	0.0002465693947092152
1610.535	0.0002389921913602306
1610.54	0.0002304124743870957
1610.5449999999998	0.0002230335870472417
1610.55	0.00021779412020778938
1610.5549999999998	0.0002174072781747591
1610.56	0.00022142208532103077
1610.565	0.00022775993723325814
1610.57	0.0002339344885390523
1610.575	0.00023699808631828597
1610.58	0.00023286266797143312
1610.5849999999998	0.0002194690206660587
1610.59	0.0002050279978913157
1610.595	0.00019453229361293477
1610.6	0.0001934083810194647
1610.605	0.00020297773558375915
1610.61	0.00021831922268194075
1610.6149999999998	0.00022389996926514962
1610.6200000000001	0.00021138876113265835
1610.625	0.00018798388636603162
1610.6299999999999	0.0001688881789438289
1610.635	0.00016473357055568603
1610.6399999999999	0.00017856404048530755
1610.645	0.00020788739196948055
1610.65	0.00022759549272475748
1610.655	0.00022860207321621188
1610.6599999999999	0.00021779324615353655
1610.665	0.00021040049183553694
1610.6699999999998	0.0002096228512310572
1610.675	0.00021050894518494207
1610.68	0.0002085625033443944
1610.685	0.00020097891617085382
1610.69	0.0001899513021611458
1610.695	0.00018075346639827056
1610.6999999999998	0.00017531055251785886
1610.705	0.00017386008797110744
1610.71	0.00017585595744196142
1610.715	0.0001805366179714795
1610.72	0.00019023006720448828
1610.725	0.00020022048415745965
1610.7299999999998	0.0002108715769912541
1610.735	0.00022151225346292195
1610.74	0.00022890867289352781
1610.745	0.00022928740479182213
1610.75	0.00022465267806272857
1610.7549999999999	0.00022124534537008338
1610.76	0.0002258341963999427
1610.7649999999999	0.00023264948549886553
1610.77	0.00023320878113915447
1610.775	0.00022526736089276925
1610.78	0.00021690512604775642
1610.7849999999999	0.00021187861197088717
1610.79	0.00020691768357238604
1610.795	0.00019974021837897043
1610.8	0.00019391198305721192
1610.805	0.00019417678807196772
1610.81	0.00020218254149680242
1610.8149999999998	0.00021362931896277864
1610.82	0.0002184396207510186
1610.825	0.00021069489419538707
1610.83	0.0001921465220776858
1610.835	0.00017701478981426246
1610.84	0.0001676747026658561
1610.8449999999998	0.0001636100768564739
1610.85	0.00016348175878681318
1610.855	0.00016552265403793788
1610.86	0.00016766494112169803
1610.865	0.00017026045529299844
1610.87	0.00017365753443240216
1610.875	0.00017863683025103887
1610.8799999999999	0.0001857012156221582
1610.885	0.00019383292088932835
1610.89	0.00020241145028880228
1610.895	0.0002108874010800274
1610.8999999999999	0.00021876223879920795
1610.905	0.00022280120627401345
1610.9099999999999	0.00022389456328029207
1610.915	0.00022280367252305842
1610.92	0.00022066723879655937
1610.925	0.00021971736372452548
1610.9299999999998	0.0002215524525074491
1610.935	0.00022499902514768637
1610.94	0.00022932262096327685
1610.945	0.00023276345541133858
1610.95	0.00023478049443449687
1610.955	0.00023513106326604949
1610.9599999999998	0.00023336010254463126
1610.965	0.00022918876616431191
1610.97	0.00022376516324602858
1610.975	0.0002191934071534103
1610.98	0.00021679152506062367
1610.985	0.00021624076889984728
1610.99	0.00021607395215719584
1610.995	0.00021408268107555892
1611	0.00021062721164118511
1611.005	0.00020723334328481732
1611.01	0.00020586995054926074
1611.0149999999999	0.00020732803329161784
1611.02	0.00021166418396306936
1611.0249999999999	0.00021739279587651848
1611.03	0.00022093251647494044
1611.035	0.0002222113119493207
1611.04	0.00022090662084305767
1611.0449999999998	0.0002178286192240161
1611.05	0.00021439241152624788
1611.0549999999998	0.0002120786205621245
1611.06	0.000211856482115735
1611.065	0.0002138163993322102
1611.07	0.00021858253180318543
1611.0749999999998	0.0002250544543812893
1611.08	0.00023061864558156922
1611.085	0.00023340179544732156
1611.09	0.00023558983191130772
1611.095	0.0002368298065972224
1611.1	0.00023571495012749094
1611.105	0.00023184472774253045
1611.11	0.00022628918938878082
1611.115	0.00021908850218194017
1611.1200000000001	0.00021239322325066233
1611.125	0.00021040943440782828
1611.1299999999999	0.00021564308761676617
1611.135	0.0002226281442882431
1611.1399999999999	0.00021878910082308658
1611.145	0.00020335510760129295
1611.15	0.000183040862781912
1611.155	0.00016981257645423846
1611.1599999999999	0.00017429583069116523
1611.165	0.00018783888003854062
1611.1699999999998	0.00020135896068500318
1611.175	0.00020964485604334584
1611.18	0.00020504082850022755
1611.185	0.0001967996789403645
1611.1899999999998	0.00019176642498696373
1611.195	0.00019110807104844217
1611.1999999999998	0.00019685341664193578
1611.205	0.00020466035900979933
1611.21	0.0002131206445576262
1611.215	0.00022149019643741903
1611.22	0.00022522892300424894
1611.225	0.00022576975623106495
1611.2299999999998	0.00022382408004133295
1611.2350000000001	0.00021987821807972353
1611.24	0.00021379470094052208
1611.245	0.0002051916756734889
1611.25	0.00019630108842786807
1611.2549999999999	0.00018736303317979538
1611.26	0.00018123510779759073
1611.265	0.00018267789862232145
1611.27	0.00019280442281213337
1611.2749999999999	0.00020677984866707846
1611.28	0.000209100415106319
1611.2849999999999	0.00019046588470480552
1611.29	0.0001682130309761793
1611.295	0.0001581179483787253
1611.3	0.00016622046942306253
1611.3049999999998	0.00018366067464409684
1611.31	0.00019528004475302788
1611.3149999999998	0.00019163409007655758
1611.32	0.00018318688046930557
1611.325	0.00018290550643331341
1611.33	0.00018854405800969
1611.335	0.00019214621296212902
1611.34	0.0001905364387410819
1611.3449999999998	0.00018446960563072194
1611.3500000000001	0.000177882289495697
1611.355	0.0001747542583046134
1611.36	0.00017733383263323117
1611.365	0.00018528138367326878
1611.37	0.00019425523130733698
1611.3749999999998	0.00020482005156555522
1611.38	0.0002151239719740372
1611.385	0.0002191268037166253
1611.3899999999999	0.00021807626911387362
1611.395	0.00020967973349155894
1611.3999999999999	0.00019475687795853915
1611.405	0.00018096561296179558
1611.41	0.00017096330602729682
1611.415	0.0001684844053627172
1611.4199999999998	0.00017526469454187573
1611.425	0.00018709118410741807
1611.4299999999998	0.00020023064816338557
1611.435	0.00021202880752619938
1611.44	0.00021936251255549836
1611.445	0.0002224657285180466
1611.45	0.00022292523439882005
1611.455	0.00022108474591855487
1611.4599999999998	0.0002161465285919402
1611.4650000000001	0.0002113861919083589
1611.47	0.00020536021573794725
1611.475	0.00019628199736366377
1611.48	0.00019387808177695953
1611.485	0.00019803984589359714
1611.4899999999998	0.00020663447381221903
1611.4950000000001	0.00021452840394259933
1611.5	0.00021941637097469806
1611.5049999999999	0.00022119826669631304
1611.51	0.00022071594890967045
1611.5149999999999	0.00021978280734564996
1611.5199999999998	0.000219082685841049
1611.525	0.00021854740186640095
1611.53	0.00021809931613553854
1611.5349999999999	0.0002169718561311991
1611.54	0.00021554200923775088
1611.5449999999998	0.00021376182174215767
1611.55	0.00021173238413065275
1611.555	0.00020987286060198735
1611.56	0.0002081286598187581
1611.565	0.0002071046352562368
1611.57	0.00020705418050692478
1611.5749999999998	0.0002077204617121745
1611.58	0.00020950974730706424
1611.585	0.0002111812229423708
1611.59	0.0002129843601087851
1611.595	0.00021377067272612506
1611.6	0.0002141987361254242
1611.6049999999998	0.000214245994113091
1611.6100000000001	0.00021350897962638148
1611.615	0.00021165259066488666
1611.62	0.00020823942551862783
1611.625	0.00020321511033261636
1611.6299999999999	0.00019658784904331866
1611.6349999999998	0.00018989091868491892
1611.64	0.00018323756052473
1611.645	0.00017943735309336331
1611.6499999999999	0.00017969585747325053
1611.655	0.00018409913385673124
1611.6599999999999	0.00019301893336534496
1611.6649999999997	0.00019959508119638818
1611.67	0.00019836235835001657
1611.675	0.00018976661140346132
1611.68	0.0001774377707853272
1611.685	0.0001665767072503664
1611.6899999999998	0.0001589264517089148
1611.695	0.00015450958625121301
1611.7	0.00015387054973632454
1611.705	0.00015684440881924214
1611.71	0.0001610978527965403
1611.715	0.00016969733900221742
1611.7199999999998	0.00018011449253374883
1611.725	0.00019123965466287505
1611.73	0.00020283180259120053
1611.735	0.00021014425323204815
1611.74	0.00020712662522719187
1611.745	0.00020164819444131417
1611.7499999999998	0.00019892095068439514
1611.755	0.0002018548604712811
1611.76	0.00020570381167307004
1611.765	0.00020777723660486192
1611.77	0.00020766714521428873
1611.7749999999999	0.00020602555059430732
1611.7799999999997	0.00020368041812007977
1611.785	0.00020175904494226392
1611.79	0.00020217085990036147
1611.795	0.00020590043181996817
1611.8	0.00021064032816344857
1611.8049999999998	0.000212933862562045
1611.81	0.00021084525970101547
1611.815	0.0002054507913105249
1611.82	0.00019970636857018188
1611.825	0.0001952132354672896
1611.83	0.00019180857236773387
1611.8349999999998	0.00018919535298939964
1611.84	0.00018805410544915497
1611.845	0.00018816926580003174
1611.85	0.0001892812113924394
1611.855	0.0001920023978208468
1611.86	0.00019516964330481675
1611.8649999999998	0.00019784484576640222
1611.87	0.0001993062883942134
1611.875	0.00019827623477443055
1611.88	0.00019378219460586206
1611.885	0.0001865418374959033
1611.8899999999999	0.00017873944901473528
1611.8949999999998	0.00017116448916444212
1611.8999999999999	0.00016618013143061431
1611.905	0.0001663719085486031
1611.91	0.00017147695539529022
1611.915	0.0001820322618368488
1611.9199999999998	0.00019332789878744104
1611.925	0.00019967757259233137
1611.93	0.0001966533912068842
1611.935	0.0001872684724085495
1611.94	0.00017474786657856382
1611.945	0.00016416491495363327
1611.9499999999998	0.00015753383352243354
1611.955	0.00015668160227650348
1611.96	0.00016294342314577726
1611.965	0.00017202578784672495
1611.97	0.0001785983647841566
1611.975	0.00017797276557905646
1611.9799999999998	0.00017496085979823182
1611.985	0.00017602773025137227
1611.99	0.00018068417426548428
1611.9950000000001	0.0001849649478476387
1612	0.00017976924817609763
1612.0049999999999	0.00016609858368894846
1612.01	0.00015047485236615208
1612.0149999999999	0.00013876880744115693
1612.02	0.00013326474600959518
1612.025	0.00013297582677725416
1612.03	0.00013792917539958926
1612.0349999999999	0.00015016488984848298
1612.04	0.00016405228266119396
1612.0449999999998	0.0001775976465405004
1612.05	0.0001866611207058118
1612.055	0.00018613534340485152
1612.06	0.00017324387818044477
1612.0649999999998	0.00016000580834310752
1612.07	0.00015452094945955105
1612.075	0.00016626022425922322
1612.08	0.00018472221494825858
1612.085	0.00018338938363402223
1612.09	0.00015878852110970748
1612.0949999999998	0.00014018405159741724
1612.1	0.00013996892950738613
1612.105	0.00015757887654766796
1612.1100000000001	0.0001826766060470401
1612.115	0.0002035100864476901
1612.12	0.0002070301629427256
1612.125	0.00020389545836101405
1612.1299999999999	0.00020646645242675742
1612.135	0.00021308107397324187
1612.14	0.00021793823800557243
1612.145	0.00021914753176908782
1612.1499999999999	0.00021791861837762422
1612.155	0.00021665963218158094
1612.1599999999999	0.00021552759018959012
1612.165	0.00021321957602637304
1612.17	0.00021062792552947247
1612.175	0.00020849618059580157
1612.1799999999998	0.00020759679215654158
1612.185	0.0002089160965090633
1612.1899999999998	0.00021110389192802978
1612.195	0.00021305595690767896
1612.2	0.00021410567333628037
1612.205	0.00021381002117436206
1612.2099999999998	0.00021209832131532594
1612.215	0.0002094106946067907
1612.22	0.00020683093102651968
1612.2250000000001	0.00020429962760250652
1612.23	0.0002010181550328354
1612.235	0.0001946752908682878
1612.24	0.00018450765832778276
1612.245	0.00017347012948097182
1612.25	0.00016430273308320765
1612.255	0.0001605281705924318
1612.26	0.00016497280586988693
1612.2649999999999	0.0001759339650142653
1612.27	0.0001894689680655799
1612.2749999999999	0.00019800367296636705
1612.28	0.0001953493572314877
1612.285	0.00018080630610121565
1612.29	0.00016396161237100044
1612.2949999999998	0.00015141377427449585
1612.3	0.00014784775296986161
1612.3049999999998	0.0001534668628721876
1612.31	0.00016453797069095467
1612.315	0.00017581707576248265
1612.32	0.00018266537985555634
1612.3249999999998	0.00018598647829926607
1612.33	0.000188310146346062
1612.3349999999998	0.00019192694084061167
1612.3400000000001	0.00019641465952882446
1612.345	0.00019941040277660028
1612.35	0.000199613431504204
1612.355	0.00019608641105077119
1612.36	0.0001889294862795798
1612.3649999999998	0.00018092414259124928
1612.3700000000001	0.0001726502195072079
1612.375	0.00016629831660616639
1612.3799999999999	0.00016366317930468016
1612.385	0.00016558625871489365
1612.3899999999999	0.00017437625813704783
1612.395	0.00018471188407181746
1612.4	0.00018681005519829023
1612.405	0.00017992591879425023
1612.4099999999999	0.00017298307870424647
1612.415	0.00017364563857652453
1612.4199999999998	0.0001806653197480698
1612.425	0.00019036199924513653
1612.43	0.00019855975619769965
1612.435	0.00020175081256502175
1612.4399999999998	0.00020160045022500473
1612.445	0.00019927313761879182
1612.4499999999998	0.0001956512288638791
1612.4550000000002	0.0001913194395719723
1612.46	0.00018654394110994625
1612.465	0.00018162999596585421
1612.47	0.00017722807484977856
1612.475	0.0001753512658364715
1612.4799999999998	0.00017580265969350097
1612.4850000000001	0.0001776945944764763
1612.49	0.0001802418340436568
1612.495	0.00018207051726145304
1612.5	0.00018379898171826638
1612.5049999999999	0.0001851993061065486
1612.5099999999998	0.00018657663481592756
1612.515	0.00018871378391969014
1612.52	0.00019172626115551326
1612.5249999999999	0.00019517739136746032
1612.53	0.0001990166125470403
1612.5349999999999	0.00020328491508898294
1612.54	0.0002049315111818071
1612.545	0.00020475214382018544
1612.55	0.00020236895512825537
1612.5549999999998	0.0001977966248441591
1612.56	0.00019261499986933926
1612.5649999999998	0.00018921466410834806
1612.57	0.00018849303290091281
1612.575	0.0001913730983747479
1612.58	0.00019686428685116851
1612.585	0.00020270923133343825
1612.59	0.00020594383447259027
1612.5949999999998	0.00020679913075043402
1612.6000000000001	0.00020629196813476747
1612.605	0.00020589392550686474
1612.61	0.00020519520218889345
1612.615	0.00020146081588489552
1612.62	0.00019493097793457612
1612.6249999999998	0.00018969801192572972
1612.63	0.00018876140800335234
1612.635	0.000190547775364559
1612.6399999999999	0.00018814203195785992
1612.645	0.00017527293364096638
1612.6499999999999	0.0001552067051650589
1612.6549999999997	0.00013427482182579376
1612.66	0.0001186892973913621
1612.665	0.00011034071082080583
1612.6699999999998	0.00010846091598873121
1612.675	0.00011160512553736743
1612.6799999999998	0.00011956281580570336
1612.685	0.00013331240630617307
1612.69	0.00014731402937180415
1612.695	0.00016462565235529755
1612.7	0.0001763294733183629
1612.705	0.00017957352209911664
1612.7099999999998	0.00017235395507845475
1612.715	0.00015490085579066945
1612.72	0.00013545155821511
1612.725	0.00012503507335401967
1612.73	0.00012986210949438745
1612.735	0.00015241175914636177
1612.7399999999998	0.00017089405963352207
1612.7450000000001	0.00015760845937509113
1612.75	0.000126186482954508
1612.7549999999999	0.0001124086744761406
1612.76	0.00011344848921436539
1612.7649999999999	0.00013199746657032398
1612.7699999999998	0.00015727008123409347
1612.775	0.0001646581831802714
1612.78	0.0001533800830198378
1612.7849999999999	0.00014368817976540866
1612.79	0.00014909360423850658
1612.7949999999998	0.00016695205241886026
1612.8	0.00017751286425348793
1612.805	0.00017495384629849202
1612.81	0.00016991922282707343
1612.815	0.00017008009338001715
1612.82	0.00017697849703977167
1612.8249999999998	0.0001827318240987764
1612.83	0.00017364241335477999
1612.835	0.0001584190041462084
1612.84	0.00014245994037372474
1612.845	0.00013107032543503924
1612.85	0.00013004687984871806
1612.8549999999998	0.0001364583086462783
1612.86	0.00014749489290481348
1612.865	0.00016123103532379206
1612.87	0.00017540969319809426
1612.875	0.00018559200209044646
1612.8799999999999	0.00018737984760134935
1612.885	0.00018405789246286192
1612.8899999999999	0.00018042937248014082
1612.895	0.00018013298616383988
1612.8999999999999	0.0001837757244451431
1612.905	0.0001889925091592535
1612.9099999999999	0.00019136943332693742
1612.915	0.00019119665604539943
1612.92	0.00019190297238890112
1612.925	0.0001947866998710647
1612.93	0.000193981510729734
1612.935	0.0001827430897175671
1612.9399999999998	0.00016629615777753027
1612.945	0.00015348485408077253
1612.95	0.00015418022547935043
1612.955	0.00016772513032822233
1612.96	0.00018350782227784002
1612.965	0.00019263221190309014
1612.9699999999998	0.00019133446981891986
1612.975	0.00018709653290703332
1612.98	0.00018584533277769957
1612.985	0.00018584533245302742
1612.99	0.0001839078615401592
1612.995	0.00017997963559652084
1613	0.0001750759922894702
1613.0049999999999	0.00017084628483447818
1613.01	0.00016849837030881603
1613.0149999999999	0.00016842394008248536
1613.02	0.00017031553491030042
1613.0249999999999	0.00017190002280970224
1613.03	0.00017254341029935693
1613.0349999999999	0.0001712240573005709
1613.04	0.0001675598007143622
1613.045	0.0001629238288692687
1613.05	0.00015993933085566226
1613.0549999999998	0.0001645191539436733
1613.06	0.00017583367695821897
1613.065	0.00018277705591407192
1613.07	0.0001706967651132275
1613.075	0.00015111185422674104
1613.08	0.00013880184225286107
1613.0849999999998	0.0001392136943669743
1613.09	0.00015500747341592728
1613.095	0.00017514542820006135
1613.1	0.00019006507557463596
1613.105	0.0001940352664299926
1613.11	0.00019099316056710478
1613.115	0.0001905381876506757
1613.12	0.00019349195015961465
1613.125	0.00019632331027108696
1613.13	0.00019650968532272209
1613.135	0.00019434798182024751
1613.1399999999999	0.00019237059824416062
1613.145	0.00019297557732911232
1613.1499999999999	0.0001940348840149977
1613.155	0.00019369331990957292
1613.16	0.00019113617153726818
1613.165	0.0001859113399560022
1613.1699999999998	0.00018027279179620538
1613.175	0.00017578310236764628
1613.1799999999998	0.0001728679549199914
1613.185	0.00017216381860980155
1613.19	0.00017415519677399914
1613.195	0.00017655153430629625
1613.1999999999998	0.00017893789507928532
1613.205	0.00018030426032251422
1613.21	0.0001788385505185448
1613.215	0.00017258250026300507
1613.22	0.00016077647116207814
1613.225	0.00014527040591444878
1613.23	0.00012935304873610157
1613.235	0.00011490176307080583
1613.24	0.0001049051732829205
1613.2450000000001	0.00010054605949216867
1613.25	0.0001034242049660032
1613.2549999999999	0.0001137399201352507
1613.26	0.00013651106103877947
1613.2649999999999	0.00016016489250554334
1613.27	0.00017335436532404957
1613.275	0.00017008173157098666
1613.28	0.00016125096286352618
1613.2849999999999	0.00016028492247374104
1613.29	0.00016915211621004888
1613.2949999999998	0.00017803272133969482
1613.3	0.0001797708940316213
1613.305	0.00017486214865155555
1613.31	0.000170920190729616
1613.3149999999998	0.0001708403880599798
1613.32	0.00017209480121636126
1613.3249999999998	0.00017371308118789935
1613.33	0.00017417584584307694
1613.335	0.00017361922447716206
1613.34	0.00017281080022652677
1613.345	0.00017227701030418207
1613.35	0.00017223037419372716
1613.3549999999998	0.00017256106085612722
1613.3600000000001	0.00017214102571370659
1613.365	0.00017139620285339422
1613.37	0.00016984771861180273
1613.375	0.00016828748203318733
1613.3799999999999	0.00016840694888826897
1613.385	0.00017206836658798362
1613.39	0.00017817931018852348
1613.395	0.0001852768142896309
1613.3999999999999	0.00018602819680517922
1613.405	0.0001827897320284163
1613.4099999999999	0.00017928760229046333
1613.415	0.00017878416459975695
1613.42	0.00018006674194562963
1613.425	0.00018138387535874238
1613.4299999999998	0.00018194757827825507
1613.435	0.0001823250795932404
1613.4399999999998	0.00018299554283089515
1613.445	0.0001836548676615838
1613.45	0.00018375785411437203
1613.455	0.0001830504795151463
1613.46	0.00018192449174536912
1613.465	0.00018152088733525615
1613.4699999999998	0.00018226516933796173
1613.4750000000001	0.00018359144687925095
1613.48	0.00018537165820992633
1613.485	0.00018757006920394538
1613.49	0.00018801027549923842
1613.495	0.00018725795599794818
1613.4999999999998	0.00018535946858277437
1613.505	0.0001823815965747031
1613.51	0.00017845760442128188
1613.5149999999999	0.00017460790067917584
1613.52	0.0001713044883087693
1613.5249999999999	0.00016865483402086663
1613.53	0.00016635460562411261
1613.535	0.00016415265811154628
1613.54	0.0001609026056717864
1613.5449999999998	0.00015668837408035294
1613.55	0.00015028919385724927
1613.5549999999998	0.00014239420368267316
1613.56	0.00013627718328213618
1613.565	0.00013360754380946444
1613.57	0.00013624828894465992
1613.575	0.0001451408178875219
1613.58	0.00015838498942510206
1613.5849999999998	0.0001716455491688022
1613.5900000000001	0.0001780263020406119
1613.595	0.00017607776776170473
1613.6	0.0001684173606358691
1613.605	0.00016086062392199821
1613.61	0.00015870527377382217
1613.6149999999998	0.00016437368829554357
1613.6200000000001	0.0001758867259100857
1613.625	0.0001832961112128701
1613.6299999999999	0.0001807838845115332
1613.635	0.00017173168133551652
1613.6399999999999	0.00016380459539560137
1613.6449999999998	0.00016148393377457784
1613.65	0.00016481799155884688
1613.655	0.0001736379789455807
1613.6599999999999	0.0001805464301285026
1613.665	0.00018460306392669392
1613.6699999999998	0.0001853454736167066
1613.675	0.00018332222718307422
1613.68	0.00018050308183868043
1613.685	0.00017855884384554207
1613.69	0.0001784493053780714
1613.695	0.0001799308787495834
1613.6999999999998	0.00018208081855070028
1613.705	0.00018368252986583156
1613.71	0.00018263240372316564
1613.715	0.000178791886931485
1613.72	0.00017611818071845537
1613.725	0.00017681499013454165
1613.7299999999998	0.00017988628411861498
1613.7350000000001	0.0001816502087045199
1613.74	0.00018224444494230433
1613.745	0.00018381797448005814
1613.75	0.00018642421025152211
1613.7549999999999	0.00018533344145135936
1613.7599999999998	0.00017721060695196307
1613.765	0.00016578404288593185
1613.77	0.00015582593137097647
1613.7749999999999	0.0001511709485012416
1613.78	0.0001519720788021899
1613.7849999999999	0.00015612581510379564
1613.7899999999997	0.00016202766609933362
1613.795	0.00016871896052689892
1613.8	0.00017522822623403786
1613.805	0.0001798023852401136
1613.81	0.00018242857506507357
1613.8149999999998	0.00018345649140320063
1613.82	0.00018341523112663883
1613.825	0.00018285704345286414
1613.83	0.0001819593792991631
1613.835	0.00018035015511155044
1613.84	0.00017758894005662706
1613.8449999999998	0.00017286689751888214
1613.85	0.00016784579337474886
1613.855	0.00016265938893822343
1613.86	0.00015800042615460484
1613.865	0.00015557882881528837
1613.87	0.00015596185601254446
1613.8749999999998	0.00015932962711320814
1613.88	0.0001659006476443858
1613.885	0.00017447600838964148
1613.8899999999999	0.0001814108494576173
1613.895	0.0001851410774012446
1613.8999999999999	0.0001857646810385157
1613.9049999999997	0.00018507716754190764
1613.91	0.00018522152617418076
1613.915	0.00018720021153389296
1613.92	0.0001869597986431126
1613.925	0.0001817303039828335
1613.9299999999998	0.0001718798864022209
1613.935	0.00016130374934086452
1613.94	0.0001575477390412041
1613.945	0.0001616408174232978
1613.95	0.00017092091719634334
1613.955	0.000179454150569426
1613.9599999999998	0.00017870186600751656
1613.965	0.0001696609692853646
1613.97	0.0001594128432903961
1613.975	0.00015328849940261696
1613.98	0.0001535707299690193
1613.985	0.00015794712697953143
1613.9899999999998	0.00016277009154225852
1613.995	0.00016329675817079161
1614	0.00015807774879105483
1614.005	0.0001476980199290397
1614.01	0.00013493750536390666
1614.0149999999999	0.0001235299991363872
1614.0199999999998	0.00011554122907016972
1614.0249999999999	0.0001129184978702043
1614.03	0.00011668073782228645
1614.035	0.00012948069496293108
1614.04	0.00014883210720781245
1614.0449999999998	0.00016537090378025379
1614.05	0.00016886704210767497
1614.055	0.00016250415988144898
1614.06	0.00016063615807328964
1614.065	0.00016472371598245028
1614.07	0.00016625377555268045
1614.0749999999998	0.00015467681534910005
1614.08	0.00013771973346864534
1614.085	0.00012462618629514277
1614.09	0.00012084308496168732
1614.095	0.00012650821690938501
1614.1	0.00013728703088565158
1614.1049999999998	0.00014646799295153586
1614.11	0.00015022162122382482
1614.115	0.0001529394596174372
1614.1200000000001	0.00015845018619252302
1614.125	0.00016434666224129474
1614.1299999999999	0.00016658103193114098
1614.1349999999998	0.0001596140546360757
1614.1399999999999	0.00014394603024762046
1614.145	0.00013151164715648642
1614.15	0.00012363394732938608
1614.155	0.00012121409419023509
1614.1599999999999	0.0001266431314111321
1614.165	0.00013576012888773167
1614.1699999999998	0.0001478587823323267
1614.175	0.00016139947518270905
1614.18	0.0001687510558145083
1614.185	0.00017051958352707497
1614.1899999999998	0.00016822732028704815
1614.195	0.00016335826900410914
1614.2	0.0001592338353857639
1614.205	0.00015835763397328137
1614.21	0.00015985410624346725
1614.215	0.00016109454334897942
1614.2199999999998	0.00015891149146831185
1614.225	0.00015238847847490354
1614.23	0.0001449623742597133
1614.2350000000001	0.0001406707069773088
1614.24	0.00014235905333744454
1614.245	0.00014805795966437335
1614.25	0.00015212652345852437
1614.2549999999999	0.00014953217250816614
1614.26	0.0001435365918861184
1614.265	0.00014338018641551993
1614.27	0.00015128512705097448
1614.2749999999999	0.000163564284063603
1614.28	0.00017123596594954862
1614.2849999999999	0.00017057472738797805
1614.29	0.0001665208531711835
1614.295	0.0001649176244028588
1614.3	0.00016798879288272084
1614.3049999999998	0.00017186156790736912
1614.31	0.00017426856240148632
1614.3149999999998	0.00017332370308780038
1614.32	0.0001691792273059768
1614.325	0.00016330816257543318
1614.33	0.0001579066299916967
1614.3349999999998	0.00015364926875652862
1614.34	0.00015158537145080255
1614.345	0.00015180051547370612
1614.3500000000001	0.00015389193949017185
1614.355	0.00015818893125831704
1614.36	0.00016412110122408655
1614.365	0.0001690992922542206
1614.37	0.0001732617302424891
1614.375	0.0001759101237711955
1614.38	0.00017519797282942903
1614.385	0.00017190634771041178
1614.3899999999999	0.0001691148797896838
1614.395	0.00017063164736183279
1614.3999999999999	0.0001715259796965508
1614.405	0.00016364768193084233
1614.41	0.00014599314637035192
1614.415	0.0001282115033084661
1614.4199999999998	0.0001206012548735166
1614.425	0.00012678446924296977
1614.4299999999998	0.0001428105986830282
1614.435	0.00015929287099989653
1614.44	0.0001667039796470742
1614.445	0.0001652863654543098
1614.4499999999998	0.00016274371040509803
1614.455	0.00016587930283718628
1614.4599999999998	0.0001714671423080112
1614.4650000000001	0.0001717546093694992
1614.47	0.00016682496515280434
1614.475	0.0001584898155520627
1614.48	0.0001504888722819877
1614.485	0.0001463328209713597
1614.4899999999998	0.00014532458809375716
1614.4950000000001	0.00014684829382338155
1614.5	0.00015000766886918702
1614.5049999999999	0.00015284245016767425
1614.51	0.00015397290305762377
1614.5149999999999	0.00015244552763791353
1614.52	0.00014775561947100372
1614.525	0.00014074553440410935
1614.53	0.00013329348913644038
1614.5349999999999	0.00012711659322490866
1614.54	0.00012341714307868617
1614.5449999999998	0.0001241765993081328
1614.55	0.00013008161072064047
1614.555	0.00013979297161047328
1614.56	0.00015384750572389652
1614.5649999999998	0.00016364312669482232
1614.57	0.0001659136166908335
1614.5749999999998	0.00015966106282590687
1614.5800000000002	0.0001497996136150605
1614.585	0.0001446074849998131
1614.59	0.00014593642067432366
1614.595	0.00015287247048929455
1614.6	0.00015541650699699622
1614.6049999999998	0.0001540901096164719
1614.6100000000001	0.0001504490278442906
1614.615	0.00014250780897926554
1614.62	0.0001337871886867588
1614.625	0.00013066700276515912
1614.6299999999999	0.00013361187940325733
1614.6349999999998	0.00013990513359637987
1614.64	0.00014773130126363645
1614.645	0.00015556668793382424
1614.6499999999999	0.000162122071887866
1614.655	0.000166849777525143
1614.6599999999999	0.00016901787815422377
1614.665	0.00017086159673880655
1614.67	0.00017160216952392642
1614.675	0.00017265788864645877
1614.6799999999998	0.0001727091808653578
1614.685	0.00017175032494424534
1614.6899999999998	0.0001692766788618063
1614.695	0.00016593225660408565
1614.7	0.00016385555158908124
1614.705	0.0001655842066329031
1614.71	0.0001693052124790236
1614.715	0.00017217139178775625
1614.7199999999998	0.0001708777894770439
1614.7250000000001	0.0001686034326630842
1614.73	0.00016786906717494601
1614.735	0.00016879469488298532
1614.74	0.00016962046770360484
1614.745	0.00016996212065130368
1614.7499999999998	0.00017100955472140213
1614.755	0.00017361784755985093
1614.76	0.00017567670105573993
1614.7649999999999	0.00017579991281064462
1614.77	0.0001741605702907424
1614.7749999999999	0.0001722250170241108
1614.7799999999997	0.0001714152842997592
1614.785	0.00017104645099442
1614.79	0.0001682851541046616
1614.7949999999998	0.00016317375367669182
1614.8	0.00015688650406703555
1614.8049999999998	0.00015070478893808878
1614.81	0.00014611242836775492
1614.815	0.00014294067635761996
1614.82	0.00014097503363670624
1614.825	0.00014011404706883442
1614.83	0.00014022755200761422
1614.8349999999998	0.00014067517228270087
1614.84	0.000142122037331879
1614.845	0.00014346901403413216
1614.85	0.00014438760111300833
1614.855	0.00014434702430403393
1614.86	0.00014260786646295634
1614.8649999999998	0.0001395677121997665
1614.8700000000001	0.0001359685566386429
1614.875	0.00013274128263587195
1614.8799999999999	0.0001301069354277646
1614.885	0.00012686570566903263
1614.8899999999999	0.00012240455134636635
1614.8949999999998	0.00011684877385598563
1614.9	0.00011229908009293966
1614.905	0.00011176062653186322
1614.9099999999999	0.0001161434383636728
1614.915	0.0001247103441479591
1614.9199999999998	0.00013199281302564748
1614.925	0.000134627467892196
1614.93	0.0001342694378179232
1614.935	0.0001363242468909892
1614.94	0.00014319556232866772
1614.945	0.00015131520195690715
1614.9499999999998	0.00015632653921950152
1614.955	0.00015622905061821646
1614.96	0.00015293278205800217
1614.965	0.00015071348141683616
1614.97	0.0001510524657731207
1614.975	0.0001529933877211893
1614.9799999999998	0.00015382648688543315
1614.985	0.0001522485635222179
1614.99	0.00014724483446110028
1614.995	0.0001398888043111209
1615	0.00013144611829680696
1615.0049999999999	0.00012296236685578407
1615.0099999999998	0.00011604660263097014
1615.0149999999999	0.00011131258599331761
1615.02	0.00011064077468260458
1615.0249999999999	0.00011362268796859434
1615.03	0.00011966197216739619
1615.0349999999999	0.00012791868992860725
1615.04	0.00013555011111386048
1615.045	0.0001420019321830564
1615.05	0.00014673088337594902
1615.055	0.00014863535093103704
1615.06	0.0001503802520750744
1615.0649999999998	0.0001512309416764484
1615.07	0.0001517022861217967
1615.075	0.00015134373425453894
1615.08	0.00015131062681064659
1615.085	0.00015185481816934837
1615.09	0.0001510438453232658
1615.0949999999998	0.00014557365617955012
1615.1	0.0001380024320646386
1615.105	0.00013192842559581205
1615.11	0.00012962745216296448
1615.115	0.00013257509805177678
1615.12	0.00013989243767487163
1615.125	0.00014531494806847316
1615.1299999999999	0.0001459072052824311
1615.135	0.00014053043340535266
1615.1399999999999	0.00012888497661541311
1615.145	0.00011836615518606773
1615.1499999999999	0.00010993267996515217
1615.155	0.00010431061458895375
1615.1599999999999	0.0001021182093982333
1615.165	0.00010325322690144956
1615.17	0.00010704277494666295
1615.175	0.0001135881689852229
1615.1799999999998	0.00012324105154415816
1615.185	0.00013427026566875864
1615.19	0.00014429495594399315
1615.195	0.00015247053367428026
1615.2	0.0001572109141510755
1615.205	0.00015922793500513073
1615.2099999999998	0.0001602470811438083
1615.215	0.00016102607895787812
1615.22	0.00016204906923886363
1615.225	0.00016150038240433812
1615.23	0.00015835192172150952
1615.235	0.00015798676726723964
1615.24	0.00015862089141904957
1615.245	0.00015967143619715507
1615.25	0.0001583144047557907
1615.2549999999999	0.00015500344945782184
1615.26	0.000153989873452505
1615.2649999999999	0.0001537137296856616
1615.27	0.00015410603992577958
1615.2749999999999	0.00015569036867206344
1615.28	0.00015795202195309418
1615.285	0.00016014494635764297
1615.29	0.00016186754693927867
1615.2949999999998	0.0001631566225830785
1615.3	0.00016309604715290858
1615.3049999999998	0.0001617672879695969
1615.31	0.00015891876094518861
1615.315	0.00015439529813649508
1615.32	0.00014813093001669084
1615.3249999999998	0.00014058124031685198
1615.33	0.0001319834864763194
1615.335	0.00012128577259097091
1615.34	0.00011385839848554241
1615.345	0.0001094871244910077
1615.35	0.00011047486622228762
1615.355	0.00011876263709889899
1615.36	0.00013318332302444878
1615.365	0.0001485169642394864
1615.3700000000001	0.00015987661957557608
1615.375	0.00016396703383737834
1615.3799999999999	0.0001617739083760257
1615.385	0.00015561887647098626
1615.3899999999999	0.00014615713686045835
1615.395	0.00013641005158846592
1615.4	0.00012834858032665666
1615.405	0.00012405561829023786
1615.4099999999999	0.00012483994083493265
1615.415	0.00013096521398168592
1615.4199999999998	0.00014086435277893688
1615.425	0.00015024841516946477
1615.43	0.0001463227538178711
1615.435	0.00013001859555091108
1615.4399999999998	0.00011123693468140887
1615.445	0.00009665755160506724
1615.4499999999998	0.00008952009375207122
1615.455	0.00008952009375207122
1615.46	0.00009659892877177746
1615.465	0.00010919404979046041
1615.47	0.0001233764419557179
1615.475	0.000136576943491735
1615.48	0.0001464891128395102
1615.4850000000001	0.00015007539738679415
1615.49	0.00014936491547707655
1615.495	0.00014630966314397125
1615.5	0.0001435989739753788
1615.5049999999999	0.00014300481377288967
1615.51	0.00014493078639477884
1615.515	0.00014915264124383423
1615.52	0.00015447067944663868
1615.5249999999999	0.00015823951510481
1615.53	0.00015964405528532264
1615.5349999999999	0.00015828833908398276
1615.54	0.00015628818698942837
1615.545	0.00015504322669951045
1615.55	0.00015375895649830383
1615.5549999999998	0.00014936044363098497
1615.56	0.00013848288904811255
1615.5649999999998	0.00012723745515442821
1615.57	0.00011777319804602992
1615.575	0.00011545017111450039
1615.58	0.00012001968579581385
1615.585	0.00012890218151540624
1615.59	0.00013767085756418988
1615.5949999999998	0.0001415073257629931
1615.6000000000001	0.0001411950261453762
1615.605	0.00014009245979102557
1615.61	0.00014003790923492593
1615.615	0.00014081411637812782
1615.62	0.00014186192954310646
1615.6249999999998	0.0001416222539670273
1615.63	0.0001404399016297182
1615.635	0.00013876768110468218
1615.6399999999999	0.00013707294584407593
1615.645	0.00013584547983302523
1615.6499999999999	0.00013572331031722886
1615.655	0.0001367395600924329
1615.66	0.00013905166683196975
1615.665	0.00014164363135052866
1615.6699999999998	0.00014460458852241567
1615.675	0.00014645359990601446
1615.6799999999998	0.0001465723360011909
1615.685	0.00014543948528106813
1615.69	0.00014343079105046022
1615.695	0.0001404268407732536
1615.7	0.00013846107495439874
1615.705	0.0001385359022101647
1615.7099999999998	0.0001403638739169008
1615.7150000000001	0.00014032209713667703
1615.72	0.00013456362475653606
1615.725	0.00012220875623756222
1615.73	0.0001098481130905198
1615.735	0.00010336853662722066
1615.7399999999998	0.0001044028559754542
1615.7450000000001	0.0001131994610894514
1615.75	0.00012679810664847734
1615.7549999999999	0.00013916182012986737
1615.76	0.00014128439886485937
1615.7649999999999	0.00013469154730877053
1615.7699999999998	0.00012499970779178827
1615.775	0.00011529033501886378
1615.78	0.00010844305443970163
1615.7849999999999	0.00010599705557787383
1615.79	0.00010625240953915092
1615.7949999999998	0.00010920848556994427
1615.8	0.00011504476267992554
1615.805	0.00012148234791694809
1615.81	0.00012916198247344364
1615.815	0.00013547991164320047
1615.82	0.00013917522259700242
1615.8249999999998	0.0001403922864291742
1615.83	0.0001386207986346453
1615.835	0.0001342418848304117
1615.84	0.00012893428211214117
1615.845	0.00012498838392319275
1615.85	0.00012196513907437134
1615.8549999999998	0.00012081819102260349
1615.8600000000001	0.00012690826377876333
1615.865	0.0001320835508103433
1615.87	0.00013010295764263392
1615.875	0.00012730660872450048
1615.8799999999999	0.00012786072276466378
1615.8849999999998	0.000139381841836561
1615.89	0.0001362987287891096
1615.895	0.00013466518909588938
1615.8999999999999	0.00013374593866616273
1615.905	0.00013399938090317547
1615.9099999999999	0.00013701241929881032
1615.9149999999997	0.00014153226175332403
1615.92	0.0001460196941687063
1615.925	0.0001461298378805842
1615.93	0.00014015296750421444
1615.935	0.00013284606087148645
1615.9399999999998	0.00012800957184032433
1615.945	0.00012626586014659907
1615.95	0.00012713074853404146
1615.955	0.00012911134014425543
1615.96	0.00013148460263073185
1615.965	0.0001335920072818874
1615.9699999999998	0.0001351393240548242
1615.975	0.00013639221821479247
1615.98	0.00013766282464862278
1615.985	0.00013951969996891449
1615.99	0.00014162644367244744
1615.995	0.0001431823438724957
1615.9999999999998	0.00014285287789181665
1616.005	0.00013709548236427472
1616.01	0.00012785599391697117
1616.0149999999999	0.00012060612149504069
1616.02	0.00012085249535121305
1616.0249999999999	0.00012816080784974065
1616.0299999999997	0.00013453809900869815
1616.035	0.00012890700070692903
1616.04	0.00011457109645164524
1616.045	0.0001038052508167189
1616.05	0.00010315898445696577
1616.0549999999998	0.00011064975616209621
1616.06	0.0001232841444974474
1616.065	0.00013367090654394106
1616.07	0.00013911062730365717
1616.075	0.00014243339123258986
1616.08	0.0001453033729482066
1616.0849999999998	0.0001463211100934444
1616.09	0.00014156949746731905
1616.095	0.00013327721673387678
1616.1	0.0001261875009978124
1616.105	0.0001216538271019819
1616.11	0.00012045428446544408
1616.1149999999998	0.0001225349809694196
1616.12	0.00012667221024178208
1616.125	0.000131014749285985
1616.1299999999999	0.00013527698024914312
1616.135	0.0001405174335997802
1616.1399999999999	0.00014369148919124382
1616.1449999999998	0.00014549797115532268
1616.1499999999999	0.0001447006048020579
1616.155	0.00014053367205630845
1616.16	0.00013361830113928864
1616.165	0.00012557123693370453
1616.1699999999998	0.00011916081887041897
1616.175	0.0001160045378354259
1616.18	0.00011651746111381266
1616.185	0.00011965635961916606
1616.19	0.0001228185025728446
1616.195	0.00012476844678242395
1616.1999999999998	0.0001252234227818035
1616.205	0.0001258374987990955
1616.21	0.0001273228358950157
1616.215	0.0001286035478116928
1616.22	0.00012763378351133704
1616.225	0.00012553704497785884
1616.2299999999998	0.00012555142012891818
1616.235	0.00012879513602527843
1616.24	0.00013031089613910752
1616.2450000000001	0.00012554721583439473
1616.25	0.00011692052317225352
1616.2549999999999	0.00011083419460055613
1616.2599999999998	0.0001098802635637337
1616.2649999999999	0.00011300253175724493
1616.27	0.00011900712484915924
1616.275	0.00012656482418460426
1616.28	0.00013244847880288814
1616.2849999999999	0.0001365315629910344
1616.29	0.00013932993012120894
1616.2949999999998	0.00014122285971259773
1616.3	0.0001425841283783736
1616.305	0.0001435238228647143
1616.31	0.00014291241702523949
1616.3149999999998	0.00014062962721902444
1616.32	0.00013646453847022624
1616.325	0.00013017247640497465
1616.33	0.00012386399469320732
1616.335	0.00011997030257904674
1616.34	0.00012070805460324299
1616.3449999999998	0.0001261983905970679
1616.35	0.0001331563812978194
1616.355	0.00013824658456330593
1616.3600000000001	0.00013934148993002168
1616.365	0.00013969103522424995
1616.37	0.00014119970413258064
1616.3749999999998	0.00014337206652362687
1616.3799999999999	0.00014491577308928713
1616.385	0.0001455472665101555
1616.39	0.00014601975144255258
1616.395	0.000146674824664347
1616.3999999999999	0.00014664998606836563
1616.405	0.00014527296100282512
1616.4099999999999	0.00014323580358550743
1616.415	0.00014216168533799143
1616.42	0.00014306981873154576
1616.425	0.0001434531701398364
1616.4299999999998	0.00014147930027689308
1616.435	0.00013717552765780847
1616.4399999999998	0.00013156552904156353
1616.445	0.00012760381355922363
1616.45	0.0001263733516087669
1616.455	0.00012745041802468622
1616.4599999999998	0.0001304301677064056
1616.465	0.00013378161020769508
1616.47	0.0001365213260184409
1616.4750000000001	0.00013696357124272886
1616.48	0.0001352634609321612
1616.485	0.00013232249374532895
1616.49	0.00012940361692840053
1616.495	0.00012802958486145114
1616.5	0.00012906650636991377
1616.505	0.0001317524709557495
1616.51	0.00013310472079142903
1616.5149999999999	0.00013034176927841922
1616.52	0.0001233254169163973
1616.5249999999999	0.000119756732033243
1616.53	0.00011451746203971006
1616.535	0.0001134695181455462
1616.54	0.00012087831610886137
1616.5449999999998	0.00013000453902359128
1616.55	0.00011985560330242936
1616.5549999999998	0.00010647099639268126
1616.56	0.00010111357823286233
1616.565	0.00010515284382744074
1616.57	0.00011334230662746842
1616.5749999999998	0.00011295075387675655
1616.58	0.00009647853975069033
1616.5849999999998	0.00007560386457239236
1616.5900000000001	0.000060956769039741126
1616.595	0.00005564232912039537
1616.6	0.00005548957836825249
1616.605	0.00005856278470167997
1616.61	0.00006527146732574099
1616.6149999999998	0.00007459494467703238
1616.6200000000001	0.00008444409942420392
1616.625	0.00009674787968008259
1616.6299999999999	0.0001039028112818773
1616.635	0.00010691494228164506
1616.6399999999999	0.00010444959436875777
1616.645	0.00009858912554212352
1616.65	0.00009396602369771347
1616.655	0.00009432266872563667
1616.6599999999999	0.00010182364916131614
1616.665	0.00011520562676805547
1616.6699999999998	0.00012492931055190163
1616.675	0.00012661396670507247
1616.68	0.00012496505976651763
1616.685	0.0001262233278601295
1616.6899999999998	0.00012999878863739588
1616.695	0.00012875901062648593
1616.6999999999998	0.00011830907698988519
1616.7050000000002	0.00010328518235559053
1616.71	0.00009355906889510437
1616.715	0.00008974033294194313
1616.72	0.00009141286945052842
1616.725	0.00009772383627701858
1616.7299999999998	0.00010656056739712052
1616.7350000000001	0.00011588573677451937
1616.74	0.00012494015312970865
1616.745	0.0001306617307479181
1616.75	0.000131651215477656
1616.7549999999999	0.00012906710880049226
1616.7599999999998	0.0001241969942852883
1616.765	0.00011955498762566544
1616.77	0.00011683545779873192
1616.7749999999999	0.0001159107405233068
1616.78	0.0001166919597668739
1616.7849999999999	0.00011922187739194535
1616.79	0.00012240360513313621
1616.795	0.0001254297998333978
1616.8	0.0001281399756882288
1616.8049999999998	0.00013098229871071916
1616.81	0.00013297082182528816
1616.8149999999998	0.00013495289076111797
1616.82	0.00013636407640895464
1616.825	0.00013763266872237565
1616.83	0.00013840264470467092
1616.835	0.0001385915801475783
1616.84	0.00013832361898713402
1616.8449999999998	0.00013727970409826805
1616.8500000000001	0.00013508686122559355
1616.855	0.00013177438822568595
1616.86	0.0001263648083337535
1616.865	0.00011931036599015708
1616.87	0.00011236360483253296
1616.8749999999998	0.00011039408464954756
1616.88	0.00011522816481777006
1616.885	0.00012345817141236912
1616.8899999999999	0.00012607172689150422
1616.895	0.00011652068163335123
1616.8999999999999	0.00010137825326303173
1616.9049999999997	0.00009020825574734221
1616.91	0.00008742372621104515
1616.915	0.00009199293418292348
1616.9199999999998	0.00010006023996301249
1616.925	0.00010732033223391334
1616.9299999999998	0.00011228047380542753
1616.935	0.00011336122951333552
1616.94	0.00011313522434246336
1616.945	0.00011264064972533239
1616.95	0.00011224556418987667
1616.955	0.00011182181402827474
1616.9599999999998	0.00011101888611335019
1616.965	0.00010929891692067927
1616.97	0.00010653070599193687
1616.975	0.00010431335220871205
1616.98	0.00010361960292305206
1616.985	0.00010622348831099695
1616.9899999999998	0.00011248871848518117
1616.9950000000001	0.00012066601776919498
1617	0.00012573633775301402
1617.0049999999999	0.00012719248348483237
1617.01	0.00012702997796983778
1617.0149999999999	0.00012749022330487867
1617.0199999999998	0.00012848632217757398
1617.025	0.00012940196996191625
1617.03	0.00012923019371269972
1617.0349999999999	0.00012720794019719964
1617.04	0.00012216521183110982
1617.0449999999998	0.00011318152870913958
1617.05	0.00010292556384707348
1617.055	0.00009583163921361788
1617.06	0.00009355204730073633
1617.065	0.00009666954358373847
1617.07	0.00010292888372352219
1617.0749999999998	0.00010713288987406795
1617.08	0.00010485796250842756
1617.085	0.00010385950101933424
1617.09	0.000103993149416556
1617.095	0.00010518932527461753
1617.1	0.00010756777714156452
1617.1049999999998	0.0001111641274063058
1617.11	0.00011309028008304798
1617.115	0.00011330341175403841
1617.12	0.0001119238294828501
1617.125	0.00010958313397686397
1617.1299999999999	0.00010729918056533833
1617.1349999999998	0.0001054308441364404
1617.14	0.00010399761756446564
1617.145	0.00010315424184653631
1617.1499999999999	0.00010295415717910261
1617.155	0.0001032605108094645
1617.1599999999999	0.00010435013994901471
1617.165	0.00010583013894625361
1617.17	0.00010784136693237703
1617.175	0.00011071347812021156
1617.18	0.00011162333566827768
1617.185	0.00011254986824049089
1617.1899999999998	0.00011232469382709126
1617.195	0.00011116496151034481
1617.2	0.00010664775713041621
1617.205	0.0001079683280950442
1617.21	0.00011615109278062515
1617.215	0.00012031005597015958
1617.2199999999998	0.00012046944824367795
1617.225	0.00011808142309789238
1617.23	0.0001142256437336503
1617.235	0.00011250301887637483
1617.24	0.0001124989263881565
1617.245	0.00011233631640192646
1617.2499999999998	0.00011133997173440565
1617.2549999999999	0.00010946979065627714
1617.26	0.00010731906887082623
1617.2649999999999	0.00010562554377335506
1617.27	0.00010494692215247657
1617.2749999999999	0.00010590123182028385
1617.28	0.00010880658688962112
1617.2849999999999	0.00011261345888796283
1617.29	0.00011814692073588031
1617.295	0.00012240753505827584
1617.3	0.0001254957996261702
1617.3049999999998	0.00012539680316018672
1617.31	0.00012334883831078826
1617.315	0.00012159367052541731
1617.32	0.00012165003840540741
1617.325	0.00012205529422804072
1617.33	0.00012037177104032683
1617.3349999999998	0.0001164306586754576
1617.34	0.00011177540681672642
1617.345	0.00010989693066554432
1617.35	0.0001115161421767859
1617.355	0.00011513698725836679
1617.36	0.00011917444857700519
1617.365	0.00012137365720407273
1617.37	0.00012055069294862048
1617.375	0.00011745780468880623
1617.3799999999999	0.00011298920005148929
1617.385	0.00010894095294682548
1617.3899999999999	0.00010719073785668136
1617.395	0.00010786803648674836
1617.3999999999999	0.00011039485740798757
1617.405	0.00011409741900071482
1617.41	0.00011730346014186275
1617.415	0.0001200295223313496
1617.4199999999998	0.00012206620696504343
1617.425	0.0001233307556649756
1617.4299999999998	0.0001236108800331195
1617.435	0.00012353617757778244
1617.44	0.00012320264552725623
1617.445	0.00012268250440735441
1617.4499999999998	0.00012228032585024742
1617.455	0.00012199205022880813
1617.46	0.00012137676964003683
1617.465	0.0001196164583487741
1617.47	0.00011535076927918927
1617.475	0.00010771982242102161
1617.48	0.00009797898501988306
1617.485	0.00008732610404143754
1617.49	0.00007809436823475692
1617.495	0.00007172529491606596
1617.5	0.00006888407049268169
1617.5049999999999	0.00007065924840368484
1617.51	0.00007689289958807598
1617.5149999999999	0.00008977075146788749
1617.52	0.00010522515673946159
1617.525	0.0001173352309209257
1617.53	0.00011907927257238536
1617.5349999999999	0.00011324756415620224
1617.54	0.00011013043668140447
1617.5449999999998	0.00011196960374480083
1617.55	0.0001159552187517258
1617.555	0.00011724367185631265
1617.56	0.00011390209664519229
1617.5649999999998	0.00010882836219605953
1617.57	0.00010483684503532947
1617.5749999999998	0.00010378387469903508
1617.58	0.0001055713221880791
1617.585	0.0001095290139074286
1617.59	0.00011364298033019767
1617.595	0.00011783316421482081
1617.6	0.00012152114523642265
1617.605	0.00012420039755930612
1617.6100000000001	0.00012635855476497145
1617.615	0.00012712965527690077
1617.62	0.00012761324758333507
1617.625	0.00012773009182247302
1617.6299999999999	0.0001280596172620583
1617.635	0.00012873279178526962
1617.64	0.00012920845775388668
1617.645	0.00012823756331337464
1617.6499999999999	0.0001254161520983996
1617.655	0.0001230256893930463
1617.6599999999999	0.00012260518954112785
1617.665	0.00012384433388743258
1617.67	0.0001232148954571021
1617.675	0.0001199006475159374
1617.6799999999998	0.0001152025852263427
1617.685	0.0001118073914615533
1617.6899999999998	0.00011132177775964861
1617.695	0.00011381597716598598
1617.7	0.00011871028867591594
1617.705	0.00011341180641351716
1617.71	0.0001120352767848142
1617.715	0.00011205854477169766
1617.7199999999998	0.00011267776699167055
1617.7250000000001	0.0001135772739002179
1617.73	0.0001142095648433376
1617.735	0.00011324376361798448
1617.74	0.0001103473096000711
1617.745	0.00010723914039108826
1617.7499999999998	0.00010465538901789016
1617.755	0.00010330126716084414
1617.76	0.00010382374756680867
1617.7649999999999	0.00010512743491096058
1617.77	0.00010692029271180023
1617.7749999999999	0.0001088852291456883
1617.78	0.00010960020951596315
1617.785	0.00010979337093109413
1617.79	0.00010943003742071548
1617.7949999999998	0.00010878750123840617
1617.8	0.00010843862073659702
1617.8049999999998	0.00010848484815695661
1617.81	0.00010893170378260953
1617.815	0.0001089837078562223
1617.82	0.0001080656112995844
1617.825	0.00010561727788972309
1617.83	0.00010158890045042812
1617.8349999999998	0.00009419402806518909
1617.8400000000001	0.00008783410433712635
1617.845	0.00008137548722345913
1617.85	0.00007846349101823742
1617.855	0.00007918271786657988
1617.86	0.00008518614192265204
1617.8649999999998	0.0000971358062777177
1617.8700000000001	0.00010838043609642289
1617.875	0.0001074347292245997
1617.8799999999999	0.00009923602232716133
1617.885	0.00009303860060307723
1617.8899999999999	0.00009279515317116284
1617.8949999999998	0.00009856090232093367
1617.9	0.00010589305752797807
1617.905	0.00011217011364528129
1617.9099999999999	0.00011562646106944717
1617.915	0.00011476196318846843
1617.9199999999998	0.00011162586739342238
1617.925	0.00010886346409667144
1617.93	0.0001077389985106563
1617.935	0.00010831780756139829
1617.94	0.00010982360875474703
1617.945	0.00011315131571331191
1617.9499999999998	0.0001159342259644659
1617.955	0.00011732305921818216
1617.96	0.00011576127141163727
1617.965	0.00011116600932829105
1617.97	0.00010330175150681528
1617.975	0.00009304582571920265
1617.9799999999998	0.00008172729093357405
1617.9850000000001	0.00007392636084839261
1617.99	0.00007210690873063011
1617.995	0.00007599809576140467
1618	0.00008622404640002521
1618.0049999999999	0.00009769781166945697
1618.0099999999998	0.00010555641411416355
1618.015	0.00010881636635775392
1618.02	0.00010891147316378103
1618.0249999999999	0.00010840951870887271
1618.03	0.0001080598011432868
1618.0349999999999	0.0001075562848138062
1618.0399999999997	0.00010655653124124018
1618.045	0.0001060615038010302
1618.05	0.00010613753828068663
1618.055	0.00010615684162788673
1618.06	0.00010577443257101614
1618.0649999999998	0.00010460989350652924
1618.07	0.00010404869404150705
1618.075	0.00010430033913704679
1618.08	0.00010556169344469369
1618.085	0.00010809161106976501
1618.09	0.00011070295223513253
1618.0949999999998	0.00011344376153934755
1618.1	0.00011571649313146852
1618.105	0.00011712854468478865
1618.11	0.00011784857760896635
1618.115	0.00011778694523007187
1618.12	0.00011708798733494213
1618.1249999999998	0.00011590903880608609
1618.13	0.00011438625380921853
1618.135	0.00011273164285687448
1618.1399999999999	0.00011142914024064358
1618.145	0.00011160989385278174
1618.1499999999999	0.00011280620080255402
1618.1549999999997	0.0001147128022031584
1618.16	0.00011628725291299521
1618.165	0.00011648185934794001
1618.17	0.0001152494176110965
1618.175	0.00011460225400608438
1618.1799999999998	0.0001150575229556116
1618.185	0.00011668835683054198
1618.19	0.00011727747345326255
1618.195	0.0001167734731460665
1618.2	0.00011639044213437295
1618.205	0.00011680082680690345
1618.2099999999998	0.00011741793077216513
1618.215	0.00011759186245957719
1618.22	0.00011718968970704292
1618.225	0.00011651685126105913
1618.23	0.00011578272013057843
1618.235	0.0001156807140976853
1618.2399999999998	0.00011587468423332634
1618.245	0.00011627994396947088
1618.25	0.00011668557374716607
1618.2549999999999	0.00011697924278838258
1618.26	0.00011703720850909868
1618.2649999999999	0.00011615744410383452
1618.2699999999998	0.0001143374483626096
1618.2749999999999	0.00011124076075389322
1618.28	0.00010654123849580933
1618.285	0.00010142398718747498
1618.29	0.00009766330608880312
1618.2949999999998	0.00009751889537723684
1618.3	0.00010154487214918939
1618.305	0.00010820931442735168
1618.31	0.00011328558431975556
1618.315	0.00011329306397188392
1618.32	0.00010870340701241794
1618.3249999999998	0.00010234226763727925
1618.33	0.00009595524226379339
1618.335	0.00009058182618244466
1618.34	0.00008618523071724455
1618.345	0.0000911513799230009
1618.35	0.00009955848784827321
1618.3549999999998	0.00010183812199751278
1618.36	0.00010034917123476962
1618.365	0.00009854052078663229
1618.37	0.00009641801476135399
1618.375	0.00009484399707701533
1618.3799999999999	0.0000947575608072732
1618.3849999999998	0.00009595168173573735
1618.3899999999999	0.00009820245083174263
1618.395	0.00010059531378893152
1618.4	0.00010333231751526547
1618.405	0.00010514233103465633
1618.4099999999999	0.00010694126153195543
1618.415	0.00010850172753768397
1618.4199999999998	0.00010968663828978803
1618.425	0.00011027194245402368
1618.43	0.00010968243708471612
1618.435	0.00010877015160101817
1618.4399999999998	0.00010880384124007671
1618.445	0.00011080676755402381
1618.45	0.0001121267559417049
1618.455	0.00011255663958850944
1618.46	0.0001137577980572604
1618.465	0.00011435362239683362
1618.4699999999998	0.00011324807671664474
1618.475	0.00010969999293331262
1618.48	0.00010445738894819445
1618.4850000000001	0.00009710566083724468
1618.49	0.00009195100701032002
1618.495	0.00009063213718468329
1618.4999999999998	0.00009345987673141754
1618.5049999999999	0.00009955809919767245
1618.51	0.00010621777436720438
1618.515	0.00011132687952792492
1618.52	0.00011357111581646311
1618.5249999999999	0.00011418678822114403
1618.53	0.00011402883508163375
1618.5349999999999	0.00011386808217478004
1618.54	0.00011337029736470173
1618.545	0.00011163681637373017
1618.55	0.00010726289538949904
1618.5549999999998	0.0001010836118413096
1618.56	0.00009479674539619249
1618.5649999999998	0.00009032690578541671
1618.57	0.00008741399120837512
1618.575	0.00008604692770812548
1618.58	0.00008619922609341536
1618.5849999999998	0.00008765271288273416
1618.59	0.00008968851709227658
1618.595	0.00009177537546603651
1618.6000000000001	0.00009398826201174334
1618.605	0.00009534044701903337
1618.61	0.00009535760952499482
1618.6149999999998	0.00009406785677741755
1618.62	0.00009225487512321647
1618.625	0.00009170547413946784
1618.63	0.00009311502933487347
1618.635	0.00009647193407306638
1618.6399999999999	0.00010062664559075109
1618.645	0.00010322977258786284
1618.6499999999999	0.00010228699585960312
1618.655	0.0000986786443849411
1618.66	0.00009439193950058967
1618.665	0.00009097089116800536
1618.6699999999998	0.00008907090776328686
1618.675	0.00008872666418939946
1618.6799999999998	0.00009016654925320567
1618.685	0.00009358332661643484
1618.69	0.00009859289604849303
1618.695	0.0001034362510942253
1618.6999999999998	0.00010705004734454628
1618.705	0.0001090158006494981
1618.7099999999998	0.00010945358341579689
1618.7150000000001	0.0001089525565648214
1618.72	0.0001085420402132589
1618.725	0.0001079590623949079
1618.73	0.00010693815499482145
1618.735	0.00010489935209054625
1618.74	0.00010181741592727556
1618.7450000000001	0.00009789326790655173
1618.75	0.00009358524727066363
1618.7549999999999	0.00008945604325250575
1618.76	0.000085955640677327
1618.7649999999999	0.0000830776402158466
1618.77	0.00008151363032886674
1618.775	0.00008134959763732854
1618.78	0.00008243181112691537
1618.7849999999999	0.00008528510631890391
1618.79	0.00008911687537289183
1618.7949999999998	0.00009277073950846181
1618.8	0.00009574974393717756
1618.805	0.00009762358487027855
1618.81	0.00009997313842948811
1618.8149999999998	0.00010252756149833846
1618.82	0.00010390507517724308
1618.8249999999998	0.00010050806814114407
1618.8300000000002	0.00009159677299575625
1618.835	0.00008272781502128808
1618.84	0.00007721653422981716
1618.845	0.00007833666456153176
1618.85	0.00008441337361494353
1618.8549999999998	0.00009306386142408799
1618.8600000000001	0.00009989163928498812
1618.865	0.00010301660129625297
1618.87	0.00010322130508594408
1618.875	0.00010198384105239498
1618.8799999999999	0.0001004360913270547
1618.8849999999998	0.00009860468508442588
1618.89	0.00009670560082716373
1618.895	0.00009509094566378838
1618.8999999999999	0.0000939455491718656
1618.905	0.00009344815292066809
1618.9099999999999	0.00009374862857482274
1618.915	0.0000949893178566116
1618.92	0.0000958655143523358
1618.925	0.00009702377433717791
1618.9299999999998	0.00009660283139035521
1618.935	0.0000949226341151003
1618.9399999999998	0.00009234425079061867
1618.945	0.00009059255524634723
1618.95	0.00009194424664531179
1618.955	0.0000954031187674429
1618.96	0.00009693044935827683
1618.965	0.00009457070505231256
1618.9699999999998	0.00009068709085216571
1618.9750000000001	0.00008894810980531572
1618.98	0.00009139095017881191
1618.985	0.00009654473832495383
1618.99	0.00010120996610379423
1618.995	0.00010276958987926673
1618.9999999999998	0.00008966309622957856
1619.005	0.00009097823494790732
1619.01	0.00009443555006471734
1619.0149999999999	0.00009689329146734353
1619.02	0.00009752473285293571
1619.0249999999999	0.00009794584965203329
1619.0299999999997	0.00009853930805537006
1619.035	0.00009653076943177232
1619.04	0.00009418380415887755
1619.0449999999998	0.00009165081220125409
1619.05	0.00008912577767275517
1619.0549999999998	0.00008732756419640746
1619.06	0.00008721600885216546
1619.065	0.00008925111172924104
1619.07	0.00009333825156706576
1619.075	0.00009756408262998043
1619.08	0.00010039629524643084
1619.0849999999998	0.0001014944370550138
1619.09	0.00010119988649727602
1619.095	0.00009938727124251986
1619.1	0.00009647715173280284
1619.105	0.00009370941263400331
1619.11	0.00009125391142880006
1619.1149999999998	0.00008936145460575767
1619.1200000000001	0.0000883571614604226
1619.125	0.00008870245145141327
1619.1299999999999	0.0000904267677529975
1619.135	0.0000939845713194217
1619.1399999999999	0.00009789942396692787
1619.1449999999998	0.00010097147937203021
1619.15	0.00010099781949213808
1619.155	0.00009824102305874171
1619.1599999999999	0.00009636232643639159
1619.165	0.00009691161064450856
1619.1699999999998	0.0000982996825240081
1619.175	0.00009808422264007007
1619.18	0.00009667581536781819
1619.185	0.00009695415857663516
1619.19	0.00009955101649023022
1619.195	0.0001017922884725773
1619.1999999999998	0.0001009926966701252
1619.205	0.00009703864243893005
1619.21	0.00009194485065790306
1619.215	0.00008770818658913276
1619.22	0.00008524286457253919
1619.225	0.0000846083839246674
1619.2299999999998	0.00008586273348762834
1619.235	0.00008901926697554743
1619.24	0.00009216659803355672
1619.245	0.00009631272880194544
1619.25	0.00009922006528060772
1619.2549999999999	0.0001014026005035408
1619.2599999999998	0.0001021215575471075
1619.265	0.00010203019908925728
1619.27	0.00010144692559983036
1619.2749999999999	0.00010023044558468848
1619.28	0.00009803677889590563
1619.2849999999999	0.00009605558862323247
1619.29	0.00009466966194793906
1619.295	0.00009425200962850628
1619.3	0.00009486454636083156
1619.305	0.00009563427561203848
1619.31	0.00009703219210965005
1619.3149999999998	0.00009866119796185163
1619.32	0.00010004873476289049
1619.325	0.000100356921746872
1619.33	0.0000990337470832235
1619.335	0.00009691054775428043
1619.34	0.00009548009774151028
1619.3449999999998	0.00009556645195911941
1619.35	0.00009764735411748346
1619.355	0.00009933554537872196
1619.36	0.0000987769003695443
1619.365	0.0000959624304800359
1619.37	0.00009107843880776443
1619.3749999999998	0.00008724783950416486
1619.3799999999999	0.00008462250260766007
1619.385	0.00008372877580308735
1619.3899999999999	0.00008536930910334795
1619.395	0.00008810982631287665
1619.3999999999999	0.00009184716520239559
1619.405	0.000094882983447473
1619.4099999999999	0.00009633917914022163
1619.415	0.00009642812581743848
1619.42	0.00009544114679063516
1619.425	0.00009400832409009448
1619.4299999999998	0.00009326547107024731
1619.435	0.00009413239643294311
1619.44	0.0000968361673267944
1619.445	0.00009968840404747764
1619.45	0.00010039220857893992
1619.455	0.00009622523237525953
1619.4599999999998	0.00008829792628830082
1619.465	0.00008107621815397539
1619.47	0.00007775174309037643
1619.475	0.00008007585459050784
1619.48	0.00008814205794922137
1619.485	0.00009552163292386322
1619.4899999999998	0.00009218338649263084
1619.495	0.00008124715187095885
1619.5	0.00007273529164826138
1619.5049999999999	0.00007114482166877074
1619.51	0.00007644414227004964
1619.5149999999999	0.00008472623330379794
1619.52	0.00009197855001940359
1619.5249999999999	0.00009495801015449241
1619.53	0.00009449943639413303
1619.535	0.00009263522732498647
1619.54	0.00009113744247811307
1619.5449999999998	0.0000910028055114332
1619.55	0.00009274700511191631
1619.5549999999998	0.00009535695416976941
1619.56	0.00009788907878850079
1619.565	0.0001000599240254048
1619.57	0.00010148839052332456
1619.5749999999998	0.00010156070680798672
1619.58	0.00010107887529062859
1619.585	0.00010019957947252389
1619.59	0.0001000594147927716
1619.595	0.00010091672263346947
1619.6	0.0001003951881316746
1619.605	0.00009486901091946016
1619.61	0.00008565404977932863
1619.615	0.00007745224445422593
1619.62	0.00007498470460345795
1619.625	0.00007883642251965005
1619.6299999999999	0.0000868810028140085
1619.635	0.00009498965847999385
1619.6399999999999	0.00008587743208849197
1619.645	0.00008389561114685506
1619.65	0.00008837497340853553
1619.655	0.00009584994086165039
1619.6599999999999	0.00009733818616849461
1619.665	0.00009780251152221084
1619.6699999999998	0.00009872541468276401
1619.675	0.00009834166637424188
1619.68	0.0000966944367820811
1619.685	0.00009515763568324241
1619.6899999999998	0.00009404621450137909
1619.695	0.00009360508510982114
1619.6999999999998	0.00009340205087069418
1619.705	0.00009351662854681253
1619.71	0.00009357804667824804
1619.715	0.0000935540608771292
1619.72	0.00009330710913153177
1619.725	0.00009289929521618455
1619.73	0.00009253240490893028
1619.735	0.00009257944014545372
1619.74	0.00009249319956270625
1619.745	0.00009225998094913546
1619.75	0.00009177389672633414
1619.7549999999999	0.00009088748848803094
1619.76	0.00008953067359596979
1619.765	0.00008736541286179999
1619.77	0.00008504774779461296
1619.7749999999999	0.00008390253375530029
1619.78	0.00008415180531432036
1619.7849999999999	0.00008641299102340394
1619.79	0.00008966845251365618
1619.795	0.00009398512106172927
1619.8	0.00009694622413657534
1619.8049999999998	0.00009847070377319036
1619.81	0.00009851092185479217
1619.8149999999998	0.00009779788629837729
1619.82	0.0000975886019266394
1619.825	0.00009790630359262183
1619.83	0.00009732420621566701
1619.835	0.00009445853927054252
1619.84	0.00008943486570962473
1619.8449999999998	0.00008323723507236959
1619.8500000000001	0.00007734638449486073
1619.855	0.0000737098608793927
1619.86	0.00007120759875276408
1619.865	0.00006953410473966605
1619.87	0.00006808714453178435
1619.8749999999998	0.00006663796332829283
1619.88	0.00006538962975265246
1619.885	0.0000642814122386573
1619.8899999999999	0.00006374201951555497
1619.895	0.00006429928509884514
1619.8999999999999	0.00006660646426640393
1619.905	0.00007223552331830595
1619.91	0.00007941829096997342
1619.915	0.00008587934813447594
1619.9199999999998	0.00008612960094958294
1619.925	0.00008224708844977699
1619.9299999999998	0.00007918242843269598
1619.935	0.00008061155660227864
1619.94	0.00008526971417351086
1619.945	0.00008951096686219682
1619.95	0.00008871717766147634
1619.955	0.00008459891215372993
1619.9599999999998	0.00008040843039024614
1619.9650000000001	0.00007875024646646675
1619.97	0.00008009431294017484
1619.975	0.00008326021222751327
1619.98	0.00008660844648231207
1619.985	0.00008841156919232118
1619.9899999999998	0.00008846198653842289
1619.9950000000001	0.00008846550190355622
1620	0.00008898386019642929