1525	0.0000052553300520230525
1525.0049999999999	0.000005115232527582701
1525.01	0.000004937076173524314
1525.015	0.000004810856353291638
1525.02	0.000004825865780730422
1525.025	0.000004963630919296968
1525.03	0.000005183837611866708
1525.0349999999999	0.000005359850862201431
1525.04	0.000005456128572115196
1525.045	0.0000055900171173394705
1525.05	0.000005565991614283541
1525.055	0.000005378997078305386
1525.06	0.000005117639210943811
1525.065	0.000005063414219953943
1525.07	0.000005201291831115234
1525.075	0.00000541583314971199
1525.0800000000002	0.000005389040641503959
1525.085	0.000005070069928963981
1525.09	0.0000047584391420206565
1525.095	0.000004760420034284809
1525.1	0.000005017784587743243
1525.105	0.00000524136719827462
1525.1100000000001	0.000005340701683983056
1525.115	0.000005308962590816748
1525.12	0.0000051700715001338585
1525.125	0.000005084972702401691
1525.13	0.000005134481246645959
1525.135	0.000005243416884050661
1525.14	0.000005286436657210324
1525.145	0.000005142760747646971
1525.1499999999999	0.000004806060042122097
1525.155	0.000004612993422960757
1525.16	0.000004629539489534662
1525.165	0.000004805149923589326
1525.17	0.000005079089727706449
1525.175	0.000005208722346351542
1525.18	0.000005268094160498749
1525.185	0.000005216372496187298
1525.19	0.000005090451462941806
1525.1950000000002	0.0000050229068619955695
1525.2	0.000005026877917963959
1525.205	0.000005035278228716701
1525.21	0.0000050050371100951486
1525.215	0.0000050050371100951486
1525.22	0.000005008611060451924
1525.2250000000001	0.000005028261966881243
1525.23	0.000004890600848903564
1525.235	0.000004654819875678696
1525.24	0.000004573795176703813
1525.245	0.000004757603328445388
1525.25	0.00000477880887837085
1525.255	0.000004625574241293166
1525.26	0.000004443861802805752
1525.2649999999999	0.000004586221843325311
1525.27	0.000005009678538128579
1525.275	0.000005258525005743259
1525.28	0.000005366879972580181
1525.285	0.00000543574072825204
1525.29	0.000005446851365512694
1525.295	0.0000051854570470159686
1525.3	0.00000481974095930787
1525.305	0.0000048604988187541186
1525.3100000000002	0.000005247463868365744
1525.315	0.000005434143986179225
1525.32	0.0000055414207053127975
1525.325	0.000005747666119126612
1525.33	0.000005946630102914996
1525.335	0.000005941348296867117
1525.3400000000001	0.000005868502487202305
1525.345	0.000005808909069031825
1525.35	0.0000057236341911189935
1525.355	0.000005641789742326098
1525.36	0.00000568137608379551
1525.365	0.00000580445043374015
1525.3700000000001	0.000005926159424700932
1525.375	0.000005801793696046967
1525.3799999999999	0.00000551613960013693
1525.385	0.000005285260178431253
1525.3899999999999	0.000005337127915489465
1525.3950000000002	0.0000054877532418727695
1525.4	0.000005682916098350052
1525.405	0.000005637273861654347
1525.41	0.000005424233822733949
1525.415	0.000005205870878929176
1525.4199999999998	0.000005044747669994236
1525.4250000000002	0.000004995696103394804
1525.43	0.0000050050371100951486
1525.435	0.00000508793275648911
1525.44	0.000005248519755476769
1525.445	0.000005464761216432651
1525.45	0.000005028882849410245
1525.4550000000002	0.000004629966345775219
1525.46	0.000004916014818892649
1525.465	0.000005118397148980506
1525.47	0.000004879500524426851
1525.475	0.000004684651667248938
1525.48	0.000004430963525585544
1525.4850000000001	0.000004127993708877671
1525.49	0.00000408249119216794
1525.495	0.000004410337607289439
1525.5	0.000004855845856867972
1525.5049999999999	0.0000050750197795852265
1525.5100000000002	0.000004936274794739297
1525.515	0.000004812675844666997
1525.52	0.000004841940265306361
1525.525	0.000004974570788949707
1525.53	0.000005120230070836012
1525.5349999999999	0.000005261284479915651
1525.5400000000002	0.000005344737019186136
1525.545	0.00000531206908901301
1525.55	0.000005237460300207202
1525.555	0.000005185207730756231
1525.56	0.000005167313352339594
1525.5649999999998	0.000005251971579589005
1525.5700000000002	0.000005393555336354691
1525.575	0.000005555581640709744
1525.58	0.000005654249978677407
1525.585	0.000005715884199285982
1525.59	0.0000056420748183473585
1525.595	0.000005529974751219894
1525.6000000000001	0.000005380466822099844
1525.605	0.000005179027569657143
1525.61	0.000005178644692280115
1525.615	0.00000534782708633031
1525.62	0.000005552760615784456
1525.625	0.000005694160253229982
1525.63	0.000005725050000815494
1525.635	0.000005720176432077999
1525.64	0.0000057551389900705345
1525.645	0.00000591838094818177
1525.6499999999999	0.000005931675826100557
1525.6550000000002	0.000005720896306834804
1525.66	0.000005541420705412736
1525.665	0.000005533166411477193
1525.67	0.000005455039438721937
1525.675	0.000005275898222958242
1525.6799999999998	0.000005410819187918389
1525.6850000000002	0.0000056753169953516055
1525.69	0.000005791703945864008
1525.695	0.00000576806705976273
1525.7	0.00000561493917804498
1525.705	0.0000053821634474198395
1525.7099999999998	0.000005049033147509486
1525.7150000000001	0.000004857267627816872
1525.72	0.000004920889375923802
1525.725	0.000005135189439364672
1525.73	0.000005191529890618328
1525.735	0.000004969268503158955
1525.74	0.000004715221166811613
1525.7450000000001	0.000004629539489542369
1525.75	0.000004746157272369447
1525.755	0.000004989416402544577
1525.76	0.000005264442784094378
1525.7649999999999	0.000005513740316294137
1525.77	0.00000553816636809875
1525.775	0.000005469870555522324
1525.78	0.000005316202880947968
1525.785	0.000005269315075160493
1525.79	0.000005359496457019258
1525.7949999999998	0.000005444029380973111
1525.8000000000002	0.000005440748025140447
1525.805	0.0000054592376804173844
1525.81	0.000005524677952724111
1525.815	0.000005407871277853001
1525.82	0.000005220737363444261
1525.8249999999998	0.000005235226581044989
1525.8300000000002	0.000005595029960179656
1525.835	0.00000584532290242714
1525.84	0.0000058453229030419615
1525.845	0.000005781935858731448
1525.85	0.000005833184958185568
1525.855	0.000005831755128492503
1525.8600000000001	0.0000058502524896950215
1525.865	0.000005863192654942392
1525.8700000000001	0.000005890327460573799
1525.875	0.00000593034080837521
1525.8799999999999	0.000005910151685508117
1525.885	0.0000058619162442580196
1525.89	0.000005798095701757238
1525.895	0.000005877918153480067
1525.9	0.000005964737566571104
1525.905	0.000006145975234229683
1525.9099999999999	0.00000617643061569206
1525.915	0.000006032124837019421
1525.92	0.000005780376221228486
1525.925	0.0000055458517642091185
1525.93	0.0000054120411755044056
1525.935	0.0000055786396533659445
1525.9399999999998	0.0000056957387174839244
1525.945	0.000005636380227091823
1525.95	0.000005421132862778374
1525.9550000000002	0.0000053510439905925425
1525.96	0.000005468123564004963
1525.965	0.0000056569012116469835
1525.97	0.0000057628961032827255
1525.9750000000001	0.000005852470803547381
1525.98	0.000005896007223675232
1525.9850000000001	0.0000057698702527437175
1525.99	0.000005673308917246415
1525.995	0.00000557476205405149
1526	0.00000544960911527775
1526.005	0.000005538609921325347
1526.01	0.00000588693378707792
1526.015	0.000006111275079138459
1526.02	0.000006137934747181466
1526.0249999999999	0.000006044446746142678
1526.03	0.000005947101237113918
1526.035	0.000005954622612681249
1526.04	0.000006110247588282352
1526.045	0.000006263156171354353
1526.05	0.000006269209023445707
1526.0549999999998	0.000006226859757595281
1526.06	0.0000061051253790692314
1526.065	0.000006050246331637749
1526.0700000000002	0.000005991848705350881
1526.075	0.000006029743033822633
1526.08	0.000006092399289797709
1526.085	0.000006026232313994793
1526.09	0.000005760970690182486
1526.095	0.000005447806808427003
1526.1000000000001	0.000005346840483925981
1526.105	0.0000054520137379066825
1526.11	0.0000056067117904008836
1526.115	0.000005680228856561854
1526.1200000000001	0.000005835669744023914
1526.125	0.000006055406477138962
1526.13	0.0000061626618431323515
1526.135	0.000006041616474859064
1526.1399999999999	0.0000058453229030419615
1526.145	0.0000058453229030419615
1526.15	0.000005831027101656499
1526.155	0.000005745619647886969
1526.16	0.000005606568013482325
1526.165	0.000005559290457313185
1526.1699999999998	0.000005664969698983639
1526.175	0.0000057847173391748845
1526.18	0.000006006267084675022
1526.1850000000002	0.000006138258655048387
1526.19	0.000006240843355648758
1526.195	0.000006249317196558247
1526.2	0.000006187428924638913
1526.205	0.000006023439465914391
1526.21	0.0000057124172424372945
1526.2150000000001	0.000005324457691162751
1526.22	0.0000053089393077243644
1526.225	0.000005518639284377354
1526.23	0.000005853933323863574
1526.235	0.000006066471166520317
1526.24	0.0000061979797005795605
1526.2450000000001	0.000006268652830865078
1526.25	0.000006253454244174301
1526.2549999999999	0.000006241735937751524
1526.26	0.00000631879836469001
1526.265	0.000006468519651005073
1526.27	0.000006494704783687385
1526.275	0.000006358477741166044
1526.28	0.000006170580220566305
1526.2849999999999	0.000006111314326481923
1526.29	0.0000060792231779843004
1526.295	0.000005942416845667485
1526.3000000000002	0.000005881120614503749
1526.305	0.00000596454674393645
1526.31	0.0000062067150916891935
1526.315	0.000006383918843788049
1526.32	0.000006404408244100188
1526.325	0.000006329195767496493
1526.3300000000002	0.00000632538440372278
1526.335	0.0000064098304059542
1526.34	0.000006522432506686499
1526.345	0.000006457178947181694
1526.35	0.000006005480019433166
1526.355	0.000005244766688182895
1526.3600000000001	0.000004452044028660954
1526.365	0.000004290705926197345
1526.37	0.000005102334594951458
1526.375	0.000005819536906765042
1526.3799999999999	0.000005607204032701351
1526.385	0.000005350062399843579
1526.39	0.000005624476188076883
1526.395	0.00000598770985996038
1526.3999999999999	0.000006275051312176188
1526.405	0.0000064450715640609755
1526.4099999999999	0.0000065120368326086434
1526.4150000000002	0.000006406589299607856
1526.42	0.0000062172877141017285
1526.425	0.000006048509973021102
1526.43	0.000005932156260459154
1526.435	0.000005853752031439623
1526.44	0.000005846737006432054
1526.4450000000002	0.000005930875609692228
1526.45	0.000005994656368955894
1526.455	0.000005974510650079816
1526.46	0.000005647935974965032
1526.465	0.000005278445770408331
1526.47	0.000005111949140027963
1526.4750000000001	0.000005279767764410362
1526.48	0.000005740213835010753
1526.485	0.000006162611881088327
1526.49	0.000006278345827248691
1526.495	0.000006181740873621428
1526.5	0.0000059229496319991954
1526.505	0.000005645634711249588
1526.51	0.000005698876142213678
1526.515	0.000006091650860173389
1526.52	0.000006376917007778222
1526.5249999999999	0.00000629676287726432
1526.5300000000002	0.000006210051166782781
1526.535	0.000006168685934641117
1526.54	0.000006277070496557696
1526.545	0.000006382830721840049
1526.55	0.000006122801199013573
1526.5549999999998	0.0000055835432848172156
1526.5600000000002	0.000005277250178285
1526.565	0.000005335975116743251
1526.57	0.000005791367694038551
1526.575	0.000006223333455453115
1526.58	0.000006470476795119513
1526.585	0.000006552594240241988
1526.5900000000001	0.0000065308794831726344
1526.595	0.000006370592772775875
1526.6	0.0000059957596009821544
1526.605	0.000005595029963014862
1526.61	0.000005642055623786802
1526.615	0.000006026301281091572
1526.6200000000001	0.000006318636127163586
1526.625	0.00000637973399482936
1526.63	0.000006330328390411781
1526.635	0.000006322527505216456
1526.6399999999999	0.000006341377791857835
1526.6450000000002	0.0000063250113701176215
1526.65	0.000006316246723791595
1526.655	0.000006359752283302855
1526.66	0.000006292291800820074
1526.665	0.0000061742153643935946
1526.6699999999998	0.000006021734748931541
1526.6750000000002	0.000005851524258529984
1526.68	0.000005635257052797479
1526.685	0.000005419096142915743
1526.69	0.000005487372466288865
1526.695	0.000005816412270677941
1526.6999999999998	0.0000062565289696995235
1526.7050000000002	0.00000658068545205495
1526.71	0.00000665384545409099
1526.715	0.000006282965073665595
1526.72	0.000005754367107919549
1526.725	0.000005575593662916179
1526.73	0.00000590295883284339
1526.7350000000001	0.000006047435087135237
1526.74	0.000005688125841269772
1526.7450000000001	0.000005487388553517558
1526.75	0.000005730392468549227
1526.7549999999999	0.000006177360901494818
1526.76	0.000006387404864099372
1526.765	0.000006478157647411391
1526.77	0.000006642989598287207
1526.775	0.000006731844755275913
1526.78	0.00000672982011728479
1526.7849999999999	0.0000066726219803147845
1526.7900000000002	0.000006588104456497775
1526.795	0.000006518219545149627
1526.8	0.000006453206879086797
1526.805	0.000006473446670320495
1526.81	0.0000066379515267789064
1526.8149999999998	0.000006737281822208551
1526.8200000000002	0.000006838435337352945
1526.825	0.000006799094150872998
1526.83	0.000006808953095908237
1526.835	0.0000068590510633669424
1526.84	0.000006946509974343668
1526.8449999999998	0.000007020951039236889
1526.8500000000001	0.000007007818264153979
1526.855	0.000006824936160944825
1526.8600000000001	0.000006635348655848267
1526.865	0.000006409831025975607
1526.87	0.000006342949442823354
1526.875	0.0000062938086063850034
1526.88	0.000006112735071388983
1526.885	0.000006000905787832556
1526.89	0.000006189968884305012
1526.895	0.00000642352747341066
1526.8999999999999	0.000006373910963326483
1526.905	0.000006393738262104936
1526.91	0.000006799513671096869
1526.915	0.000007079742751607193
1526.92	0.000007038366372620501
1526.925	0.0000068841187877179
1526.9299999999998	0.0000068486767123539365
1526.9350000000002	0.000006878649345296069
1526.94	0.0000070340976434501185
1526.945	0.000007164658042537939
1526.95	0.0000072254417891235094
1526.955	0.000007172117445507557
1526.9599999999998	0.000007029021147751717
1526.9650000000001	0.000006871077950986672
1526.97	0.000006750665087846162
1526.9750000000001	0.000006642780199087118
1526.98	0.000006604721667264233
1526.985	0.000006663982179936055
1526.99	0.000006760063908676411
1526.9950000000001	0.000006615732195638938
1527	0.000006184689675270204
1527.005	0.0000057933687228686544
1527.01	0.0000057219078226835615
1527.0149999999999	0.000006056280469952406
1527.02	0.000006359597831462384
1527.025	0.000006463720210677066
1527.03	0.000006332177481268769
1527.035	0.0000062607441040611405
1527.04	0.000006285414621735445
1527.0449999999998	0.0000062218211549102425
1527.05	0.000006247768074486745
1527.055	0.000006476082779345184
1527.06	0.0000067217347973477895
1527.065	0.000006739268428539099
1527.07	0.000006643915549525911
1527.075	0.000006505208811717706
1527.08	0.0000060618542841918895
1527.085	0.000005545863009630022
1527.0900000000001	0.000005732111770695404
1527.095	0.000005907925242605091
1527.1	0.000005168505016186969
1527.105	0.00000466533720394437
1527.1100000000001	0.000004893203072164321
1527.115	0.000005516179120516965
1527.1200000000001	0.000006248122907957175
1527.125	0.000006656947967214614
1527.1299999999999	0.000006900169993344374
1527.135	0.000006990866544773377
1527.14	0.000007060123347158938
1527.145	0.000007079286098854461
1527.15	0.0000070682377553447596
1527.155	0.000007040282204115115
1527.1599999999999	0.0000069265026310089985
1527.165	0.0000067962135776551044
1527.17	0.000006576329535791741
1527.175	0.000006542599294550368
1527.18	0.000006626931761009762
1527.185	0.000006711264228221008
1527.19	0.000006543264290711028
1527.195	0.000006196739108976797
1527.2	0.0000058587688748329545
1527.2050000000002	0.0000058374189737576366
1527.21	0.000005998171654039545
1527.215	0.000006339492535560013
1527.22	0.000006566430479923756
1527.225	0.000006531510735751629
1527.23	0.000006388535072659429
1527.2350000000001	0.00000631667684197791
1527.24	0.000006275239325034594
1527.245	0.000006079364002538797
1527.25	0.0000059760157318490925
1527.255	0.000006119199506321981
1527.26	0.000006316551920747317
1527.265	0.000006432993951970613
1527.27	0.000006574703194055646
1527.2749999999999	0.000006769803802391774
1527.28	0.000006825375971642037
1527.285	0.000006682057284087377
1527.29	0.000006438417097747971
1527.295	0.0000061805789090721725
1527.3	0.000006113543804531223
1527.305	0.000006278807270078342
1527.31	0.000006561443493298153
1527.315	0.000006775015207501485
1527.3200000000002	0.000006809148313609366
1527.325	0.000006659445978361541
1527.33	0.000006423614305842054
1527.335	0.000006308942704149914
1527.34	0.000006293525200860982
1527.345	0.000006292291800491505
1527.3500000000001	0.000006280368931389591
1527.355	0.000006365105085413378
1527.36	0.0000065705516696191465
1527.365	0.000006775995874297038
1527.37	0.000006843227311499444
1527.375	0.000006834973805890918
1527.38	0.00000703724856535533
1527.385	0.000007300175994904561
1527.3899999999999	0.000007381080056609654
1527.395	0.000007244055483136144
1527.4	0.000006942398926160121
1527.405	0.00000646158212930718
1527.41	0.000005994088063833265
1527.415	0.0000058654530512490896
1527.42	0.000006202903246885868
1527.425	0.000006704998664826035
1527.43	0.000006834618641587743
1527.4350000000002	0.000006567042950673347
1527.44	0.00000637758997442748
1527.445	0.000006586742378057389
1527.45	0.000006835655884870697
1527.455	0.000006837004589141499
1527.46	0.000006931169707911431
1527.4650000000001	0.000007109016495299568
1527.47	0.000006996869997477688
1527.475	0.0000067826892653740775
1527.48	0.000006765170538777842
1527.485	0.000007056366739595832
1527.49	0.00000741605736663424
1527.4950000000001	0.00000768749556607333
1527.5	0.000007719999253087218
1527.5049999999999	0.000007647834983407847
1527.51	0.0000075799010868174325
1527.5149999999999	0.00000757383696616964
1527.52	0.000007579568773508073
1527.525	0.000007569453819727457
1527.53	0.0000075524129409082944
1527.535	0.000007609002749568146
1527.54	0.00000763035350299837
1527.5449999999998	0.000007486826690808211
1527.5500000000002	0.000007294972514088747
1527.555	0.000007187761862181701
1527.56	0.000007231125639569144
1527.565	0.000007435779439573708
1527.57	0.000007618251623651494
1527.575	0.00000767913383322986
1527.5800000000002	0.000007577469018805956
1527.585	0.000007477208605136029
1527.59	0.000007348579530298171
1527.595	0.000007126163984232554
1527.6	0.00000699623071372664
1527.605	0.000007229152249223976
1527.6100000000001	0.000007548386803368506
1527.615	0.000007532330139230169
1527.62	0.00000729606628415123
1527.625	0.000007048763414047352
1527.6299999999999	0.000006949918788827961
1527.6350000000002	0.000007190895339882034
1527.64	0.000007420215810772847
1527.645	0.000007375895603759251
1527.65	0.0000072675079790955315
1527.655	0.000007207697490484045
1527.6599999999999	0.000007197296310130924
1527.6650000000002	0.000007218166761824397
1527.67	0.000007182297296279059
1527.675	0.0000070004846808484395
1527.68	0.000006888152335837116
1527.685	0.000006996657936857665
1527.6899999999998	0.000007158317887859569
1527.6950000000002	0.000007278882813079015
1527.7	0.000007403389263449796
1527.705	0.000007602976982661423
1527.71	0.000007776237907819452
1527.715	0.000007766118012427607
1527.72	0.000007665593384189888
1527.7250000000001	0.000007311391530614685
1527.73	0.000007176456835662838
1527.735	0.000007232993083916769
1527.74	0.0000073309528703515976
1527.745	0.000007276306311701811
1527.75	0.000007257753168232731
1527.755	0.0000072082475531831504
1527.76	0.000006912096678453231
1527.765	0.000006231303740726123
1527.77	0.000005564538282122426
1527.7749999999999	0.000005448642543184942
1527.7800000000002	0.000006095628600884981
1527.785	0.000006944276126904807
1527.79	0.0000074027756118717445
1527.795	0.000007283122577489278
1527.8	0.000006476770179046896
1527.8049999999998	0.000005740970105919538
1527.8100000000002	0.000005907899543497587
1527.815	0.000006662424092147445
1527.82	0.000006900172594542563
1527.825	0.000006554382634086515
1527.83	0.0000062641962117020895
1527.8349999999998	0.0000062912380696069244
1527.8400000000001	0.000006465714248580542
1527.845	0.000006745568834636102
1527.85	0.0000071326018431026055
1527.855	0.000007320161389920652
1527.86	0.000007264627829957122
1527.865	0.000007137999692959953
1527.8700000000001	0.00000709615778731048
1527.875	0.000007068168346414614
1527.88	0.000006987204784430299
1527.885	0.000007016889865794879
1527.8899999999999	0.000007160106458623278
1527.895	0.000007161488891742912
1527.9	0.000007061777489385819
1527.905	0.0000069813238676184855
1527.91	0.000006914902343001745
1527.915	0.0000067388948320599105
1527.9199999999998	0.000006584789952733863
1527.9250000000002	0.000006653883728069233
1527.93	0.000006797740146992592
1527.935	0.0000066748994890604404
1527.94	0.000006450021951108909
1527.945	0.000006310960292054284
1527.9499999999998	0.000006042760860499203
1527.9550000000002	0.000005746054073789772
1527.96	0.000005762947673039348
1527.965	0.000006075842081936847
1527.97	0.00000622495761114265
1527.975	0.000005973528626755821
1527.98	0.000005717142205114733
1527.9850000000001	0.000005827453149968725
1527.99	0.000006272032621837087
1527.9950000000001	0.00000647963252496378
1528	0.000006430553427762391
1528.0049999999999	0.0000063864245771763295
1528.01	0.000006340664934384946
1528.015	0.000006433942380246656
1528.02	0.000006651973198997312
1528.025	0.000006855480022807888
1528.03	0.000006940869156574702
1528.0349999999999	0.000006971691618398061
1528.04	0.00000689593533524343
1528.045	0.0000066959286342101
1528.05	0.0000064007713986623675
1528.055	0.000006144115869240493
1528.06	0.000006045352049231697
1528.0649999999998	0.000006130207557243189
1528.0700000000002	0.000006296845099423328
1528.075	0.000006310176104307169
1528.08	0.0000062696943239877905
1528.085	0.0000064063101729339386
1528.09	0.000006700470273936497
1528.095	0.000007084465879647731
1528.1000000000001	0.000007382194160386424
1528.105	0.000007514627732865546
1528.1100000000001	0.0000075974501661214065
1528.115	0.000007528039587298969
1528.12	0.000007434858762934275
1528.125	0.000007391849067537227
1528.13	0.000007397410918265952
1528.135	0.000007502797147280555
1528.14	0.000007655832984045124
1528.145	0.000007778028665678794
1528.1499999999999	0.000007868187301611392
1528.155	0.000007944921810529483
1528.16	0.000007994534571939244
1528.165	0.000007994950486562678
1528.17	0.00000780784331616125
1528.175	0.000007457337763591517
1528.1799999999998	0.00000732968429967796
1528.185	0.0000074901742766243244
1528.19	0.000007805002612277169
1528.1950000000002	0.00000793715298641473
1528.2	0.00000781272965843839
1528.205	0.000007658755545741883
1528.21	0.000007534350838082664
1528.215	0.000007554947206547461
1528.22	0.00000773441377925979
1528.2250000000001	0.000007874073728192193
1528.23	0.000007828829386951521
1528.235	0.000007632508072784376
1528.24	0.000007437614841649466
1528.2450000000001	0.000007409202652963853
1528.25	0.000007559873496598415
1528.255	0.000007778796963959123
1528.26	0.000007835843160353333
1528.2649999999999	0.000007627008910715448
1528.27	0.000007243885197758685
1528.275	0.000006724892568297529
1528.28	0.000006286705375172213
1528.285	0.000006197660506815996
1528.29	0.0000065583735648379595
1528.2949999999998	0.000007063838259715306
1528.3	0.000007311391527764486
1528.305	0.000007232997004300031
1528.3100000000002	0.000007027184439897371
1528.315	0.0000067793874152815246
1528.32	0.0000063280480448235934
1528.325	0.000005901002502398423
1528.33	0.000006051370081880129
1528.335	0.000006679940459838013
1528.3400000000001	0.000006701015170796116
1528.345	0.000006301822659390189
1528.35	0.0000063668480692410744
1528.355	0.000006864032748092148
1528.36	0.000007264603093235332
1528.365	0.000007336568717475885
1528.3700000000001	0.000007218560944408822
1528.375	0.0000070724331297757175
1528.3799999999999	0.00000711024823698336
1528.385	0.000007330261317472985
1528.39	0.000007537434480617812
1528.395	0.000007697381598429224
1528.4	0.000007734099199936211
1528.405	0.000007670252671872518
1528.4099999999999	0.000007376953014802164
1528.415	0.0000071975289198042464
1528.42	0.000007315155620800671
1528.4250000000002	0.00000763823570933197
1528.43	0.000007964447015771123
1528.435	0.000008155778151747903
1528.44	0.000008212236520860342
1528.445	0.000008133822121523133
1528.45	0.000008024044515733356
1528.4550000000002	0.000007924804761305876
1528.46	0.00000788881368003409
1528.465	0.000007894775114301522
1528.47	0.00000799078811066482
1528.475	0.000008098761990916606
1528.48	0.000008133822120726114
1528.4850000000001	0.000008039954993264668
1528.49	0.000007835967329875776
1528.495	0.000007647739041109377
1528.5	0.000007571382412081036
1528.5049999999999	0.000007575766698439173
1528.51	0.000007758363302972635
1528.515	0.000007957360533116572
1528.52	0.000008008675649358732
1528.5249999999999	0.000007494147423117616
1528.53	0.00000668481318406389
1528.535	0.000006303103871991106
1528.5400000000002	0.0000068502792262092384
1528.545	0.000007653648409355264
1528.55	0.000007900614391441901
1528.555	0.000007903299968334125
1528.56	0.000007473442589576448
1528.565	0.000007225932493134879
1528.5700000000002	0.000007424402796670758
1528.575	0.000007711130439555415
1528.58	0.000007787374789854237
1528.585	0.000007854849000556479
1528.59	0.000007782207427872328
1528.595	0.000007721970698172109
1528.6000000000001	0.000007663859703722393
1528.605	0.000007707917703720962
1528.61	0.000007827230512699145
1528.615	0.000007905106373589822
1528.62	0.000007911180839738862
1528.625	0.000007752625367388267
1528.63	0.000007648636728676446
1528.635	0.0000076244510385433785
1528.6399999999999	0.000007554189651848151
1528.645	0.00000753104852868028
1528.6499999999999	0.000007699825798879546
1528.6550000000002	0.000007887729259300128
1528.66	0.00000800340785852988
1528.665	0.00000781410170761808
1528.67	0.000007670405320630047
1528.675	0.00000768535634678177
1528.6799999999998	0.00000764886135766231
1528.6850000000002	0.000007496140218993457
1528.69	0.0000074722969031377435
1528.695	0.000007649781407658769
1528.7	0.000007730264250155495
1528.705	0.000007586382536903581
1528.71	0.000007492730566555854
1528.7150000000001	0.000007481246332250221
1528.72	0.000007583409437602418
1528.725	0.00000773154169912765
1528.73	0.000007700515734476719
1528.735	0.000007441799233460412
1528.74	0.000007178873229484383
1528.7450000000001	0.000007169705293362394
1528.75	0.0000073236212619456695
1528.755	0.0000074052513822226
1528.76	0.000007296066283243922
1528.7649999999999	0.000007200922223326308
1528.7700000000002	0.000007121107566855972
1528.775	0.000007173473151920166
1528.78	0.000007262860889409427
1528.785	0.000007448242763060099
1528.79	0.000007661211879789164
1528.7949999999998	0.00000783128580423799
1528.8000000000002	0.000007901398930698648
1528.805	0.000007834090332373688
1528.81	0.000007718053930417418
1528.815	0.000007654128394486244
1528.82	0.00000760054452074261
1528.8249999999998	0.0000075782242303145395
1528.8300000000002	0.000007689599720823504
1528.835	0.000007846746327655957
1528.84	0.000008020357200101353
1528.845	0.000007960093945978589
1528.85	0.000007744958567939196
1528.855	0.000007599785812383534
1528.8600000000001	0.000007623282726401691
1528.865	0.000007674927473093253
1528.8700000000001	0.000007730548127534645
1528.875	0.00000779127499597161
1528.8799999999999	0.00000791805789547966
1528.885	0.00000809034000375623
1528.89	0.000008167192248669322
1528.895	0.000008189015003974047
1528.9	0.00000823006198547044
1528.905	0.000008250581938551369
1528.9099999999999	0.000008103460786889752
1528.9150000000002	0.000007975314544369442
1528.92	0.00000800259761542956
1528.925	0.000008116612696104235
1528.93	0.000008133484680835883
1528.935	0.000008183412301593072
1528.9399999999998	0.000008156428658707039
1528.9450000000002	0.000007995099523412707
1528.95	0.00000774994944802093
1528.955	0.000007714018574498797
1528.96	0.00000782918233909108
1528.965	0.000007773025719515481
1528.9699999999998	0.000007571863109062199
1528.9750000000001	0.000007545194910378767
1528.98	0.000007701974444789304
1528.9850000000001	0.00000788626829497684
1528.99	0.00000797566462966234
1528.995	0.000007951524002189864
1529	0.000007853014670006015
1529.005	0.000007803239699647946
1529.01	0.000007847760570321924
1529.015	0.00000795959482443301
1529.02	0.000008036977912001128
1529.0249999999999	0.000008055598300195482
1529.03	0.00000802578963159414
1529.035	0.000007969564346600623
1529.04	0.000007940958157665784
1529.045	0.000007906724003279333
1529.05	0.000007917407249887487
1529.0549999999998	0.000007919268682599066
1529.0600000000002	0.000008008675648649866
1529.065	0.000008004205484195492
1529.07	0.000007907354911912882
1529.075	0.000007554620432628852
1529.08	0.000006882300120079209
1529.0849999999998	0.000006413426694717654
1529.0900000000001	0.000006511131645170016
1529.095	0.000007020069025037378
1529.1000000000001	0.000007588878503340787
1529.105	0.000007786029700808329
1529.11	0.00000767124160734437
1529.115	0.0000075844455161874595
1529.1200000000001	0.000007665724577242924
1529.125	0.00000799664465126368
1529.13	0.000008154256905987357
1529.135	0.000008140204435609642
1529.1399999999999	0.000008018703963643072
1529.145	0.000007929488284974785
1529.15	0.000007913199710461932
1529.155	0.000007922851363252457
1529.16	0.0000080479992872148
1529.165	0.000008341216011726491
1529.1699999999998	0.000008645082297656165
1529.175	0.0000086289877351352
1529.18	0.000008343200579071659
1529.185	0.000008062305280591315
1529.19	0.000007990791345946486
1529.195	0.000008077627671160123
1529.1999999999998	0.000008065882139793734
1529.205	0.000008082742818750319
1529.21	0.000008137475838680025
1529.2150000000001	0.000008057197082322947
1529.22	0.000007790832294741956
1529.225	0.000007566078556635457
1529.23	0.00000772805208450566
1529.2350000000001	0.000008223214529374344
1529.24	0.00000843492274420249
1529.2450000000001	0.0000083658324450639
1529.25	0.000008108046960437686
1529.2549999999999	0.00000788767749145281
1529.26	0.000007960854670067027
1529.265	0.000008162353779634825
1529.27	0.000008218307116121127
1529.275	0.000008208147882631693
1529.28	0.000008116999252052386
1529.2849999999999	0.000007971192716530743
1529.29	0.000007785015096389168
1529.295	0.000007587519511337122
1529.3	0.0000074683258499446325
1529.305	0.000007436537998728456
1529.31	0.0000074617795790163105
1529.315	0.0000074161621180347015
1529.32	0.0000072970205137088175
1529.325	0.000007315111965762967
1529.3300000000002	0.0000075472384385017885
1529.335	0.00000773554332134716
1529.34	0.000007701309168679012
1529.345	0.000007572648894219573
1529.35	0.000007587972354894082
1529.355	0.000007577790530155029
1529.3600000000001	0.000007548924519116355
1529.365	0.0000075309484966535816
1529.37	0.0000076269078639312755
1529.375	0.000007865292486754384
1529.38	0.000008157658154021196
1529.385	0.00000838189316469226
1529.39	0.000008465576683589067
1529.395	0.000008349147445068171
1529.3999999999999	0.000008039760443053476
1529.405	0.000007797702956007199
1529.41	0.000007562489678510815
1529.415	0.00000739045499409937
1529.42	0.000007419807628848171
1529.425	0.000007445484700054057
1529.43	0.0000071508535923835075
1529.435	0.000006936675162674268
1529.44	0.00000726616416766634
1529.4450000000002	0.00000772260681973842
1529.45	0.00000783663027973861
1529.455	0.000007680442652306576
1529.46	0.000007567655605356984
1529.465	0.000007597774541504233
1529.47	0.000007679824711084442
1529.4750000000001	0.000007840603672316182
1529.48	0.000008019393794420193
1529.485	0.000008120168718829518
1529.49	0.000008175008717590291
1529.495	0.000008187460480257855
1529.5	0.000008207891368815123
1529.505	0.000008206312619157992
1529.51	0.0000081941670939764
1529.5149999999999	0.000008234075720427793
1529.52	0.000008326973588323313
1529.525	0.000008400987871303891
1529.53	0.000008384129614794142
1529.535	0.000008278956361991644
1529.54	0.000007996512580762684
1529.545	0.00000768159596471384
1529.55	0.000007563888343873157
1529.555	0.000007762465426797754
1529.5600000000002	0.00000796051029402125
1529.565	0.000008050515501171009
1529.57	0.000008142012724336668
1529.575	0.000008308430240909959
1529.58	0.000008361682821163154
1529.585	0.000008325549177962204
1529.5900000000001	0.000008283851101083936
1529.595	0.000008354589857505847
1529.6	0.000008369357523854827
1529.605	0.000008330491255037481
1529.61	0.000008427827397229526
1529.615	0.000008293106064675648
1529.6200000000001	0.000007844262419664313
1529.625	0.00000771537653099104
1529.6299999999999	0.00000802198847917938
1529.635	0.000008381850844490698
1529.6399999999999	0.000008406301498844602
1529.645	0.000008031609475775382
1529.65	0.0000075104667707016845
1529.655	0.000007177136656819096
1529.66	0.000007171063286343816
1529.665	0.000007500117735303668
1529.6699999999998	0.000007963636657316064
1529.6750000000002	0.00000833655939858223
1529.68	0.000008411937245966077
1529.685	0.000008209625378910474
1529.69	0.000008154259246493593
1529.695	0.000008230152828498767
1529.7	0.000008449805374484256
1529.7050000000002	0.000008523807991103904
1529.71	0.000008426885043360534
1529.715	0.00000816414072245651
1529.72	0.000008008675649762145
1529.725	0.00000801816141913811
1529.73	0.000008085295639095949
1529.7350000000001	0.000008242190527865434
1529.74	0.000008407965649893004
1529.745	0.000008524244362448418
1529.75	0.00000854613638506103
1529.7549999999999	0.000008476806902457723
1529.76	0.00000836385879972006
1529.765	0.000008153323012887411
1529.77	0.000007720942329925664
1529.775	0.000007169578160709147
1529.78	0.0000069920087309805154
1529.7849999999999	0.000007441422148632931
1529.7900000000002	0.0000074584855984459225
1529.795	0.0000073593264624169965
1529.8	0.00000760937365966883
1529.805	0.00000776081459016395
1529.81	0.000007777292492433474
1529.8149999999998	0.000007889474442495275
1529.8200000000002	0.000007985771190712365
1529.825	0.000007950712613314293
1529.83	0.000007831758313713873
1529.835	0.000007925860698857164
1529.84	0.000008091678732299213
1529.845	0.000008255140396285141
1529.8500000000001	0.000008343257441699007
1529.855	0.00000831643826398575
1529.86	0.000008080181528832062
1529.865	0.000007680540237822979
1529.87	0.00000748446298479029
1529.875	0.0000075676556030579264
1529.88	0.000007664411576268148
1529.885	0.0000075890454955641985
1529.89	0.000007491587039809874
1529.895	0.000007350652597833769
1529.8999999999999	0.000007151490693374503
1529.9050000000002	0.00000696258321873026
1529.91	0.000006924125525526264
1529.915	0.000006983836149976662
1529.92	0.0000071862450538687904
1529.925	0.000007347145581143253
1529.9299999999998	0.0000075047028041212146
1529.9350000000002	0.000007735637152941152
1529.94	0.000007867227797957514
1529.945	0.00000796315593661884
1529.95	0.000007951779644978845
1529.955	0.000008021666539872285
1529.9599999999998	0.00000800270451533138
1529.9650000000001	0.000007768859142027924
1529.97	0.000007318994136675544
1529.975	0.000007011340530120217
1529.98	0.000007071816943204245
1529.985	0.000007611131869146779
1529.99	0.000008102187649168778
1529.9950000000001	0.000008365540823502564
1530	0.000008231987421887607
1530.005	0.000007800082845131911
1530.01	0.000007106442904139284
1530.0149999999999	0.000006615763633955308
1530.02	0.0000066805673696923306
1530.025	0.000007269325352881493
1530.03	0.000008005233552448245
1530.035	0.00000845774689511504
1530.04	0.000008583544582580214
1530.0449999999998	0.000008641796096499623
1530.0500000000002	0.000008682228676568157
1530.055	0.000008664931075031885
1530.06	0.00000863228459017759
1530.065	0.00000860122963677257
1530.07	0.000008690621457242476
1530.0749999999998	0.000008830006828220813
1530.0800000000002	0.000008907354716153073
1530.085	0.000008781931685979432
1530.09	0.000008603143217225636
1530.095	0.000008485193557585083
1530.1	0.000008455637726001438
1530.105	0.000008435428912485914
1530.1100000000001	0.00000839656580844689
1530.115	0.000008331265038483299
1530.1200000000001	0.00000807629524106403
1530.125	0.000007553146300122973
1530.1299999999999	0.000007275637475868114
1530.135	0.000007569475430337264
1530.14	0.000008088733954545165
1530.145	0.000008398122229214331
1530.15	0.000008363140694815276
1530.155	0.000008148720859430986
1530.1599999999999	0.000008020347177541733
1530.165	0.000007922255768634345
1530.17	0.000007738294534645438
1530.175	0.000007475335331311821
1530.18	0.000007267331448183243
1530.185	0.000007149840844740093
1530.1899999999998	0.000007021816990199987
1530.1950000000002	0.000007027833670394229
1530.2	0.0000072317136616460905
1530.205	0.000007719874879480988
1530.21	0.000008226605375310074
1530.215	0.000008588973221407499
1530.22	0.000008756006718112744
1530.2250000000001	0.00000875452665259191
1530.23	0.000008687056285789147
1530.2350000000001	0.000008589907152677138
1530.24	0.000008339785279981518
1530.245	0.000007875484646711152
1530.25	0.000007714785164330678
1530.255	0.00000811521555798047
1530.26	0.000008497844103981303
1530.265	0.000008238996523111239
1530.27	0.000007879660366941475
1530.2749999999999	0.00000793575656776827
1530.28	0.000008277924784850517
1530.285	0.000008549245058785067
1530.29	0.000008646586211955839
1530.295	0.000008647402861872902
1530.3	0.000008821044198799876
1530.3049999999998	0.000008856365837704829
1530.31	0.00000879300901352707
1530.315	0.00000876152214664842
1530.32	0.000008803683643228311
1530.325	0.0000088442129901468
1530.33	0.000008904650959879098
1530.335	0.000008891100879452639
1530.34	0.00000877522870928683
1530.345	0.000008791047147842909
1530.3500000000001	0.00000887562144090138
1530.355	0.0000089330060282642
1530.36	0.000008877653976702088
1530.365	0.000008880770312256796
1530.3700000000001	0.000008846999090778162
1530.375	0.000008831106242723765
1530.38	0.00000877851391048769
1530.385	0.000008762868450926256
1530.3899999999999	0.000008810991857011681
1530.395	0.000008796077110837914
1530.4	0.00000849529043642386
1530.405	0.000008119513713238201
1530.41	0.000007978866538062927
1530.415	0.000008053559016144953
1530.4199999999998	0.000008304578444415214
1530.425	0.00000872783901885385
1530.43	0.00000888985232391661
1530.4350000000002	0.000008906476319729226
1530.44	0.000008842912786780284
1530.445	0.000008920498657971622
1530.45	0.000008920498657971622
1530.455	0.000008920498657971622
1530.46	0.000008604978901094272
1530.4650000000001	0.000008294737204312577
1530.47	0.00000830276450446165
1530.475	0.000008683605606451007
1530.48	0.000008527161612831787
1530.485	0.000007884658352570237
1530.49	0.0000075909938787995795
1530.4950000000001	0.000007961969044002277
1530.5	0.000008254227637399777
1530.5049999999999	0.00000827174932917503
1530.51	0.000008414050724548022
1530.515	0.000008480398373640984
1530.52	0.00000815104189542905
1530.525	0.000007611357173365751
1530.53	0.0000069994971008507825
1530.5349999999999	0.000006662228732322584
1530.54	0.000006971046831500977
1530.545	0.00000776763367019205
1530.5500000000002	0.00000824695134859653
1530.555	0.000008121902490153092
1530.56	0.00000793812637938394
1530.565	0.00000802754355118463
1530.57	0.000008078563209397803
1530.575	0.000007778893910531853
1530.5800000000002	0.000007323311168118313
1530.585	0.0000071463504181188525
1530.59	0.000007399098384704214
1530.595	0.000007802213073444514
1530.6	0.000007972907042130826
1530.605	0.000007980569959790229
1530.6100000000001	0.000008118501325593256
1530.615	0.000008357497232370158
1530.62	0.000008402010285337344
1530.625	0.000008109988513222603
1530.6299999999999	0.000007916613421230518
1530.635	0.000008086649448523536
1530.64	0.00000849977213080684
1530.645	0.000008810558005780187
1530.6499999999999	0.000008913267905128907
1530.655	0.000008827682519548932
1530.66	0.000008756158926088725
1530.6650000000002	0.000008718608115198905
1530.67	0.000008329345688273768
1530.675	0.000007606395242308564
1530.68	0.000007274107047212296
1530.685	0.000007861361221325708
1530.69	0.000008365109324537125
1530.6950000000002	0.000007691593877119566
1530.7	0.000007423401468643828
1530.705	0.000008098781679506187
1530.71	0.00000875447882046592
1530.715	0.000009114756089574028
1530.72	0.000009255138620450688
1530.7250000000001	0.000009170806153236258
1530.73	0.000009054916317772947
1530.735	0.000009045645128935577
1530.74	0.00000895860930197232
1530.745	0.000008898647071737673
1530.75	0.000008896882546656897
1530.755	0.000008727798967254469
1530.76	0.000008169226943573611
1530.7649999999999	0.000007599599782848734
1530.77	0.000007592343270953396
1530.7749999999999	0.000008075176727849899
1530.7800000000002	0.000008584443847696562
1530.785	0.000008850879816000746
1530.79	0.000009074700751723634
1530.795	0.000009244174480850856
1530.8	0.000009291572792960913
1530.8049999999998	0.000009269312346570668
1530.8100000000002	0.000009194048181310082
1530.815	0.000009054063842597867
1530.82	0.00000899701437477903
1530.825	0.000009057693519222986
1530.83	0.000009187256507448322
1530.835	0.000009359445298581408
1530.8400000000001	0.000009388769692276273
1530.845	0.0000090825690384558
1530.85	0.000008643376420905405
1530.855	0.000008694034960578286
1530.86	0.00000878396861989256
1530.865	0.0000088688438827405
1530.8700000000001	0.000008969359463077024
1530.875	0.000008638002920551856
1530.8799999999999	0.000008255936853208968
1530.885	0.000008300805617850637
1530.8899999999999	0.000008528172431231723
1530.8950000000002	0.000008690894706777592
1530.9	0.00000887564299299053
1530.905	0.000009042311750878668
1530.91	0.000008822921657614114
1530.915	0.000008328972932772017
1530.9199999999998	0.000007918665400274669
1530.9250000000002	0.000007793817359226454
1530.93	0.000007938667121818334
1530.935	0.000008138671113790772
1530.94	0.000008199283540355351
1530.945	0.000008190712172145845
1530.9499999999998	0.00000841260555189605
1530.9550000000002	0.00000864635512320501
1530.96	0.00000868144572432173
1530.965	0.000008469391530390403
1530.97	0.000008196395360140757
1530.975	0.000008014169559872482
1530.98	0.000007922026271141046
1530.9850000000001	0.000007956410764724817
1530.99	0.000008099080106847853
1530.9950000000001	0.000008200185850584493
1531	0.000008147231713346525
1531.0049999999999	0.000007998451298197445
1531.01	0.000007859421087207855
1531.015	0.000007721827032430073
1531.02	0.000007795674832896756
1531.025	0.000008239472982809174
1531.03	0.000008644648390674223
1531.0349999999999	0.000008358343967329107
1531.0400000000002	0.000007974541480997749
1531.045	0.000008367029519985363
1531.05	0.000008925166340182388
1531.055	0.000008869192409360386
1531.06	0.00000841094443674656
1531.0649999999998	0.000008137261410536201
1531.0700000000002	0.000008224899532802295
1531.075	0.000008507902603688124
1531.08	0.000008778150699209418
1531.085	0.000009069031168994564
1531.09	0.00000943348109021413
1531.0949999999998	0.00000964406639124332
1531.1000000000001	0.000009672113927006568
1531.105	0.000009536798807837823
1531.1100000000001	0.000009300156134641914
1531.115	0.000008995868736728995
1531.12	0.000008834324543328298
1531.125	0.000008905126590673626
1531.13	0.000009227598852020683
1531.135	0.00000926448032873684
1531.14	0.000008911907801276037
1531.145	0.000008262549533464564
1531.1499999999999	0.000007924275121247614
1531.155	0.000008063738924071398
1531.16	0.000008562173494159652
1531.165	0.000009406212475663006
1531.17	0.000009848297808987902
1531.175	0.00000994406036760683
1531.1799999999998	0.000009838930454010654
1531.1850000000002	0.000009555198307973672
1531.19	0.000009087363538706803
1531.195	0.00000876633599432255
1531.2	0.000008903009837059596
1531.205	0.000009357714910422967
1531.2099999999998	0.000009605849235718733
1531.2150000000001	0.000009462305698088122
1531.22	0.00000895055208841462
1531.2250000000001	0.000008433197441233832
1531.23	0.000008220936382313045
1531.235	0.000008579360427396639
1531.24	0.000008995518914686465
1531.2450000000001	0.000008957632914467828
1531.25	0.000008570275437327339
1531.255	0.000008365599996760194
1531.26	0.000008546296405931775
1531.2649999999999	0.000008938368402632314
1531.27	0.000009189312353899742
1531.275	0.000009142071318121127
1531.28	0.000009106139138539229
1531.285	0.000009123025056625722
1531.29	0.00000914823088333558
1531.2949999999998	0.00000911891712633126
1531.3	0.00000895771291787887
1531.305	0.000008463652830578482
1531.31	0.000007611501930170438
1531.315	0.000006896342851147877
1531.32	0.000006696915459106122
1531.3249999999998	0.0000071204528108664406
1531.3300000000002	0.000007957834384493739
1531.335	0.000008414981673811274
1531.3400000000001	0.000008310513190367414
1531.345	0.000008179594588668565
1531.35	0.000008206770867079729
1531.355	0.00000846220568326858
1531.3600000000001	0.000008661610191426816
1531.365	0.000008503081434592396
1531.3700000000001	0.000007917819146683456
1531.375	0.000007306285891911699
1531.3799999999999	0.000007097962220532382
1531.385	0.0000075616948922695255
1531.39	0.00000847233069542446
1531.395	0.000009152925808277609
1531.4	0.000009390122591236314
1531.405	0.000009344182071226272
1531.4099999999999	0.000009452605369667955
1531.415	0.00000976335805744343
1531.42	0.000009838031592544803
1531.425	0.000009709276665299016
1531.43	0.000009514074196281522
1531.435	0.000009254581531441847
1531.4399999999998	0.000008992983871467481
1531.445	0.00000864614638754356
1531.45	0.00000837610699726763
1531.4550000000002	0.000008160337219749562
1531.46	0.000008270076718560819
1531.465	0.000008601231709397765
1531.47	0.000009027771056829632
1531.475	0.000009315820834226471
1531.48	0.000009368792505199763
1531.4850000000001	0.000009154322834212766
1531.49	0.000008800352812631341
1531.495	0.000008718723876418461
1531.5	0.000009019906857215863
1531.505	0.000009244466783232877
1531.51	0.000009047843663751683
1531.515	0.000008755574678374037
1531.52	0.000008775278558186564
1531.5249999999999	0.000008954857724449179
1531.53	0.000008952050637204052
1531.535	0.000008802356226240022
1531.54	0.000008800952388336093
1531.545	0.000009090346389464222
1531.55	0.00000926186459415526
1531.555	0.00000900339298829633
1531.56	0.000008952095264544664
1531.565	0.000008864630223918156
1531.5700000000002	0.000008661904022488721
1531.575	0.0000087005813864902
1531.58	0.00000802696708773744
1531.585	0.000007626060207034143
1531.59	0.000008509276065390812
1531.595	0.000009226196447466509
1531.6000000000001	0.000009219799761062618
1531.605	0.000008938368415354823
1531.61	0.00000829274845014829
1531.615	0.000007829883821508464
1531.62	0.00000788123764616295
1531.625	0.000008464736232770169
1531.63	0.000009070113781332995
1531.635	0.00000932073096148521
1531.6399999999999	0.00000921677149808376
1531.645	0.000009082685987849243
1531.65	0.000009183576493719058
1531.655	0.000009343205806659722
1531.66	0.000009472188786756412
1531.665	0.000009546263753345751
1531.67	0.00000964459572100292
1531.675	0.000009689290891401476
1531.68	0.000009598952605368087
1531.6850000000002	0.00000939031128820864
1531.69	0.00000915393389651052
1531.695	0.000008995446058259832
1531.7	0.000009044973814554125
1531.705	0.000009274497272607604
1531.71	0.000009584630784540039
1531.7150000000001	0.000009745169035429152
1531.72	0.000009591142981696082
1531.725	0.000009246293410314351
1531.73	0.000008972468964391656
1531.735	0.000009030678647554626
1531.74	0.00000945437119154514
1531.7450000000001	0.00000957064515864855
1531.75	0.000009205742662958397
1531.7549999999999	0.00000893718581869335
1531.76	0.000009254759303776804
1531.7649999999999	0.000009744831209634009
1531.77	0.000010057746963610842
1531.775	0.000010052955023655518
1531.78	0.0000097352666358064
1531.785	0.00000957873018895126
1531.79	0.000009837067660987248
1531.795	0.000010138091850905373
1531.8000000000002	0.000010094094152345354
1531.805	0.000009835627112092352
1531.81	0.000009740604983037596
1531.815	0.000009997203749906784
1531.82	0.000010391208445670742
1531.825	0.0000106189982034266
1531.8300000000002	0.000010593172604769021
1531.835	0.000010162745815905725
1531.84	0.000009407857674692875
1531.845	0.000008805659152443158
1531.85	0.000008812539116189253
1531.855	0.000009409078637841062
1531.8600000000001	0.000010111026780416833
1531.865	0.000010374409609736623
1531.87	0.00001015487348622165
1531.875	0.000009908304496073962
1531.8799999999999	0.000010017683364705285
1531.885	0.00001034411251758056
1531.89	0.000010547116490138915
1531.895	0.000010483264770520983
1531.9	0.000010253228543129994
1531.905	0.000009951756225564128
1531.9099999999999	0.000009641855514783532
1531.9150000000002	0.000009355312219137537
1531.92	0.000009456867699139406
1531.925	0.000009893114702772217
1531.93	0.000010563763974930807
1531.935	0.000010887175449170162
1531.9399999999998	0.000010826390809414101
1531.9450000000002	0.000010636875235445177
1531.95	0.000010525228572892523
1531.955	0.00001049860632863937
1531.96	0.000010660225556640071
1531.965	0.000010708390618674452
1531.97	0.000010415315053898988
1531.9750000000001	0.000009882524386518887
1531.98	0.000009591286710023114
1531.985	0.000009726324209809903
1531.99	0.000010029627700723393
1531.995	0.000010201712679779452
1532	0.000010151871408985792
1532.005	0.00001001338691609602
1532.01	0.00000990806095010287
1532.015	0.000009680508682977998
1532.02	0.000009203302705259513
1532.0249999999999	0.000008913275596317127
1532.0300000000002	0.000009086765634390203
1532.035	0.00000953895504496096
1532.04	0.000009828026517690368
1532.045	0.000009776136723755746
1532.05	0.00000977649517338494
1532.0549999999998	0.000009746577624724888
1532.0600000000002	0.000009611574460808541
1532.065	0.000009422510633534423
1532.07	0.00000943417035088022
1532.075	0.000009542481933198704
1532.08	0.000009506645810191091
1532.0849999999998	0.000009254237138676932
1532.0900000000001	0.00000920656020753086
1532.095	0.000009479012864762719
1532.1	0.000009669279236614566
1532.105	0.000009723261968087024
1532.11	0.000010012002524299004
1532.115	0.000010147880310769036
1532.1200000000001	0.000010100513465149698
1532.125	0.00001014540781571225
1532.13	0.000010129617968945358
1532.135	0.000010283766637104434
1532.1399999999999	0.000010379771121043748
1532.145	0.000010270177956490879
1532.15	0.000010203491545637673
1532.155	0.000010143276982195945
1532.16	0.000009760804151377609
1532.165	0.000009313835811937087
1532.1699999999998	0.000009341181677290866
1532.1750000000002	0.000009893183917332617
1532.18	0.000010523294527305552
1532.185	0.000010875488580354355
1532.19	0.000010919780301089644
1532.195	0.000010812859963144834
1532.1999999999998	0.000010641084590110187
1532.2050000000002	0.00001044861839541591
1532.21	0.000010137311835708976
1532.215	0.00001004687510430813
1532.22	0.000010068959486963145
1532.225	0.00001018203096921124
1532.23	0.000009934340874340983
1532.2350000000001	0.000009432416932892291
1532.24	0.00000888729029921116
1532.2450000000001	0.000008825996434234619
1532.25	0.000009236847478791626
1532.2549999999999	0.000009939219096033173
1532.26	0.000010407697771538788
1532.265	0.000010690509223114162
1532.27	0.000010817249289207927
1532.275	0.000010887175449170162
1532.28	0.000010887175449170162
1532.2849999999999	0.000010844031552538458
1532.29	0.00001089870218120126
1532.295	0.00001087006642267734
1532.3	0.000010637618600846327
1532.305	0.000010231371409998267
1532.31	0.000010113827225763207
1532.3149999999998	0.000010238327371791897
1532.3200000000002	0.000010436023968189739
1532.325	0.00001052066454254714
1532.33	0.000010654069436277486
1532.335	0.00001066288281561855
1532.34	0.000010399567238094295
1532.345	0.000009957142339875846
1532.3500000000001	0.000009782133638603271
1532.355	0.000009954650423080263
1532.3600000000001	0.000010341561916250153
1532.365	0.000010602345790154129
1532.37	0.000010664611935400218
1532.375	0.000010618052585256715
1532.38	0.000010620596052564212
1532.385	0.000010755318724559076
1532.39	0.000010835452743249748
1532.395	0.000010931235528126737
1532.3999999999999	0.000010956290609705794
1532.405	0.000010605046709190473
1532.41	0.000009886314236127011
1532.415	0.000009302037954801884
1532.42	0.000009299814585030031
1532.425	0.000009848137905036753
1532.4299999999998	0.000010360440882476314
1532.435	0.00001060661787793047
1532.44	0.000010629999452093006
1532.445	0.000010630682271600078
1532.45	0.000010713890120611319
1532.455	0.000010731083771916947
1532.46	0.000010514276392527341
1532.465	0.000010214245666051159
1532.47	0.000010240109053592488
1532.4750000000001	0.000010723227985718128
1532.48	0.000011232698821143117
1532.485	0.000011447393006075444
1532.49	0.000011287054985484745
1532.4950000000001	0.000011079379134796327
1532.5	0.000011060535258961109
1532.505	0.000011312393793714393
1532.51	0.000011683784468196744
1532.5149999999999	0.00001186140990708623
1532.52	0.000011888405424542717
1532.525	0.00001187625759591018
1532.53	0.00001182599720378622
1532.535	0.000011788282427402665
1532.54	0.000011627879225127219
1532.5449999999998	0.000011168865794558538
1532.55	0.000010624954798995545
1532.555	0.000010406353854426492
1532.56	0.000010803617073979411
1532.565	0.000011271584209755924
1532.57	0.000011298786811255613
1532.575	0.000011107054266065747
1532.58	0.000011251087617638142
1532.585	0.00001149392931446676
1532.5900000000001	0.000011691736290231356
1532.595	0.000011688297001421196
1532.6	0.000011668243507873282
1532.605	0.000011630877383456612
1532.61	0.000011568039668870399
1532.615	0.000011394491599250993
1532.6200000000001	0.000011176222568761895
1532.625	0.000011101728887297205
1532.6299999999999	0.000011082222708213003
1532.635	0.000010853974226166085
1532.64	0.000010359547041809343
1532.645	0.000010274183293253448
1532.65	0.00001071366898375011
1532.655	0.000010766906864676765
1532.6599999999999	0.000009855488676704237
1532.665	0.000008595318854933083
1532.67	0.000007955027586574995
1532.6750000000002	0.000008421314386665485
1532.68	0.00000960235002165881
1532.685	0.000010487428287105904
1532.69	0.000010881215626940333
1532.695	0.000011090470010583395
1532.7	0.000011334152077324668
1532.7050000000002	0.000011334152077324668
1532.71	0.000011152051031176454
1532.715	0.000011062718379382822
1532.72	0.000011075237124870503
1532.725	0.000011228180528324736
1532.73	0.00001127759566266024
1532.7350000000001	0.000011098860088072189
1532.74	0.000010656708315602847
1532.745	0.000010087736892118715
1532.75	0.000009775435580035415
1532.7549999999999	0.000009989181412607406
1532.76	0.000010650111807484386
1532.765	0.000010981208300918039
1532.77	0.000011042130708901307
1532.7749999999999	0.000011018957594237092
1532.78	0.000010588541595970185
1532.785	0.000009617777955551251
1532.7900000000002	0.000008750979641112237
1532.795	0.000008567924955172951
1532.8	0.00000907885050385969
1532.805	0.000009544070789527869
1532.81	0.000009295959912460545
1532.815	0.000008521451104888387
1532.8200000000002	0.000008068528316063924
1532.825	0.00000846342330353724
1532.83	0.000009480963433444037
1532.835	0.00001051984342239089
1532.84	0.000011111485278437405
1532.845	0.000011310591865589337
1532.8500000000001	0.000011127737138388573
1532.855	0.00001069591659168569
1532.86	0.00001019884076727522
1532.865	0.00000967059334620908
1532.87	0.000009549303016744429
1532.875	0.000009949076126992902
1532.88	0.000010064744853663375
1532.885	0.000009398759670309896
1532.8899999999999	0.000009175275833749021
1532.895	0.000009446595659551684
1532.8999999999999	0.000009535464241338091
1532.9050000000002	0.000009240330360627861
1532.91	0.000009101651882885398
1532.915	0.00000955072977770492
1532.92	0.000010028301814441159
1532.925	0.000009830948202118533
1532.9299999999998	0.000009216211053178999
1532.9350000000002	0.000009001858710430837
1532.94	0.000009461604185067883
1532.945	0.000010210015698117521
1532.95	0.000010813116285931906
1532.955	0.000011063418740129912
1532.96	0.000010935712328556466
1532.9650000000001	0.000010601117546337148
1532.97	0.000010276008380870772
1532.975	0.000010122403704606746
1532.98	0.00001021727327655329
1532.985	0.000010533704569302958
1532.99	0.000010867353834771949
1532.9950000000001	0.000011003396971212456
1533	0.000010767988802965462
1533.0049999999999	0.000010515047445979876
1533.01	0.000010431697038283457
1533.0149999999999	0.000010410406200407922
1533.0200000000002	0.000010542371970994644
1533.025	0.000010582846718266625
1533.03	0.000010302619648524095
1533.035	0.000009820797527443152
1533.04	0.000009592479467670019
1533.0449999999998	0.000009715152239912697
1533.0500000000002	0.000009846304735358506
1533.055	0.0000097812841323144
1533.06	0.000009426219297776797
1533.065	0.000009156693097681587
1533.07	0.00000903749631319728
1533.0749999999998	0.000009088937073381124
1533.0800000000002	0.000009309131288901048
1533.085	0.000009625060886713638
1533.09	0.000009873818508872891
1533.095	0.000009958823664596773
1533.1	0.000009824568248665432
1533.105	0.00000950945432962268
1533.1100000000001	0.000009456867702632333
1533.115	0.000009697872727615553
1533.12	0.000010120572533916848
1533.125	0.000010226334813788995
1533.1299999999999	0.000010243206798520638
1533.135	0.000010355038364568072
1533.14	0.00001034008746579084
1533.145	0.000010206151641154335
1533.15	0.000009917740339006568
1533.155	0.000009768568353148589
1533.1599999999999	0.00000991564647500832
1533.1650000000002	0.000010331918006393026
1533.17	0.000010811195343318148
1533.175	0.00001109457451471365
1533.18	0.000011150990031685774
1533.185	0.000011045708867660414
1533.1899999999998	0.0000108579188285104
1533.1950000000002	0.000010875958283411453
1533.2	0.00001118197761950855
1533.205	0.000011257584647874071
1533.21	0.000011099391095183699
1533.215	0.000010976955503591669
1533.2199999999998	0.000010958698112517589
1533.2250000000001	0.000010831717511585445
1533.23	0.000010583238333452398
1533.235	0.00001040234330052059
1533.24	0.000010361179301546344
1533.245	0.000010482758802702062
1533.25	0.0000106975220444444
1533.255	0.000010877880264316741
1533.26	0.000010950632641742189
1533.265	0.000011037510984857957
1533.27	0.000011122159775387829
1533.2749999999999	0.000011063416667396277
1533.28	0.000010891926802881583
1533.285	0.000010739589071925096
1533.29	0.000010743098646342799
1533.295	0.000010891744745835813
1533.3	0.000011064919956533486
1533.3049999999998	0.000011203744658004695
1533.3100000000002	0.0000112626439658925
1533.315	0.000011155365013552579
1533.32	0.00001092223672561086
1533.325	0.000010695626515103714
1533.33	0.00001063454344217732
1533.3349999999998	0.000010848761172026061
1533.3400000000001	0.000011021663615108859
1533.345	0.000010922560757840735
1533.3500000000001	0.000010645431448746249
1533.355	0.00001037021649993852
1533.36	0.000010316574418930418
1533.365	0.000010437550369158166
1533.3700000000001	0.000010752339216598875
1533.375	0.000010945378774061433
1533.38	0.000010907612590001313
1533.385	0.000010252300651605995
1533.3899999999999	0.000009573796704482881
1533.395	0.000009690014022558145
1533.4	0.000009893038311553349
1533.405	0.00000938998170856553
1533.41	0.000009467796978845868
1533.415	0.000010245852853721817
1533.4199999999998	0.000010325134179887802
1533.425	0.00001005197763737214
1533.43	0.000010023034214966818
1533.435	0.00001020932113822884
1533.44	0.00001044459706849645
1533.445	0.00001070870717689498
1533.4499999999998	0.000011078197667837168
1533.4550000000002	0.000011328505937734557
1533.46	0.000011187352360019609
1533.4650000000001	0.000010862718283625683
1533.47	0.000010492473787478214
1533.475	0.000010411813169499493
1533.48	0.000010685146835090607
1533.4850000000001	0.000010846867212897007
1533.49	0.000010589674358307939
1533.4950000000001	0.000010385134958555609
1533.5	0.00001027637959865264
1533.5049999999999	0.00000999323529854724
1533.51	0.000009800075195776066
1533.515	0.000009870225908853653
1533.52	0.00001017201671538921
1533.525	0.000010331875218728452
1533.53	0.000009930475835811893
1533.5349999999999	0.000009350706945895446
1533.54	0.00000914956460129605
1533.545	0.000009741434021001117
1533.55	0.000010667639478858589
1533.555	0.000011095764677143001
1533.56	0.000011254977180579522
1533.5649999999998	0.000011433475362262461
1533.57	0.000011493073544536805
1533.575	0.000011407219777403051
1533.5800000000002	0.000011207810091708522
1533.585	0.000010833548014011074
1533.59	0.000010576492338736698
1533.595	0.000010466697860324637
1533.6	0.000010470004375902924
1533.605	0.000010607863237066339
1533.6100000000001	0.000010829077481634484
1533.615	0.00001097286481298202
1533.62	0.000010913997992751114
1533.625	0.000010670489289622181
1533.63	0.000010493846880402844
1533.635	0.0000106368788616757
1533.64	0.000010852914175051172
1533.645	0.000010704208038339517
1533.6499999999999	0.000010339930754147937
1533.655	0.00001029185195003665
1533.66	0.000010296416921174975
1533.665	0.000009911201905436425
1533.67	0.000009444716588805085
1533.675	0.00000920346177204318
1533.6799999999998	0.000009446406783327524
1533.685	0.000010026534078196116
1533.69	0.00001050277932466732
1533.6950000000002	0.000010475960161851648
1533.7	0.000010109441073460583
1533.705	0.000009941577444695708
1533.71	0.000010164703937397103
1533.715	0.00001047097374532637
1533.72	0.000010368690713859006
1533.7250000000001	0.00000983698586985863
1533.73	0.000009962041141677581
1533.735	0.000010405615869621226
1533.74	0.00001064738813313853
1533.745	0.000010554567275830552
1533.75	0.000010051254976677961
1533.755	0.000009355659135748172
1533.76	0.000009228584520928445
1533.7649999999999	0.00000962767079606158
1533.77	0.000010112115923045513
1533.775	0.000010377636493686908
1533.78	0.000010485376389054099
1533.785	0.00001042839046523866
1533.79	0.000010261090149313643
1533.795	0.000010113278093707042
1533.8	0.000010076447769750609
1533.805	0.000010127486098478221
1533.8100000000002	0.000010197851758600407
1533.815	0.000010396498875464126
1533.82	0.00001059515892735577
1533.825	0.000010735541794246375
1533.83	0.000010697016314686843
1533.835	0.000010513349981895906
1533.8400000000001	0.000010278654898040764
1533.845	0.000010037114479673932
1533.85	0.00000984890079803594
1533.855	0.000009750346062745497
1533.86	0.000009660480256386502
1533.865	0.000009617768228054062
1533.8700000000001	0.000009610616837170878
1533.875	0.000009512321194850845
1533.8799999999999	0.000009298868360026742
1533.885	0.000008989776692787552
1533.8899999999999	0.00000884897599462421
1533.895	0.000008920493799515288
1533.9	0.000009259005945813168
1533.905	0.000009676177017813195
1533.91	0.000009878806303664633
1533.915	0.000009707963592952368
1533.92	0.000009606254753769672
1533.9250000000002	0.000009855885839070432
1533.93	0.000010013388977058194
1533.935	0.000010112297421026981
1533.94	0.000010028234104408611
1533.945	0.000009871652589262577
1533.95	0.000009619834047129913
1533.9550000000002	0.00000929104836052496
1533.96	0.000008570143131217113
1533.965	0.000007731207027513643
1533.97	0.000006962583222015619
1533.975	0.000006810776544096513
1533.98	0.0000071202286061032455
1533.9850000000001	0.00000786125237298956
1533.99	0.000008772648376194965
1533.995	0.0000094151504832671
1534	0.000009849147949465882
1534.0049999999999	0.000010065454756751112
1534.01	0.000010191800411573993
1534.015	0.00001009327992705041
1534.02	0.000009528375828829447
1534.025	0.000008796104249957918
1534.03	0.000008573028019939578
1534.0349999999999	0.000008835665316669844
1534.0400000000002	0.000009240799612923214
1534.045	0.000009599898473174015
1534.05	0.000009704934197786073
1534.055	0.00000977571107696956
1534.06	0.000009870313680718451
1534.0649999999998	0.000009885952753736827
1534.0700000000002	0.000009521380785494198
1534.075	0.000009079122903243574
1534.08	0.000009132000521384874
1534.085	0.000009692861913308647
1534.09	0.00001006434334746666
1534.095	0.000010098124032437569
1534.1000000000001	0.000010411380073158895
1534.105	0.000010987091454883173
1534.11	0.000011375516894080058
1534.115	0.000011354139856118413
1534.12	0.000010978485090835424
1534.125	0.000010547475551670438
1534.13	0.000010411119165206195
1534.135	0.000010689898887881601
1534.14	0.000010975667858922436
1534.145	0.000011058090902333864
1534.1499999999999	0.000010985660188110769
1534.1550000000002	0.000010971809383715991
1534.16	0.000011135700328974308
1534.165	0.000011220921682663919
1534.17	0.000011277325807639904
1534.175	0.00001139110126257238
1534.1799999999998	0.000011531798568099682
1534.1850000000002	0.000011614924004802084
1534.19	0.000011607152726070378
1534.195	0.000011430558526162142
1534.2	0.000011036520054580823
1534.205	0.000010663004320057334
1534.2099999999998	0.000010496874137340709
1534.2150000000001	0.000010527324838077726
1534.22	0.000010657400973591705
1534.225	0.000010789836876166056
1534.23	0.00001099639920874019
1534.235	0.000011105308073932944
1534.24	0.000011182182786586811
1534.2450000000001	0.000011141952807831139
1534.25	0.000011051815214275479
1534.255	0.000010919692366307561
1534.26	0.000010928756695216134
1534.2649999999999	0.00001094163137174805
1534.27	0.000010239471716690004
1534.275	0.000009425167362889574
1534.28	0.000009185432813195702
1534.285	0.000009237438707970952
1534.29	0.000009359965621323259
1534.2949999999998	0.000009526020319866442
1534.3000000000002	0.000009697539583864171
1534.305	0.000009880895954122405
1534.31	0.000010145845790156111
1534.315	0.00001053336553148344
1534.32	0.00001091846933366243
1534.3249999999998	0.000011201165182010163
1534.3300000000002	0.00001138273268209056
1534.335	0.000011452644331763139
1534.34	0.000011279467702992935
1534.345	0.0000108858031010956
1534.35	0.000010589679003146475
1534.3549999999998	0.00001072006153253012
1534.3600000000001	0.000011363840303317349
1534.365	0.000011681522919548483
1534.3700000000001	0.000011823547825638843
1534.375	0.000011698261437825775
1534.3799999999999	0.000011215186830274648
1534.385	0.000010576358584614828
1534.39	0.000010175954952516799
1534.395	0.000010379637001425525
1534.4	0.000010924763032549583
1534.405	0.000011393263439341782
1534.4099999999999	0.000011446301052898319
1534.415	0.000011025220008865813
1534.42	0.000010582386976520684
1534.425	0.000010720734093926327
1534.43	0.00001092740421712361
1534.435	0.000010718950356160244
1534.4399999999998	0.00001110172887458357
1534.4450000000002	0.000011633349548618024
1534.45	0.000011709612282225564
1534.455	0.000011590900250841793
1534.46	0.00001151330664831022
1534.465	0.000011396727742281807
1534.47	0.000011241890601872155
1534.4750000000001	0.000011034356903711549
1534.48	0.000010966498999218888
1534.4850000000001	0.000010804172369042645
1534.49	0.00001046556520140227
1534.495	0.000010406683678269628
1534.5	0.00001076527509768917
1534.505	0.000011118963030093592
1534.51	0.000011121226870776056
1534.515	0.000011047132693201609
1534.52	0.000011288185168509008
1534.5249999999999	0.000011543597266326655
1534.53	0.000011267104135978484
1534.535	0.00001082824909836211
1534.54	0.000010765013736311192
1534.545	0.000011122308851000858
1534.55	0.00001155267494336229
1534.5549999999998	0.000011580255787064277
1534.56	0.000011217945733599633
1534.565	0.000010903967771046047
1534.57	0.000010815667337737991
1534.575	0.000010742656744739088
1534.58	0.000010827455311471558
1534.585	0.000011181233419132286
1534.5900000000001	0.00001155859368643741
1534.595	0.000011756783037383542
1534.6000000000001	0.00001184369830087426
1534.605	0.000012000142300875727
1534.61	0.000011996426717129825
1534.615	0.000011839431266881039
1534.6200000000001	0.000011946707355456917
1534.625	0.000011865083781954884
1534.63	0.00001130695203244152
1534.635	0.000011014666672143126
1534.6399999999999	0.000011411374427211981
1534.645	0.000011957583636761952
1534.65	0.000012245269602580336
1534.655	0.000012335382052697231
1534.66	0.000012091380115437199
1534.665	0.000011444933834106785
1534.6699999999998	0.000010785107272259043
1534.675	0.000010493837180547411
1534.68	0.000010616439134261924
1534.685	0.000010996374049988274
1534.69	0.000011311568534137709
1534.695	0.000011029274143556205
1534.7	0.000010847274882203931
1534.705	0.000010894209218596992
1534.71	0.000011057030855199774
1534.7150000000001	0.000010930092549877215
1534.72	0.00001060339824940786
1534.725	0.000010481670541500595
1534.73	0.000010649048520509741
1534.735	0.000010949014410170514
1534.74	0.000011191118870810397
1534.7450000000001	0.000011414609610202476
1534.75	0.000011572540335652756
1534.7549999999999	0.000011535112281940792
1534.76	0.00001139923290295677
1534.765	0.000011085677837281606
1534.77	0.000010662614380263077
1534.775	0.000009901603963463152
1534.78	0.000009134277129756903
1534.7849999999999	0.000009221779003749598
1534.79	0.000010262615302732318
1534.795	0.000011079480941711881
1534.8	0.000011430698199176059
1534.805	0.000011928927320655033
1534.81	0.000012108062428808064
1534.815	0.00001205396431187751
1534.82	0.000011819804736936636
1534.825	0.000011352030575912081
1534.8300000000002	0.00001093987560266138
1534.835	0.00001076900082501694
1534.84	0.000010852032566421003
1534.845	0.000011129299573964344
1534.85	0.000011583849610738165
1534.855	0.000011937644500310813
1534.8600000000001	0.000012109727757722184
1534.865	0.000012098239194234144
1534.87	0.000011928858990289987
1534.875	0.000011705898328870574
1534.8799999999999	0.000011658076846653961
1534.885	0.00001196201698879962
1534.89	0.000012323810706994441
1534.895	0.000012425127211066336
1534.8999999999999	0.000012280332730609875
1534.905	0.0000122495548509348
1534.91	0.000012487522029297772
1534.9150000000002	0.000012854543862269543
1534.92	0.000013034602637265766
1534.925	0.000013046893910920888
1534.93	0.000012864792860631704
1534.935	0.000012685804082746165
1534.94	0.000012469471241808894
1534.9450000000002	0.000012238824281205056
1534.95	0.000012010044034627143
1534.955	0.000011836871961376819
1534.96	0.000011768808408461496
1534.965	0.000012031436190156411
1534.97	0.000012590248006369555
1534.9750000000001	0.000012940821094904716
1534.98	0.000013050535926595318
1534.985	0.000013061340892248868
1534.99	0.000013095232133021575
1534.995	0.000013075112293524203
1535	0.000012819182020261589
1535.005	0.000012360556880576932
1535.01	0.000011806669412244976
1535.0149999999999	0.00001163878075438392
1535.02	0.000011703201274490194
1535.0249999999999	0.00001171466763804989
1535.0300000000002	0.000011685994874259644
1535.035	0.000011765391678042784
1535.04	0.000011995677284693572
1535.045	0.000012097732299232363
1535.05	0.000011901811384722627
1535.055	0.000011644533377107025
1535.0600000000002	0.000011182369380656686
1535.065	0.00001029896523695748
1535.07	0.000009712637820092706
1535.075	0.000009918143030281633
1535.08	0.000010937236912856395
1535.085	0.00001181829199034722
1535.0900000000001	0.000011967782630718305
1535.095	0.000011902998918844672
1535.1	0.000012355444671737059
1535.105	0.000013088851393532654
1535.11	0.000013633840338579472
1535.115	0.000013776124733595755
1535.1200000000001	0.000013661076085890596
1535.125	0.00001362418047375819
1535.1299999999999	0.000013687564355075062
1535.135	0.000013989568791407645
1535.1399999999999	0.000014238531065834967
1535.1450000000002	0.000014162916598593954
1535.15	0.000013942991557773346
1535.155	0.000013613171484346042
1535.16	0.000013191007361469944
1535.165	0.000012925374903716164
1535.1699999999998	0.000013273024179873637
1535.1750000000002	0.000013738875466896898
1535.18	0.000013754316824612184
1535.185	0.000013518310158341274
1535.19	0.000013325220262108805
1535.195	0.000013257607291257333
1535.1999999999998	0.000013517663245396048
1535.2050000000002	0.00001354854956050999
1535.21	0.000013376822614073846
1535.215	0.00001329689713925552
1535.22	0.000013194458011122302
1535.225	0.000012911897460115862
1535.23	0.00001243728621049731
1535.2350000000001	0.000012243600218815928
1535.24	0.000012469154288951968
1535.245	0.000012770426100888256
1535.25	0.000012665981409144778
1535.2549999999999	0.000012252573244477012
1535.26	0.000011890429518173014
1535.265	0.000011913642996527443
1535.27	0.00001237779459502476
1535.275	0.000012628316594175052
1535.28	0.000012238827202118066
1535.2849999999999	0.000011806157995877073
1535.2900000000002	0.000012015738229908741
1535.295	0.00001248198007854589
1535.3	0.000012538840539980384
1535.305	0.000012135843004872165
1535.31	0.000011584106272959147
1535.3149999999998	0.000010847133548949853
1535.3200000000002	0.000010191759742085312
1535.325	0.000010093051347102026
1535.33	0.000010698330673379622
1535.335	0.000011530820881226544
1535.34	0.000012145465325585065
1535.3449999999998	0.00001210132905621899
1535.3500000000001	0.000012232682068130324
1535.355	0.000012741314656475885
1535.36	0.00001247459899942131
1535.365	0.000011842956175221357
1535.37	0.000011939489473581384
1535.375	0.000012772233007065957
1535.38	0.000013160165101896682
1535.385	0.00001323925809628412
1535.39	0.000013321417629471982
1535.395	0.000013567371171020798
1535.3999999999999	0.000013818646731233604
1535.405	0.000013878577282076183
1535.41	0.000013431956196559575
1535.415	0.000012768943794524223
1535.42	0.000012490071759883152
1535.425	0.000013201507164684658
1535.4299999999998	0.00001380541813066427
1535.4350000000002	0.000013674354074859367
1535.44	0.0000135422068780512
1535.445	0.000012970264501204623
1535.45	0.000011846423182035736
1535.455	0.000010985336445695592
1535.4599999999998	0.000010951542913747165
1535.4650000000001	0.000011861223571318141
1535.47	0.000013014775149407543
1535.475	0.00001365763391647209
1535.48	0.00001360088968769185
1535.485	0.00001308828038182686
1535.49	0.000012484369428656446
1535.4950000000001	0.000012448475132644946
1535.5	0.000012862603680349395
1535.505	0.000013322454691818538
1535.51	0.000013560082324276867
1535.5149999999999	0.000013024454065806382
1535.52	0.000012550290499811753
1535.525	0.000012441531002375725
1535.53	0.000012226449119858727
1535.535	0.000012138708058979985
1535.54	0.00001247369875724116
1535.5449999999998	0.000012947331694592443
1535.55	0.000013166899671647491
1535.555	0.000012968531374889462
1535.56	0.00001264178317645953
1535.565	0.000012112677008616931
1535.57	0.000011598641930418104
1535.5749999999998	0.000011323100824752806
1535.5800000000002	0.000011458333603232823
1535.585	0.000012149635451813624
1535.5900000000001	0.000012945245542927286
1535.595	0.000012978351150070677
1535.6	0.000012605880071334036
1535.605	0.00001258242594831727
1535.6100000000001	0.000012877036663689983
1535.615	0.000013205479859464247
1535.6200000000001	0.000013318713172338891
1535.625	0.000013265082091875267
1535.6299999999999	0.000013189020420004904
1535.635	0.000013257281062929016
1535.64	0.000013569020653237878
1535.645	0.000013952550364473445
1535.65	0.000014176912372931813
1535.655	0.00001419238413440972
1535.6599999999999	0.000014271866528931545
1535.665	0.000014207258881684417
1535.67	0.000013661258997953799
1535.675	0.000013046787637703198
1535.68	0.000013032652938644207
1535.685	0.000013481292567568235
1535.6899999999998	0.00001407545641537096
1535.695	0.000014150275564325295
1535.7	0.000013931072321174202
1535.7050000000002	0.000013931075338134613
1535.71	0.000014337817732605854
1535.715	0.000014677180312767084
1535.72	0.000014565859540489232
1535.725	0.00001438167676407495
1535.73	0.000014457912043972569
1535.7350000000001	0.00001469734812696544
1535.74	0.000014707105064124543
1535.745	0.000014398286964958008
1535.75	0.000013865163006386338
1535.755	0.000013272560072495037
1535.76	0.000012996897571789924
1535.765	0.000013356464592666483
1535.77	0.000014056138317076772
1535.7749999999999	0.000014642418695619426
1535.78	0.00001487704954456528
1535.785	0.00001478872786322106
1535.79	0.000014741372845778357
1535.795	0.000014866891725818845
1535.8	0.000015097677522527178
1535.8049999999998	0.000015323105992705595
1535.81	0.000015263944326703154
1535.815	0.00001492004832744787
1535.8200000000002	0.000014740903601127625
1535.825	0.000014680768476793648
1535.83	0.000014439680374509992
1535.835	0.000014214247743753248
1535.84	0.000013908311481657398
1535.845	0.000013551145103040873
1535.8500000000001	0.000013781944272902784
1535.855	0.000014014412101251801
1535.86	0.000012950568277997884
1535.865	0.000012237034242207485
1535.87	0.000012720885004760843
1535.875	0.00001328221149884561
1535.88	0.000013596955792960164
1535.885	0.000013715403833051648
1535.8899999999999	0.000014069297918481187
1535.895	0.000014584226294150978
1535.9	0.000014727182810249096
1535.905	0.00001465334665600614
1535.91	0.000014706182353150183
1535.915	0.000014290035211878776
1535.9199999999998	0.000013551140025298884
1535.925	0.000012958108097079892
1535.93	0.000012687592729814157
1535.9350000000002	0.000012642141277867059
1535.94	0.000012658153916904886
1535.945	0.000012984444483603242
1535.95	0.000013670866120585884
1535.955	0.000014117200393864316
1535.96	0.000013964811084249951
1535.9650000000001	0.000013765692716655269
1535.97	0.00001387015913557483
1535.975	0.000013978446656274227
1535.98	0.000013628966012295518
1535.985	0.000013022488415002222
1535.99	0.000012568503747152135
1535.9950000000001	0.000012637216158417193
1536	0.000012821267929072052
1536.0049999999999	0.000012673017278371747
1536.01	0.000012220038454264776
1536.0149999999999	0.000012013551895506685
1536.02	0.000012421729998648954
1536.025	0.00001334458396668852
1536.03	0.000013858130368282615
1536.035	0.000013492944820011496
1536.04	0.000013110985286489332
1536.045	0.000014001603284428371
1536.0500000000002	0.000014954647464018061
1536.055	0.00001531790819849432
1536.06	0.000015246388851674062
1536.065	0.000014959604929536422
1536.07	0.000014843241485097288
1536.075	0.000015083921767634475
1536.0800000000002	0.000015336672826483655
1536.085	0.000015186218667322512
1536.09	0.000014739586078338844
1536.095	0.000014129004194191442
1536.1	0.000013542545993589552
1536.105	0.000013191847624909253
1536.1100000000001	0.00001326002611418211
1536.115	0.00001367192139911859
1536.12	0.000014184730069739162
1536.125	0.000014466326314462784
1536.1299999999999	0.000014607864912820784
1536.135	0.000014776759537368756
1536.14	0.000015075325780250808
1536.145	0.000015200747706790324
1536.15	0.000015091709736878203
1536.155	0.000014763341180638111
1536.1599999999999	0.000014667152428902092
1536.1650000000002	0.000014874907493270214
1536.17	0.000015079085999674042
1536.175	0.00001489135524849984
1536.18	0.000014625667253964516
1536.185	0.000014713637191001888
1536.1899999999998	0.000014746889355002228
1536.1950000000002	0.000014133374331047018
1536.2	0.000013914286810429631
1536.205	0.00001487776525357626
1536.21	0.000015180514324932636
1536.215	0.000014912329625126392
1536.22	0.000014937151244310408
1536.2250000000001	0.000014576602413219037
1536.23	0.00001431994314771144
1536.235	0.00001484619254054618
1536.24	0.00001541359424858729
1536.245	0.00001538525208280686
1536.25	0.000014887184762284024
1536.255	0.000014335866658423324
1536.26	0.000014109697878884888
1536.265	0.000014350497651857458
1536.27	0.000014934442496393378
1536.2749999999999	0.000015099997480101506
1536.2800000000002	0.00001484753190392162
1536.285	0.000014030896059399379
1536.29	0.00001271117322977446
1536.295	0.000011817548939792267
1536.3	0.000012048666173362964
1536.3049999999998	0.000013084308992439498
1536.3100000000002	0.000014069305248862066
1536.315	0.000014462973922491063
1536.32	0.000014556920813404297
1536.325	0.000014830489000255555
1536.33	0.000015082117487384627
1536.3349999999998	0.000015247000934352325
1536.3400000000001	0.00001521388185321337
1536.345	0.00001528135606055243
1536.35	0.000015317110941090793
1536.355	0.000015306311225169648
1536.36	0.000015185989036822231
1536.365	0.000015007531456096955
1536.3700000000001	0.000015012834668932508
1536.375	0.00001519749275070914
1536.38	0.00001551782769439855
1536.385	0.000015447472692766026
1536.3899999999999	0.000014934971129026353
1536.395	0.000014594363843317924
1536.4	0.000014797268622943387
1536.405	0.000015337787669519946
1536.41	0.000015703682049649264
1536.415	0.000015647850395048675
1536.4199999999998	0.00001533416270888302
1536.4250000000002	0.00001486280632496479
1536.43	0.000014623498887835267
1536.435	0.000014715511486039325
1536.44	0.000015160254386415765
1536.445	0.00001565705453485855
1536.4499999999998	0.000015839643310755505
1536.4550000000002	0.000015715503402137298
1536.46	0.0000153284420932411
1536.465	0.000014740602796133744
1536.47	0.000014176908746584264
1536.475	0.00001390872057527303
1536.4799999999998	0.000013902411037215859
1536.4850000000001	0.000013834457682497788
1536.49	0.000013647765716624167
1536.4950000000001	0.000013997357186243832
1536.5	0.000014895109434167573
1536.5049999999999	0.00001524127320982834
1536.51	0.000014936762467093281
1536.515	0.000014810124403957293
1536.52	0.000015158759180764789
1536.525	0.000015571466053618065
1536.53	0.000015808275019142525
1536.5349999999999	0.000015975978379208123
1536.54	0.000015859766498768958
1536.545	0.00001531669327817895
1536.55	0.000014806019877174614
1536.555	0.000014970424271080956
1536.56	0.000015620153033357125
1536.5649999999998	0.000015964055204276434
1536.5700000000002	0.000015863884543315733
1536.575	0.00001593024159403427
1536.58	0.00001588017267254359
1536.585	0.000015469198128607423
1536.59	0.000015173477878008263
1536.5949999999998	0.00001519214727852236
1536.6000000000001	0.000015323266881491457
1536.605	0.00001539884749053111
1536.6100000000001	0.000015176345197989024
1536.615	0.000014848563307483954
1536.62	0.000014469523510279169
1536.625	0.000014160814325902906
1536.63	0.000013936639579388252
1536.635	0.000013658732219589356
1536.64	0.000013063710806102444
1536.645	0.000012063118035289577
1536.6499999999999	0.000011514204475091292
1536.655	0.000012047255228112514
1536.66	0.000013568661467740698
1536.665	0.000015022480747623396
1536.67	0.00001570608239011506
1536.675	0.000015950492809893897
1536.6799999999998	0.00001585073565919962
1536.685	0.000015323302380263446
1536.69	0.000014451521888275115
1536.695	0.000013592637080862416
1536.7	0.000013185135111352255
1536.705	0.000013328504403711765
1536.71	0.000013951225319468464
1536.7150000000001	0.000014772170134886551
1536.72	0.000015432725176926853
1536.7250000000001	0.000015640836210294994
1536.73	0.00001549494744616887
1536.735	0.000015303684313486216
1536.74	0.000015428021735752804
1536.7450000000001	0.00001563174855182131
1536.75	0.000015370431689144812
1536.755	0.000015167403030045056
1536.76	0.000015295331181824303
1536.7649999999999	0.000015251233394389588
1536.77	0.000015037957933109463
1536.775	0.000015064540674781115
1536.78	0.000015226507489567849
1536.785	0.000015111425748543272
1536.79	0.000014612874343344818
1536.7949999999998	0.00001411584595471203
1536.8	0.000014063562002196151
1536.805	0.000014502104545257852
1536.81	0.000015211134321802544
1536.815	0.000015670833247074526
1536.82	0.00001597339975518051
1536.825	0.000016042052221703178
1536.83	0.000015839643317819112
1536.835	0.00001548352411830087
1536.8400000000001	0.000014658179879369832
1536.845	0.000013768249164629178
1536.85	0.000013583923017906768
1536.855	0.000014278089013071814
1536.86	0.000015285780064743838
1536.865	0.000015530004571027746
1536.8700000000001	0.00001530206018100718
1536.875	0.000015479688082135952
1536.8799999999999	0.000016173657364787722
1536.885	0.000016585689569237914
1536.89	0.00001670739736365626
1536.895	0.000016913221675126604
1536.9	0.00001723931510585667
1536.905	0.000017512500480772955
1536.9099999999999	0.000017436314889916907
1536.915	0.000017133932420439887
1536.92	0.0000168618622176157
1536.925	0.000016750016474968532
1536.93	0.00001688378396620423
1536.935	0.000016948150005191554
1536.94	0.000016259808069730657
1536.945	0.000015150127755978799
1536.95	0.000014625204607847283
1536.9550000000002	0.000015043702562180653
1536.96	0.00001571449035651124
1536.965	0.000015682566845972535
1536.97	0.00001498763768936189
1536.975	0.000014591950914011981
1536.98	0.000014886214792870628
1536.9850000000001	0.000014788690502815148
1536.99	0.000013786174700635026
1536.995	0.000013081411674172107
1537	0.000013353150529288616
1537.0049999999999	0.000014461670816293956
1537.01	0.000015416629819783606
1537.015	0.000015642981458492453
1537.02	0.000015495821855785795
1537.0249999999999	0.000015554601483352752
1537.03	0.000015963374440887872
1537.035	0.000016489726826563566
1537.04	0.00001661574002268731
1537.045	0.000016243712178177176
1537.05	0.0000159576506127439
1537.055	0.000016061344639470805
1537.06	0.000016291361482261086
1537.065	0.000016345978949899924
1537.0700000000002	0.000016296839541739592
1537.075	0.000016350837832596664
1537.08	0.000016488399760696045
1537.085	0.000016511027699699635
1537.09	0.00001623261901075601
1537.095	0.00001570004185515365
1537.1000000000001	0.000015338655863425924
1537.105	0.00001560645875857681
1537.11	0.000016154397494520695
1537.115	0.0000164845661747392
1537.12	0.00001646796695959577
1537.125	0.00001601881378764092
1537.13	0.00001559971075614761
1537.135	0.000015610870859143453
1537.1399999999999	0.000015888179878457945
1537.145	0.00001607727264339802
1537.1499999999999	0.000016164024208514154
1537.1550000000002	0.000016221496479140656
1537.16	0.00001623426423420065
1537.165	0.000016026743528829297
1537.17	0.00001573757274829639
1537.175	0.00001542611076780741
1537.18	0.00001534424134884827
1537.1850000000002	0.000015440350608651854
1537.19	0.00001563404209090619
1537.195	0.00001566498675099993
1537.2	0.000015397584673791565
1537.205	0.000014972521283621703
1537.21	0.00001460527206274336
1537.2150000000001	0.000014445454605782817
1537.22	0.000014445454603151904
1537.225	0.000014453484292553087
1537.23	0.00001440723238573924
1537.235	0.000014346762329337261
1537.24	0.000014336445018340019
1537.2450000000001	0.000014461596519057682
1537.25	0.000014784793149601093
1537.2549999999999	0.000015261056046569358
1537.26	0.0000156202595388639
1537.2649999999999	0.00001580693741066507
1537.2700000000002	0.000016009504501877878
1537.275	0.000016012201616627712
1537.28	0.0000153211585997752
1537.285	0.000015214658467417624
1537.29	0.00001562243923951095
1537.2949999999998	0.000015953922665912502
1537.3000000000002	0.000015922200970764306
1537.305	0.00001596170589070127
1537.31	0.00001609399897716418
1537.315	0.000016191928471281085
1537.32	0.000016065999742108383
1537.3249999999998	0.00001553219983021645
1537.3300000000002	0.000014724776415490836
1537.335	0.00001402238665010157
1537.34	0.000013755153702872625
1537.345	0.000013751322381017976
1537.35	0.000013591871224330437
1537.355	0.000013518425303090604
1537.3600000000001	0.000013977206527028262
1537.365	0.000014601284643404629
1537.37	0.000014757973154598833
1537.375	0.000014665943746927369
1537.3799999999999	0.000014711168251896592
1537.385	0.000014336761772302295
1537.39	0.00001342531641565218
1537.395	0.00001294562648547446
1537.4	0.000013530907789150251
1537.405	0.000014560462384791103
1537.4099999999999	0.000015426023584463105
1537.4150000000002	0.000015582812354296042
1537.42	0.00001577269250843395
1537.425	0.000016000558381003076
1537.43	0.00001598336194400445
1537.435	0.000015679536994543142
1537.4399999999998	0.000015707496416677507
1537.4450000000002	0.000015776875078152135
1537.45	0.000015803889255039414
1537.455	0.000015785596483874238
1537.46	0.000015603159816105143
1537.465	0.000015445066441075252
1537.4699999999998	0.00001559530112472459
1537.4750000000001	0.000015866273655801616
1537.48	0.000015387231882203512
1537.485	0.000014841345106876242
1537.49	0.000014850948914199036
1537.495	0.000015531696539355142
1537.5	0.00001634312151087449
1537.505	0.000016825748246146567
1537.51	0.00001691137813599253
1537.515	0.00001692250735022307
1537.52	0.000016405697489862457
1537.5249999999999	0.000014997614682315985
1537.53	0.000014017711098417207
1537.535	0.000014722565510913875
1537.54	0.000015817306919072305
1537.545	0.000016202289931540573
1537.55	0.000016135341031732527
1537.5549999999998	0.00001646540923036324
1537.5600000000002	0.00001670334256925026
1537.565	0.000016293498540855972
1537.57	0.000015780053234783702
1537.575	0.00001586110038754369
1537.58	0.00001656111439534824
1537.5849999999998	0.000017067338454469882
1537.5900000000001	0.00001694963340487557
1537.595	0.000016521711409834504
1537.6	0.0000164623674405888
1537.605	0.000017002537918421985
1537.61	0.00001721856642204154
1537.615	0.00001666059690855743
1537.6200000000001	0.00001616295838764367
1537.625	0.0000166442041324037
1537.63	0.000016437642253665966
1537.635	0.000014851360864943568
1537.6399999999999	0.000014154080997486821
1537.645	0.000015388202816626916
1537.65	0.00001671423402424419
1537.655	0.000016769355481761128
1537.66	0.000016831737758217756
1537.665	0.000017406040548128137
1537.6699999999998	0.00001785036470034908
1537.675	0.000017976668526956404
1537.68	0.000017928175689190984
1537.685	0.000017796637656723
1537.69	0.00001767542513572541
1537.695	0.000017513302003227388
1537.6999999999998	0.000017433906255919095
1537.7050000000002	0.000017453222969317042
1537.71	0.000017481429528764367
1537.715	0.000017367070303185116
1537.72	0.000017007327900533872
1537.725	0.000016390815940294026
1537.73	0.000015946617716861345
1537.7350000000001	0.00001595414700753686
1537.74	0.00001638863997152373
1537.7450000000001	0.0000164805443645933
1537.75	0.000016001613856906676
1537.7549999999999	0.000015548581151806932
1537.76	0.000015552867836165628
1537.765	0.000015280032553979334
1537.77	0.000014218744524439953
1537.775	0.000013002397952617516
1537.78	0.000012532718650615787
1537.7849999999999	0.000013203191064340729
1537.79	0.000014493663315520142
1537.795	0.00001554217117470252
1537.8	0.00001591272050119823
1537.805	0.00001546108602193147
1537.81	0.00001412793764971915
1537.8149999999998	0.000012125086170456648
1537.82	0.000011142174507148352
1537.825	0.000012455731633903787
1537.8300000000002	0.000014422338299173897
1537.835	0.000015735628829600263
1537.84	0.000016442660105906642
1537.845	0.00001686850206691503
1537.8500000000001	0.000016989166715593793
1537.855	0.0000169735861946251
1537.8600000000001	0.00001693920421660843
1537.865	0.000016718077097630263
1537.87	0.000016197222696969322
1537.875	0.000015778444963167132
1537.88	0.000015895348587571676
1537.885	0.00001645303253703783
1537.89	0.000016614877396892727
1537.895	0.000015990904683449554
1537.8999999999999	0.00001532044903746316
1537.905	0.0000154155661367085
1537.91	0.00001608423303749093
1537.915	0.000016680675599252384
1537.92	0.000016431481020925046
1537.925	0.00001511305227761227
1537.9299999999998	0.000013872967102757365
1537.935	0.000013324792311285956
1537.94	0.000013539229094560864
1537.9450000000002	0.000014434973796661378
1537.95	0.000015566106554358988
1537.955	0.000016282153413275882
1537.96	0.000015732743178700906
1537.965	0.000014197763814274899
1537.97	0.00001298855352242515
1537.9750000000001	0.000013471313973828213
1537.98	0.000015549121508194975
1537.985	0.000016818006437612874
1537.99	0.00001713438965060564
1537.995	0.00001685874304945014
1538	0.0000159461803253179
1538.005	0.000015542990649651
1538.01	0.000015857527602502205
1538.0149999999999	0.000016287940912923647
1538.02	0.000016382192946929833
1538.025	0.000015769458644425946
1538.03	0.00001463621050752296
1538.035	0.000013850690873080739
1538.04	0.000013794663148906057
1538.0449999999998	0.000014226227793462577
1538.05	0.000014579656548473969
1538.055	0.000014360088571418921
1538.0600000000002	0.00001424997001659571
1538.065	0.000014153386780270723
1538.07	0.000013913655693576155
1538.075	0.00001362200631682649
1538.08	0.00001353822638121501
1538.085	0.000013907095494994264
1538.0900000000001	0.000014641761957993283
1538.095	0.000015384064855706547
1538.1	0.000016100549427141056
1538.105	0.00001667995818515327
1538.11	0.000017044160294029645
1538.115	0.000016951455450907353
1538.1200000000001	0.000016679957363064452
1538.125	0.00001664098497643795
1538.1299999999999	0.000016494608688461567
1538.135	0.000016074936156472284
1538.1399999999999	0.000015792861080180507
1538.145	0.00001623032413205587
1538.15	0.000016331514506691974
1538.155	0.000014966630328352516
1538.1599999999999	0.000013357895316523772
1538.165	0.000012882397502080112
1538.17	0.00001373411301125345
1538.1750000000002	0.000015246598840419936
1538.18	0.000016303364835070337
1538.185	0.000016677676030805784
1538.19	0.00001652138094086533
1538.195	0.00001616111666820184
1538.2	0.000015935484849361932
1538.2050000000002	0.000015399243289314072
1538.21	0.00001459884518561
1538.215	0.0000145574265425904
1538.22	0.00001536805193730522
1538.225	0.000016133134009756738
1538.23	0.000016258964170510967
1538.2350000000001	0.00001619284519144777
1538.24	0.000016447535814307447
1538.245	0.00001665082231413939
1538.25	0.00001651095227132311
1538.2549999999999	0.00001631412754897445
1538.26	0.000015963398540827584
1538.265	0.000015040010173015576
1538.27	0.000014391451284523661
1538.2749999999999	0.000014268758645356525
1538.28	0.000013865744149953696
1538.2849999999999	0.000013327471866794214
1538.2900000000002	0.0000137625889253816
1538.295	0.000015150365775656716
1538.3	0.000016501952506700382
1538.305	0.00001708729192812505
1538.31	0.000017252088581083908
1538.315	0.000017196510078503692
1538.3200000000002	0.000017024323911166703
1538.325	0.000016952712495785403
1538.33	0.000016889066068959145
1538.335	0.00001692560149390586
1538.34	0.000017163880852602957
1538.345	0.00001714403525785464
1538.3500000000001	0.000016607673793771864
1538.355	0.00001653149259192251
1538.36	0.000016818812271527906
1538.365	0.000016408277154288058
1538.37	0.00001552757884043187
1538.375	0.000015037652966616398
1538.38	0.000015124493049632305
1538.385	0.000015780903435889705
1538.39	0.000016516325112183068
1538.395	0.00001689511886484989
1538.3999999999999	0.000016973773743943907
1538.4050000000002	0.00001692490186895651
1538.41	0.00001670528631577794
1538.415	0.000016214128944531062
1538.42	0.000015403402055634487
1538.425	0.000014729200948300704
1538.4299999999998	0.00001469669726128682
1538.4350000000002	0.000015283410878802938
1538.44	0.000015939059059007906
1538.445	0.00001550469952527534
1538.45	0.000014876421144076621
1538.455	0.000015267160553357808
1538.4599999999998	0.000016093107680815968
1538.4650000000001	0.000016515271088903133
1538.47	0.00001657057916402008
1538.475	0.00001660294723202076
1538.48	0.000016622611030898497
1538.485	0.000016652152729973436
1538.49	0.000016673889234518876
1538.4950000000001	0.0000167647171799105
1538.5	0.00001686304167094007
1538.505	0.000016954586604062807
1538.51	0.000017071870383476538
1538.5149999999999	0.000017237069543065155
1538.52	0.000017280068438887157
1538.525	0.000016978454702058282
1538.53	0.000016424990961395387
1538.535	0.0000163355947244061
1538.54	0.000016808919116705924
1538.5449999999998	0.0000171034634947652
1538.5500000000002	0.000017185518359596917
1538.555	0.000017426489573256764
1538.56	0.000017587058716847105
1538.565	0.00001735093329993546
1538.57	0.000016985257403868617
1538.5749999999998	0.0000168140541123274
1538.5800000000002	0.00001701800861881645
1538.585	0.00001739743255636969
1538.59	0.000017602508883738813
1538.595	0.000017599067955871767
1538.6	0.000017488718565754264
1538.6049999999998	0.000017372682162278334
1538.6100000000001	0.00001716626693067044
1538.615	0.000016672945352463102
1538.6200000000001	0.00001611391258680521
1538.625	0.00001594299013312641
1538.6299999999999	0.00001616146660800714
1538.635	0.000016347412019248788
1538.64	0.00001622061022650829
1538.645	0.000015933765105918205
1538.65	0.000015869669394336073
1538.655	0.000016129419426981225
1538.6599999999999	0.000016421264064754168
1538.665	0.00001622225974481451
1538.67	0.000015842198518574953
1538.675	0.000015763383531464066
1538.68	0.000016279468140810376
1538.685	0.00001643323146939482
1538.6899999999998	0.000016119352474680783
1538.6950000000002	0.000016354562804629763
1538.7	0.00001681941243047423
1538.705	0.000016466580651777438
1538.71	0.00001600755851055239
1538.715	0.00001613970252952292
1538.7199999999998	0.000016686757421970405
1538.7250000000001	0.000017135870812933984
1538.73	0.000017360414600378043
1538.7350000000001	0.000017313972283969856
1538.74	0.000016868678243540475
1538.745	0.000016236231975086633
1538.75	0.00001583152070811515
1538.755	0.000015962817171976395
1538.76	0.000016428329163376785
1538.765	0.00001681961347752518
1538.77	0.000016978842464117984
1538.7749999999999	0.000017001788364723345
1538.78	0.00001687696448072507
1538.785	0.000016414754418609102
1538.79	0.000016103534735190912
1538.795	0.000016421382511515972
1538.8	0.000016901460974079685
1538.8049999999998	0.000016852461195177284
1538.81	0.000016695821449384177
1538.815	0.000016257281651040564
1538.82	0.000015268184526846277
1538.825	0.000014284181166060688
1538.83	0.000013805159545008294
1538.8349999999998	0.000014121922027129054
1538.8400000000001	0.000015056953952339002
1538.845	0.00001608996027140382
1538.8500000000001	0.000016773652152858314
1538.855	0.000017009446829078304
1538.86	0.00001702768780330514
1538.865	0.00001689451165837416
1538.8700000000001	0.00001637368882152253
1538.875	0.000015577683563940484
1538.88	0.000015225938435786855
1538.885	0.000015676352364262568
1538.8899999999999	0.000016397080263555993
1538.895	0.00001684841666258735
1538.9	0.000017084021243377118
1538.905	0.000016922718116969784
1538.91	0.0000167872349265963
1538.915	0.000016491633166684774
1538.9199999999998	0.000015648306411092506
1538.925	0.000015082773959533844
1538.93	0.000015450032123114908
1538.935	0.000016423572303200505
1538.94	0.000017158225065269794
1538.945	0.000017685564994497304
1538.95	0.000018099271408129092
1538.955	0.0000182570143312147
1538.96	0.000018046180434893893
1538.9650000000001	0.000017500369407529436
1538.97	0.000016901932044314767
1538.975	0.00001675013082294631
1538.98	0.00001721961417333544
1538.985	0.000017715845790334233
1538.99	0.000017686022766637337
1538.9950000000001	0.000017448754603920392
1539	0.000017408705895609045
1539.0049999999999	0.00001748808309997979
1539.01	0.0000175767105639145
1539.015	0.000017665094634083062
1539.02	0.0000176418465053986
1539.025	0.000017269959400337248
1539.03	0.000016668516350563818
1539.0349999999999	0.000016237729969737543
1539.04	0.00001621845936274225
1539.045	0.000016748056494275667
1539.05	0.000017293555178924082
1539.055	0.000017478045610471035
1539.06	0.000017528253434967052
1539.065	0.00001753814285621046
1539.07	0.000017279477932216557
1539.075	0.000017168775929739534
1539.0800000000002	0.000017025625485974427
1539.085	0.000016373739376045653
1539.09	0.000015974880355795797
1539.095	0.00001644753713618561
1539.1	0.000017188069752868102
1539.105	0.000017586962686889475
1539.1100000000001	0.000017526232455935836
1539.115	0.0000176255550519378
1539.12	0.000017818446532501494
1539.125	0.00001790526536510617
1539.1299999999999	0.000017885000853644103
1539.135	0.000017872094015700343
1539.14	0.000017947850299807388
1539.145	0.000017525936242675352
1539.1499999999999	0.000016641507422123256
1539.155	0.000016219317339027047
1539.16	0.000016654864519663296
1539.165	0.000017507208244094003
1539.17	0.00001800407538150565
1539.175	0.000018038059640961345
1539.18	0.000017820636288866125
1539.185	0.00001739406693278543
1539.19	0.000016961211484318555
1539.1950000000002	0.000016861500900049466
1539.2	0.00001718813541218463
1539.205	0.000017776984510853816
1539.21	0.000018402426591943744
1539.215	0.000018787778351170922
1539.22	0.000018819728177467384
1539.2250000000001	0.00001862838597856306
1539.23	0.000018335036237245094
1539.235	0.00001837334933243183
1539.24	0.00001853588818667946
1539.245	0.000018132730090739288
1539.25	0.000017085490038461998
1539.255	0.000016260615028860184
1539.26	0.000016559274846930885
1539.2649999999999	0.000017272031672224522
1539.27	0.00001797028611148163
1539.2749999999999	0.000018467515730995464
1539.28	0.000018752926220696253
1539.285	0.00001877351735034349
1539.29	0.000018614038716744425
1539.295	0.000018485734474950155
1539.3	0.000018359210054629277
1539.305	0.00001814092833638152
1539.3100000000002	0.000018037268088430965
1539.315	0.00001813836955895361
1539.32	0.000017880085605187955
1539.325	0.000016838722571210544
1539.33	0.000015602218966102578
1539.335	0.000014789903510451338
1539.3400000000001	0.000014500518740673972
1539.345	0.000014752128852334832
1539.35	0.00001525067187115928
1539.355	0.000015594495862080844
1539.36	0.000015720337192816046
1539.365	0.000015826879194528172
1539.3700000000001	0.000016204385293206742
1539.375	0.00001691603656626935
1539.3799999999999	0.000017745396839874252
1539.385	0.000018318319966889315
1539.3899999999999	0.000018090767735962258
1539.395	0.000017287848629340583
1539.4	0.000017110676379398698
1539.405	0.000017894936396488495
1539.41	0.00001811743135047326
1539.415	0.00001743485208953457
1539.4199999999998	0.0000170803116458404
1539.4250000000002	0.000016793550482408392
1539.43	0.000016189669510570868
1539.435	0.000015832292867398193
1539.44	0.000016380490659187368
1539.445	0.0000173006119452972
1539.4499999999998	0.000017228460993912828
1539.4550000000002	0.000016190844474235588
1539.46	0.000016181264588963447
1539.465	0.000017035688762813434
1539.47	0.000017551097062298623
1539.475	0.000017212011895523267
1539.48	0.000016217570646755175
1539.4850000000001	0.000015205403533016965
1539.49	0.00001470539725935258
1539.495	0.00001528933843951516
1539.5	0.000016283290956676957
1539.5049999999999	0.00001727087370910215
1539.5100000000002	0.00001751894405558913
1539.515	0.00001677531694981726
1539.52	0.000015920950375535153
1539.525	0.000015569141517822996
1539.53	0.00001591326256868628
1539.5349999999999	0.000016384264966212736
1539.5400000000002	0.000016436316923533688
1539.545	0.000016301409724195857
1539.55	0.000016254590559170414
1539.555	0.000016441942525787924
1539.56	0.000016662458120690574
1539.5649999999998	0.000017052436282473502
1539.5700000000002	0.00001759973785485137
1539.575	0.0000181162370749858
1539.58	0.000018350652275891268
1539.585	0.000018221528294243696
1539.59	0.000017955322023724974
1539.5949999999998	0.00001783613536194155
1539.6000000000001	0.00001782421895768493
1539.605	0.00001798511947666471
1539.61	0.00001809861556210982
1539.615	0.000018123494922542133
1539.62	0.000017852194712614106
1539.625	0.000017481819825245835
1539.63	0.00001699847486401166
1539.635	0.000016421557679960223
1539.64	0.000015827730153545118
1539.645	0.000015596748253469325
1539.6499999999999	0.00001578169556916405
1539.655	0.0000160073450915503
1539.66	0.000016290259137835175
1539.665	0.000016646051475038356
1539.67	0.000017129213374310718
1539.675	0.00001771954277564904
1539.6799999999998	0.00001822053064973034
1539.6850000000002	0.000018610890195582795
1539.69	0.000018789680317679954
1539.695	0.000018631433217651566
1539.7	0.00001826671603095568
1539.705	0.000018029245549587045
1539.7099999999998	0.000017591789136795753
1539.7150000000001	0.000016656751973959613
1539.72	0.00001591675481823656
1539.725	0.00001631706187679375
1539.73	0.000017435447776049558
1539.735	0.000018038765118165665
1539.74	0.00001744038840277644
1539.7450000000001	0.000016307610176589897
1539.75	0.000015541663445165453
1539.755	0.000014356884698481021
1539.76	0.000012324255750830838
1539.7649999999999	0.000011740494381623963
1539.77	0.000013957791182386918
1539.775	0.000016839625114101883
1539.78	0.000018545868221594438
1539.785	0.00001929386051519511
1539.79	0.000019282924352283602
1539.7949999999998	0.000019165134290233227
1539.8	0.00001937337218032261
1539.805	0.000019605747041255312
1539.81	0.000019500896077604448
1539.815	0.000019038783905782615
1539.82	0.00001869611055534903
1539.8249999999998	0.00001906058369495512
1539.8300000000002	0.000019383619198650396
1539.835	0.000019199657978674896
1539.84	0.000018601489069435215
1539.845	0.0000181746962993973
1539.85	0.00001858389699724572
1539.855	0.00001918164287987776
1539.8600000000001	0.000019147249987925154
1539.865	0.00001894485481961915
1539.8700000000001	0.00001923974754217415
1539.875	0.000019288822005140064
1539.8799999999999	0.000018451073037917433
1539.885	0.000017453132987313582
1539.89	0.000017150292156533148
1539.895	0.00001730250164858476
1539.9	0.000017778795715161
1539.905	0.0000180687906560495
1539.9099999999999	0.00001777665923753988
1539.915	0.000017265400648717922
1539.92	0.000017214043196888163
1539.925	0.0000178127975158801
1539.93	0.000018848847675770438
1539.935	0.000019618214187310623
1539.9399999999998	0.00001983974049074167
1539.945	0.000019926950118703703
1539.95	0.000019619828084212962
1539.955	0.000019141571786250128
1539.96	0.000018684479466829462
1539.965	0.000018513780008112906
1539.97	0.00001863358275664862
1539.9750000000001	0.00001903192089826931
1539.98	0.000019621050242229215
1539.9850000000001	0.000020214488549648097
1539.99	0.000020514489460540963
1539.995	0.000020473050079752755
1540	0.00002041058576560237
1540.005	0.00002037677768537153
1540.01	0.00002035064971701433
1540.015	0.000020424078676084358
1540.02	0.000020609615595244812
1540.0249999999999	0.000020158445525685906
1540.03	0.000019092562511289413
1540.035	0.00001879038988711766
1540.04	0.00001925557984135008
1540.045	0.000019749884150024424
1540.05	0.000019361447353179873
1540.0549999999998	0.00001888327255856019
1540.06	0.000018954796619763104
1540.065	0.000019187577041924166
1540.07	0.000018667445457042617
1540.075	0.000017462251409935276
1540.08	0.000016654421706791832
1540.085	0.00001727653650530777
1540.09	0.000018916388202353113
1540.095	0.000019532042514049673
1540.1000000000001	0.000018900520342047186
1540.105	0.000018718530525865263
1540.11	0.000019375209043417965
1540.115	0.00001988447446555453
1540.12	0.000019735020061451317
1540.125	0.000018921977654575915
1540.13	0.00001798869637863557
1540.135	0.000017852813436005824
1540.1399999999999	0.000018761068301020258
1540.145	0.000019369928689930666
1540.15	0.000019368301504523643
1540.155	0.000019660874367438033
1540.16	0.000019975753434686247
1540.165	0.00001932125506173547
1540.1699999999998	0.000018932709298350717
1540.175	0.000019539966828334542
1540.18	0.00002016165478102646
1540.1850000000002	0.00002038968842456982
1540.19	0.000020421594316975902
1540.195	0.00002051013589918306
1540.2	0.000020538732484130776
1540.205	0.00002026130523821148
1540.21	0.00001933357836772466
1540.2150000000001	0.000017653369853334423
1540.22	0.0000164087366389905
1540.225	0.000016184405083773396
1540.23	0.000017064186918914623
1540.235	0.000018784201586845732
1540.24	0.000020010185655759703
1540.2450000000001	0.00002011196952136771
1540.25	0.000019734338413630805
1540.2549999999999	0.000019477819969671724
1540.26	0.00001965382851745029
1540.2649999999999	0.00002013477946443958
1540.27	0.00002052354967783498
1540.275	0.000020337155151933874
1540.28	0.0000197908957740605
1540.2849999999999	0.00001947630251893556
1540.29	0.000019912799762900682
1540.295	0.00002050481132630458
1540.3000000000002	0.000021019970801875927
1540.305	0.000021333476582962046
1540.31	0.00002160816697643539
1540.315	0.000021650310372933742
1540.32	0.00002118961435982621
1540.325	0.000020723107454405923
1540.3300000000002	0.0000206231448820559
1540.335	0.000020651186165106547
1540.34	0.000020043301626553528
1540.345	0.00001886384178402608
1540.35	0.00001796128020222166
1540.355	0.00001823543071043344
1540.3600000000001	0.000019129376421309158
1540.365	0.000019555222965482098
1540.37	0.000018636329495740987
1540.375	0.000017670866999285938
1540.3799999999999	0.000017734822888858904
1540.385	0.000018918269376617255
1540.39	0.000020332374530426212
1540.395	0.000021127809576037864
1540.3999999999999	0.000021385109290254875
1540.405	0.00002138941829277539
1540.4099999999999	0.000021153269348627138
1540.4150000000002	0.000020829625739601986
1540.42	0.000020658742874963605
1540.425	0.000020685893315920954
1540.43	0.000020830914533032503
1540.435	0.000020846096583626147
1540.44	0.00002063356724605811
1540.4450000000002	0.000020515835373157678
1540.45	0.000020731631846378273
1540.455	0.000020843031807959353
1540.46	0.00001989360570676761
1540.465	0.0000187912336294093
1540.47	0.000018859114942972214
1540.4750000000001	0.000020253191336563276
1540.48	0.00002120791182032447
1540.485	0.00002159738534175449
1540.49	0.000021805956502477356
1540.495	0.000022052054506981328
1540.5	0.00002209728215525601
1540.505	0.00002187018855777757
1540.51	0.000021406595679073817
1540.515	0.000021060302969999577
1540.52	0.000021060302969999577
1540.5249999999999	0.00002142728693559173
1540.5300000000002	0.00002181799608878841
1540.535	0.000022046107407790695
1540.54	0.00002203377994255641
1540.545	0.000021858190901623143
1540.55	0.000021736999145198828
1540.5549999999998	0.00002189796401114931
1540.5600000000002	0.000022278725652282897
1540.565	0.00002255303073393646
1540.57	0.0000227290050361031
1540.575	0.0000228450445788918
1540.58	0.00002285177179228742
1540.5849999999998	0.000022581763644757966
1540.5900000000001	0.000022248724518205072
1540.595	0.000021886779012457986
1540.6	0.000021414439242253676
1540.605	0.000021027576551088654
1540.61	0.00002088927293827415
1540.615	0.00002105247948200178
1540.6200000000001	0.000021333590599027658
1540.625	0.00002153632885120684
1540.63	0.00002164434408425679
1540.635	0.000021769500946008936
1540.6399999999999	0.00002213304103815286
1540.645	0.00002238845212404013
1540.65	0.000021965625283000715
1540.655	0.000020944091428446067
1540.66	0.000020013567867517965
1540.665	0.000020055752431418828
1540.6699999999998	0.000021132907170255887
1540.6750000000002	0.00002220455639599301
1540.68	0.00002253841671813542
1540.685	0.000022679471834062114
1540.69	0.00002228393396019183
1540.695	0.000021401398478480024
1540.6999999999998	0.00002099951614418127
1540.7050000000002	0.00002151919188249228
1540.71	0.00002202748899644082
1540.715	0.00002220077350034643
1540.72	0.00002220859844535436
1540.725	0.000022374407507753425
1540.7299999999998	0.00002244935827608244
1540.7350000000001	0.000022197673965532666
1540.74	0.000021791654517942535
1540.7450000000001	0.00002156469474336847
1540.75	0.000021667133230717587
1540.7549999999999	0.000021975638965454652
1540.76	0.000022262667268517463
1540.765	0.000022318844482266307
1540.77	0.000021964144127088846
1540.775	0.000021326963750492113
1540.78	0.000021074373430909257
1540.7849999999999	0.000021379075346049732
1540.79	0.00002143059424513651
1540.795	0.000020908732896115924
1540.8	0.000020488179889390064
1540.805	0.000020588295096283577
1540.81	0.000020720603072277282
1540.8149999999998	0.000020311012321433068
1540.8200000000002	0.000019663712696836295
1540.825	0.000019548537795371827
1540.83	0.000019828246296556108
1540.835	0.00001974322562412426
1540.84	0.00001961449485104475
1540.8449999999998	0.000020032621376182564
1540.8500000000001	0.00002077710723952408
1540.855	0.000020689055940271205
1540.8600000000001	0.000019775161098308822
1540.865	0.000020008272245359566
1540.87	0.000020488793786642392
1540.875	0.000019975234191277906
1540.88	0.000019011928757115426
1540.885	0.000018694116858443777
1540.89	0.000019645143189589423
1540.895	0.000021417887099794242
1540.8999999999999	0.000022493655963906524
1540.905	0.000022873654852266013
1540.91	0.0000227920079191476
1540.915	0.000022458112076875857
1540.92	0.000022297525314944068
1540.925	0.000022526375151998185
1540.9299999999998	0.00002275599400487104
1540.935	0.000022591699236524013
1540.94	0.000022603851425440426
1540.945	0.00002288258277898535
1540.95	0.000022991231312880018
1540.955	0.000022763365269872406
1540.9599999999998	0.000022434579973095698
1540.9650000000001	0.000022314232835714034
1540.97	0.000022497148716494196
1540.9750000000001	0.00002279420410946746
1540.98	0.00002269480319817984
1540.985	0.000022065456172904992
1540.99	0.000021151839508267453
1540.9950000000001	0.00002092517588136446
1541	0.00002148696314493568
1541.005	0.000020932240434539278
1541.01	0.000019758877510685954
1541.0149999999999	0.000020112306217413903
1541.02	0.00002124490952782668
1541.025	0.000020511310054613647
1541.03	0.000019328853887194898
1541.035	0.000019469080136980466
1541.04	0.0000205908900888244
1541.0449999999998	0.000020475904623692964
1541.05	0.000019412891093361348
1541.055	0.000018673465124179632
1541.06	0.000018313325470611595
1541.065	0.00001816008080367141
1541.07	0.00001819768900275165
1541.0749999999998	0.000018750610536286795
1541.08	0.000020050472731865385
1541.085	0.000021471191352871413
1541.0900000000001	0.00002187343344920505
1541.095	0.000021563468711800678
1541.1	0.00002132133814848456
1541.105	0.00002097929724422363
1541.1100000000001	0.000020305180996918035
1541.115	0.000020019119407381517
1541.1200000000001	0.00002049869316165393
1541.125	0.000021350569122889458
1541.1299999999999	0.00002219971550085947
1541.135	0.000022235201764276737
1541.14	0.0000216532838506331
1541.145	0.000020908328862565784
1541.15	0.00002034027289321046
1541.155	0.0000203189475088617
1541.1599999999999	0.00002086160414034638
1541.165	0.000020977147585195485
1541.17	0.000019898169760091433
1541.175	0.000019319665196133344
1541.18	0.000020206038415369402
1541.185	0.00002096787011424885
1541.1899999999998	0.000021509944423636914
1541.195	0.000022333138825522202
1541.2	0.000022899555744334665
1541.2050000000002	0.00002296407722442914
1541.21	0.000023015604125977924
1541.215	0.000023155115835177934
1541.22	0.000023193750006761188
1541.225	0.000023034654869277363
1541.23	0.000022866083194666533
1541.2350000000001	0.000023058920160417247
1541.24	0.000023378178786298566
1541.245	0.000023494079863771262
1541.25	0.000023350163255393455
1541.2549999999999	0.000023286560599348122
1541.26	0.000023228715710888133
1541.265	0.000022779661100029283
1541.27	0.00002192152517362784
1541.2749999999999	0.000021330511453172373
1541.28	0.00002150829078902111
1541.285	0.000022240315261867072
1541.29	0.000023145119440518907
1541.295	0.000023962116735886652
1541.3	0.000024375566539346025
1541.305	0.00002463097863716367
1541.31	0.000024745602781048076
1541.315	0.00002482274488667569
1541.3200000000002	0.00002470974956628785
1541.325	0.000024351454358860554
1541.33	0.000024096503050083076
1541.335	0.00002411410399512818
1541.34	0.000024038709277539014
1541.345	0.00002370833649469594
1541.3500000000001	0.000023779121281658985
1541.355	0.000024059501965867236
1541.36	0.000024026995331724352
1541.365	0.000023465426024814544
1541.37	0.000022423869872274535
1541.375	0.000021710299538502208
1541.38	0.00002193995264649575
1541.385	0.000022021291475192233
1541.3899999999999	0.000021416062254827642
1541.395	0.000021458108653183266
1541.3999999999999	0.000021829092788920475
1541.405	0.00002155916119262792
1541.41	0.000021239086930079862
1541.415	0.00002158841768936595
1541.42	0.00002222979755809917
1541.425	0.000023026313359001036
1541.43	0.000023713815049947416
1541.4350000000002	0.00002389933824087862
1541.44	0.000023506340735345593
1541.445	0.00002364465034598412
1541.45	0.000024268582280772903
1541.455	0.000024855704369015803
1541.46	0.000025083063514739485
1541.4650000000001	0.00002506584429618507
1541.47	0.000024804660454598006
1541.475	0.00002451165434782522
1541.48	0.000024315736583764448
1541.485	0.00002412235351038307
1541.49	0.00002408001930376944
1541.4950000000001	0.000024286543042934528
1541.5	0.000024508708511383558
1541.5049999999999	0.000024487952557397412
1541.51	0.000024312810461795776
1541.5149999999999	0.000024246858327081327
1541.52	0.0000242285287296926
1541.525	0.000024120578024836335
1541.53	0.00002380588622545335
1541.535	0.000023492229481433887
1541.54	0.000023428276350290325
1541.5449999999998	0.000022441456248915832
1541.5500000000002	0.000021239095061908426
1541.555	0.000021853062757390358
1541.56	0.00002274389984571138
1541.565	0.000022293300022367418
1541.57	0.000021687371971667454
1541.575	0.000022032270860149226
1541.5800000000002	0.00002272336832617028
1541.585	0.0000229509205932952
1541.59	0.000022263844172558886
1541.595	0.00002115401635855902
1541.6	0.00002009299255449098
1541.605	0.000019339607765160202
1541.6100000000001	0.000018665159113222227
1541.615	0.000017761164781521153
1541.62	0.00001707266384233182
1541.625	0.00001724518062681522
1541.6299999999999	0.000018471623647302023
1541.6350000000002	0.000019799838417077848
1541.64	0.00002061297618855346
1541.645	0.00002067864187448447
1541.65	0.000020922279203284696
1541.655	0.000021505211515872554
1541.6599999999999	0.000022045017615633896
1541.6650000000002	0.000022040609770643235
1541.67	0.000021653057910137268
1541.675	0.000021353245626697947
1541.68	0.000021402754580145133
1541.685	0.000021728696762618565
1541.6899999999998	0.000022234123668421923
1541.6950000000002	0.000022566106050089687
1541.7	0.000022121118226721484
1541.705	0.000021409940253583036
1541.71	0.000021608593245175366
1541.715	0.000022986758225659213
1541.7199999999998	0.000023587939721244894
1541.7250000000001	0.000023375627301209613
1541.73	0.000022814876035770982
1541.735	0.000022838442824401792
1541.74	0.000023521101941872042
1541.745	0.000023582287707255588
1541.75	0.000023309900680640384
1541.755	0.000023014607284460614
1541.76	0.000022871332466387847
1541.765	0.00002307016516549117
1541.77	0.000023296863170378732
1541.7749999999999	0.000022892045362594435
1541.78	0.000021813208069309916
1541.785	0.000021233356293727904
1541.79	0.000021548147589165947
1541.795	0.000022791277867817513
1541.8	0.000023806357128661766
1541.8049999999998	0.000024313537431235862
1541.8100000000002	0.000024498067206174685
1541.815	0.00002456028770855069
1541.82	0.00002461493315559426
1541.825	0.00002471905725010361
1541.83	0.000024828377972647843
1541.8349999999998	0.000024918586709753888
1541.8400000000001	0.00002488712435864548
1541.845	0.000024743363617719414
1541.85	0.000024111640751049312
1541.855	0.000023560027257745013
1541.86	0.000023626352337716342
1541.865	0.00002441543473122822
1541.8700000000001	0.000024976227950285224
1541.875	0.00002464830306522492
1541.88	0.000024182039883875397
1541.885	0.000023553842408316975
1541.8899999999999	0.000023149902829131765
1541.895	0.00002327272691070138
1541.9	0.000023668746010953978
1541.905	0.000023636148949247025
1541.91	0.00002281024258184257
1541.915	0.00002155150469081968
1541.9199999999998	0.00002084574956708287
1541.925	0.000021391212015214195
1541.93	0.00002249576598079711
1541.935	0.00002353832140379134
1541.94	0.000024130634740871837
1541.945	0.000024141337932529163
1541.9499999999998	0.00002373824035988417
1541.9550000000002	0.00002330784917683717
1541.96	0.000023519142985956317
1541.965	0.000023777248451856493
1541.97	0.000023130287080932737
1541.975	0.000021909555235162724
1541.98	0.000021291106944194277
1541.9850000000001	0.000021515224914841976
1541.99	0.00002221261944882106
1541.9950000000001	0.000022951004458037707
1542	0.000023450122905255008
1542.0049999999999	0.000023730452911745358
1542.01	0.00002395085857746895
1542.015	0.000023800892219243016
1542.02	0.000022744646010471507
1542.025	0.000021155902892564076
1542.03	0.000020165577220228698
1542.0349999999999	0.000020084906838062053
1542.04	0.000019619877251341918
1542.045	0.000018225496184395877
1542.05	0.000017810799677765582
1542.055	0.000019296988200346882
1542.06	0.0000217434288624422
1542.0649999999998	0.00002297484570215448
1542.07	0.00002304374720645725
1542.075	0.000022935696571770547
1542.08	0.000022016824658994636
1542.085	0.000021338917556292567
1542.09	0.00002194804962342893
1542.095	0.00002293387083428748
1542.1000000000001	0.000023066100774750702
1542.105	0.000023101363018401758
1542.1100000000001	0.000023509715277140304
1542.115	0.0000236742012338065
1542.12	0.000023245040249820812
1542.125	0.000022436982013157576
1542.13	0.000021736954719301266
1542.135	0.000021759264108579166
1542.14	0.00002209661296499533
1542.145	0.00002160525365384412
1542.1499999999999	0.000019993293140698117
1542.155	0.000019305367059207623
1542.16	0.000020210330757868842
1542.165	0.00002176830891901078
1542.17	0.000022117939742022597
1542.175	0.000021955044602653547
1542.1799999999998	0.000022397647225314138
1542.185	0.000022812440873016223
1542.19	0.00002290221782558503
1542.195	0.000023165351374596712
1542.2	0.000023237641513996673
1542.205	0.00002241133193784977
1542.21	0.00002125577405609842
1542.215	0.00002122836426896111
1542.22	0.000022446735320969483
1542.2250000000001	0.00002321173281214723
1542.23	0.000023353273045579695
1542.235	0.00002321227891774183
1542.24	0.000021867242014337745
1542.245	0.000020676106904717666
1542.25	0.00002157283299512823
1542.255	0.00002278860219017244
1542.26	0.000023291794665933085
1542.2649999999999	0.000023665991528566698
1542.27	0.00002392262075308136
1542.275	0.00002406495493349882
1542.28	0.000024025478421478992
1542.285	0.000023873854671231526
1542.29	0.0000237372982070883
1542.2949999999998	0.000023692976549254513
1542.3	0.000023469495511136434
1542.305	0.000022585219645050183
1542.31	0.000021739706468523286
1542.315	0.000021238115751643936
1542.32	0.000020274586926824537
1542.325	0.000018753919081454976
1542.33	0.000018032559604952034
1542.335	0.00001940042641428444
1542.3400000000001	0.00002176560982858672
1542.345	0.00002333092752775758
1542.35	0.000023795091690831944
1542.355	0.000023734578401447075
1542.36	0.00002358433155314349
1542.365	0.000023561000173484366
1542.3700000000001	0.000023739113961579984
1542.375	0.000023968945169506387
1542.3799999999999	0.000024027532671042456
1542.385	0.00002376623312715143
1542.3899999999999	0.000023026992286667286
1542.395	0.000022107496525675173
1542.4	0.000021845883050001385
1542.405	0.00002188472075779035
1542.4099999999999	0.000020423161055000422
1542.415	0.00001851376746288213
1542.42	0.000018514334764405743
1542.4250000000002	0.000019550101432586642
1542.43	0.000020564746621975686
1542.435	0.000021623097919156025
1542.44	0.00002251154437788688
1542.445	0.00002291215001987647
1542.45	0.000022600691411936094
1542.4550000000002	0.000021420626368356676
1542.46	0.000019395150929780182
1542.465	0.00001765699185494146
1542.47	0.00001732325700307413
1542.475	0.000018505758699420827
1542.48	0.000020639969351795962
1542.4850000000001	0.000022343575121305952
1542.49	0.000023026246687336658
1542.495	0.00002317330134389996
1542.5	0.000023217081822168857
1542.5049999999999	0.000023068594330688735
1542.51	0.000023000167859165898
1542.515	0.000022800407293946
1542.52	0.000022542534763101126
1542.5249999999999	0.0000223904993668315
1542.53	0.000022292980897540685
1542.5349999999999	0.000022141316526538463
1542.5400000000002	0.00002202023646033378
1542.545	0.000022166246425850148
1542.55	0.000022645945107019576
1542.555	0.000023082816936320163
1542.56	0.000023155056814427594
1542.565	0.00002316644433735458
1542.5700000000002	0.000023440590768432853
1542.575	0.00002358733003122469
1542.58	0.00002351170567948389
1542.585	0.000023476620010056246
1542.59	0.000023273409181732106
1542.595	0.000022635549073384923
1542.6000000000001	0.00002190061786677688
1542.605	0.000021970730660827558
1542.61	0.000022808502823619323
1542.615	0.00002302377601432847
1542.62	0.00002298043970995463
1542.625	0.000023098502418410367
1542.63	0.000022912965515026623
1542.635	0.00002293295255922842
1542.6399999999999	0.000023198694816180388
1542.645	0.000022908340664979344
1542.6499999999999	0.000022116787939471285
1542.6550000000002	0.000021388623311842806
1542.66	0.00002130735742733719
1542.665	0.000021924766850363533
1542.67	0.00002277636040482125
1542.675	0.000023373397195660346
1542.6799999999998	0.00002340777150334286
1542.6850000000002	0.000022780443543784063
1542.69	0.000022057322058979626
1542.695	0.000021555075108103882
1542.7	0.00002152790693440032
1542.705	0.00002196687442043307
1542.7099999999998	0.000022402324821104276
1542.7150000000001	0.00002247667551366927
1542.72	0.000022401591905465757
1542.725	0.000022470921376813187
1542.73	0.000022578580241164713
1542.735	0.000022538054122945986
1542.74	0.000022296500656033444
1542.7450000000001	0.000022058303596510305
1542.75	0.000021714975078126294
1542.7549999999999	0.000021598573984664776
1542.76	0.000021877022368788056
1542.7649999999999	0.00002241869211896921
1542.7700000000002	0.000021833257148144377
1542.775	0.000019975506858239568
1542.78	0.000019351830253663666
1542.785	0.000021332646995787354
1542.79	0.000022357976750461534
1542.7949999999998	0.000021576293242764243
1542.8000000000002	0.00002162330674883998
1542.805	0.000021900970613653172
1542.81	0.000021743990080958077
1542.815	0.00002177691794048224
1542.82	0.000022432105369914554
1542.8249999999998	0.00002301671984295089
1542.8300000000002	0.000023155712646024574
1542.835	0.00002261934227971258
1542.84	0.000021880129867782968
1542.845	0.00002151920105638793
1542.85	0.000021589315584877407
1542.8549999999998	0.000022031377355614864
1542.8600000000001	0.00002270797292303753
1542.865	0.000023296311223417763
1542.8700000000001	0.00002332066311257925
1542.875	0.000022919332146160556
1542.8799999999999	0.000022670869445571343
1542.885	0.000022751134830566982
1542.89	0.000022996812726521744
1542.895	0.000023071496450519813
1542.9	0.000022980051658492385
1542.905	0.000022923137287100024
1542.9099999999999	0.000023006505221391215
1542.915	0.00002289884985231931
1542.92	0.000022707240018928958
1542.925	0.000022591081292595466
1542.93	0.000022783334324007245
1542.935	0.000023094340897609084
1542.9399999999998	0.000023064337442174407
1542.9450000000002	0.00002279059362061451
1542.95	0.000022452875989986902
1542.955	0.00002245784221687338
1542.96	0.00002258232768341628
1542.965	0.00002218203875189259
1542.9699999999998	0.000021292731026452248
1542.9750000000001	0.000020994740140174974
1542.98	0.000021376559245570175
1542.9850000000001	0.00002172063054563417
1542.99	0.000021864849259145595
1542.995	0.00002175847065238452
1543	0.000021385821324276374
1543.005	0.000020646006971988503
1543.01	0.00001980045314058645
1543.015	0.000019559399371050086
1543.02	0.000020000820384999857
1543.0249999999999	0.000020818425105126495
1543.03	0.000021706978779875998
1543.035	0.00002231870697332279
1543.04	0.00002237456936529299
1543.045	0.000022156414799940116
1543.05	0.000022124785621402294
1543.0549999999998	0.000022502992705776304
1543.06	0.000022677658806539
1543.065	0.000022450656328162463
1543.07	0.000021852934965766138
1543.075	0.000021580190399147373
1543.08	0.00002160403356397606
1543.0849999999998	0.000021717051283294782
1543.0900000000001	0.00002154502664600749
1543.095	0.000020962568472405844
1543.1000000000001	0.000020162383222076286
1543.105	0.000019820985909432558
1543.11	0.00002052481195339718
1543.115	0.00002192460324801994
1543.1200000000001	0.000022443737409557084
1543.125	0.00002189776605577554
1543.13	0.000021567670361230385
1543.135	0.000022117547095531803
1543.1399999999999	0.000022811042723545688
1543.145	0.000023399998099225086
1543.15	0.00002393356063342644
1543.155	0.000024162831498854643
1543.16	0.000024015296816781815
1543.165	0.000023778236666731272
1543.1699999999998	0.000023771940801025294
1543.175	0.000023867294657975432
1543.18	0.00002380537977700782
1543.185	0.000023546820031746698
1543.19	0.00002345012196109816
1543.195	0.000023599117404236847
1543.1999999999998	0.000023767782337610227
1543.205	0.00002396464318746667
1543.21	0.000023977945774891483
1543.2150000000001	0.000023895107146030256
1543.22	0.000023660840886186478
1543.225	0.00002302054465745512
1543.23	0.0000220093134571615
1543.2350000000001	0.000021254824854470046
1543.24	0.000021378905195384897
1543.2450000000001	0.00002218434789416251
1543.25	0.000022537648194722423
1543.2549999999999	0.000022141027918606358
1543.26	0.00002221621473434242
1543.265	0.000022460396819621326
1543.27	0.000021696458614236916
1543.275	0.000021126828902793864
1543.28	0.000021664609038790586
1543.2849999999999	0.000022362212522356352
1543.29	0.000023218094217401957
1543.295	0.000024168852975697618
1543.3	0.000024546694457064887
1543.305	0.000024702395125499497
1543.31	0.000024560113782404487
1543.3149999999998	0.0000242765268687799
1543.32	0.000023967419781813727
1543.325	0.00002378862965971653
1543.3300000000002	0.00002413581816482793
1543.335	0.000024730128340073332
1543.34	0.00002481041010872165
1543.345	0.000024691240384815777
1543.35	0.000024576496801769617
1543.355	0.000024471248484059087
1543.3600000000001	0.00002417154372384078
1543.365	0.00002329248677809341
1543.37	0.000022581475298560136
1543.375	0.000022249252657469402
1543.3799999999999	0.00002228203325326971
1543.385	0.000022439007988152816
1543.39	0.0000222591905454711
1543.395	0.00002206017327116465
1543.3999999999999	0.00002263365601337778
1543.405	0.00002351072463851498
1543.41	0.000023933086755748015
1543.415	0.000023836648628418168
1543.42	0.000023797216710713786
1543.425	0.000023658477010529115
1543.4299999999998	0.000023565173441543465
1543.435	0.000023783375529847096
1543.44	0.000024054850717718855
1543.4450000000002	0.00002426398532103089
1543.45	0.00002430697454403469
1543.455	0.000024211474752154377
1543.46	0.000023948669279806965
1543.465	0.00002370996226523541
1543.47	0.000023669443258149637
1543.4750000000001	0.000023661099523074077
1543.48	0.000023742145260387676
1543.485	0.000024171624843115616
1543.49	0.000024093507997542257
1543.495	0.00002353225803893221
1543.5	0.000023723094015600775
1543.505	0.000024276152375606276
1543.51	0.0000243254037786063
1543.5149999999999	0.000023898581304815702
1543.52	0.000023460462942140686
1543.5249999999999	0.00002332045024361097
1543.53	0.000023516933279531957
1543.535	0.000023912299946446743
1543.54	0.000024211076255070162
1543.545	0.000024064299645466773
1543.55	0.00002293995939945358
1543.555	0.000021270127127075876
1543.5600000000002	0.000020361651015976357
1543.565	0.00002120704415410242
1543.57	0.00002303116874782122
1543.575	0.000023450380413359112
1543.58	0.000021893381299053294
1543.585	0.000020744208009719624
1543.5900000000001	0.000020871295228569724
1543.595	0.000021693220988025033
1543.6	0.000022987647332636068
1543.605	0.000024008465771230146
1543.61	0.000024843794085479178
1543.615	0.00002535645943465839
1543.6200000000001	0.000025436173035917594
1543.625	0.000024987714563604535
1543.6299999999999	0.00002426573929802916
1543.635	0.000024099726155194793
1543.6399999999999	0.000024783287589096807
1543.645	0.000025478951131098258
1543.65	0.00002563644269548291
1543.655	0.00002561049767881566
1543.66	0.000025652333572145794
1543.665	0.000025352653469419425
1543.6699999999998	0.000024846350453465756
1543.6750000000002	0.00002465826167796861
1543.68	0.00002489687324920601
1543.685	0.000025169008911062246
1543.69	0.000025119142087716482
1543.695	0.000024493055416444624
1543.7	0.000023301125910863962
1543.7050000000002	0.00002258895805660763
1543.71	0.00002328686964012394
1543.715	0.000024513864223526666
1543.72	0.000025024321592829775
1543.725	0.000024823821173492885
1543.73	0.000024827026388931606
1543.7350000000001	0.00002547640649614494
1543.74	0.0000262070374750174
1543.745	0.000026530921433960113
1543.75	0.00002646185237085939
1543.7549999999999	0.000026026524666366076
1543.76	0.00002548376506795523
1543.765	0.000025373433234392164
1543.77	0.00002554858116674411
1543.775	0.000025643722756760665
1543.78	0.000025154586210003418
1543.7849999999999	0.00002459172352264986
1543.7900000000002	0.000024201276849346268
1543.795	0.00002392450407237099
1543.8	0.00002349184362832797
1543.805	0.000023192910027726214
1543.81	0.00002340650621708117
1543.8149999999998	0.000024516895644774316
1543.8200000000002	0.000025489512078239888
1543.825	0.000025336092909263944
1543.83	0.000024162109108957095
1543.835	0.000023065848600492078
1543.84	0.000023124366712940485
1543.8449999999998	0.000023985979095822946
1543.8500000000001	0.000024714308858552135
1543.855	0.000024680982042670617
1543.86	0.000024981385623982033
1543.865	0.0000255887900546768
1543.87	0.000025480696945408472
1543.875	0.00002521076906398838
1543.88	0.000025695242768760146
1543.885	0.000026264397937210217
1543.89	0.000026506633996714973
1543.895	0.00002660873481387385
1543.8999999999999	0.0000266061468684326
1543.905	0.000026296843916568677
1543.91	0.00002582097926005798
1543.915	0.000025508192338898325
1543.92	0.000025392969198973773
1543.925	0.000025196540858740374
1543.9299999999998	0.000024893548698830218
1543.9350000000002	0.00002481816638207338
1543.94	0.000024975786800496297
1543.945	0.000024796223794704642
1543.95	0.000024303624560395356
1543.955	0.000024546697905990352
1543.9599999999998	0.00002537407205851985
1543.9650000000001	0.000025538405348686506
1543.97	0.00002484442165237208
1543.975	0.000024111893502627917
1543.98	0.00002360976138973177
1543.985	0.000023293652912190403
1543.99	0.000023711335561412276
1543.9950000000001	0.000024862555856014964
1544	0.000026045419589409416
1544.005	0.00002678879999938273
1544.01	0.000026869411423841843
1544.0149999999999	0.00002635703356999821
1544.02	0.0000258339763280229
1544.025	0.000025311017483972805
1544.03	0.00002522390582967471
1544.035	0.000026287662782643917
1544.04	0.000027413621703283506
1544.0449999999998	0.000027635784483790115
1544.05	0.00002722854378558798
1544.055	0.000026356440224434088
1544.06	0.00002571917928562626
1544.065	0.000026048524868777657
1544.07	0.000027067937551063488
1544.0749999999998	0.000027399483837271486
1544.0800000000002	0.000027254081438826698
1544.085	0.000027402074681585958
1544.09	0.000027915166464233595
1544.095	0.000028034147430935762
1544.1	0.00002785324942520228
1544.105	0.00002796828264693706
1544.1100000000001	0.00002824317106037616
1544.115	0.000028135984970261793
1544.1200000000001	0.00002760623105170739
1544.125	0.00002699396576335381
1544.1299999999999	0.00002677035067265405
1544.135	0.000027018642262629668
1544.14	0.000027407682770626855
1544.145	0.000027731342203307387
1544.15	0.00002817970755740243
1544.155	0.0000286530239773335
1544.1599999999999	0.000028766491453400326
1544.165	0.00002839425193693877
1544.17	0.00002828095669065998
1544.175	0.000028283393476158357
1544.18	0.00002803476283555785
1544.185	0.00002809119904543332
1544.1899999999998	0.000027759503282981276
1544.195	0.000026121668216398036
1544.2	0.000024902172126024466
1544.205	0.000024939349331346984
1544.21	0.000026041168378751975
1544.215	0.000027465174304159314
1544.22	0.000028393866648556302
1544.2250000000001	0.000028792132127452288
1544.23	0.000028886400506445175
1544.2350000000001	0.00002879050682924629
1544.24	0.00002863038282437566
1544.245	0.000028497946921801345
1544.25	0.000028514506453915144
1544.255	0.000028608926678180884
1544.26	0.000028836653506319436
1544.265	0.000028961011261721962
1544.27	0.000028895294093286972
1544.2749999999999	0.00002865885909774204
1544.28	0.000028533709706232096
1544.285	0.000028277434483817638
1544.29	0.0000273562411238259
1544.295	0.00002557697260773628
1544.3	0.000024270487019637783
1544.3049999999998	0.00002380377495152026
1544.31	0.0000247380455652595
1544.315	0.000026409916644114363
1544.32	0.00002811666230771391
1544.325	0.000028973189772774344
1544.33	0.000029168612536395147
1544.335	0.000029000583974118178
1544.34	0.00002862607170030316
1544.345	0.000028715054206248894
1544.3500000000001	0.000028712491031621958
1544.355	0.00002817352078050524
1544.36	0.00002819810041309867
1544.365	0.00002906241149101879
1544.37	0.00002951779607901889
1544.375	0.000029299948708054893
1544.38	0.00002914809103757546
1544.385	0.000028843077600006233
1544.3899999999999	0.00002796255922793918
1544.395	0.000027512095457501045
1544.4	0.00002834330340831176
1544.405	0.00002924509580236616
1544.41	0.000029463408282026604
1544.415	0.00002919114401561708
1544.4199999999998	0.000028751884272886678
1544.425	0.00002847667401520301
1544.43	0.000028668715606022248
1544.435	0.000029377720041241214
1544.44	0.000030162233356608478
1544.445	0.000030460796280941195
1544.45	0.000030507093470992927
1544.455	0.000030518907804423005
1544.46	0.000030491285201000115
1544.4650000000001	0.000030356007398141638
1544.47	0.000030183969433782075
1544.475	0.000030115304978452027
1544.48	0.000030078713796154236
1544.485	0.000029657930486360153
1544.49	0.0000286259540582843
1544.4950000000001	0.00002773987887057799
1544.5	0.00002767873604004228
1544.5049999999999	0.000028286750708199637
1544.51	0.00002832410639048188
1544.5149999999999	0.00002717043397816896
1544.52	0.00002604406474457972
1544.525	0.00002627629138165295
1544.53	0.000027922777088589787
1544.5349999999999	0.000029481285247178814
1544.54	0.000029899726415081586
1544.545	0.000029874621149753786
1544.55	0.000030273403283025182
1544.555	0.00003073400873499518
1544.56	0.00003094037262341267
1544.565	0.00003117979211733182
1544.57	0.00003115371330385801
1544.575	0.00003075433958132182
1544.5800000000002	0.00003054011957778126
1544.585	0.00003058978472549409
1544.59	0.00003080905187609853
1544.595	0.000031008948862320874
1544.6	0.00003102225145062372
1544.605	0.000030846711739197875
1544.6100000000001	0.0000306076593452647
1544.615	0.000030399518447486417
1544.62	0.00003030239168047584
1544.625	0.00003043781178408534
1544.6299999999999	0.00003086690409392704
1544.635	0.00003126917725609608
1544.64	0.00003120660405685031
1544.645	0.00003070504336409999
1544.6499999999999	0.00003019454049271022
1544.655	0.000029894027022617138
1544.6599999999999	0.000029355376451151216
1544.665	0.00002865657924069059
1544.67	0.00002870951719574658
1544.675	0.00002965893920791141
1544.68	0.000030605421616736724
1544.685	0.000030786453854943305
1544.69	0.00003068374210706615
1544.6950000000002	0.00003073814057306203
1544.7	0.00003073946573685644
1544.705	0.00003053289932627236
1544.71	0.00002914283481925907
1544.715	0.00002641667395249982
1544.72	0.000026238043161939038
1544.7250000000001	0.00002890604887132202
1544.73	0.00002976735409956533
1544.735	0.00002933792739483583
1544.74	0.00002911037512771096
1544.745	0.000028538003520002164
1544.75	0.000028047992022110946
1544.755	0.000028134838782045355
1544.76	0.000028695823077005036
1544.7649999999999	0.000029474621593143307
1544.77	0.000030159479145962256
1544.7749999999999	0.00003043887151587341
1544.7800000000002	0.0000301964464738782
1544.785	0.000029653686038944612
1544.79	0.00002975713244319975
1544.795	0.00003014281119238023
1544.8	0.000030242422202076434
1544.8049999999998	0.000029883565765568714
1544.8100000000002	0.000029545928838165604
1544.815	0.000029316524700316766
1544.82	0.000028409585255845186
1544.825	0.00002682559725823684
1544.83	0.00002534146248854114
1544.835	0.000024514310157686504
1544.8400000000001	0.000024528141842036183
1544.845	0.000025259579249678608
1544.85	0.000026293869818441737
1544.855	0.0000278334489756146
1544.86	0.00002901511221235374
1544.865	0.000029675638230419597
1544.8700000000001	0.00002937867377692775
1544.875	0.000028299716364554242
1544.8799999999999	0.000027822117426457527
1544.885	0.000028920799437152162
1544.8899999999999	0.000029880033336378995
1544.8950000000002	0.00002956818922599801
1544.9	0.000029150321461852025
1544.905	0.000029389654908384884
1544.91	0.000029882612084267185
1544.915	0.00003052273946806073
1544.9199999999998	0.00003091830723104323
1544.9250000000002	0.00003069912196083632
1544.93	0.000030093641415727645
1544.935	0.000029892507886365706
1544.94	0.00003030715879564464
1544.945	0.00003004928493635723
1544.9499999999998	0.000028948293351187503
1544.9550000000002	0.00002843949970342431
1544.96	0.000029280492860335454
1544.965	0.000030241142638004317
1544.97	0.000030273698761603927
1544.975	0.000030035878103445984
1544.9799999999998	0.000030383143848551198
1544.9850000000001	0.000030985486157198526
1544.99	0.00003114673073598817
1544.995	0.00003103572117949133
1545	0.00003088630254128834
1545.0049999999999	0.0000303910948535086
1545.01	0.000029484329867409373
1545.015	0.000028640977738855008
1545.02	0.000027850179088688062
1545.025	0.000027931887289248565
1545.03	0.00002850339340634457
1545.0349999999999	0.000029143530909073847
1545.04	0.000029411676849363195
1545.045	0.00002932037750724702
1545.05	0.000029541428996122345
1545.055	0.000029964023264906924
1545.06	0.000028543454875732364
1545.0649999999998	0.0000251446490649732
1545.0700000000002	0.000022555919530453798
1545.075	0.00002364420262875275
1545.08	0.000026983823044000326
1545.085	0.00002894603583570357
1545.09	0.00002932596659909961
1545.0949999999998	0.000030254923586800228
1545.1000000000001	0.00003093016745197751
1545.105	0.00003105077826135138
1545.1100000000001	0.00003118528607161991
1545.115	0.00003062308668530173
1545.12	0.000029966896750417904
1545.125	0.000030014788142856426
1545.13	0.000029880152388947305
1545.135	0.00002888738110487467
1545.14	0.000028058120610600837
1545.145	0.000028250192200402528
1545.1499999999999	0.000029309521176227897
1545.155	0.00003037906360594054
1545.16	0.000030670235020178655
1545.165	0.000030089177642783444
1545.17	0.000029053199976712196
1545.175	0.000028644072206738634
1545.1799999999998	0.000028687739449581348
1545.185	0.000028343908475638792
1545.19	0.000027873231795043563
1545.195	0.00002840960220248719
1545.2	0.000029745967017486164
1545.205	0.000030259901914643928
1545.2099999999998	0.00003020906725648665
1545.2150000000001	0.00003039696841401994
1545.22	0.00003056725660776402
1545.2250000000001	0.00003022800102901767
1545.23	0.00002944242257321246
1545.235	0.000029427654222831475
1545.24	0.000030033977490834666
1545.2450000000001	0.000029927851302960332
1545.25	0.000029534930945374092
1545.255	0.000029691583678359718
1545.26	0.000030310792316657937
1545.2649999999999	0.00003054568692426957
1545.27	0.00002986879938022958
1545.275	0.00002947506305659288
1545.28	0.00003010108615424675
1545.285	0.000029898240394111092
1545.29	0.000029594627038272872
1545.2949999999998	0.0000296381449314166
1545.3	0.000028012852062086515
1545.305	0.000024401429956794396
1545.31	0.000021376379306575508
1545.315	0.000019652333778316093
1545.32	0.000019604442257686165
1545.3249999999998	0.00002129471583299324
1545.33	0.00002402078398561747
1545.335	0.00002666634083241757
1545.3400000000001	0.00002925661833791441
1545.345	0.00003063503404083893
1545.35	0.0000308311482736587
1545.355	0.000030512424670353982
1545.3600000000001	0.000030571172799213214
1545.365	0.00003100029453176118
1545.3700000000001	0.00003106199183691648
1545.375	0.0000305866269975052
1545.3799999999999	0.000030076900198753103
1545.385	0.000030025523725104054
1545.39	0.000030293142709031847
1545.395	0.000030887999442541806
1545.4	0.00003109294837128121
1545.405	0.00003117328744108724
1545.4099999999999	0.000030869346226427104
1545.415	0.000030373612096857234
1545.42	0.000029807177466358626
1545.425	0.00002950729422356862
1545.43	0.000029679582918665795
1545.435	0.000029803108184995656
1545.4399999999998	0.00002978798314394014
1545.445	0.000029979146042901597
1545.45	0.00003039766802704636
1545.4550000000002	0.00003095850084828076
1545.46	0.00003151509787754035
1545.465	0.00003183848532106506
1545.47	0.00003204927390546824
1545.475	0.00003199218804028908
1545.48	0.00003163335314940533
1545.4850000000001	0.00003108876993689328
1545.49	0.000030630417654203326
1545.495	0.000030503641357933687
1545.5	0.00003038660832173333
1545.5049999999999	0.00002907007009302568
1545.51	0.000026560144632874873
1545.515	0.000024528820368461358
1545.52	0.000024432407153692108
1545.5249999999999	0.000026141362074188973
1545.53	0.000027293180917237576
1545.535	0.000025815412563053537
1545.54	0.000023058543044791967
1545.545	0.000022177736158594944
1545.55	0.00002371188902392194
1545.5549999999998	0.000026817326608433405
1545.56	0.00002880945185497437
1545.565	0.00002909285861499335
1545.5700000000002	0.00002904027253562802
1545.575	0.00002984547191258512
1545.58	0.00003063486936639428
1545.585	0.000031211180902052795
1545.59	0.000031642145058860316
1545.595	0.000031565894994000434
1545.6000000000001	0.00003164464575628635
1545.605	0.000031997450328334815
1545.61	0.000031921759245487805
1545.615	0.000031259425549979966
1545.62	0.0000300848842690704
1545.625	0.000028994985925199616
1545.63	0.000028796519980211717
1545.635	0.00002761400754569565
1545.6399999999999	0.00002545955435960355
1545.645	0.00002461718036683654
1545.6499999999999	0.000026049224128716408
1545.655	0.000028594223345611914
1545.66	0.000029938579732286865
1545.665	0.000030225329484484065
1545.6699999999998	0.00003030646621063395
1545.675	0.00003049592122353818
1545.68	0.00003070668332910448
1545.6850000000002	0.00003055997928550392
1545.69	0.00002998785449900774
1545.695	0.000029552799003470897
1545.7	0.000029546490292404876
1545.705	0.000029929752871172442
1545.71	0.000030609183313741124
1545.7150000000001	0.00003117085358778555
1545.72	0.00003115967775671736
1545.725	0.000030473177750762942
1545.73	0.00002977268296476223
1545.735	0.00002894225162593616
1545.74	0.000027913102918645816
1545.7450000000001	0.000026978238044400518
1545.75	0.000026775608079690388
1545.7549999999999	0.000027263133026699956
1545.76	0.00002788587073225495
1545.7649999999999	0.00002795814982633309
1545.77	0.000027799144135469235
1545.775	0.000028373557703881795
1545.78	0.00002961054200724221
1545.7849999999999	0.000030970085003953234
1545.79	0.00003128341899132011
1545.7949999999998	0.00003061660153419962
1545.8000000000002	0.000030607664172400454
1545.805	0.00003143605830096344
1545.81	0.000031645970831211015
1545.815	0.000031255276181863164
1545.82	0.000031089154764203304
1545.825	0.00003135010312578361
1545.8300000000002	0.000031626139529712
1545.835	0.000031367512868788555
1545.84	0.000030920543265709005
1545.845	0.00003069551795314849
1545.85	0.00003088293680416329
1545.855	0.000031296003696918565
1545.8600000000001	0.0000316126480346588
1545.865	0.000031608191016775144
1545.87	0.00003131319404110565
1545.875	0.00003093842624343385
1545.8799999999999	0.00003075620042879727
1545.885	0.000030817742283342024
1545.89	0.000031118492008446885
1545.895	0.0000315574761702289
1545.9	0.00003149613507013499
1545.905	0.00003066340551760804
1545.9099999999999	0.000029350529723006496
1545.9150000000002	0.00002812704748386676
1545.92	0.000027148613741914026
1545.925	0.000027085508863215138
1545.93	0.000028091197753437275
1545.935	0.00002943167049410476
1545.9399999999998	0.000029938154351896983
1545.9450000000002	0.000028904786860363724
1545.95	0.000027839265752534845
1545.955	0.000027348812951266617
1545.96	0.000027800666617539745
1545.965	0.000029684172088734775
1545.9699999999998	0.00003116191027534278
1545.9750000000001	0.000030750699841829774
1545.98	0.000031182065890946854
1545.985	0.00003188096792132144
1545.99	0.00003218696385079618
1545.995	0.00003208511573406272
1546	0.00003166577453697568
1546.005	0.000030848212250303576
1546.01	0.000029947412311875227
1546.015	0.000029315265651054593
1546.02	0.000029040814318906603
1546.0249999999999	0.00002891559766527557
1546.0300000000002	0.000028749345500265488
1546.035	0.000029042184416046745
1546.04	0.000029946138902508884
1546.045	0.000030626316053394984
1546.05	0.000030206782256779818
1546.0549999999998	0.000029655309248649234
1546.0600000000002	0.00003012959332152682
1546.065	0.00003142206687615791
1546.07	0.000032320463758193735
1546.075	0.00003273160864894928
1546.08	0.00003287470899077783
1546.0849999999998	0.000032896161428652744
1546.0900000000001	0.00003248048236808187
1546.095	0.000031135640828298994
1546.1	0.00002923209843752472
1546.105	0.000028327888198078513
1546.11	0.000029516212700132528
1546.1149999999998	0.000030512866361865225
1546.1200000000001	0.000030378148782620186
1546.125	0.000030875442728455945
1546.13	0.00003151408445639167
1546.135	0.00003160888445563612
1546.1399999999999	0.00003180555021788381
1546.145	0.000031546838534942064
1546.15	0.00003108902235132976
1546.155	0.00003105016730305873
1546.16	0.00003128514356207294
1546.165	0.0000314537163381548
1546.1699999999998	0.00003167720515599617
1546.175	0.00003208641531185946
1546.18	0.000032532633009242306
1546.185	0.00003278425989120879
1546.19	0.000032826643704125525
1546.195	0.00003269088404149307
1546.1999999999998	0.00003247567738406765
1546.2050000000002	0.00003207845721324622
1546.21	0.00003176473713410635
1546.215	0.00003168781624246096
1546.22	0.00003162676148779595
1546.225	0.0000315108818960213
1546.23	0.00003153264861280492
1546.2350000000001	0.00003160349173233558
1546.24	0.00003100741488292296
1546.2450000000001	0.000029350405934593684
1546.25	0.000027404583825539715
1546.2549999999999	0.000026371732168015552
1546.26	0.000026830394433834663
1546.265	0.000028793495841745504
1546.27	0.0000311678691663205
1546.275	0.000032296309480256625
1546.28	0.000032528733889094675
1546.2849999999999	0.000032352803057834245
1546.29	0.000031975787615365544
1546.295	0.000031613544884189015
1546.3	0.00003170060705586674
1546.305	0.00003247239938014057
1546.31	0.00003343824157340223
1546.3149999999998	0.00003383310628806713
1546.32	0.000033342024871583024
1546.325	0.000032270400039383585
1546.33	0.00003208096774229779
1546.335	0.00003267007922045462
1546.34	0.0000327456289101692
1546.345	0.00003195113301955187
1546.3500000000001	0.00003223392756872177
1546.355	0.0000330749608110636
1546.3600000000001	0.0000330525246199313
1546.365	0.00003300653907129769
1546.37	0.00003351772078789316
1546.375	0.00003376452817226298
1546.38	0.00003324058962576112
1546.385	0.00003302132246535925
1546.39	0.00003334179404367037
1546.395	0.00003359883990220192
1546.3999999999999	0.000033493053016629836
1546.405	0.00003345357083059195
1546.41	0.00003347915823021332
1546.415	0.000033314537736166576
1546.42	0.00003334174163807169
1546.425	0.00003341679868302176
1546.4299999999998	0.0000326532189790579
1546.435	0.00003155739577622574
1546.44	0.00003138218016038219
1546.445	0.000032268261349299546
1546.45	0.00003345777340317274
1546.455	0.00003391776552809175
1546.46	0.00003404828428077508
1546.465	0.000034143676623934326
1546.47	0.00003405233596250226
1546.4750000000001	0.00003378901826118307
1546.48	0.0000336448441349764
1546.485	0.00003272670317693008
1546.49	0.00003150005321487426
1546.4950000000001	0.00003155680373568325
1546.5	0.00003232671056662531
1546.505	0.000032960980199465766
1546.51	0.000032988910799478504
1546.5149999999999	0.000032834868472834796
1546.52	0.00003255646640486596
1546.525	0.00003196289291150501
1546.53	0.00003137938540579712
1546.535	0.00003148145088361603
1546.54	0.00003257045007421264
1546.5449999999998	0.00003318158027450887
1546.55	0.00003354874516403215
1546.555	0.00003398743545052949
1546.56	0.00003444805913038943
1546.565	0.00003458823252685887
1546.57	0.00003438397579529018
1546.575	0.00003428392577575049
1546.58	0.00003430859942454843
1546.585	0.00003414426621332251
1546.5900000000001	0.00003357747223918459
1546.595	0.00003289845076475954
1546.6	0.00003279954599272374
1546.605	0.00003338521187791646
1546.61	0.00003389738689802421
1546.615	0.00003393419919742263
1546.6200000000001	0.00003344340022341401
1546.625	0.00003233023931221674
1546.6299999999999	0.00003097290348207665
1546.635	0.000030190722353736113
1546.6399999999999	0.00003061212550511415
1546.645	0.00003205252452934731
1546.65	0.000032453348045715514
1546.655	0.0000318837163233986
1546.6599999999999	0.000032187398905344095
1546.665	0.00003322322274667339
1546.67	0.00003417834795007717
1546.675	0.00003441088720029055
1546.68	0.000034146978305321384
1546.685	0.000033995365674907844
1546.69	0.00003407081268388876
1546.695	0.00003407617623452097
1546.7	0.00003344466837241987
1546.7050000000002	0.00003241018177078097
1546.71	0.000031816725846374774
1546.715	0.000031832207388300715
1546.72	0.0000319414300668513
1546.725	0.000031611742489586455
1546.73	0.00003134784695585132
1546.7350000000001	0.00003108538807770704
1546.74	0.00002985599120900878
1546.745	0.0000288376522994497
1546.75	0.000029954708693936436
1546.7549999999999	0.00003172696071876841
1546.76	0.000032297054132211543
1546.765	0.00003239488418396279
1546.77	0.000032859062507597424
1546.7749999999999	0.00003353431100714799
1546.78	0.00003378599146679152
1546.7849999999999	0.00003333227382439949
1546.79	0.00003261251692607476
1546.795	0.00003245205994032711
1546.8	0.000032924376586395455
1546.805	0.0000330086031407078
1546.81	0.00003265301349115797
1546.815	0.000032249271944662456
1546.8200000000002	0.000029666431637587872
1546.825	0.000026906722606875486
1546.83	0.00002809984785203584
1546.835	0.00002852333398781303
1546.84	0.000027390526646264918
1546.845	0.000027968018431049415
1546.8500000000001	0.00002944447710308738
1546.855	0.000029252558097162455
1546.86	0.000028605223675075638
1546.865	0.000029953981850619843
1546.87	0.00003152133952844911
1546.875	0.000031694827584714474
1546.88	0.000031044909460491335
1546.885	0.00003083338193011317
1546.8899999999999	0.000031697336265498
1546.895	0.00003296140504190162
1546.8999999999999	0.00003333221747642539
1546.905	0.00003189196861468216
1546.91	0.000029844824355199897
1546.915	0.000028342669176899142
1546.92	0.00002772319003817912
1546.925	0.000028218173352252336
1546.9299999999998	0.000029589538618772156
1546.9350000000002	0.000031193696656197334
1546.94	0.000032543888054090276
1546.945	0.00003326005774765357
1546.95	0.00003321902310277394
1546.955	0.000033158042820860596
1546.96	0.00003341886847225449
1546.9650000000001	0.000033946462904597734
1546.97	0.000034499311936283305
1546.975	0.00003496118914342826
1546.98	0.00003502680147136048
1546.985	0.00003460360317262298
1546.99	0.00003339133632032749
1546.9950000000001	0.00003130105560912378
1547	0.00002976934297320136
1547.0049999999999	0.00003048328551079634
1547.01	0.00003254092119821987
1547.0149999999999	0.000032564246926657475
1547.0200000000002	0.00003066362879533868
1547.025	0.000030169440515281325
1547.03	0.000031458626819853674
1547.035	0.00003318337684491054
1547.04	0.00003423197936678857
1547.0449999999998	0.00003503470759302551
1547.0500000000002	0.00003500945870758148
1547.055	0.00003401231836300559
1547.06	0.00003261246012718571
1547.065	0.000031100361450068535
1547.07	0.00002972451060401938
1547.0749999999998	0.000029218609229881208
1547.0800000000002	0.00002975344888356484
1547.085	0.00003108803646081267
1547.09	0.00003215402063370009
1547.095	0.00003183489995861963
1547.1	0.000030333746348825975
1547.1049999999998	0.000029302493270022564
1547.1100000000001	0.000030056338415006777
1547.115	0.00003196318282340081
1547.12	0.00003314865883486851
1547.125	0.00003313217549010137
1547.1299999999999	0.00003248056829494154
1547.135	0.000031524858853252147
1547.14	0.000030535035316888484
1547.145	0.00002993906581222232
1547.15	0.00003032707357728851
1547.155	0.00003160545722661473
1547.1599999999999	0.0000328487503067821
1547.165	0.000032964191357930056
1547.17	0.00003212698901978267
1547.175	0.00003128162552315264
1547.18	0.00003106087455416556
1547.185	0.000032180181379096265
1547.1899999999998	0.000033825868631852565
1547.1950000000002	0.000033712888322446924
1547.2	0.000033391192088391986
1547.205	0.00003356187693074272
1547.21	0.000032359802913349156
1547.215	0.00003082126819465998
1547.2199999999998	0.000030774214320657745
1547.2250000000001	0.00003237768040135551
1547.23	0.00003416557465966012
1547.235	0.000034683751605961544
1547.24	0.00003459097283245891
1547.245	0.0000343086067207289
1547.25	0.00003383851339693585
1547.255	0.000033112877134284785
1547.26	0.000032408036631892695
1547.265	0.00003274253463308421
1547.27	0.000033818594868244704
1547.2749999999999	0.00003418547400024927
1547.28	0.0000335512741490915
1547.285	0.000033506159733370805
1547.29	0.00003383813883318495
1547.295	0.00003334313810382016
1547.3	0.00003291129656360588
1547.3049999999998	0.00003308103442881836
1547.31	0.000033123195198871025
1547.315	0.000032121303068434504
1547.32	0.00003062284677746314
1547.325	0.000029491106621759937
1547.33	0.000029026600882712107
1547.3349999999998	0.000029097410475662523
1547.3400000000001	0.000029692973703340385
1547.345	0.00003068037356766905
1547.3500000000001	0.000030380803467980672
1547.355	0.000028640981455637874
1547.36	0.00002863025192203912
1547.365	0.00003025047825109559
1547.3700000000001	0.00003066129766684711
1547.375	0.00003127316034568415
1547.38	0.000032686874011689586
1547.385	0.00003339320187207747
1547.3899999999999	0.00003329616823700394
1547.395	0.000032084247461391066
1547.4	0.00002992305814069916
1547.405	0.000028736657825495377
1547.41	0.000029597659116382267
1547.415	0.000031239273902333496
1547.4199999999998	0.000030780487613552644
1547.425	0.000029245490990827177
1547.43	0.000028751289459046643
1547.435	0.000029707307353705416
1547.44	0.000031122439917159115
1547.445	0.000032216769239096945
1547.4499999999998	0.00003239280818506823
1547.455	0.00003096861297081187
1547.46	0.00002906457172271219
1547.4650000000001	0.000028604874336281963
1547.47	0.000029795749084665108
1547.475	0.00003136572477841645
1547.48	0.00003216242503852904
1547.4850000000001	0.00003241781232107782
1547.49	0.000033005267189606364
1547.4950000000001	0.000033205215034522386
1547.5	0.00003239257247730678
1547.5049999999999	0.000031505181718592136
1547.51	0.00003192712474581855
1547.515	0.00003305788604598876
1547.52	0.00003379806645596364
1547.525	0.000033924408542329757
1547.53	0.00003406804735243568
1547.5349999999999	0.0000335169418171578
1547.54	0.00003195169037874414
1547.545	0.00003058434236762835
1547.55	0.00003093803286235116
1547.555	0.000032559504914444745
1547.56	0.0000338024865427365
1547.5649999999998	0.000034268378755519615
1547.57	0.00003432166872577975
1547.575	0.000033994874168694835
1547.5800000000002	0.000033039855211101324
1547.585	0.000031579621456131276
1547.59	0.00003040205076926414
1547.595	0.000030450000273434875
1547.6	0.00003166628401763663
1547.605	0.00003285945006586257
1547.6100000000001	0.00003284349493023739
1547.615	0.000031722123965295845
1547.62	0.000030602557225736245
1547.625	0.000029825707082548142
1547.6299999999999	0.00002951671141628069
1547.635	0.0000296455738019322
1547.64	0.000030023396977636294
1547.645	0.000030575838996969383
1547.6499999999999	0.00003128450558935129
1547.655	0.000032071593970341544
1547.66	0.00003279676250334798
1547.665	0.00003327013773536426
1547.67	0.00003370072224481358
1547.675	0.000033521186242663334
1547.6799999999998	0.00003203946606671703
1547.685	0.00003015916611681603
1547.69	0.000029809197679033758
1547.6950000000002	0.00003126613532988418
1547.7	0.00003313306648391715
1547.705	0.00003345269787975956
1547.71	0.00003301523947446667
1547.715	0.00003294979979073392
1547.72	0.00003309800103078156
1547.7250000000001	0.00003285325951478414
1547.73	0.0000323121235646998
1547.735	0.00003240799080973346
1547.74	0.00003273963212890894
1547.745	0.00003244024995578275
1547.75	0.00003271007563074297
1547.755	0.00003390918534549268
1547.76	0.000034791652040616195
1547.7649999999999	0.00003501433450953397
1547.77	0.00003510805251442152
1547.7749999999999	0.000035481595000514375
1547.78	0.00003562172059233871
1547.785	0.00003572103741376888
1547.79	0.000035818561703948614
1547.7949999999998	0.00003512805177783325
1547.8	0.00003388844610850647
1547.805	0.00003298413537370921
1547.8100000000002	0.00003356716015570249
1547.815	0.00003494295514327691
1547.82	0.00003607146609941642
1547.825	0.00003661498701369956
1547.83	0.00003671854149793387
1547.835	0.000036513677835170054
1547.8400000000001	0.000035971352230382765
1547.845	0.000035016832593948346
1547.85	0.000034240660948535944
1547.855	0.00003395211879736549
1547.86	0.000034436675545213716
1547.865	0.000035312549966203536
1547.8700000000001	0.00003532226187307757
1547.875	0.00003412515618534206
1547.8799999999999	0.000032825063862880084
1547.885	0.00003269786772345288
1547.8899999999999	0.000033698638214482065
1547.895	0.000034549371490477266
1547.9	0.00003425382977082832
1547.905	0.00003315504584247017
1547.9099999999999	0.00003283834822908953
1547.915	0.00003376222499743599
1547.9199999999998	0.00003426193904760331
1547.9250000000002	0.000034402544120787544
1547.93	0.00003428011813648964
1547.935	0.00003404345244554528
1547.94	0.00003383818968824585
1547.945	0.00003372095134826226
1547.95	0.00003391966154577971
1547.9550000000002	0.00003422507093120518
1547.96	0.00003458126154534645
1547.965	0.00003500487338857319
1547.97	0.00003552039611859965
1547.975	0.00003595818832181995
1547.98	0.000036047250216344276
1547.9850000000001	0.000035373313267199794
1547.99	0.00003398130820576362
1547.995	0.000033157414926338515
1548	0.00003338655674112794
1548.0049999999999	0.00003444543606645009
1548.01	0.00003533163657385371
1548.015	0.00003574695408820289
1548.02	0.00003564595537805006
1548.0249999999999	0.00003535378408769155
1548.03	0.0000350192968009676
1548.0349999999999	0.00003451868729682975
1548.0400000000002	0.00003353385070334391
1548.045	0.00003187207798235292
1548.05	0.00002986589340541995
1548.055	0.00002896930199125433
1548.06	0.000030028878685184656
1548.0649999999998	0.000030678352165868746
1548.0700000000002	0.000029572345659610785
1548.075	0.00002954792472499874
1548.08	0.00003101127155184985
1548.085	0.00003203797856853295
1548.09	0.00003227636746283138
1548.095	0.00003256317356128782
1548.1000000000001	0.000032827398020599256
1548.105	0.00003220204371103408
1548.11	0.00003103813631234101
1548.115	0.000030566646318792165
1548.12	0.000030771374064735744
1548.125	0.000030151750355738942
1548.13	0.00002873458168943869
1548.135	0.000028583046438923274
1548.14	0.00003028688987660331
1548.145	0.00003211965830838693
1548.1499999999999	0.000032641569294524805
1548.1550000000002	0.00003243902984512477
1548.16	0.00003265194620666466
1548.165	0.00003314647304529035
1548.17	0.00003362133746829023
1548.175	0.000033893100912452537
1548.1799999999998	0.00003354800119190078
1548.1850000000002	0.0000324272961420214
1548.19	0.00003080283732443272
1548.195	0.000029694714644403944
1548.2	0.000030175453660530577
1548.205	0.00003190582816868979
1548.2099999999998	0.00003379749933920442
1548.2150000000001	0.000034639750357212107
1548.22	0.00003468482835754675
1548.225	0.000034279697810609956
1548.23	0.000033740276879582784
1548.235	0.00003335846539998467
1548.2399999999998	0.00003320297455954589
1548.2450000000001	0.00003378610094663421
1548.25	0.000034927933534448115
1548.255	0.000035749233390456815
1548.26	0.00003639046885792653
1548.2649999999999	0.000036880422102189084
1548.27	0.0000366723312793796
1548.275	0.00003643620586246794
1548.28	0.00003578605277653108
1548.285	0.00003454294043903134
1548.29	0.00003373518072158074
1548.2949999999998	0.00003403383700250179
1548.3	0.000034954408833195526
1548.305	0.00003569437805052795
1548.31	0.00003571610537561238
1548.315	0.00003495656217272085
1548.32	0.00003372352570748664
1548.3249999999998	0.0000326905626846978
1548.3300000000002	0.000032279347854113577
1548.335	0.00003244408744610917
1548.34	0.00003310974035383799
1548.345	0.00003414769453582443
1548.35	0.000035206409164582513
1548.3549999999998	0.000035579063828479495
1548.3600000000001	0.00003465356554052038
1548.365	0.00003309879691946836
1548.3700000000001	0.00003253859348308257
1548.375	0.00003324077837264148
1548.3799999999999	0.000034406933923895625
1548.385	0.00003520570357311618
1548.39	0.00003534312506939677
1548.395	0.000034596811855718766
1548.4	0.00003292119464207946
1548.405	0.000030991109337949924
1548.4099999999999	0.00002967484762639814
1548.415	0.000030226766837401746
1548.42	0.00003195635686607856
1548.425	0.000032729590267548826
1548.43	0.00003275100330098632
1548.435	0.00003330738092401092
1548.4399999999998	0.000032689570199850205
1548.445	0.000032832421376163576
1548.45	0.00003464631530851208
1548.455	0.000035527792003314305
1548.46	0.000035644129442033745
1548.465	0.00003592243479859791
1548.47	0.000036019582889231045
1548.4750000000001	0.00003566018077864033
1548.48	0.00003550443074162155
1548.4850000000001	0.00003564367861741587
1548.49	0.00003495672003314306
1548.495	0.00003319598749672236
1548.5	0.00003235868091430688
1548.505	0.000033461729824393035
1548.51	0.00003458189717144097
1548.515	0.0000341145470059476
1548.52	0.000032887229332845695
1548.5249999999999	0.00003243436320249796
1548.53	0.0000325624338577623
1548.535	0.00003244919453280151
1548.54	0.00003179624857409308
1548.545	0.00003098884136849871
1548.55	0.000030762140500362546
1548.5549999999998	0.00003151620351963281
1548.56	0.00003227002438692139
1548.565	0.000031490199147376505
1548.57	0.000029838102877047624
1548.575	0.00002917034790744539
1548.58	0.00003064426488101154
1548.585	0.00003312093512194098
1548.59	0.000032864154184516326
1548.595	0.00003022326248778111
1548.6000000000001	0.000030347417556783437
1548.605	0.00003369339973755745
1548.61	0.00003501045220750819
1548.615	0.000034985306597505676
1548.6200000000001	0.00003540517835531797
1548.625	0.00003585413621938239
1548.63	0.00003605345813239354
1548.635	0.00003608897570507438
1548.6399999999999	0.00003607862163335078
1548.645	0.000036053528523719034
1548.65	0.000035930886000079906
1548.655	0.000035852471600739825
1548.66	0.0000358029113494408
1548.665	0.00003581660160186354
1548.6699999999998	0.00003597165801522229
1548.675	0.00003631680033227003
1548.68	0.000036673788241519195
1548.685	0.0000366239311808153
1548.69	0.00003618143094446819
1548.695	0.00003594075116155016
1548.7	0.00003650359652349357
1548.705	0.0000375931810104235
1548.71	0.00003815189622877507
1548.7150000000001	0.00003830612867367598
1548.72	0.00003819395279142712
1548.725	0.000038338385671316326
1548.73	0.000038688944162488446
1548.735	0.00003902198329026416
1548.74	0.000039028644096106264
1548.7450000000001	0.00003867805876255171
1548.75	0.00003807709473140918
1548.7549999999999	0.00003737146331023085
1548.76	0.00003662929235192575
1548.7649999999999	0.000035819783801882445
1548.77	0.000035245458542914324
1548.775	0.000035590325926354946
1548.78	0.00003643620423549275
1548.7849999999999	0.0000372183102422096
1548.79	0.000037585402459525294
1548.795	0.00003771647138872513
1548.8	0.000037365898630969434
1548.805	0.0000370854461264891
1548.81	0.00003693966690756588
1548.815	0.000036700939622039624
1548.82	0.000036115731530907866
1548.825	0.00003559758010546343
1548.8300000000002	0.00003594908428995352
1548.835	0.00003672027480200993
1548.84	0.00003747216844782342
1548.845	0.000037375355745401765
1548.85	0.00003661499128876538
1548.855	0.00003596561203729392
1548.8600000000001	0.00003590088223219697
1548.865	0.00003635264786954894
1548.87	0.000036737686142492376
1548.875	0.00003661709303505793
1548.8799999999999	0.00003618983350273446
1548.885	0.000036042862715886236
1548.89	0.00003593272185082925
1548.895	0.00003461826262209339
1548.8999999999999	0.000032169089676645934
1548.905	0.00003114179885105657
1548.9099999999999	0.00003270247644739917
1548.915	0.00003548860908745225
1548.92	0.000037169625172899515
1548.925	0.000037297503042263334
1548.93	0.0000375256551916853
1548.935	0.000038299109704782524
1548.94	0.000038711488877909105
1548.9450000000002	0.000038400214709989214
1548.95	0.00003835702634382063
1548.955	0.00003893535998433635
1548.96	0.00003882264915500558
1548.965	0.000037975382642699354
1548.97	0.000038102746532102475
1548.9750000000001	0.00003842351336945759
1548.98	0.000036900703198525636
1548.985	0.00003443925361774619
1548.99	0.00003406482981787173
1548.995	0.000035681586074321316
1549	0.00003687689988869437
1549.005	0.00003670438310421739
1549.01	0.00003653186631973394
1549.0149999999999	0.00003660213366892898
1549.02	0.00003553754783376089
1549.0249999999999	0.00003347276331375286
1549.03	0.0000318061791192478
1549.035	0.00003182505251198446
1549.04	0.00003380083747208368
1549.045	0.000036645381952907344
1549.05	0.00003780715866775409
1549.0549999999998	0.00003738914568979529
1549.0600000000002	0.000035904668741497414
1549.065	0.0000350029618498571
1549.07	0.00003574562337253693
1549.075	0.00003718602082220593
1549.08	0.000038004708257207654
1549.085	0.00003829342252419215
1549.0900000000001	0.000038453968760168784
1549.095	0.00003841853415030979
1549.1	0.000038020726039573126
1549.105	0.00003712321268860436
1549.11	0.00003585494888055951
1549.115	0.000035158634707850884
1549.1200000000001	0.00003591421791242995
1549.125	0.00003783555749812028
1549.1299999999999	0.00003621356037394479
1549.135	0.00003414891037807194
1549.1399999999999	0.00003515460460518427
1549.145	0.00003798597732513689
1549.15	0.00003924876084783654
1549.155	0.00003886874879068427
1549.16	0.00003804530212621862
1549.165	0.0000374439534361134
1549.1699999999998	0.00003751872060073898
1549.1750000000002	0.00003827903121510612
1549.18	0.00003915510071412293
1549.185	0.00003979744502590067
1549.19	0.00004008058036050028
1549.195	0.00003998172738455801
1549.1999999999998	0.0000400585380075805
1549.2050000000002	0.000040503665713629474
1549.21	0.0000398228839102429
1549.215	0.000037082399527689844
1549.22	0.00003522006723160103
1549.225	0.00003561734906065027
1549.2299999999998	0.00003764660052327886
1549.2350000000001	0.00003983354199984004
1549.24	0.0000412280905451042
1549.245	0.00004168349685062149
1549.25	0.00004154384792945545
1549.2549999999999	0.00004100410040080581
1549.26	0.000040251124478229825
1549.265	0.00003987734656213735
1549.27	0.000040176620409947066
1549.275	0.00004038342639086754
1549.28	0.00003933738859471678
1549.2849999999999	0.00003913592075755147
1549.2900000000002	0.00003928767069195319
1549.295	0.00003688444974553388
1549.3	0.00003648387978580594
1549.305	0.000038805157734340995
1549.31	0.00003848281128492073
1549.3149999999998	0.000037536280977240275
1549.3200000000002	0.00003815258473927635
1549.325	0.00003941287967183898
1549.33	0.0000400316863960971
1549.335	0.000040075488829251205
1549.34	0.000039751821618219626
1549.3449999999998	0.00003926592248222367
1549.3500000000001	0.0000391919804599696
1549.355	0.00003968277119317507
1549.36	0.00004028387572469605
1549.365	0.000040305627495526495
1549.37	0.00003950490301312431
1549.375	0.000038503066373451596
1549.38	0.00003871341282471961
1549.385	0.00003962790142052175
1549.39	0.00004017854331692757
1549.395	0.00004015031161404041
1549.3999999999999	0.000040003520542844895
1549.405	0.000040182481540333686
1549.41	0.00004048249228353084
1549.415	0.0000399806171510459
1549.42	0.000038912430502706837
1549.425	0.00003802676742856971
1549.4299999999998	0.000037357812178280035
1549.435	0.00003683450796945327
1549.44	0.000036134324188041846
1549.445	0.0000350253183572939
1549.45	0.000034727985913950965
1549.455	0.00003657922835609639
1549.4599999999998	0.00003925641110968627
1549.4650000000001	0.00004026229720578995
1549.47	0.00004007537922743585
1549.475	0.000039722672682444784
1549.48	0.00003721789000354522
1549.485	0.00003461376574980164
1549.49	0.000035220428918149246
1549.4950000000001	0.00003797053707549492
1549.5	0.00003997319113359267
1549.505	0.00004146018171396664
1549.51	0.0000416857597993258
1549.5149999999999	0.00004062571481775219
1549.52	0.00003921852455753056
1549.525	0.0000382317624861616
1549.53	0.0000388040840380017
1549.535	0.00004061987131916426
1549.54	0.00004161971613503806
1549.5449999999998	0.00004175174510719054
1549.55	0.000041822579349275504
1549.555	0.000041942912494430974
1549.56	0.000041289643494523716
1549.565	0.00004047264183182084
1549.57	0.000040752737296399476
1549.5749999999998	0.00004138938961413852
1549.58	0.00003999410557798197
1549.585	0.00003716379638759458
1549.5900000000001	0.00003526745803161065
1549.595	0.00003539610761789102
1549.6	0.00003679378022382972
1549.605	0.000038648521361878515
1549.6100000000001	0.00004056266320097701
1549.615	0.00004189613081871102
1549.6200000000001	0.00004232065358313599
1549.625	0.000042305436014525004
1549.6299999999999	0.00004229738640093351
1549.635	0.0000419333810304172
1549.64	0.00004070616557710591
1549.645	0.000039394348316094984
1549.65	0.000039257330071160684
1549.655	0.000040280172363075704
1549.6599999999999	0.00004063359514222544
1549.665	0.00004079865900530237
1549.67	0.00003993153231593686
1549.675	0.00003798430152193017
1549.68	0.00003687079212832869
1549.685	0.00003743067184321072
1549.6899999999998	0.00003851632101273201
1549.695	0.00003942259700381641
1549.7	0.00004021789930077418
1549.7050000000002	0.00004111462245347774
1549.71	0.0000418390318472312
1549.715	0.00004246677340220603
1549.72	0.000042663532465509314
1549.725	0.00004179094696212924
1549.73	0.00004031091454961906
1549.7350000000001	0.00003937281868275564
1549.74	0.00004021174963543991
1549.745	0.00004200686252600191
1549.75	0.00004259033559570062
1549.755	0.00004275877897312207
1549.76	0.00004299419642334327
1549.765	0.00004281278383929984
1549.77	0.00004264755874908049
1549.7749999999999	0.000042689862314235964
1549.78	0.000042652229482246334
1549.785	0.00004250594304716303
1549.79	0.000042715026059543995
1549.795	0.00004324065665431825
1549.8	0.000043787433202463396
1549.8049999999998	0.000043717400344558274
1549.81	0.00004321977276969977
1549.815	0.000043087173260408715
1549.8200000000002	0.00004325148031247956
1549.825	0.000043314795719825445
1549.83	0.00004367845286730567
1549.835	0.00004406156947615299
1549.84	0.00004418901211871652
1549.845	0.000043401222345153695
1549.8500000000001	0.00004219153942637526
1549.855	0.00004176041496656097
1549.86	0.00004239831733939618
1549.865	0.00004371394775825127
1549.87	0.00004457617787398986
1549.875	0.00004499696658044506
1549.88	0.00004488632140691879
1549.885	0.000044563969104885106
1549.8899999999999	0.00004409345058636159
1549.895	0.00004352903804439002
1549.8999999999999	0.000042934654377031775
1549.905	0.00004258655536836211
1549.91	0.00004244936489572402
1549.915	0.00004213065134182457
1549.9199999999998	0.00004116742102209556
1549.925	0.00004001646153207883
1549.93	0.00003956054329264421
1549.9350000000002	0.00004009709426036273
1549.94	0.00004164290310369056
1549.945	0.00004275747655338246
1549.95	0.0000433106539674841
1549.955	0.00004295866987987466
1549.96	0.00004180100474574477
1549.9650000000001	0.00004021163488931181
1549.97	0.000039602678176757297
1549.975	0.000040274771289417555
1549.98	0.00003990555212585775
1549.985	0.0000381143247032786
1549.99	0.000037830752857950395
1549.9950000000001	0.0000391277967654484
1550	0.00003927733039527862
1550.0049999999999	0.00003718035830298455
1550.01	0.000035179086591419666
1550.0149999999999	0.000034119756438562955
1550.02	0.00003504711782977899
1550.025	0.00003778724553830685
1550.03	0.000040508885630633966
1550.0349999999999	0.000042532919756667724
1550.04	0.0000430558003837005
1550.0449999999998	0.00004367380017276519
1550.0500000000002	0.0000439817759366276
1550.055	0.00004414069902949563
1550.06	0.000043998996279858465
1550.065	0.00004369770211493895
1550.07	0.00004319704608090124
1550.075	0.000042154154954208654
1550.0800000000002	0.00004052429880787663
1550.085	0.00003897500849751096
1550.09	0.00003841840178455197
1550.095	0.000039324977292642556
1550.1	0.00004091335726467573
1550.105	0.00004222897395530881
1550.1100000000001	0.00004238078071938565
1550.115	0.00004211550358497044
1550.12	0.000041880701336534765
1550.125	0.00004188890945344832
1550.1299999999999	0.00004206449752512698
1550.135	0.00004211441427560625
1550.14	0.00004171669386252518
1550.145	0.00004048487162247604
1550.1499999999999	0.00003856488714585526
1550.155	0.00003703788784335173
1550.1599999999999	0.00003584473466245186
1550.1650000000002	0.00003574487791661767
1550.17	0.00003707700094068102
1550.175	0.000039284912819509506
1550.18	0.00004157738929400147
1550.185	0.00004256072697116869
1550.1899999999998	0.00004213958170827697
1550.1950000000002	0.00004114432449011129
1550.2	0.00004136146285274584
1550.205	0.00004243341825334884
1550.21	0.00004310189803130847
1550.215	0.0000433055740906444
1550.22	0.00004356148178267216
1550.2250000000001	0.00004351041487457721
1550.23	0.000043051085071388476
1550.235	0.000042098628924916495
1550.24	0.000040505454082131684
1550.245	0.000038506906763928754
1550.25	0.000037129833972511116
1550.255	0.00003724750139301135
1550.26	0.000038451223462239274
1550.2649999999999	0.00003963515331582436
1550.27	0.000039993339360781394
1550.2749999999999	0.000038506272902145266
1550.2800000000002	0.000036410544620269264
1550.285	0.00003563242508395952
1550.29	0.000036845176363966905
1550.295	0.0000387276788238997
1550.3	0.00004018406789390506
1550.3049999999998	0.000040679471560321954
1550.3100000000002	0.00004032468997666995
1550.315	0.000039929749642775986
1550.32	0.00004043341940518946
1550.325	0.000041855706316299046
1550.33	0.00004338515465039452
1550.3349999999998	0.0000440073364150519
1550.3400000000001	0.00004369993196281978
1550.345	0.00004307968886367219
1550.35	0.000043015652215200576
1550.355	0.000043638924667689745
1550.36	0.000043426076083900154
1550.3649999999998	0.00004271099757234121
1550.3700000000001	0.00004087820903284332
1550.375	0.000038830551926327266
1550.38	0.00003862155590291494
1550.385	0.00004004298132493753
1550.3899999999999	0.00004170928140089345
1550.395	0.000042915528994034786
1550.4	0.000043592319800367034
1550.405	0.00004366808841660568
1550.41	0.000043343842182269494
1550.415	0.00004325141405885786
1550.4199999999998	0.00004359687302793647
1550.425	0.00004427365933959018
1550.43	0.00004483105996828857
1550.435	0.0000444786927641324
1550.44	0.00004413865727657021
1550.445	0.00004454292947399526
1550.4499999999998	0.000044921139347679573
1550.4550000000002	0.00004497924740845103
1550.46	0.00004504824155990466
1550.465	0.0000444844711472557
1550.47	0.00004291250562328058
1550.475	0.000041739094490359853
1550.4799999999998	0.000041509188083629324
1550.4850000000001	0.00004202516278220703
1550.49	0.00004261406694738891
1550.4950000000001	0.0000426915952233975
1550.5	0.00004243309378581939
1550.5049999999999	0.00004247034665378977
1550.51	0.000042339363641093646
1550.515	0.0000409595719350555
1550.52	0.000039918239911577536
1550.525	0.00004034700877062658
1550.53	0.00004046790130542649
1550.5349999999999	0.000040065191242731256
1550.54	0.00003999240358111146
1550.545	0.000039756100734299906
1550.55	0.00003935941401357174
1550.555	0.00003887853477600653
1550.56	0.00003812576240891582
1550.5649999999998	0.00003724671787245066
1550.57	0.0000370889579386038
1550.575	0.00003742269301819144
1550.58	0.00003738974351127434
1550.585	0.00003719605211054872
1550.59	0.00003781323628757224
1550.5949999999998	0.000039518532136566463
1550.6000000000001	0.000041430143637054665
1550.605	0.00004291574163382142
1550.6100000000001	0.00004384965160395204
1550.615	0.00004464263181062272
1550.62	0.00004494554714985621
1550.625	0.000044698971476264076
1550.63	0.000043552019720059616
1550.635	0.000041477383438183646
1550.64	0.000038972034103592026
1550.645	0.000037656443629534
1550.6499999999999	0.00003820300037128032
1550.655	0.0000406260735513521
1550.66	0.00004262875169414839
1550.665	0.00004353924715424322
1550.67	0.00004324030404158549
1550.675	0.00004185118433339802
1550.6799999999998	0.00004005745981791079
1550.685	0.000039648975689256944
1550.69	0.000041156641980043646
1550.695	0.000042760685772499
1550.7	0.000043653857677772
1550.705	0.000043939651702167235
1550.71	0.000043505611458850266
1550.715	0.000043192918624149265
1550.72	0.000043490724851585694
1550.7250000000001	0.00004385871913205898
1550.73	0.000043776201982721756
1550.735	0.00004317106958212646
1550.74	0.000042617506301498944
1550.7450000000001	0.000042680176524949285
1550.75	0.000043222395947680066
1550.755	0.00004384404742917794
1550.76	0.000044222488211137815
1550.7649999999999	0.0000441715138488262
1550.77	0.00004367811255375689
1550.775	0.00004283121661717462
1550.78	0.000041542681835194136
1550.785	0.00003926546880020668
1550.79	0.000036850244005509416
1550.7949999999998	0.000035503625068905776
1550.8	0.00003608677615651925
1550.805	0.00003848206403779389
1550.81	0.000041605969500613355
1550.815	0.000043138787527642944
1550.82	0.00004308818530166997
1550.825	0.00004182360480651209
1550.83	0.00004027174624155225
1550.835	0.00003962966174126564
1550.8400000000001	0.000040142202447648004
1550.845	0.000040847829896790324
1550.85	0.00004143049614562387
1550.855	0.00004184871121206931
1550.86	0.00004179163753099479
1550.865	0.00004081860421667955
1550.8700000000001	0.000039469899591478855
1550.875	0.000039127172297102157
1550.8799999999999	0.00003996291969646488
1550.885	0.00004078155165225533
1550.8899999999999	0.000040643200634857676
1550.895	0.00004040915936230666
1550.9	0.000041010296163328896
1550.905	0.00004051800838397154
1550.9099999999999	0.00003881915390461164
1550.915	0.00003752682022078811
1550.92	0.000037554021921260644
1550.925	0.00003870340651727967
1550.93	0.00003911529347007544
1550.935	0.000037737156636482696
1550.94	0.00003579851681392126
1550.945	0.00003505636500719801
1550.95	0.00003627600249548123
1550.9550000000002	0.00003831778404258151
1550.96	0.00003820621768035603
1550.965	0.00003622894784813108
1550.97	0.00003584923633977372
1550.975	0.00003813393453505973
1550.98	0.00003934209384283378
1550.9850000000001	0.00003803413177846216
1550.99	0.000038167901844721354
1550.995	0.00003994667438735312
1551	0.00004094060353726986
1551.0049999999999	0.000039966382664378574
1551.01	0.000039407683111896995
1551.015	0.00003990786478055917
1551.02	0.00004009172726584582
1551.0249999999999	0.000039295365919167534
1551.03	0.000038885622231554894
1551.0349999999999	0.000039805427714444255
1551.04	0.000040803330536945195
1551.045	0.000040102174279973736
1551.05	0.00003780962377545362
1551.055	0.000035231551891699653
1551.06	0.00003459194130736479
1551.065	0.00003618850024352956
1551.0700000000002	0.000038206949268404896
1551.075	0.0000397445361517501
1551.08	0.000041038455805609316
1551.085	0.00004213703289484055
1551.09	0.000042649131492494984
1551.095	0.0000426625400601538
1551.1000000000001	0.000042550152028271005
1551.105	0.00004243331647372079
1551.11	0.00004232000554151684
1551.115	0.00004233625077051687
1551.12	0.00004233625077176837
1551.125	0.000041312277563449086
1551.13	0.00003893924964876665
1551.135	0.00003642405408857329
1551.1399999999999	0.00003546867673118399
1551.145	0.00003703328665776383
1551.1499999999999	0.000039346490095041806
1551.155	0.000040700166990135526
1551.16	0.00004112545622582248
1551.165	0.00004160484682490421
1551.17	0.00004259220894475013
1551.175	0.00004331520812313548
1551.1799999999998	0.00004362886572048425
1551.1850000000002	0.000043596242907365386
1551.19	0.0000435485134050476
1551.195	0.00004351052910543446
1551.2	0.00004327833843208157
1551.205	0.00004287768281729923
1551.21	0.00004254343496779155
1551.2150000000001	0.00004254433230535257
1551.22	0.00004268431864546306
1551.225	0.000042407390168245154
1551.23	0.00004206502538627667
1551.235	0.00004180454911654768
1551.24	0.000041346949524803436
1551.2450000000001	0.00004050347128012043
1551.25	0.00003816425079682574
1551.2549999999999	0.00003478550392578878
1551.26	0.000032246798490346145
1551.2649999999999	0.000032896163824511734
1551.27	0.00003647696198858217
1551.275	0.000039779214084346245
1551.28	0.00004112262562767258
1551.285	0.00004210955276805583
1551.29	0.00004350955893338198
1551.2949999999998	0.00004375051076929494
1551.3000000000002	0.00004318773522209736
1551.305	0.00004221621248848553
1551.31	0.000039876325053049644
1551.315	0.00003741428465802644
1551.32	0.0000367472937282782
1551.3249999999998	0.00003732208220126158
1551.3300000000002	0.00003737958431045221
1551.335	0.00003675066418664738
1551.34	0.00003685793276937885
1551.345	0.00003857851300102588
1551.35	0.00004010809358670974
1551.355	0.00004083186543172277
1551.3600000000001	0.00004129599248317914
1551.365	0.00004236195570903935
1551.37	0.000043526540451977696
1551.375	0.000043528061339628744
1551.3799999999999	0.000043077451331218554
1551.385	0.000042828491301847726
1551.39	0.000042410051326081605
1551.395	0.00004214579972805414
1551.4	0.00004283572133868697
1551.405	0.00004374565075798906
1551.4099999999999	0.000043618697757847854
1551.4150000000002	0.00004289013533500735
1551.42	0.000041954833022491256
1551.425	0.000041529556645009554
1551.43	0.00004209901363863645
1551.435	0.00004226061551196133
1551.4399999999998	0.000041062718205999665
1551.4450000000002	0.000039976229741236565
1551.45	0.00004045538653212993
1551.455	0.000042069693398891534
1551.46	0.0000437659170678874
1551.465	0.000044789240635872266
1551.4699999999998	0.000045082395532369864
1551.4750000000001	0.00004519195724560261
1551.48	0.00004529984213436173
1551.485	0.000045484834103113036
1551.49	0.00004551871097646654
1551.495	0.00004517106441306213
1551.5	0.00004451174980232992
1551.505	0.00004404799203923892
1551.51	0.00004414202476258655
1551.515	0.00004449460071556942
1551.52	0.00004420733818485735
1551.5249999999999	0.000042905520665602026
1551.53	0.000041485221674780054
1551.535	0.00004082530802209289
1551.54	0.00004108963235608344
1551.545	0.000042097519655702055
1551.55	0.000043262389874392936
1551.5549999999998	0.00004403709061284808
1551.56	0.000044130619592577785
1551.565	0.00004377551082955813
1551.57	0.000043352634700757935
1551.575	0.00004274350072583565
1551.58	0.0000418733932250805
1551.5849999999998	0.000041209874375266863
1551.5900000000001	0.000041820200746151435
1551.595	0.00004265765791468953
1551.6	0.00004207051307252788
1551.605	0.00004140416371939242
1551.61	0.000042154020966126326
1551.615	0.00004294098210640331
1551.6200000000001	0.000043039840459008215
1551.625	0.00004277343919888949
1551.63	0.00004195985411426234
1551.635	0.000040101390422177126
1551.6399999999999	0.000037573243609665895
1551.645	0.000035989229342546836
1551.65	0.00003689942498608154
1551.655	0.00003952788426587864
1551.66	0.00004162600016689229
1551.665	0.00004234045538206293
1551.6699999999998	0.000042727490396998515
1551.675	0.000042990844901430815
1551.68	0.00004253985527745392
1551.685	0.00004143730455659743
1551.69	0.00004024953116752479
1551.695	0.00003969911256598974
1551.6999999999998	0.000039944045683156127
1551.705	0.00004042463431382444
1551.71	0.00004023332704157492
1551.715	0.00003943800560819206
1551.72	0.000038135432499915805
1551.725	0.00003592938895265824
1551.73	0.000032658903930804006
1551.7350000000001	0.000031745063862410526
1551.74	0.00003459000777276237
1551.7450000000001	0.00003902864578260059
1551.75	0.000040891314399698596
1551.7549999999999	0.000040606870766548057
1551.76	0.000040198095571302707
1551.765	0.00004030350065937709
1551.77	0.000040590557018572315
1551.775	0.000039525971068786334
1551.78	0.000037226090409648564
1551.7849999999999	0.00003587438949426732
1551.79	0.00003650216781944635
1551.795	0.00003849597705603099
1551.8	0.000040728071823046
1551.805	0.00004188558352312941
1551.81	0.00004126937644063808
1551.8149999999998	0.00004017505987074067
1551.82	0.00003991562625827847
1551.825	0.00004037943309794381
1551.83	0.000041019375658626786
1551.835	0.00004136428602210826
1551.84	0.00004155404499754215
1551.845	0.00004229399430751396
1551.85	0.00004330106573513599
1551.855	0.00004373991181138876
1551.8600000000001	0.000043554014608875385
1551.865	0.00004368594830907617
1551.87	0.000043490442416617534
1551.875	0.00004249109725019076
1551.88	0.00004114829396417777
1551.885	0.00004005516317583277
1551.89	0.000039608053938598695
1551.895	0.000039943629943318334
1551.8999999999999	0.00004087502466441236
1551.905	0.000041576588138114724
1551.91	0.000041564476629072064
1551.915	0.000041716706743131064
1551.92	0.000042645190208558264
1551.925	0.00004297407575658494
1551.9299999999998	0.00004176287288156675
1551.935	0.00004137674399251232
1551.94	0.00004238273592868458
1551.9450000000002	0.00004364221654310012
1551.95	0.000043786008137285486
1551.955	0.0000429695240129009
1551.96	0.000041626459981534915
1551.965	0.00004016217408667411
1551.97	0.000038576670182915455
1551.9750000000001	0.00003741638582986092
1551.98	0.000037165655510293704
1551.985	0.00003761200311307658
1551.99	0.00003873837977915931
1551.995	0.00004025984071695946
1552	0.000041265236484800986
1552.005	0.000040586179949017466
1552.01	0.000038266859833307645
1552.0149999999999	0.00003625383317388534
1552.02	0.000036204478774720886
1552.0249999999999	0.00003787903241435468
1552.03	0.000039991556664602384
1552.035	0.00004131044739539981
1552.04	0.00004185352007007465
1552.0449999999998	0.00004218353445057465
1552.05	0.0000425284500204996
1552.055	0.00004276573009843583
1552.0600000000002	0.00004279920478816656
1552.065	0.000042489393894826945
1552.07	0.00004159933237491257
1552.075	0.00003980825393840949
1552.08	0.00003858678557422354
1552.085	0.00003918915523734128
1552.0900000000001	0.00004052153954279707
1552.095	0.00004078971975987175
1552.1	0.000040427086337858315
1552.105	0.00004132687382487409
1552.11	0.000043019011940930215
1552.115	0.00004370399707177476
1552.1200000000001	0.00004341420757194311
1552.125	0.00004285832405941188
1552.1299999999999	0.000041996552856168956
1552.135	0.00004114592600136356
1552.1399999999999	0.000040302780482614554
1552.145	0.00004025189130100253
1552.15	0.000041103222238892724
1552.155	0.00004233201261072874
1552.1599999999999	0.000043226191710091794
1552.165	0.00004313232027681856
1552.1699999999998	0.00004217776396638027
1552.1750000000002	0.00004157731976589852
1552.18	0.00004148483978626368
1552.185	0.00004137756960777374
1552.19	0.00004079960306921784
1552.195	0.00003973751271481222
1552.2	0.00003864822718748549
1552.2050000000002	0.00003799233959576168
1552.21	0.00003833643024460601
1552.215	0.00003974059087974884
1552.22	0.00004148437294235339
1552.225	0.00004332245206954365
1552.23	0.00004380161703107151
1552.2350000000001	0.000043299260111762675
1552.24	0.00004188106063728767
1552.245	0.00003967439495735504
1552.25	0.00003709772156774575
1552.2549999999999	0.00003532769929410192
1552.26	0.000035310179788621916
1552.265	0.00003690736905311234
1552.27	0.00003894640116245268
1552.2749999999999	0.00004014428928458988
1552.28	0.00004130263337341896
1552.2849999999999	0.000041271882765662434
1552.2900000000002	0.00003816094892142428
1552.295	0.000036078618587048645
1552.3	0.00003862753851758208
1552.305	0.00004289050093668065
1552.31	0.00004535667892587837
1552.3149999999998	0.00004622062150291824
1552.3200000000002	0.000046334724189760616
1552.325	0.00004609679068623552
1552.33	0.00004584913754550773
1552.335	0.00004587790513807987
1552.34	0.00004610545876742277
1552.345	0.00004589416495831184
1552.3500000000001	0.00004435007456995278
1552.355	0.00004231837148683571
1552.36	0.000040843362038657986
1552.365	0.000040975697164848597
1552.37	0.00004216819059166697
1552.375	0.00004366951137619565
1552.38	0.0000453646481621254
1552.385	0.00004632554153755782
1552.3899999999999	0.00004677023385997145
1552.395	0.00004659399419449846
1552.3999999999999	0.00004622948591768938
1552.4050000000002	0.00004617092431587264
1552.41	0.0000461966443917218
1552.415	0.00004516405097872646
1552.42	0.000043078584281238195
1552.425	0.00004139414823020956
1552.4299999999998	0.00004122887932593375
1552.4350000000002	0.000042597282885678104
1552.44	0.0000442996869877803
1552.445	0.000045584262436411865
1552.45	0.00004622492927678088
1552.455	0.00004624010188911327
1552.4599999999998	0.000045658824655436266
1552.4650000000001	0.000045285086806987594
1552.47	0.000044702353870791577
1552.475	0.000043503990403341445
1552.48	0.00004269812426808367
1552.485	0.000043250830162148105
1552.4899999999998	0.00004427562971267966
1552.4950000000001	0.00004482825853698493
1552.5	0.00004468001717623042
1552.5049999999999	0.00004433154538977358
1552.51	0.000043933556606133974
1552.5149999999999	0.000043585034597381956
1552.52	0.00004332555304578682
1552.525	0.00004281691625607901
1552.53	0.00004193981890428211
1552.535	0.00004108507072403698
1552.54	0.00004018802940716044
1552.5449999999998	0.00003928548882086826
1552.5500000000002	0.000039294774483570626
1552.555	0.00004070454627055723
1552.56	0.00004274746348147729
1552.565	0.00004445642547693789
1552.57	0.00004521808000086993
1552.5749999999998	0.00004504938267142482
1552.5800000000002	0.000044254083852874785
1552.585	0.00004359959847270544
1552.59	0.000043915253018470896
1552.595	0.00004497307279963415
1552.6	0.00004550941519700814
1552.6049999999998	0.00004486521899767162
1552.6100000000001	0.00004402760393280517
1552.615	0.00004421950017176138
1552.6200000000001	0.00004557989065250668
1552.625	0.00004659144996055017
1552.6299999999999	0.00004579700066298436
1552.635	0.00004436201915158596
1552.64	0.000044047191472245455
1552.645	0.00004515237821083812
1552.65	0.00004505879722535984
1552.655	0.00004310213131283773
1552.6599999999999	0.00004213135654997567
1552.665	0.000043603098723286804
1552.67	0.00004553372380735447
1552.675	0.00004606734330406936
1552.68	0.00004601072926595609
1552.685	0.00004627908531486343
1552.6899999999998	0.000046461383782527135
1552.695	0.000045699560346381035
1552.7	0.0000441932599688579
1552.705	0.00004339043063576587
1552.71	0.00004441161821674466
1552.715	0.00004601244065965541
1552.7199999999998	0.0000458528016548228
1552.7250000000001	0.00004478461394151965
1552.73	0.00004483106015344889
1552.7350000000001	0.00004547114714956223
1552.74	0.000044512328170491165
1552.745	0.000041758726609418164
1552.75	0.00003970096224214302
1552.755	0.00003987106728707512
1552.76	0.000042510660295841934
1552.765	0.00004573324959738745
1552.77	0.00004718753891790175
1552.7749999999999	0.00004639396148692319
1552.78	0.00004527422362297495
1552.785	0.00004439233199421148
1552.79	0.000042751046485623555
1552.795	0.00004142909456958502
1552.8	0.00004202336771807387
1552.8049999999998	0.00004416961631929761
1552.81	0.000045446814426768306
1552.815	0.000044052628828173754
1552.82	0.00004218446227404296
1552.825	0.000042210000711605346
1552.83	0.00004342230917586633
1552.8349999999998	0.00004387384182378429
1552.84	0.0000436539962514201
1552.845	0.000043599701403479304
1552.8500000000001	0.00004424674669598963
1552.855	0.00004424929770166758
1552.86	0.00004242996337224482
1552.865	0.00003935170582624292
1552.8700000000001	0.00003734520418151914
1552.875	0.00003819210011813289
1552.88	0.000041166727135187584
1552.885	0.000044285062406348346
1552.8899999999999	0.00004634991957577338
1552.895	0.00004744313053314974
1552.9	0.00004833621818267349
1552.905	0.000049354261073138486
1552.91	0.00004992884349353398
1552.915	0.000049998256160917434
1552.9199999999998	0.00004994538663866298
1552.925	0.000050201532424796826
1552.93	0.00005033981810683161
1552.935	0.000050257347191120895
1552.94	0.00004997385321323976
1552.945	0.00004954293298867541
1552.9499999999998	0.00004918899772922414
1552.955	0.000049166008441705434
1552.96	0.000049455426634578475
1552.9650000000001	0.000049744100251379094
1552.97	0.00004987111151575821
1552.975	0.0000501170201718208
1552.98	0.000050183483517019565
1552.985	0.00004879055646798479
1552.99	0.000045089618979148707
1552.9950000000001	0.00004060355453202294
1553	0.0000373122700809938
1553.0049999999999	0.00003609650111114211
1553.01	0.000036245488377570314
1553.015	0.00003794376783184205
1553.02	0.00004119269126504558
1553.025	0.00004508691442922449
1553.03	0.00004817086633514477
1553.0349999999999	0.00004928222324254293
1553.04	0.00004956373819189609
1553.045	0.00004902435587115425
1553.05	0.00004800112898833281
1553.055	0.00004710374477417517
1553.06	0.00004694901873706706
1553.065	0.000046913965731364435
1553.07	0.00004626050803562358
1553.075	0.00004503240295340037
1553.0800000000002	0.00004407050445158306
1553.085	0.000043921895650184107
1553.09	0.000044216153491924044
1553.095	0.000045281371450592726
1553.1	0.000046170214681296516
1553.105	0.00004720037734221367
1553.1100000000001	0.000047612335764252906
1553.115	0.00004759740517004676
1553.12	0.000047278511536011856
1553.125	0.00004693114066757706
1553.1299999999999	0.00004692125485796526
1553.135	0.00004779848087084417
1553.14	0.000049306489200059725
1553.145	0.000048739824614382984
1553.1499999999999	0.000047210966843770765
1553.155	0.000048525625972499774
1553.1599999999999	0.000049823877806285864
1553.165	0.00004710993488019833
1553.17	0.000045265747121583175
1553.175	0.0000428487793400164
1553.18	0.00003795525251247099
1553.185	0.00003480988298383588
1553.19	0.00003575680177749986
1553.1950000000002	0.000039002887642488446
1553.2	0.000042814440440987474
1553.205	0.00004615568408773333
1553.21	0.0000484453060075968
1553.215	0.00004933226027567646
1553.22	0.00004809327957752411
1553.2250000000001	0.00004704249086915886
1553.23	0.000047583257755776035
1553.235	0.00004880716201892161
1553.24	0.000049481874949105845
1553.245	0.00004966330715300794
1553.25	0.00004999638375310641
1553.255	0.00005056461443862219
1553.26	0.00005117838569691928
1553.2649999999999	0.0000517419045967758
1553.27	0.000052093858553455635
1553.2749999999999	0.00005255019228931494
1553.28	0.00005263452475652931
1553.285	0.00005266891765264631
1553.29	0.0000525731371057662
1553.295	0.00005214526898365998
1553.3	0.00005108537162064864
1553.3049999999998	0.00004899795186053713
1553.3100000000002	0.0000467270859888446
1553.315	0.000045580286605608665
1553.32	0.000045715373553672965
1553.325	0.000046996695501503275
1553.33	0.00004839920270001019
1553.335	0.000048350193300998014
1553.3400000000001	0.00004708977054543342
1553.345	0.0000462820538697335
1553.35	0.000046504707224148894
1553.355	0.000047292375248549255
1553.36	0.00004756196817265425
1553.365	0.000047205732948454994
1553.3700000000001	0.00004636171256953693
1553.375	0.00004564891936257832
1553.3799999999999	0.00004494933490025115
1553.385	0.0000442199591855296
1553.3899999999999	0.00004424552102928552
1553.395	0.00004545062829502286
1553.4	0.00004721721096614566
1553.405	0.00004853806168119389
1553.41	0.00004893613679102564
1553.415	0.00004911565395211359
1553.4199999999998	0.00004948711571811445
1553.4250000000002	0.00004971296347575884
1553.43	0.00004953003083725662
1553.435	0.00004938895141304072
1553.44	0.000049872799363056995
1553.445	0.00005117778111201009
1553.4499999999998	0.0000522697221144538
1553.4550000000002	0.0000532150207024174
1553.46	0.0000539591267109903
1553.465	0.00005403220205914222
1553.47	0.00005279543995477264
1553.475	0.00004970509667722906
1553.48	0.000047105653385762816
1553.4850000000001	0.000047341581697062913
1553.49	0.00005078444545681775
1553.495	0.000054074902288022514
1553.5	0.00005534528395934251
1553.5049999999999	0.000056167858243076304
1553.51	0.000056544055654334276
1553.515	0.00005643603800495316
1553.52	0.00005624899155477242
1553.525	0.000054910261231093975
1553.53	0.00005365362942112638
1553.5349999999999	0.00005321162220769466
1553.5400000000002	0.00005229979553267791
1553.545	0.00005128996665035
1553.55	0.00005169799933321004
1553.555	0.00005348524597846971
1553.56	0.00005512328344427335
1553.5649999999998	0.00005604257983764629
1553.5700000000002	0.000056421611503505954
1553.575	0.00005625907983942281
1553.58	0.00005551336514492158
1553.585	0.00005490353166435128
1553.59	0.00005414657796515885
1553.5949999999998	0.000052761668228662954
1553.6000000000001	0.00005116284946746717
1553.605	0.000050770650480614756
1553.61	0.00005210832732994377
1553.615	0.00005402874076775838
1553.62	0.000055060807520027074
1553.6249999999998	0.00005489084875208503
1553.63	0.00005436773721610743
1553.635	0.000054378604856263186
1553.64	0.000054998673622800834
1553.645	0.000055637181745492255
1553.6499999999999	0.000055897442516271887
1553.655	0.000055682016862352816
1553.66	0.00005493635146632715
1553.665	0.00005347794634545575
1553.67	0.00005152299421813628
1553.675	0.00005011956096582786
1553.6799999999998	0.00005022835332370572
1553.685	0.000051686946533120905
1553.69	0.000052761341923563646
1553.695	0.00005195745533412138
1553.7	0.00005003042474361362
1553.705	0.00005024418591978715
1553.7099999999998	0.00005080864214314741
1553.7150000000001	0.00004846542183955802
1553.72	0.00004562058264714861
1553.725	0.000045906082701771515
1553.73	0.00004898357695100105
1553.735	0.00005231835870008551
1553.7399999999998	0.00005438854734904862
1553.7450000000001	0.00005518901871363163
1553.75	0.00005552621342885786
1553.755	0.00005556180126818577
1553.76	0.000054882021097909024
1553.7649999999999	0.00005297147905984778
1553.77	0.0000499196772284943
1553.775	0.00004728872746311636
1553.78	0.00004765657472433998
1553.785	0.00005111557659252767
1553.79	0.00005423336550766317
1553.7949999999998	0.0000551778099596021
1553.8	0.00005516492050823642
1553.805	0.00005467272427886532
1553.81	0.00005329288951517542
1553.815	0.00005162507628970122
1553.82	0.00005117282612932727
1553.8249999999998	0.000052920585194166455
1553.83	0.000055149984700743264
1553.835	0.00005626991327430025
1553.84	0.000056322994674948907
1553.845	0.00005474911994775004
1553.85	0.00005045410447831015
1553.855	0.00004722793240180347
1553.8600000000001	0.000048025826400703906
1553.865	0.00005211603639454547
1553.8700000000001	0.000055381802042645525
1553.875	0.00005604345102903248
1553.8799999999999	0.00005496876293248873
1553.885	0.00005334418150049867
1553.89	0.000052449662189029195
1553.895	0.000052144133579267894
1553.9	0.000051333834697366555
1553.905	0.00004998588494914504
1553.9099999999999	0.000049961458904582376
1553.915	0.00005241575846900889
1553.92	0.00005466378888205918
1553.925	0.00005589052256937482
1553.93	0.00005589114909630326
1553.935	0.00005507618494168832
1553.9399999999998	0.00005465956764799276
1553.945	0.0000552364191994038
1553.95	0.000055616877678807416
1553.955	0.00005513360904184154
1553.96	0.00005456350073957873
1553.965	0.000054439640249196465
1553.97	0.00005451474837986331
1553.975	0.00005429130749676198
1553.98	0.000053992336513450366
1553.9850000000001	0.00005367779956059915
1553.99	0.000053525493273107324
1553.995	0.0000531232217694859
1554	0.00005199016839565595
1554.005	0.000049989608063061334
1554.01	0.00004812981474462121
1554.015	0.000048094495066031705
1554.02	0.000049979503732179616
1554.0249999999999	0.00005180087726409416
1554.03	0.000052432756204160246
1554.035	0.00005236301988664662
1554.04	0.0000516629708448469
1554.045	0.00005184784820078666
1554.05	0.000054374488945307166
1554.0549999999998	0.000057029596896200644
1554.06	0.00005715579917696225
1554.065	0.00005658752456082334
1554.07	0.00005680994658657675
1554.075	0.00005760558137377249
1554.08	0.00005801849751123748
1554.085	0.00005774275558501503
1554.09	0.000056590929518031933
1554.095	0.00005569182773141239
1554.1000000000001	0.00005572209080377422
1554.105	0.000056211376350946495
1554.11	0.00005597999383774753
1554.115	0.000054777257455137654
1554.12	0.000052875900912354766
1554.125	0.00005135365404827959
1554.13	0.00005143491687152055
1554.135	0.000052725274763718784
1554.1399999999999	0.00005309412220931294
1554.145	0.00005063999425122175
1554.1499999999999	0.00004712711419443035
1554.155	0.00004471058215184673
1554.16	0.000044882731853246985
1554.165	0.00004784073428721939
1554.1699999999998	0.000050978119132303535
1554.175	0.000052059364625859566
1554.18	0.000049251518000041176
1554.1850000000002	0.00004308716560537722
1554.19	0.000037613882679288304
1554.195	0.00003824119636455764
1554.2	0.00004506100018319445
1554.205	0.00005207406308114972
1554.21	0.00005509230947463392
1554.2150000000001	0.00005442465610078551
1554.22	0.00005221053855568022
1554.225	0.0000516614006425241
1554.23	0.00005335111503760621
1554.235	0.000054917729867096214
1554.24	0.00005582293665733643
1554.2450000000001	0.00005569182948915637
1554.25	0.00005356911255745011
1554.2549999999999	0.000050240001935546883
1554.26	0.0000481070741082091
1554.2649999999999	0.00004845838775413793
1554.27	0.00004999368418172429
1554.275	0.00005112422277103881
1554.28	0.0000507415520185057
1554.2849999999999	0.00004961894597011168
1554.29	0.000049608281520201976
1554.2949999999998	0.000051344592960825794
1554.3000000000002	0.00005343598570295887
1554.305	0.000054175209004320445
1554.31	0.00005492863698746617
1554.315	0.000055076584366827937
1554.32	0.00005461531639594859
1554.325	0.00005512245054503031
1554.3300000000002	0.000055002108239343086
1554.335	0.00005242135934214773
1554.34	0.0000501956282226823
1554.345	0.00005087923295563891
1554.35	0.00005344188702291424
1554.355	0.00005617982133594134
1554.3600000000001	0.00005716683951911216
1554.365	0.00005702567616949798
1554.37	0.000057439493747994994
1554.375	0.00005815353591135127
1554.3799999999999	0.00005825240900519939
1554.385	0.0000583919871256943
1554.39	0.000058852473326854645
1554.395	0.000058602357618899336
1554.3999999999999	0.00005796126407665702
1554.405	0.00005612728244742501
1554.4099999999999	0.00005346508945530447
1554.4150000000002	0.000051545432030522755
1554.42	0.00005229758180813089
1554.425	0.00005467237618132522
1554.43	0.000056421707636950096
1554.435	0.00005656102439985502
1554.4399999999998	0.0000563941721499855
1554.4450000000002	0.00005601128657149591
1554.45	0.00005505054997161848
1554.455	0.000053671509780068204
1554.46	0.00005097507037870284
1554.465	0.00004621374912230938
1554.47	0.00004132737312823468
1554.4750000000001	0.000039281147831622925
1554.48	0.00004051904176334402
1554.485	0.000043787672735676674
1554.49	0.00004848089490943705
1554.495	0.00005233409646551686
1554.5	0.00005407327856869538
1554.505	0.0000543846416070557
1554.51	0.00005428901820696402
1554.5149999999999	0.00005381173111692265
1554.52	0.00005229035669510358
1554.5249999999999	0.00004974111919879873
1554.5300000000002	0.00004839417070214972
1554.535	0.00005023641316846155
1554.54	0.00005434920980522111
1554.545	0.00005713492067732686
1554.55	0.000057756641902254285
1554.5549999999998	0.000057153743330410747
1554.5600000000002	0.00005555295651158562
1554.565	0.000054924664179344286
1554.57	0.00005583932872057303
1554.575	0.00005717114458108148
1554.58	0.00005740820296134495
1554.5849999999998	0.00005641492598547573
1554.5900000000001	0.000055459400805514434
1554.595	0.000055489516767635225
1554.6	0.00005632684034138016
1554.605	0.00005715727658891423
1554.61	0.000057408207772737786
1554.615	0.00005754936136003955
1554.6200000000001	0.000057775044666029374
1554.625	0.00005759675328453955
1554.6299999999999	0.000057009761867947076
1554.635	0.00005623469617843223
1554.6399999999999	0.00005532754776116042
1554.645	0.000054357410744189124
1554.65	0.00005379985196907854
1554.655	0.00005428687482740819
1554.66	0.00005505078423181067
1554.665	0.00005497384215752281
1554.6699999999998	0.00005483811038522713
1554.6750000000002	0.000054717424593201186
1554.68	0.000054623964725994865
1554.685	0.000054384677983779056
1554.69	0.000054119475768726805
1554.695	0.00005404796091739946
1554.6999999999998	0.000053815968924308746
1554.7050000000002	0.00005271459085041425
1554.71	0.00005056290260436553
1554.715	0.00004792498337255425
1554.72	0.000044304924765999815
1554.725	0.00004033543751375353
1554.7299999999998	0.0000391993116090526
1554.7350000000001	0.00004330252529451054
1554.74	0.0000489014006004375
1554.745	0.000049409964411555316
1554.75	0.0000480833395374698
1554.7549999999999	0.00004902336708990381
1554.76	0.00005114216493357149
1554.765	0.00005269167001617433
1554.77	0.000053575101204162964
1554.775	0.00005355897372130559
1554.78	0.00005360595235958024
1554.7849999999999	0.000054250510416279125
1554.79	0.00005401646901020247
1554.795	0.000051437644815935614
1554.8	0.000049123627835068646
1554.805	0.00004941830226144401
1554.81	0.00005210544170554744
1554.8149999999998	0.00005452240703293121
1554.82	0.000055699769192104674
1554.825	0.00005619905786225033
1554.83	0.00005531030166420049
1554.835	0.000053205990274852404
1554.84	0.00005130632347110761
1554.8449999999998	0.00005055270363369593
1554.8500000000001	0.00005047117883805177
1554.855	0.00005024589776107806
1554.86	0.000050330378109831416
1554.865	0.00005194409501014532
1554.87	0.000054035688961333154
1554.875	0.000055021754690343266
1554.88	0.00005506844641907198
1554.885	0.00005493093310382072
1554.89	0.0000543039229500993
1554.895	0.000052649913799408114
1554.8999999999999	0.000049677846288385526
1554.905	0.00004654238128253527
1554.91	0.00004692906252560716
1554.915	0.000049982221341330555
1554.92	0.00005203519853745253
1554.925	0.00005442864697658046
1554.9299999999998	0.00005591987857656804
1554.935	0.00005600908994334942
1554.94	0.000055521636627394274
1554.945	0.00005372067268471394
1554.95	0.00005144304419441929
1554.955	0.00005131403806201793
1554.9599999999998	0.000053350957966261095
1554.965	0.00005561775657536961
1554.97	0.00005672433837075208
1554.975	0.00005683446150559312
1554.98	0.00005624160992520622
1554.985	0.00005560083788215047
1554.99	0.00005516950506422801
1554.9950000000001	0.00005450563950994771
1555	0.00005301411612627717
1555.005	0.00005134116951734575
1555.01	0.000051318021471732906
1555.0149999999999	0.00005361752943186149
1555.02	0.000056551341938155824
1555.025	0.00005703142040073837
1555.03	0.00005664582777646296
1555.035	0.00005654405929191531
1555.04	0.00005702552763124985
1555.0449999999998	0.00005722625919881946
1555.05	0.000056821004966419125
1555.055	0.000055663434706613864
1555.06	0.00005412741680278515
1555.065	0.00005337378740792147
1555.07	0.00005491469135336866
1555.0749999999998	0.00005644357434888645
1555.08	0.0000547813110727674
1555.085	0.00005471251223617063
1555.0900000000001	0.00005620421809479552
1555.095	0.000055787044993344594
1555.1	0.00005662114878300185
1555.105	0.00005601098590618417
1555.11	0.000053155160311145586
1555.115	0.000052849071575342524
1555.1200000000001	0.000054636976471089496
1555.125	0.000055254611866379005
1555.1299999999999	0.00005551933199066016
1555.135	0.00005612450259181745
1555.14	0.0000559818679176401
1555.145	0.000054412492518253544
1555.15	0.00005297025367850496
1555.155	0.00005344919626452936
1555.1599999999999	0.00005515896065840705
1555.165	0.00005530269562706395
1555.17	0.000053075545066658105
1555.175	0.00005111894278640747
1555.18	0.00005175740246463222
1555.185	0.000053483774478140165
1555.19	0.00005341466772504291
1555.195	0.00005081535004201018
1555.2	0.000048556749670972646
1555.2050000000002	0.00004771609515281206
1555.21	0.000048644493513070325
1555.215	0.00005038178626799747
1555.22	0.000051061186180446166
1555.225	0.00005098623985764878
1555.23	0.000051031887591346585
1555.2350000000001	0.00005202664744043305
1555.24	0.00005396569806549529
1555.245	0.00005546914915766974
1555.25	0.00005423875329811868
1555.2549999999999	0.000049382149925409336
1555.26	0.00004663017913190098
1555.265	0.00004918947400497119
1555.27	0.00005273305732678735
1555.2749999999999	0.00005188223229221078
1555.28	0.00005037844257730765
1555.2849999999999	0.000050534674774828726
1555.29	0.00005219926949659037
1555.295	0.000054270147849044714
1555.3	0.00005538758489341906
1555.305	0.00005426367563077621
1555.31	0.000051689717811548644
1555.315	0.00005005687214454801
1555.3200000000002	0.00005018287803974913
1555.325	0.000051444398980454195
1555.33	0.00005287688410138065
1555.335	0.00005430653967963207
1555.34	0.00005553848756540114
1555.345	0.000055767206048841275
1555.3500000000001	0.00005546571456202111
1555.355	0.00005585624508696729
1555.36	0.0000567466849612357
1555.365	0.00005716949169045736
1555.37	0.00005735220735876846
1555.375	0.00005727311596925149
1555.38	0.000056478500553836624
1555.385	0.00005425240005015994
1555.3899999999999	0.000052062401860636365
1555.395	0.000051825501791242
1555.3999999999999	0.000053491523130524095
1555.405	0.000054543738229172836
1555.41	0.000052957215465687076
1555.415	0.00005137192930678256
1555.42	0.000051354051121101055
1555.425	0.000051930744479630754
1555.4299999999998	0.00005283607525810511
1555.4350000000002	0.00005451777363667422
1555.44	0.00005618796957580255
1555.445	0.0000569761338301383
1555.45	0.00005694819601370038
1555.455	0.0000566266410879941
1555.46	0.0000562267949076827
1555.4650000000001	0.000055765446402287936
1555.47	0.000055295684909905516
1555.475	0.00005465239012903379
1555.48	0.00005376947936449107
1555.485	0.000052940572984816106
1555.49	0.000052902357053357315
1555.4950000000001	0.00005369534476873294
1555.5	0.00005388605692358537
1555.5049999999999	0.00005314187923423054
1555.51	0.00005312619507123578
1555.5149999999999	0.00005413568580330595
1555.52	0.0000538699286360035
1555.525	0.000051697946540358845
1555.53	0.00005046018022017275
1555.535	0.000051783214651612486
1555.54	0.00005369464159930352
1555.5449999999998	0.000053363552896870096
1555.5500000000002	0.00005180243708415163
1555.555	0.000051413291537263315
1555.56	0.00005286694781595615
1555.565	0.00005299365927146304
1555.57	0.00005051924804015277
1555.5749999999998	0.000047156570342629435
1555.5800000000002	0.00004623230768675244
1555.585	0.00004871048750455606
1555.59	0.000052914627735905156
1555.595	0.00005566748028587214
1555.6	0.00005644502207644611
1555.605	0.00005622667281411198
1555.6100000000001	0.00005597900692039974
1555.615	0.00005597267135845192
1555.62	0.00005557087731403015
1555.625	0.00005556878407022837
1555.6299999999999	0.000056360716909928
1555.635	0.00005575540243066646
1555.64	0.0000539256415580594
1555.645	0.00005296951982286598
1555.65	0.00005389084467792158
1555.655	0.000055963100581854646
1555.6599999999999	0.00005754518518646444
1555.6650000000002	0.00005790882274945734
1555.67	0.000057864124153438046
1555.675	0.00005740668951334272
1555.68	0.00005593486059816569
1555.685	0.00005375132938318379
1555.6899999999998	0.00005189804652875728
1555.6950000000002	0.00005151773401880446
1555.7	0.00005274277558479221
1555.705	0.000053652984653291764
1555.71	0.00005353794362701538
1555.715	0.000053140644610241015
1555.7199999999998	0.000051884664694126115
1555.7250000000001	0.00004994882575435694
1555.73	0.00004883753498348265
1555.735	0.00004931404947014919
1555.74	0.00004996425596590604
1555.745	0.00005012272164080972
1555.7499999999998	0.00005115399669783308
1555.755	0.000053723627935247176
1555.76	0.00005576334642626156
1555.765	0.000056576443026584746
1555.77	0.000057307155455071916
1555.7749999999999	0.00005743323233017764
1555.78	0.000056605984476406806
1555.785	0.00005570401627176451
1555.79	0.00005267386480438631
1555.795	0.000049359429961427355
1555.8	0.00004929563685606474
1555.8049999999998	0.00005084191315688276
1555.8100000000002	0.00005296613744631895
1555.815	0.00005512726597094958
1555.82	0.00005740723445268491
1555.825	0.00005905777757988536
1555.83	0.00005940756272942212
1555.8349999999998	0.00005863244060808139
1555.8400000000001	0.00005771215227634303
1555.845	0.000058248522642634387
1555.85	0.000060328662815148506
1555.855	0.00006179170505592886
1555.86	0.00006242738550027693
1555.8649999999998	0.00006287990101876321
1555.8700000000001	0.00006307582951420979
1555.875	0.00006261217646682599
1555.88	0.00006197532984507771
1555.885	0.00006137286989220717
1555.8899999999999	0.00006046327579987301
1555.895	0.0000589755947587034
1555.9	0.00005713779152740553
1555.905	0.000055814431919409104
1555.91	0.00005546961825706877
1555.915	0.0000560680161006543
1555.9199999999998	0.00005733060848600875
1555.925	0.000058104676338679945
1555.93	0.00005688256369220501
1555.935	0.000055183491958895574
1555.94	0.000055814943971301535
1555.945	0.00005589390893372367
1555.9499999999998	0.00005440745569369398
1555.955	0.00005515888553116034
1555.96	0.0000573135545465458
1555.965	0.000058683800634747845
1555.97	0.000058693039284383406
1555.975	0.0000572427490089072
1555.9799999999998	0.00005517457428602829
1555.9850000000001	0.00005352601520831332
1555.99	0.00005380344245423273
1555.9950000000001	0.00005539775568096108
1556	0.00005533301490773715
1556.0049999999999	0.000053429216642029246
1556.01	0.000051575735636668944
1556.015	0.000051445275854104905
1556.02	0.00005323300681691894
1556.025	0.00005520909308073871
1556.03	0.000055917510632076736
1556.0349999999999	0.00005385923086148124
1556.04	0.00004790852303030524
1556.045	0.000042725122041642656
1556.05	0.00004221741289256332
1556.055	0.000046333776100288126
1556.06	0.000052140930381471774
1556.0649999999998	0.000055128639496716105
1556.07	0.00005551910756282905
1556.075	0.00005550359600469898
1556.08	0.00005601433137728196
1556.085	0.00005685571400910635
1556.09	0.00005753754362726667
1556.0949999999998	0.000057877530990299644
1556.1	0.000057682478008848576
1556.105	0.00005683417880021411
1556.1100000000001	0.00005544598767105062
1556.115	0.00005417212292156797
1556.12	0.000054547577693070475
1556.125	0.00005674831111371298
1556.13	0.000056877403587873405
1556.135	0.000054667853537762336
1556.14	0.00005231841400034348
1556.145	0.0000503533162254591
1556.1499999999999	0.0000489704369295533
1556.155	0.000049226214269207174
1556.16	0.000051127686522257046
1556.165	0.00005414897792884178
1556.17	0.0000570990084694741
1556.175	0.000059313897900926875
1556.1799999999998	0.00006063914428198504
1556.185	0.00006119045425519063
1556.19	0.00006143333398675896
1556.195	0.0000614667223999277
1556.2	0.00006142894069825282
1556.205	0.00006103247322253943
1556.21	0.00005929719084355923
1556.215	0.00005576739204613151
1556.22	0.00005285319877175409
1556.2250000000001	0.00005143870649067692
1556.23	0.000052384217182623155
1556.235	0.00005611776757618816
1556.24	0.000058618474405008204
1556.245	0.000059936853186773845
1556.25	0.00005983499715896526
1556.255	0.00005770428738131342
1556.26	0.000052132819212289085
1556.2649999999999	0.00004707418021076216
1556.27	0.00004782120754012732
1556.275	0.00005259565631113739
1556.28	0.00005489031500783971
1556.285	0.00005489733205659004
1556.29	0.000053940059619647945
1556.2949999999998	0.000048746601987086214
1556.3	0.000045283063546908844
1556.305	0.000049052425500132975
1556.3100000000002	0.00005438253864942213
1556.315	0.000055637134511400115
1556.32	0.000054886259056441544
1556.325	0.00005453416090931906
1556.33	0.00005453684357665665
1556.335	0.00005602163223287268
1556.3400000000001	0.000055558699429675905
1556.345	0.00005170449924478467
1556.35	0.000050474361605872434
1556.355	0.000052728387933023684
1556.36	0.00005473626454913189
1556.365	0.000054885978639247914
1556.3700000000001	0.00005466167474591725
1556.375	0.000055172041194506505
1556.3799999999999	0.000054726695574571165
1556.385	0.00005316891633885242
1556.3899999999999	0.000053433788144001175
1556.395	0.00005497632726984903
1556.4	0.00005530355493967244
1556.405	0.00005520370055543995
1556.4099999999999	0.00005664571893803151
1556.415	0.000058500966816224145
1556.4199999999998	0.000058895803761592105
1556.4250000000002	0.00005760487998846666
1556.43	0.00005525434638917168
1556.435	0.00005229333841695269
1556.44	0.00005076745743539993
1556.445	0.000051073106636514164
1556.45	0.000052322215462220194
1556.4550000000002	0.000053924917546163784
1556.46	0.00005604146295161023
1556.465	0.00005741774129100714
1556.47	0.00005662925248636954
1556.475	0.00005649272685661505
1556.48	0.000058181063788758114
1556.4850000000001	0.000058399495631648354
1556.49	0.00005708716041641528
1556.495	0.000057848184219597306
1556.5	0.00005903855071146036
1556.5049999999999	0.00005910312610048132
1556.51	0.0000593051575607157
1556.515	0.000059870134370460025
1556.52	0.000058738613194223716
1556.5249999999999	0.00005598024779860533
1556.53	0.00005358008332226041
1556.5349999999999	0.000052584938244015
1556.5400000000002	0.00005328997507730749
1556.545	0.00005538653389037409
1556.55	0.00005743870756538454
1556.555	0.000058534580163156515
1556.56	0.000059737024855780493
1556.5649999999998	0.00006129924811541963
1556.5700000000002	0.00006237322798962933
1556.575	0.00006156778776696732
1556.58	0.00005856847249194428
1556.585	0.00005685834547201284
1556.59	0.00005796674613497697
1556.595	0.00006061328686992031
1556.6000000000001	0.00006203885571871035
1556.605	0.00006172775755567946
1556.61	0.0000619277235539647
1556.615	0.0000628948939082339
1556.62	0.00006301744969012109
1556.625	0.00006233975342742081
1556.63	0.00006217618058518524
1556.635	0.00006212254971143067
1556.6399999999999	0.00006148651464145144
1556.645	0.00006075537620237839
1556.6499999999999	0.00006070972647433334
1556.6550000000002	0.000060588375670427265
1556.66	0.00005971101413718955
1556.665	0.0000588391605682332
1556.67	0.00005862885414657655
1556.675	0.0000596300786755001
1556.6799999999998	0.00006171703825717055
1556.6850000000002	0.00006342745426261464
1556.69	0.00006327846690386931
1556.695	0.00006217830971916417
1556.7	0.00006086837784367215
1556.705	0.00006025036367423813
1556.7099999999998	0.000060894601431261805
1556.7150000000001	0.00006265012866867244
1556.72	0.0000641143524147137
1556.725	0.00006441953379087563
1556.73	0.00006343738734827103
1556.735	0.00006059836999834148
1556.74	0.00005774194650870151
1556.7450000000001	0.00005721890102421663
1556.75	0.00005875050312397618
1556.7549999999999	0.00006083753041226466
1556.76	0.00006239509137743576
1556.7649999999999	0.00006337255783770051
1556.77	0.00006397494028718277
1556.775	0.0000638604106638646
1556.78	0.00006233867228913934
1556.785	0.00005937593864596484
1556.79	0.000055841191200118566
1556.7949999999998	0.000053357816864639364
1556.8000000000002	0.0000546344784310616
1556.805	0.00005883364417743348
1556.81	0.00006170289807742669
1556.815	0.00006062725562701246
1556.82	0.0000560993021631749
1556.8249999999998	0.00005114104645568786
1556.8300000000002	0.00005019405626190235
1556.835	0.00005310737026131169
1556.84	0.00005668858166252766
1556.845	0.000057753271564885
1556.85	0.000056763192335374534
1556.8549999999998	0.00005565742191627845
1556.8600000000001	0.000055510286515683976
1556.865	0.0000564315256238622
1556.87	0.00005818129351117256
1556.875	0.000059998103493523285
1556.8799999999999	0.00006066289615467772
1556.885	0.000060446916640625434
1556.89	0.000060407128230576466
1556.895	0.00006054667930752485
1556.9	0.00006031882965515572
1556.905	0.000059780387730724304
1556.9099999999999	0.000058683335817804595
1556.915	0.000056730239519963996
1556.92	0.00005522197351330717
1556.925	0.0000558716717285978
1556.93	0.000057880626582951514
1556.935	0.00005895105578970658
1556.9399999999998	0.00005809998587390052
1556.945	0.00005665328181643323
1556.95	0.00005668177766014675
1556.955	0.00005806078827737348
1556.96	0.0000594607936037362
1556.965	0.000060835009714243085
1556.9699999999998	0.00006156685408740465
1556.9750000000001	0.000060695906236610975
1556.98	0.00006000998324840009
1556.985	0.00006068385778602421
1556.99	0.00006115746047480039
1556.995	0.000060965734333083446
1557	0.0000611123070176984
1557.005	0.00006193489512437152
1557.01	0.00006301613066199252
1557.015	0.00006338408522105954
1557.02	0.00006282357542652993
1557.0249999999999	0.00006100318374755874
1557.03	0.00005961242602204755
1557.035	0.000060143691286728364
1557.04	0.00006178290393406231
1557.045	0.00006308381585308703
1557.05	0.00006357005985898053
1557.0549999999998	0.00006338562319978173
1557.06	0.0000624462358912159
1557.065	0.000060600239725370505
1557.07	0.00005844519202954558
1557.075	0.000057613971188731885
1557.08	0.000057699920315698525
1557.0849999999998	0.00005808760653111656
1557.09	0.00005827614751659878
1557.095	0.00005755364481097559
1557.1	0.000055356942129342
1557.105	0.000052448523837935557
1557.11	0.000050496570253322955
1557.115	0.00005084179439487
1557.1200000000001	0.00005380942937425761
1557.125	0.000058039930884809656
1557.13	0.000060491942071692785
1557.135	0.00005940071962593846
1557.1399999999999	0.000058060195766038115
1557.145	0.00005906299970363715
1557.15	0.000061015286411226175
1557.155	0.00006054497024605709
1557.16	0.00005981455473137199
1557.165	0.00006120569543845011
1557.1699999999998	0.00006273765441102452
1557.175	0.00006327094853408725
1557.18	0.00006350796907481107
1557.185	0.0000631513650206807
1557.19	0.00006236523876185397
1557.195	0.00006009899462111839
1557.1999999999998	0.00005585695156955476
1557.205	0.000052747874998608916
1557.21	0.000053426078558711775
1557.215	0.000056784070480544304
1557.22	0.00005991775557991434
1557.225	0.00006074019029910517
1557.23	0.00006029470360403492
1557.235	0.00006037451826050528
1557.24	0.00006042390145871395
1557.2450000000001	0.000059741413103899995
1557.25	0.000058669178035836816
1557.2549999999999	0.00005683538184006801
1557.26	0.00005408987315418931
1557.265	0.000050804917636143006
1557.27	0.000048928937571080096
1557.275	0.00005029201867446225
1557.28	0.00005319950607545118
1557.2849999999999	0.00005417212378233662
1557.29	0.00005115823545258829
1557.295	0.000046474279359692974
1557.3	0.00004512089711990086
1557.305	0.00004850068687732162
1557.31	0.000054126844788659535
1557.3149999999998	0.00005688693301708176
1557.32	0.00005655399250931783
1557.325	0.00005803071721495354
1557.3300000000002	0.000060943361952314945
1557.335	0.00006103525244231675
1557.34	0.000060234704363891424
1557.345	0.00006188921962409035
1557.35	0.00006322908396729476
1557.355	0.00006247987535823354
1557.3600000000001	0.00006190604476419226
1557.365	0.00006240400224241709
1557.37	0.00006254776780829136
1557.375	0.00006213271996210746
1557.3799999999999	0.00006208716343968082
1557.385	0.0000629494091035521
1557.39	0.00006435120011437266
1557.395	0.00006538786459631435
1557.3999999999999	0.00006570850641346638
1557.405	0.00006582025732674992
1557.4099999999999	0.0000659787265259154
1557.415	0.0000658670172949162
1557.42	0.00006560553916844792
1557.425	0.0000656614070935553
1557.43	0.00006609142287093761
1557.435	0.00006646127266153537
1557.44	0.00006634909057906924
1557.4450000000002	0.00006521184740014528
1557.45	0.00006307446244670247
1557.455	0.00006142898722298483
1557.46	0.00006142898594695773
1557.465	0.00006265733732810495
1557.47	0.0000636423564208664
1557.4750000000001	0.00006322506905338609
1557.48	0.00006235374120918433
1557.485	0.0000629587066637346
1557.49	0.00006393044604539244
1557.495	0.00006305114135416607
1557.5	0.0000626369485664901
1557.505	0.00006467577688083938
1557.51	0.00006421472948756534
1557.5149999999999	0.00006369810727470413
1557.52	0.00006558412411285364
1557.5249999999999	0.00006673029625248427
1557.53	0.00006635024216050556
1557.535	0.00006520701002404752
1557.54	0.00006320171954682748
1557.545	0.00006105964564884386
1557.55	0.000059043967344799996
1557.5549999999998	0.000057226817809136814
1557.5600000000002	0.00005613815585071189
1557.565	0.0000566009076785263
1557.57	0.000059142816849157797
1557.575	0.00006275296071591758
1557.58	0.00006505619248974179
1557.585	0.00006484653917258129
1557.5900000000001	0.00006337977553515082
1557.595	0.00006187794398187954
1557.6	0.00006031371472766343
1557.605	0.00005787171434360371
1557.61	0.00005472771532214133
1557.615	0.000052670618393842225
1557.6200000000001	0.00005353555431272903
1557.625	0.00005697773298071121
1557.6299999999999	0.000060484758542911045
1557.635	0.00006261098294811094
1557.6399999999999	0.00006123429934242706
1557.645	0.000057501105334476185
1557.65	0.00005436961770604215
1557.655	0.000054476063624308165
1557.66	0.0000560281996159182
1557.665	0.000053045326872482164
1557.6699999999998	0.00004944376209959667
1557.6750000000002	0.00005260526835492482
1557.68	0.00005912153754054384
1557.685	0.00006265318298775295
1557.69	0.0000640620979118015
1557.695	0.0000655020047777149
1557.6999999999998	0.00006642560760245266
1557.7050000000002	0.00006691761508250954
1557.71	0.0000666666838986954
1557.715	0.00006517740145033683
1557.72	0.00006357142400763422
1557.725	0.00006334307464049026
1557.73	0.00006392107545504053
1557.7350000000001	0.00006372982416702353
1557.74	0.0000618505075758213
1557.745	0.00005946614223853876
1557.75	0.00005860301294944843
1557.7549999999999	0.00005828087990383378
1557.76	0.000058537914613973416
1557.765	0.000060155401904668457
1557.77	0.00006298612789054074
1557.775	0.00006591989216118495
1557.78	0.00006759920506738125
1557.7849999999999	0.00006760115554846853
1557.7900000000002	0.00006764991769349619
1557.795	0.00006813524906836959
1557.8	0.00006912662877001322
1557.805	0.00006968760242798419
1557.81	0.00006999078177923218
1557.8149999999998	0.0000700913188446144
1557.8200000000002	0.00006989566708775962
1557.825	0.00006915467391498958
1557.83	0.00006784554648092484
1557.835	0.00006643832113499758
1557.84	0.00006380388390633029
1557.8449999999998	0.00005939817453727601
1557.8500000000001	0.00005680573155574686
1557.855	0.00005910338104909852
1557.86	0.00006369952483030935
1557.865	0.00006482381604201323
1557.87	0.00006586328757224129
1557.8749999999998	0.0000680104238284975
1557.88	0.0000689783837786908
1557.885	0.00006946095490658702
1557.89	0.00006974467879399119
1557.895	0.00006954578023377856
1557.8999999999999	0.00006913530406778746
1557.905	0.00006764969722767577
1557.91	0.00006618643444017648
1557.915	0.0000664410471819318
1557.92	0.00006790044766516688
1557.925	0.00006908216316972801
1557.9299999999998	0.00006949112839757801
1557.9350000000002	0.00006948709456381627
1557.94	0.00006935491985207962
1557.945	0.0000690917583911362
1557.95	0.00006856256676111097
1557.955	0.00006769176076154012
1557.9599999999998	0.00006702778672385763
1557.9650000000001	0.00006734461515076007
1557.97	0.00006797539970916572
1557.975	0.00006752112971705657
1557.98	0.00006631193026017458
1557.985	0.00006591056600509614
1557.9899999999998	0.000066656573105537
1557.9950000000001	0.00006708033703340913
1558	0.00006648310610890581
1558.005	0.0000652467970641879
1558.01	0.00006460269604377416
1558.0149999999999	0.00006568258281574027
1558.02	0.00006716931839450813
1558.025	0.00006609128350126531
1558.03	0.00006264674149408764
1558.035	0.00006237397992674681
1558.04	0.00006541082559546023
1558.0449999999998	0.00006759264357270935
1558.05	0.0000662874752288874
1558.055	0.00006410259826791765
1558.06	0.00006468392825251033
1558.065	0.00006725087357530835
1558.07	0.00006991688456983912
1558.0749999999998	0.00007172431995607257
1558.08	0.00007238349966285363
1558.085	0.00007226228714185597
1558.09	0.00007115155408582137
1558.095	0.0000687023438598239
1558.1	0.00006507652124449181
1558.1049999999998	0.000060947621316883364
1558.1100000000001	0.000057534981497815126
1558.115	0.00005688484161244333
1558.1200000000001	0.00005934075930482862
1558.125	0.0000632617764115611
1558.1299999999999	0.0000658652801266619
1558.135	0.00006605566031663688
1558.14	0.00006487998009182247
1558.145	0.00006419823275494514
1558.15	0.00006477036194205419
1558.155	0.0000661695692834541
1558.1599999999999	0.00006764239013209751
1558.165	0.00006816796644075896
1558.17	0.00006762585516036992
1558.175	0.00006637089262606995
1558.18	0.00006478460065164326
1558.185	0.00006433230341502786
1558.1899999999998	0.00006569053392493606
1558.195	0.00006820709649902747
1558.2	0.0000700573489023185
1558.205	0.0000695744038352645
1558.21	0.00006731190472931132
1558.215	0.00006599260496628803
1558.2199999999998	0.00006559760507200254
1558.225	0.00006512074626413312
1558.23	0.00006464513446622341
1558.2350000000001	0.000064196242973672
1558.24	0.00006352044307476236
1558.245	0.00006306027132984669
1558.25	0.0000640869844668652
1558.255	0.00006666354334668283
1558.26	0.00006898780376314025
1558.265	0.00006926701605931733
1558.27	0.00006862607283462143
1558.2749999999999	0.00006853441412948883
1558.28	0.00006810963921859724
1558.285	0.00006787839477507106
1558.29	0.00006841132388519313
1558.295	0.00006851454650214764
1558.3	0.0000680434336797093
1558.3049999999998	0.00006843601060106929
1558.31	0.0000686183047946543
1558.315	0.00006628352393043711
1558.32	0.00006277084428470326
1558.325	0.00006128793761595445
1558.33	0.0000633064354849494
1558.3349999999998	0.00006742841158169917
1558.34	0.00007041961307629906
1558.345	0.00007109397536372539
1558.3500000000001	0.00007142855276841838
1558.355	0.00006966269699666259
1558.36	0.00006348573930054138
1558.365	0.0000566853897742391
1558.37	0.000054680857411820517
1558.375	0.00005788221266904615
1558.38	0.00006273347282100228
1558.385	0.00006524991937051411
1558.3899999999999	0.00006238381504190935
1558.395	0.000055754046892229407
1558.4	0.0000550888462128589
1558.405	0.00006076540000120491
1558.41	0.00006337977512585703
1558.415	0.000059635320856305
1558.4199999999998	0.00006031438304554633
1558.425	0.00006528338500326052
1558.43	0.00006971057733676347
1558.435	0.00007158134159248014
1558.44	0.00007204643904253483
1558.445	0.00007153128294469171
1558.45	0.00006992092257152806
1558.455	0.00006766257325676997
1558.46	0.00006578449659162602
1558.4650000000001	0.00006527559162266065
1558.47	0.00006662464676739595
1558.475	0.0000676232603436855
1558.48	0.00006701277751745472
1558.485	0.00006585421889086555
1558.49	0.00006622219236194376
1558.4950000000001	0.00006794131479198364
1558.5	0.00006918390409539378
1558.5049999999999	0.00006843677292069764
1558.51	0.00006690850149261358
1558.5149999999999	0.00006685062725007587
1558.52	0.0000678970619169456
1558.525	0.0000685351326520488
1558.53	0.00006892381114432333
1558.5349999999999	0.00006899377331137656
1558.54	0.00006741048409173856
1558.5449999999998	0.0000654263276157802
1558.5500000000002	0.00006632225865777557
1558.555	0.00006948642714625122
1558.56	0.00007077331838395219
1558.565	0.00006909171110094452
1558.57	0.00006893442768270697
1558.575	0.00007159321070142854
1558.5800000000002	0.00007182891437085124
1558.585	0.00006932252631161377
1558.59	0.00006986071722853316
1558.595	0.00007254607042644401
1558.6	0.00007354133237805746
1558.605	0.000074001226773393
1558.6100000000001	0.00007343892512800668
1558.615	0.0000710244385332414
1558.62	0.00006839864950939389
1558.625	0.00006821814324937787
1558.6299999999999	0.00007070087345289572
1558.635	0.00007137200244343737
1558.64	0.00006858321107474447
1558.645	0.00006747405870647849
1558.6499999999999	0.00007101546270693026
1558.655	0.00007532792588417288
1558.6599999999999	0.00007688532253125056
1558.6650000000002	0.00007721200058478255
1558.67	0.00007684262531423463
1558.675	0.00007441704495043511
1558.68	0.00007254720179197046
1558.685	0.00007334823743200136
1558.6899999999998	0.0000753326285958823
1558.6950000000002	0.00007609846979020354
1558.7	0.0000756221979789914
1558.705	0.00007484813338646402
1558.71	0.00007452551507532336
1558.715	0.00007587636852165167
1558.72	0.00007729556192692098
1558.7250000000001	0.00007684962039396031
1558.73	0.00007727171754832444
1558.735	0.00007921663605312692
1558.74	0.00007978192004034923
1558.745	0.00007997339418864046
1558.75	0.0000797906702689889
1558.755	0.00008005554207412726
1558.76	0.00007990155852197934
1558.7649999999999	0.00007925813087369291
1558.77	0.000078906365441997
1558.7749999999999	0.00007895061169166062
1558.7800000000002	0.00007932354175876747
1558.785	0.00007979180160236045
1558.79	0.00007976832481340856
1558.795	0.00007967841200861609
1558.8	0.00007965720270038825
1558.8049999999998	0.00007952992996862754
1558.8100000000002	0.00007888083282861097
1558.815	0.00007727663059679689
1558.82	0.00007578227206235188
1558.825	0.0000748966329020802
1558.83	0.00007046720581968469
1558.8349999999998	0.00006457766052894006
1558.8400000000001	0.0000637727631779978
1558.845	0.00006725987014226049
1558.85	0.00006701063605953356
1558.855	0.000060364070937292905
1558.86	0.00005454828596117178
1558.865	0.000053645969839102736
1558.8700000000001	0.00005742075791448472
1558.875	0.00006469468554445333
1558.8799999999999	0.00006930582971883728
1558.885	0.00006953847691226494
1558.8899999999999	0.00006734323570943416
1558.895	0.00006573430336647684
1558.9	0.0000660850041957873
1558.905	0.00006875218772292361
1558.91	0.00007281237546627804
1558.915	0.00007614243523030194
1558.9199999999998	0.00007784717869780528
1558.9250000000002	0.00007798688602062958
1558.93	0.00007730966640115728
1558.935	0.00007650767060172731
1558.94	0.00007520313226028891
1558.945	0.00007257902313800343
1558.9499999999998	0.00006954310079443256
1558.9550000000002	0.00006856467547622377
1558.96	0.00006945861960189263
1558.965	0.0000694060330697083
1558.97	0.00006847836723610732
1558.975	0.00006899833113802037
1558.9799999999998	0.00007001218003851695
1558.9850000000001	0.00007057673731621616
1558.99	0.00007155466375780206
1558.995	0.00007403081382663477
1559	0.0000761201096553603
1559.0049999999999	0.00007716411517023341
1559.01	0.00007721977085787702
1559.015	0.0000771610722452907
1559.02	0.00007739356236706947
1559.025	0.00007762930180266573
1559.03	0.00007737861943664858
1559.0349999999999	0.00007677707017056581
1559.04	0.00007628761248484477
1559.045	0.00007596179302469451
1559.05	0.00007529652108851009
1559.055	0.00007478910401515274
1559.06	0.00007495883091272499
1559.0649999999998	0.00007446472312191473
1559.0700000000002	0.00007208682692773018
1559.075	0.0000661968779460677
1559.08	0.000058623614799793856
1559.085	0.00005549246195088407
1559.09	0.00005913200832212622
1559.0949999999998	0.00006592196216464019
1559.1000000000001	0.00007048615192292903
1559.105	0.00007079466431359904
1559.11	0.00006887854654252073
1559.115	0.00006768396407168241
1559.12	0.00006751761269911539
1559.125	0.0000679779135360166
1559.13	0.00006895312997854379
1559.135	0.00007108240558446016
1559.14	0.00007379799708825807
1559.145	0.00007553234990874512
1559.1499999999999	0.00007617514507344471
1559.155	0.00007638882933305202
1559.16	0.0000756265362224246
1559.165	0.00007253644998695942
1559.17	0.00006724957648371719
1559.175	0.00006212361057713837
1559.1799999999998	0.00006078533891922818
1559.185	0.00006366583664260157
1559.19	0.00006757271587603863
1559.195	0.00007111407216180543
1559.2	0.00007224574471289892
1559.205	0.00007263938827399952
1559.2099999999998	0.00007368115159467772
1559.215	0.00007462879183449891
1559.22	0.00007372668497042584
1559.225	0.0000717464252180241
1559.23	0.00007113780823442318
1559.235	0.0000729979344818659
1559.24	0.00007550790377691777
1559.2450000000001	0.00007681115464819416
1559.25	0.00007806435541621488
1559.255	0.00007864006263448246
1559.26	0.00007675634342208513
1559.2649999999999	0.00007572830169233063
1559.27	0.00007846105530138152
1559.275	0.00007970093237942466
1559.28	0.00007982841634657231
1559.285	0.00007961535820060393
1559.29	0.000078548281619918
1559.2949999999998	0.00007618216218926569
1559.3	0.00007151970935786088
1559.305	0.00006665407828130749
1559.31	0.0000662926445663392
1559.315	0.00006737091269741237
1559.32	0.00006301308090532183
1559.3249999999998	0.000054702047566048796
1559.33	0.000052615536750527864
1559.335	0.00005857034163554075
1559.34	0.00006734517530827594
1559.345	0.00007168017847195373
1559.35	0.00007127022706761437
1559.355	0.00006902952759945019
1559.36	0.00006824751814728388
1559.365	0.0000703673355506433
1559.3700000000001	0.00007127294584277839
1559.375	0.00006815695191087712
1559.3799999999999	0.00006602890993790146
1559.385	0.00006861260014295908
1559.39	0.00007367006657870756
1559.395	0.00007630245261369353
1559.4	0.00007638554828053707
1559.405	0.00007733250563177869
1559.4099999999999	0.00007824043435557314
1559.415	0.00007714736389728662
1559.42	0.00007639564864803112
1559.425	0.00007420607953801216
1559.43	0.00006844729071727927
1559.435	0.0000634477236045281
1559.4399999999998	0.00006232492052716255
1559.445	0.00006375328161273596
1559.45	0.00006559080289286648
1559.455	0.00006372142185558618
1559.46	0.000059918788883378304
1559.465	0.000058549995095666456
1559.47	0.00006140642336569739
1559.475	0.00006635384951842146
1559.48	0.00006754461254861649
1559.4850000000001	0.00006213304111644428
1559.49	0.000057569124447321
1559.495	0.000058495449015170885
1559.5	0.00006231074951772254
1559.5049999999999	0.00006790205356705729
1559.51	0.00007175092684524776
1559.515	0.00007246267403031698
1559.52	0.00007225763200118722
1559.5249999999999	0.00007450704917586437
1559.53	0.00007697618820910587
1559.535	0.0000779164161475836
1559.54	0.00007775480782550918
1559.545	0.00007745188265573352
1559.55	0.00007729600585904955
1559.5549999999998	0.00007697568662659819
1559.56	0.00007631738852358065
1559.565	0.00007557102851355457
1559.5700000000002	0.000074744430949264
1559.575	0.00007269781804547443
1559.58	0.00006686616751594715
1559.585	0.00005947801170044386
1559.59	0.00005755422167855002
1559.595	0.00006304132443897377
1559.6000000000001	0.0000700960435433173
1559.605	0.00007284116587215827
1559.61	0.00007241348773194495
1559.615	0.00007238734864808626
1559.62	0.00007352415132069456
1559.625	0.00007366017600648995
1559.63	0.00007184664688182736
1559.635	0.00006945693795430984
1559.6399999999999	0.00006838377816640753
1559.645	0.0000693406180300031
1559.6499999999999	0.00007128227713926218
1559.655	0.0000728234414649509
1559.66	0.00007359814475843298
1559.665	0.0000740115528040055
1559.6699999999998	0.00007362916244665584
1559.675	0.00007094804333457025
1559.6799999999998	0.00006702635092598377
1559.6850000000002	0.00006450870899956393
1559.69	0.00006443427065077007
1559.695	0.00006685012086400634
1559.7	0.00006961953627738604
1559.705	0.0000714228076548691
1559.71	0.00007179346824955303
1559.7150000000001	0.00007054208270082749
1559.72	0.00006861450261662431
1559.725	0.00006756345466036113
1559.73	0.00006930724452691691
1559.735	0.00007238589325888265
1559.74	0.0000746733129564049
1559.7450000000001	0.00007503514926389786
1559.75	0.00007354523426312316
1559.7549999999999	0.00006996167253933537
1559.76	0.00006544269994071261
1559.7649999999999	0.00006303437313687221
1559.77	0.0000647528826141688
1559.775	0.0000688315278065309
1559.78	0.00007149681887258352
1559.785	0.00007040421295631737
1559.79	0.00006600665202987289
1559.7949999999998	0.00006218513389692802
1559.8000000000002	0.0000618958260661566
1559.805	0.00006433375130475102
1559.81	0.0000669916457775304
1559.815	0.00006795263893010407
1559.82	0.00006757223557430462
1559.8249999999998	0.00006783684339590768
1559.8300000000002	0.0000676394402040444
1559.835	0.00006384015601524846
1559.84	0.000058585898616205606
1559.845	0.00005581565182325935
1559.85	0.00005679635130206813
1559.855	0.00006061715173906354
1559.8600000000001	0.00006549489107754798
1559.865	0.00006844322699792367
1559.87	0.00006878299923895398
1559.875	0.0000683619341116681
1559.8799999999999	0.00006818921539909187
1559.885	0.00006742764465706607
1559.89	0.00006611599877823336
1559.895	0.0000666374648456034
1559.9	0.00006805978099498307
1559.905	0.00006551786472787012
1559.9099999999999	0.00006002449238426393
1559.9150000000002	0.00005806351037596174
1559.92	0.00006316056851829985
1559.925	0.0000706519466779785
1559.93	0.00007372235933649225
1559.935	0.0000733974265920337
1559.9399999999998	0.000072143710060914
1559.9450000000002	0.00007212615442603768
1559.95	0.00007310104470306296
1559.955	0.00007142413552312312
1559.96	0.00006906338305254385
1559.965	0.0000708275281533408
1559.9699999999998	0.00007351523794830916
1559.9750000000001	0.00007327851057740586
1559.98	0.00007297936715343372
1559.985	0.00007320127923929169
1559.99	0.00007185019289124643
1559.995	0.00007013971265147735
1560	0.000069983182154601
1560.005	0.00007183179958376095
1560.01	0.00007415538683458563
1560.015	0.00007584827934116951
1560.02	0.00007653126259796113
1560.0249999999999	0.00007662670395447591
1560.03	0.0000764417239774203
1560.035	0.00007577059206003862
1560.04	0.00007470445339753796
1560.045	0.00007375314604816722
1560.05	0.00007358501180851975
1560.0549999999998	0.00007392907076392933
1560.0600000000002	0.00007311869061482364
1560.065	0.00007055853175147445
1560.07	0.00006845302424339076
1560.075	0.00006897374818410463
1560.08	0.00007082636308720095
1560.0849999999998	0.00007041550354254686
1560.0900000000001	0.00006830185611148228
1560.095	0.0000686268758964047
1560.1	0.00007183157535453056
1560.105	0.00007414518894923865
1560.11	0.0000751379081782413
1560.1149999999998	0.00007573338365988583
1560.1200000000001	0.0000753244330141249
1560.125	0.00007558215530425165
1560.13	0.00007610064853051669
1560.135	0.00007499833918424962
1560.1399999999999	0.00007216516671111239
1560.145	0.00007012875145859437
1560.15	0.0000700915376994336
1560.155	0.00007038832701338719
1560.16	0.00006964462524278128
1560.165	0.0000684589432888324
1560.1699999999998	0.00006804022676697998
1560.175	0.00006684829726144354
1560.18	0.00006016806916805316
1560.185	0.000053807456463381424
1560.19	0.00005401390285400838
1560.195	0.00006144785974568091
1560.1999999999998	0.00006849105051057403
1560.205	0.00007117937494495603
1560.21	0.00007245462606421621
1560.215	0.00007337629692273116
1560.22	0.00007240999839087355
1560.225	0.00007060385006296028
1560.2299999999998	0.00006926062993240653
1560.2350000000001	0.00006925220200222805
1560.24	0.00007055898769892289
1560.2450000000001	0.00007198451846776276
1560.25	0.00007180076229176236
1560.2549999999999	0.00006989367199872013
1560.26	0.00006839803412197859
1560.265	0.00006917330136081877
1560.27	0.00007020192623708025
1560.275	0.00006733977542293306
1560.28	0.00006494120219379861
1560.2849999999999	0.00006696138854531925
1560.29	0.00006670355456165476
1560.295	0.00006062808509557729
1560.3	0.000058554798781690595
1560.305	0.00006291200558691618
1560.31	0.00006847783041597677
1560.3149999999998	0.00007125453753450481
1560.32	0.00006974328018898692
1560.325	0.00006741333699673644
1560.33	0.00006707262148298417
1560.335	0.0000691759338961971
1560.34	0.00007102004975055796
1560.3449999999998	0.00007077701808611436
1560.35	0.00006968894238299994
1560.355	0.00006986983460366323
1560.3600000000001	0.00007130157999302044
1560.365	0.00007260102709462132
1560.37	0.00007323764423140633
1560.375	0.00007327970322549493
1560.38	0.00007297147913516507
1560.385	0.00007268734816237662
1560.39	0.0000727426254665045
1560.395	0.00007290960951184923
1560.3999999999999	0.00007310699785495492
1560.405	0.00007317269878244267
1560.41	0.00007318291421931228
1560.415	0.00007301470955451648
1560.42	0.00007230574953758757
1560.425	0.00007077655460948446
1560.4299999999998	0.00006938881072492669
1560.435	0.00006939689694549297
1560.44	0.00007020953483915932
1560.445	0.00007021974934212198
1560.45	0.00007004138475587208
1560.455	0.0000707497110403824
1560.4599999999998	0.00007126965085618088
1560.465	0.00007051025409660313
1560.47	0.0000709211861306326
1560.4750000000001	0.00007235703349074768
1560.48	0.00007268345209513754
1560.485	0.00007225618470996566
1560.49	0.00007242917700696405
1560.495	0.00007193585378522474
1560.5	0.00007013206587004232
1560.505	0.00006903019131012277
1560.51	0.00007027396845517273
1560.5149999999999	0.00007217721167786917
1560.52	0.0000724970442567694
1560.525	0.00007241573158358113
1560.53	0.00007329663072651915
1560.535	0.00007344562616965795
1560.54	0.00007218747850570101
1560.5449999999998	0.00006953141385968457
1560.55	0.00006597477516372907
1560.555	0.00006331975519401146
1560.56	0.00006338888178286084
1560.565	0.00006615266775330315
1560.57	0.00006970958089691281
1560.5749999999998	0.0000721475436137655
1560.58	0.00007301863873612292
1560.585	0.00007306217613578494
1560.5900000000001	0.00007224401108938105
1560.595	0.00006961687466377884
1560.6	0.00006588943984137619
1560.605	0.00006268766009970182
1560.61	0.00005991761631704974
1560.615	0.000058030396435831894
1560.6200000000001	0.00005746651354936226
1560.625	0.00005883406066125964
1560.6299999999999	0.00006375523807314886
1560.635	0.00006874346529570605
1560.6399999999999	0.00006863469226201032
1560.645	0.00006708519608405687
1560.65	0.00006859642250005085
1560.655	0.00006892797005232414
1560.6599999999999	0.0000671616960625861
1560.665	0.00006684198249943021
1560.6699999999998	0.00006630385715160739
1560.675	0.0000642982237690927
1560.68	0.00006482796737936935
1560.685	0.00006859532796339393
1560.69	0.0000713090898141807
1560.695	0.00007124651538422765
1560.7	0.0000695045956618069
1560.7050000000002	0.00006807084425577243
1560.71	0.00006788809497043435
1560.715	0.00006878384121306513
1560.72	0.00007013206368175877
1560.725	0.00007062870168491146
1560.73	0.00006856011190917857
1560.7350000000001	0.00006475646229988517
1560.74	0.00006045428505286929
1560.745	0.000058668668784487786
1560.75	0.0000594467933180948
1560.7549999999999	0.00006275129347599465
1560.76	0.00006680631732340591
1560.765	0.00006567345280032357
1560.77	0.000059008764876138495
1560.7749999999999	0.00005430958712430758
1560.78	0.00005745468879690421
1560.7849999999999	0.00006571258942925452
1560.79	0.00007017377328224226
1560.795	0.00007094335283063747
1560.8	0.00007383896411830618
1560.805	0.0000750726176192984
1560.81	0.00007512625231510064
1560.8149999999998	0.00007487556874722909
1560.8200000000002	0.00007399594007388846
1560.825	0.00007419163628378962
1560.83	0.00007461848792726545
1560.835	0.0000730665895955568
1560.84	0.00006992317071051482
1560.845	0.00006655405447619535
1560.8500000000001	0.00006399342301344043
1560.855	0.00006171209828697481
1560.86	0.00006021192252211841
1560.865	0.000060182124328911526
1560.87	0.00006203612441231156
1560.875	0.0000658184653094855
1560.88	0.00007100336121170017
1560.885	0.00007391014921521801
1560.8899999999999	0.00007434816562579899
1560.895	0.00007352573766428134
1560.8999999999999	0.00007316850680582748
1560.9050000000002	0.00007353888021996878
1560.91	0.00007432670323212675
1560.915	0.00007527874282655722
1560.92	0.00007498500790268959
1560.925	0.00007292924661041829
1560.9299999999998	0.0000712465166365045
1560.9350000000002	0.0000704356498930901
1560.94	0.00006843250709428628
1560.945	0.00006384901318267722
1560.95	0.000060221161179843986
1560.955	0.00006136615684326237
1560.9599999999998	0.00006586495455896887
1560.9650000000001	0.00006768740996415387
1560.97	0.00006615101321868191
1560.975	0.00006929688268013614
1560.98	0.00007361141274472255
1560.985	0.00007337014238648068
1560.99	0.00007176384406499755
1560.9950000000001	0.00007190446636066232
1561	0.00007222341897811571
1561.0049999999999	0.00007170540691693022
1561.01	0.00007194379101160334
1561.0149999999999	0.00007340986464611088
1561.02	0.00007482360304637778
1561.025	0.00007528407201273579
1561.03	0.00007486841612911255
1561.035	0.00007313886753866449
1561.04	0.00007011199258214126
1561.0449999999998	0.00006755208014837526
1561.0500000000002	0.00006669750145811916
1561.055	0.000066926214083892
1561.06	0.00006797196678975981
1561.065	0.00006999884587454977
1561.07	0.00006974012726546036
1561.0749999999998	0.00006484585538174252
1561.0800000000002	0.00005971564891832536
1561.085	0.000058101707010319754
1561.09	0.000059258680046556476
1561.095	0.00006184252252570574
1561.1	0.00006539744488231508
1561.1049999999998	0.00006951082395645751
1561.1100000000001	0.00007283178257461951
1561.115	0.00007316626963500212
1561.12	0.00007140961175819203
1561.125	0.00007133346939463067
1561.1299999999999	0.0000743382911775539
1561.135	0.00007654762384354476
1561.14	0.0000765623812680681
1561.145	0.00007485969164660713
1561.15	0.0000725256694435265
1561.155	0.00007212632307215725
1561.1599999999999	0.00007316564458156035
1561.165	0.00007316664686598495
1561.17	0.00006990120581148422
1561.175	0.00006474228486587176
1561.18	0.00006172548353808213
1561.185	0.00006237440734707175
1561.1899999999998	0.00006603256906586753
1561.1950000000002	0.00007026062457975689
1561.2	0.00007281475855071494
1561.205	0.00007462281160824448
1561.21	0.00007491553075087989
1561.215	0.00007488871466721667
1561.2199999999998	0.00007576669858516121
1561.2250000000001	0.00007724254981518531
1561.23	0.000077927813396428
1561.235	0.00007713092787356841
1561.24	0.00007665234154012842
1561.245	0.00007697161315879127
1561.25	0.0000766524648583852
1561.255	0.00007611470111869368
1561.26	0.00007605237953188632
1561.265	0.00007637745688890978
1561.27	0.00007603605036390737
1561.2749999999999	0.00007398304845131292
1561.28	0.00007088262990243481
1561.285	0.0000687876309627909
1561.29	0.00006876618029423737
1561.295	0.00007096978288785195
1561.3	0.00007433387381376708
1561.3049999999998	0.0000757232527652943
1561.31	0.00007313079783648961
1561.315	0.00006938710071833725
1561.32	0.00006848124194753516
1561.325	0.00007039547684226619
1561.33	0.00007326765277846183
1561.3349999999998	0.00007489024509057556
1561.34	0.00007641718466216064
1561.345	0.00007846960914261136
1561.35	0.00008031685373986095
1561.355	0.00008093302183109123
1561.36	0.00008098749869292676
1561.365	0.00008068915653084327
1561.3700000000001	0.00007986234171633874
1561.375	0.00007863159130824141
1561.38	0.00007690720538876202
1561.385	0.00007607108167411572
1561.3899999999999	0.0000765598701563028
1561.395	0.00007587914419609737
1561.4	0.00007176698902348144
1561.405	0.00006613313813311889
1561.41	0.0000625836402876977
1561.415	0.00006319572926878258
1561.4199999999998	0.00006738291280879609
1561.425	0.00007274164761210016
1561.43	0.0000765655056404076
1561.435	0.00007740181703313296
1561.44	0.00007625832209224745
1561.445	0.00007487905450145139
1561.4499999999998	0.00007509406414867266
1561.455	0.00007645525410273135
1561.46	0.00007619939674847065
1561.465	0.00007457359501568842
1561.47	0.00007429731790066415
1561.475	0.00007606326409287957
1561.48	0.0000785554262002713
1561.485	0.00007989545463281212
1561.49	0.0000803608045920994
1561.4950000000001	0.00008076137001485169
1561.5	0.00008041842379344188
1561.5049999999999	0.00008074936762762552
1561.51	0.00008165396867822468
1561.515	0.00008128291295812396
1561.52	0.00007919995100775249
1561.525	0.0000735230998638392
1561.53	0.00006523278420801565
1561.5349999999999	0.000059548627652967
1561.54	0.00005979474191056605
1561.545	0.00006426506966134505
1561.55	0.00007079549724686116
1561.555	0.00007695912141846474
1561.56	0.00008032992484698629
1561.5649999999998	0.00008101175606821274
1561.57	0.00008071175488809968
1561.575	0.00007833336345276158
1561.58	0.00007455715520614027
1561.585	0.00007139220018426945
1561.59	0.00007178804362258646
1561.595	0.00007642694199430075
1561.6	0.00008056041397511466
1561.605	0.00008113492551304778
1561.6100000000001	0.00008061577690366034
1561.615	0.00007978725027703168
1561.62	0.00007791605290600086
1561.625	0.00007526859778254436
1561.6299999999999	0.00007398577130642893
1561.635	0.0000743223921556993
1561.64	0.00007555078428292222
1561.645	0.00007779442128564666
1561.6499999999999	0.00008000110895162306
1561.655	0.00008156028634832408
1561.66	0.0000811264267595585
1561.665	0.0000781014682946277
1561.67	0.00007350139552778045
1561.675	0.0000706220045049559
1561.6799999999998	0.00007240075297543234
1561.685	0.00007480521655833527
1561.69	0.00007155641813057281
1561.695	0.00006928933775198958
1561.7	0.00007340919562055989
1561.705	0.00007822026703902915
1561.71	0.00007826815843146749
1561.715	0.00007863211348680334
1561.72	0.00007997750366174366
1561.7250000000001	0.00008115783504263824
1561.73	0.00008162339357961172
1561.735	0.0000815328676593418
1561.74	0.00008093313740851029
1561.745	0.00007944567174625954
1561.75	0.00007816836422245187
1561.755	0.00007919725327020018
1561.76	0.00008059171004197247
1561.7649999999999	0.0000806886645706319
1561.77	0.00007881432038053427
1561.7749999999999	0.00007481828594245007
1561.78	0.00007207806360515663
1561.785	0.00007339720875185173
1561.79	0.0000772290372985384
1561.7949999999998	0.00008037967535023531
1561.8	0.00008020721912949371
1561.8049999999998	0.00007976881650067431
1561.8100000000002	0.00008027912800912962
1561.815	0.00008039347374412728
1561.82	0.00007935218123646466
1561.825	0.00007873692051216573
1561.83	0.00008031681317692744
1561.835	0.00008370596143627685
1561.8400000000001	0.00008429066307377469
1561.845	0.000083985464231332
1561.85	0.00008225344573278023
1561.855	0.00007835745564149897
1561.86	0.00007899167228764271
1561.865	0.00008287188441711538
1561.8700000000001	0.00008474710614063776
1561.875	0.00008438349595507219
1561.8799999999999	0.00008415000875599707
1561.885	0.0000850236567130911
1561.8899999999999	0.00008627963303525001
1561.895	0.00008692823759931268
1561.9	0.00008665369672410332
1561.905	0.00008430708345852464
1561.9099999999999	0.00007983096759680785
1561.915	0.00007642816457737047
1561.9199999999998	0.00007710593796398093
1561.9250000000002	0.00008075324297970899
1561.93	0.00008285492506103497
1561.935	0.00008139721129325594
1561.94	0.00007958605088893401
1561.945	0.0000808876553963279
1561.9499999999998	0.00008361132229538074
1561.9550000000002	0.0000837480337205398
1561.96	0.00008164106682442054
1561.965	0.00008067972793502186
1561.97	0.00008140175479040722
1561.975	0.00008194514044442263
1561.98	0.00008096201149301466
1561.9850000000001	0.00007900633236616045
1561.99	0.00007762855556567548
1561.995	0.00007791535637699721
1562	0.00007982568567381711
1562.0049999999999	0.00008245214821737907
1562.01	0.00008486471431304054
1562.015	0.00008672074167099621
1562.02	0.000087672390705203
1562.025	0.0000873453455368341
1562.03	0.00008572921090117808
1562.0349999999999	0.00008363359039247821
1562.0400000000002	0.00008249982946199054
1562.045	0.00008201678870277206
1562.05	0.00008124820400376423
1562.055	0.00007977862785241216
1562.06	0.00007920539824887661
1562.0649999999998	0.00008104830594306102
1562.0700000000002	0.00008325981482891431
1562.075	0.00008209599763560495
1562.08	0.0000780081342831664
1562.085	0.00007532966168077043
1562.09	0.00007716444767569732
1562.0949999999998	0.00008103491016303436
1562.1000000000001	0.0000823231845055598
1562.105	0.00008032261418332045
1562.11	0.00007906771038559375
1562.115	0.00008124841756249525
1562.12	0.00008452113033220275
1562.125	0.00008410568267313961
1562.13	0.0000797175611602388
1562.135	0.00007600732150043364
1562.14	0.00007589467872207339
1562.145	0.00007731418550123998
1562.1499999999999	0.00007771460116466218
1562.155	0.00007837299354860628
1562.16	0.00008130565544193046
1562.165	0.00008364128722435279
1562.17	0.00008067034843463389
1562.175	0.0000768851383834981
1562.1799999999998	0.00007903815654408038
1562.1850000000002	0.00008348485010580135
1562.19	0.00008329032506920487
1562.195	0.0000836941474014389
1562.2	0.00008612335536087114
1562.205	0.00008349136108359737
1562.2099999999998	0.00008093690490016517
1562.2150000000001	0.00008011885365945582
1562.22	0.00007695952370024511
1562.225	0.00007668659251086226
1562.23	0.00008138388460140133
1562.235	0.00008362687739722068
1562.2399999999998	0.0000838219235813888
1562.2450000000001	0.00008459222404025086
1562.25	0.00008428384425392184
1562.255	0.00008220146536582626
1562.26	0.00007914841502608774
1562.2649999999999	0.00007736769955989575
1562.27	0.00007896740181275874
1562.275	0.0000793550889771678
1562.28	0.0000747728155587579
1562.285	0.00006675513064782214
1562.29	0.00005998446455033637
1562.2949999999998	0.000058175630022734386
1562.3	0.0000616162944288779
1562.305	0.00006827448865988285
1562.31	0.00007615131135660778
1562.315	0.00008309255148294541
1562.32	0.00008562540119603297
1562.3249999999998	0.0000851226851822071
1562.3300000000002	0.00008416022594678081
1562.335	0.0000852963245449506
1562.34	0.000087834077625335
1562.345	0.00008999333646003817
1562.35	0.00009102998285147988
1562.3549999999998	0.0000920295204795455
1562.3600000000001	0.00009242114901070207
1562.365	0.00009190564274300795
1562.3700000000001	0.00009077032716674358
1562.375	0.0000865389796286381
1562.3799999999999	0.0000840904821439909
1562.385	0.00008561920851820091
1562.39	0.00008584468041412869
1562.395	0.00008316283065464429
1562.4	0.00007788510549710087
1562.405	0.00007261297632477466
1562.4099999999999	0.00006957994142221317
1562.415	0.00007028560864290829
1562.42	0.00007327171243913112
1562.425	0.00007582021500368523
1562.43	0.0000772103257096852
1562.435	0.00007880732548236
1562.4399999999998	0.00008120576662558004
1562.445	0.00008383014396777936
1562.45	0.0000853798249824841
1562.455	0.00008561296446911958
1562.46	0.00008617901520481954
1562.465	0.00008760173804938523
1562.4699999999998	0.00008752657453154848
1562.475	0.00008355170248248963
1562.48	0.0000785889265289414
1562.4850000000001	0.00007717189866595851
1562.49	0.00007979041540444449
1562.495	0.00008339824330502571
1562.5	0.00008547488151673994
1562.505	0.0000867179080367388
1562.51	0.00008928254554473663
1562.515	0.00008958734080606515
1562.52	0.00008814212924335155
1562.5249999999999	0.00008918133584949493
1562.53	0.00008986904717659281
1562.535	0.00008633038770514175
1562.54	0.00007811897103946478
1562.545	0.00007501897532483182
1562.55	0.00007768038290464233
1562.5549999999998	0.00008001857661703719
1562.56	0.00008199176921131797
1562.565	0.00008503119136525739
1562.57	0.00008710215941486073
1562.575	0.00008618139951974427
1562.58	0.0000856957374341505
1562.5849999999998	0.00008641525808670428
1562.59	0.00008614028420517674
1562.595	0.0000813049722408988
1562.6000000000001	0.00007540182474686723
1562.605	0.0000763291569491673
1562.61	0.00008226742369690257
1562.615	0.00008716069308737052
1562.62	0.00008886670560923906
1562.625	0.00008919210144808434
1562.63	0.00008908970161647095
1562.635	0.0000869912456367271
1562.6399999999999	0.00008366263715500608
1562.645	0.00008242085751738201
1562.65	0.00008338426385208258
1562.655	0.00008601452252956258
1562.66	0.00008712774421298653
1562.665	0.00008540079992665595
1562.6699999999998	0.00007846782329141366
1562.675	0.00006950199191510466
1562.68	0.00006379099857478484
1562.685	0.0000645450143787284
1562.69	0.0000693984861229535
1562.695	0.00007284013044432038
1562.6999999999998	0.00007532808004258685
1562.705	0.00007994005498324351
1562.71	0.00008631131718786519
1562.7150000000001	0.00009092806000745557
1562.72	0.00009054839808743327
1562.725	0.00008686282779411782
1562.73	0.00008502352479507987
1562.735	0.00008741802562650086
1562.74	0.00009220100888207146
1562.7450000000001	0.0000923797936669472
1562.75	0.00008824438805868118
1562.7549999999999	0.00008558435656752132
1562.76	0.00008731897929163451
1562.7649999999999	0.00009106189533445802
1562.77	0.00009440766585867337
1562.775	0.00009487607192867638
1562.78	0.00009295086977590718
1562.7849999999999	0.00009093494428728353
1562.79	0.00008981810817537554
1562.795	0.00008825833782052395
1562.8	0.00008593738691203773
1562.805	0.00008370951840607186
1562.81	0.00008294074910311495
1562.8149999999998	0.0000844810679819929
1562.82	0.00008736421462986462
1562.825	0.00009093874606329119
1562.8300000000002	0.0000943688408547147
1562.835	0.00009505010352793451
1562.84	0.00009479527885186672
1562.845	0.00009572745718621499
1562.85	0.00009762884841532468
1562.855	0.000098378987808605
1562.8600000000001	0.00009787899916107159
1562.865	0.00009694633479754809
1562.87	0.00009541885828652939
1562.875	0.00009384745560492611
1562.8799999999999	0.00009062932769238817
1562.885	0.00008412850415772278
1562.89	0.00007860100110655649
1562.895	0.00008110072754935684
1562.8999999999999	0.00008804557354935634
1562.905	0.00009116055590377688
1562.9099999999999	0.00009118581956121698
1562.915	0.00009194052836310002
1562.92	0.00009438862416543748
1562.925	0.00009509702787261612
1562.93	0.00009263039775264938
1562.935	0.0000917502912591822
1562.9399999999998	0.00009323990306272851
1562.9450000000002	0.00009339853329916321
1562.95	0.00009142746033035863
1562.955	0.00008859945335109063
1562.96	0.00008681908366270362
1562.965	0.00008744127085428661
1562.97	0.00009030547897621726
1562.9750000000001	0.00009343429666353735
1562.98	0.0000947670803224881
1562.985	0.00009533358327219318
1562.99	0.00009624514798820192
1562.995	0.0000954009824987233
1563	0.00009274297237791675
1563.005	0.00009211840224853011
1563.01	0.00009401357065771551
1563.0149999999999	0.00009439099671589753
1563.02	0.00009164460799170213
1563.0249999999999	0.00008945458242223478
1563.03	0.00009089250645234403
1563.035	0.00009444444688729845
1563.04	0.00009426119512644523
1563.045	0.0000907894497274647
1563.05	0.00008956431421934977
1563.0549999999998	0.0000906551576591365
1563.0600000000002	0.00009126927580717106
1563.065	0.00009405256884812865
1563.07	0.00009808780988104824
1563.075	0.00010001374158566358
1563.08	0.00009924082893726947
1563.0849999999998	0.00009814057821594422
1563.0900000000001	0.00009864085021066458
1563.095	0.00009851123246307508
1563.1	0.0000971482343408296
1563.105	0.00009696208870314903
1563.11	0.00009774500078040031
1563.115	0.00009855676539530417
1563.1200000000001	0.00009842814203503263
1563.125	0.0000972482418237122
1563.1299999999999	0.00009629095605768555
1563.135	0.00009595286421484802
1563.1399999999999	0.00009621446955241019
1563.145	0.00009576749021501403
1563.15	0.00009367073532485849
1563.155	0.0000915011715957961
1563.16	0.00009164009053917582
1563.165	0.0000926413126219075
1563.1699999999998	0.0000928656660852845
1563.1750000000002	0.00009276452291581016
1563.18	0.00009097996323408013
1563.185	0.00008638483209748643
1563.19	0.0000816572226688506
1563.195	0.00008048443807720481
1563.1999999999998	0.00008391147932889329
1563.2050000000002	0.00008861839028675675
1563.21	0.00008826846750800106
1563.215	0.00008468432941189169
1563.22	0.00008574592532756137
1563.225	0.00008980486721237133
1563.2299999999998	0.00008872915250414664
1563.2350000000001	0.00008648363207984901
1563.24	0.00008728004835481697
1563.245	0.00008926849091143962
1563.25	0.00008980960893126683
1563.2549999999999	0.00008920055347667068
1563.26	0.00008973692384296218
1563.265	0.00008888378252101536
1563.27	0.00008252845052204677
1563.275	0.00007671245615099009
1563.28	0.00007675699289175697
1563.2849999999999	0.00008230081190041304
1563.29	0.00008819387714129898
1563.295	0.00009001125564681555
1563.3	0.00008969759804945511
1563.305	0.00009351718429165098
1563.31	0.00009681937286916363
1563.3149999999998	0.00009831292402073103
1563.3200000000002	0.00009828279795746366
1563.325	0.00009641182736939729
1563.33	0.00009311659582282686
1563.335	0.00009031062930839173
1563.34	0.00008851448242010466
1563.3449999999998	0.00008726811782055415
1563.3500000000001	0.00008721492386832938
1563.355	0.00008872792263619525
1563.36	0.0000913109017189141
1563.365	0.00009409656867732016
1563.37	0.00009598621187614044
1563.375	0.00009737322642981311
1563.38	0.00009799886708561638
1563.385	0.00009803541768831881
1563.39	0.00009805413092278687
1563.395	0.0000962157435806868
1563.3999999999999	0.00009272644392349437
1563.405	0.00009076675156004829
1563.41	0.0000916447733550578
1563.415	0.00009456265376410372
1563.42	0.00009761111773246028
1563.425	0.00009801315930931595
1563.4299999999998	0.00009761723202901621
1563.435	0.00009720525490689799
1563.44	0.00009641481353456083
1563.445	0.00009506477678472032
1563.45	0.00009472824278668859
1563.455	0.00009437240852684829
1563.4599999999998	0.00009162887291137416
1563.465	0.00008640576710281341
1563.47	0.00008379123265405382
1563.475	0.00008610048733055978
1563.48	0.00009007751530480913
1563.485	0.00009165980421287035
1563.49	0.00009118704905225246
1563.4950000000001	0.00009106395761506783
1563.5	0.00009131195893241003
1563.505	0.00009117081649208728
1563.51	0.00009144131627242572
1563.5149999999999	0.00009270018122363735
1563.52	0.00009418155522933392
1563.525	0.00009450926158406702
1563.53	0.00009248671058534608
1563.535	0.00008815234050228624
1563.54	0.00008311661691543196
1563.5449999999998	0.0000811073245391842
1563.55	0.00008371373124392914
1563.555	0.00008670990185775433
1563.56	0.00008449482296135096
1563.565	0.00007536256029742066
1563.57	0.00006606589906676467
1563.5749999999998	0.00006333313511727042
1563.58	0.00007007077988181192
1563.585	0.00008336338861008618
1563.59	0.0000933961514534252
1563.595	0.00009697861609234731
1563.6	0.00009663324581462942
1563.605	0.00009473348970907837
1563.61	0.00009310318283475932
1563.615	0.00009271785631323862
1563.6200000000001	0.00009239361418761828
1563.625	0.00009100706484022022
1563.6299999999999	0.0000894044357192032
1563.635	0.00009083783700347338
1563.64	0.0000924718538688995
1563.645	0.00009167413570714073
1563.65	0.00008904061246291028
1563.655	0.00008679626654215006
1563.6599999999999	0.00008697967158260423
1563.665	0.0000891760613945273
1563.67	0.00009001941352311527
1563.675	0.00008987041819315122
1563.68	0.00008987373331614216
1563.685	0.00008900994066133378
1563.6899999999998	0.00008539949825158054
1563.695	0.00007968257517833435
1563.7	0.00007558269175596888
1563.705	0.00007565209928416294
1563.71	0.00007917238612981145
1563.715	0.00008305933848445399
1563.72	0.00008563219508790447
1563.725	0.00008763421520154493
1563.73	0.00009130073348285225
1563.7350000000001	0.00009573620335320391
1563.74	0.00009891418418051189
1563.745	0.00010049322061068565
1563.75	0.00010036962835907263
1563.7549999999999	0.0000995667651295662
1563.76	0.00009900764370500419
1563.765	0.00009537644639538453
1563.77	0.00009065248917036441
1563.7749999999999	0.0000923773978891944
1563.78	0.00009699756807476761
1563.785	0.00009792087830363208
1563.79	0.0000967866000664517
1563.795	0.00009530814310948267
1563.8	0.00009438948750207988
1563.8049999999998	0.0000939199471157326
1563.81	0.00009325745457710502
1563.815	0.00009170458494039669
1563.82	0.00008935052511412914
1563.825	0.0000872418640664548
1563.83	0.00008595302298251741
1563.835	0.00008649130200158765
1563.84	0.00008994387942333262
1563.845	0.00009458748184605158
1563.8500000000001	0.00009731402684643084
1563.855	0.00009535627448038456
1563.86	0.00009112930859685414
1563.865	0.00008858572138140788
1563.87	0.00008869086275982857
1563.875	0.00008975290986508058
1563.88	0.00008884080133320138
1563.885	0.00008547013659957224
1563.8899999999999	0.00008355366862960423
1563.895	0.00008587259445349142
1563.8999999999999	0.00009073576410893153
1563.905	0.00009397148697746679
1563.91	0.00009458769292074527
1563.915	0.00009564379435043385
1563.9199999999998	0.00009542009848953007
1563.925	0.00009088134144328008
1563.9299999999998	0.00008356012465492376
1563.935	0.00008375582238751937
1563.94	0.00008830231411859406
1563.945	0.00008911187551522563
1563.95	0.00008771374416468498
1563.955	0.00008859429926113491
1563.96	0.00009139354103687577
1563.9650000000001	0.00009374388115037391
1563.97	0.00009327338198951277
1563.975	0.0000892346542414466
1563.98	0.00008682546077127122
1563.985	0.00008610647120622487
1563.99	0.00008479875625734361
1563.9950000000001	0.00008332246696237807
1564	0.00008434648588156263
1564.0049999999999	0.00008875199298312027
1564.01	0.00009228093123947279
1564.0149999999999	0.00009184272375220143
1564.02	0.00009293705384626433
1564.025	0.00009608534383277242
1564.03	0.00009676408288621427
1564.0349999999999	0.00009524040266186649
1564.04	0.00009454076678675779
1564.0449999999998	0.000095307613992342
1564.05	0.00009652768162276926
1564.055	0.00009745803113101086
1564.06	0.00009735465793703716
1564.065	0.00009623627952787842
1564.07	0.0000951685434036272
1564.0749999999998	0.00009571622750380937
1564.0800000000002	0.00009672960544007338
1564.085	0.0000958518341162394
1564.09	0.0000943127409948452
1564.095	0.00009510028741220305
1564.1	0.00009648205159827805
1564.105	0.00009667854273702297
1564.1100000000001	0.00009657185081187646
1564.115	0.00009394707291615334
1564.12	0.00008723530907795767
1564.125	0.00008092368345228725
1564.1299999999999	0.00007689486497223147
1564.135	0.00007743893671822833
1564.14	0.00008059219624616521
1564.145	0.00008359728905111663
1564.1499999999999	0.00008622066261796646
1564.155	0.00008950807629113176
1564.1599999999999	0.00009337591356319267
1564.1650000000002	0.00009474638347981904
1564.17	0.00009224844519274195
1564.175	0.00008984844132893019
1564.18	0.00009098487459454141
1564.185	0.00009381500490203907
1564.1899999999998	0.00009498046009288983
1564.1950000000002	0.00009547600250461664
1564.2	0.00009653879258126488
1564.205	0.00009691138714681396
1564.21	0.00009506057562718116
1564.215	0.00009373679924918039
1564.2199999999998	0.00009415017701568154
1564.2250000000001	0.0000929511952963068
1564.23	0.00008928637778640712
1564.235	0.00008872765697970726
1564.24	0.00009227327658465899
1564.245	0.00009452490485273314
1564.25	0.00009310296144233315
1564.255	0.00008670287318688796
1564.26	0.00007616546715991768
1564.265	0.00006923386160440309
1564.27	0.0000719894036053975
1564.2749999999999	0.00008229351024856282
1564.28	0.00009104815992406713
1564.285	0.00009483849838354285
1564.29	0.0000961441765429273
1564.295	0.00009678480267569548
1564.3	0.00009637487155913951
1564.3049999999998	0.0000950344621784646
1564.3100000000002	0.00009449478365308366
1564.315	0.00009507452418116378
1564.32	0.00009459805364463185
1564.325	0.00009247824138769335
1564.33	0.0000917884746764532
1564.3349999999998	0.0000935604042255514
1564.3400000000001	0.0000939368154108608
1564.345	0.00009278426261147225
1564.35	0.00009232092204626934
1564.355	0.00009367757254959395
1564.36	0.0000952937009510927
1564.3649999999998	0.00009484191779383547
1564.3700000000001	0.00009183627625362659
1564.375	0.00008955492533946814
1564.38	0.00009112647577258917
1564.385	0.00009411441022135037
1564.3899999999999	0.0000955198209763027
1564.395	0.00009628848996790479
1564.4	0.00009814241856989597
1564.405	0.000099584649433382
1564.41	0.00009938440583934821
1564.415	0.00009899391709476324
1564.4199999999998	0.00009916950624860602
1564.425	0.00009927957382504271
1564.43	0.00009907415339891252
1564.435	0.00009895888798829494
1564.44	0.00009788842856533927
1564.445	0.00009534327845459033
1564.4499999999998	0.0000944022491451215
1564.4550000000002	0.0000968042592724781
1564.46	0.00009678090972077254
1564.465	0.00009471263725679872
1564.47	0.00009477358628789549
1564.475	0.00009694018978235575
1564.4799999999998	0.0000982762011248578
1564.4850000000001	0.0000966738217592181
1564.49	0.00009244218569367624
1564.4950000000001	0.00008774397368610213
1564.5	0.00008463818782000733
1564.5049999999999	0.00008413889265750228
1564.51	0.00008631944269239756
1564.515	0.00009048161310854704
1564.52	0.00009476469540591078
1564.525	0.00009512779000331897
1564.53	0.00009129356009267953
1564.5349999999999	0.00008938864021418618
1564.54	0.00009219626290606791
1564.545	0.0000960168860538945
1564.55	0.0000971326851214928
1564.555	0.0000959306390978781
1564.56	0.00009514516821405156
1564.5649999999998	0.00009491136517487249
1564.57	0.00009372103322258746
1564.575	0.00009058741120442968
1564.58	0.00008654002440812859
1564.585	0.00008501841066024954
1564.59	0.00008796976764452355
1564.5949999999998	0.00009242795695421745
1564.6	0.00009408211258232753
1564.605	0.00009234605450210404
1564.6100000000001	0.00009189312551553809
1564.615	0.00009292613305128615
1564.62	0.00009135294711757317
1564.625	0.00008570906128207947
1564.63	0.00008172280711957098
1564.635	0.00008544887155936522
1564.64	0.00009272429362764541
1564.645	0.00009526489709935788
1564.6499999999999	0.0000962006556852438
1564.655	0.00009727032401229035
1564.66	0.00009829921643832848
1564.665	0.00009886233746889754
1564.67	0.00009856792966287318
1564.675	0.00009657145539993942
1564.6799999999998	0.00009455703423749722
1564.685	0.00009505562837757375
1564.69	0.00009644050632652958
1564.695	0.00009660524781655451
1564.7	0.00009633067704387059
1564.705	0.00009754247626877178
1564.7099999999998	0.00009904761156088367
1564.715	0.00009882024650163907
1564.72	0.00009775425154567605
1564.7250000000001	0.00009577974024453023
1564.73	0.00009094580958957355
1564.735	0.00008754218327422473
1564.74	0.00008839375756086853
1564.745	0.0000914861551787086
1564.75	0.00009306098557680317
1564.755	0.00009133459508155867
1564.76	0.00008947027084686694
1564.7649999999999	0.00009048937403042201
1564.77	0.00009316849526839578
1564.775	0.0000937520493038694
1564.78	0.00009195521033830363
1564.785	0.00008857376641365038
1564.79	0.00008773941442593664
1564.7949999999998	0.00009108022834481527
1564.8	0.00009299211955821357
1564.805	0.00009380975088554803
1564.81	0.0000951168540899934
1564.815	0.00009442121371158533
1564.82	0.00009432180675996227
1564.8249999999998	0.00009243201704033025
1564.83	0.00008807656458534399
1564.835	0.00008731653266595181
1564.8400000000001	0.00009166392392159984
1564.845	0.00009510419036880972
1564.85	0.00009483550779475436
1564.855	0.00009116892521094878
1564.86	0.00008194408988723368
1564.865	0.00007125668238104635
1564.8700000000001	0.00006915678751293301
1564.875	0.00007440559344810671
1564.8799999999999	0.00007835447325187449
1564.885	0.00008070447371539862
1564.8899999999999	0.00008471722919199399
1564.895	0.00009190055986522235
1564.9	0.00009509166801161652
1564.905	0.00009660652974480128
1564.9099999999999	0.0000978904390399799
1564.915	0.00009927048697767272
1564.92	0.00009903610290265716
1564.925	0.00009926045008636023
1564.93	0.00010028154249451926
1564.935	0.00010053819766595034
1564.9399999999998	0.0001002918660693661
1564.945	0.00009934938187332554
1564.95	0.00009557204837036601
1564.9550000000002	0.00008520591104402765
1564.96	0.00007341383842255821
1564.965	0.00006915390469843865
1564.97	0.00007841908411022048
1564.975	0.00008856763555630535
1564.98	0.00009158925216026533
1564.9850000000001	0.00009244989923157624
1564.99	0.00009309283605233513
1564.995	0.00009340764304250047
1565	0.00009625187752458095
1565.0049999999999	0.00009727827261198618
1565.01	0.00009559156867493342
1565.015	0.00009642404554915962
1565.02	0.00009903423277518835
1565.0249999999999	0.00010068655503042274
1565.03	0.00010126207674920169
1565.0349999999999	0.0001009528619556616
1565.04	0.00010009931180976515
1565.045	0.00009950323892240883
1565.05	0.00010012101847678416
1565.0549999999998	0.00010012101847678416
1565.06	0.0000968357584820568
1565.0649999999998	0.00009452423214842271
1565.0700000000002	0.00009600748615575249
1565.075	0.00009882429449083179
1565.08	0.00010088912405244944
1565.085	0.00010151978536595676
1565.09	0.00010143915294943446
1565.095	0.00010021971356925091
1565.1000000000001	0.00009817642489992616
1565.105	0.00009704036768265656
1565.11	0.00009795244729712943
1565.115	0.00009949413544149818
1565.12	0.0001001068651925447
1565.125	0.00010000927192087272
1565.13	0.00009971757299080218
1565.135	0.00009710594342373592
1565.1399999999999	0.0000916524890442269
1565.145	0.0000846736105846589
1565.1499999999999	0.00008132825170957471
1565.155	0.00008039769316802052
1565.16	0.00008286783060433345
1565.165	0.00008772039054048215
1565.1699999999998	0.00008968865252851809
1565.175	0.00008777718208118862
1565.1799999999998	0.00008683960705072092
1565.1850000000002	0.00008954383608478862
1565.19	0.00009399211230208639
1565.195	0.00009693281993384165
1565.2	0.00009867282621890808
1565.205	0.00009816681795366752
1565.2099999999998	0.00009448433653280875
1565.2150000000001	0.0000900575768291002
1565.22	0.00008917806641074152
1565.225	0.00009267335910008098
1565.23	0.00009687301049387669
1565.235	0.00009747307891687903
1565.24	0.00009648600293383301
1565.2450000000001	0.00009594739979756338
1565.25	0.00009549036627461838
1565.2549999999999	0.00009532126563207493
1565.26	0.00009588896007576547
1565.2649999999999	0.00009775742053375874
1565.27	0.00009947001291093364
1565.275	0.0001014819215657368
1565.28	0.00010158709481971752
1565.285	0.00009996978964732403
1565.29	0.00009906083544522205
1565.2949999999998	0.00010044358144324339
1565.3000000000002	0.00010205909788668053
1565.305	0.00010150126808710055
1565.31	0.00010088901809936256
1565.315	0.00010038920653567751
1565.32	0.00009911637917697192
1565.3249999999998	0.00009919727249525682
1565.3300000000002	0.00010055087598217175
1565.335	0.00010221546118524835
1565.34	0.00010210558692138774
1565.345	0.00010103814795968617
1565.35	0.00010062163346447061
1565.3549999999998	0.00009905490669503423
1565.3600000000001	0.00009479508125712188
1565.365	0.00009065817806334343
1565.37	0.00009093024170062978
1565.375	0.00009515782841176369
1565.3799999999999	0.00009752376321873023
1565.385	0.00009567547233265234
1565.39	0.0000953326208851492
1565.395	0.0000953115883192168
1565.4	0.00009352368964227726
1565.405	0.00009475732789573838
1565.4099999999999	0.00009423706436044091
1565.415	0.00008795275040732099
1565.42	0.00008500299305291985
1565.425	0.00008832091367828515
1565.43	0.00008689402899471364
1565.435	0.00007884918873992486
1565.4399999999998	0.0000723948919044562
1565.4450000000002	0.00007464205098687471
1565.45	0.00008416852839324047
1565.455	0.00008642648642335089
1565.46	0.00008046248463695297
1565.465	0.00008121904619128853
1565.4699999999998	0.0000873571565350183
1565.4750000000001	0.00009018643427078367
1565.48	0.00009485879003675573
1565.485	0.00009850418655424946
1565.49	0.00009531970314990527
1565.495	0.00009129611187939015
1565.5	0.00008748726385943304
1565.505	0.00008705255465873117
1565.51	0.00009148022752426563
1565.515	0.00009668826149135553
1565.52	0.00010026675175103233
1565.5249999999999	0.00010037672401390008
1565.53	0.0000971888661469304
1565.535	0.00009270226372945942
1565.54	0.00009186747502298107
1565.545	0.0000950097365788878
1565.55	0.00009801270412059361
1565.5549999999998	0.00009902549172154992
1565.56	0.00009946981406644241
1565.565	0.00009953564774719093
1565.57	0.00009870520594661223
1565.575	0.00009625578937249579
1565.58	0.00009286216198748939
1565.5849999999998	0.00009040037258681428
1565.59	0.000090176888441591
1565.595	0.00009151952530559917
1565.6	0.00009155557226393303
1565.605	0.00008843748824298363
1565.61	0.00008521764350963342
1565.615	0.00008532869077639555
1565.6200000000001	0.00008737565752383269
1565.625	0.00008553667557536007
1565.63	0.00007796087092381842
1565.635	0.00007333509750268606
1565.6399999999999	0.00007722801438205325
1565.645	0.0000881900762706676
1565.65	0.00009387679892094154
1565.655	0.0000943503049383395
1565.66	0.00009644838267109942
1565.665	0.00009875774521852673
1565.6699999999998	0.0000979219042831727
1565.675	0.00009548143159405978
1565.68	0.00009538748503119042
1565.685	0.00009653231489388065
1565.69	0.00009417913402930426
1565.695	0.00008854111119693314
1565.6999999999998	0.00008617266413476891
1565.705	0.00008717450077444176
1565.71	0.00008734557996580109
1565.715	0.00008900370224236533
1565.72	0.00009270973637879222
1565.725	0.00009697074372936554
1565.73	0.00010018597756770428
1565.735	0.00010152510753952771
1565.74	0.0001016442998518432
1565.7450000000001	0.00010178281807507141
1565.75	0.00010205577898168373
1565.7549999999999	0.00010205833160492084
1565.76	0.00010121227431593874
1565.765	0.00009957639900049048
1565.77	0.0000983874703395643
1565.775	0.0000990165344469829
1565.78	0.00010035058357603918
1565.7849999999999	0.00010077188728011905
1565.79	0.0000997335081934067
1565.795	0.00009655913537255936
1565.8	0.00009304017900572047
1565.805	0.00009239532868868022
1565.81	0.0000950612754418263
1565.8149999999998	0.00009767477622459855
1565.82	0.00009801504224505183
1565.825	0.00009875455599719705
1565.83	0.00010027852620020146
1565.835	0.00010137850754345264
1565.84	0.00010431491326868816
1565.845	0.00010767716536749146
1565.85	0.00010806218413433519
1565.855	0.00010668929502502354
1565.8600000000001	0.00010298773379867445
1565.865	0.00009948504414956431
1565.87	0.00009915627048929245
1565.875	0.0001012771921214716
1565.8799999999999	0.00010310583289709667
1565.885	0.0001036877098265142
1565.89	0.0001037780808614907
1565.895	0.00010434695491479594
1565.8999999999999	0.00010523440270835644
1565.905	0.00010448004366776288
1565.91	0.00010239818387405738
1565.915	0.00010191029065557345
1565.92	0.00010375811260636989
1565.925	0.00010487681767824354
1565.9299999999998	0.00010399308993400266
1565.935	0.00010272368836208779
1565.94	0.0001019882941253227
1565.945	0.00009956431530821629
1565.95	0.00009480918295293319
1565.955	0.00008750829953019328
1565.96	0.00008168526633693752
1565.965	0.00007891074285959857
1565.97	0.00008030019544551645
1565.9750000000001	0.00008650731625647267
1565.98	0.00009366996462310419
1565.985	0.00009855640646770216
1565.99	0.00010035710162983232
1565.995	0.00010227542921494067
1566	0.00010398941075806151
1566.005	0.00010394370825752414
1566.01	0.00010349576082660286
1566.0149999999999	0.00010126632042224604
1566.02	0.00009914713878426417
1566.0249999999999	0.00010069875125706475
1566.03	0.00010234647523929608
1566.035	0.00010069973455870118
1566.04	0.00009747016779159172
1566.0449999999998	0.00009512006091056014
1566.05	0.00009479219212078941
1566.055	0.00009697968290936028
1566.06	0.0001013099669438997
1566.065	0.00010533273476924707
1566.07	0.00010644242005912898
1566.075	0.0001063681027763754
1566.08	0.0001060229910442278
1566.085	0.00010543636811575192
1566.0900000000001	0.00010463789727488072
1566.095	0.00010441554188173174
1566.1	0.00010379376398639635
1566.105	0.00009949770765777076
1566.11	0.00009335121259393099
1566.115	0.0000921607639037932
1566.1200000000001	0.00009563339657404046
1566.125	0.00009771928539100438
1566.1299999999999	0.00009674750259320081
1566.135	0.00009498976257759881
1566.1399999999999	0.00009585207913434471
1566.145	0.0000989851398404854
1566.15	0.0001030034175241031
1566.155	0.00010566044394828661
1566.1599999999999	0.000106099088229534
1566.165	0.00010558710474081252
1566.1699999999998	0.00010643852415510024
1566.175	0.00010636442991268159
1566.18	0.00010329036108782999
1566.185	0.00010027432137874036
1566.19	0.00009704039456267327
1566.195	0.0000935221687194885
1566.1999999999998	0.00009313309702645083
1566.2050000000002	0.00009589011135797496
1566.21	0.00009964424175022937
1566.215	0.00010324611844706483
1566.22	0.00010599081191252963
1566.225	0.00010750846265936309
1566.23	0.00010716918254585895
1566.2350000000001	0.00010538259167093897
1566.24	0.00010336762546605811
1566.245	0.00010157350529841609
1566.25	0.00010063180072842686
1566.2549999999999	0.00010146299074136999
1566.26	0.00010300338636195543
1566.265	0.00010253012141221285
1566.27	0.00009980761170736982
1566.2749999999999	0.00009835547257935715
1566.28	0.00010009156757780653
1566.2849999999999	0.00010224054908791137
1566.29	0.00010154923136713285
1566.295	0.00009918080146721151
1566.3	0.0000983003485394582
1566.305	0.00009931422949989635
1566.31	0.0001009155146293483
1566.3149999999998	0.00010276596630691531
1566.3200000000002	0.00010524252300354902
1566.325	0.00010722406798414483
1566.33	0.00010731772015264073
1566.335	0.00010760945515780343
1566.34	0.0001074737413765694
1566.3449999999998	0.00010412193399758368
1566.3500000000001	0.00009957570773984657
1566.355	0.00009960763901343007
1566.36	0.00010377124760485262
1566.365	0.0001044513020087517
1566.37	0.00010197349958666757
1566.375	0.0001016434800113446
1566.38	0.00010161644340250992
1566.385	0.00010047489404621376
1566.3899999999999	0.00010130722106064944
1566.395	0.00010366998857403767
1566.3999999999999	0.00010233066755923593
1566.405	0.00009575121825908999
1566.41	0.00008869260697754087
1566.415	0.00008684197354079506
1566.42	0.00009101169047527263
1566.425	0.00009749595296484145
1566.4299999999998	0.00010296090055568043
1566.4350000000002	0.00010564373518706896
1566.44	0.00010644038583220392
1566.445	0.00010712921821660037
1566.45	0.00010821613178068572
1566.455	0.00010933005025223298
1566.4599999999998	0.00010941449729802074
1566.4650000000001	0.00010886674322903569
1566.47	0.00010620022216995216
1566.475	0.00010083170563493184
1566.48	0.00009635675764098804
1566.485	0.0000972059894315036
1566.4899999999998	0.00010078824455989569
1566.4950000000001	0.00010027671962275699
1566.5	0.00009592568543014244
1566.505	0.00009485586240879501
1566.51	0.00010007981450035455
1566.5149999999999	0.00010550413322465128
1566.52	0.00010579555179762094
1566.525	0.00010687136496856957
1566.53	0.00010910622846106344
1566.535	0.00010940376663571765
1566.54	0.0001089800427474225
1566.5449999999998	0.00010512355438074887
1566.55	0.00010211646710425688
1566.555	0.00010274510137260315
1566.56	0.00010061556358449103
1566.565	0.00009600481576394505
1566.57	0.00009433229035989917
1566.5749999999998	0.0000967077657630678
1566.5800000000002	0.00009871995750056851
1566.585	0.00009737253778687321
1566.59	0.00009462567565641448
1566.595	0.00009418586603350246
1566.6	0.0000981674939561363
1566.6049999999998	0.00010418898038004256
1566.6100000000001	0.00010891150651750187
1566.615	0.00011103021542390248
1566.6200000000001	0.00011086031429790673
1566.625	0.00010908643886566085
1566.6299999999999	0.00010580045157434248
1566.635	0.00010040813362343055
1566.64	0.00009615715483725376
1566.645	0.00009358351485754664
1566.65	0.00009272509177141205
1566.655	0.00009277002108793552
1566.6599999999999	0.00009277277181211576
1566.665	0.00009368682774758552
1566.67	0.00009702795382178463
1566.675	0.00010077226546553012
1566.68	0.00009976018976722705
1566.685	0.00009202270365990826
1566.6899999999998	0.00008890759105577069
1566.695	0.00009405173816685763
1566.7	0.00010096632262370954
1566.705	0.00010537992112422836
1566.71	0.00010533002894303889
1566.715	0.00010461109218495468
1566.7199999999998	0.00010635215965534117
1566.725	0.00010884793592038967
1566.73	0.00010972333845867261
1566.7350000000001	0.00010974686056628586
1566.74	0.00010986504271531366
1566.745	0.00011006617935180424
1566.75	0.00010977945637810083
1566.755	0.00010838724363592081
1566.76	0.00010701946536822845
1566.765	0.00010611925113695924
1566.77	0.00010522216644347806
1566.7749999999999	0.00010385050633148714
1566.78	0.00010204115462364875
1566.785	0.00010064490199978428
1566.79	0.00010106320329503972
1566.795	0.00010389921754020634
1566.8	0.00010637994718737184
1566.8049999999998	0.0001046083044244145
1566.81	0.00010192844294370582
1566.815	0.00010231687990521401
1566.82	0.00010462188079045228
1566.825	0.00010615465589133974
1566.83	0.00010514878604002532
1566.8349999999998	0.00010280217894404657
1566.84	0.00010114975225889736
1566.845	0.00009936653398548804
1566.8500000000001	0.00009538634576107557
1566.855	0.00009167716889211057
1566.86	0.00009440826143403128
1566.865	0.0001030727935920838
1566.87	0.00010665381401242535
1566.875	0.00010654217924760821
1566.88	0.00010753363293794361
1566.885	0.00011024202067067968
1566.8899999999999	0.00011152157587516604
1566.895	0.00010973060112936698
1566.9	0.00010841405158221067
1566.905	0.00010916776945813116
1566.91	0.00010964103486911968
1566.915	0.00010737609633844998
1566.9199999999998	0.00010479994150264463
1566.925	0.00010571998529890882
1566.93	0.0001082759655766407
1566.935	0.00010705661978077659
1566.94	0.00010118732450482415
1566.945	0.00009735621237359555
1566.9499999999998	0.00009853015024249646
1566.955	0.00010187959808539304
1566.96	0.0001056301833703297
1566.9650000000001	0.00010843059941284845
1566.97	0.00011107029546803591
1566.975	0.0001119262828626524
1566.98	0.00011183104179690389
1566.985	0.00011153673043930802
1566.99	0.0001112815335615137
1566.9950000000001	0.00011075005254756783
1567	0.00011009481115638405
1567.0049999999999	0.00010928926856063528
1567.01	0.00010921346190603469
1567.0149999999999	0.00010930539306032735
1567.02	0.0001059827595534429
1567.025	0.00009906573158618996
1567.03	0.00009781712504763987
1567.0349999999999	0.00010242183727767766
1567.04	0.00010338730522966436
1567.045	0.0001009512308928381
1567.05	0.00010307104062384693
1567.055	0.00010559816260446338
1567.06	0.00010636313134389355
1567.0649999999998	0.0001064019287618012
1567.07	0.00010744498297899243
1567.075	0.00010578676791803032
1567.0800000000002	0.0000983303001222012
1567.085	0.00008947194715756296
1567.09	0.00008623880372559555
1567.095	0.00009232148264918085
1567.1	0.00010251335358415517
1567.105	0.00010466195663237835
1567.1100000000001	0.00010366293489773984
1567.115	0.00010474488931084096
1567.12	0.00010387560441145073
1567.125	0.00009895010976895266
1567.1299999999999	0.00009206377874591316
1567.135	0.00008758849975760588
1567.14	0.00008832314161775442
1567.145	0.00009201067489326686
1567.1499999999999	0.00009662162358699688
1567.155	0.00010214663466310248
1567.1599999999999	0.00010712078439119329
1567.165	0.00011035980982300717
1567.17	0.00011086101253599153
1567.175	0.00010956811662670382
1567.1799999999998	0.00010923612921492181
1567.185	0.0001109301795552157
1567.1899999999998	0.00011182356814168924
1567.1950000000002	0.0001091720375398487
1567.2	0.00010639310756339715
1567.205	0.00010736036721589387
1567.21	0.00010915151781205716
1567.215	0.00010562570288038545
1567.22	0.00010331809421421559
1567.2250000000001	0.00010584560472577815
1567.23	0.00010730022976307649
1567.235	0.00010348309501359191
1567.24	0.00009840240880160838
1567.245	0.00009718998328048422
1567.25	0.00010083506495949154
1567.255	0.00010579087876164653
1567.26	0.00010793480455916988
1567.2649999999999	0.0001054590666097397
1567.27	0.00009975602262372322
1567.2749999999999	0.00009477968763715035
1567.28	0.00009297705842250776
1567.285	0.000094416642321487
1567.29	0.0000984559585986245
1567.2949999999998	0.0001024787212987971
1567.3	0.00010185080841538286
1567.3049999999998	0.00009473838439339076
1567.3100000000002	0.0000881929521446321
1567.315	0.00008996472484949193
1567.32	0.0000979897798252285
1567.325	0.00010567042654337736
1567.33	0.00010910593642036256
1567.3349999999998	0.00010724450364622027
1567.3400000000001	0.00010369566562327487
1567.345	0.00010125633123193372
1567.35	0.00010147087927356005
1567.355	0.00010404830474741517
1567.36	0.00010740588011376983
1567.365	0.00010962069960481036
1567.3700000000001	0.00011086464681781734
1567.375	0.00011114721889402297
1567.3799999999999	0.00010924269192492565
1567.385	0.00010639057698170509
1567.3899999999999	0.00010853306643987522
1567.395	0.00011288037636223257
1567.4	0.000112185889870811
1567.405	0.00011416892874555417
1567.4099999999999	0.00011633202784242686
1567.415	0.00011537306985791353
1567.4199999999998	0.0001124182894382259
1567.4250000000002	0.00011047669922609333
1567.43	0.0001107339065235451
1567.435	0.00011291234766605585
1567.44	0.00011559480847917291
1567.445	0.00011742784697092705
1567.4499999999998	0.00011765132800904521
1567.4550000000002	0.00011700232289000137
1567.46	0.00011670438265215467
1567.465	0.00011740053396373847
1567.47	0.00011851845907047968
1567.475	0.00011930741041032057
1567.4799999999998	0.00011960276221281784
1567.4850000000001	0.00011954255956853237
1567.49	0.00011915613636272548
1567.495	0.00011813727457343549
1567.5	0.00011670053627147867
1567.5049999999999	0.00011526515042476092
1567.51	0.00011435266796602553
1567.515	0.00011361389130877934
1567.52	0.00011239579935343088
1567.525	0.00010905084542141803
1567.53	0.00010497872864411028
1567.5349999999999	0.00010029087482351505
1567.54	0.00009810745731260814
1567.545	0.00009863110099677211
1567.55	0.00009989752664201673
1567.555	0.00009735343673252237
1567.56	0.00009170086850299464
1567.5649999999998	0.00009002196632074701
1567.5700000000002	0.00009535523460047301
1567.575	0.00010220337154166024
1567.58	0.00010328988508213614
1567.585	0.00010160426157701993
1567.59	0.00010070530559726805
1567.5949999999998	0.00010245709509028121
1567.6000000000001	0.00010454936422668953
1567.605	0.00010337400064413666
1567.61	0.00009919529220171836
1567.615	0.00009563879700988957
1567.62	0.00009540784895417689
1567.625	0.00009835486233252991
1567.63	0.00010244247984604004
1567.635	0.00010448348392153572
1567.64	0.00010393995924278367
1567.645	0.00010270273357321569
1567.6499999999999	0.0001009587724843181
1567.655	0.00009850190520043356
1567.66	0.0000980767480727669
1567.665	0.000101086814542209
1567.67	0.00010812370284192048
1567.675	0.00011401094002410891
1567.6799999999998	0.00011604566392833086
1567.685	0.0001164032437286398
1567.69	0.00011615703255540765
1567.695	0.00011329436385421794
1567.7	0.00010597577544092144
1567.705	0.00009898570040825355
1567.7099999999998	0.00010053472595466717
1567.7150000000001	0.00011036281239879087
1567.72	0.00011412647180052246
1567.725	0.00011023011648676076
1567.73	0.00010905840959221943
1567.735	0.00011234574530387371
1567.74	0.00011722460255841395
1567.7450000000001	0.00012039128052898106
1567.75	0.00012144440690587638
1567.755	0.00012182134763689553
1567.76	0.00012161542258749575
1567.7649999999999	0.00012118639528347193
1567.77	0.00012045732987468008
1567.775	0.00011896940315217104
1567.78	0.00011623515111254625
1567.785	0.00011004253067120244
1567.79	0.0000994383075610521
1567.7949999999998	0.00009674487493347724
1567.8	0.00010366899850090365
1567.805	0.000109836714119329
1567.81	0.00010959450207535587
1567.815	0.00010905745411894535
1567.82	0.00010967698574442734
1567.8249999999998	0.00010670283574958153
1567.83	0.000101733105848371
1567.835	0.00010203170835152434
1567.84	0.0001086334238379204
1567.845	0.00011560419381536373
1567.85	0.0001178837546966151
1567.855	0.00011819354802514305
1567.86	0.00011721037734005524
1567.865	0.00011198462085046758
1567.8700000000001	0.00010638886712743264
1567.875	0.00010808992524610779
1567.8799999999999	0.0001142904779875863
1567.885	0.0001161852540023651
1567.89	0.00011537454941960538
1567.895	0.00011663417724343749
1567.9	0.00011786448756587753
1567.905	0.00011747904011851095
1567.9099999999999	0.00011962853791813282
1567.915	0.00012323135017066255
1567.92	0.00012414317551229608
1567.925	0.00012148054133672274
1567.93	0.00011474044112780218
1567.935	0.00011127019081061336
1567.9399999999998	0.00011482189845156395
1567.945	0.00012017619814226106
1567.95	0.00012166296864794926
1567.955	0.00011853393394011945
1567.96	0.00011186007206796889
1567.965	0.00010458232544096473
1567.97	0.00010190148658991651
1567.975	0.00010615584894434161
1567.98	0.00011387955640255302
1567.9850000000001	0.00011925699393666482
1567.99	0.0001203438006823902
1567.995	0.00011904504224826664
1568	0.00011813964930062282
1568.0049999999999	0.00011970405730962866
1568.01	0.00012000469021176308
1568.015	0.0001167980649336682
1568.02	0.00011406995148624459
1568.0249999999999	0.0001141306591519478
1568.03	0.00011515013310522658
1568.035	0.00011563994458989741
1568.04	0.0001167424826395115
1568.045	0.00011821780116882347
1568.05	0.00011884250829522936
1568.0549999999998	0.00011684886351711232
1568.06	0.00010965127790566534
1568.065	0.00009676444076827306
1568.07	0.0000876202110225463
1568.075	0.00009225229389210782
1568.08	0.00010785482334515566
1568.085	0.00011640019069530846
1568.09	0.00011790127666743615
1568.095	0.0001224914469130095
1568.1000000000001	0.00012475541205617615
1568.105	0.00012372122741414405
1568.11	0.00012216120510216558
1568.115	0.00011919440332242881
1568.12	0.00011558198931303926
1568.125	0.00011416832099626251
1568.13	0.00011499781779712461
1568.135	0.00011590196300345862
1568.1399999999999	0.0001142604900952293
1568.145	0.00010975469791904968
1568.1499999999999	0.00010423687510445079
1568.155	0.00010060128730001864
1568.16	0.00010099311989313578
1568.165	0.00010631541618029895
1568.1699999999998	0.00011326204464928447
1568.175	0.00011613718302323649
1568.18	0.00011428644646053117
1568.185	0.00011304277721216228
1568.19	0.00011338450410892054
1568.195	0.0001101595395478175
1568.2	0.00010259843331521982
1568.205	0.000095633068588242
1568.21	0.00009600616114232786
1568.2150000000001	0.00010391674699908062
1568.22	0.00011090438791389908
1568.225	0.00011132017336700444
1568.23	0.00010706071318808188
1568.235	0.00010567185917586276
1568.24	0.00010875126567831605
1568.2450000000001	0.00011359451244672238
1568.25	0.00011877874101500518
1568.2549999999999	0.00012292604580206636
1568.26	0.00012277881215514133
1568.2649999999999	0.00012002313722026386
1568.27	0.00011828602893999902
1568.275	0.0001160064686371617
1568.28	0.00011368202473579885
1568.2849999999999	0.00011396457981875815
1568.29	0.00011634668727061948
1568.2949999999998	0.00011635308155198147
1568.3	0.0001127266893643529
1568.305	0.00011123262088655625
1568.31	0.0001140183609734141
1568.315	0.00011786874959062231
1568.32	0.00011979990824934192
1568.3249999999998	0.00011965213349794451
1568.3300000000002	0.00011758651301745067
1568.335	0.00011153910624421327
1568.34	0.00010136087211049641
1568.345	0.00009503148324953498
1568.35	0.00009699219633872603
1568.355	0.00010336997648589147
1568.3600000000001	0.00011055987790162181
1568.365	0.00011090416511830554
1568.37	0.00010927469034963935
1568.375	0.00011015111511070052
1568.3799999999999	0.00011427353435362756
1568.385	0.00011679332886908936
1568.39	0.0001168249074856248
1568.395	0.00011699619254520498
1568.3999999999999	0.00011776669235864944
1568.405	0.00011749935711599776
1568.4099999999999	0.00011939714837980338
1568.415	0.00012095405272542913
1568.42	0.00011762991129290256
1568.425	0.0001168710958382828
1568.43	0.00011969425867751545
1568.435	0.00011963623417839649
1568.4399999999998	0.00011606422581793943
1568.4450000000002	0.00011317780975259337
1568.45	0.00011473950147164795
1568.455	0.00011952130324021921
1568.46	0.000123302037806718
1568.465	0.00012322222315024774
1568.4699999999998	0.00012035349088088616
1568.4750000000001	0.00011595249659729274
1568.48	0.00011283361131674887
1568.485	0.00011351830688171547
1568.49	0.00011766755386849176
1568.495	0.00012222834579356676
1568.5	0.00012477251574840662
1568.505	0.00012530926218790137
1568.51	0.0001250693052514391
1568.5149999999999	0.00012352854405796787
1568.52	0.00012120907489610119
1568.5249999999999	0.0001196404470756028
1568.53	0.00011901400567202802
1568.535	0.00011842231491236208
1568.54	0.0001181770368753396
1568.545	0.00011853771356396212
1568.55	0.00011879111477654945
1568.5549999999998	0.00011901838546258547
1568.5600000000002	0.00011923704528970147
1568.565	0.0001177694428147093
1568.57	0.00011290257162597161
1568.575	0.0001077572310805394
1568.58	0.00010782683961547337
1568.5849999999998	0.00011389579322931605
1568.5900000000001	0.0001189498348622575
1568.595	0.00012001917123035439
1568.6	0.00011701140900611086
1568.605	0.00011152888589149113
1568.61	0.00010775607853692865
1568.6149999999998	0.00010919802467773218
1568.6200000000001	0.00011297497773547583
1568.625	0.00011522570180961809
1568.6299999999999	0.0001156743624792705
1568.635	0.00011269783566553802
1568.6399999999999	0.00010288213192003603
1568.645	0.0000893042614929664
1568.65	0.00007560279378804148
1568.655	0.00006948459039054213
1568.66	0.00007096887920998531
1568.665	0.00007857586572282543
1568.6699999999998	0.00008791846288022981
1568.675	0.00009584997413087739
1568.68	0.00010006774270342764
1568.685	0.00010057956395206921
1568.69	0.00009924995793721493
1568.695	0.0000983162982857689
1568.6999999999998	0.00009925625791153439
1568.7050000000002	0.00010314073861656933
1568.71	0.00010715875663175011
1568.715	0.00011095347376188334
1568.72	0.00011306793420097882
1568.725	0.00011008853531178347
1568.7299999999998	0.0001000418442090301
1568.7350000000001	0.00008696882460468213
1568.74	0.00007907407781279631
1568.745	0.00008091751194646977
1568.75	0.00009230791902874207
1568.7549999999999	0.00010507615619111548
1568.76	0.00011339341780395048
1568.765	0.0001137199001044759
1568.77	0.00011135585061688001
1568.775	0.00011349333424854702
1568.78	0.00011751140283100719
1568.7849999999999	0.00011807037027984872
1568.79	0.00011745168270493685
1568.795	0.00011163540121679195
1568.8	0.0001008014312545804
1568.805	0.00009365862388712288
1568.81	0.0000965405907084716
1568.8149999999998	0.00010557247588941919
1568.82	0.00011106890071546532
1568.825	0.00010689714744593288
1568.83	0.00009984133989357475
1568.835	0.00009802535469082272
1568.84	0.00010274326682466813
1568.8449999999998	0.00010963531755730141
1568.85	0.00011360073541827887
1568.855	0.00011607207775468414
1568.8600000000001	0.00011612267662507048
1568.865	0.00010961766320609011
1568.87	0.00010250786331838005
1568.875	0.00010437730048159286
1568.88	0.00011172655590659714
1568.885	0.0001170348569016035
1568.89	0.00011788673974552562
1568.895	0.00011563469159095043
1568.8999999999999	0.0001125397420698468
1568.905	0.00011129465065228756
1568.91	0.00011356527341585247
1568.915	0.00011708742433212246
1568.92	0.00011901673343618818
1568.925	0.00011934711264050105
1568.9299999999998	0.00011924633098394699
1568.935	0.00011738159524319624
1568.94	0.00011558631398921751
1568.945	0.00011756131373605589
1568.95	0.00011837670178995675
1568.955	0.00011870198615204147
1568.9599999999998	0.00011994376589144639
1568.965	0.0001200839377771449
1568.97	0.00011760019518212182
1568.9750000000001	0.00011356798141854687
1568.98	0.00011099629847049931
1568.985	0.00011150015145686854
1568.99	0.00011433477998939381
1568.995	0.00011586606715311433
1569	0.00011169013473619548
1569.005	0.00010571457490866212
1569.01	0.00010331598282433588
1569.0149999999999	0.0001060549293497779
1569.02	0.00011096137357445591
1569.025	0.00011243733165671195
1569.03	0.00010942834319806545
1569.035	0.00010538279563062439
1569.04	0.00010243653101147719
1569.0449999999998	0.00010215850579385437
1569.05	0.0001047750213195123
1569.055	0.00010828609542105806
1569.06	0.00010975146418687626
1569.065	0.00010734789413877188
1569.07	0.00010374834301696788
1569.0749999999998	0.00010231468731649472
1569.08	0.00010299330709620107
1569.085	0.00010167489506549336
1569.0900000000001	0.00009769997705939087
1569.095	0.0000958900948836414
1569.1	0.00010043006297293943
1569.105	0.00010851007025411706
1569.11	0.00011417126067226601
1569.115	0.00011545604814249327
1569.1200000000001	0.00011349520878117637
1569.125	0.00011024415276078354
1569.1299999999999	0.00010940865633959047
1569.135	0.000111271115513311
1569.1399999999999	0.00011252716613569165
1569.145	0.00010756421035768581
1569.15	0.00010224861030509723
1569.155	0.00010110059588240819
1569.1599999999999	0.00010228625160287554
1569.165	0.00010259054780603727
1569.17	0.0001021629881435314
1569.175	0.00010478231840708286
1569.18	0.00011023667108381434
1569.185	0.00011058786596650893
1569.1899999999998	0.00010916202694783076
1569.195	0.00011115744214964411
1569.2	0.00011397200436295867
1569.2050000000002	0.00011522418325341336
1569.21	0.00011597900204335903
1569.215	0.00011731276791520978
1569.22	0.00011812958839543793
1569.225	0.00011789270093569375
1569.23	0.00011733652724705018
1569.2350000000001	0.00011684167117982157
1569.24	0.00011515721699985525
1569.245	0.00011266818716871367
1569.25	0.0001121914144148476
1569.2549999999999	0.00011370616182861899
1569.26	0.00011202910074174903
1569.265	0.00010600319975809626
1569.27	0.00010328883903740309
1569.2749999999999	0.00010882091584715746
1569.28	0.00011055875275076849
1569.2849999999999	0.00010681163133525711
1569.29	0.0001064823528090317
1569.295	0.0001119032448820855
1569.3	0.00011688454053006164
1569.3049999999998	0.00011842119617832684
1569.31	0.00011810468704892108
1569.315	0.00011721615865401736
1569.3200000000002	0.00011672874041178413
1569.325	0.00011713462579953186
1569.33	0.00011747454771561906
1569.335	0.00011648609601904827
1569.34	0.00011349118623039868
1569.345	0.00010888841163528616
1569.3500000000001	0.00010374023638761268
1569.355	0.00010075571872709903
1569.36	0.0001019446647828669
1569.365	0.00010614147571284677
1569.37	0.00011148237027576708
1569.375	0.00011426947505690439
1569.38	0.00011336336341252934
1569.385	0.00010898674800506996
1569.3899999999999	0.00010231863870512365
1569.395	0.00009849365473175765
1569.3999999999999	0.00010024730852104326
1569.405	0.00010594955253816512
1569.41	0.00010989586208818501
1569.415	0.0001108917012808549
1569.4199999999998	0.00011186099007789025
1569.425	0.00011299386103573259
1569.4299999999998	0.00010881344456836407
1569.4350000000002	0.00010269869929755072
1569.44	0.0001023115820098888
1569.445	0.00010548781623015283
1569.45	0.00010383984799999589
1569.455	0.00009677765867140541
1569.4599999999998	0.00008689094952255724
1569.4650000000001	0.00007997034516873627
1569.47	0.00008366413002722285
1569.475	0.00009150335869841302
1569.48	0.0000868960980396786
1569.485	0.0000772057091734482
1569.49	0.00007962417528090547
1569.4950000000001	0.00009334489388383867
1569.5	0.00010199506190659959
1569.5049999999999	0.00010226904784092716
1569.51	0.00009996790612019548
1569.5149999999999	0.0001000774539515491
1569.52	0.00010312467876434358
1569.525	0.00010640911323190213
1569.53	0.00010706467471382838
1569.5349999999999	0.00010565297769750413
1569.54	0.00010677749305243406
1569.5449999999998	0.00010757864827154572
1569.5500000000002	0.00010043183666717813
1569.555	0.00009255822909626162
1569.56	0.00009441623632695666
1569.565	0.00009969295191950755
1569.57	0.00009777291318894823
1569.5749999999998	0.0000930588403374895
1569.5800000000002	0.00009485910266133796
1569.585	0.00010041759341106983
1569.59	0.00010064156888895416
1569.595	0.00009850296951571317
1569.6	0.00010032912847146165
1569.6049999999998	0.00010455535915640738
1569.6100000000001	0.00010371612185488033
1569.615	0.00009943249791669692
1569.62	0.00010135086008530839
1569.625	0.00010971656724604003
1569.6299999999999	0.00011418224166158422
1569.635	0.0001155003414295108
1569.64	0.00011722660801706614
1569.645	0.00011791476325707679
1569.6499999999999	0.00011809887456501064
1569.655	0.00011896956346562293
1569.6599999999999	0.00011922914935180614
1569.665	0.00011846516580458784
1569.67	0.00011699368460289294
1569.675	0.00011551614019558016
1569.68	0.00011428384568844145
1569.685	0.00011224295330589797
1569.6899999999998	0.00010937556716020674
1569.6950000000002	0.00010894984641937093
1569.7	0.0001125990960585967
1569.705	0.00011555556462157833
1569.71	0.00011491092537683706
1569.715	0.000113624992254002
1569.7199999999998	0.00011431579047681723
1569.7250000000001	0.0001146331350896461
1569.73	0.00011442864752513255
1569.735	0.00011556770167376563
1569.74	0.000116988732378053
1569.745	0.00011768872400628609
1569.7499999999998	0.00011757561407695804
1569.755	0.00011713283329793409
1569.76	0.00011539001693886132
1569.765	0.00011167728230737868
1569.77	0.00010744187413778901
1569.7749999999999	0.00010509175507183934
1569.78	0.00010465392944098926
1569.785	0.00010248700421398436
1569.79	0.00010060852227544514
1569.795	0.00010639964303459476
1569.8	0.00011277627685478689
1569.8049999999998	0.00011420696890194312
1569.81	0.00011352832288576969
1569.815	0.00010836743686786667
1569.82	0.00010491973122529883
1569.825	0.00010682692606486193
1569.83	0.00011082726330908661
1569.8349999999998	0.00011353682131163137
1569.8400000000001	0.00011368065839363517
1569.845	0.00011083333072715457
1569.85	0.0001047403819395471
1569.855	0.00009763584333406088
1569.86	0.00009390825997576974
1569.8649999999998	0.00009559145530868011
1569.8700000000001	0.00010103149342720993
1569.875	0.00010727672662153263
1569.88	0.0001098233282696548
1569.885	0.00010751395934177364
1569.8899999999999	0.00010686290846028545
1569.895	0.00010969706262707404
1569.9	0.00010951728547301242
1569.905	0.00010519969226945267
1569.91	0.00010237657026239144
1569.915	0.00010261075295325173
1569.9199999999998	0.00010533094861569143
1569.925	0.00010916145349986252
1569.93	0.00011240171692541352
1569.935	0.00011409043574902563
1569.94	0.00011428194670528495
1569.945	0.00011272893440998963
1569.9499999999998	0.00011047373801071638
1569.955	0.00010936900460831582
1569.96	0.00010959520085510453
1569.965	0.00010976151579220452
1569.97	0.00010892453578802329
1569.975	0.00010835177446371475
1569.98	0.00010839967008686985
1569.985	0.00010704189669864553
1569.99	0.00010380759060026577
1569.9950000000001	0.00010099742549046759
1570	0.0001009914613763124
1570.0049999999999	0.00010427332589287819
1570.01	0.0001085281040032776
1570.015	0.00011193006466420178
1570.02	0.00011408987505428475
1570.025	0.00011525808177259001
1570.03	0.0001158814803610237
1570.0349999999999	0.0001164051688701889
1570.04	0.00011688253870210595
1570.045	0.0001167820977864911
1570.05	0.00011634580793134362
1570.055	0.00011645572468441676
1570.06	0.00011736383994954428
1570.0649999999998	0.0001182821747460114
1570.07	0.00011820294167674964
1570.075	0.00011743391614664859
1570.08	0.00011660433699954827
1570.085	0.0001162835833383723
1570.09	0.00011621922026011372
1570.095	0.00011546603391976889
1570.1	0.0001125387622400425
1570.105	0.00010936859034388698
1570.1100000000001	0.00010918279654312092
1570.115	0.00011008833004171972
1570.12	0.00010390054205456442
1570.125	0.00009528638277252094
1570.1299999999999	0.00009762635173719553
1570.135	0.00010681029865678195
1570.14	0.00011217786624703375
1570.145	0.00011268481584475415
1570.1499999999999	0.0001099752950119692
1570.155	0.00010294231583588291
1570.16	0.00009520040976252973
1570.165	0.00009354319000334895
1570.17	0.0000998820968797761
1570.175	0.0001005088359960228
1570.1799999999998	0.0000930447886751243
1570.185	0.00008548933784209034
1570.19	0.00008271277445647739
1570.195	0.00008606939317577211
1570.2	0.00009395308878902439
1570.205	0.00010313126383616079
1570.21	0.00010741719847375693
1570.215	0.00010879733274962426
1570.22	0.00011145997657721908
1570.2250000000001	0.0001148586064716537
1570.23	0.00011618124877752296
1570.235	0.0001153306733490501
1570.24	0.00011387805530293268
1570.245	0.00011326367058798715
1570.25	0.00011392682116940212
1570.255	0.00011485327546690167
1570.26	0.00011665742179977719
1570.2649999999999	0.00011910667347358699
1570.27	0.00012057380850351584
1570.2749999999999	0.00012063145803362805
1570.28	0.00011990791552109119
1570.285	0.00011965039106712043
1570.29	0.00011982004955394664
1570.2949999999998	0.00012006319789256139
1570.3	0.00012007233806177196
1570.305	0.00012032185167044805
1570.31	0.00012027059860319105
1570.315	0.00011885379526635233
1570.32	0.0001154551973259218
1570.325	0.00010956230385629956
1570.33	0.00010355775550348899
1570.335	0.00010273205925684018
1570.3400000000001	0.00010782611790609325
1570.345	0.0001143877084466423
1570.35	0.00011490946305576582
1570.355	0.000112086164027365
1570.36	0.00011230183638986196
1570.365	0.00011629527899397328
1570.3700000000001	0.00011947154827266988
1570.375	0.00012015245476948597
1570.3799999999999	0.00012050302752724166
1570.385	0.00012132545805701904
1570.3899999999999	0.00012065938000316382
1570.395	0.00011784607536001299
1570.4	0.00011161937343625786
1570.405	0.0001017326292878274
1570.4099999999999	0.00009271912979268266
1570.415	0.00009144680778970389
1570.4199999999998	0.00009768182075995825
1570.425	0.00010675738726839814
1570.43	0.00011367764072165502
1570.435	0.00011693234188882325
1570.44	0.00011617850051727195
1570.445	0.00011057498801120923
1570.4499999999998	0.00010420070142719467
1570.4550000000002	0.00010251878413748348
1570.46	0.0001042808531319181
1570.465	0.0001031286621872583
1570.47	0.00010169834571048297
1570.475	0.00010829425619091201
1570.48	0.00011650325111060969
1570.4850000000001	0.00011955288368396399
1570.49	0.00011967292465521161
1570.495	0.00011717395640940943
1570.5	0.00011641645450662945
1570.5049999999999	0.00011593102066546337
1570.51	0.00011227742371652058
1570.515	0.00011014664321246284
1570.52	0.00010936443879060322
1570.5249999999999	0.00010621965329194576
1570.53	0.00010429703275736063
1570.5349999999999	0.00010647401070722357
1570.54	0.00011155570381110507
1570.545	0.0001154357479669515
1570.55	0.00011560004226069102
1570.555	0.00011352990299253978
1570.56	0.00011309550274081232
1570.5649999999998	0.00011601639841393622
1570.5700000000002	0.00011931076338558658
1570.575	0.00011851679959434092
1570.58	0.00011644747700495155
1570.585	0.000117191438606892
1570.59	0.00012110561042006526
1570.5949999999998	0.00012474391219306636
1570.6000000000001	0.00012731490976347824
1570.605	0.00012881768473137223
1570.61	0.00012941991957676592
1570.615	0.0001298345890499855
1570.62	0.0001293572983955517
1570.625	0.00012777975665210985
1570.63	0.00012560209834016391
1570.635	0.00012398284783905403
1570.6399999999999	0.00012179116087705133
1570.645	0.00011816428631505703
1570.6499999999999	0.00011826560353739189
1570.655	0.00012248588412165832
1570.66	0.0001216343903578627
1570.665	0.00011967328023802206
1570.67	0.00012311294722498105
1570.675	0.0001231616235213489
1570.6799999999998	0.00012138750909212891
1570.6850000000002	0.00012270213656749029
1570.69	0.00012435786776855768
1570.695	0.0001229648192035401
1570.7	0.00012183213970557611
1570.705	0.00012352387279003724
1570.7099999999998	0.00012574155668634816
1570.7150000000001	0.00012646683257944307
1570.72	0.00012690578718639982
1570.725	0.00012662691767251465
1570.73	0.00012627722786938666
1570.735	0.00012652612687625965
1570.7399999999998	0.00012657972576321055
1570.7450000000001	0.00012588959663543047
1570.75	0.0001252602507249252
1570.7549999999999	0.00012429049601560887
1570.76	0.0001218972367615667
1570.7649999999999	0.00011832410945522711
1570.77	0.00011419309915163833
1570.775	0.00011149335127288571
1570.78	0.0001117671506076087
1570.785	0.00011507512223090342
1570.79	0.00011858401758910853
1570.7949999999998	0.00012143419208396277
1570.8	0.00012442350533888881
1570.805	0.0001262421717601974
1570.81	0.0001246650739379035
1570.815	0.00012424337476297633
1570.82	0.00011858401457889549
1570.8249999999998	0.00010979074771549964
1570.8300000000002	0.00010894752887890669
1570.835	0.00011317231486891907
1570.84	0.00011641012028799707
1570.845	0.00011974570036852149
1570.85	0.00012455378388305326
1570.8549999999998	0.00012809495069757593
1570.8600000000001	0.00012738641867681894
1570.865	0.00012357073005976368
1570.87	0.00012016657745992813
1570.875	0.0001184975955220713
1570.8799999999999	0.00011648224005658854
1570.885	0.0001132375402326511
1570.89	0.00010973326607539196
1570.895	0.00010665577712423061
1570.9	0.00010411882336967623
1570.905	0.00010424046074769845
1570.9099999999999	0.00010957223820870503
1570.915	0.00011754869553890605
1570.92	0.0001230554862654043
1570.925	0.00012309904611694877
1570.93	0.00011914195311108392
1570.935	0.00011601085873379635
1570.9399999999998	0.00011681224747399345
1570.945	0.00012186044117406855
1570.95	0.000127565557559968
1570.955	0.00013020683645176588
1570.96	0.0001286255143958857
1570.965	0.00012645671085920188
1570.9699999999998	0.00012696742860383994
1570.9750000000001	0.00013015170059408858
1570.98	0.00013369200083406806
1570.985	0.00013493946012893343
1570.99	0.00013371231723407798
1570.995	0.00013014465489363932
1571	0.00012599673662580036
1571.005	0.00012371310603517086
1571.01	0.00012335146450852903
1571.015	0.00012185014577960535
1571.02	0.0001173637770893527
1571.0249999999999	0.00011046600016253498
1571.03	0.00010300549151480589
1571.035	0.00009952344737771113
1571.04	0.00010351135551905368
1571.045	0.00011488489910164022
1571.05	0.00012671320123225583
1571.0549999999998	0.00013128019564590736
1571.06	0.00013124699444732216
1571.065	0.00012741547280241647
1571.07	0.00011657636180966528
1571.075	0.00010578226871929944
1571.08	0.00009929501442210394
1571.0849999999998	0.00009957868765222447
1571.09	0.00010605881258368512
1571.095	0.00011528041585414797
1571.1000000000001	0.0001240167550932281
1571.105	0.00012963984899797977
1571.11	0.00013079288478866434
1571.115	0.00012827967039510377
1571.12	0.00012525444188655208
1571.125	0.0001258044894406714
1571.13	0.0001296508429233573
1571.135	0.00013250089298979257
1571.1399999999999	0.0001316066296977575
1571.145	0.00012840007841502646
1571.15	0.00012730713042911638
1571.155	0.00012832311211282264
1571.16	0.00012785127053430945
1571.165	0.00012566566422402735
1571.1699999999998	0.0001247927500493776
1571.175	0.00012675190900232958
1571.18	0.00012991108299429557
1571.185	0.0001312265877062126
1571.19	0.00012913816824105785
1571.195	0.00012737450006920274
1571.1999999999998	0.00012885769116990675
1571.205	0.00013241338175625062
1571.21	0.0001347574132579118
1571.2150000000001	0.000133018300639929
1571.22	0.00013064470772615694
1571.225	0.00012924213276050187
1571.23	0.00012688459601585176
1571.235	0.00012184641269384336
1571.24	0.00011509372145644315
1571.2450000000001	0.0001103986436828272
1571.25	0.00011142174972027957
1571.2549999999999	0.000119528922768182
1571.26	0.00012926647357311763
1571.2649999999999	0.0001353600729147075
1571.27	0.0001381443790643105
1571.275	0.00013956232179139207
1571.28	0.00014025651925238854
1571.2849999999999	0.0001401486153867993
1571.29	0.00013924703073543834
1571.295	0.00013729910907929574
1571.3	0.0001344229642352137
1571.305	0.0001322003282241871
1571.31	0.00013257168849785639
1571.3149999999998	0.00013384816824739217
1571.32	0.00013166953500668024
1571.325	0.0001257838127110441
1571.3300000000002	0.0001237061956296649
1571.335	0.0001302157657015618
1571.34	0.0001348190716564489
1571.345	0.000134057884964748
1571.35	0.00013217623446177252
1571.355	0.00012500597124926564
1571.3600000000001	0.00012309547046075254
1571.365	0.00012544454311444917
1571.37	0.00012298782897802042
1571.375	0.00011872133618422623
1571.3799999999999	0.00012084134673036319
1571.385	0.00012770549581044566
1571.39	0.00013404346010172297
1571.395	0.0001384459247327666
1571.3999999999999	0.0001404784659403644
1571.405	0.00013933814049545918
1571.4099999999999	0.0001367115140795895
1571.415	0.00013599978515795136
1571.42	0.00013776961679608512
1571.425	0.00013953990699177508
1571.4299999999998	0.00013895297182239946
1571.435	0.00013699806683663022
1571.44	0.00013630029317339957
1571.4450000000002	0.00013669954895317743
1571.45	0.00013617479983278155
1571.455	0.00013519532012964578
1571.46	0.00013517778630633317
1571.465	0.00013694808668910185
1571.47	0.00013884086100465775
1571.4750000000001	0.00013997950168255334
1571.48	0.00014057472187000802
1571.485	0.00014011504255611345
1571.49	0.00013785513036355392
1571.495	0.00013676008676699036
1571.5	0.00013815636417766395
1571.505	0.00013598875025664457
1571.51	0.00013208603029540535
1571.5149999999999	0.00013100392366669343
1571.52	0.00013218244543562865
1571.5249999999999	0.00013498123813265498
1571.53	0.00013435921109952829
1571.535	0.0001302357619266066
1571.54	0.00012573465284051509
1571.5449999999998	0.00012013885759620525
1571.55	0.00011170940629193661
1571.5549999999998	0.00010208770334176718
1571.5600000000002	0.00009811261571655918
1571.565	0.0001039330620480977
1571.57	0.00011753384070945298
1571.575	0.0001299600528916109
1571.58	0.00013632037170742547
1571.5849999999998	0.0001385965208356821
1571.5900000000001	0.00013865113893713575
1571.595	0.00013842667347064764
1571.6	0.00013918300342276448
1571.605	0.00014001365434390195
1571.61	0.0001387944549385343
1571.615	0.00013545811654571677
1571.6200000000001	0.00013294581995153149
1571.625	0.00013113845096046736
1571.6299999999999	0.00012923243075794931
1571.635	0.00012649885729154665
1571.6399999999999	0.00012367982867743447
1571.645	0.00012223473186465442
1571.65	0.00012342474042239485
1571.655	0.0001246969128654196
1571.6599999999999	0.00011915018498017199
1571.665	0.00010427309122518342
1571.6699999999998	0.00009194608344068561
1571.6750000000002	0.0000971688690383136
1571.68	0.00011544490149517277
1571.685	0.00013082405456329817
1571.69	0.00013621211669643144
1571.695	0.00013782284735117562
1571.6999999999998	0.00013777408033933126
1571.7050000000002	0.00013580740827015607
1571.71	0.00013033224559450636
1571.715	0.0001241365762282997
1571.72	0.000123367362532001
1571.725	0.00012881810063485307
1571.7299999999998	0.000133384289465924
1571.7350000000001	0.00013100504895919942
1571.74	0.00012614107544702704
1571.745	0.0001264016993576157
1571.75	0.0001320001944689336
1571.7549999999999	0.00013680620606786056
1571.76	0.0001396943435085445
1571.765	0.0001400553709284634
1571.77	0.0001376534086828417
1571.7749999999999	0.00013555574944782637
1571.78	0.00013660782560582385
1571.7849999999999	0.0001391982208079643
1571.79	0.00014116199177486736
1571.795	0.00014122370234881645
1571.8	0.0001410756222792601
1571.805	0.00014187293877957865
1571.81	0.00014295121109455248
1571.8149999999998	0.00014318835715738595
1571.8200000000002	0.00014226091661319977
1571.825	0.00014066007905004605
1571.83	0.00014012536777765843
1571.835	0.00014020188249942402
1571.84	0.00013958676917134356
1571.8449999999998	0.000139239343363796
1571.8500000000001	0.0001383941716254788
1571.855	0.0001324197632390793
1571.86	0.0001265196593090819
1571.865	0.00012705737489871017
1571.87	0.00013383029878913253
1571.8749999999998	0.0001399188708655528
1571.88	0.00014234760326804215
1571.885	0.00014357408730870144
1571.8899999999999	0.00014366106993351396
1571.895	0.0001421138655313381
1571.8999999999999	0.0001378017527663824
1571.905	0.0001318969800722439
1571.91	0.00012786037456364023
1571.915	0.00012602525142932873
1571.92	0.00012544952740465825
1571.925	0.00012549971866705146
1571.9299999999998	0.00012604894718314192
1571.935	0.0001269314233097611
1571.94	0.00012785921353906409
1571.945	0.00012874588824152383
1571.95	0.000128977640965523
1571.955	0.000128685068167959
1571.9599999999998	0.00012804495791293532
1571.9650000000001	0.00012747169023191412
1571.97	0.00012744275301175147
1571.975	0.00012850316776825803
1571.98	0.00012993468237364504
1571.985	0.00013050256771838975
1571.9899999999998	0.0001282996986180628
1571.9950000000001	0.0001237301737850443
1572	0.00011885815977326658
1572.005	0.00011517748140634701
1572.01	0.00011289930614706036
1572.0149999999999	0.00011373048119776058
1572.02	0.00011879579206431986
1572.025	0.00012668747166328745
1572.03	0.0001326781735986377
1572.035	0.0001335355250289357
1572.04	0.0001329041694854893
1572.0449999999998	0.00013507360383680902
1572.05	0.00013779197357143946
1572.055	0.00013825148984344439
1572.06	0.00013886841844435428
1572.065	0.0001395390321934636
1572.07	0.00013835701446518226
1572.0749999999998	0.00013758788796272575
1572.08	0.00013625310406834132
1572.085	0.0001313510785627507
1572.09	0.00012469436333375938
1572.095	0.00012157256731177237
1572.1	0.00012441500431609355
1572.1049999999998	0.0001266670509815209
1572.11	0.00012068077894935434
1572.115	0.00011441997060060781
1572.1200000000001	0.00011773003506817486
1572.125	0.00012508468608634767
1572.1299999999999	0.00012209039173206816
1572.135	0.00011144996082403357
1572.14	0.00010711347966875071
1572.145	0.00011022977464589954
1572.15	0.0001174431673016931
1572.155	0.00012735065678026156
1572.1599999999999	0.00013382440118403762
1572.165	0.00013811301786688227
1572.17	0.00014011312448262387
1572.175	0.00014048120155380132
1572.18	0.00013804143940520476
1572.185	0.0001334891040185921
1572.1899999999998	0.0001305464142567635
1572.195	0.00012452578285051285
1572.2	0.00011922169530853048
1572.205	0.00012203614365548223
1572.21	0.00012814925930093368
1572.215	0.00013119847414418964
1572.22	0.00013187306357763279
1572.225	0.0001322220319901827
1572.23	0.00013302019907647072
1572.2350000000001	0.00013554240978339696
1572.24	0.0001375640162452274
1572.245	0.00013793793557765143
1572.25	0.00013641383035856185
1572.2549999999999	0.00013389582987113568
1572.26	0.00013197566325919764
1572.265	0.00013252457681939582
1572.27	0.000131599058265382
1572.2749999999999	0.00012439247488441353
1572.28	0.00011631256381877573
1572.285	0.00011180656608990044
1572.29	0.0001121967308355882
1572.295	0.0001145115880315966
1572.3	0.00011588231257130659
1572.3049999999998	0.00011692723748050682
1572.31	0.00011960907862796514
1572.315	0.00012351383009240503
1572.32	0.00012816237326693025
1572.325	0.00012757040716050247
1572.33	0.00012000136436990699
1572.335	0.00011116877699876813
1572.34	0.00010766733331087663
1572.345	0.00011115548914834848
1572.3500000000001	0.00011834008090377395
1572.355	0.00011734355830364502
1572.36	0.00011228452655598746
1572.365	0.00011756015074856977
1572.37	0.00012609501163635763
1572.375	0.0001250719896120066
1572.38	0.00012267768838291829
1572.385	0.00012560783519826148
1572.3899999999999	0.00013133401489843116
1572.395	0.00013347345423168327
1572.3999999999999	0.0001308682532798908
1572.405	0.00012724338931675784
1572.41	0.0001270393519911949
1572.415	0.00013071154261525957
1572.4199999999998	0.00013546770745078142
1572.425	0.00013774344028536425
1572.43	0.00013797968674869604
1572.435	0.00013833764801276943
1572.44	0.00013818712369702895
1572.445	0.0001358810967719892
1572.45	0.00013368236259689374
1572.455	0.00013401878830032908
1572.46	0.000134270852778477
1572.4650000000001	0.00013091992151765687
1572.47	0.00012404035631721617
1572.475	0.00011670718701730126
1572.48	0.00011169045411434064
1572.485	0.00010929677217176329
1572.49	0.00011146047680249632
1572.4950000000001	0.00011851950728037943
1572.5	0.00012732871659344532
1572.5049999999999	0.00013484312545991418
1572.51	0.0001383149287151958
1572.5149999999999	0.00013979970309544026
1572.52	0.0001397266413641866
1572.525	0.00013837175343288935
1572.53	0.00013815677791468198
1572.5349999999999	0.00013648215091417192
1572.54	0.00013227175621154395
1572.5449999999998	0.00012729559535263124
1572.55	0.00012660230016265557
1572.555	0.00013034782236234378
1572.56	0.00013350426013631313
1572.565	0.0001343917023547248
1572.57	0.00013346524805722522
1572.575	0.00013434296641457933
1572.5800000000002	0.0001354795285469956
1572.585	0.00013507596991907273
1572.59	0.00013094809444458557
1572.595	0.00012277620605160333
1572.6	0.00011350902277754885
1572.605	0.00010767641342179366
1572.6100000000001	0.00010877231363365784
1572.615	0.0001173784519530128
1572.62	0.00012587791241864047
1572.625	0.00013154122932220345
1572.6299999999999	0.00013323754421917303
1572.635	0.0001325430870731083
1572.64	0.0001318686949908767
1572.645	0.000132237246073546
1572.6499999999999	0.0001337841060994488
1572.655	0.00013492637754885392
1572.6599999999999	0.00013541114584012692
1572.665	0.00013441880384003457
1572.67	0.0001332715766471803
1572.675	0.00013329750579831786
1572.68	0.00013523304339446203
1572.685	0.00013682650729497726
1572.6899999999998	0.00013672409331365204
1572.6950000000002	0.0001353624129880203
1572.7	0.0001338147058513286
1572.705	0.00013136449019787713
1572.71	0.00012951726849006536
1572.715	0.00013073952704266244
1572.7199999999998	0.00013194230255556713
1572.7250000000001	0.00012697519637028788
1572.73	0.0001204451046766085
1572.735	0.0001208893570641945
1572.74	0.00012615240812299464
1572.745	0.00013029925549154562
1572.75	0.00013203932545474188
1572.755	0.00013112955864754935
1572.76	0.0001301079787123658
1572.7649999999999	0.00013099332346216567
1572.77	0.00013327652548959047
1572.7749999999999	0.00013516374720677163
1572.78	0.0001355114034576926
1572.785	0.0001347320084403156
1572.79	0.0001324640377114569
1572.795	0.00012882402184161132
1572.8	0.0001260951612810102
1572.8049999999998	0.00012539870184152016
1572.8100000000002	0.00012588528958454236
1572.815	0.00012616101930232093
1572.82	0.0001253597811417359
1572.825	0.00012412238855234102
1572.83	0.0001243391714635764
1572.8349999999998	0.00012576576447926113
1572.8400000000001	0.00012558213456619424
1572.845	0.00012299674988797786
1572.85	0.00012097184620463377
1572.855	0.00012045637987205437
1572.86	0.00011831623136723091
1572.8649999999998	0.00011702231466692676
1572.8700000000001	0.0001220775612433044
1572.875	0.00012771352072401206
1572.8799999999999	0.0001285217296664143
1572.885	0.0001278044820418034
1572.8899999999999	0.00012808680555399227
1572.895	0.00012866826087607283
1572.9	0.00012872046165622668
1572.905	0.00012987983488226175
1572.91	0.00013226602475626396
1572.915	0.00013438088217246892
1572.9199999999998	0.00013478606818324618
1572.925	0.00013300838320651364
1572.93	0.0001290457112840917
1572.935	0.00012399260801211634
1572.94	0.00012083069126195914
1572.945	0.00012224475378072225
1572.9499999999998	0.00012413667228737568
1572.9550000000002	0.00011973064758331227
1572.96	0.00011285440385624578
1572.965	0.00011055636664947074
1572.97	0.00011540644524063898
1572.975	0.00012118977711464928
1572.9799999999998	0.00011998172527843437
1572.9850000000001	0.00011496708433823534
1572.99	0.00011385618257382246
1572.995	0.00011854424671040658
1573	0.00012494800609885544
1573.0049999999999	0.0001281287517909763
1573.0099999999998	0.00012557170348797314
1573.015	0.00011892652180849175
1573.02	0.0001122100490337149
1573.025	0.00010984716185176648
1573.03	0.00011613892663914578
1573.0349999999999	0.0001257984357618907
1573.04	0.00012769198855037953
1573.045	0.00012479992846062718
1573.05	0.0001281782017731055
1573.055	0.00012958297205601453
1573.06	0.0001246762715497834
1573.0649999999998	0.0001217970167263174
1573.07	0.00012352456740606722
1573.075	0.00012734991713465407
1573.08	0.00012964795173054516
1573.085	0.00013044207563681697
1573.09	0.0001301934245144317
1573.0949999999998	0.00012952344638191213
1573.1000000000001	0.000129229640047068
1573.105	0.00012982167494803192
1573.11	0.00013142740672595894
1573.115	0.00013347403496784328
1573.12	0.0001341904385785506
1573.1249999999998	0.00013398480268049398
1573.13	0.00013385858619585641
1573.135	0.0001337691939075275
1573.14	0.0001328395070189596
1573.145	0.00013159868556488768
1573.1499999999999	0.00013054562153801634
1573.155	0.00013025062229099583
1573.16	0.00012926441018810527
1573.165	0.0001270782714827659
1573.17	0.00012449036852373385
1573.175	0.00012425829557324294
1573.1799999999998	0.00012697519521274485
1573.185	0.00013040226830404435
1573.19	0.00013177552115721777
1573.195	0.00013068909197744765
1573.2	0.0001290169876987654
1573.205	0.00012673383996200527
1573.2099999999998	0.0001238293186230663
1573.215	0.00012316937262765804
1573.22	0.00012392593461038612
1573.225	0.00012104654660419415
1573.23	0.00011614950271629644
1573.235	0.00011675354948032009
1573.24	0.00012265758585784995
1573.245	0.0001291832521422551
1573.25	0.00013357556313258853
1573.255	0.00013424102306072377
1573.26	0.00013283192904564315
1573.2649999999999	0.0001317791877050512
1573.27	0.00013212766389747799
1573.275	0.00013378282860588984
1573.28	0.000136065280218061
1573.285	0.00013805397941179362
1573.29	0.00013882505544825482
1573.2949999999998	0.00013837103650445891
1573.3	0.00013818894892817234
1573.305	0.00013735700961053107
1573.31	0.0001350806780740646
1573.315	0.00013351997322507986
1573.32	0.0001347214441057581
1573.3249999999998	0.0001365621645735906
1573.33	0.00013795321544937946
1573.335	0.00013779991269115442
1573.3400000000001	0.0001368281973474257
1573.345	0.000135562506931594
1573.35	0.00013452944478889155
1573.355	0.00013382512740996486
1573.36	0.00013293193461748316
1573.365	0.00013080439767702222
1573.3700000000001	0.000127528576699268
1573.375	0.00012438812103793327
1573.3799999999999	0.00012412023881515133
1573.385	0.00012630120532917694
1573.3899999999999	0.00012887241309033636
1573.395	0.0001287988562383371
1573.4	0.00012728379775102708
1573.405	0.00012732000749199918
1573.4099999999999	0.0001256386616430742
1573.415	0.00011873444219081269
1573.42	0.00011226150230689332
1573.425	0.00011339496360398565
1573.43	0.00012114565324279199
1573.435	0.0001255985255744218
1573.4399999999998	0.00012595272801351506
1573.445	0.00012805860272104767
1573.45	0.00013198761676246838
1573.4550000000002	0.00013428663933452275
1573.46	0.00013436678164639254
1573.465	0.0001330406417342093
1573.47	0.00013017552601739043
1573.475	0.0001276360180854923
1573.48	0.00012736441224351903
1573.4850000000001	0.00012633799542117343
1573.49	0.0001210334361807157
1573.495	0.0001136346457476974
1573.5	0.00011103325989352943
1573.5049999999999	0.00011591766369861964
1573.51	0.00012116851769472464
1573.515	0.00011644409913181937
1573.52	0.00010668855638506258
1573.5249999999999	0.00010136488360526788
1573.53	0.00009655063436254278
1573.5349999999999	0.00009381485570467513
1573.54	0.00009988660846483284
1573.545	0.00011334349451517202
1573.55	0.0001171258427601838
1573.5549999999998	0.0001159460772187367
1573.56	0.00012024979242030835
1573.565	0.0001260669569927317
1573.5700000000002	0.00012579519318431522
1573.575	0.00012210765879812523
1573.58	0.00011761996441284986
1573.585	0.0001075589951174247
1573.59	0.00009882351793995884
1573.595	0.0000981917134540281
1573.6000000000001	0.00010091663305384823
1573.605	0.00010058557216788795
1573.61	0.00009670852406407235
1573.615	0.0000938118721902952
1573.62	0.00009666038493193561
1573.625	0.00009877801707270812
1573.63	0.0000953473438609336
1573.635	0.00009146880222730942
1573.6399999999999	0.00009195337016108248
1573.645	0.00009961742554418637
1573.6499999999999	0.0001135000990554926
1573.655	0.00012186822921954812
1573.66	0.00012576449079369645
1573.665	0.00012744601612036568
1573.6699999999998	0.0001278097944750336
1573.675	0.00012600830320236967
1573.6799999999998	0.00012468955031357082
1573.6850000000002	0.00012577087773009578
1573.69	0.00012793001392797282
1573.695	0.00012866104519466924
1573.7	0.00012835709395653342
1573.705	0.00012847225816431376
1573.7099999999998	0.00012797214039532177
1573.7150000000001	0.0001251821427520965
1573.72	0.0001228599380228794
1573.725	0.0001247850298540417
1573.73	0.00013021291514949044
1573.735	0.00013426265363977445
1573.74	0.00013523242187385933
1573.7450000000001	0.00013310881002300353
1573.75	0.00012840551859587363
1573.7549999999999	0.0001214237894862743
1573.76	0.00011514000151572957
1573.7649999999999	0.00011626571342456507
1573.77	0.00012380522452052432
1573.775	0.000124382086055427
1573.78	0.00011942522927343489
1573.7849999999999	0.00011771192021012979
1573.79	0.00012096191668180498
1573.7949999999998	0.00012441123128600695
1573.8000000000002	0.00012435626833185373
1573.805	0.00012360708193834722
1573.81	0.00012494869280101602
1573.815	0.00012458768021488475
1573.82	0.00012010694147472395
1573.8249999999998	0.00011561294884272896
1573.8300000000002	0.0001140009180102178
1573.835	0.00011271728320784167
1573.84	0.00011010805615035261
1573.845	0.00010921775756403987
1573.85	0.0001117832033697898
1573.8549999999998	0.00011614055948655737
1573.8600000000001	0.00011935001613997406
1573.865	0.00012052318962119217
1573.87	0.0001218633751248544
1573.875	0.00012366417238477638
1573.8799999999999	0.0001229341804211808
1573.885	0.0001193230133805659
1573.89	0.00011949930805914291
1573.895	0.0001232133058527903
1573.8999999999999	0.00011818303491848048
1573.905	0.00011306615464032861
1573.9099999999999	0.0001175067407496634
1573.915	0.00012242500813250206
1573.92	0.00011940346386050751
1573.925	0.00011547903942386737
1573.93	0.0001158068232003187
1573.935	0.00012033151842548108
1573.9399999999998	0.00012545486976694143
1573.9450000000002	0.00012841783767745575
1573.95	0.00012962005168086648
1573.955	0.00012977787389615046
1573.96	0.00012962683307810418
1573.965	0.00012914961404289661
1573.9699999999998	0.0001274518749222643
1573.9750000000001	0.00012405833520122268
1573.98	0.00012052870362700441
1573.985	0.00012045453682640089
1573.99	0.00012497871271679886
1573.995	0.00012681566247619932
1573.9999999999998	0.0001223540244489824
1574.005	0.00011778343619108952
1574.01	0.00011857805160650439
1574.0149999999999	0.00012258283087489003
1574.02	0.0001272334445200855
1574.0249999999999	0.00012904914790186692
1574.03	0.0001279209602106211
1574.035	0.00012516942559460565
1574.04	0.00012117986689116782
1574.045	0.00011631863555700079
1574.05	0.00011185335556249469
1574.0549999999998	0.00011170159059297078
1574.06	0.0001168024896939693
1574.065	0.00012121179065024398
1574.07	0.0001239157749539665
1574.075	0.00012628132841264536
1574.08	0.00012751028913827127
1574.0849999999998	0.00012753159419452543
1574.0900000000001	0.00012566759017232094
1574.095	0.00012131472184213081
1574.1	0.00011617989063366201
1574.105	0.00011655815602600304
1574.11	0.00012294593054073912
1574.1149999999998	0.0001291989002381014
1574.1200000000001	0.00013301342170681494
1574.125	0.00013467309559075716
1574.1299999999999	0.0001353021695324518
1574.135	0.00013489457416500215
1574.1399999999999	0.00013273653569776677
1574.145	0.00013146969830763925
1574.15	0.0001322708815979058
1574.155	0.0001311925780308538
1574.16	0.00012685706638038222
1574.165	0.00012453163586818188
1574.1699999999998	0.00012641704815019472
1574.175	0.00013051816540140523
1574.18	0.00013447940428486458
1574.185	0.00013582431755212578
1574.19	0.0001357180171828975
1574.195	0.00013506244684950968
1574.1999999999998	0.00013402736821105233
1574.205	0.00013232816621333321
1574.21	0.00013116780828987973
1574.215	0.00012999382849542766
1574.22	0.00011980574591771638
1574.225	0.00010557992593479524
1574.2299999999998	0.00010638474590563942
1574.2350000000001	0.00011856478131143188
1574.24	0.00012551603657987866
1574.245	0.00012754766798150132
1574.25	0.00012921521952105893
1574.2549999999999	0.00012830718505526438
1574.26	0.0001268397389609002
1574.265	0.00012748429605984353
1574.27	0.00012928734249469622
1574.275	0.00013061826932913065
1574.28	0.0001304116590984865
1574.2849999999999	0.00012961019982255184
1574.29	0.00012726249844744857
1574.295	0.00012389385467963262
1574.3	0.00012118550665926051
1574.305	0.00012049501029985505
1574.31	0.0001221402204897248
1574.3149999999998	0.00012496318323669084
1574.32	0.00012577731092258224
1574.325	0.00012311171805525918
1574.33	0.00012014416998553416
1574.335	0.00011888806830395283
1574.34	0.0001197074107362166
1574.3449999999998	0.0001210693011574819
1574.35	0.00012159169184636787
1574.355	0.00012100638408396789
1574.3600000000001	0.00012017313568400162
1574.365	0.00012044560048175734
1574.37	0.00012173772004205527
1574.375	0.00012219279045050174
1574.3799999999999	0.00011928562963184552
1574.385	0.00011410480059053339
1574.39	0.00011054526247598757
1574.395	0.00011178856343347079
1574.3999999999999	0.00011826133927892268
1574.405	0.00012494721515407162
1574.41	0.0001279738718455033
1574.415	0.00012792874882914133
1574.42	0.0001252230706445923
1574.425	0.00012293345969305452
1574.4299999999998	0.00012467453344512045
1574.435	0.00012656836934032197
1574.44	0.00012760274730349896
1574.445	0.00012914486277144203
1574.45	0.0001308871806805342
1574.455	0.00012893065829287602
1574.46	0.00012300607427291453
1574.465	0.00011362839260619417
1574.47	0.00010693521137395956
1574.4750000000001	0.00010580950530827102
1574.48	0.00011164929797595968
1574.485	0.00012161548513574583
1574.49	0.00012862364455864056
1574.495	0.00013160718588692947
1574.5	0.00013158212925717868
1574.505	0.00012892500386238638
1574.51	0.00012428084376521405
1574.5149999999999	0.0001197681955813315
1574.52	0.00011706132675514949
1574.5249999999999	0.00011487115443926901
1574.53	0.00011315399876600904
1574.535	0.00011578536131858794
1574.54	0.0001227666509538227
1574.5449999999998	0.00012626081795842826
1574.55	0.00012526044845167546
1574.555	0.000126556666967887
1574.56	0.00013128403151043097
1574.565	0.00013218938047419114
1574.57	0.00012767363921287555
1574.575	0.0001181722958753873
1574.58	0.00011141936964080475
1574.585	0.00011591058138455121
1574.5900000000001	0.00012506930644174013
1574.595	0.00012899973775289196
1574.6	0.00012879171049005352
1574.605	0.00013013050317353702
1574.61	0.00013245609607331056
1574.615	0.00013396586766380611
1574.6200000000001	0.00013454692850083647
1574.625	0.00013409102955544097
1574.6299999999999	0.00013319708870404088
1574.635	0.00013276798810422924
1574.6399999999999	0.00013318813567247682
1574.645	0.0001339777856946764
1574.65	0.0001344158227227871
1574.655	0.0001341625466382393
1574.6599999999999	0.00013351101552255444
1574.665	0.00012986295250218464
1574.6699999999998	0.00012258092475420765
1574.675	0.00011523492270305052
1574.68	0.00011402679339426199
1574.685	0.00011978855199894667
1574.69	0.0001258484839341767
1574.695	0.00012641308488572394
1574.7	0.0001248861680884299
1574.7050000000002	0.00012724911076988316
1574.71	0.00013202421551508308
1574.715	0.00013429215338432347
1574.72	0.00013328304818312076
1574.725	0.00013306708248405933
1574.73	0.00013425118337101447
1574.7350000000001	0.0001341529683098938
1574.74	0.00013176384993186636
1574.745	0.00013017760290615668
1574.75	0.00012986103752770503
1574.7549999999999	0.0001288984059354885
1574.76	0.0001281202892990582
1574.765	0.00012661599588524903
1574.77	0.0001223695845358897
1574.7749999999999	0.00011656250018160035
1574.78	0.00011173518486582726
1574.7849999999999	0.00011058449431039745
1574.79	0.00011401419630591294
1574.795	0.00011924961092663108
1574.8	0.00012370643031917123
1574.805	0.00012655206287820773
1574.81	0.00012685004525460304
1574.8149999999998	0.00012697009202015968
1574.8200000000002	0.00012787872488349145
1574.825	0.00012970813018756247
1574.83	0.0001308734582465338
1574.835	0.00012982306731514653
1574.84	0.0001269029693395457
1574.8449999999998	0.0001250698136070132
1574.8500000000001	0.0001250542885924309
1574.855	0.00012480684397744583
1574.86	0.00012302967758381951
1574.865	0.00012094427793773057
1574.87	0.00012082413282506106
1574.875	0.00012339751470505237
1574.88	0.00012808598676292216
1574.885	0.00013120376493360738
1574.8899999999999	0.00013003250910789482
1574.895	0.0001267861999983106
1574.8999999999999	0.00012601472388260127
1574.905	0.00012908490750793985
1574.91	0.00013170929731707892
1574.915	0.00013234934593701604
1574.92	0.00013457680225005165
1574.925	0.00013460482097899304
1574.9299999999998	0.00012574155831513188
1574.9350000000002	0.00012168667660595983
1574.94	0.00012910243921734083
1574.945	0.00013814529819608395
1574.95	0.0001419483549160311
1574.955	0.00014306933724369741
1574.9599999999998	0.0001429922805067806
1574.9650000000001	0.00014120192361662527
1574.97	0.00013706651190547597
1574.975	0.00013126583958611912
1574.98	0.00012658649347739264
1574.985	0.00012755749511052304
1574.9899999999998	0.0001340910130985041
1574.9950000000001	0.00014065324542040624
1575	0.00014373168002968526
1575.0049999999999	0.00014278149083241234
1575.01	0.0001372305689669278
1575.0149999999999	0.00012884015026345743
1575.02	0.0001234927848034834
1575.025	0.00012478470078043416
1575.03	0.0001310966190078742
1575.035	0.00013612923720168153
1575.04	0.0001353728183085346
1575.0449999999998	0.0001317942766733864
1575.05	0.00012943442937181956
1575.055	0.00012848286872318637
1575.06	0.0001261170113368428
1575.065	0.0001223732385283463
1575.07	0.00012282271280545097
1575.0749999999998	0.00012923012537679633
1575.0800000000002	0.00013343755403871148
1575.085	0.0001283447300951732
1575.09	0.00012628623774814474
1575.095	0.0001295550551889928
1575.1	0.00013162129403364843
1575.1049999999998	0.00013207232592592466
1575.1100000000001	0.00013340446724509293
1575.115	0.0001341175121986789
1575.12	0.00013158201097921202
1575.125	0.0001257084378296273
1575.1299999999999	0.00012056176350715766
1575.1349999999998	0.00012014056912195223
1575.14	0.00012492887380716278
1575.145	0.00013199919962999235
1575.15	0.00013507110952596323
1575.155	0.00013564649266439773
1575.1599999999999	0.00013537432775777853
1575.165	0.0001351852757010128
1575.17	0.0001353534720631359
1575.175	0.0001361312459438211
1575.18	0.00013686731706764977
1575.185	0.0001366811038064325
1575.1899999999998	0.00013520693461683848
1575.195	0.00013254483528240505
1575.2	0.00012954437779914306
1575.205	0.00012741805189800477
1575.21	0.00012734240947009513
1575.215	0.00013016797266384556
1575.2199999999998	0.0001348784699717791
1575.2250000000001	0.00013647806571442464
1575.23	0.0001338795883257978
1575.235	0.00013206643607388752
1575.24	0.00013493673764357358
1575.245	0.00013585721480682082
1575.2499999999998	0.00012807232782657805
1575.255	0.00012153187876587283
1575.26	0.00012160094906899325
1575.265	0.00012830301479906884
1575.27	0.00013401243130665272
1575.2749999999999	0.0001314628255289879
1575.28	0.00012352119646630644
1575.285	0.00011987588725461579
1575.29	0.00012508558578831595
1575.295	0.00013405276100462364
1575.3	0.00013930797330099712
1575.3049999999998	0.00013970870293897894
1575.31	0.00013968305307832053
1575.315	0.00014025834377823853
1575.32	0.00014134803125369005
1575.325	0.00014113964730900466
1575.33	0.00013839924355779932
1575.3349999999998	0.0001342325195206239
1575.34	0.00013230589612345969
1575.345	0.000131510086748576
1575.35	0.0001309732967444802
1575.355	0.00013219215272731487
1575.36	0.00013378897122075386
1575.3649999999998	0.00013248767735663439
1575.37	0.00012671549100845068
1575.375	0.00012117986944468159
1575.38	0.00012070096851307809
1575.385	0.0001203022223965482
1575.3899999999999	0.00011402328180937574
1575.395	0.00010814901450331455
1575.4	0.00011008765042233778
1575.405	0.0001181072472078131
1575.41	0.00011742378339002596
1575.415	0.00010719984049833196
1575.4199999999998	0.00010449625859857639
1575.425	0.0001185481085444405
1575.43	0.0001304201661593035
1575.435	0.00013185999271009882
1575.44	0.00013192809708479999
1575.445	0.00012657334968454618
1575.4499999999998	0.0001261944894595775
1575.455	0.0001353639947701101
1575.46	0.00014154808696007238
1575.465	0.00014379929023988037
1575.47	0.00014566040322041218
1575.475	0.00014458356041891575
1575.48	0.00014446322727376014
1575.485	0.00014310539171556616
1575.49	0.0001389616558391077
1575.4950000000001	0.00013671044989992624
1575.5	0.00013836250538736615
1575.5049999999999	0.00014245167592002978
1575.51	0.000145556548417709
1575.5149999999999	0.00014623522355274314
1575.52	0.00014586954099639405
1575.525	0.00014617483337469144
1575.53	0.0001472070805943642
1575.5349999999999	0.0001465129676461072
1575.54	0.00014349499348015194
1575.545	0.00014140387345286308
1575.55	0.00014258816375102936
1575.555	0.00014626620184415664
1575.56	0.0001490673569883604
1575.5649999999998	0.00014985389684416125
1575.57	0.0001494424297558475
1575.575	0.00014763554156013
1575.5800000000002	0.0001445835327549145
1575.585	0.00014414875402453877
1575.59	0.00014817719451248182
1575.595	0.00015131203033121184
1575.6	0.00015143002422246112
1575.605	0.00014794565590268304
1575.6100000000001	0.0001426616010760981
1575.615	0.00013947185877564072
1575.62	0.00013917266514852365
1575.625	0.00014108204641950442
1575.6299999999999	0.00014340564299648018
1575.635	0.00014342443807112447
1575.64	0.00014049773709699033
1575.645	0.00013789166172947632
1575.6499999999999	0.00013881743919161126
1575.655	0.00014152508762566303
1575.6599999999999	0.00014423482615610547
1575.665	0.00014544861931753276
1575.67	0.00014376054464675025
1575.675	0.00013693676354514442
1575.6799999999998	0.0001235539439528164
1575.685	0.00010987813917059972
1575.69	0.00009896974253226086
1575.6950000000002	0.00009486818312987261
1575.7	0.00010042564592407673
1575.705	0.000114395425568547
1575.71	0.00012964707285894288
1575.715	0.0001388945088219406
1575.72	0.00014162261990480405
1575.7250000000001	0.00014322896589179728
1575.73	0.00014385820014544773
1575.735	0.00014333587739044076
1575.74	0.00014269590185038932
1575.745	0.00014348951869199163
1575.75	0.00014373707608855932
1575.755	0.0001407751991008205
1575.76	0.00013510199654981746
1575.7649999999999	0.0001331840808085994
1575.77	0.00013822066325602455
1575.7749999999999	0.00014367330610937814
1575.78	0.00014302800745750595
1575.785	0.00014296812704376222
1575.79	0.0001480739934611522
1575.7949999999998	0.00015170179540291429
1575.8	0.00015174596472722343
1575.8049999999998	0.00015232159035832597
1575.8100000000002	0.00015277241943420186
1575.815	0.00015085222326030582
1575.82	0.00014917958180066864
1575.825	0.00015119830185940196
1575.83	0.00015383225048683037
1575.8349999999998	0.00015199455115182624
1575.8400000000001	0.00014839830526829038
1575.845	0.00014653611828837026
1575.85	0.00014420913555462863
1575.855	0.00014036516903561603
1575.86	0.00013882752739951073
1575.865	0.00014184476388199948
1575.8700000000001	0.00014604846305804034
1575.875	0.00014652619276773844
1575.8799999999999	0.00014378999760928572
1575.885	0.00014099485410339958
1575.8899999999999	0.00013968606315846216
1575.895	0.00014031003034837793
1575.9	0.00014352550834550009
1575.905	0.00014709927676536582
1575.9099999999999	0.00014901173904683526
1575.915	0.00014877343433998652
1575.9199999999998	0.0001469420767956876
1575.9250000000002	0.00014177548673352866
1575.93	0.00013237812981861777
1575.935	0.00012725902764935645
1575.94	0.00013499301266553388
1575.945	0.0001446997878289999
1575.9499999999998	0.00014736477306204838
1575.9550000000002	0.00014528850372855158
1575.96	0.00014357786561038958
1575.965	0.0001449480038709027
1575.97	0.00014478454728404178
1575.975	0.00013669382065018812
1575.9799999999998	0.0001244608552326375
1575.9850000000001	0.0001204936092003158
1575.99	0.0001269275275860475
1575.995	0.00013795351202339605
1576	0.00014565870451673283
1576.0049999999999	0.00014695812709904953
1576.01	0.0001453606184079989
1576.015	0.0001464275112756984
1576.02	0.00015070479766190187
1576.0249999999999	0.00015410341593182647
1576.03	0.00015439598880199294
1576.0349999999999	0.00015206957985343348
1576.04	0.0001496814702112065
1576.045	0.000149321333776259
1576.05	0.0001503340461343918
1576.055	0.00015007123036849137
1576.06	0.00014655872935394185
1576.0649999999998	0.00014130636735617752
1576.0700000000002	0.0001386467871649761
1576.075	0.0001405453181453502
1576.08	0.00014526781350596065
1576.085	0.00014926862241751313
1576.09	0.00014897363184078108
1576.0949999999998	0.00014368877392383598
1576.1000000000001	0.00013119910959303284
1576.105	0.00011674670373234876
1576.11	0.00011539187675946198
1576.115	0.00012222337433800235
1576.12	0.00012251521681254864
1576.1249999999998	0.00011828522304454907
1576.13	0.00012120387315428554
1576.135	0.0001288778072680897
1576.1399999999999	0.00013645326491769106
1576.145	0.0001420795480053441
1576.1499999999999	0.00014613361964505264
1576.155	0.0001447184747514004
1576.16	0.0001418473467073644
1576.165	0.00013854111910048344
1576.17	0.00013338849393858734
1576.175	0.00013105811009896736
1576.1799999999998	0.00013442908935223317
1576.185	0.000140325895559936
1576.19	0.00014428202218253218
1576.195	0.0001457155318568578
1576.2	0.0001457123405269616
1576.205	0.00014410450710398452
1576.2099999999998	0.00014027043365331056
1576.2150000000001	0.00013523106229960976
1576.22	0.00012965606482758508
1576.225	0.00012698645645156767
1576.23	0.00012791042340712364
1576.235	0.00013189323882704671
1576.2399999999998	0.0001395720432632714
1576.2450000000001	0.00014599003350936038
1576.25	0.00014800010452377111
1576.2549999999999	0.0001474674501438997
1576.26	0.00014825591723067213
1576.2649999999999	0.00014947313324805128
1576.27	0.0001468379462997752
1576.275	0.00014210345543402145
1576.28	0.00013903436957279038
1576.285	0.00013796732678490254
1576.29	0.00013947705839251786
1576.2949999999998	0.0001409580066156414
1576.3	0.00013917115915715393
1576.305	0.00013816231480440758
1576.31	0.00014338306943855
1576.315	0.00015106090803328735
1576.32	0.00015460088064300268
1576.3249999999998	0.00015398100736607127
1576.33	0.00015204283374590735
1576.335	0.00015093428563438344
1576.34	0.00015031170591204874
1576.345	0.00014757434467595353
1576.35	0.0001405528074561795
1576.3549999999998	0.00013662791080492782
1576.3600000000001	0.00013897846796703562
1576.365	0.00014382042440135153
1576.37	0.0001472434269072236
1576.375	0.00014753598712467745
1576.3799999999999	0.000144328784079624
1576.385	0.00013724613314946538
1576.39	0.00012785608760134423
1576.395	0.00012156104091445218
1576.4	0.0001232819225348769
1576.405	0.0001316036089450493
1576.4099999999999	0.00014008229939929453
1576.415	0.00014455131160320697
1576.42	0.00014796275682790895
1576.425	0.00015143359934751132
1576.43	0.0001531297723193984
1576.435	0.00015172666434419248
1576.4399999999998	0.00015006098911625386
1576.445	0.00015052014799800989
1576.45	0.0001504591957606342
1576.455	0.00014867088378771453
1576.46	0.00014938145365178134
1576.465	0.0001527332325940581
1576.4699999999998	0.00015468247231418929
1576.475	0.000154639264259029
1576.48	0.00014934253640141743
1576.485	0.00013450224884939055
1576.49	0.00012057554614369131
1576.495	0.000118365988826719
1576.5	0.00012650393385060495
1576.5049999999999	0.00013836004085740478
1576.51	0.0001474252699789116
1576.515	0.00015302516037365998
1576.52	0.0001553778919246544
1576.5249999999999	0.00015464386471731586
1576.53	0.00015188900933030486
1576.535	0.0001497306307113742
1576.54	0.00015085254520553917
1576.545	0.000153261644566757
1576.55	0.00015138927913124734
1576.5549999999998	0.00014375022103077522
1576.56	0.00013731456469656529
1576.565	0.00013561300668836048
1576.57	0.00013751654534687233
1576.575	0.00014008940740170184
1576.58	0.00014271405194489316
1576.5849999999998	0.00014592151515231355
1576.59	0.00015065765690492778
1576.595	0.00015504515547529497
1576.6000000000001	0.00015770713925029154
1576.605	0.00015707978230663654
1576.61	0.00015193465055023187
1576.615	0.00014643387791362796
1576.62	0.0001423877284292154
1576.625	0.00013001960769677576
1576.63	0.00012139197069958652
1576.635	0.00012977003470877996
1576.6399999999999	0.00014366377569400318
1576.645	0.00014739786912800157
1576.6499999999999	0.00014525072752241783
1576.655	0.00014568583183170833
1576.66	0.00014801872374338093
1576.665	0.00014845421451812986
1576.6699999999998	0.00014620019075227495
1576.675	0.00014318387966053123
1576.68	0.0001398122794061008
1576.685	0.00013185929857683536
1576.69	0.00011669356058745028
1576.695	0.00010288033695429632
1576.7	0.00010034271705896545
1576.705	0.00010786855930145708
1576.71	0.00011854295621485306
1576.7150000000001	0.00012812653933038737
1576.72	0.0001353617981131715
1576.725	0.00014130061157534702
1576.73	0.00014538174455176143
1576.735	0.00014685129702955124
1576.74	0.0001474862520345487
1576.7450000000001	0.00014843756338434679
1576.75	0.00015035523739423724
1576.7549999999999	0.00015228193560500679
1576.76	0.00015295185956774084
1576.7649999999999	0.0001529837201078202
1576.77	0.00015354294415116903
1576.775	0.0001546626173664704
1576.78	0.0001549497925571555
1576.7849999999999	0.0001557769412396241
1576.79	0.00015803093570790114
1576.7949999999998	0.00015889743114793622
1576.8	0.0001575124627102776
1576.805	0.00015212682055346517
1576.81	0.00014396824082762142
1576.815	0.00014112511370620843
1576.82	0.00014459668822648604
1576.825	0.00014630563652152833
1576.8300000000002	0.00014038863501200053
1576.835	0.00013496709784406079
1576.84	0.00013790782078079212
1576.845	0.0001424187644858247
1576.85	0.00013644157646413977
1576.855	0.0001235014287191433
1576.8600000000001	0.00011771706093186091
1576.865	0.0001221482379418768
1576.87	0.0001322380575211669
1576.875	0.00014269921804007152
1576.8799999999999	0.00014681296548795276
1576.885	0.00014591043154007274
1576.89	0.0001437756943789491
1576.895	0.00014350465835248435
1576.8999999999999	0.00014431062028478087
1576.905	0.00014459106581441112
1576.9099999999999	0.00014269429961323186
1576.915	0.00013898310134022665
1576.92	0.0001357752250055911
1576.925	0.00013624683897690525
1576.93	0.0001400911969696466
1576.935	0.0001419202277628975
1576.9399999999998	0.0001373498976171695
1576.9450000000002	0.00013544691179044095
1576.95	0.00014029752193000055
1576.955	0.00014761517577629416
1576.96	0.00015211666993628791
1576.965	0.0001540137488649503
1576.9699999999998	0.00015334517545071766
1576.9750000000001	0.00015177330375768896
1576.98	0.00014971933331414084
1576.985	0.0001453014700104081
1576.99	0.00014084926874667164
1576.995	0.00014074199136129072
1577	0.0001448962201073352
1577.005	0.00014992745912420348
1577.01	0.00015205666362213524
1577.0149999999999	0.0001510104729593362
1577.02	0.0001490651462792458
1577.0249999999999	0.00014904995967245373
1577.03	0.00015035275903987016
1577.035	0.0001487935863943565
1577.04	0.0001414470283239965
1577.045	0.00013262627176042666
1577.05	0.0001291513735628059
1577.0549999999998	0.00013305999844334513
1577.0600000000002	0.00014195943808035407
1577.065	0.00015123156901784891
1577.07	0.00015359804601786429
1577.075	0.00015346464926138025
1577.08	0.00015419053936532124
1577.0849999999998	0.00015526769286357015
1577.0900000000001	0.00015317829046095728
1577.095	0.00014802319582874314
1577.1	0.0001430751943752647
1577.105	0.00014087513837825332
1577.11	0.00014029083993525286
1577.1149999999998	0.0001396726777222112
1577.1200000000001	0.0001402455608649812
1577.125	0.00014386730859801574
1577.1299999999999	0.00014591696594333343
1577.135	0.00014184452610207365
1577.1399999999999	0.00013821833420027586
1577.145	0.00014127129791313714
1577.15	0.0001404224216959576
1577.155	0.00013195971728172294
1577.16	0.0001264030726358029
1577.165	0.00013143530323585394
1577.1699999999998	0.00014265092210632004
1577.175	0.00014701750411521498
1577.18	0.00014163694868772673
1577.185	0.0001379528673606084
1577.19	0.00013929889416888764
1577.195	0.00014396020474020021
1577.1999999999998	0.00014785750475019327
1577.2050000000002	0.00014768829152796327
1577.21	0.0001429017675136766
1577.215	0.0001373393729150524
1577.22	0.00013600705940362533
1577.225	0.0001406425502420974
1577.2299999999998	0.00014828876388775953
1577.2350000000001	0.00015399723823272877
1577.24	0.00015370647367822797
1577.245	0.00015133022209129477
1577.25	0.00014944828844292343
1577.2549999999999	0.0001488810960969586
1577.2599999999998	0.00014935127146272493
1577.265	0.0001503134495226283
1577.27	0.00015126166980541355
1577.275	0.0001525094492503084
1577.28	0.00015473653619579376
1577.2849999999999	0.0001574961170662706
1577.29	0.00015867337725009305
1577.295	0.00015834888275893254
1577.3	0.00015651920739695685
1577.305	0.00015281177706184788
1577.31	0.0001463506664925133
1577.3149999999998	0.00014093099615194066
1577.32	0.00014005684007176465
1577.325	0.00014252630006209805
1577.33	0.0001457033961957156
1577.335	0.00014547992035471126
1577.34	0.00013864761527635202
1577.3449999999998	0.00013248101750009813
1577.3500000000001	0.00012974614461373952
1577.355	0.00013051524411837102
1577.36	0.00013353526674454713
1577.365	0.00013737944726367233
1577.37	0.00014240571973660792
1577.3749999999998	0.00014934600435335415
1577.38	0.000154263345004286
1577.385	0.00015590692036829824
1577.39	0.00015522322170597244
1577.395	0.00015319862495996315
1577.3999999999999	0.0001518662898363577
1577.405	0.00015126768448590764
1577.41	0.00014767903334779022
1577.415	0.0001407926008211047
1577.42	0.00013278821995005728
1577.425	0.0001282037836716909
1577.4299999999998	0.00013007771873309093
1577.435	0.00013627926768472958
1577.44	0.00014160789421387073
1577.445	0.00014300760713511257
1577.45	0.00014149858334317863
1577.455	0.0001405579813760915
1577.4599999999998	0.0001367013617414802
1577.465	0.0001261974657990001
1577.47	0.0001242837282729332
1577.475	0.00013124276095222934
1577.48	0.0001352383866733213
1577.485	0.00013145063698712317
1577.4899999999998	0.0001246299515662647
1577.4950000000001	0.00012034249437774863
1577.5	0.00012043255915468807
1577.505	0.0001226340527981966
1577.51	0.00012481921602705855
1577.5149999999999	0.0001277390918295688
1577.52	0.0001332218282499301
1577.525	0.00013807872518728755
1577.53	0.00013950182318281092
1577.535	0.0001373411399610003
1577.54	0.00013593474099096218
1577.5449999999998	0.00013742344330909846
1577.55	0.00013993385448848633
1577.555	0.0001420103086092035
1577.56	0.0001440255245632772
1577.565	0.00014414072350219786
1577.57	0.00013839774128664406
1577.5749999999998	0.00012657568418155467
1577.58	0.00011792846041732385
1577.585	0.00011291490148910627
1577.59	0.00011441524026509685
1577.595	0.00011987726125849871
1577.6	0.00012520726603227486
1577.6049999999998	0.0001307963126400462
1577.61	0.00013876325153664966
1577.615	0.0001476195744436368
1577.6200000000001	0.00015022763293746162
1577.625	0.00014878112463219487
1577.6299999999999	0.0001448050963249355
1577.635	0.00014009334153359892
1577.6399999999999	0.00014121210321022416
1577.645	0.00014246909937443467
1577.65	0.00013744631355130813
1577.655	0.00013038033546103694
1577.6599999999999	0.00012347316875531265
1577.665	0.00011456232912917969
1577.67	0.00011093777777122337
1577.675	0.00012109046498675457
1577.68	0.00013413602991965384
1577.685	0.00013888690093541415
1577.6899999999998	0.00013898108005281184
1577.695	0.00014064150303723982
1577.7	0.0001454938826835707
1577.705	0.00014841953924534513
1577.71	0.0001466875567525584
1577.715	0.00014685008841664173
1577.72	0.00014590478665793826
1577.725	0.0001378929492792061
1577.73	0.00012996496294641381
1577.7350000000001	0.00012799165327806526
1577.74	0.00013185018786724857
1577.745	0.00013935637115613036
1577.75	0.0001452616565816487
1577.7549999999999	0.00014610700248028388
1577.76	0.00014435658526983083
1577.765	0.00014306141430723047
1577.77	0.0001446798354903043
1577.7749999999999	0.00014759328870841778
1577.78	0.0001485292384067488
1577.7849999999999	0.00014643411588971577
1577.79	0.00014324505055986203
1577.795	0.00014244644738455587
1577.8	0.00014373175969122317
1577.8049999999998	0.00014263449791881853
1577.81	0.0001404147349458651
1577.815	0.00014166448333196723
1577.82	0.00014356139271600439
1577.825	0.0001404738205604987
1577.83	0.00013689692552370478
1577.835	0.00013809804557582132
1577.84	0.0001378613914271345
1577.845	0.00012900077335874634
1577.8500000000001	0.00011898646928982998
1577.855	0.00011712916323439328
1577.86	0.0001242272404354972
1577.865	0.0001350895450140861
1577.87	0.00014256329087720528
1577.875	0.00014678677339677022
1577.88	0.00014799207992841382
1577.885	0.00014726679079765637
1577.8899999999999	0.00014588337816732005
1577.895	0.00014514459977443698
1577.8999999999999	0.00014479466172804612
1577.905	0.00014352717583672136
1577.91	0.00014031727266286927
1577.915	0.0001367263733803153
1577.9199999999998	0.0001354100579471821
1577.925	0.00013737915577109744
1577.9299999999998	0.00014097518330275654
1577.9350000000002	0.00014274245586781017
1577.94	0.00013873956121448873
1577.945	0.00013080130849608198
1577.95	0.00012637707594880275
1577.955	0.00012966761504545457
1577.96	0.0001335439309726851
1577.9650000000001	0.00012972339382195044
1577.97	0.00012539128557641696
1577.975	0.00012965704633344436
1577.98	0.00013884683572681116
1577.985	0.0001463242091373462
1577.99	0.00014815320210005177
1577.9950000000001	0.00014783117147255186
1578	0.00014748060556276458
1578.0049999999999	0.00014720575007993428
1578.01	0.00014759823056822757
1578.0149999999999	0.0001493440055894663
1578.02	0.00015021943823511057
1578.025	0.0001490541156665686
1578.03	0.00014804069503600404
1578.0349999999999	0.0001469970823782767
1578.04	0.0001440326323249865
1578.0449999999998	0.00013954774457818422
1578.0500000000002	0.00013523680195028515
1578.055	0.00013278617097962214
1578.06	0.0001313835921571764
1578.065	0.00012376295283080373
1578.07	0.00011246162310103424
1578.0749999999998	0.00010720774600616505
1578.0800000000002	0.00011355126490197172
1578.085	0.00012534749558648772
1578.09	0.00012509827532926872
1578.095	0.00011637298451348972
1578.1	0.00011280255757973214
1578.1049999999998	0.00011766973625363693
1578.1100000000001	0.0001264865111638209
1578.115	0.0001308702980359096
1578.12	0.00013060461830512635
1578.125	0.00012786468190149073
1578.1299999999999	0.00012621534089425369
1578.135	0.0001288919806728738
1578.14	0.00013520747812560373
1578.145	0.00013967641061721203
1578.1499999999999	0.0001407017772576815
1578.155	0.00013912535035309065
1578.1599999999999	0.0001365793138023783
1578.165	0.00013496942772781045
1578.17	0.0001305074633640423
1578.175	0.00012653120375817823
1578.18	0.00012832185700686067
1578.185	0.0001291088719170786
1578.1899999999998	0.0001251383964458793
1578.1950000000002	0.0001220763734350269
1578.2	0.00012500726320640446
1578.205	0.00013181506121378537
1578.21	0.0001379321753074759
1578.215	0.0001410073613136507
1578.2199999999998	0.00013959585106622952
1578.2250000000001	0.00013288165302502973
1578.23	0.00012556674112569155
1578.235	0.00012264055433210244
1578.24	0.00012506113978228605
1578.245	0.00013072721555484619
1578.2499999999998	0.0001372370067075334
1578.255	0.00014177496415111856
1578.26	0.00014460492897757835
1578.2649999999999	0.00014670105796153269
1578.27	0.00014876015806886486
1578.2749999999999	0.00014986240877531127
1578.28	0.00014956069501580665
1578.285	0.00014811686943835806
1578.29	0.00014624948663522072
1578.295	0.00014338184843913003
1578.3	0.00013897198439979868
1578.3049999999998	0.0001357256591377544
1578.31	0.00013758123994649926
1578.315	0.00013906051210372294
1578.32	0.00013452316390180914
1578.325	0.00012383939709575305
1578.33	0.00010672596477233688
1578.3349999999998	0.00009836366749928064
1578.3400000000001	0.00010596084153589733
1578.345	0.00011879429895047535
1578.35	0.00012841556065590058
1578.355	0.00013279119479510978
1578.36	0.00013444859040702287
1578.3649999999998	0.00013565967225856804
1578.3700000000001	0.00013384247202498522
1578.375	0.00013132271975513593
1578.3799999999999	0.00013111954310826153
1578.385	0.0001325362020054828
1578.3899999999999	0.00013406794421025274
1578.395	0.00013495280009478814
1578.4	0.00013609347493979572
1578.405	0.00013718373578187367
1578.41	0.00013589815322669483
1578.415	0.00013085492616812005
1578.4199999999998	0.00012584545680191235
1578.425	0.00012378645303422542
1578.43	0.0001243078686565996
1578.435	0.00012517869523612633
1578.44	0.00012495824780734102
1578.445	0.00012530807478912772
1578.4499999999998	0.00012766353885941892
1578.455	0.00013022479206712447
1578.46	0.00012898993510440356
1578.465	0.00012471979440014706
1578.47	0.00012270298213860575
1578.475	0.000128128389885321
1578.4799999999998	0.00013577338458384242
1578.4850000000001	0.0001393273816957001
1578.49	0.00013997407113403335
1578.495	0.0001413695072831591
1578.5	0.00014340708892200156
1578.5049999999999	0.00014460536819968406
1578.51	0.0001443501158922351
1578.515	0.0001434417211478495
1578.52	0.0001412834328617352
1578.525	0.00013875468694720433
1578.53	0.00013762195514067867
1578.5349999999999	0.00013849565217358565
1578.54	0.00013880633430786982
1578.545	0.00013699005730569237
1578.55	0.00013523528496508112
1578.555	0.00013611235319104398
1578.56	0.0001373320828921084
1578.5649999999998	0.0001364470030948946
1578.57	0.0001353134243363036
1578.575	0.00013446647802032295
1578.58	0.00013153196294851235
1578.585	0.00012655942286432355
1578.59	0.00012262274786092907
1578.5949999999998	0.000122667780126578
1578.6	0.00012550986293055578
1578.605	0.00012602039270498167
1578.61	0.0001217279229579779
1578.615	0.0001171303738528767
1578.62	0.00011703605919216757
1578.625	0.00012198169009622445
1578.6299999999999	0.00012939861920607457
1578.635	0.00013331166961151356
1578.64	0.00013267400385996996
1578.645	0.00013130564419311684
1578.6499999999999	0.00013280249444162591
1578.655	0.00013028728493637447
1578.66	0.00012112155583136548
1578.665	0.00011854230342919867
1578.67	0.00012614766030777697
1578.675	0.00012745240515092438
1578.6799999999998	0.00012329148342667682
1578.685	0.00012585843129590295
1578.69	0.0001305272509140071
1578.695	0.00013042844393049786
1578.7	0.0001302366986515389
1578.705	0.00012892975112760248
1578.7099999999998	0.00012379432107513852
1578.715	0.00011747019207563007
1578.72	0.0001176190617881822
1578.725	0.00012472518128654397
1578.73	0.00012728793439510246
1578.735	0.00012650913773962596
1578.74	0.00012669807594951253
1578.745	0.00012798064893255836
1578.75	0.0001277290473988492
1578.755	0.0001256387511177677
1578.76	0.00012572566179499186
1578.7649999999999	0.00012852587053285782
1578.77	0.00012739122691962488
1578.7749999999999	0.00012401886413883304
1578.78	0.00012384913862296807
1578.785	0.00012686196805309906
1578.79	0.00012925859000558948
1578.7949999999998	0.0001292451250241534
1578.8	0.00012566967410764004
1578.805	0.00011921245994957816
1578.81	0.00011355305061178919
1578.815	0.00011318026158095295
1578.82	0.00011545688030303674
1578.8249999999998	0.00011361262668333822
1578.83	0.00010907486920153702
1578.835	0.00011014488536441894
1578.8400000000001	0.000117445719777051
1578.845	0.0001228455442828807
1578.85	0.00012284174295416124
1578.855	0.00012405941024924385
1578.86	0.00012743558124585179
1578.865	0.0001286510164703102
1578.8700000000001	0.00012810020879282846
1578.875	0.00012578694431905038
1578.8799999999999	0.00012164177727151268
1578.885	0.00011932794295969955
1578.8899999999999	0.0001200764336931327
1578.895	0.00012205201511261369
1578.9	0.0001221259233651296
1578.905	0.00011839330604970735
1578.9099999999999	0.00011219953058697066
1578.915	0.00010753694855348791
1578.9199999999998	0.00010740684685548872
1578.925	0.00011264342931437756
1578.93	0.00011868086019968962
1578.935	0.00011847600094203991
1578.9399999999998	0.00011497247086744483
1578.945	0.00011660388459940834
1578.95	0.00012087649693251369
1578.9550000000002	0.00012021045826988789
1578.96	0.00011562531289372644
1578.965	0.00011421378535933715
1578.97	0.00011590688295950739
1578.975	0.00011734739110822717
1578.98	0.00011745070990835115
1578.9850000000001	0.00011855932800294898
1578.99	0.0001223624261704873
1578.995	0.00012704005796861705
1579	0.00013044249851755296
1579.0049999999999	0.00013183340942137154
1579.01	0.00012976310166756637
1579.015	0.0001267726998204178
1579.02	0.00012749470364048688
1579.0249999999999	0.0001303202443827786
1579.03	0.00013199480531103723
1579.0349999999999	0.0001319912392534687
1579.04	0.0001314768833679605
1579.045	0.00013104897355164277
1579.05	0.00013074004534200943
1579.055	0.00013109174843416104
1579.06	0.00013080071168008168
1579.0649999999998	0.00012989544018240866
1579.0700000000002	0.000128395396373068
1579.075	0.00012654610936846823
1579.08	0.00012491093905153463
1579.085	0.00012515336409352985
1579.09	0.00012480290705371935
1579.0949999999998	0.00011995275272250239
1579.1000000000001	0.00011498493012924388
1579.105	0.0001149919221904858
1579.11	0.00011959429225804981
1579.115	0.000124175774314252
1579.12	0.00012526191936536305
1579.125	0.00012379905631029723
1579.13	0.00012270249646596914
1579.135	0.00012244671650572594
1579.1399999999999	0.0001223452697997782
1579.145	0.00012246002302307598
1579.1499999999999	0.00012328090914761906
1579.155	0.00012395325520073272
1579.16	0.00012345670500929327
1579.165	0.0001219154658357436
1579.17	0.00012220335853846902
1579.175	0.00012718393306673312
1579.1799999999998	0.00012926498182164447
1579.1850000000002	0.00012770041332621257
1579.19	0.00012920862111054897
1579.195	0.0001280345298444224
1579.2	0.00012460588128400014
1579.205	0.00012612132448545948
1579.2099999999998	0.00012956577287428838
1579.2150000000001	0.00013069403494640934
1579.22	0.0001297517744550576
1579.225	0.0001299054599336194
1579.23	0.00013254402567276937
1579.235	0.0001340050730382624
1579.2399999999998	0.00013328365545839816
1579.2450000000001	0.000132719456122079
1579.25	0.00013240389741455718
1579.2549999999999	0.00013228881872108086
1579.26	0.00013264965847724252
1579.2649999999999	0.00013344446923150508
1579.27	0.00013434683527615855
1579.275	0.00013530914233285532
1579.28	0.00013629687319183917
1579.285	0.00013663740762296443
1579.29	0.0001365610761360942
1579.2949999999998	0.00013621655748873862
1579.3	0.00013472366446211806
1579.305	0.00013160479777020727
1579.31	0.00012668954769472627
1579.315	0.0001237208316920952
1579.32	0.00012462330287355965
1579.3249999999998	0.00012612189162548813
1579.3300000000002	0.0001272944685685263
1579.335	0.00012538964648373775
1579.34	0.00011411086701431298
1579.345	0.00010856659079406753
1579.35	0.00011488684219715929
1579.3549999999998	0.00012296472512162413
1579.3600000000001	0.00012679220545025192
1579.365	0.00012527484993996079
1579.37	0.0001224012748676836
1579.375	0.00012158438554367566
1579.3799999999999	0.00012052337132715435
1579.3849999999998	0.00011695511894301135
1579.39	0.00011395563143768823
1579.395	0.00011467910999300601
1579.4	0.0001194645079844686
1579.405	0.00012439217078551602
1579.4099999999999	0.0001251449643369865
1579.415	0.00012599824535564072
1579.42	0.000127294472708828
1579.425	0.0001269813806073511
1579.43	0.00012384383258386256
1579.435	0.00011930513262159991
1579.4399999999998	0.00011659078161184657
1579.445	0.0001181803847406765
1579.45	0.0001227294413785096
1579.455	0.00012478105433940903
1579.46	0.00012128804225090282
1579.465	0.0001181280443917372
1579.4699999999998	0.00011874028599276463
1579.4750000000001	0.00012169112802993272
1579.48	0.00012156358159335369
1579.485	0.00011631402539634654
1579.49	0.00011325139621801297
1579.495	0.00011762451242322904
1579.4999999999998	0.00012430140240386956
1579.505	0.0001243208717911604
1579.51	0.00012308021054606061
1579.515	0.00012016034160872464
1579.52	0.0001155792368330838
1579.5249999999999	0.0001154095510023617
1579.53	0.00011273908684580262
1579.535	0.00010653700862959776
1579.54	0.00010512639447449366
1579.545	0.00011061924371340862
1579.55	0.00011817065753432353
1579.5549999999998	0.00012373119955703997
1579.56	0.00012543356559320198
1579.565	0.00012441480466489444
1579.57	0.00012456250493235221
1579.575	0.00012755627340799703
1579.58	0.00012856188372303943
1579.5849999999998	0.0001256524796243458
1579.59	0.00012314335345717047
1579.595	0.00012185805995536389
1579.6	0.00012115337510327408
1579.605	0.00012170091801910659
1579.61	0.00012393578225973928
1579.6149999999998	0.00012722069094471748
1579.6200000000001	0.00013001867648539326
1579.625	0.00013151983695644913
1579.63	0.0001316005929327818
1579.635	0.00013141344561732698
1579.6399999999999	0.00013113026522566503
1579.645	0.00012991045829758587
1579.65	0.00012768954956599848
1579.655	0.0001255883089067564
1579.66	0.000125915235273592
1579.665	0.00012552360199414187
1579.6699999999998	0.00011997062570991207
1579.675	0.0001149764398986627
1579.68	0.00011537772124250148
1579.685	0.00011858764007895706
1579.69	0.00012099469287860866
1579.695	0.0001211473919144503
1579.6999999999998	0.0001175661282847768
1579.705	0.0001112209859496504
1579.71	0.0001067382204675849
1579.715	0.00010672232783543795
1579.72	0.00011089714989145525
1579.725	0.00011638761704107662
1579.7299999999998	0.00011949332106516174
1579.735	0.00012050809305496761
1579.74	0.00012076136913950673
1579.7450000000001	0.00012099332941017211
1579.75	0.00012085211475806597
1579.7549999999999	0.00012074191755775389
1579.76	0.00012127423890247866
1579.7649999999999	0.00012285194806445926
1579.77	0.0001258882804453009
1579.775	0.0001292945364992317
1579.78	0.0001310711004682229
1579.7849999999999	0.00013034294692561266
1579.79	0.00012851279493538532
1579.795	0.00012625474874299885
1579.8	0.00012312263572552588
1579.805	0.00011959085074682718
1579.81	0.00011764926129551447
1579.8149999999998	0.00011803262842305141
1579.82	0.00011926686999235033
1579.825	0.00011859654068450886
1579.83	0.00011568142546496162
1579.835	0.00011454678283335341
1579.84	0.00011780330067909657
1579.8449999999998	0.0001249274892228388
1579.85	0.0001319002816458705
1579.855	0.00013429415532092645
1579.8600000000001	0.0001314171340531808
1579.865	0.00012102761699828668
1579.87	0.00011222308534857752
1579.875	0.00011517664682542227
1579.8799999999999	0.00012345006853941524
1579.885	0.0001226193122097571
1579.89	0.00011143696421911659
1579.895	0.00010168344209349696
1579.8999999999999	0.00009934924752087798
1579.905	0.00010476457328258479
1579.9099999999999	0.00011406296028775412
1579.915	0.00011657859828559679
1579.92	0.00011086464857283703
1579.925	0.00010568950247749026
1579.9299999999998	0.00010745602049747329
1579.935	0.00011367624057659945
1579.94	0.00011497771746988904
1579.945	0.00010821732407954088
1579.95	0.00010734232613212721
1579.955	0.00011776717974031418
1579.96	0.00013000373677350503
1579.965	0.00013603204352399166
1579.97	0.00013756964576604075
1579.9750000000001	0.00013606159993147576
1579.98	0.00013139739499769376
1579.985	0.00012934282672488016
1579.99	0.00013268658351606646
1579.995	0.0001386859254580034
1580	0.00014256168221627163
1580.005	0.00014396720190355995
1580.01	0.0001438391152916806
1580.0149999999999	0.00014210776795899098
1580.02	0.00013595682550045717
1580.0249999999999	0.00012948566696431205
1580.03	0.00013387648403947856
1580.035	0.00013616618144471527
1580.04	0.0001315835030891337
1580.0449999999998	0.00013403244817696577
1580.05	0.00013263145902893444
1580.0549999999998	0.00012511254716974918
1580.06	0.00012342060381256682
1580.065	0.00013197172314197207
1580.07	0.00014083139687302688
1580.075	0.00014331953287999562
1580.08	0.0001435191953228524
1580.085	0.0001426611104492972
1580.0900000000001	0.00014114199471310668
1580.095	0.00013953387477925552
1580.1	0.0001393714832273893
1580.105	0.00014105008223620262
1580.11	0.0001421515582767249
1580.115	0.0001406823869853238
1580.1200000000001	0.0001379374497107986
1580.125	0.00013675604497784085
1580.1299999999999	0.00013779723642457338
1580.135	0.0001382719492316123
1580.1399999999999	0.00013761999450386547
1580.145	0.00013707420655881315
1580.15	0.00013715759908712526
1580.155	0.00013691060375184132
1580.1599999999999	0.00013495677950266761
1580.165	0.00013094117000084227
1580.1699999999998	0.00012625058097959902
1580.1750000000002	0.00012336109878310447
1580.18	0.0001228758127296152
1580.185	0.00012552445112046318
1580.19	0.00013039390491717662
1580.195	0.000135987468110127
1580.1999999999998	0.0001410327331124174
1580.2050000000002	0.0001445279649149649
1580.21	0.0001461593199729707
1580.215	0.00014711732835161082
1580.22	0.00014639867330400728
1580.225	0.00014334524168325735
1580.2299999999998	0.0001409379372316912
1580.2350000000001	0.0001409346860491659
1580.24	0.0001423709313753003
1580.245	0.00014492368090555425
1580.25	0.00014822135509596327
1580.2549999999999	0.00015141101030662622
1580.26	0.00015381597756793498
1580.265	0.00015436575631611057
1580.27	0.00015432862210082993
1580.2749999999999	0.00015409825355732173
1580.28	0.00015374559536750432
1580.2849999999999	0.00015355570060496496
1580.2900000000002	0.00015249258286283604
1580.295	0.00014901993620036256
1580.3	0.0001457586902752446
1580.305	0.0001446155367120679
1580.31	0.00014577324840039132
1580.3149999999998	0.0001483668457488217
1580.3200000000002	0.00014944628209019747
1580.325	0.00014828654852492415
1580.33	0.00014652143825796067
1580.335	0.0001456254989305929
1580.34	0.00014453899034507035
1580.3449999999998	0.0001413465482247368
1580.3500000000001	0.00013893248876362902
1580.355	0.00014125742747445296
1580.36	0.0001430892444618846
1580.365	0.0001426410922965639
1580.37	0.00014257355697712396
1580.3749999999998	0.00013721760219332317
1580.38	0.0001287516901948734
1580.385	0.00012611701131673187
1580.3899999999999	0.00013150063408408775
1580.395	0.00013875537948325047
1580.3999999999999	0.00014103277230159274
1580.405	0.00014069476854891658
1580.41	0.00013974651036507344
1580.415	0.00013940361846847
1580.42	0.00014005479311752402
1580.425	0.00014148237120424785
1580.4299999999998	0.00014073783892464963
1580.435	0.0001362826099960612
1580.44	0.00013145214412352044
1580.445	0.0001318006368663845
1580.45	0.00013564303178777257
1580.455	0.0001330131734538546
1580.4599999999998	0.0001255295660839055
1580.4650000000001	0.00011838437112086646
1580.47	0.00011490691413292458
1580.475	0.00011452880605504394
1580.48	0.00011485116729206631
1580.485	0.00011512824666773969
1580.4899999999998	0.00011597368566848214
1580.4950000000001	0.00011552538085065484
1580.5	0.00011204343757605563
1580.5049999999999	0.00010826428379945523
1580.51	0.00011018806076530995
1580.5149999999999	0.000118634676390934
1580.52	0.00012843965742306027
1580.525	0.00013545876003458963
1580.53	0.00014168791850093445
1580.535	0.00014554290408696338
1580.54	0.0001461085161915906
1580.5449999999998	0.00014565098673915907
1580.55	0.00014311989858363595
1580.555	0.00013449369605606962
1580.56	0.00012605615215573635
1580.565	0.00012504427292701084
1580.57	0.0001307229887453802
1580.5749999999998	0.00013925232726245019
1580.58	0.0001475528061542317
1580.585	0.0001518542751876764
1580.59	0.0001537377278696888
1580.595	0.000154127798571883
1580.6	0.0001537777463634329
1580.6049999999998	0.0001534285770484674
1580.6100000000001	0.0001538876481738972
1580.615	0.00015209681174721532
1580.62	0.00014471517435030935
1580.625	0.0001356047850545133
1580.6299999999999	0.0001309632636299858
1580.635	0.00013468216865738833
1580.64	0.00014551722428675457
1580.645	0.0001556260331558673
1580.65	0.00016125218633501637
1580.655	0.0001628448370827766
1580.6599999999999	0.0001623323212891529
1580.665	0.000159419549726053
1580.67	0.00015355354428595483
1580.675	0.0001421123532806919
1580.68	0.00013114658754929574
1580.685	0.00012228682824316512
1580.6899999999998	0.00012001862361202851
1580.695	0.00012369420668105642
1580.7	0.00013116844385560337
1580.705	0.00014076819533236348
1580.71	0.00014963190119653263
1580.715	0.00015089846372753462
1580.7199999999998	0.00014505772867328033
1580.725	0.00014396846597415286
1580.73	0.0001476502702619539
1580.735	0.00014596435948291409
1580.74	0.00014068663168975115
1580.745	0.00014018438178847685
1580.75	0.00014338595932168803
1580.755	0.00014657598338814294
1580.76	0.00014822629924776922
1580.765	0.0001480023603974059
1580.77	0.00014671654702743696
1580.7749999999999	0.00014610568187934674
1580.78	0.0001486832378460615
1580.785	0.00014927024796376366
1580.79	0.00014681835799328693
1580.795	0.00014486805526270832
1580.8	0.00014545012768003114
1580.8049999999998	0.0001427477546009662
1580.81	0.0001343347144562658
1580.815	0.00013363225216919087
1580.82	0.00014417338729318924
1580.825	0.00015100449560416921
1580.83	0.00015080586311884086
1580.8349999999998	0.00015223309710131426
1580.84	0.000153772714997893
1580.845	0.00014959983641865356
1580.85	0.00014193293871634315
1580.855	0.00013808433422725486
1580.86	0.00014286492333335824
1580.865	0.00014969935361718883
1580.87	0.00014516430318172504
1580.875	0.00013426617068994592
1580.88	0.00014050269055076574
1580.885	0.0001511385918210815
1580.8899999999999	0.00015492785228754896
1580.895	0.0001581611413833673
1580.8999999999999	0.0001518213720573783
1580.905	0.00014636567150895483
1580.91	0.0001513425125333917
1580.915	0.00015403143955413411
1580.9199999999998	0.0001471497290169081
1580.925	0.00013732104199201006
1580.93	0.00012905455579180933
1580.935	0.00012414897769651997
1580.94	0.0001229396145930107
1580.945	0.00012420530961010254
1580.9499999999998	0.00012775224643722208
1580.955	0.00013349664274889164
1580.96	0.00014108023352851282
1580.965	0.00014857296248204692
1580.97	0.00015255778024507943
1580.975	0.00015256371037392075
1580.98	0.00015045646310481744
1580.985	0.00014710540017044774
1580.99	0.00014311479405529635
1580.9950000000001	0.00013766996658016694
1581	0.0001333433238970139
1581.0049999999999	0.0001319487107786885
1581.01	0.0001344051733808591
1581.0149999999999	0.000142756343452647
1581.02	0.0001500255481473289
1581.025	0.00015358802847141793
1581.03	0.00015398594207178658
1581.0349999999999	0.00015242566948096023
1581.04	0.00014204760447922657
1581.0449999999998	0.0001273378961666076
1581.05	0.00012695732697151518
1581.055	0.00013638659736917567
1581.06	0.0001311184477916375
1581.0649999999998	0.0001235585985767489
1581.07	0.00012882280413299582
1581.075	0.00014003527822096295
1581.0800000000002	0.00014346196178116326
1581.085	0.00014402916849218806
1581.09	0.00014848423135323507
1581.095	0.00015565205500836813
1581.1	0.00015860305345609968
1581.105	0.00016034285205165
1581.1100000000001	0.00015827085169158923
1581.115	0.00015339962866410761
1581.12	0.00015196249502531306
1581.125	0.00015551232668549074
1581.1299999999999	0.00015772179677202275
1581.135	0.00015419476521075118
1581.14	0.00015105977641437725
1581.145	0.0001552018321754917
1581.1499999999999	0.0001611831720367384
1581.155	0.00016398154055341098
1581.1599999999999	0.00016338451403284668
1581.165	0.0001638513908511992
1581.17	0.00016206367676035804
1581.175	0.00015643971861658936
1581.1799999999998	0.0001502304653901679
1581.185	0.00014847587551315047
1581.1899999999998	0.00015043309610384407
1581.1950000000002	0.0001490642637945288
1581.2	0.00013623194975448055
1581.205	0.00011986832164359038
1581.21	0.00010549224882877463
1581.215	0.00010701871669029942
1581.22	0.0001242568023846048
1581.2250000000001	0.00014261411211475314
1581.23	0.00015233536725302112
1581.235	0.00015264079986940964
1581.24	0.00014978203099711863
1581.245	0.00014557937430422686
1581.25	0.00014331586088149002
1581.255	0.00014555178836964545
1581.26	0.00015137924580325003
1581.2649999999999	0.0001563975139352937
1581.27	0.00015834726541858246
1581.2749999999999	0.00015778063059165292
1581.28	0.00015468686531446986
1581.285	0.0001494284066831384
1581.29	0.00014274915964087667
1581.295	0.0001359585416724339
1581.3	0.00013122112413868595
1581.3049999999998	0.00013012602404327146
1581.3100000000002	0.00013346800479561725
1581.315	0.00014156968660986586
1581.32	0.00015152231795722852
1581.325	0.00015924391130831968
1581.33	0.0001605064877378683
1581.3349999999998	0.0001602348725820572
1581.3400000000001	0.00016169610874657781
1581.345	0.00016472178747606143
1581.35	0.0001662563160354
1581.355	0.0001659412997090949
1581.36	0.00016465507935671734
1581.3649999999998	0.00016062517138194047
1581.3700000000001	0.0001502550665688318
1581.375	0.00013770218738305424
1581.3799999999999	0.00013054452071238474
1581.385	0.00013501959856116063
1581.3899999999999	0.0001457850010952755
1581.395	0.00015075305432453993
1581.4	0.00015224126485910796
1581.405	0.00015580055004006896
1581.41	0.00015958355357450802
1581.415	0.0001601599636182209
1581.4199999999998	0.00015589975770891528
1581.425	0.0001463542246716694
1581.43	0.00013771505376640732
1581.435	0.00013539618968499355
1581.44	0.0001383445350795005
1581.445	0.0001430536749056602
1581.4499999999998	0.00014755833364699425
1581.4550000000002	0.00014950301868653758
1581.46	0.0001450495240921235
1581.465	0.00014020724895931496
1581.47	0.0001411954598648077
1581.475	0.0001493830198432984
1581.4799999999998	0.00015796422539330685
1581.4850000000001	0.00016330521656889548
1581.49	0.00016476992351573678
1581.495	0.00016422471227555563
1581.5	0.00016359450245999926
1581.5049999999999	0.00016236092867439458
1581.5099999999998	0.00015800233333472007
1581.515	0.000150950871292358
1581.52	0.00014512022513311584
1581.525	0.00014241367659067114
1581.53	0.00014196688541172545
1581.5349999999999	0.00014381949948086013
1581.54	0.0001489935083188656
1581.545	0.00015171190428615178
1581.55	0.00014217469531266163
1581.555	0.0001279406680343181
1581.56	0.00012793234487601604
1581.5649999999998	0.00014069958657985526
1581.57	0.00014868024399055754
1581.575	0.00014665868286273926
1581.58	0.00014833417403499753
1581.585	0.00015475873531483147
1581.59	0.00015778757298502593
1581.5949999999998	0.0001592339232148558
1581.6000000000001	0.0001589534948669712
1581.605	0.00015969204806204584
1581.61	0.00016128490070296738
1581.615	0.00015992742308869505
1581.62	0.00015717208888592113
1581.6249999999998	0.0001567649063956018
1581.63	0.00015927971590627907
1581.635	0.00016188542387824962
1581.64	0.0001631299381718634
1581.645	0.00016257814927400787
1581.6499999999999	0.0001597947432822503
1581.655	0.00015437122947893462
1581.66	0.00014749512894082054
1581.665	0.00014386898566935648
1581.67	0.0001466281029286202
1581.675	0.00015038541258971394
1581.6799999999998	0.00015149082054189363
1581.685	0.0001502793413256788
1581.69	0.00015044525483277942
1581.695	0.00015323572704725074
1581.7	0.00015567269374693892
1581.705	0.00015564222195014188
1581.7099999999998	0.0001536993524002965
1581.715	0.00015353641037729978
1581.72	0.00015664165496198217
1581.725	0.00015745715291524623
1581.73	0.0001545674130233079
1581.735	0.00015378074695364448
1581.7399999999998	0.0001478609377977941
1581.7450000000001	0.00013758223728437346
1581.75	0.00013244479200866447
1581.755	0.00013295983604466987
1581.76	0.00013384138525468988
1581.7649999999999	0.0001320403944816433
1581.77	0.00012932720642682305
1581.775	0.00012834217972837575
1581.78	0.00013055993464801164
1581.785	0.00013547665046090537
1581.79	0.00013958879452523684
1581.7949999999998	0.00013960220341695216
1581.8	0.0001363881447802194
1581.805	0.00013278032629600588
1581.81	0.00013231931543421048
1581.815	0.0001366767248678012
1581.82	0.00014343906486489233
1581.8249999999998	0.00014849606384400915
1581.83	0.00014878491020125966
1581.835	0.0001478331142876846
1581.84	0.00014752429618851816
1581.845	0.00015035338905313329
1581.85	0.0001532499634770312
1581.8549999999998	0.00015651459039909456
1581.86	0.00015831093243391387
1581.865	0.00015807994311977674
1581.8700000000001	0.00015631035310694443
1581.875	0.0001541138971809471
1581.8799999999999	0.00015268202145296607
1581.885	0.00015237029457772924
1581.8899999999999	0.00015351988041079702
1581.895	0.0001553702259133134
1581.9	0.00015551748628767664
1581.905	0.0001494907597278284
1581.9099999999999	0.00014068417738072154
1581.915	0.00013889779366382384
1581.92	0.00014557844327495675
1581.925	0.0001523629569774588
1581.93	0.00015319262153131114
1581.935	0.00015193146952447516
1581.9399999999998	0.00015306059456000515
1581.945	0.00015584008203475393
1581.95	0.00015757631321352704
1581.955	0.00015713882715624167
1581.96	0.0001547533814734019
1581.965	0.00015044188436528428
1581.9699999999998	0.00014271561999481898
1581.975	0.00013233960902238017
1581.98	0.0001244754390831257
1581.9850000000001	0.00012265708191548595
1581.99	0.00012586459686882273
1581.995	0.00013125211750661137
1582	0.00013736952854605204
1582.0049999999999	0.00014214706900342677
1582.01	0.00014432444324929502
1582.015	0.00014537474694243044
1582.02	0.00014677351500328765
1582.0249999999999	0.00014926309767432613
1582.03	0.00015151902956120236
1582.0349999999999	0.00015228363032045012
1582.04	0.0001517963538917757
1582.045	0.0001501586466212621
1582.05	0.00014677504850879304
1582.0549999999998	0.00014386079093370283
1582.06	0.0001469791919414672
1582.065	0.0001526732125689158
1582.07	0.00015563555879404963
1582.075	0.00015661253957941247
1582.08	0.00015675919459117338
1582.0849999999998	0.0001556129837277742
1582.09	0.00015695104346879124
1582.095	0.00015921596398249803
1582.1000000000001	0.00015968210334251518
1582.105	0.00015909937319382578
1582.11	0.00015945925961168407
1582.115	0.00015938635713383788
1582.12	0.0001592467015143484
1582.125	0.00015865577752511363
1582.13	0.00015585125339603753
1582.135	0.00014952394974685534
1582.1399999999999	0.00014090691135059565
1582.145	0.0001370999296108884
1582.1499999999999	0.00014021041910222538
1582.155	0.00014593231076783788
1582.16	0.00015079748507760928
1582.165	0.00015257265775138956
1582.1699999999998	0.00015234120284844668
1582.175	0.00015238978730463867
1582.1799999999998	0.00015233748458247842
1582.185	0.00015172792190509886
1582.19	0.00015065896824007397
1582.195	0.00015125482408093018
1582.1999999999998	0.00015183700466465187
1582.205	0.00015068536060611117
1582.21	0.00014911259028976798
1582.2150000000001	0.0001504372572743814
1582.22	0.00015268350703068404
1582.225	0.00015219915632753867
1582.23	0.0001495595056282904
1582.235	0.00014825398318329098
1582.24	0.0001494742452102912
1582.2450000000001	0.00015248727510727418
1582.25	0.0001541639198007465
1582.2549999999999	0.00015351233741429376
1582.26	0.0001494101783974887
1582.2649999999999	0.00014530827231061514
1582.27	0.00014180105809215033
1582.275	0.00013556925251364085
1582.28	0.00013013598635258376
1582.2849999999999	0.0001314270521617532
1582.29	0.00013623241137397787
1582.2949999999998	0.00013822262500330296
1582.3	0.00013476666129490014
1582.305	0.00013264940868852788
1582.31	0.00013737852268163713
1582.315	0.00014271411119670834
1582.32	0.00014591999382362165
1582.3249999999998	0.0001469817555568025
1582.3300000000002	0.00014585923150150108
1582.335	0.00014263399953751921
1582.34	0.0001399942233738979
1582.345	0.00014047870573406928
1582.35	0.0001426324089210073
1582.3549999999998	0.0001426294957334653
1582.3600000000001	0.0001408442612254234
1582.365	0.00014148560685408004
1582.37	0.0001446999412465051
1582.375	0.00014764180238069477
1582.3799999999999	0.00014815579452741903
1582.385	0.00014638565547005566
1582.39	0.000143427413967327
1582.395	0.00013872962661803847
1582.3999999999999	0.0001335474988169037
1582.405	0.0001284472372914534
1582.4099999999999	0.00012131407429428479
1582.4150000000002	0.00010783479749650889
1582.42	0.00009979219812113805
1582.425	0.00010362178261051725
1582.43	0.00011518081515792508
1582.435	0.00012894679396499497
1582.4399999999998	0.00013763139477017983
1582.4450000000002	0.0001377848248711221
1582.45	0.00013301330399690964
1582.455	0.00013354087056293635
1582.46	0.00014043506353698937
1582.465	0.0001466220763661313
1582.4699999999998	0.000150076589241373
1582.4750000000001	0.00015096298977244834
1582.48	0.00015046694154277943
1582.485	0.0001485598645457311
1582.49	0.0001461753547495519
1582.495	0.00014522635726528708
1582.4999999999998	0.00014558555915781366
1582.505	0.0001465737770117482
1582.51	0.00014705160750077515
1582.5149999999999	0.00014672823317296517
1582.52	0.0001464500400379569
1582.5249999999999	0.0001478478103245041
1582.53	0.0001503557637820227
1582.535	0.0001508637155610305
1582.54	0.00014926130868487162
1582.545	0.00014739743003645999
1582.55	0.00014695245398156287
1582.5549999999998	0.00014758464353072963
1582.56	0.00014794638531549678
1582.565	0.0001460877957495329
1582.57	0.0001422626406576188
1582.575	0.00014459419126637918
1582.58	0.00014949232687783137
1582.5849999999998	0.0001436809527876347
1582.5900000000001	0.00013826107997716612
1582.595	0.00013662471842695444
1582.6	0.00013449446229744783
1582.605	0.00013195149993066536
1582.61	0.00013016494169302236
1582.6149999999998	0.00013116394277141533
1582.6200000000001	0.0001359618103987016
1582.625	0.00014143288864991948
1582.6299999999999	0.00014329422307886815
1582.635	0.00014082009926933838
1582.6399999999999	0.00013860238426639137
1582.645	0.00014068283189950148
1582.65	0.00014629989748012469
1582.655	0.0001496309330975379
1582.66	0.00015051525900963703
1582.665	0.00014935034469773303
1582.6699999999998	0.00014654694157651048
1582.675	0.00014487163689294217
1582.68	0.0001472677972792191
1582.685	0.00014838388107051142
1582.69	0.00014429233025960587
1582.695	0.00013757260998707266
1582.6999999999998	0.00013183347547551387
1582.705	0.00013126616249792283
1582.71	0.00013687120991383005
1582.715	0.00014600751977393198
1582.72	0.00015100014446907585
1582.725	0.00015241420339551885
1582.7299999999998	0.00015191946692753294
1582.7350000000001	0.00014845810154185922
1582.74	0.0001393744772743646
1582.745	0.0001237267975951445
1582.75	0.00011527045369805833
1582.7549999999999	0.0001231427641450696
1582.76	0.00013513872237351496
1582.765	0.0001407897875115351
1582.77	0.0001420396724078405
1582.775	0.00013893524618717568
1582.78	0.0001368494791001578
1582.7849999999999	0.00013690437942146975
1582.79	0.00013460891613457316
1582.795	0.00013050403014113965
1582.8	0.000128550974204585
1582.805	0.00013312679906213432
1582.81	0.00014148057689383672
1582.8149999999998	0.00014329437593788821
1582.82	0.00014198735362664082
1582.825	0.00014202672152849097
1582.83	0.0001437635420183206
1582.835	0.00014425024281896658
1582.84	0.00014044996478369722
1582.8449999999998	0.00013236736631920093
1582.85	0.0001225381921332349
1582.855	0.0001130657216885243
1582.86	0.00011047090524759171
1582.865	0.00011453970679082051
1582.87	0.00012234455656228444
1582.875	0.0001332149531299774
1582.88	0.00014063866380094607
1582.885	0.00014526201284269488
1582.89	0.00014772432595276316
1582.895	0.0001490898377639564
1582.8999999999999	0.00014863495038859852
1582.905	0.00014697658065416597
1582.91	0.00014360884850063207
1582.915	0.00013755565586459517
1582.92	0.0001308502635326838
1582.925	0.00012694019812385513
1582.9299999999998	0.00012803899289810333
1582.935	0.0001338627913872987
1582.94	0.00013933528244955797
1582.945	0.0001414778438244703
1582.95	0.0001389510724193331
1582.955	0.00013293920410980176
1582.9599999999998	0.0001291233741041244
1582.965	0.000132369587995767
1582.97	0.0001406973007875608
1582.975	0.00014717566341003856
1582.98	0.00014868643159140775
1582.985	0.00014885127815371645
1582.99	0.00014993417193020743
1582.995	0.00014933764199544624
1583	0.00014606545358850271
1583.005	0.00014338222203446837
1583.01	0.00014367203959711046
1583.0149999999999	0.0001459826794272707
1583.02	0.00014737682563989416
1583.0249999999999	0.00014824349533904948
1583.03	0.00014814205844262127
1583.035	0.00014765668148384475
1583.04	0.00014657202050235362
1583.0449999999998	0.00014530149624655104
1583.05	0.00014139810467419367
1583.055	0.00013290978243557034
1583.06	0.0001269764459516621
1583.065	0.00012851442384057308
1583.07	0.00012895977126759105
1583.0749999999998	0.0001229902713362
1583.08	0.00012643882354930705
1583.085	0.00013707252376863766
1583.09	0.00014356487470468975
1583.095	0.00014487201896324416
1583.1	0.0001422795782821811
1583.105	0.00014108169580803726
1583.11	0.00013627436958929377
1583.115	0.00012641717859958437
1583.1200000000001	0.00012261037854488987
1583.125	0.00012758739676873698
1583.1299999999999	0.00013508237405204164
1583.135	0.0001402339877183846
1583.1399999999999	0.0001416828077738126
1583.145	0.00014177526261452801
1583.15	0.0001399146380214571
1583.155	0.00013728378244636395
1583.1599999999999	0.00013267334823324718
1583.165	0.0001275294502146065
1583.1699999999998	0.0001252434943372572
1583.175	0.0001283030368742388
1583.18	0.00013193916685734665
1583.185	0.00012676703939458562
1583.1899999999998	0.00011901840858606738
1583.195	0.0001172774441790327
1583.2	0.00012365286790589247
1583.205	0.00013158297407686711
1583.21	0.00013740213870444085
1583.215	0.00014342025281815468
1583.22	0.00014778082631487067
1583.225	0.00014981771383902167
1583.23	0.00014906338015073718
1583.2350000000001	0.00014563634679187453
1583.24	0.00014132454406831375
1583.245	0.00013859278790034457
1583.25	0.00014000023756912818
1583.2549999999999	0.00014347259993901571
1583.26	0.0001439344195614597
1583.265	0.00014443696695692752
1583.27	0.00014337218647191057
1583.2749999999999	0.00013997787282228665
1583.28	0.0001399078993456764
1583.2849999999999	0.00014151724403783965
1583.29	0.0001385009422210074
1583.295	0.00013410259291730232
1583.3	0.00013470338273073584
1583.3049999999998	0.00013843055779787352
1583.31	0.00013845017391072632
1583.3149999999998	0.00013452823712532054
1583.32	0.00013166760759568912
1583.325	0.00013306397759109818
1583.33	0.00013729411356797758
1583.335	0.00014086276309534788
1583.34	0.00014234663003306604
1583.345	0.00014051885741646423
1583.3500000000001	0.0001331153404053449
1583.355	0.00012556490637738213
1583.36	0.00012826467486494632
1583.365	0.000136754996767595
1583.37	0.00014090564704283403
1583.375	0.00013877192366964854
1583.38	0.00013752653247228345
1583.385	0.00014057627844312048
1583.3899999999999	0.0001448053168684793
1583.395	0.0001481365122577876
1583.3999999999999	0.00014816806139866456
1583.405	0.0001464976045367311
1583.41	0.00014409430799086238
1583.415	0.0001439169599092978
1583.4199999999998	0.00014887484723745688
1583.425	0.00015290375440592545
1583.4299999999998	0.0001528560209383128
1583.4350000000002	0.00015022324024428185
1583.44	0.00013857946813138059
1583.445	0.00013185311907599025
1583.45	0.00013872332687593883
1583.455	0.00014369364545240398
1583.4599999999998	0.00014461311016423373
1583.4650000000001	0.0001432361088675688
1583.47	0.00013978548017836513
1583.475	0.0001354522574119138
1583.48	0.0001327280523772373
1583.485	0.00013495314937730802
1583.4899999999998	0.0001396198499339125
1583.4950000000001	0.00014122101613272872
1583.5	0.00014170375347548052
1583.5049999999999	0.00014216140033301492
1583.51	0.00014125538047904344
1583.5149999999999	0.00013684641721808946
1583.52	0.00013169524486357593
1583.525	0.00013164971121201386
1583.53	0.0001363458010520149
1583.535	0.00014353109748863548
1583.54	0.00014679808250781136
1583.5449999999998	0.00014859978760386797
1583.55	0.0001487047519693574
1583.555	0.00014692203748645498
1583.56	0.0001428397962918098
1583.565	0.00013722615721070274
1583.57	0.00013292047673280785
1583.5749999999998	0.00013301568067530098
1583.5800000000002	0.00013756825597086028
1583.585	0.00013777409927729335
1583.59	0.0001242477705362351
1583.595	0.00011965421962033956
1583.6	0.00012893042054874118
1583.6049999999998	0.00013455455659809896
1583.6100000000001	0.00013702514606214625
1583.615	0.00014401980016407164
1583.62	0.00014423327145637844
1583.625	0.00014356537553991003
1583.6299999999999	0.00014374427769271177
1583.6349999999998	0.0001393921279193542
1583.64	0.00013437983392036325
1583.645	0.0001367549868174235
1583.65	0.00014413443715056718
1583.655	0.00014878924268429334
1583.6599999999999	0.00015034230493776783
1583.665	0.0001510718172946305
1583.67	0.0001507745384644685
1583.675	0.00014958821716094377
1583.68	0.0001481859471288875
1583.685	0.000144569498478351
1583.6899999999998	0.00014122507940973427
1583.695	0.00014254225683975544
1583.7	0.00014562013465586562
1583.705	0.00014513285219726628
1583.71	0.00014428202096286447
1583.715	0.00014585572689561924
1583.7199999999998	0.00014837630442343663
1583.7250000000001	0.00014814205337580644
1583.73	0.0001463190528941171
1583.735	0.00014587906957840705
1583.74	0.00014773498593070755
1583.745	0.00014979986044704792
1583.7499999999998	0.00015065690087942346
1583.755	0.0001489247320762401
1583.76	0.00014663956416596398
1583.765	0.0001477882347842211
1583.77	0.00014826703642503171
1583.7749999999999	0.00014451445807447876
1583.78	0.00014349981174321735
1583.785	0.00014518722404319883
1583.79	0.0001452680695050385
1583.795	0.0001436830788196885
1583.8	0.00014416480947832523
1583.8049999999998	0.00014313054834406427
1583.81	0.00014008799816657563
1583.815	0.00014045436570314003
1583.82	0.0001422604491163954
1583.825	0.00014142609421907284
1583.83	0.00013785280942539492
1583.8349999999998	0.000134101366146094
1583.84	0.00013274916301492218
1583.845	0.000135654157407904
1583.85	0.00014165638068473614
1583.855	0.00014271368945907955
1583.86	0.00013899832657568526
1583.8649999999998	0.0001320104862055791
1583.8700000000001	0.00012103652423251781
1583.875	0.00010795672471389989
1583.88	0.00009865089433070975
1583.885	0.00009736495883967676
1583.8899999999999	0.00010474150320240049
1583.895	0.00011810761738095632
1583.9	0.0001296257461812672
1583.905	0.0001327124476194956
1583.91	0.0001314880817482034
1583.915	0.00012589352405998125
1583.9199999999998	0.00012071549823971302
1583.925	0.00012462225060909038
1583.93	0.0001343949680025192
1583.935	0.00013638350868248853
1583.94	0.00013558717341128655
1583.945	0.0001375152380743181
1583.9499999999998	0.00013698589424213423
1583.955	0.00013446015482266612
1583.96	0.00013551715272705218
1583.965	0.00013857417030702971
1583.97	0.00013881738262369326
1583.975	0.00013828522176028487
1583.9799999999998	0.0001397113226729389
1583.985	0.00014141298170942975
1583.99	0.00014170138543751778
1583.9950000000001	0.0001421949942382049
1584	0.00014294177474630327
1584.0049999999999	0.00014186836880701628
1584.01	0.00013960145199254866
1584.015	0.0001388000560330188
1584.02	0.00013881512225513357
1584.025	0.00013479380317968175
1584.03	0.00012443748680976513
1584.0349999999999	0.00011288330174989757
1584.04	0.00010548725558175623
1584.045	0.00010673148342618998
1584.05	0.00011759445534608634
1584.055	0.00012936337475333968
1584.06	0.00013431622425357648
1584.0649999999998	0.0001329724179843455
1584.07	0.00013220751176490857
1584.075	0.00013468659276924327
1584.08	0.00013933948524568317
1584.085	0.00014353435505367888
1584.09	0.00014571234318381252
1584.0949999999998	0.00014502466979242018
1584.1	0.0001441151671313863
1584.105	0.00014145149016165306
1584.1100000000001	0.00013951429633114181
1584.115	0.0001430718232644729
1584.12	0.00014388009588988163
1584.125	0.0001415585989007872
1584.1299999999999	0.0001359794058547706
1584.135	0.00013241950104170557
1584.14	0.00013624285335162852
1584.145	0.00013922774713607232
1584.1499999999999	0.00013726515586736895
1584.155	0.0001375425641274969
1584.1599999999999	0.00014167654628864505
1584.165	0.0001465318463735164
1584.17	0.00014849910732293688
1584.175	0.00014848445998531386
1584.1799999999998	0.00014625194134618117
1584.185	0.00014029622849452892
1584.19	0.00013505648590665488
1584.195	0.0001351998564817492
1584.2	0.00013738969165995926
1584.205	0.00013367980621218937
1584.2099999999998	0.00012582995984304138
1584.215	0.00012449542723122546
1584.22	0.00013299644402935888
1584.2250000000001	0.00014188623599040124
1584.23	0.0001451415553238306
1584.235	0.00014237107024589165
1584.24	0.0001355866699060458
1584.245	0.00012614177329973812
1584.25	0.00012002795422337421
1584.255	0.00011955349764874624
1584.26	0.00012579439037493603
1584.2649999999999	0.0001371133917716384
1584.27	0.00014582855979298058
1584.2749999999999	0.00015015595181585648
1584.28	0.00015019102661851437
1584.285	0.00014849710575679057
1584.29	0.00014912155626442078
1584.2949999999998	0.00014775480859044462
1584.3	0.00014603945749545384
1584.3049999999998	0.00014632826002833462
1584.31	0.00014562939313698782
1584.315	0.00014391277916662014
1584.32	0.00013968083743825437
1584.3249999999998	0.00013049533566473638
1584.33	0.00012057686083022731
1584.335	0.0001184884374699845
1584.3400000000001	0.00012647321618291312
1584.345	0.00013629433694247996
1584.35	0.00013943191688369104
1584.355	0.0001384797866564894
1584.36	0.0001376433329660941
1584.365	0.0001355605407170447
1584.3700000000001	0.0001337455962720307
1584.375	0.00013486084779528492
1584.3799999999999	0.00013627225114210622
1584.385	0.00013465422079333127
1584.3899999999999	0.0001318883384586179
1584.395	0.0001314423255651996
1584.4	0.00013316521941214303
1584.405	0.00013399793135622818
1584.4099999999999	0.00013304747987354546
1584.415	0.00013182879558669688
1584.4199999999998	0.00013379548335254853
1584.425	0.0001364859370975616
1584.43	0.00013289269376806832
1584.435	0.0001290061646026965
1584.4399999999998	0.00013470655790087378
1584.445	0.000138473033476821
1584.4499999999998	0.00013290046152402842
1584.4550000000002	0.00013104856739880408
1584.46	0.00013475851837526195
1584.465	0.00013945074916787712
1584.47	0.000142960320796953
1584.475	0.00014371189214080083
1584.48	0.00014132466298248777
1584.4850000000001	0.00013802955342856018
1584.49	0.00013611134426328093
1584.495	0.0001370174063765856
1584.5	0.00014049231343007617
1584.5049999999999	0.00014441010454754172
1584.51	0.00014577151668376714
1584.515	0.0001469417552483777
1584.52	0.00014559986594603225
1584.5249999999999	0.00014107010506639008
1584.53	0.000137236065829965
1584.5349999999999	0.0001335914169317087
1584.54	0.00012820653642750757
1584.545	0.00012388578232618938
1584.55	0.0001248372021705063
1584.555	0.00013021388867340733
1584.56	0.00013565721383721266
1584.5649999999998	0.0001393811663671021
1584.5700000000002	0.00014022971871764157
1584.575	0.00014052015974639647
1584.58	0.00013927408267364538
1584.585	0.00013554758261823677
1584.59	0.00013114579172115952
1584.5949999999998	0.00012936076789713699
1584.6000000000001	0.0001313882489080357
1584.605	0.00013535868916203235
1584.61	0.00013762830461491675
1584.615	0.0001372079208845858
1584.62	0.00013438065725040064
1584.6249999999998	0.00012892235152276718
1584.63	0.00012308383088464964
1584.635	0.00012541575765721882
1584.6399999999999	0.00013017042858677993
1584.645	0.0001247527476506073
1584.6499999999999	0.00011514809331224307
1584.655	0.00011700732597960157
1584.66	0.00012878413017658284
1584.665	0.00013722580191968562
1584.6699999999998	0.00013967765816043555
1584.675	0.00014126574045066997
1584.6799999999998	0.00013956795360073467
1584.685	0.00013417114884874118
1584.69	0.00013239053010090672
1584.695	0.00013623042806509088
1584.7	0.00013965441134897215
1584.705	0.0001419874377442128
1584.7099999999998	0.0001431343990583661
1584.7150000000001	0.0001439335507559212
1584.72	0.00014416787261117627
1584.725	0.00014375781534073481
1584.73	0.0001422084087135891
1584.735	0.00014078597211292286
1584.7399999999998	0.0001412690572764719
1584.7450000000001	0.00014233484379957615
1584.75	0.00013794692837450974
1584.7549999999999	0.00013297463990473625
1584.76	0.00013451373320623878
1584.7649999999999	0.0001396603176054664
1584.77	0.00014158487012797728
1584.775	0.00013837199884402142
1584.78	0.00013333076888903298
1584.785	0.0001330008027274097
1584.79	0.0001356468694253092
1584.7949999999998	0.00013405884433378767
1584.8	0.00013149274201502972
1584.805	0.00012843089798086888
1584.81	0.00011927463779857964
1584.815	0.0001112788613451268
1584.82	0.00011455304028815019
1584.8249999999998	0.00012065361719674419
1584.83	0.00011590553331128872
1584.835	0.00010841263309925118
1584.84	0.00010926702895645424
1584.845	0.000114949943749252
1584.85	0.00011773579442129788
1584.8549999999998	0.00011408910304965453
1584.8600000000001	0.00010717333838921578
1584.865	0.00010499651829893998
1584.87	0.00011198142527630425
1584.875	0.0001230769683499277
1584.8799999999999	0.00012416350594216875
1584.885	0.00011636226167833073
1584.89	0.00010872502125965429
1584.895	0.00010791851522404288
1584.9	0.00011335739551481233
1584.905	0.00012213550145710554
1584.9099999999999	0.00013196205191574455
1584.915	0.0001374048158015833
1584.92	0.0001396520878224223
1584.925	0.00013899497166272752
1584.93	0.0001387066461538163
1584.935	0.00014030340680791089
1584.9399999999998	0.00014269751221476283
1584.945	0.00014160017708541374
1584.95	0.00013524759485169062
1584.955	0.00013161479723625754
1584.96	0.00013490533091382593
1584.965	0.0001362271281130349
1584.9699999999998	0.0001265282355402548
1584.975	0.00012243882177922463
1584.98	0.0001275193455398245
1584.985	0.00013540085466388704
1584.99	0.0001437728630657847
1584.995	0.0001482434782695333
1585	0.00014919254658936427
1585.005	0.0001491409851446106
1585.01	0.00014847650426810127
1585.015	0.00014668055889501927
1585.02	0.00014600313057923928
1585.0249999999999	0.00014852529742322357
1585.03	0.00015270098877840017
1585.035	0.00015440748301840564
1585.04	0.00015118075133854238
1585.045	0.00014059301589045952
1585.05	0.0001295019849306239
1585.0549999999998	0.0001262983556254524
1585.06	0.00013292047213313946
1585.065	0.00014114935490508514
1585.07	0.00014344907713776216
1585.075	0.00014445424162903058
1585.08	0.00014647739898832122
1585.0849999999998	0.0001488769121087584
1585.09	0.00014873389243275775
1585.095	0.00014815088385431772
1585.1	0.00014838939183407137
1585.105	0.0001476550351269807
1585.11	0.0001458261575698633
1585.115	0.00014214919705453106
1585.12	0.00013458269789910776
1585.125	0.00013424745601993098
1585.13	0.0001390792406629717
1585.135	0.0001374477983925612
1585.1399999999999	0.00013789923816663564
1585.145	0.000141557961124584
1585.1499999999999	0.0001448706674237828
1585.155	0.00014760437743311261
1585.16	0.00015007974717636842
1585.165	0.00015118174103484822
1585.1699999999998	0.00015171658504086746
1585.175	0.00015197490184301658
1585.18	0.0001508534745492976
1585.185	0.00014739642736922266
1585.19	0.0001422052486137553
1585.195	0.00013952591577613918
1585.1999999999998	0.0001408416440157412
1585.205	0.00014432572961360442
1585.21	0.00014677746908449795
1585.215	0.00014786356754862038
1585.22	0.00014880125704064463
1585.225	0.0001497859223277724
1585.23	0.0001500850143864257
1585.235	0.00014912721252321873
1585.24	0.00014703602454960223
1585.2450000000001	0.00014277887115668404
1585.25	0.00013902097900212742
1585.2549999999999	0.0001375237869092594
1585.26	0.00013905716725106195
1585.2649999999999	0.000143381476265934
1585.27	0.00014609313774053566
1585.275	0.00014571501257262345
1585.28	0.0001451337091772055
1585.2849999999999	0.00014785475726505914
1585.29	0.0001476258278066962
1585.2949999999998	0.00014549779454773866
1585.3	0.00014432104033501345
1585.305	0.00014129543044605333
1585.31	0.0001377204614030865
1585.3149999999998	0.00013788031072949864
1585.32	0.00013931716508758653
1585.325	0.00013990167634406634
1585.33	0.00014072551443555624
1585.335	0.00014237388276868026
1585.34	0.00013769521150943444
1585.345	0.00012655862113801795
1585.35	0.00012240661134010376
1585.355	0.00012853033157209605
1585.3600000000001	0.0001357417432197472
1585.365	0.00013642973897888154
1585.37	0.00013579777845944252
1585.375	0.00013880398522423084
1585.3799999999999	0.00014339404793640376
1585.385	0.00014608647621620877
1585.39	0.00014649901581542056
1585.395	0.00014671129475523885
1585.3999999999999	0.00014687679388706478
1585.405	0.0001443853262889509
1585.4099999999999	0.0001378664730736407
1585.415	0.00012944387142104058
1585.42	0.00012603750800555306
1585.425	0.0001318706001068425
1585.4299999999998	0.00014230163723612975
1585.435	0.0001504244412108264
1585.4399999999998	0.00015280816915301898
1585.445	0.00015364270796390801
1585.45	0.00015427890904321396
1585.455	0.0001511260990335025
1585.46	0.00014805981957528698
1585.465	0.00014698640528641103
1585.47	0.0001405803593197981
1585.4750000000001	0.00013453994997681532
1585.48	0.00013646893329073722
1585.485	0.00014391848986373965
1585.49	0.00014956281949548946
1585.495	0.00014675188730586895
1585.5	0.00014121281478885858
1585.505	0.00013910309434860853
1585.51	0.00014072287861580492
1585.5149999999999	0.00014216571738432139
1585.52	0.0001405905043307424
1585.5249999999999	0.00014106790111004662
1585.53	0.00014698049744515867
1585.535	0.0001474023738746343
1585.54	0.00014179088500107894
1585.5449999999998	0.00013669350112277458
1585.55	0.00013657989000735477
1585.5549999999998	0.00014141699676141283
1585.56	0.0001478982794209688
1585.565	0.00015163728617094985
1585.57	0.00014913105658521188
1585.575	0.00014788781865957205
1585.58	0.00014918085453088613
1585.5849999999998	0.00015073434825870554
1585.5900000000001	0.00014987457003708308
1585.595	0.0001470747176497897
1585.6	0.00014324147564394915
1585.605	0.0001373453724638125
1585.61	0.00013127225969116352
1585.6149999999998	0.0001332507229803402
1585.6200000000001	0.00013820447131038084
1585.625	0.00012740124605284723
1585.6299999999999	0.0001185388893039576
1585.635	0.0001282158352791985
1585.6399999999999	0.0001374701372338921
1585.645	0.00013202064320523378
1585.65	0.00012988500285884472
1585.655	0.00013514667366253683
1585.66	0.00013869135534585642
1585.665	0.00013988612352720974
1585.6699999999998	0.00013889112727475438
1585.675	0.00013568597515633448
1585.68	0.00013301828960906236
1585.685	0.00013080679138995148
1585.69	0.00012756418724954816
1585.695	0.0001223266707929476
1585.6999999999998	0.00011763344870039783
1585.7050000000002	0.00011718428183686542
1585.71	0.00012183930656573807
1585.715	0.00012920594908462382
1585.72	0.00013555366219352645
1585.725	0.0001383504177799793
1585.7299999999998	0.00014171411265997928
1585.7350000000001	0.00014665634262764848
1585.74	0.00015211144519272223
1585.745	0.00015473627442190793
1585.75	0.00015528025032759973
1585.7549999999999	0.00015276459688176144
1585.7599999999998	0.00014941815587475477
1585.765	0.00015058248921149636
1585.77	0.00015529139346942404
1585.775	0.00015642780463599916
1585.78	0.00015160783575055681
1585.7849999999999	0.00014536254810608703
1585.79	0.00014111708068449962
1585.795	0.00014412558421380555
1585.8	0.00015054524154496535
1585.805	0.00014879348220486245
1585.81	0.00014241403232377424
1585.8149999999998	0.00014492326589922764
1585.82	0.0001545840824744872
1585.825	0.00016298030074808148
1585.83	0.00016639307812298383
1585.835	0.00016720919182441394
1585.84	0.00016736072905689127
1585.8449999999998	0.00016699254201908587
1585.8500000000001	0.00016703799322795892
1585.855	0.0001669640429264611
1585.86	0.00016675030732193552
1585.865	0.00016637434812311278
1585.87	0.00016572586520174855
1585.8749999999998	0.00016633191547460487
1585.88	0.00016699724061947164
1585.885	0.00016664555537840807
1585.89	0.00016546418930571681
1585.895	0.00016457737712818386
1585.8999999999999	0.0001624854949004948
1585.905	0.00015759919463274115
1585.91	0.00015009402723668885
1585.915	0.00014123796105079174
1585.92	0.00013261448945627033
1585.925	0.00012682585975058345
1585.9299999999998	0.00012792003908068276
1585.935	0.00013499339092173387
1585.94	0.00014392051203699122
1585.945	0.00015248048436752217
1585.95	0.00015572008712104308
1585.955	0.00015642221562747296
1585.9599999999998	0.0001574619244536856
1585.965	0.00015978807301946985
1585.97	0.00016045749534665554
1585.975	0.00015854733827453364
1585.98	0.00015100809802863428
1585.985	0.00013707754238628835
1585.9899999999998	0.0001289597541243057
1585.9950000000001	0.00013352940842325267
1586	0.00014088097454687695
1586.005	0.0001389468246179408
1586.01	0.00013232497559350116
1586.0149999999999	0.00012677687419129167
1586.02	0.00012239785435331094
1586.025	0.00012162409794613785
1586.03	0.00012567914610768014
1586.035	0.0001287849450167748
1586.04	0.00012379653187160196
1586.0449999999998	0.00011483111099906237
1586.05	0.0001144205340765304
1586.055	0.0001270138265951319
1586.06	0.00013871402269740498
1586.065	0.00014264387300629426
1586.07	0.00014385815043070678
1586.0749999999998	0.00014350942894149959
1586.08	0.00014202034829576508
1586.085	0.00014239451615740897
1586.09	0.00014387153604184313
1586.095	0.00014454292004394
1586.1	0.00014451253998135134
1586.1049999999998	0.00014440916842604792
1586.11	0.00013824013629185666
1586.115	0.00012764130130943346
1586.1200000000001	0.00012640743856191412
1586.125	0.00013943509320521688
1586.1299999999999	0.00014384289100629008
1586.135	0.00013793498632713359
1586.14	0.00013177374815438164
1586.145	0.00013155803817850982
1586.15	0.00014043489515894728
1586.155	0.00014850465494741795
1586.1599999999999	0.0001511597708906178
1586.165	0.00015332407468956208
1586.17	0.0001535439691084044
1586.175	0.0001518250632717725
1586.18	0.00014897196492919746
1586.185	0.0001453796760030908
1586.1899999999998	0.0001418570791034642
1586.195	0.00014018327753881463
1586.2	0.00014262184398026326
1586.205	0.00014904821519174942
1586.21	0.00015109617236685934
1586.215	0.00014826296428124304
1586.2199999999998	0.00014688390621359448
1586.225	0.00014628446669007268
1586.23	0.00014487335480738457
1586.2350000000001	0.00014233587501806343
1586.24	0.00013642439158119106
1586.245	0.00012585807024801038
1586.25	0.00011379903204934816
1586.2549999999999	0.00010556485527865171
1586.26	0.00010451677867386662
1586.265	0.00011032692299911826
1586.27	0.00012286479435063153
1586.2749999999999	0.00013453870360907402
1586.28	0.00014137616792954182
1586.2849999999999	0.0001424374536337731
1586.29	0.0001386863366404751
1586.295	0.00013495219643735733
1586.3	0.00013742544239829662
1586.3049999999998	0.00014453700952076352
1586.31	0.00014824991034575511
1586.315	0.00014586645030964025
1586.32	0.00014244049150883263
1586.325	0.00013953079316691294
1586.33	0.0001387854761972834
1586.3349999999998	0.00014289693917926587
1586.34	0.00014907013468543228
1586.345	0.0001519611886030428
1586.3500000000001	0.00015040809596518777
1586.355	0.0001486330307031829
1586.36	0.00014889614423299515
1586.365	0.0001490146833088643
1586.37	0.0001479045786256888
1586.375	0.0001486739317587844
1586.38	0.0001494163696143066
1586.385	0.00014373317011559677
1586.3899999999999	0.00013421892678873082
1586.395	0.00013102866080153173
1586.3999999999999	0.00013809286623744812
1586.405	0.00014820899095476398
1586.41	0.00015261626243407794
1586.415	0.00015324831462878687
1586.4199999999998	0.00015407477178
1586.425	0.0001563175465317786
1586.4299999999998	0.00015573348054881455
1586.435	0.00015243184599568685
1586.44	0.0001509151218402273
1586.445	0.00015203127771923935
1586.4499999999998	0.0001509443374916994
1586.455	0.00014884200759630997
1586.46	0.00014550776388863357
1586.4650000000001	0.00013673908913032647
1586.47	0.00013568846491274702
1586.475	0.00014544416094512168
1586.48	0.00015174935378305587
1586.485	0.00015201898278305326
1586.49	0.00015327247982166225
1586.4950000000001	0.00015770911624271783
1586.5	0.00015663637650945123
1586.5049999999999	0.00015114148538709207
1586.51	0.00014828051991878672
1586.5149999999999	0.0001510105790137645
1586.52	0.00015463234334508541
1586.525	0.00015538094844929495
1586.53	0.00015481272856353155
1586.5349999999999	0.00015633562780252827
1586.54	0.00015878186560965642
1586.5449999999998	0.00015833488794208463
1586.55	0.0001570974665818879
1586.555	0.0001541009607454499
1586.56	0.00014901995203390174
1586.5649999999998	0.00014489524727384214
1586.57	0.000145074658376419
1586.5749999999998	0.00014952054827810178
1586.5800000000002	0.0001537048499017177
1586.585	0.0001553202401404431
1586.59	0.00015327838257612203
1586.595	0.00014819579228190073
1586.6	0.00014057077721698385
1586.605	0.0001340597384227069
1586.6100000000001	0.00013137487983145763
1586.615	0.00013211797637794825
1586.62	0.00013358525892181859
1586.625	0.00013610403853990023
1586.6299999999999	0.00014392525718259365
1586.635	0.00014952461694720957
1586.64	0.00014892039786558575
1586.645	0.0001456469146884539
1586.6499999999999	0.00014460383681580413
1586.655	0.0001460528668040953
1586.6599999999999	0.00013968063144371155
1586.665	0.00012769424024901375
1586.67	0.0001266938081159179
1586.675	0.0001366282828941682
1586.6799999999998	0.00014541168220684694
1586.685	0.00015010284100934007
1586.6899999999998	0.0001536674076979845
1586.6950000000002	0.00015316715064750693
1586.7	0.00014901318921499825
1586.705	0.00014692387122819509
1586.71	0.0001483528880900845
1586.715	0.00015060818478701758
1586.7199999999998	0.0001516196861988789
1586.7250000000001	0.000150164206034776
1586.73	0.00014390658046598644
1586.735	0.00013590016865721628
1586.74	0.00013111589854680378
1586.745	0.0001342378385377634
1586.7499999999998	0.00014347310479653156
1586.755	0.0001500569206738567
1586.76	0.00015158538052549068
1586.7649999999999	0.00015050390623880505
1586.77	0.00015070056536735108
1586.7749999999999	0.00015130923269071294
1586.78	0.0001519098374871083
1586.785	0.00015102239624801753
1586.79	0.00014438590508030112
1586.7949999999998	0.0001355698762041679
1586.8	0.00013674917790929285
1586.8049999999998	0.00014168626275689933
1586.81	0.00013157434332063968
1586.815	0.00012384828705874073
1586.82	0.00013063162030944398
1586.825	0.000142155815720814
1586.83	0.00014820224545449324
1586.8349999999998	0.00014690438317545954
1586.8400000000001	0.00014352678428080598
1586.845	0.00014383505907805764
1586.85	0.0001476574451352952
1586.855	0.0001490976195990027
1586.86	0.00014986661280244376
1586.8649999999998	0.00015095980266941963
1586.8700000000001	0.00015171519062846694
1586.875	0.0001506514093107934
1586.8799999999999	0.00014926577594275811
1586.885	0.00015015372431670095
1586.8899999999999	0.0001489763599044635
1586.895	0.0001455902778152079
1586.9	0.00014342194802865834
1586.905	0.0001447941207026981
1586.9099999999999	0.00014736614452250918
1586.915	0.0001468893589774858
1586.9199999999998	0.0001470441516449283
1586.925	0.00014748301095017795
1586.93	0.0001427076705002775
1586.935	0.00013344637123726292
1586.94	0.00012763947013386733
1586.945	0.0001271077774013917
1586.9499999999998	0.0001290491528234228
1586.955	0.0001317142569522715
1586.96	0.0001352617166039376
1586.965	0.0001409371105553346
1586.97	0.00013921079754583064
1586.975	0.00012787298739516144
1586.9799999999998	0.00012839019217114996
1586.9850000000001	0.00013674320383866517
1586.99	0.00013408493425127484
1586.995	0.00012956066346325704
1587	0.00013645958493561418
1587.0049999999999	0.00014488407073880968
1587.01	0.00014803491107800719
1587.015	0.0001459400359519419
1587.02	0.0001420862958268374
1587.025	0.0001411293826823151
1587.03	0.00014416857866491977
1587.0349999999999	0.00014863554599665296
1587.04	0.00015079223675004284
1587.045	0.00015033354370688832
1587.05	0.0001506534593401156
1587.055	0.00015251527644844057
1587.06	0.00015218520512851817
1587.0649999999998	0.0001485540437382255
1587.07	0.00014614290031256938
1587.075	0.00014543950243485704
1587.08	0.00014342090792686548
1587.085	0.00014190054454741533
1587.09	0.0001448443248210079
1587.0949999999998	0.0001498886498858043
1587.1	0.00015402534222146505
1587.105	0.00015542828303591647
1587.11	0.00015586136286162034
1587.115	0.00015631145103682206
1587.12	0.00015688822948696713
1587.125	0.0001573076508355278
1587.13	0.00015685898125560526
1587.135	0.0001557642459726743
1587.14	0.00015487275832322335
1587.145	0.00014923647950876556
1587.1499999999999	0.00014142789686725214
1587.155	0.00014031289968788205
1587.16	0.00014403396492563162
1587.165	0.00014050754821538257
1587.17	0.0001314412282804879
1587.175	0.00012568757629102532
1587.1799999999998	0.00012767975774022634
1587.185	0.00013519951436305632
1587.19	0.00014340313448216605
1587.195	0.00014749033391740893
1587.2	0.0001475701615666607
1587.205	0.0001465705428982723
1587.2099999999998	0.00014537040439087013
1587.215	0.00014347519859880987
1587.22	0.00014305195115738495
1587.225	0.00014241367201131637
1587.23	0.00013771133851741047
1587.235	0.00013066095698184454
1587.24	0.00012862546633070013
1587.245	0.00013317692579678354
1587.25	0.00013828177696269077
1587.255	0.00014016641768641201
1587.26	0.00013999388813709705
1587.2649999999999	0.0001404976334325006
1587.27	0.00014262489927706917
1587.275	0.00014522014933146237
1587.28	0.00014766710241562867
1587.285	0.00014868164979645426
1587.29	0.0001477931487891821
1587.2949999999998	0.00014518492031189781
1587.3	0.00014209871908308247
1587.305	0.00014157379583006706
1587.31	0.0001422272518124024
1587.315	0.0001361239870613461
1587.32	0.00012379956578609084
1587.3249999999998	0.0001184241901638964
1587.33	0.00012668914321003802
1587.335	0.00014099777153262202
1587.34	0.0001471962885424408
1587.345	0.00014740663608685782
1587.35	0.00014788131986073132
1587.355	0.00014521770021254835
1587.36	0.00013849120143748038
1587.365	0.00013362279480444547
1587.3700000000001	0.00013440337508178175
1587.375	0.0001394431364877569
1587.3799999999999	0.00014492356142814782
1587.385	0.00014756211786667387
1587.3899999999999	0.00014609286189393853
1587.395	0.00014132925571864064
1587.4	0.00013556485909545446
1587.405	0.00013189604571870833
1587.4099999999999	0.00013199682855958702
1587.415	0.0001340439146543682
1587.4199999999998	0.00013539012013719177
1587.425	0.00013662107874426444
1587.43	0.00013817070840977224
1587.435	0.00014072849571067144
1587.4399999999998	0.00014197453941396874
1587.445	0.00013895720297957677
1587.45	0.00012951526001546152
1587.455	0.00011741412791841781
1587.46	0.00011179680915497176
1587.465	0.00011851762680144239
1587.47	0.00012347009216329756
1587.475	0.0001182106904675303
1587.48	0.00012117969707838826
1587.4850000000001	0.0001290312742815925
1587.49	0.0001299741147550482
1587.495	0.0001253332525781428
1587.5	0.00012193603428944352
1587.5049999999999	0.00012171879433423023
1587.51	0.00012352080713549314
1587.515	0.00012545805253580367
1587.52	0.00012485231742424165
1587.5249999999999	0.00012541690620540468
1587.53	0.00013015700988200414
1587.5349999999999	0.00013622021171725066
1587.54	0.0001397821695967692
1587.545	0.00014090481684962653
1587.55	0.00014201267451447702
1587.5549999999998	0.00014458595928140678
1587.56	0.00014715332848872783
1587.5649999999998	0.00014876217508234403
1587.57	0.0001492822869906214
1587.575	0.0001498173445065998
1587.58	0.00015002052265528575
1587.585	0.00015042643635373518
1587.59	0.00015040988397244294
1587.595	0.00015029980951671812
1587.6000000000001	0.00015039257109660854
1587.605	0.0001506685269682696
1587.61	0.00015074290209864084
1587.615	0.0001500036694430896
1587.62	0.00014905570439954858
1587.625	0.00014862128685920337
1587.63	0.00014811685813433516
1587.635	0.00014660454021523297
1587.6399999999999	0.00014446260347508762
1587.645	0.00014298515018529523
1587.6499999999999	0.00014157881402774563
1587.655	0.00014073347373786554
1587.66	0.00013965624148535436
1587.665	0.00013836641580850724
1587.6699999999998	0.0001393524909460609
1587.675	0.00014234526978975604
1587.6799999999998	0.00014335679350439243
1587.685	0.00014291178623592797
1587.69	0.00014291929177993472
1587.695	0.00014403422224537423
1587.7	0.00014466142808734517
1587.705	0.00014322822260338713
1587.7099999999998	0.00013924576894268944
1587.7150000000001	0.0001343546526756812
1587.72	0.00013173925074439532
1587.725	0.00013354722932085237
1587.73	0.0001367505246921621
1587.735	0.00013532331782552265
1587.74	0.00012916239813159127
1587.7450000000001	0.00012524860853161323
1587.75	0.0001272634540448478
1587.7549999999999	0.00013271981656916567
1587.76	0.00013676994194513104
1587.7649999999999	0.0001381936644003796
1587.77	0.0001412224478164225
1587.775	0.00014472861307092159
1587.78	0.00014627669597298566
1587.7849999999999	0.00014563367407076833
1587.79	0.00014471866842275322
1587.7949999999998	0.00014259704606132148
1587.8	0.00013768178145452515
1587.805	0.0001324116673870289
1587.81	0.00012759840789813848
1587.815	0.00012752320600004172
1587.82	0.00013465598994294217
1587.8249999999998	0.0001410154507728066
1587.8300000000002	0.00013999664861245517
1587.835	0.00013965403873804583
1587.84	0.00014209900932637913
1587.845	0.00014552152389352025
1587.85	0.0001473972500812463
1587.8549999999998	0.0001481147374032953
1587.8600000000001	0.00014830447664348982
1587.865	0.00014843209092100867
1587.87	0.00014807721339429527
1587.875	0.00014739667256102862
1587.8799999999999	0.000147122358491738
1587.8849999999998	0.0001471072146341955
1587.89	0.00014600427571180935
1587.895	0.00014422384029731634
1587.9	0.00014245836511082055
1587.905	0.00014125783640049202
1587.9099999999999	0.0001409989274349021
1587.915	0.0001414511933778958
1587.92	0.00014156800058513346
1587.925	0.0001401424072657988
1587.93	0.00013708558357056652
1587.935	0.00013365606756357543
1587.9399999999998	0.0001313274431155911
1587.945	0.0001319078112052463
1587.95	0.00013652081579679297
1587.955	0.00014123779219585327
1587.96	0.00014356616172658102
1587.965	0.00014352515683528893
1587.9699999999998	0.00014322676135074594
1587.9750000000001	0.00014403171353904938
1587.98	0.00014285170187064314
1587.985	0.00013857507218720328
1587.99	0.00013739326071592102
1587.995	0.00013811020462486405
1587.9999999999998	0.00013238059333905514
1588.005	0.00013138684276214647
1588.01	0.00013742769018944861
1588.015	0.00013996631401164624
1588.02	0.0001390779735485314
1588.0249999999999	0.00013936532190316218
1588.0299999999997	0.00013756145648596816
1588.035	0.00013375666023381506
1588.04	0.0001328648490916192
1588.045	0.0001351717094186867
1588.05	0.0001371556113224672
1588.0549999999998	0.0001369576075756525
1588.06	0.0001361897313720416
1588.065	0.0001353614878903926
1588.07	0.0001318593773440653
1588.075	0.00012688580381941986
1588.08	0.00012514511322202438
1588.0849999999998	0.0001277650339499591
1588.09	0.0001322558048115778
1588.095	0.00013654045060166944
1588.1	0.00013880856489487684
1588.105	0.00013968534471597816
1588.11	0.00013982911664324149
1588.1149999999998	0.00013956627467252606
1588.1200000000001	0.00013904388454373661
1588.125	0.00013830535223899597
1588.13	0.00013785351271610182
1588.135	0.0001377828174001347
1588.1399999999999	0.00013506696585920773
1588.145	0.00012465138942502053
1588.15	0.00011783264296589619
1588.155	0.00012298237776026846
1588.16	0.00013357642818299513
1588.165	0.0001401314427772403
1588.1699999999998	0.00014252521812372845
1588.175	0.00014278804881028896
1588.18	0.00014259633480457479
1588.185	0.00014256563736125835
1588.19	0.00014155261673270866
1588.195	0.00013936532242867023
1588.1999999999998	0.00013800849935445572
1588.205	0.00013735668575898399
1588.21	0.00013624642429342282
1588.215	0.00013549518228782352
1588.22	0.0001362877707476907
1588.225	0.0001362196212544669
1588.2299999999998	0.0001336555190783227
1588.235	0.00013288916649104507
1588.24	0.0001339274171009881
1588.2450000000001	0.0001320720479093834
1588.25	0.00013016924810649923
1588.2549999999999	0.0001305405473279404
1588.26	0.00013115921533065304
1588.265	0.00012990052381927296
1588.27	0.00012660949058799158
1588.275	0.00012233544790374637
1588.28	0.00011841943290395374
1588.2849999999999	0.00011596290426237448
1588.29	0.00011584193743071533
1588.295	0.00011785884189640659
1588.3	0.0001201418683969384
1588.305	0.00012146805112831688
1588.31	0.00012178900179752659
1588.3149999999998	0.00012068095970320462
1588.32	0.0001198363917372609
1588.325	0.0001217903122781274
1588.33	0.00012363098577508518
1588.335	0.00012149414069143548
1588.34	0.0001209976726229646
1588.3449999999998	0.00012479753852481085
1588.35	0.00013058674273442043
1588.355	0.00013231995377493427
1588.3600000000001	0.0001320975246922264
1588.365	0.0001327219180266735
1588.37	0.00013461399025920068
1588.375	0.0001359831062897075
1588.3799999999999	0.00013668583981478656
1588.385	0.00013668583338289486
1588.39	0.00013618656876618156
1588.395	0.00013581752331217933
1588.3999999999999	0.0001358984563670364
1588.405	0.00013611862958567666
1588.4099999999999	0.00013609545167420406
1588.415	0.00013553227505095754
1588.42	0.00013368791685887442
1588.425	0.0001311538222677025
1588.4299999999998	0.00012820547198762967
1588.435	0.00012624891207230042
1588.44	0.00012573314691957083
1588.445	0.00012694874967072845
1588.45	0.00013072940429877233
1588.455	0.0001332518954476931
1588.4599999999998	0.0001328343816259007
1588.465	0.0001273915322261372
1588.47	0.00012029103227881052
1588.4750000000001	0.00011921116336346889
1588.48	0.00012507637373744944
1588.485	0.00012934577910906047
1588.49	0.00012695135756178046
1588.495	0.00012519211634947098
1588.5	0.00012564795054571543
1588.505	0.00012685313739215976
1588.51	0.0001271854446407655
1588.5149999999999	0.00012564354295864564
1588.52	0.00012074279572210872
1588.5249999999999	0.00011510357754189286
1588.53	0.00011192879013580772
1588.535	0.0001127909220483214
1588.54	0.00011711958549387467
1588.5449999999998	0.00012247587454900923
1588.55	0.00012585006291453298
1588.5549999999998	0.0001253042736941555
1588.56	0.00012248607333186282
1588.565	0.00012222526867210082
1588.57	0.00012285499962002135
1588.5749999999998	0.00012153912300496556
1588.58	0.00011695251355228117
1588.585	0.00011050523884288903
1588.5900000000001	0.00010666283115652027
1588.595	0.00010836352821167648
1588.6	0.0001142322151631699
1588.605	0.00011901012810640716
1588.61	0.00012082869878409094
1588.615	0.00012070740561947138
1588.6200000000001	0.00012132966593273455
1588.625	0.0001242814418880143
1588.6299999999999	0.0001278858389857291
1588.635	0.00012979112920224922
1588.6399999999999	0.0001286737022707472
1588.645	0.00012587692555568336
1588.65	0.0001263149314415283
1588.655	0.00013062761527925403
1588.6599999999999	0.00013432553566236798
1588.665	0.00013588890038279677
1588.6699999999998	0.00013613979336295977
1588.675	0.00013570130756719335
1588.68	0.0001337471273217791
1588.685	0.0001299119061183821
1588.6899999999998	0.00012781171155493037
1588.695	0.00012900063292428247
1588.6999999999998	0.00012838591736546258
1588.7050000000002	0.00012585847791121309
1588.71	0.0001262332220735004
1588.715	0.00012838763200003213
1588.72	0.00012896785564784044
1588.725	0.0001284207056605863
1588.73	0.0001283950575640647
1588.7350000000001	0.00012527312086149282
1588.74	0.00011796778385962088
1588.745	0.00011202653195243002
1588.75	0.00011310221467955045
1588.7549999999999	0.00011841565639960882
1588.76	0.00012212740077957796
1588.765	0.0001205175530977553
1588.77	0.00011557066246427398
1588.7749999999999	0.00011070610218517045
1588.78	0.00011126481520254353
1588.7849999999999	0.00011801403918006136
1588.79	0.0001251828334210699
1588.795	0.000126829507133435
1588.8	0.00012215682476611204
1588.8049999999998	0.00011987725480112995
1588.81	0.00012513211681067452
1588.8149999999998	0.0001307293812941216
1588.8200000000002	0.00013062499454192058
1588.825	0.00012817060024729527
1588.83	0.00012875921616468448
1588.835	0.00013189489436946008
1588.84	0.00013376956666643732
1588.8449999999998	0.00013229493547442398
1588.8500000000001	0.00013000946226306783
1588.855	0.00012805014084588245
1588.86	0.00012579582845576297
1588.865	0.00012259642435008956
1588.87	0.00012060465010054055
1588.8749999999998	0.00012103060332199486
1588.88	0.00012061970597575754
1588.885	0.00011677291396719419
1588.8899999999999	0.00011211560383253686
1588.895	0.00011043912451248679
1588.8999999999999	0.00011199860147575274
1588.905	0.00011217631083863417
1588.91	0.00011092984245442837
1588.915	0.00011187246183491722
1588.9199999999998	0.00011033288267774445
1588.925	0.00010437360918348031
1588.9299999999998	0.00010196872759131413
1588.9350000000002	0.00010437198117300452
1588.94	0.00010738291104728362
1588.945	0.00010518514726662037
1588.95	0.00009861311500492567
1588.955	0.0000934403694806441
1588.9599999999998	0.00009358170268274223
1588.9650000000001	0.00010003922652704034
1588.97	0.0001097296242891154
1588.975	0.00011917313342190791
1588.98	0.00012622754028692059
1588.985	0.00013017297418989435
1588.9899999999998	0.00013101376351376727
1588.9950000000001	0.00012980211025447397
1589	0.00013010998336543503
1589.0049999999999	0.00013265674286081134
1589.01	0.0001354677042391775
1589.0149999999999	0.00013602552362856256
1589.02	0.0001332446471958038
1589.025	0.0001290670487338445
1589.03	0.00012751190977984927
1589.0349999999999	0.00012950913195715997
1589.04	0.00013103560073528974
1589.0449999999998	0.00012901596108388474
1589.05	0.0001252955159308859
1589.055	0.00012576601509176427
1589.06	0.00013030393071260696
1589.065	0.00013405658968296933
1589.07	0.00013556721537825902
1589.0749999999998	0.00013608750944381736
1589.08	0.00013548624080076825
1589.085	0.00013409877214586382
1589.09	0.00013364269053371873
1589.095	0.00013491378033070724
1589.1	0.00013607557956266583
1589.1049999999998	0.00013495972776603605
1589.1100000000001	0.0001324595656671771
1589.115	0.0001290842219911058
1589.12	0.00012461956002917396
1589.125	0.0001192153494261973
1589.1299999999999	0.00011810230085702284
1589.135	0.00012296565250405927
1589.14	0.00012980007040686581
1589.145	0.00013192171679109391
1589.1499999999999	0.00013211157043214333
1589.155	0.0001318931291386523
1589.1599999999999	0.0001253212125507522
1589.165	0.00012352222898124576
1589.17	0.0001280000062940334
1589.175	0.0001309860477481133
1589.18	0.00013093555694825075
1589.185	0.00012900983367070606
1589.1899999999998	0.00012374496244133343
1589.195	0.00011576314869167418
1589.2	0.00010851404597576144
1589.205	0.00010409112357983224
1589.21	0.00010228632465617307
1589.215	0.00010290981075184224
1589.2199999999998	0.00010565587675015566
1589.225	0.00010966736562652117
1589.23	0.00011379302149166431
1589.235	0.00011850564100813567
1589.24	0.000124519590623781
1589.245	0.00013004767935526068
1589.25	0.0001334963057589508
1589.255	0.00013533816637699276
1589.26	0.00013717945202851417
1589.265	0.00013887087314433635
1589.27	0.00013956978840375174
1589.2749999999999	0.00013987861504650734
1589.28	0.000140101287939574
1589.285	0.00014003440673495332
1589.29	0.00013982032356548262
1589.295	0.000139272631132766
1589.3	0.00013782553542365542
1589.3049999999998	0.00013416292132188088
1589.31	0.0001288346258198081
1589.315	0.00012804004653420233
1589.32	0.00013063145781967914
1589.325	0.00012842630777489436
1589.33	0.00012476587654436147
1589.3349999999998	0.00012776228713485473
1589.34	0.00013375405166748724
1589.345	0.0001345807764976973
1589.35	0.00013102229289851185
1589.355	0.00012732226718300776
1589.36	0.00012626004073043346
1589.365	0.00012854609463368384
1589.37	0.00013300541700423264
1589.375	0.00013734289938333513
1589.38	0.0001396406437988798
1589.385	0.000139897297796074
1589.3899999999999	0.0001398194488307688
1589.395	0.00013972836553084102
1589.4	0.00013889874406512802
1589.405	0.00013612416510972125
1589.41	0.00013024840990642309
1589.415	0.00012261172872984747
1589.4199999999998	0.0001161649421561549
1589.425	0.00011342609589661173
1589.43	0.00011457231490183743
1589.435	0.00011856267879744063
1589.44	0.00012407615588495255
1589.445	0.00013016727784453703
1589.4499999999998	0.00013348944739695535
1589.455	0.0001337004453545452
1589.46	0.0001315171930732972
1589.465	0.00012995462280010524
1589.47	0.00013108735389331876
1589.475	0.0001334473751895348
1589.48	0.00013455898883807412
1589.485	0.0001350020904004887
1589.49	0.00013636475718130036
1589.4950000000001	0.00013743628837737117
1589.5	0.00013697354143766218
1589.5049999999999	0.0001356846525791746
1589.51	0.0001342804621545661
1589.5149999999999	0.0001311399595757954
1589.52	0.00012510567510805944
1589.525	0.00011851118248082672
1589.53	0.00011559690955141991
1589.5349999999999	0.00011856905809542936
1589.54	0.00012510928832201352
1589.5449999999998	0.00013075578647239115
1589.55	0.00013401951617588394
1589.555	0.00013491344552546435
1589.56	0.00013518617906820206
1589.5649999999998	0.00013628010022773062
1589.57	0.00013765479171856044
1589.575	0.00013816742287624487
1589.58	0.0001382558838589092
1589.585	0.00013892328269717055
1589.59	0.00014018651042213171
1589.595	0.00014121916952362774
1589.6	0.00014083890565214297
1589.605	0.00014074722903367642
1589.6100000000001	0.0001400661656721724
1589.615	0.0001371597927865347
1589.62	0.0001317708071133799
1589.625	0.00012696725132213638
1589.6299999999999	0.00012587692328722938
1589.635	0.00012801575827707791
1589.64	0.00012962517832609564
1589.645	0.00012991848181451098
1589.6499999999999	0.00013119702889160357
1589.655	0.00013167459077547493
1589.6599999999999	0.00012879439466002946
1589.665	0.00012200485298886428
1589.67	0.00010634290319863652
1589.675	0.00009298732147729865
1589.6799999999998	0.0000949579672727051
1589.685	0.00011009061940458224
1589.6899999999998	0.00011552373755577195
1589.695	0.0001070449205949472
1589.7	0.00009886911773713424
1589.705	0.00009899678432447532
1589.71	0.00010723993143707373
1589.715	0.00011973878237120234
1589.72	0.00012977256756037064
1589.7250000000001	0.0001342853347295486
1589.73	0.00013424316241431874
1589.735	0.00013093453900556767
1589.74	0.00012761513626874437
1589.745	0.00012840689281321931
1589.75	0.00013230312018581758
1589.755	0.0001345353036354396
1589.76	0.0001338424505674755
1589.7649999999999	0.0001328909973654319
1589.77	0.00013234991416851436
1589.7749999999999	0.00012858653291024296
1589.78	0.00012098081374227469
1589.785	0.00011169707069462364
1589.79	0.00010579579733389524
1589.7949999999998	0.00010698653825232008
1589.8	0.00011571068364782223
1589.8049999999998	0.00012466492926376056
1589.81	0.0001256243513587439
1589.815	0.00012127881516841503
1589.82	0.00012025426963583229
1589.825	0.0001226202932464235
1589.83	0.00012644894554827887
1589.8349999999998	0.0001260800701333374
1589.8400000000001	0.0001194525476445732
1589.845	0.0001172851523088691
1589.85	0.00012388660964016428
1589.855	0.00013237911378630136
1589.86	0.0001368394045473847
1589.865	0.00013846941503385112
1589.8700000000001	0.00014125217166454014
1589.875	0.00014372649097902783
1589.8799999999999	0.00014449266218191027
1589.885	0.0001438708003409424
1589.8899999999999	0.00014233806351621864
1589.895	0.00014004194539595391
1589.9	0.00013751362175125532
1589.905	0.00013592315053415134
1589.9099999999999	0.00013665226975441536
1589.915	0.00013944787787591382
1589.9199999999998	0.00014338937130174606
1589.925	0.00014625765419816375
1589.93	0.00014771612941664618
1589.935	0.00014790697497691838
1589.94	0.0001467242247073646
1589.945	0.00014351771178035147
1589.9499999999998	0.00013769329819559445
1589.9550000000002	0.0001313832499641573
1589.96	0.00012862281826083146
1589.965	0.00013079953702066548
1589.97	0.00013636675717917704
1589.975	0.00014165609926188502
1589.9799999999998	0.00014411921256147063
1589.9850000000001	0.000145388975691792
1589.99	0.00014623400819889775
1589.995	0.0001444250443774129
1590	0.00013995361414982638
1590.0049999999999	0.00013799188739646324
1590.0099999999998	0.00014053964609875224
1590.015	0.00014384683462539713
1590.02	0.00014273727495383025
1590.0249999999999	0.00014116424158097378
1590.03	0.00013995497840533892
1590.0349999999999	0.00013260349941493157
1590.04	0.00012285112160399114
1590.045	0.00012214045995273754
1590.05	0.00013009263447454078
1590.055	0.00013650467959131323
1590.06	0.00013638766211176976
1590.0649999999998	0.00013447154491753915
1590.07	0.00013776598201695222
1590.075	0.00014511237449319373
1590.08	0.00014884689411003807
1590.085	0.0001488824158446439
1590.09	0.0001474053527041468
1590.0949999999998	0.0001463738737745451
1590.1000000000001	0.0001463394806911721
1590.105	0.00014689923566288559
1590.11	0.00014590632350288036
1590.115	0.00014407995725755475
1590.12	0.00014239664106400324
1590.1249999999998	0.00014123922718457414
1590.13	0.00013934744294788085
1590.135	0.00013633957368549776
1590.14	0.00013271610235939817
1590.145	0.00013031681867472307
1590.1499999999999	0.00013126692122412135
1590.1549999999997	0.00013687281168457533
1590.16	0.00014452816264691888
1590.165	0.0001481617508135003
1590.17	0.00014881097219375265
1590.175	0.00014773420604109391
1590.1799999999998	0.00014441765998465152
1590.185	0.0001389601663148281
1590.19	0.0001350614429094472
1590.195	0.000135566026850249
1590.2	0.00013984704759369745
1590.205	0.00014435224013260273
1590.2099999999998	0.00014629850726686464
1590.215	0.0001455801623658503
1590.22	0.00014262439858142077
1590.225	0.00013782220451668498
1590.23	0.00013375652506389973
1590.235	0.00013216921270108452
1590.2399999999998	0.0001321752804388727
1590.2450000000001	0.0001308403653829141
1590.25	0.00012762620933339577
1590.255	0.000125108429008985
1590.26	0.00012518372938832262
1590.2649999999999	0.00012719675683383954
1590.2699999999998	0.00013067782270743912
1590.275	0.00013532665261791705
1590.28	0.00013897848207399265
1590.285	0.0001396026982318046
1590.29	0.0001365136342759389
1590.2949999999998	0.00013252498498332282
1590.3	0.0001303247823550896
1590.305	0.00013108334884125587
1590.31	0.00013433589841970416
1590.315	0.0001382048031868156
1590.32	0.00014186006145301976
1590.3249999999998	0.0001418240754168613
1590.33	0.00013782646617278716
1590.335	0.0001282505615857402
1590.34	0.00011899952573805406
1590.345	0.00012178726587618056
1590.35	0.0001316594816501507
1590.3549999999998	0.00013856006287512514
1590.36	0.0001384463367714134
1590.365	0.00013736456310952947
1590.3700000000001	0.000137942936704322
1590.375	0.0001389589633984011
1590.3799999999999	0.00013773996268876267
1590.385	0.00013186245266851997
1590.39	0.000122334238891325
1590.395	0.00011558022961053417
1590.4	0.00011580366457579141
1590.405	0.00012158648328418166
1590.4099999999999	0.00012908848727696793
1590.415	0.0001341281775558575
1590.42	0.00013637742653253973
1590.425	0.00013464140901405915
1590.43	0.00012920525740640318
1590.435	0.00012338896036124993
1590.4399999999998	0.00011994877519727012
1590.445	0.00011964550686243025
1590.45	0.00012199679498027458
1590.455	0.00012423972907438114
1590.46	0.00012233324364972756
1590.465	0.00011678200844582941
1590.4699999999998	0.00011255046167100366
1590.475	0.00011425204009853136
1590.48	0.0001213650409533124
1590.4850000000001	0.00013035106842209239
1590.49	0.00013394600435138803
1590.495	0.00013453203887038717
1590.5	0.00013522877871389557
1590.5049999999999	0.00013162008596674773
1590.51	0.00012618131615076136
1590.515	0.00012616411801746064
1590.52	0.00013183415537571422
1590.5249999999999	0.0001362950142952226
1590.53	0.00013497633191101517
1590.535	0.0001291755364258802
1590.54	0.0001218081902750473
1590.545	0.00012088341481700658
1590.55	0.0001273356082572325
1590.5549999999998	0.00013565461367629847
1590.56	0.00014007558738299622
1590.565	0.00014167657590194178
1590.57	0.00014221295467715413
1590.575	0.00014016234504352898
1590.58	0.00013624414817301972
1590.5849999999998	0.00013630800293926292
1590.59	0.00013675498060683442
1590.595	0.00013006700695498426
1590.6000000000001	0.0001219145228508269
1590.605	0.0001184852528956237
1590.61	0.00012209330357985864
1590.615	0.00012982424722902616
1590.62	0.00013721343412613238
1590.625	0.00014190000120315705
1590.63	0.00014201780846155693
1590.635	0.00013749064046247265
1590.6399999999999	0.00012914360163922612
1590.645	0.00012530411285511026
1590.6499999999999	0.0001289753099845504
1590.655	0.00013582687706865004
1590.66	0.00013633662102187951
1590.665	0.00013068687722263346
1590.6699999999998	0.00012878788474351708
1590.675	0.00013368257869903293
1590.6799999999998	0.00013982221487618765
1590.685	0.0001441751401033283
1590.69	0.00014308946097284038
1590.695	0.00014135937385242425
1590.6999999999998	0.00014221998038458703
1590.705	0.00014434915425467806
1590.71	0.00014506013344400568
1590.7150000000001	0.00014362817299289892
1590.72	0.00014103681303793774
1590.725	0.00013914164024282646
1590.73	0.00013842404077675277
1590.735	0.00013818392645115307
1590.74	0.00013761283275685844
1590.7450000000001	0.0001361560435651544
1590.75	0.00013389779957661272
1590.7549999999999	0.00013263231661907646
1590.76	0.0001346971471614742
1590.7649999999999	0.0001391423554827587
1590.77	0.00014282069069550978
1590.775	0.00014335159646723672
1590.78	0.000143291021100603
1590.7849999999999	0.0001441192803789301
1590.79	0.00014460980329258086
1590.7949999999998	0.00014234798967273387
1590.8	0.00013696487217635962
1590.805	0.00013204971294656251
1590.81	0.00013118243722264492
1590.8149999999998	0.00012796935596757773
1590.82	0.00011093778090116866
1590.8249999999998	0.00010035027174555909
1590.8300000000002	0.00010797464485862638
1590.835	0.00011459441673965904
1590.84	0.00010713695275356083
1590.845	0.00010358059747150574
1590.85	0.00011133517168370877
1590.855	0.00012424984904638314
1590.8600000000001	0.00013430017668823402
1590.865	0.00013604729390014566
1590.87	0.0001336330638343709
1590.875	0.0001357446685665242
1590.8799999999999	0.0001412181289475424
1590.885	0.00014235737835238847
1590.89	0.00014235726200576855
1590.895	0.0001400108104797333
1590.8999999999999	0.000135400507250211
1590.905	0.00013135738300969728
1590.9099999999999	0.00013098950206847686
1590.915	0.00013022984480738091
1590.92	0.00012189758288633446
1590.925	0.00011596041473572704
1590.9299999999998	0.00011764947345282854
1590.935	0.0001135536136617621
1590.9399999999998	0.00009956888334785093
1590.9450000000002	0.00008845294556695446
1590.95	0.00008792441676085762
1590.955	0.00009817081082316278
1590.96	0.00011414598050036936
1590.965	0.00012546979612223846
1590.9699999999998	0.00012987158732925762
1590.9750000000001	0.00012947103542785892
1590.98	0.00012640903460688733
1590.985	0.00012273789688208
1590.99	0.00012071635163895237
1590.995	0.0001216785670531217
1591	0.00012508328611946052
1591.005	0.0001291243330753976
1591.01	0.0001321044198756398
1591.0149999999999	0.00013270501665636606
1591.02	0.00013148784473595941
1591.0249999999999	0.00012907869631589326
1591.03	0.00012680590173042114
1591.035	0.0001264573937401147
1591.04	0.0001283941580443883
1591.0449999999998	0.00013134711677622525
1591.05	0.0001324855022285167
1591.0549999999998	0.00013194524135357497
1591.0600000000002	0.00013030746666780073
1591.065	0.00012782383878501275
1591.07	0.00012507109481728733
1591.075	0.00012355739195085867
1591.08	0.00012551839447422862
1591.0849999999998	0.00012965704000916895
1591.0900000000001	0.00012980332722237214
1591.095	0.0001251608375114824
1591.1	0.00012176914191543807
1591.105	0.00012378845310873556
1591.11	0.0001285937842397273
1591.1149999999998	0.0001302613495899887
1591.1200000000001	0.00012820169551684224
1591.125	0.0001252069726029196
1591.1299999999999	0.00012406450568904387
1591.135	0.00012426709302006619
1591.1399999999999	0.00012331986992725406
1591.1449999999998	0.00012108558424072631
1591.15	0.00011948392815657381
1591.155	0.00012054203005724537
1591.1599999999999	0.0001237371302655767
1591.165	0.00012694148186631786
1591.1699999999998	0.0001292777018416733
1591.175	0.0001296987600604137
1591.18	0.00012899324514129
1591.185	0.00012902748831332284
1591.19	0.00012910314458711443
1591.195	0.00012817021655881386
1591.1999999999998	0.0001272320065710441
1591.205	0.00012762267441795484
1591.21	0.0001292608842967349
1591.215	0.00013044734654740192
1591.22	0.00012996249646341152
1591.225	0.00012677217458202062
1591.2299999999998	0.00012136545490818933
1591.2350000000001	0.00011533317979011246
1591.24	0.00011163051205646209
1591.245	0.00011333356447451628
1591.25	0.00011971666914977661
1591.2549999999999	0.0001249990513965475
1591.26	0.00012547933386909137
1591.265	0.00012563949890679853
1591.27	0.00012459110314857674
1591.2749999999999	0.00011908073453165979
1591.28	0.00011315021454178959
1591.2849999999999	0.00011051079700137295
1591.29	0.00011014269908671823
1591.295	0.00011015632143725335
1591.3	0.00011077836637282055
1591.305	0.0001127039972462801
1591.31	0.00011370902244602759
1591.3149999999998	0.00011160138352372591
1591.32	0.00010880102867614837
1591.325	0.00011067787794698571
1591.33	0.00011725575749856462
1591.335	0.00012137015243333124
1591.34	0.00012055442719937784
1591.3449999999998	0.00011961131356815326
1591.35	0.0001230775953100952
1591.355	0.00012683362796670253
1591.36	0.00012863124594018186
1591.365	0.00012896665522917723
1591.37	0.00012992524114931382
1591.375	0.0001303722005307562
1591.38	0.00012911869458811747
1591.385	0.00012651233259648156
1591.3899999999999	0.0001245120313203991
1591.395	0.00012474489414235083
1591.3999999999999	0.00012713891577043526
1591.405	0.00012855170456553796
1591.41	0.00012627126623872552
1591.415	0.00012390002216463873
1591.42	0.00012487705462297885
1591.425	0.00012579764632672107
1591.4299999999998	0.00012272281565439577
1591.435	0.0001186546148717351
1591.44	0.00011813337544132805
1591.445	0.00012007392756282202
1591.45	0.00012046313658341393
1591.455	0.0001175855997508473
1591.4599999999998	0.00011327361885837214
1591.465	0.00011043751858586974
1591.47	0.00010986206492763248
1591.475	0.00011142051780564474
1591.48	0.00011378170062416907
1591.485	0.00011507831416769247
1591.49	0.00011567123864594797
1591.495	0.00011857208890862686
1591.5	0.00012103273891043883
1591.505	0.00012114438500786408
1591.51	0.00012120415325048442
1591.5149999999999	0.00012196194133660665
1591.52	0.0001230060712875287
1591.525	0.0001249002352970039
1591.53	0.00012565215866242656
1591.535	0.0001238610181067149
1591.54	0.00011931001245125912
1591.5449999999998	0.0001162309169050932
1591.55	0.0001156281318306355
1591.555	0.00011687805782205095
1591.56	0.00011853122431012056
1591.565	0.00011870522915637773
1591.57	0.00011645579222659384
1591.5749999999998	0.00011294392021472594
1591.58	0.00011106324685923339
1591.585	0.00011509385931573901
1591.59	0.00012044907376239791
1591.595	0.00012337682772873125
1591.6	0.0001230750420550509
1591.605	0.00012077887630377396
1591.61	0.0001178403416265224
1591.615	0.000114867443268549
1591.6200000000001	0.00011325023642673636
1591.625	0.0001144998194943705
1591.6299999999999	0.00011796016543613443
1591.635	0.00011955953727743104
1591.6399999999999	0.00011422401630544855
1591.645	0.00010672907722768242
1591.65	0.00010391757579666052
1591.655	0.00010416955681638887
1591.6599999999999	0.00010436539624711949
1591.665	0.00010647315536918468
1591.6699999999998	0.00011382906576565136
1591.675	0.00011895283727988351
1591.68	0.00011808728356904594
1591.685	0.00011542214759345534
1591.6899999999998	0.00011251268408421561
1591.695	0.0001117003701319258
1591.7	0.00011497953971053382
1591.705	0.00012074347359947152
1591.71	0.00012457718867556916
1591.715	0.00012520336188605774
1591.72	0.00012415872228166745
1591.725	0.00012314509098628102
1591.73	0.00012193608982243197
1591.7350000000001	0.00011963039034354153
1591.74	0.00011753680311802555
1591.745	0.0001170665506916574
1591.75	0.00011740583371644024
1591.7549999999999	0.00011724567976059075
1591.76	0.00011656827716700186
1591.765	0.00011569290811611528
1591.77	0.00011458371366515109
1591.7749999999999	0.00011346116641432603
1591.78	0.00011316318875720933
1591.7849999999999	0.00011321366819599706
1591.79	0.00011308549458581923
1591.795	0.00011175166499410403
1591.8	0.00010921984706642792
1591.8049999999998	0.00010633200982293981
1591.81	0.00010528478404412778
1591.8149999999998	0.00010767633557691642
1591.82	0.0001131224200561638
1591.825	0.00011634676572398452
1591.83	0.00011685182662095528
1591.835	0.00011799219473600421
1591.84	0.00012003894331209828
1591.845	0.00012073693997993708
1591.8500000000001	0.00011923537059091781
1591.855	0.00011591778415608709
1591.86	0.00011303171937598643
1591.865	0.00011037071791222479
1591.87	0.0001044068623418581
1591.875	0.00009600885488028949
1591.88	0.00009217956740610202
1591.885	0.00009781464066484127
1591.8899999999999	0.00010689525208985821
1591.895	0.00010930018604700769
1591.8999999999999	0.00010811845800433976
1591.905	0.00010734108500973887
1591.91	0.00010825785647086017
1591.915	0.00010901612042525328
1591.9199999999998	0.00010758954055421902
1591.925	0.00010611047066142815
1591.9299999999998	0.00010645179208826134
1591.935	0.00010692614712979603
1591.94	0.00010675411276677063
1591.945	0.00010725024787797051
1591.95	0.00010995444544127361
1591.955	0.0001134448541116748
1591.9599999999998	0.00011709080831269613
1591.9650000000001	0.00011904938772228167
1591.97	0.00012022989564029537
1591.975	0.00012024794324616411
1591.98	0.00011987803237073932
1591.985	0.00011972707959653649
1591.99	0.0001204583271329026
1591.9950000000001	0.00012218655581328096
1592	0.00012379112385931722
1592.0049999999999	0.0001240725704324499
1592.01	0.00012390002670204905
1592.0149999999999	0.00012478482165757538
1592.02	0.00012473522563360797
1592.025	0.0001241476688055881
1592.03	0.00012366974441997193
1592.0349999999999	0.00012265287677444437
1592.04	0.00011983149265850446
1592.0449999999998	0.0001153681913383637
1592.05	0.0001112812463848985
1592.055	0.00010942885637678522
1592.06	0.00011043560068158756
1592.065	0.00011374478279341795
1592.07	0.00011591799865472514
1592.0749999999998	0.0001145926236108525
1592.0800000000002	0.00011280829477718711
1592.085	0.00011281601559479625
1592.09	0.00011511483909494943
1592.095	0.00011837087273409154
1592.1	0.00012087217155567512
1592.1049999999998	0.00012279188041478084
1592.1100000000001	0.0001237727246299437
1592.115	0.00012435611926427885
1592.12	0.0001244925848722529
1592.125	0.000123837627153589
1592.1299999999999	0.00012249354062004322
1592.1349999999998	0.00012159857976372833
1592.14	0.00012077843086090803
1592.145	0.00011886728539336415
1592.1499999999999	0.00011684856464866671
1592.155	0.00011813974835324629
1592.1599999999999	0.00012180249298379196
1592.165	0.00012315260230277476
1592.17	0.0001235645997695386
1592.175	0.00012596349043251148
1592.18	0.00012706654190160527
1592.185	0.0001262600467839382
1592.1899999999998	0.00012495743571243394
1592.1950000000002	0.00012294268448431297
1592.2	0.0001202933507306353
1592.205	0.00011837542153259456
1592.21	0.00011895649113893945
1592.215	0.00012026836309289834
1592.2199999999998	0.00012128828183507314
1592.2250000000001	0.00012167521530185905
1592.23	0.00012150759542832271
1592.235	0.00012019013910716616
1592.24	0.00011801603322642477
1592.245	0.00011595237668522384
1592.2499999999998	0.0001149653960882075
1592.255	0.00011506384992116684
1592.26	0.00011410866308953383
1592.2649999999999	0.0001087352295414235
1592.27	0.00010201478150441587
1592.2749999999999	0.0000986963057143839
1592.2799999999997	0.00010070470777035897
1592.285	0.00010489184061553312
1592.29	0.00010461914945084568
1592.295	0.0000994844505385851
1592.3	0.00009299738062839014
1592.3049999999998	0.00009196708073464882
1592.31	0.00009662701592626035
1592.315	0.00010352092675365317
1592.32	0.00010980604273759658
1592.325	0.00011064992896300177
1592.33	0.00010572192478453348
1592.3349999999998	0.00009918357960376103
1592.34	0.00010236084997276863
1592.345	0.0001075185510831672
1592.35	0.00010167571205309564
1592.355	0.00010399997401277051
1592.36	0.00011103495306898832
1592.3649999999998	0.00011243435460776352
1592.3700000000001	0.00011247570155776206
1592.375	0.00011489521158333472
1592.38	0.000116851086723917
1592.385	0.0001156272751931962
1592.3899999999999	0.00011479833195670645
1592.3949999999998	0.00011560916091581096
1592.4	0.00011637894916345067
1592.405	0.00011639384484655832
1592.41	0.00011631766036456025
1592.415	0.00011582217358921371
1592.4199999999998	0.00011469923712167738
1592.425	0.00011316577874061589
1592.43	0.00011158952814018872
1592.435	0.00011051247186643192
1592.44	0.00011095262339218799
1592.445	0.00011306813003999594
1592.4499999999998	0.000115492711196452
1592.455	0.00011711793657386758
1592.46	0.0001178984134422422
1592.465	0.0001176469467334159
1592.47	0.00011621803237616747
1592.475	0.00011278528021704935
1592.4799999999998	0.00011017398093347722
1592.485	0.00011210289504678376
1592.49	0.00011450224139461318
1592.4950000000001	0.00011132589212046915
1592.5	0.00010569925670149825
1592.5049999999999	0.00009473566000692716
1592.5099999999998	0.00008739157087825391
1592.515	0.00009086866013267736
1592.52	0.00009458497976463311
1592.525	0.00008980486762049702
1592.53	0.00008395437069728804
1592.5349999999999	0.00008244644173001417
1592.54	0.0000852617292791083
1592.545	0.00009025720414122045
1592.55	0.00009462264531714324
1592.555	0.00009678122596821115
1592.56	0.00009733189654070879
1592.5649999999998	0.00009908284197282172
1592.57	0.00010344649846338172
1592.575	0.00010921831927859336
1592.58	0.00010978860381847566
1592.585	0.00010549137384510262
1592.59	0.00010220861215718424
1592.5949999999998	0.00009995070015696264
1592.6	0.0000990722317616488
1592.605	0.00010041953601585654
1592.6100000000001	0.00010412686288066185
1592.615	0.00010816491723856458
1592.62	0.00011047293036781337
1592.625	0.00011043982522756839
1592.6299999999999	0.00011090930601417687
1592.635	0.00011224294303840458
1592.64	0.00011476611329423179
1592.645	0.00011611769435556315
1592.6499999999999	0.00011627527139619188
1592.655	0.00011677198913865631
1592.66	0.00011665492087812239
1592.665	0.00011477729320676536
1592.67	0.00011171423617663544
1592.675	0.0001069170573632752
1592.6799999999998	0.0001048508131225312
1592.685	0.00010878621777459587
1592.69	0.00011276751364230942
1592.695	0.0001136533598455061
1592.7	0.00011501693477321508
1592.705	0.00011881598904925479
1592.7099999999998	0.000122981243154523
1592.715	0.00012516910885461305
1592.72	0.00012456610002598925
1592.7250000000001	0.00012233415471640878
1592.73	0.00012041622551836798
1592.735	0.00012114442672844866
1592.74	0.00012312871702532184
1592.745	0.00012372761453721193
1592.75	0.000122432065883036
1592.755	0.0001204643433781001
1592.76	0.0001191263486037267
1592.7649999999999	0.00011880849738839531
1592.77	0.00011932499863669342
1592.7749999999999	0.00012028985193926702
1592.78	0.0001210418486177821
1592.785	0.00012168829138350537
1592.79	0.0001214295671324918
1592.7949999999998	0.00011998691433903827
1592.8	0.00011745237942163285
1592.8049999999998	0.00011556332568113425
1592.81	0.00011590896593695248
1592.815	0.00011816088464021452
1592.82	0.00011892646558370603
1592.8249999999998	0.00011518747221915672
1592.83	0.00011362813918075408
1592.835	0.00011659706437690761
1592.8400000000001	0.00012071756928525819
1592.845	0.00012292683524711624
1592.85	0.00012259261995762715
1592.855	0.00012159874749726172
1592.86	0.00011961836524693759
1592.865	0.00011573700083089825
1592.8700000000001	0.00011064936256622038
1592.875	0.00010755291499940517
1592.8799999999999	0.00010869803594068032
1592.885	0.00011327179481015338
1592.8899999999999	0.00011674077656103861
1592.895	0.00011594388880032725
1592.9	0.00011257135373674003
1592.905	0.00011158016521497196
1592.9099999999999	0.00011633598598524526
1592.915	0.00012287105039805127
1592.9199999999998	0.00012277647115911344
1592.925	0.00011923957781675594
1592.93	0.00011669574670686663
1592.935	0.00011672800682498648
1592.9399999999998	0.00011810596054129733
1592.945	0.00011866701285396677
1592.9499999999998	0.00011773406780397684
1592.9550000000002	0.00011601295719278193
1592.96	0.00011556917258289964
1592.965	0.00011833520441391259
1592.97	0.00012114554291161502
1592.975	0.00011674884638531477
1592.98	0.00010668021745022149
1592.9850000000001	0.00010093410703423127
1592.99	0.00010451883063239483
1592.995	0.00011190990155964602
1593	0.00011739915723938677
1593.0049999999999	0.00011938330218294163
1593.01	0.00011451682514867111
1593.015	0.00010755944492737911
1593.02	0.00010939304584183403
1593.0249999999999	0.0001194839256867388
1593.03	0.00012753391705197297
1593.0349999999999	0.00013034753545630406
1593.04	0.0001299795736882169
1593.045	0.00012944821851473213
1593.05	0.00012934904653686747
1593.0549999999998	0.00012845385160877455
1593.06	0.00012662457974335246
1593.0649999999998	0.00012447645651511547
1593.0700000000002	0.00012219047261225315
1593.075	0.00012027624571439341
1593.08	0.0001201135149419921
1593.085	0.00012119902285410772
1593.09	0.00012119465485577993
1593.0949999999998	0.00011942830118443705
1593.1000000000001	0.00011641768830589948
1593.105	0.00011347288941987756
1593.11	0.00011105606317299718
1593.115	0.00010920644499278978
1593.12	0.00010850326726379335
1593.125	0.0001091959176722276
1593.13	0.00011050645543537773
1593.135	0.00011187215288084191
1593.1399999999999	0.00011248133661156829
1593.145	0.00011256397409963106
1593.1499999999999	0.00011129218268002351
1593.155	0.00010975505230923081
1593.16	0.00011033545896061235
1593.165	0.00011309802431365739
1593.1699999999998	0.00011467837290719394
1593.175	0.00011497766281618717
1593.1799999999998	0.00011730812883628797
1593.1850000000002	0.00012089977895630814
1593.19	0.00012154549889001742
1593.195	0.00012167327902150542
1593.2	0.0001227112330494143
1593.205	0.00012235755878498735
1593.2099999999998	0.00011938786627364171
1593.2150000000001	0.00011599518272699914
1593.22	0.00011491071913630122
1593.225	0.0001166268106565703
1593.23	0.00011897920966313377
1593.235	0.00012108677002678589
1593.2399999999998	0.00012146694513860154
1593.2450000000001	0.00011858633898863072
1593.25	0.00011290446969502345
1593.2549999999999	0.00010920537244494841
1593.26	0.0001084360294469388
1593.2649999999999	0.00010929705019603587
1593.2699999999998	0.00011011704466719071
1593.275	0.0001105128164564408
1593.28	0.00011194657149409035
1593.2849999999999	0.00011480199726007962
1593.29	0.00011717650536695917
1593.2949999999998	0.00011678970812385102
1593.3	0.00011431011712413516
1593.305	0.00011337442864753072
1593.31	0.00011531702583853081
1593.315	0.00011802331894424165
1593.32	0.00011890345212456032
1593.3249999999998	0.0001165467868892664
1593.33	0.00011316142254975415
1593.335	0.00011045504852004631
1593.34	0.00010831145525406685
1593.345	0.00011035163927164124
1593.35	0.00011561736721617876
1593.3549999999998	0.00011160318982120027
1593.3600000000001	0.00010475439067688159
1593.365	0.00010533015393297968
1593.37	0.0001120284029033928
1593.375	0.00011743054161073802
1593.3799999999999	0.00011956024902508217
1593.3849999999998	0.00011892074006064438
1593.39	0.00011606937428293652
1593.395	0.00011056455835022433
1593.3999999999999	0.00010374622252460704
1593.405	0.00009995913950256717
1593.4099999999999	0.00010195897619363697
1593.415	0.00010773813967479173
1593.42	0.00011218000823930088
1593.425	0.00011252758280789874
1593.43	0.00011108904266529562
1593.435	0.00010938231969844571
1593.4399999999998	0.00010784945336473982
1593.445	0.00010709313795197803
1593.45	0.00010792636263721965
1593.455	0.0001107493672012337
1593.46	0.00011408693604779202
1593.465	0.00011656720317957803
1593.4699999999998	0.00011764975479317284
1593.475	0.00011769642586948821
1593.48	0.00011809532089993117
1593.485	0.0001194047380892184
1593.49	0.00012125734295509027
1593.495	0.00012361566094569367
1593.4999999999998	0.00012594332720112692
1593.505	0.0001265577527246332
1593.51	0.00012431784313703535
1593.5149999999999	0.00012110798312676736
1593.52	0.00011759276909459246
1593.5249999999999	0.00011142307339266511
1593.53	0.00010395175079749628
1593.535	0.0000998660112627937
1593.54	0.00010170095129910299
1593.545	0.00010907209630027943
1593.55	0.00011858715375975811
1593.5549999999998	0.00012572736969081272
1593.56	0.00012910278678597472
1593.565	0.00012867122291129642
1593.57	0.00012611229902674827
1593.575	0.0001221852695393137
1593.58	0.00011809138668338277
1593.5849999999998	0.00011497842255047452
1593.59	0.0001126723807700199
1593.595	0.00011084966770188625
1593.6	0.00011037181827398685
1593.605	0.00011231939737932546
1593.61	0.0001166812461556259
1593.615	0.0001222909183890756
1593.62	0.00012585037031155377
1593.625	0.00012743158485652872
1593.6299999999999	0.00012717124078330918
1593.635	0.00012592034207295114
1593.6399999999999	0.00012490536815795055
1593.645	0.0001248388433762906
1593.65	0.00012518693720064975
1593.655	0.0001248782579390563
1593.66	0.0001245330979732413
1593.665	0.00012555552711692838
1593.6699999999998	0.0001228913849543592
1593.675	0.00011355322210828482
1593.68	0.00010857532000268601
1593.685	0.00011409281788017929
1593.69	0.00011948554847517294
1593.695	0.00011870371297790853
1593.6999999999998	0.00011783650551649081
1593.705	0.00011648845613877408
1593.71	0.00011218274398927312
1593.715	0.00010940055771969996
1593.72	0.00011262460575878994
1593.725	0.00011743069756187123
1593.73	0.00011801492607609543
1593.735	0.00011687849939088145
1593.74	0.00011856052251897521
1593.745	0.00012139240765373181
1593.75	0.00012104184307421284
1593.7549999999999	0.00011697811934145576
1593.76	0.00011281068860128694
1593.7649999999999	0.00011168274361200267
1593.77	0.00011324687119488454
1593.775	0.00011434052065328
1593.78	0.00011294359633252399
1593.7849999999999	0.00010925510340256011
1593.79	0.00010374606232244849
1593.7949999999998	0.00009679058655776612
1593.8	0.00009168891169128194
1593.805	0.00009378829687642586
1593.81	0.0001032641390445934
1593.8149999999998	0.00011296551356746549
1593.82	0.0001135087723273087
1593.825	0.00011499005064839684
1593.83	0.0001219959199003433
1593.835	0.00012128013226208551
1593.84	0.00012034294000515459
1593.845	0.00012349296540494354
1593.85	0.00012645075497352384
1593.855	0.0001266488253223577
1593.8600000000001	0.00012338439725711377
1593.865	0.00012014965460950398
1593.87	0.00012074989486644146
1593.875	0.00012281480863002086
1593.8799999999999	0.00012335994200280562
1593.885	0.00012432135641147815
1593.89	0.00012648133604330596
1593.895	0.00012822397136662313
1593.8999999999999	0.00012857013254745223
1593.905	0.00012750778828323365
1593.9099999999999	0.0001258088452362242
1593.915	0.00012514899046572696
1593.92	0.000125368699402922
1593.925	0.00012507141245456964
1593.9299999999998	0.00012374646057304286
1593.935	0.00011934695994820577
1593.9399999999998	0.00011179597963700651
1593.945	0.00010429703083151519
1593.95	0.00010019159299971685
1593.955	0.0001011064281630161
1593.96	0.00010667067398110723
1593.965	0.00011369256692389353
1593.97	0.00011857699716766784
1593.9750000000001	0.00011938985987753816
1593.98	0.00011944317494603058
1593.985	0.00011995853050890604
1593.99	0.0001196432053389312
1593.995	0.00011785235738624386
1594	0.00011640291607387233
1594.005	0.00011448632916072904
1594.01	0.00010903448937868355
1594.0149999999999	0.00010288748893425012
1594.02	0.0001024209064447583
1594.0249999999999	0.00010846453217930157
1594.03	0.00011521482628688272
1594.035	0.00011837542058613115
1594.04	0.00011912197843942132
1594.0449999999998	0.00011882311963570286
1594.05	0.00011850058217532941
1594.0549999999998	0.00011818288634362138
1594.06	0.00011581277276738496
1594.065	0.00011276654245852398
1594.07	0.00011238342431179745
1594.075	0.00011423244633376514
1594.08	0.00011527327841826046
1594.0849999999998	0.00011544882906088483
1594.0900000000001	0.00011507658995109757
1594.095	0.00011429214835268795
1594.1	0.00011278619327498894
1594.105	0.00011077894226691624
1594.11	0.000109862905104607
1594.115	0.0001112536453081174
1594.1200000000001	0.00011426774230173274
1594.125	0.0001167111970851372
1594.1299999999999	0.00011744721278642432
1594.135	0.00011632828719034723
1594.1399999999999	0.00011436681580125761
1594.145	0.00011306537770330337
1594.15	0.00011328791011227084
1594.155	0.00011274511204669455
1594.1599999999999	0.00011073274645161334
1594.165	0.0001104783687640291
1594.1699999999998	0.00010665901066031383
1594.175	0.00009059154014857351
1594.18	0.00007611834256485972
1594.185	0.00008292912678138466
1594.19	0.00009616833656234732
1594.195	0.00009211930762451719
1594.1999999999998	0.00008662812804930034
1594.2050000000002	0.00009530150070041144
1594.21	0.00010879477986545569
1594.215	0.00011377314060199585
1594.22	0.0001147293736080653
1594.225	0.00011294207197529248
1594.2299999999998	0.00011090081321738026
1594.2350000000001	0.00011036565872237135
1594.24	0.00011098248101121684
1594.245	0.00010941807736460233
1594.25	0.0001053655150009569
1594.2549999999999	0.00010444402571084565
1594.26	0.00010604917093772966
1594.265	0.00010740465384082579
1594.27	0.00010710572459223005
1594.2749999999999	0.00010655938979952018
1594.28	0.0001080069639319594
1594.2849999999999	0.00010997033343117673
1594.29	0.00011053319612259213
1594.295	0.00011137272505043732
1594.3	0.00011322904189659864
1594.305	0.00011627739866998304
1594.31	0.00011813750038735826
1594.3149999999998	0.00011925991117962728
1594.3200000000002	0.00011956102812665057
1594.325	0.0001186486623907437
1594.33	0.0001156582107078156
1594.335	0.00011253624249298173
1594.34	0.0001125166360300538
1594.3449999999998	0.00011430910763369554
1594.3500000000001	0.00011364070924355033
1594.355	0.0001085956476146519
1594.36	0.00009775392701939979
1594.365	0.00009302179235902136
1594.37	0.00009839569791856153
1594.3749999999998	0.00010608079549650691
1594.38	0.00011134557051607145
1594.385	0.00011619723680330307
1594.3899999999999	0.00012112592654898737
1594.395	0.00012301764117469833
1594.3999999999999	0.00012293175800871372
1594.4049999999997	0.0001233159756882298
1594.41	0.00012486883912046814
1594.415	0.00012499296927240188
1594.42	0.00012116834210422548
1594.425	0.00011645135178678617
1594.4299999999998	0.00011561089749398104
1594.435	0.00011833482586394073
1594.44	0.00012200410213979404
1594.445	0.00012367708499382344
1594.45	0.00012386355492372095
1594.455	0.00012075187355458164
1594.4599999999998	0.00011551479336597049
1594.465	0.00011210790170236298
1594.47	0.00011404094235077573
1594.475	0.0001190066329492596
1594.48	0.00012261585335627187
1594.485	0.00012348880897990948
1594.4899999999998	0.0001241790132953314
1594.4950000000001	0.0001243762540823344
1594.5	0.0001207964037127753
1594.5049999999999	0.00011722573514114509
1594.51	0.00011853633592175931
1594.5149999999999	0.00012245294376552886
1594.5199999999998	0.00012430746274233386
1594.525	0.00012383338374115
1594.53	0.00012212676158123434
1594.535	0.00011981765709879635
1594.54	0.00011926579179056877
1594.5449999999998	0.00011904844077466173
1594.55	0.00011830175806403063
1594.555	0.00011767753718455894
1594.56	0.00011719973423835892
1594.565	0.00011525571115846762
1594.57	0.00010901823571685967
1594.5749999999998	0.0001035732794509181
1594.58	0.00010562210225295179
1594.585	0.00011150340753920058
1594.59	0.00011593992018121767
1594.595	0.00011766092564538098
1594.6	0.0001179820974357427
1594.6049999999998	0.00011708684622436601
1594.61	0.00011514911979289342
1594.615	0.00011315202044690071
1594.62	0.00011167182717222025
1594.625	0.00011038697285902997
1594.6299999999999	0.00010978423980394998
1594.6349999999998	0.00011045577269519308
1594.64	0.00011190653699008454
1594.645	0.0001138414749374113
1594.65	0.00011555611493905384
1594.655	0.00011706294666807619
1594.6599999999999	0.00011733179207058938
1594.665	0.00011686694636310523
1594.67	0.0001172527894964221
1594.675	0.00011597715889411032
1594.68	0.00011353576179468665
1594.685	0.00011486854926256298
1594.6899999999998	0.00011807863625389838
1594.695	0.00011996409525482442
1594.7	0.00011966342360978025
1594.705	0.00011739346205559922
1594.71	0.00011268823547116666
1594.715	0.00010770340756815563
1594.7199999999998	0.00010638438358363556
1594.725	0.00010925441639592776
1594.73	0.00011296773540520802
1594.7350000000001	0.00011437603796373435
1594.74	0.00011294653176976756
1594.745	0.00011081971208761337
1594.7499999999998	0.0001106146445630365
1594.7549999999999	0.00011236943037764338
1594.76	0.00011464176907114443
1594.765	0.0001157799995521929
1594.77	0.00011617501356198055
1594.7749999999999	0.0001160754296739556
1594.78	0.00011559652622593188
1594.785	0.00011498362647602039
1594.79	0.00011415459359595289
1594.795	0.00011270556243951876
1594.8	0.00011073516042324602
1594.8049999999998	0.00010901160428001794
1594.81	0.00010827589794276279
1594.815	0.0001072163420797595
1594.82	0.00010342601381318652
1594.825	0.00010145001509814101
1594.83	0.0001052407783271432
1594.8349999999998	0.00010842408499424067
1594.84	0.00010924737326860309
1594.845	0.00011126341203488147
1594.8500000000001	0.00011313975170109916
1594.855	0.0001148941390865203
1594.86	0.00011708485349556397
1594.8649999999998	0.00011926902585619826
1594.87	0.00012031253862902743
1594.875	0.00011902993441817734
1594.88	0.00011647888292081238
1594.885	0.00011566194794990212
1594.8899999999999	0.00011739895802293773
1594.895	0.00011928381573563844
1594.8999999999999	0.00011882514842576395
1594.905	0.00011616006340688381
1594.91	0.0001139658325431031
1594.915	0.00011409910632362543
1594.9199999999998	0.00011478825409032315
1594.925	0.000111507548421142
1594.9299999999998	0.00010356993933390655
1594.935	0.00009774380271983064
1594.94	0.00009985388864877626
1594.945	0.00010950781854611272
1594.9499999999998	0.00011430797252994305
1594.955	0.00011293557619962098
1594.96	0.0001100881743174306
1594.9650000000001	0.00011056270989343408
1594.97	0.00011313291878149346
1594.975	0.0001145623308849529
1594.98	0.00011663163411364732
1594.985	0.00011990469710415382
1594.99	0.00012096164151533437
1594.9950000000001	0.00011873706725142865
1595	0.00011688564751133341
1595.0049999999999	0.00011487234909647579
1595.01	0.00011080174887809055
1595.0149999999999	0.0001061378848446684
1595.02	0.00010498637252154254
1595.025	0.00010842727730982701
1595.03	0.00011330301849475581
1595.0349999999999	0.00011618525582790979
1595.04	0.00011568920660264855
1595.0449999999998	0.00011160982353752463
1595.05	0.0001067662648686293
1595.055	0.00010620686830427827
1595.06	0.00010945855387792213
1595.0649999999998	0.00011177942222357547
1595.07	0.00011172738432725396
1595.0749999999998	0.00011166519167038239
1595.0800000000002	0.00011195791045632219
1595.085	0.00010854866585249526
1595.09	0.00010304686019365737
1595.095	0.000102445633646179
1595.1	0.00010772100228979602
1595.105	0.00011382821499277129
1595.1100000000001	0.00011783118739098693
1595.115	0.00011912633843638655
1595.12	0.00011936174840956919
1595.125	0.00011801708720603205
1595.1299999999999	0.00011576361690327424
1595.135	0.00011364739454671734
1595.14	0.00011246526728374409
1595.145	0.00011111061364722263
1595.1499999999999	0.00010885605507157644
1595.155	0.00010841685158743708
1595.1599999999999	0.00011302495514397817
1595.165	0.00011938158881871163
1595.17	0.00012297381474151909
1595.175	0.00012287936591518425
1595.1799999999998	0.00012097502518726047
1595.185	0.00012105515970041644
1595.1899999999998	0.0001224658523501731
1595.1950000000002	0.00012258075929025056
1595.2	0.00012110660500482196
1595.205	0.00011988008404017336
1595.21	0.00012029933009690674
1595.215	0.00012162684262224869
1595.2199999999998	0.00012197341105965668
1595.2250000000001	0.00012058624734332235
1595.23	0.00011884028208442038
1595.235	0.00011884028208442038
1595.24	0.00011905361607115648
1595.245	0.00011793068587312875
1595.25	0.00011567667694836254
1595.255	0.00011370135663334181
1595.26	0.00011301564300298219
1595.2649999999999	0.00011326999431659429
1595.27	0.00011323225300435618
1595.2749999999999	0.00011257557013305578
1595.28	0.00011180980853986051
1595.285	0.00010723885977155291
1595.29	0.00009924629683598283
1595.2949999999998	0.00009352436947618154
1595.3	0.00009461362636897185
1595.3049999999998	0.00010068111017587746
1595.3100000000002	0.0001049740788519566
1595.315	0.0001049103486787275
1595.32	0.00010317348317488066
1595.325	0.00010289411906122225
1595.33	0.00010402912264251226
1595.3349999999998	0.00010392557372962152
1595.3400000000001	0.00010245402180200998
1595.345	0.00010227624417225825
1595.35	0.0001039113553978714
1595.355	0.00010489794920969347
1595.36	0.00010515150305715279
1595.3649999999998	0.00010337754751613883
1595.3700000000001	0.00009826951820453814
1595.375	0.00009502761755572304
1595.3799999999999	0.00009853323325588467
1595.385	0.00010589086490877813
1595.3899999999999	0.00011040856715365919
1595.3949999999998	0.00011247342011883407
1595.4	0.00011408870333628277
1595.405	0.00011479858626572697
1595.4099999999999	0.00011349447636920226
1595.415	0.0001124675063358217
1595.4199999999998	0.00011294267774996308
1595.425	0.00011012447939640653
1595.43	0.0001028207396309918
1595.435	0.0000991175636413588
1595.44	0.00010172118852005292
1595.445	0.00010429724661016655
1595.4499999999998	0.00010149579572200012
1595.4550000000002	0.00009634632269617825
1595.46	0.00009420688672158257
1595.465	0.00009707926231401834
1595.47	0.00010314613326387347
1595.475	0.00010947170407931767
1595.4799999999998	0.00011416748837638816
1595.4850000000001	0.00011593211361377547
1595.49	0.00011391820088548652
1595.495	0.00010965529337672665
1595.5	0.000105273138127811
1595.5049999999999	0.00010338372522964483
1595.5099999999998	0.00010782034944967134
1595.515	0.00011370796914652355
1595.52	0.0001167059347364693
1595.5249999999999	0.00011708681400937164
1595.53	0.00011722918283817384
1595.5349999999999	0.00011780330699256076
1595.54	0.00011825027659565671
1595.545	0.00011831725048477786
1595.55	0.00011778989225953265
1595.555	0.00011641916879555061
1595.56	0.00011396873356576154
1595.5649999999998	0.00011042695374677592
1595.57	0.00010705774251765533
1595.575	0.00010749686570692733
1595.58	0.00011016994479306493
1595.585	0.00010856292061897746
1595.59	0.00010289088739700662
1595.5949999999998	0.00009940792578248039
1595.6	0.00010145918707994472
1595.605	0.00010525426082700745
1595.61	0.00010817184513202284
1595.615	0.00011031944481277292
1595.62	0.00011177809137977537
1595.6249999999998	0.00011171276679856853
1595.63	0.00010926978734319403
1595.635	0.00010712430657243774
1595.6399999999999	0.00010762036182539037
1595.645	0.00010933193427785492
1595.6499999999999	0.00010834118329638012
1595.655	0.00010506029075763585
1595.66	0.00010293092699889924
1595.665	0.00009266550263137331
1595.67	0.00008078322536189564
1595.675	0.00008565563419090695
1595.6799999999998	0.00009412025943791644
1595.685	0.00009133018671367907
1595.69	0.00008847376210978807
1595.695	0.00009571543295150722
1595.7	0.00010621376422856142
1595.705	0.000111686148703844
1595.7099999999998	0.0001131228486171258
1595.715	0.0001155543876160122
1595.72	0.00011694319901838408
1595.725	0.00011538963874711071
1595.73	0.00011478013642649777
1595.735	0.00011657485155662797
1595.7399999999998	0.00011844949217007632
1595.745	0.00011785362449082476
1595.75	0.0001154465921411256
1595.7549999999999	0.00011434074723459016
1595.76	0.00011547704849475638
1595.7649999999999	0.00011674844427034252
1595.77	0.00011677162004714664
1595.775	0.00011703450242647916
1595.78	0.00011882239740737938
1595.785	0.0001190754088576534
1595.79	0.00011675089835705848
1595.7949999999998	0.00011350877768501241
1595.8	0.00011252042621038289
1595.805	0.00011415169943317098
1595.81	0.00011498147037803798
1595.815	0.00011398731311398831
1595.82	0.00011136409842163416
1595.8249999999998	0.00010712440413462236
1595.83	0.00010403650825255146
1595.835	0.00010540524045736886
1595.84	0.00010968463142046577
1595.845	0.00011223564558022212
1595.85	0.00011187259664410951
1595.855	0.00010776105213855671
1595.86	0.00010255876412017603
1595.865	0.00010179683170096276
1595.87	0.00010333373060580529
1595.875	0.00010073666682775156
1595.8799999999999	0.00009569598529765106
1595.885	0.00009506591426999535
1595.8899999999999	0.00010010115357906317
1595.895	0.00010672629601852615
1595.9	0.00011101724272906211
1595.905	0.00011251907860595584
1595.9099999999999	0.00011364433462642146
1595.915	0.00011419175124569996
1595.92	0.00011389377383340678
1595.925	0.00011301174281154055
1595.93	0.00011267561936603668
1595.935	0.00011336639402901205
1595.9399999999998	0.00011449114325563657
1595.945	0.00011434583493098518
1595.95	0.00011264538948525571
1595.955	0.00011101907917077327
1595.96	0.0001112356501491696
1595.965	0.00011335728883713638
1595.97	0.0001159282921268699
1595.975	0.00011685896084294422
1595.98	0.0001166069954837082
1595.985	0.00011601825218414663
1595.99	0.00011451357896619456
1595.995	0.00011374478221874898
1596	0.00011537175993019775
1596.0049999999999	0.00011684872542014765
1596.01	0.00011623072784265395
1596.015	0.0001147741474337364
1596.02	0.00011193900983060732
1596.0249999999999	0.00010983440111855641
1596.03	0.00011040713434228825
1596.0349999999999	0.0001100963744073905
1596.04	0.00010585336525219605
1596.045	0.0001001203283198796
1596.05	0.00009570828765558783
1596.0549999999998	0.00009343394997518201
1596.06	0.00009491655294044744
1596.0649999999998	0.00010042694678731874
1596.07	0.00010691038667210352
1596.075	0.00011060934607582522
1596.08	0.0001096326161360944
1596.085	0.00010560986107588224
1596.09	0.00010065805688556895
1596.095	0.0000965988721103683
1596.1000000000001	0.00009532305690618159
1596.105	0.0000969014840594295
1596.11	0.00009921812819675518
1596.115	0.00010177446267039174
1596.12	0.00010446069522430635
1596.125	0.00010743561445127554
1596.13	0.00011001624417275387
1596.135	0.00011093699038043177
1596.1399999999999	0.00011068032190943398
1596.145	0.00010971843494468474
1596.1499999999999	0.00010850422208170634
1596.155	0.0001083172942596435
1596.16	0.00010714663174540362
1596.165	0.00010559441613896826
1596.1699999999998	0.00010655947227667673
1596.175	0.00010686495466322147
1596.1799999999998	0.00010468990239744582
1596.185	0.00010018998725454989
1596.19	0.00008867313185877887
1596.195	0.00007829797548000614
1596.2	0.00007831084391022145
1596.205	0.0000873752803115091
1596.2099999999998	0.00009582176832594356
1596.2150000000001	0.00009921703595814188
1596.22	0.00009972002509435723
1596.225	0.00010052466058017246
1596.23	0.00010227315475561411
1596.235	0.00010335978437889945
1596.24	0.00010349388027772793
1596.2450000000001	0.00010406469095348106
1596.25	0.00010448224748403409
1596.2549999999999	0.00010398650787953136
1596.26	0.00010259078565965884
1596.2649999999999	0.00010127606795050962
1596.27	0.00010135313037744548
1596.275	0.00010323196289136842
1596.28	0.00010527536144942856
1596.2849999999999	0.00010710486216311045
1596.29	0.00010777678105450695
1596.2949999999998	0.00010751514544746351
1596.3	0.00010723684681579472
1596.305	0.00010755495757767423
1596.31	0.00010829995583868881
1596.315	0.00010879588839149927
1596.32	0.00010845708146090715
1596.3249999999998	0.0001073619924031775
1596.3300000000002	0.00010506827561155264
1596.335	0.00010176044302347458
1596.34	0.00009994844996343355
1596.345	0.00010064825379465946
1596.35	0.00010230860526156554
1596.3549999999998	0.00010350609931918209
1596.3600000000001	0.00010589829936839433
1596.365	0.00010665008717852452
1596.37	0.00010648378230739888
1596.375	0.00010558321317537107
1596.3799999999999	0.00010231837904673598
1596.385	0.00009985008039220715
1596.39	0.00010260221487050585
1596.395	0.00010737759094855947
1596.3999999999999	0.00010925131083531029
1596.405	0.00010895875119415783
1596.4099999999999	0.00010935403026622004
1596.415	0.00011053550092272136
1596.42	0.00011130653172402571
1596.425	0.00011147223815185814
1596.43	0.000111244282200493
1596.435	0.00011072761723908487
1596.4399999999998	0.00010994371218329797
1596.4450000000002	0.00010914357901309056
1596.45	0.00010826820748138071
1596.455	0.00010682015354313754
1596.46	0.00010414639268372597
1596.465	0.00010072525936288696
1596.4699999999998	0.0000972186686575717
1596.4750000000001	0.00009476277531395358
1596.48	0.00009232857876725877
1596.485	0.0000888537041712049
1596.49	0.0000864436207674368
1596.495	0.00008900118193403256
1596.4999999999998	0.00009779406721929567
1596.505	0.0001019370693142945
1596.51	0.0000992815430490118
1596.5149999999999	0.00009544324326873721
1596.52	0.00009582519358804941
1596.5249999999999	0.00010086247210047086
1596.5299999999997	0.00010002612827116293
1596.535	0.00009720675066462202
1596.54	0.00010020907038407676
1596.545	0.00010363733274884098
1596.55	0.00010446560179439072
1596.5549999999998	0.0001049958145445456
1596.56	0.00010567848578977322
1596.565	0.0001063109420985789
1596.57	0.00010625086321997228
1596.575	0.00010611896561456593
1596.58	0.00010593763731318241
1596.5849999999998	0.0001051831054383715
1596.59	0.00010390032799137709
1596.595	0.00010254137992731757
1596.6	0.00010201618715655064
1596.605	0.00010201618715655064
1596.61	0.00009945750829610705
1596.6149999999998	0.00009406005678116289
1596.6200000000001	0.00009022566328593963
1596.625	0.00008868615220935653
1596.6299999999999	0.00008862955550772095
1596.635	0.00008909098469241618
1596.6399999999999	0.00008974573048719157
1596.6449999999998	0.00009126948041971881
1596.65	0.00009405111643057548
1596.655	0.00009558158930750807
1596.66	0.00009400599633187107
1596.665	0.00008936181078156655
1596.6699999999998	0.00008685037046468735
1596.675	0.0000897983251912247
1596.68	0.00009172203515103035
1596.685	0.00008962240648487594
1596.69	0.00009104834167219587
1596.695	0.00009742090375310036
1596.6999999999998	0.00009982825445905508
1596.705	0.00009721121903166924
1596.71	0.00009704194097729574
1596.715	0.00010042268161024337
1596.72	0.000102543616740814
1596.725	0.00010297143307304768
1596.7299999999998	0.00010256915590588246
1596.735	0.00010097335772631242
1596.74	0.00009816129039017692
1596.745	0.00009551150386554088
1596.75	0.00009431328937935706
1596.7549999999999	0.00009392040061167599
1596.7599999999998	0.00009311644782783304
1596.765	0.00009198373441329635
1596.77	0.0000879019359199875
1596.775	0.00008120846018730124
1596.78	0.00007797713210003702
1596.7849999999999	0.00007957108336809449
1596.79	0.00008488652577084608
1596.795	0.00008992298916852285
1596.8	0.00009298869008602073
1596.805	0.00009384619413191003
1596.81	0.00009234893418398907
1596.8149999999998	0.00008898140623485216
1596.82	0.00008497592663492379
1596.825	0.00008258426566944243
1596.83	0.00008383073921595368
1596.835	0.00008787185963141157
1596.84	0.00009124284386952868
1596.8449999999998	0.00009326248035207473
1596.85	0.00009327338202564538
1596.855	0.00009261931353736528
1596.86	0.0000917869255097996
1596.865	0.00009196529882024581
1596.87	0.00009374180875811725
1596.8749999999998	0.00009381571266611626
1596.8799999999999	0.00009078821165096889
1596.885	0.0000871142494865781
1596.89	0.00008575382504665456
1596.895	0.00008718933782280625
1596.8999999999999	0.00008974244672293121
1596.905	0.00009227671382135357
1596.91	0.00009367451788210291
1596.915	0.00009400511593145887
1596.92	0.00009243969716968654
1596.925	0.00009005146378834694
1596.9299999999998	0.00008844505646006028
1596.935	0.00008819542709287924
1596.94	0.00008910141344060228
1596.945	0.00009049703730870785
1596.95	0.00009175529815782116
1596.955	0.00009239603944405433
1596.9599999999998	0.00009231331497100865
1596.965	0.00009211537922767748
1596.97	0.00009166428130996908
1596.9750000000001	0.0000907754845355574
1596.98	0.000090139411925601
1596.985	0.00009022839383698599
1596.9899999999998	0.00009104541797584998
1596.995	0.00009225269740474785
1597	0.00009326073441683035
1597.005	0.00009365930506962347
1597.01	0.00009380081171357764
1597.0149999999999	0.00009223640704260515
1597.02	0.00008843414814554877
1597.0249999999999	0.00008592087178100735
1597.03	0.00008301341361497526
1597.035	0.00007526243747924803
1597.04	0.00006715080898599345
1597.0449999999998	0.0000608001019237279
1597.05	0.00005724985035069172
1597.0549999999998	0.00005980293071739685
1597.06	0.00007051767640739342
1597.065	0.00008164925323408853
1597.07	0.00008716152740246305
1597.0749999999998	0.00008857020034779879
1597.08	0.00008731836218991445
1597.085	0.00008381103321997162
1597.0900000000001	0.00008080977204075877
1597.095	0.00008097266850543864
1597.1	0.00008396573574851149
1597.1049999999998	0.00008732167778510236
1597.11	0.00008928041374293049
1597.115	0.00009031510742833469
1597.1200000000001	0.00009016657284334295
1597.125	0.00008927949711920509
1597.1299999999999	0.00008812837094524613
1597.135	0.00008823152163665157
1597.1399999999999	0.00008997354567650459
1597.145	0.00009120061551271382
1597.15	0.00009135450560123001
1597.155	0.00009208671993453931
1597.1599999999999	0.00009394580952570227
1597.165	0.00009449554017705589
1597.1699999999998	0.00009213211463171407
1597.175	0.00008938004570648267
1597.18	0.00008892879076348324
1597.185	0.00009150892523036638
1597.1899999999998	0.00009450595317233374
1597.195	0.00009551031591596969
1597.1999999999998	0.0000946816955518234
1597.2050000000002	0.00009304336291212255
1597.21	0.00008987190907155071
1597.215	0.00008533479266038144
1597.22	0.00007976060712064756
1597.225	0.00007108010371736951
1597.23	0.00006406576381495617
1597.2350000000001	0.00006566545330298125
1597.24	0.00007142059746375436
1597.245	0.00007224928000652994
1597.25	0.00006970265737503549
1597.2549999999999	0.00006931682364085597
1597.26	0.00007390576916046184
1597.265	0.00008060028117636006
1597.27	0.00008345563754699609
1597.2749999999999	0.00008423980707007298
1597.28	0.00008489173474246144
1597.2849999999999	0.00008343002631294354
1597.29	0.00008062402654051437
1597.295	0.00007933243402334735
1597.3	0.0000809651490071858
1597.3049999999998	0.00008457383725281096
1597.31	0.00008707777428002798
1597.3149999999998	0.00008787904507065979
1597.3200000000002	0.00008860012457274216
1597.325	0.00008980605540943042
1597.33	0.00009075206188877597
1597.335	0.00009124606658956943
1597.34	0.00009098487505910145
1597.3449999999998	0.00009054624697977689
1597.3500000000001	0.00009034480911865817
1597.355	0.00008914101443096366
1597.36	0.00008664495712105603
1597.365	0.00008641408573588251
1597.37	0.00008899487142808012
1597.375	0.00009035729094409843
1597.38	0.00009014128540885973
1597.385	0.00009081896250211583
1597.3899999999999	0.00009079842264872825
1597.395	0.0000884339219079355
1597.3999999999999	0.00008618537397100385
1597.405	0.00008566099656667717
1597.41	0.00008629065952582594
1597.415	0.00008712302878617971
1597.4199999999998	0.00008824542727687726
1597.425	0.00008991545221327912
1597.4299999999998	0.00009147489632968486
1597.4350000000002	0.0000919335111677182
1597.44	0.00009071383499921339
1597.445	0.0000884238925621266
1597.45	0.00008655375420698885
1597.455	0.00008534704238501456
1597.4599999999998	0.00008566038578562846
1597.4650000000001	0.0000867262436149566
1597.47	0.00008726289585021589
1597.475	0.00008555105254309349
1597.48	0.00008192443260793619
1597.485	0.00007905239113511886
1597.4899999999998	0.00007961729120158359
1597.4950000000001	0.00008308493511555969
1597.5	0.0000871851717798515
1597.5049999999999	0.00008906092497288529
1597.51	0.00008758277183835869
1597.5149999999999	0.00008284994803528329
1597.52	0.0000786771842575298
1597.525	0.00008023707253145647
1597.53	0.00008507394045162161
1597.5349999999999	0.00008855110477814264
1597.54	0.00009006113378494259
1597.5449999999998	0.00009112524715324586
1597.55	0.00009172717537340171
1597.555	0.00009175241477820763
1597.56	0.00009142055100487904
1597.565	0.00009083752547572002
1597.57	0.00008985850686077802
1597.5749999999998	0.00008801859458814175
1597.5800000000002	0.00008558055348182356
1597.585	0.00008186528186802835
1597.59	0.0000787703035818048
1597.595	0.00007846823867479544
1597.6	0.00007968262822696875
1597.6049999999998	0.00007867315141374123
1597.6100000000001	0.00007590123177092493
1597.615	0.00007530840816153958
1597.62	0.00007805342727901533
1597.625	0.0000824083804257648
1597.6299999999999	0.00008551656572137976
1597.6349999999998	0.00008627583157812768
1597.64	0.00008627955938788252
1597.645	0.00008653722665549385
1597.6499999999999	0.000086988752071192
1597.655	0.00008732901940181059
1597.6599999999999	0.00008753423753660184
1597.665	0.0000874007422149226
1597.67	0.00008662163720821754
1597.675	0.00008505385935980421
1597.68	0.0000842305642539905
1597.685	0.00008623779465898809
1597.6899999999998	0.00008852791397859982
1597.695	0.0000887782161241084
1597.7	0.00008874573571491182
1597.705	0.00008730997436278197
1597.71	0.00008463097629919778
1597.715	0.00008369465401762173
1597.7199999999998	0.00008534760823521162
1597.725	0.0000877976981150452
1597.73	0.00008912479089529647
1597.735	0.0000893327912974988
1597.74	0.00008884524391538337
1597.745	0.00008763274134062274
1597.7499999999998	0.00008650497310924098
1597.755	0.00008409253990599213
1597.76	0.00007750759138746637
1597.7649999999999	0.00007027589124473143
1597.77	0.00006910677864556507
1597.7749999999999	0.00007379922418861536
1597.78	0.00007911324677994191
1597.785	0.00008279024154512664
1597.79	0.00008424020590020335
1597.795	0.00008410417657395775
1597.8	0.00008221456601398017
1597.8049999999998	0.00007886088828112833
1597.81	0.0000766236920701393
1597.815	0.00007739329938724874
1597.82	0.00008087513740821964
1597.825	0.00008481663741720927
1597.83	0.00008520487179431703
1597.8349999999998	0.00007981401601748903
1597.84	0.00007389521499156686
1597.845	0.00007686660760342836
1597.85	0.0000792158594845933
1597.855	0.00007323526547143719
1597.86	0.00007249803467349202
1597.8649999999998	0.00008068302067731672
1597.87	0.0000856891308672149
1597.875	0.00008667093875416945
1597.8799999999999	0.00008657324002719445
1597.885	0.00008303768013329088
1597.8899999999999	0.00007804544604049155
1597.895	0.00007515275603329469
1597.9	0.00007652959645644876
1597.905	0.00008176057532238078
1597.91	0.00008838810712089887
1597.915	0.0000918619021029834
1597.9199999999998	0.00009274416706581252
1597.925	0.00009231983874293583
1597.93	0.00009212002859850608
1597.935	0.0000926297432637359
1597.94	0.0000936200355278997
1597.945	0.00009463019452543717
1597.9499999999998	0.00009532549049588447
1597.955	0.00009559426671138225
1597.96	0.00009516989332967461
1597.965	0.00009473135900887089
1597.97	0.00009429523765296984
1597.975	0.00009391702777930104
1597.9799999999998	0.00009260874954933489
1597.985	0.00009071513164778604
1597.99	0.00008891946610729047
1597.995	0.00008899420312713316
1598	0.00009100677876180861
1598.0049999999999	0.00009200122209448553
1598.01	0.00008955891575959707
1598.0149999999999	0.00008438492506071469
1598.02	0.00007833312637002584
1598.025	0.00007547062655690008
1598.03	0.0000796348560040411
1598.0349999999999	0.00008605624478201981
1598.04	0.00008951098540216464
1598.045	0.0000880884912526182
1598.05	0.00008743304414592947
1598.055	0.00009033564992883393
1598.06	0.00009350922986357184
1598.0649999999998	0.00009441623449823334
1598.07	0.00009489035851792082
1598.075	0.00009582586138006454
1598.08	0.00009606354583279154
1598.085	0.00009511525464263823
1598.09	0.000094613629374544
1598.095	0.00009530813810512437
1598.1	0.00009566916552504324
1598.105	0.00009512941321829059
1598.11	0.00009347983279882325
1598.115	0.0000899634150912261
1598.12	0.00008578408958394792
1598.125	0.00008187774114332509
1598.1299999999999	0.00008025536035725171
1598.135	0.00008216411507093525
1598.14	0.00008599482308181752
1598.145	0.00009032590510928879
1598.1499999999999	0.00009366346258959127
1598.155	0.00009547623427330116
1598.1599999999999	0.00009545918466440586
1598.165	0.00009495725480419491
1598.17	0.00009518126274636359
1598.175	0.00009468744213730046
1598.1799999999998	0.00009288600067957705
1598.185	0.00009240986660460199
1598.1899999999998	0.00009380974625825282
1598.195	0.00009472716328152157
1598.2	0.00009226075257246107
1598.205	0.00008839999394905825
1598.21	0.00008777629637038819
1598.215	0.00009043475201414796
1598.22	0.00009096424375908665
1598.225	0.00008812717278795994
1598.23	0.00008569270994119854
1598.235	0.00008498884328358969
1598.24	0.0000850695017252721
1598.245	0.00008505800718171315
1598.25	0.0000856556480342178
1598.255	0.0000879068273232537
1598.26	0.00009054077595068207
1598.2649999999999	0.00009198219549377477
1598.27	0.00009161659317991895
1598.2749999999999	0.00009010350952024757
1598.28	0.00008919896920063237
1598.285	0.00008962607835899815
1598.29	0.00009104745511568557
1598.2949999999998	0.000091976468232686
1598.3	0.00009195524378935236
1598.3049999999998	0.00009226837919390938
1598.31	0.00009297783243063667
1598.315	0.0000930498949548324
1598.32	0.00009217510491962368
1598.325	0.00009094576818128718
1598.33	0.00008916084123148158
1598.3349999999998	0.00008559218258691505
1598.3400000000001	0.00008156460965196944
1598.345	0.000080147897128256
1598.35	0.00008132577402042009
1598.355	0.0000817203230504104
1598.36	0.00008089781497058434
1598.365	0.00008302721480416154
1598.3700000000001	0.00008601750427601657
1598.375	0.00008603538480129673
1598.3799999999999	0.00008385345785936793
1598.385	0.00008378269450017401
1598.3899999999999	0.00008384678713723629
1598.395	0.00008220125186936753
1598.4	0.0000812141935651535
1598.405	0.00008285807697646165
1598.4099999999999	0.00008452547280979535
1598.415	0.00008363955719038692
1598.4199999999998	0.0000821117119234956
1598.425	0.00008212894157889874
1598.43	0.00007956697589668298
1598.435	0.00007406554944256675
1598.44	0.00006919043979073515
1598.445	0.00006781959891657634
1598.4499999999998	0.00006988427570164512
1598.4550000000002	0.00007350029100859209
1598.46	0.00007853252927611102
1598.465	0.00008293260379933769
1598.47	0.00008533367165732158
1598.475	0.00008637881531410325
1598.4799999999998	0.0000880410508331458
1598.4850000000001	0.00009077032272204374
1598.49	0.00009262213052091207
1598.495	0.0000929873203858733
1598.5	0.00009325162105632324
1598.5049999999999	0.00009325705279689987
1598.51	0.00009173454277745785
1598.515	0.00009163558783227747
1598.52	0.00009352837404223286
1598.5249999999999	0.00009408493320012076
1598.53	0.00009252596819867992
1598.5349999999999	0.00008718560610371894
1598.54	0.00007844108521254819
1598.545	0.00007173766068087991
1598.55	0.00007059309140298344
1598.555	0.00007413582113808112
1598.56	0.0000778397972992503
1598.5649999999998	0.00007756753842275443
1598.5700000000002	0.00007582743129701971
1598.575	0.00007636564353783732
1598.58	0.00007945815610677613
1598.585	0.00008202686414686595
1598.59	0.0000809622046233198
1598.5949999999998	0.00008025419379126856
1598.6000000000001	0.00008401209115890876
1598.605	0.00009118052859860956
1598.61	0.00009597696214009785
1598.615	0.00009807566663932995
1598.62	0.00009806459292913748
1598.6249999999998	0.00009688850287362922
1598.63	0.00009530842568654514
1598.635	0.00009479099126793138
1598.6399999999999	0.00009556738622039177
1598.645	0.00009650246285073863
1598.6499999999999	0.00009594267493474194
1598.6549999999997	0.00009326044716588636
1598.66	0.00008920838922292644
1598.665	0.00008714465016049345
1598.67	0.0000878483974805537
1598.675	0.00008878193400702109
1598.6799999999998	0.0000888263151887778
1598.685	0.00009165208867310611
1598.69	0.00009659345645132403
1598.695	0.00009833936506000037
1598.7	0.00009776345549637997
1598.705	0.00009810791953851895
1598.7099999999998	0.00009864772158417032
1598.7150000000001	0.0000984798628019791
1598.72	0.00009723239098810396
1598.725	0.00009519148487742017
1598.73	0.00009169598309687331
1598.735	0.00008700698232866202
1598.7399999999998	0.00008281149725908633
1598.7450000000001	0.00008215680333346368
1598.75	0.00008666160547879533
1598.7549999999999	0.00009274663596233478
1598.76	0.00009619452733024247
1598.7649999999999	0.00009746635374185507
1598.7699999999998	0.00009868887686616108
1598.775	0.00009963971489692285
1598.78	0.00009959377506043301
1598.785	0.00009935627445446968
1598.79	0.0000991940156611836
1598.7949999999998	0.00009937010775508404
1598.8	0.00009968349286900909
1598.805	0.0000995358298439415
1598.81	0.00009876188102402523
1598.815	0.00009777292161108003
1598.82	0.000096905562581077
1598.8249999999998	0.00009513080700267153
1598.83	0.00008965614570317382
1598.835	0.0000828499561732669
1598.84	0.00008164312317764275
1598.845	0.00008661590580472537
1598.85	0.00009306359623435305
1598.8549999999998	0.00009402190911905318
1598.86	0.000089642900222131
1598.865	0.00008477110092280128
1598.87	0.00008263371683312478
1598.875	0.00008467934347674093
1598.8799999999999	0.00008943581543579697
1598.8849999999998	0.00009269103230182288
1598.89	0.0000933627743089302
1598.895	0.00009185812363735197
1598.9	0.00008796552806610394
1598.905	0.00008222610201443361
1598.9099999999999	0.00007714912232135197
1598.915	0.00007614024209067987
1598.92	0.00007946699872128706
1598.925	0.0000843358226937919
1598.93	0.00008842307179229031
1598.935	0.00009189799740901137
1598.9399999999998	0.00009492270966584383
1598.945	0.00009676237136111739
1598.95	0.0000976141318575938
1598.955	0.00009792724297159259
1598.96	0.00009792063427511188
1598.965	0.00009793821567759033
1598.9699999999998	0.00009767159650796379
1598.975	0.00009722462887418553
1598.98	0.00009623303910675279
1598.985	0.00009424901012196917
1598.99	0.00009104058212544832
1598.995	0.00008742696161606244
1598.9999999999998	0.00008620097936028529
1599.0049999999999	0.00008800171043675916
1599.01	0.00008978283315597767
1599.015	0.00008969426946147619
1599.02	0.00009061197633694741
1599.0249999999999	0.0000937812251815299
1599.03	0.00009462622798243058
1599.035	0.00009192575641565675
1599.04	0.00008955456363380593
1599.045	0.00009010955494162079
1599.05	0.0000925045843144772
1599.0549999999998	0.0000945874777790625
1599.06	0.00009527284306847963
1599.065	0.00009374538850223484
1599.07	0.00009124247549173261
1599.075	0.00009088082002885122
1599.08	0.00009295776632503698
1599.0849999999998	0.0000948866137522852
1599.09	0.00009585551611083003
1599.095	0.0000966497541109555
1599.1	0.00009668758298044203
1599.105	0.0000951451685423534
1599.11	0.00009207211447502613
1599.1149999999998	0.00008844812644005842
1599.12	0.00008585192895482626
1599.125	0.00008527813376005259
1599.13	0.0000868921206286772
1599.135	0.00008980933852857578
1599.1399999999999	0.00009196441886423005
1599.145	0.00009115326973245204
1599.1499999999999	0.00008781507044489177
1599.155	0.00008415980405577139
1599.16	0.00008273918608176336
1599.165	0.00008648263024542862
1599.1699999999998	0.00009174770818530959
1599.175	0.00009432010722197902
1599.18	0.00009356838320179931
1599.185	0.00009261770184685614
1599.19	0.00009145958530401908
1599.195	0.00008854969272298624
1599.1999999999998	0.00008631610481916414
1599.205	0.00008730315852458364
1599.21	0.00008837927640914907
1599.2150000000001	0.00008458219463475597
1599.22	0.00007823426010899208
1599.225	0.00007728309069674456
1599.2299999999998	0.00008294844354026512
1599.235	0.00009021380471419179
1599.24	0.00009240327773349671
1599.2450000000001	0.00009282358524777005
1599.25	0.00009397661747479194
1599.2549999999999	0.00009563340102126006
1599.26	0.00009663713419200086
1599.2649999999999	0.00009649679748582764
1599.27	0.00009595328034228245
1599.275	0.00009615092224570254
1599.28	0.00009660780478558933
1599.2849999999999	0.00009556486363161022
1599.29	0.0000932250047543938
1599.2949999999998	0.00009238994988283974
1599.3	0.00009405791515801504
1599.305	0.0000970672267717481
1599.31	0.00009846199921650209
1599.3149999999998	0.00009830257824366069
1599.32	0.00009770964722286257
1599.3249999999998	0.00009777172618597501
1599.3300000000002	0.00009802322692380079
1599.335	0.00009802242839003287
1599.34	0.00009682771676500309
1599.3449999999998	0.00009420390089437771
1599.35	0.00009041437598787849
1599.355	0.00008583167838351212
1599.3600000000001	0.00008225995481840068
1599.365	0.00008380374390763433
1599.37	0.00008764747760904056
1599.375	0.00008984062303768081
1599.3799999999999	0.00009124225982552556
1599.385	0.00009297787358560961
1599.39	0.00009478600706282047
1599.395	0.00009505587644919533
1599.3999999999999	0.00009382828931701139
1599.405	0.00009070369435196082
1599.4099999999999	0.00008690359940020863
1599.415	0.0000840523085369638
1599.42	0.00008231130620477743
1599.425	0.00008146930332633806
1599.4299999999998	0.00008198974491069636
1599.435	0.00008468204034438003
1599.4399999999998	0.00008866398053761587
1599.4450000000002	0.00009089073238629634
1599.45	0.00008912910948510579
1599.455	0.00008611596136858176
1599.46	0.00008516655330090224
1599.465	0.00008757781858649346
1599.4699999999998	0.00009180769247882971
1599.4750000000001	0.00009349985357214188
1599.48	0.00009142576755375328
1599.485	0.00008870608720844961
1599.49	0.00008943814489126787
1599.495	0.0000938586183785537
1599.5	0.00009742725844512357
1599.505	0.00009869069595382921
1599.51	0.00009847734353774682
1599.5149999999999	0.0000948512034079022
1599.52	0.00009246845879208566
1599.5249999999999	0.00009296469922880932
1599.53	0.00008910430334194465
1599.535	0.00008345528425238447
1599.54	0.00008423542069096771
1599.5449999999998	0.00008939668405921236
1599.55	0.0000949977787367566
1599.5549999999998	0.00009789539122226137
1599.5600000000002	0.00009841857625556977
1599.565	0.00009823300141440029
1599.57	0.00009731783395533647
1599.575	0.0000955135251066935
1599.58	0.00009285888793184702
1599.5849999999998	0.00009028134356725295
1599.5900000000001	0.0000900397592242985
1599.595	0.00009157299709579102
1599.6	0.00009265783371598425
1599.605	0.00009174300908466843
1599.61	0.00008857259549881926
1599.6149999999998	0.00008421471369482453
1599.6200000000001	0.00008174321601876975
1599.625	0.00008317177543490088
1599.6299999999999	0.00008710299802933021
1599.635	0.00009157774077491154
1599.6399999999999	0.00009433455250264197
1599.645	0.00009493683899807891
1599.65	0.00009479776165085309
1599.655	0.00009367605060691004
1599.6599999999999	0.0000912717205025091
1599.665	0.00008737527153946978
1599.6699999999998	0.00008374258723922178
1599.675	0.00008476210300921663
1599.68	0.0000895469584691232
1599.685	0.00009270934029480789
1599.69	0.0000922858780384374
1599.695	0.00009162426406161586
1599.6999999999998	0.0000916923668888956
1599.7050000000002	0.0000892655712162476
1599.71	0.00008374390140722722
1599.715	0.00007895234844992455
1599.72	0.000080657248649057
1599.725	0.00008455351022304979
1599.7299999999998	0.00008216718097713859
1599.7350000000001	0.00007675627300052927
1599.74	0.00007539641401869661
1599.745	0.0000804039738874265
1599.75	0.00008681334498081862
1599.7549999999999	0.00008980385581265212
1599.7599999999998	0.0000898780710303352
1599.765	0.00008919592943563435
1599.77	0.00008803625329549018
1599.7749999999999	0.00008614655757598522
1599.78	0.00008450358057940596
1599.7849999999999	0.0000841524687871888
1599.79	0.00008504906112525388
1599.795	0.00008658996338857815
1599.8	0.00008817258397583085
1599.805	0.00008932785873535518
1599.81	0.00008988783055702943
1599.8149999999998	0.00008984500682839383
1599.82	0.00008990703120852478
1599.825	0.00009009092173073442
1599.83	0.00008974756528297163
1599.835	0.00008788653240298672
1599.84	0.00008601849733064248
1599.8449999999998	0.00008675222858454119
1599.85	0.00008837299061926115
1599.855	0.00008822618744499744
1599.86	0.00008791514124515204
1599.865	0.0000890268162891674
1599.87	0.00008965289209304264
1599.8749999999998	0.00008943223171027284
1599.88	0.00008841414383459502
1599.885	0.00008710363206070585
1599.8899999999999	0.00008618240880776963
1599.895	0.00008599605149514016
1599.8999999999999	0.00008642812211145924
1599.905	0.00008617907719593479
1599.91	0.00008469116846774062
1599.915	0.0000819250396265889
1599.92	0.00007930768914229999
1599.925	0.00007906936796536991
1599.9299999999998	0.00008224803347945074
1599.935	0.00008616948433049689
1599.94	0.00008700979629975048
1599.945	0.00008417895025009442
1599.95	0.0000811097374162589
1599.955	0.00008071214688949043
1599.9599999999998	0.00008244469982860033
1599.965	0.00008475390163584801
1599.97	0.00008723311340280482
1599.975	0.00008936980617026957
1599.98	0.00009003947751626498
1599.985	0.00008909328306046685
1599.9899999999998	0.00008680886521944345
1599.995	0.00008459953859370713
1600	0.00008424003736740953
1600.0049999999999	0.00008646847416872849
1600.01	0.00008849053914396145
1600.0149999999999	0.00008954264409690875
1600.02	0.000091020633971038
1600.025	0.0000917541069529514
1600.03	0.00009009311626748633
1600.035	0.00008908715721889218
1600.04	0.00009001583880985901
1600.0449999999998	0.00009187115894793481
1600.05	0.00009300122263464204
1600.055	0.00009359420467044094
1600.06	0.00009366870656247141
1600.065	0.00009298434286375482
1600.07	0.00009193830523136305
1600.0749999999998	0.00009082946330985113
1600.08	0.00008903711909790945
1600.085	0.00008688234121132486
1600.09	0.00008655860457032905
1600.095	0.00008767691589571
1600.1	0.00008582942536392841
1600.1049999999998	0.00008046013072287159
1600.11	0.0000767147196143827
1600.115	0.0000777942582542407
1600.12	0.0000823854332358894
1600.125	0.0000858458624912676
1600.1299999999999	0.00008588329537750107
1600.135	0.00008385272723691467
1600.1399999999999	0.00008330003359560584
1600.145	0.0000842623879810429
1600.15	0.00008457314450751063
1600.155	0.00008504731824922987
1600.1599999999999	0.00008556842843978211
1600.165	0.00007902778168529055
1600.17	0.00007200092454595214
1600.175	0.00007606712473619323
1600.18	0.00008191152139757496
1600.185	0.00007923840358500378
1600.1899999999998	0.00007799224596616673
1600.195	0.00008112060760715279
1600.2	0.00008271478497795248
1600.205	0.00008223458734776615
1600.21	0.00008274917627895509
1600.215	0.00008439014419988399
1600.2199999999998	0.00008518559551407222
1600.225	0.00008358107330126585
1600.23	0.00008080153653364698
1600.235	0.00007996825144412448
1600.24	0.00008216289444888536
1600.245	0.00008407849817529929
1600.25	0.00008432073882432293
1600.2549999999999	0.00008535489163644393
1600.26	0.00008467168958565013
1600.265	0.00008132396572185938
1600.27	0.0000775529077101365
1600.2749999999999	0.00007670642434288367
1600.28	0.00007969610349132886
1600.2849999999999	0.0000841114113499
1600.29	0.00008702881438629643
1600.295	0.00008646149957579314
1600.3	0.00008426238540506168
1600.3049999999998	0.00008340349397753889
1600.31	0.0000853961204672759
1600.3149999999998	0.0000874539846180138
1600.32	0.00008595214706361533
1600.325	0.00008241609665414102
1600.33	0.0000814158043602703
1600.335	0.0000838422319702103
1600.34	0.00008552348413994993
1600.345	0.00008567652618904481
1600.35	0.0000874070992754212
1600.355	0.0000890718248696958
1600.36	0.00008900348411370185
1600.365	0.00008823912443361213
1600.37	0.00008690695817735587
1600.375	0.0000848147333696597
1600.38	0.00008419924000038614
1600.385	0.00008607495516914714
1600.3899999999999	0.00008792406849354941
1600.395	0.00008836739583725126
1600.3999999999999	0.00008767200759990777
1600.405	0.00008652937200704444
1600.41	0.00008555942771037342
1600.415	0.00008478901229863667
1600.4199999999998	0.0000839210699582939
1600.425	0.00008308802373076997
1600.4299999999998	0.00008279472156252824
1600.435	0.00008306610178875262
1600.44	0.00008333299462388036
1600.445	0.00008307982153203426
1600.45	0.00008267048400994232
1600.455	0.00008244630228113033
1600.4599999999998	0.00008264228624126303
1600.465	0.00008291562919445882
1600.47	0.00008244358190094609
1600.475	0.00008091232345116311
1600.48	0.00007951876791916153
1600.485	0.00007919668858609341
1600.49	0.0000786936989149202
1600.4950000000001	0.000076003536436114
1600.5	0.00007339000483209768
1600.5049999999999	0.00007531235630548719
1600.51	0.00007803239255178363
1600.5149999999999	0.0000761746074555785
1600.52	0.00007086130787996521
1600.525	0.00006628689381173411
1600.53	0.00006233122862947551
1600.5349999999999	0.00005861591109530902
1600.54	0.00005676070676733012
1600.5449999999998	0.00005885704788028515
1600.55	0.00006509257755295843
1600.555	0.00007188026552643772
1600.56	0.00007402848323710347
1600.565	0.00007207924500096138
1600.57	0.00007097317612230905
1600.5749999999998	0.00007176113241310368
1600.5800000000002	0.0000709210581456672
1600.585	0.00006782042500221227
1600.59	0.0000642870549647787
1600.595	0.00006364398625414769
1600.6	0.00006747140332600576
1600.6049999999998	0.00007345953557543738
1600.6100000000001	0.0000761109857005302
1600.615	0.00007526681837668743
1600.62	0.00007514412575809396
1600.625	0.0000766165081583333
1600.6299999999999	0.00007731589563599683
1600.635	0.00007673534869837213
1600.64	0.00007639229983025455
1600.645	0.00007801146203483575
1600.6499999999999	0.00007955453320049129
1600.655	0.00008018682273585439
1600.6599999999999	0.00007915234013230827
1600.665	0.00007781141487900293
1600.67	0.00007797292841544108
1600.675	0.00007910729349609669
1600.68	0.00007573072948675648
1600.685	0.00006978667902434505
1600.6899999999998	0.00006821042406750275
1600.6950000000002	0.00007269262947235689
1600.7	0.00007784967090291533
1600.705	0.0000798127254637938
1600.71	0.00008043808327120074
1600.715	0.00008047350750436698
1600.7199999999998	0.00008035691283178316
1600.7250000000001	0.00007924515169003188
1600.73	0.00007534741156565426
1600.735	0.00007057108317611721
1600.74	0.0000678958691497126
1600.745	0.0000692738735500315
1600.7499999999998	0.00007309856463911598
1600.755	0.00007393291254566273
1600.76	0.00007160163438824711
1600.7649999999999	0.00007115291079720302
1600.77	0.0000747886899040865
1600.7749999999999	0.00007836268483504472
1600.78	0.0000791339368122528
1600.785	0.00007890228477111923
1600.79	0.00007801242322679305
1600.795	0.00007549276854714114
1600.8	0.00007274506390084539
1600.8049999999998	0.0000722138760162421
1600.81	0.00007336050826218015
1600.815	0.0000729746896449795
1600.82	0.0000704544015971927
1600.825	0.00006973277087816846
1600.83	0.00007449394192151527
1600.8349999999998	0.00007586055867989333
1600.8400000000001	0.00007454247844119316
1600.845	0.00007613722062193404
1600.85	0.00007571999883494435
1600.855	0.00007193729761764715
1600.86	0.00006823219629677292
1600.8649999999998	0.0000671856721704952
1600.8700000000001	0.00007051516581496149
1600.875	0.00007423163952585059
1600.8799999999999	0.00007493503897821398
1600.885	0.00007408122500872718
1600.8899999999999	0.00007312028292230599
1600.8949999999998	0.00007268397750704098
1600.9	0.00007259459236775128
1600.905	0.00007375615764473851
1600.91	0.0000739133071603526
1600.915	0.00007133748319337599
1600.9199999999998	0.00006891427224454029
1600.925	0.00006885338368211409
1600.93	0.00006797764432910986
1600.935	0.00006180238498091726
1600.94	0.000056322234189677735
1600.945	0.00005809736492692772
1600.9499999999998	0.0000658178174060903
1600.955	0.00007076670798224175
1600.96	0.0000712679670177955
1600.965	0.00007033371551528695
1600.97	0.00007039507592829983
1600.975	0.00007220356772455388
1600.9799999999998	0.00007408996115716346
1600.985	0.00007523352130375654
1600.99	0.00007573828919571741
1600.995	0.00007611707479306813
1601	0.00007657443892192852
1601.0049999999999	0.00007687563354368546
1601.0099999999998	0.00007672820066136948
1601.015	0.00007626454578839271
1601.02	0.00007420616467972683
1601.025	0.00007038571839143656
1601.03	0.00006593608757970613
1601.0349999999999	0.00006432288640247013
1601.04	0.00006664474952661538
1601.045	0.00007101093684861457
1601.05	0.00007394933508608198
1601.055	0.00007534972936087587
1601.06	0.00007579742599857392
1601.0649999999998	0.00007625727172415484
1601.07	0.00007557607525609072
1601.075	0.00007394802017961226
1601.08	0.00007316993421416485
1601.085	0.00007369045518931279
1601.09	0.00007433457156369227
1601.0949999999998	0.00007553527835091029
1601.1	0.00007633681811771907
1601.105	0.00007654811192683022
1601.11	0.00007629130195297737
1601.115	0.00007616874700569449
1601.12	0.00007594769868742264
1601.1249999999998	0.00007553417537710826
1601.1299999999999	0.00007511602992916032
1601.135	0.000075079317538508
1601.14	0.00007512186515704856
1601.145	0.00007459598115028874
1601.1499999999999	0.00007345522350753192
1601.155	0.00007294501704345743
1601.16	0.0000723567931835553
1601.165	0.00007149131646348394
1601.17	0.00007207207724936506
1601.175	0.00007245878788179974
1601.1799999999998	0.00007133591206137652
1601.185	0.00006927594622743021
1601.19	0.0000669213663167382
1601.195	0.00006587699017890597
1601.2	0.00006692290829607637
1601.205	0.00006867160585428207
1601.2099999999998	0.0000698127599753234
1601.215	0.00006979691479680716
1601.22	0.00006842058752748645
1601.225	0.00006690192702310467
1601.23	0.00006694294163890197
1601.235	0.0000677877489158071
1601.2399999999998	0.00006709209918371433
1601.245	0.00006473857534152617
1601.25	0.00006352153556615043
1601.255	0.00006422391233875817
1601.26	0.00006548039327347901
1601.2649999999999	0.00006714866283246903
1601.27	0.00006896028364968666
1601.2749999999999	0.0000698085323602703
1601.28	0.00006954261297154897
1601.285	0.0000687904719013631
1601.29	0.00006793586989811642
1601.2949999999998	0.00006690193088135178
1601.3	0.00006600879329384722
1601.305	0.00006614477642607148
1601.31	0.00006779670758299194
1601.315	0.00006880684525164894
1601.32	0.00006832876372468294
1601.3249999999998	0.00006886905505790078
1601.33	0.00006871250582235753
1601.335	0.00006654117011678401
1601.34	0.00006569859806631188
1601.345	0.0000671366922328804
1601.35	0.00006699252230972025
1601.3549999999998	0.00006364051500995014
1601.36	0.00006091029072195768
1601.365	0.000060506475830363324
1601.3700000000001	0.00006225626290124817
1601.375	0.00006417118965074433
1601.3799999999999	0.00006524633273004887
1601.385	0.00006497209801345955
1601.3899999999999	0.00006459385286734854
1601.395	0.00006486373598194527
1601.4	0.00006682029551716967
1601.405	0.00006803168360721557
1601.4099999999999	0.00006570742075077476
1601.415	0.0000627553684749611
1601.4199999999998	0.00006226959569952447
1601.425	0.00006364762328662329
1601.43	0.00006449299710840107
1601.435	0.00006368406123434085
1601.4399999999998	0.00006294174817159252
1601.445	0.00006385913756708649
1601.4499999999998	0.00006546655570996323
1601.4550000000002	0.00006555720894214929
1601.46	0.00006326451182014617
1601.465	0.00006137619175687132
1601.4699999999998	0.00006150015328162875
1601.475	0.00006312296902737808
1601.48	0.00006438181606828558
1601.4850000000001	0.00006434930041941503
1601.49	0.0000633201786117959
1601.495	0.00006299398496888012
1601.5	0.00006282075993499359
1601.5049999999999	0.00006011150751796239
1601.51	0.00005407486271098902
1601.515	0.000048188634114901186
1601.52	0.000046654021915415606
1601.5249999999999	0.000051561086067740564
1601.53	0.00005915040354029561
1601.5349999999999	0.00006352442794366436
1601.54	0.00006381374524158245
1601.545	0.00006345291902306005
1601.55	0.00006150400007601558
1601.5549999999998	0.000058837312281937233
1601.56	0.000059281918058725616
1601.5649999999998	0.0000612199999529249
1601.5700000000002	0.00006170452378549182
1601.575	0.00006008611563554887
1601.58	0.00005823064320360658
1601.5849999999998	0.000059124582409765745
1601.59	0.00006131036798376329
1601.5949999999998	0.00006236930777861742
1601.6000000000001	0.00006206421207414025
1601.605	0.00006032898013574723
1601.61	0.000057281069653280975
1601.615	0.000053821367963413474
1601.62	0.00005178242015974381
1601.625	0.000052967912779727944
1601.63	0.00005722226409725583
1601.635	0.00006201361820470541
1601.6399999999999	0.00006633475339272342
1601.645	0.00006818377481680519
1601.6499999999999	0.00006926039968412451
1601.655	0.00006980765297575206
1601.66	0.00006998044055629094
1601.665	0.00007001411297839165
1601.6699999999998	0.00007001372398402687
1601.675	0.00007015590381342922
1601.6799999999998	0.00007015590381342922
1601.6850000000002	0.0000695140017570255
1601.69	0.00006745872974201979
1601.695	0.00006581943737037
1601.7	0.00006633377817658391
1601.705	0.00006805349685318741
1601.7099999999998	0.00006835502744678182
1601.7150000000001	0.0000672842606366103
1601.72	0.00006525636468803488
1601.725	0.00006299985283439131
1601.73	0.00006196126470779247
1601.735	0.0000610527085553123
1601.7399999999998	0.00005760201857470633
1601.7450000000001	0.000051765821621416664
1601.75	0.00004864394683306026
1601.7549999999999	0.00005078763223468403
1601.76	0.000056510606835762913
1601.7649999999999	0.00006219547784333789
1601.77	0.00006375452325700191
1601.775	0.00006394980287585122
1601.78	0.00006457767133986624
1601.7849999999999	0.00006558870893223857
1601.79	0.00006597371500296566
1601.7949999999998	0.00006544352502367885
1601.8	0.00006404539381041111
1601.805	0.00006177961559393621
1601.81	0.00005901651320082288
1601.815	0.000057275505987302306
1601.82	0.000058372479169191314
1601.8249999999998	0.00006043950237250138
1601.8300000000002	0.00005901024778600594
1601.835	0.000056537964869034263
1601.84	0.00005941576313683743
1601.845	0.00006252298712816844
1601.85	0.00006273332779044069
1601.8549999999998	0.00006358591489698908
1601.8600000000001	0.00006481149191310075
1601.865	0.0000643137930179661
1601.87	0.00006345067627363026
1601.875	0.0000619188606222208
1601.8799999999999	0.00005851882341983302
1601.8849999999998	0.0000551530365251054
1601.89	0.00005385242144474322
1601.895	0.000055473274948188195
1601.8999999999999	0.000058654495085649903
1601.905	0.00005842329526008827
1601.9099999999999	0.00005417890147960057
1601.915	0.00005081286819991201
1601.92	0.000050194866975816585
1601.925	0.00005155366361235741
1601.93	0.00005386166997963508
1601.935	0.00005615667885511285
1601.9399999999998	0.00005810360881378405
1601.945	0.00006040528083519115
1601.95	0.00006198929510231034
1601.955	0.00006331996922001195
1601.96	0.00006409796853642324
1601.965	0.00006453786036889713
1601.9699999999998	0.00006477665329848693
1601.9750000000001	0.00006479356562841051
1601.98	0.00006470988644550777
1601.985	0.0000646104430051309
1601.99	0.00006416645203406024
1601.995	0.00006292146460446607
1601.9999999999998	0.00006137108207077707
1602.005	0.000060552669386854396
1602.01	0.00006117543436535427
1602.0149999999999	0.00006245958844130032
1602.02	0.00006363008261210471
1602.0249999999999	0.00006322855223165267
1602.03	0.0000617216770460667
1602.035	0.00006066217635151782
1602.04	0.00006040212021573203
1602.045	0.00005851833286652539
1602.05	0.00005534888371092498
1602.0549999999998	0.00005286662909019854
1602.06	0.000053138391319553196
1602.065	0.000056121248695162466
1602.07	0.00005931963397839871
1602.075	0.00006032660689444795
1602.08	0.00005964903274989057
1602.0849999999998	0.000059634134051789585
1602.09	0.00006045898022749608
1602.095	0.00006125515935403005
1602.1	0.00006128018542279155
1602.105	0.0000604847119276176
1602.11	0.000059623871823920295
1602.1149999999998	0.000057364508920349224
1602.12	0.00005313728630646969
1602.125	0.000047261726495526776
1602.1299999999999	0.000043967888987931386
1602.135	0.00004477584936629826
1602.1399999999999	0.00004962517950416413
1602.145	0.000056184541131650864
1602.15	0.00005799072932704882
1602.155	0.00005872078813586506
1602.16	0.000057558216020153093
1602.165	0.00005310966811157562
1602.1699999999998	0.00005399332171951754
1602.175	0.00005378771884817073
1602.18	0.00004931463002154862
1602.185	0.00004949491162387375
1602.19	0.0000553358695933055
1602.195	0.00006028996404438216
1602.1999999999998	0.00006238017658255287
1602.205	0.00006221764491846957
1602.21	0.000060803582684656554
1602.215	0.0000599768174567391
1602.22	0.000060830701026860204
1602.225	0.0000624066956997786
1602.2299999999998	0.00006395190105979055
1602.235	0.00006542989575098416
1602.24	0.00006668835680792471
1602.245	0.00006745520213949202
1602.25	0.00006771071270076292
1602.2549999999999	0.00006756833053076139
1602.26	0.00006696578848741519
1602.2649999999999	0.00006597606336017631
1602.27	0.00006406405900435136
1602.275	0.00006229459294733123
1602.28	0.00006166177103561413
1602.2849999999999	0.00006226872393532021
1602.29	0.00006349127634832304
1602.295	0.00006411281910553455
1602.3	0.00006317417472988868
1602.305	0.00006125684550714151
1602.31	0.00006093075509987601
1602.3149999999998	0.00006239720812588857
1602.32	0.00006430181547816334
1602.325	0.0000652256714790928
1602.33	0.00006489251284641421
1602.335	0.00006382794556778402
1602.34	0.0000622265874829032
1602.3449999999998	0.000060291488494926377
1602.35	0.00005898602489625741
1602.355	0.00005888321990152949
1602.36	0.00005939353567202781
1602.365	0.000059808457598177416
1602.37	0.000059734751308181664
1602.375	0.000057787599378559935
1602.3799999999999	0.00005497952987648322
1602.385	0.00005447605518789315
1602.39	0.00005739032282558005
1602.395	0.00006193158229524005
1602.3999999999999	0.00006482796677394831
1602.405	0.00006570439199611645
1602.4099999999999	0.00006559927717845755
1602.415	0.00006494400370324991
1602.42	0.00006478274268259955
1602.425	0.00006563080590492836
1602.4299999999998	0.00006632139096712593
1602.435	0.00006663880550799141
1602.44	0.00006664665664938981
1602.445	0.00006662126859367361
1602.45	0.0000661543315464579
1602.455	0.00006533504925481961
1602.4599999999998	0.0000650492274786668
1602.465	0.00006563290984488567
1602.47	0.00006607492902715454
1602.475	0.00006530235686933227
1602.48	0.00006419029565082132
1602.485	0.00006468613141276219
1602.49	0.0000664750711540641
1602.495	0.00006753961605096597
1602.5	0.0000678540822504767
1602.505	0.00006686394275519435
1602.51	0.0000641684382548567
1602.5149999999999	0.000060948886733736094
1602.52	0.00005901135018836618
1602.5249999999999	0.000059649905898982427
1602.53	0.00006237727930523862
1602.535	0.0000650271960610736
1602.54	0.00006629247779370179
1602.5449999999998	0.00006656925142303634
1602.55	0.00006622817658296059
1602.5549999999998	0.00006563560791059872
1602.56	0.00006505766779448087
1602.565	0.00006460039186681376
1602.57	0.0000641306979724974
1602.5749999999998	0.00006267613561371658
1602.58	0.00006013804075730148
1602.5849999999998	0.000057740508813609626
1602.59	0.00005617825956484298
1602.595	0.000055655455140254134
1602.6	0.000056037800879393496
1602.605	0.00005698064966596678
1602.61	0.000058198268627956556
1602.615	0.00005906812925665557
1602.6200000000001	0.000059314472546562097
1602.625	0.00005893432660503899
1602.6299999999999	0.00005828049759249126
1602.635	0.00005803835758196146
1602.6399999999999	0.000058412800210056464
1602.645	0.0000593699474401693
1602.65	0.00006084058627235709
1602.655	0.00006222905576804933
1602.6599999999999	0.00006317321636307818
1602.665	0.00006330087589714791
1602.6699999999998	0.00006270832270085539
1602.675	0.0000621220275346115
1602.68	0.00006259866626793615
1602.685	0.00006316212014163324
1602.69	0.00006185579702843538
1602.695	0.00006070376784158447
1602.6999999999998	0.00006204979682565592
1602.705	0.00006461914053245443
1602.71	0.00006646043046463827
1602.715	0.00006704277698891583
1602.72	0.00006686827696157206
1602.725	0.00006687213308650677
1602.7299999999998	0.00006717923105510806
1602.7350000000001	0.00006707756613887976
1602.74	0.00006634768403412469
1602.745	0.00006541166554400301
1602.75	0.00006386284794299013
1602.7549999999999	0.00006031044485813533
1602.76	0.000055489088191671925
1602.765	0.00005177705895092263
1602.77	0.00005115593724093074
1602.7749999999999	0.00005398617755217514
1602.78	0.00005810659806670169
1602.7849999999999	0.00006016715601041122
1602.79	0.000056915047735243316
1602.795	0.00005151784485095848
1602.8	0.00004848772727101569
1602.805	0.00004978730171763761
1602.81	0.00005302215674456734
1602.8149999999998	0.00005543928539231052
1602.82	0.00005602997198151764
1602.825	0.000054252769513509976
1602.83	0.00005138999281263062
1602.835	0.00005051447631973127
1602.84	0.000053972021921056066
1602.8449999999998	0.000060463610581004675
1602.8500000000001	0.00006412347029037278
1602.855	0.00006364002065194725
1602.86	0.00006175279893476608
1602.865	0.00006121304612439566
1602.87	0.0000632347601957312
1602.8749999999998	0.00006591825261028987
1602.88	0.00006702801927025055
1602.885	0.00006722005242131696
1602.8899999999999	0.00006706001990669191
1602.895	0.0000669469375035419
1602.8999999999999	0.00006726233644562456
1602.905	0.00006814686633213195
1602.91	0.00006842917348756175
1602.915	0.0000680480628265783
1602.92	0.00006779587909558293
1602.925	0.00006719143261579367
1602.9299999999998	0.00006593302652082242
1602.935	0.0000651848770587105
1602.94	0.000065950221947975
1602.945	0.00006716296469654871
1602.95	0.00006731679191575583
1602.955	0.00006637336448893485
1602.9599999999998	0.00006502431665901401
1602.9650000000001	0.00006404165919701097
1602.97	0.00006352352459207422
1602.975	0.00006423760267239182
1602.98	0.00006660799327646064
1602.985	0.00006878038444907623
1602.9899999999998	0.00006953252148606421
1602.9950000000001	0.00006943529858508068
1603	0.00006926632515530846
1603.0049999999999	0.00006691615393262117
1603.01	0.00006427015215386292
1603.0149999999999	0.00006599822633398708
1603.0199999999998	0.00006983082900440691
1603.025	0.00007127071009169507
1603.03	0.00007147052325239801
1603.035	0.00007088687746045998
1603.04	0.00006993259064167022
1603.0449999999998	0.00006997205511334774
1603.05	0.0000705909525540524
1603.055	0.00007085317338351156
1603.06	0.00007051711643726103
1603.065	0.00006942110779324244
1603.07	0.0000667288658020805
1603.0749999999998	0.00006299591038313467
1603.08	0.00006116033262831232
1603.085	0.00006289339726808705
1603.09	0.00006635439286822517
1603.095	0.00006821183999527401
1603.1	0.00006835235766853116
1603.1049999999998	0.00006772132387097129
1603.11	0.00006570572620753357
1603.115	0.00006270898558845952
1603.12	0.00006045269136923806
1603.125	0.00006029029275753622
1603.1299999999999	0.00006273970996568255
1603.1349999999998	0.00006572822571237212
1603.14	0.0000659722192841111
1603.145	0.00006415019588726798
1603.15	0.00006342691540792465
1603.155	0.00006513399537251616
1603.1599999999999	0.00006507380778604909
1603.165	0.00006287082756690743
1603.17	0.00006322204409450806
1603.175	0.00006625431500077795
1603.18	0.00006740253903239033
1603.185	0.00006525869572770654
1603.1899999999998	0.00006152036162153695
1603.195	0.000060259255696813224
1603.2	0.00006192443204466683
1603.205	0.0000640422431733677
1603.21	0.00006461938903106909
1603.215	0.00006344544162479455
1603.2199999999998	0.0000616819087420461
1603.225	0.00006071918886336708
1603.23	0.00006076150932465503
1603.235	0.00006094419004695962
1603.24	0.00006087672956447688
1603.245	0.00006193621652500131
1603.2499999999998	0.00006349800071187322
1603.2549999999999	0.0000633199433210603
1603.26	0.00006288791778007321
1603.265	0.00006475645888145353
1603.27	0.00006544800461470894
1603.2749999999999	0.00006252463116592344
1603.28	0.00005947441242460065
1603.285	0.00005880344106876596
1603.29	0.0000607913385923156
1603.295	0.00006398145680923432
1603.3	0.00006696980258415551
1603.3049999999998	0.00006841945647251305
1603.31	0.00006860043504275376
1603.315	0.0000668193505233055
1603.32	0.00006458192050729833
1603.325	0.00006397227483370112
1603.33	0.00006346534363811726
1603.3349999999998	0.00006163303976519061
1603.34	0.00005961161321522245
1603.345	0.00005797032862152563
1603.35	0.000057537370621388154
1603.355	0.00005881170894294571
1603.36	0.0000610316775906748
1603.3649999999998	0.00006309966798659109
1603.37	0.00006429160458370898
1603.375	0.0000643936745133472
1603.38	0.00006393998059034717
1603.385	0.00006428444627175761
1603.3899999999999	0.00006488303465631038
1603.395	0.0000644131815757129
1603.3999999999999	0.00006341840164912362
1603.405	0.00006396452045656394
1603.41	0.00006527564451354548
1603.415	0.00006560639529506987
1603.4199999999998	0.00006469685982956783
1603.425	0.00006339866406987471
1603.43	0.00006231185419935167
1603.435	0.000061518004603535
1603.44	0.00006075055585684384
1603.445	0.00005980325341997268
1603.4499999999998	0.000058946523861512716
1603.455	0.00005913188695721638
1603.46	0.00006112046513809972
1603.465	0.00006438099898775996
1603.47	0.0000674082062800155
1603.475	0.00006854766872326916
1603.4799999999998	0.00006841189004336916
1603.485	0.00006754557537520597
1603.49	0.00006649274584974865
1603.4950000000001	0.00006405501851867183
1603.5	0.000060782073519183534
1603.5049999999999	0.00005915416191030061
1603.51	0.00006014579238028938
1603.5149999999999	0.00006224515421586116
1603.52	0.00006381734277721995
1603.525	0.00006468337004320217
1603.53	0.00006521534515229389
1603.5349999999999	0.00006591011421875334
1603.54	0.00006705665832882108
1603.5449999999998	0.0000682431818094732
1603.55	0.0000692310767232415
1603.555	0.00006978304527193473
1603.56	0.00006984545962270291
1603.5649999999998	0.00006966016509674143
1603.57	0.00006991006386204547
1603.5749999999998	0.00007042180956969422
1603.58	0.00007052192847332508
1603.585	0.00007024714285226537
1603.59	0.00007010688918165169
1603.5949999999998	0.00007018395160858744
1603.6	0.00006985290085823827
1603.605	0.00006917687221071854
1603.6100000000001	0.00006824116414839874
1603.615	0.0000665979901429412
1603.62	0.00006370564964885809
1603.625	0.000059883600131933564
1603.6299999999999	0.00005655429337698104
1603.635	0.00005582747596448314
1603.64	0.00005826639224664127
1603.645	0.0000615829376979983
1603.6499999999999	0.0000631449635640084
1603.655	0.00006199754045493249
1603.6599999999999	0.00006032004244963903
1603.665	0.0000600945214937808
1603.67	0.000060919784148563225
1603.675	0.00006238376690430288
1603.6799999999998	0.0000630434298248645
1603.685	0.00006201065933355269
1603.6899999999998	0.00005923014166880934
1603.695	0.00005595897587559388
1603.7	0.000053684569626431266
1603.705	0.00005420287400976477
1603.7099999999998	0.000058055429297148895
1603.715	0.0000627121720512195
1603.7199999999998	0.00006453367869391467
1603.7250000000001	0.00006383535278918186
1603.73	0.00006370882020077291
1603.735	0.0000649637829669352
1603.74	0.00006650515618095971
1603.745	0.00006751909878523477
1603.75	0.00006820077938029671
1603.755	0.00006787756105569431
1603.76	0.00006626138915243647
1603.7649999999999	0.00006370861705635386
1603.77	0.000059827828468460984
1603.7749999999999	0.00005535882988276573
1603.78	0.00005042349943498399
1603.785	0.00004735129436291037
1603.79	0.0000491181811603475
1603.7949999999998	0.0000552712247069665
1603.8	0.00006054661843977895
1603.8049999999998	0.00006334096558807892
1603.8100000000002	0.0000670061549049116
1603.815	0.0000693984413006997
1603.82	0.00006982532888845162
1603.8249999999998	0.00006933157023241184
1603.83	0.00006804357574628875
1603.8349999999998	0.0000676330666885466
1603.8400000000001	0.00006883690575584369
1603.845	0.00007001286582427514
1603.85	0.00007058499606846298
1603.855	0.0000707071119860791
1603.86	0.00007066312806157672
1603.8649999999998	0.00007047154241043869
1603.8700000000001	0.00006964932369555258
1603.875	0.00006831469264598542
1603.8799999999999	0.00006797620923765475
1603.885	0.00006829987644868644
1603.8899999999999	0.0000657105169329351
1603.895	0.00006158945924359039
1603.9	0.000059295980209108116
1603.905	0.00006031150302854837
1603.9099999999999	0.00006366839726760053
1603.915	0.00006678304839932029
1603.9199999999998	0.0000678495123129892
1603.925	0.00006695556564015136
1603.93	0.00006508689948958639
1603.935	0.00006334306518204954
1603.9399999999998	0.0000623098635851908
1603.945	0.00006199798994275073
1603.9499999999998	0.00006201831771379021
1603.9550000000002	0.00006200154418607521
1603.96	0.00006203048867027631
1603.965	0.00006148499209543004
1603.97	0.000059253069170260364
1603.975	0.0000555799872908474
1603.9799999999998	0.00005329854398529885
1603.9850000000001	0.00005436719642318675
1603.99	0.000055183087817558506
1603.995	0.000053987370242216324
1604	0.00005229244445739614
1604.0049999999999	0.000052541482472767756
1604.0099999999998	0.000055226975544101266
1604.015	0.00005865572399949049
1604.02	0.000060896795370644713
1604.0249999999999	0.00006129000371764836
1604.03	0.00006114525354205314
1604.0349999999999	0.000060905820621159533
1604.04	0.00006019320057736363
1604.045	0.00005948639231043111
1604.05	0.00005992913390802239
1604.055	0.00006184793105913416
1604.06	0.00006397758226883936
1604.0649999999998	0.00006420524043980613
1604.07	0.0000631473521934822
1604.075	0.0000631473521934822
1604.08	0.0000636764303266004
1604.085	0.0000635666596415188
1604.09	0.00006266742771068554
1604.0949999999998	0.00006241824856677979
1604.1000000000001	0.00006272877824181431
1604.105	0.00006285217685683629
1604.11	0.00006162452660575079
1604.115	0.00005867839714309413
1604.12	0.00005422808329351467
1604.1249999999998	0.00005184702066178757
1604.13	0.00005288564715749469
1604.135	0.000055212838918620965
1604.1399999999999	0.0000533106781487288
1604.145	0.00004706067165360885
1604.1499999999999	0.00004382914865651717
1604.155	0.00004699669463348753
1604.16	0.000053957568651233074
1604.165	0.00005896877926755346
1604.17	0.000060065732724351925
1604.175	0.000059953593218948614
1604.1799999999998	0.00006096214357809859
1604.185	0.0000611939097760935
1604.19	0.00005866591773163031
1604.195	0.00005605404921332043
1604.2	0.000055583892374664654
1604.205	0.00005700069149259981
1604.2099999999998	0.0000591533794768869
1604.215	0.00006116463908970164
1604.22	0.00006212577937290074
1604.225	0.00006107715661369957
1604.23	0.00005905400639247034
1604.235	0.00005879115853001359
1604.2399999999998	0.00005988021176283313
1604.245	0.00006132746150676072
1604.25	0.00006262561020473509
1604.2549999999999	0.00006363983908128093
1604.26	0.00006438587482968501
1604.2649999999999	0.00006488323025295735
1604.27	0.00006516973418743865
1604.275	0.00006553997546996634
1604.28	0.00006577693419891196
1604.285	0.00006581131309863843
1604.29	0.00006553086067269558
1604.2949999999998	0.00006547120160030145
1604.3	0.00006591046704492508
1604.305	0.0000667239580652389
1604.31	0.00006755272609853909
1604.315	0.00006786649460970259
1604.32	0.00006719872365048894
1604.3249999999998	0.00006516549306921742
1604.33	0.00006242012698450683
1604.335	0.00006278627864672502
1604.34	0.00006494344396856369
1604.345	0.00006441898703735242
1604.35	0.0000632177477657912
1604.3549999999998	0.00006123765501339282
1604.36	0.000057470947087278635
1604.365	0.000055949411216372405
1604.37	0.00005805185306498278
1604.375	0.00006105876801288934
1604.3799999999999	0.00006159784479539666
1604.385	0.00005987516785607876
1604.3899999999999	0.00005924377833204648
1604.395	0.00005995309012484702
1604.4	0.0000606793791056727
1604.405	0.00006105165263488115
1604.4099999999999	0.0000618148424568929
1604.415	0.00006238767002554503
1604.42	0.00006143237291300906
1604.425	0.00005940517979752643
1604.43	0.00005793563487462883
1604.435	0.00005802594378971916
1604.4399999999998	0.00005979111359900394
1604.445	0.00006319462972319777
1604.45	0.00006623882067252488
1604.455	0.0000674297516330891
1604.46	0.00006754954100690028
1604.465	0.00006815041073699669
1604.4699999999998	0.00006741257050163058
1604.475	0.00006540576409625293
1604.48	0.00006444560272397506
1604.485	0.00006365364760810551
1604.49	0.00006188272038790413
1604.495	0.00006103508448493408
1604.5	0.00006122663706190662
1604.5049999999999	0.00006140287271242002
1604.51	0.00006148461032674706
1604.515	0.00006178983303206741
1604.52	0.0000625126483627735
1604.5249999999999	0.00006338651512362814
1604.53	0.00006417092280449229
1604.5349999999999	0.00006499037753078392
1604.54	0.0000657952267457888
1604.545	0.00006616795444978473
1604.55	0.00006610046273086587
1604.5549999999998	0.00006595717385338376
1604.56	0.00006599512545575721
1604.565	0.00006610333235308565
1604.57	0.00006597417760894108
1604.575	0.00006598976701972568
1604.58	0.00006597322095315181
1604.5849999999998	0.00006528752840715728
1604.59	0.00006410923540675589
1604.595	0.00006266007214202354
1604.6	0.00006070866708090198
1604.605	0.00005862169962244835
1604.61	0.00005694943393585685
1604.615	0.00005645311718929682
1604.62	0.00005741535851895726
1604.625	0.00005930408899758639
1604.63	0.00006165467328332326
1604.635	0.00006425976775933149
1604.6399999999999	0.00006606502190394445
1604.645	0.00006644065149958816
1604.6499999999999	0.00006633117574146485
1604.655	0.00006680002028439343
1604.66	0.00006709458170738576
1604.665	0.00006656608683746039
1604.6699999999998	0.00006527422783786687
1604.675	0.00006340396710348078
1604.6799999999998	0.000060248464757217835
1604.685	0.000056588018543595215
1604.69	0.000054200979192386486
1604.695	0.0000545488512067492
1604.6999999999998	0.000057193660799413966
1604.705	0.00005931662618876582
1604.7099999999998	0.00005880277165503477
1604.715	0.00005762275832781247
1604.72	0.000058841173639606926
1604.725	0.000061010985606055694
1604.73	0.00006061865973983158
1604.735	0.0000598933840479213
1604.74	0.00006043312252316656
1604.7450000000001	0.00005973618191613526
1604.75	0.00005786577815320144
1604.7549999999999	0.00005708476645445871
1604.76	0.00005777770732040899
1604.7649999999999	0.00005941098231950817
1604.77	0.00006064138394218473
1604.775	0.00006066473320178865
1604.78	0.000060264460173066926
1604.7849999999999	0.0000605308164071196
1604.79	0.00006195416401490234
1604.7949999999998	0.00006347650994083356
1604.8	0.00006417333049374932
1604.805	0.00006404130066390127
1604.81	0.00006375479140405821
1604.8149999999998	0.00006377624340003784
1604.82	0.00006345539282439238
1604.8249999999998	0.00006195169796603899
1604.83	0.00005938000753870401
1604.835	0.00005666772508095819
1604.84	0.000054551550821522684
1604.845	0.00005305170366170666
1604.85	0.000051917341273111995
1604.8549999999998	0.00005112971313124746
1604.8600000000001	0.000051371873547400234
1604.865	0.00005355782898742526
1604.87	0.00005687959762484698
1604.875	0.000059392768297557054
1604.8799999999999	0.00006008431417740498
1604.885	0.00005789516835340445
1604.89	0.000053841363417873406
1604.895	0.000051458095399655685
1604.8999999999999	0.00005244891526953232
1604.905	0.00005554880194697426
1604.9099999999999	0.00005823372542647633
1604.915	0.000059017314924858483
1604.92	0.000059017314924858483
1604.925	0.000059772546602432495
1604.93	0.00006110319258167458
1604.935	0.00006184623128365182
1604.9399999999998	0.00006197991752613467
1604.945	0.00006174773232190962
1604.95	0.00006126590170762514
1604.955	0.00006030542805171847
1604.96	0.00005909548505699638
1604.965	0.00005897887739582744
1604.9699999999998	0.000058744333093402916
1604.9750000000001	0.00005599707399275824
1604.98	0.00005228610769649456
1604.985	0.00005075684555113393
1604.99	0.00005158589462930449
1604.995	0.00005490048489926692
1604.9999999999998	0.000058083877054459324
1605.005	0.000059491099757318444
1605.01	0.0000595868832009249
1605.0149999999999	0.00005897708736358
1605.02	0.000057457376392492534
1605.0249999999999	0.00005533951065229752
1605.03	0.000052995551603771784
1605.035	0.000050811933771578884
1605.04	0.000049416322087124816
1605.045	0.00004990977439551429
1605.05	0.00005222760989349165
1605.0549999999998	0.00005423072144667242
1605.06	0.000055114832112680926
1605.065	0.00005490353435814982
1605.07	0.000054473139248201266
1605.075	0.00005450239265836582
1605.08	0.00005534790049495839
1605.0849999999998	0.0000566713107620733
1605.0900000000001	0.00005788440526037898
1605.095	0.00005885429989172744
1605.1	0.00005953159406984013
1605.105	0.000059834464792615444
1605.11	0.000059761728477659955
1605.1149999999998	0.00005964824295077554
1605.1200000000001	0.00005988200817152562
1605.125	0.00006022976248207985
1605.1299999999999	0.00006011998925860168
1605.135	0.00006040740118376326
1605.1399999999999	0.00005999094304434729
1605.1449999999998	0.00005899182416971758
1605.15	0.00005904451730003376
1605.155	0.00005998962072688134
1605.16	0.00006037955384228578
1605.165	0.0000608327140241653
1605.1699999999998	0.0000617391203125528
1605.175	0.00006217294870229165
1605.18	0.0000612597095706518
1605.185	0.00005954187131264872
1605.19	0.000058405037600573094
1605.195	0.000058685275184860255
1605.1999999999998	0.000055875729116084494
1605.205	0.00005041725099608267
1605.21	0.000047863194009581484
1605.215	0.000049469951622093995
1605.22	0.000054087190355250984
1605.225	0.00005866676259485189
1605.2299999999998	0.000059809851319441235
1605.2350000000001	0.00006028790949059024
1605.24	0.00006085034391132402
1605.245	0.00006139044746739135
1605.25	0.0000617202892389666
1605.2549999999999	0.00006172469884756613
1605.2599999999998	0.00006129606627403504
1605.265	0.000060158318167424585
1605.27	0.00005886777789973869
1605.275	0.000058006764315494175
1605.28	0.00005797957016017409
1605.2849999999999	0.00005799782815267589
1605.29	0.00005643508896488048
1605.295	0.00005120255419065854
1605.3	0.00004375576197113512
1605.305	0.00003929433592417843
1605.31	0.000040814308846228817
1605.3149999999998	0.00004779827037731045
1605.32	0.00005383689064414147
1605.325	0.00005495680684369051
1605.33	0.00005324837363794468
1605.335	0.00005000632950913767
1605.34	0.000047422217479604035
1605.3449999999998	0.000048386213671396684
1605.35	0.000052655156559451225
1605.355	0.00005638034813735688
1605.36	0.00005667069868359467
1605.365	0.00005534757521671262
1605.37	0.00005503427777593604
1605.3749999999998	0.00005646989006573891
1605.3799999999999	0.00005879283166083888
1605.385	0.000060652548091179865
1605.39	0.00006152173914315044
1605.395	0.00006203044637622529
1605.3999999999999	0.00006246417072618031
1605.405	0.00006281676605498648
1605.41	0.00006280133936273451
1605.415	0.00006260561937773454
1605.42	0.00006213806273293731
1605.425	0.0000606001473514819
1605.4299999999998	0.00005760815805617421
1605.435	0.00005522479072855162
1605.44	0.00005534264438441072
1605.445	0.00005655359907902908
1605.45	0.00005464824269025135
1605.455	0.00004928361821401442
1605.4599999999998	0.000045481395274707246
1605.465	0.00004689662867107127
1605.47	0.000052055334178146054
1605.475	0.00005615546242762128
1605.48	0.000057765788079980357
1605.485	0.00005857757077724582
1605.4899999999998	0.00005864984308870963
1605.495	0.00005707649593503032
1605.5	0.000055023607611367285
1605.505	0.000054258265647501326
1605.51	0.00005496836704691089
1605.5149999999999	0.00005530272011388934
1605.52	0.00005379113330507079
1605.5249999999999	0.000052054083651412464
1605.53	0.00005166342212570246
1605.535	0.000053019710156514366
1605.54	0.00005510935086429113
1605.5449999999998	0.00005663813796303718
1605.55	0.000057095493214017806
1605.555	0.000057227469958118244
1605.56	0.000057743686920237596
1605.565	0.00005746737250808483
1605.57	0.00005577342355800861
1605.5749999999998	0.00005450824129575931
1605.58	0.00005447183866297058
1605.585	0.00005536123299250545
1605.59	0.00005668232485054433
1605.595	0.00005787107651074938
1605.6	0.00005858623051056622
1605.6049999999998	0.00005875574809612495
1605.61	0.00005842283653895055
1605.615	0.0000580187542462943
1605.6200000000001	0.00005744508012180337
1605.625	0.00005635930822142558
1605.6299999999999	0.00005519121640574249
1605.635	0.000055702049450016425
1605.6399999999999	0.00005743758593872761
1605.645	0.00005805509541394861
1605.65	0.000057433237556641476
1605.655	0.000054757648327464154
1605.6599999999999	0.0000511231594211454
1605.665	0.000051368281542983304
1605.6699999999998	0.000054090087385454117
1605.675	0.000055293234943242264
1605.68	0.000053890266508137574
1605.685	0.00005269629630533526
1605.6899999999998	0.00005321857439586082
1605.695	0.000054796892380023936
1605.7	0.00005624144634490377
1605.705	0.00005701419177097566
1605.71	0.000056406992515743036
1605.715	0.00005587405658728704
1605.7199999999998	0.00005585273902397595
1605.725	0.000055450468224582315
1605.73	0.000054932301677565675
1605.7350000000001	0.000055249911251177915
1605.74	0.00005613284374908277
1605.745	0.0000563884304825149
1605.75	0.00005618316887930289
1605.7549999999999	0.000056332164141074534
1605.76	0.00005696620450241371
1605.765	0.0000575866729470441
1605.77	0.00005766763888446072
1605.7749999999999	0.000056996990091794684
1605.78	0.00005602131700791382
1605.7849999999999	0.00005464949106053243
1605.79	0.00005280542020936378
1605.795	0.000051960530007040945
1605.8	0.00005330893416771957
1605.8049999999998	0.00005487426658215602
1605.81	0.00005474269498996199
1605.8149999999998	0.00005338544758786793
1605.82	0.00005315534449588905
1605.825	0.000054192648339820584
1605.83	0.000054593922977334254
1605.8349999999998	0.00005427938602448309
1605.84	0.00005331922925325954
1605.8449999999998	0.00005016590955783006
1605.8500000000001	0.00004658697885149879
1605.855	0.000044940198756535115
1605.86	0.00004546059807624523
1605.865	0.000047012872132298484
1605.87	0.0000481328616851821
1605.875	0.00004828148783348985
1605.88	0.00004861847042044359
1605.885	0.00005028782872916451
1605.8899999999999	0.0000500602896910447
1605.895	0.00004660005660534799
1605.8999999999999	0.000043252802560363895
1605.905	0.00004293321386771591
1605.91	0.00004554299344182967
1605.915	0.000048605590355885216
1605.9199999999998	0.00005044435941726898
1605.925	0.000050884989589071104
1605.9299999999998	0.00005064996372781809
1605.935	0.000050610238114931654
1605.94	0.00005131693273714119
1605.945	0.000052696908078668126
1605.9499999999998	0.00005422018973408072
1605.955	0.00005505623434823708
1605.9599999999998	0.00005398645508852895
1605.9650000000001	0.00005302071442517943
1605.97	0.0000529742246726528
1605.975	0.000051878931539135136
1605.98	0.000049560602809214966
1605.985	0.00004927434244293461
1605.9899999999998	0.000051081166436924926
1605.9950000000001	0.00005289499850342291
1606	0.00005340331687555152
1606.0049999999999	0.00005247432009746642
1606.01	0.00005164456032418706
1606.0149999999999	0.00005115951121367443
1606.02	0.0000507532637674975
1606.025	0.000049975962554005856
1606.03	0.000048690843028702974
1606.0349999999999	0.00004690835172638517
1606.04	0.00004555480219921576
1606.0449999999998	0.00004602772433737799
1606.05	0.00004834222470162797
1606.055	0.00005114213681000553
1606.06	0.000053164014940856
1606.0649999999998	0.00005392652943744266
1606.07	0.000053841356517369624
1606.0749999999998	0.00005336399495158182
1606.0800000000002	0.000052710597689910174
1606.085	0.0000515452137802769
1606.09	0.000049822333162281
1606.095	0.000047670382334891776
1606.1	0.00004678625059017927
1606.1049999999998	0.00004737811090022859
1606.1100000000001	0.000047452124995720004
1606.115	0.00004675900727529757
1606.12	0.000047242153465329284
1606.125	0.00004829725523629369
1606.1299999999999	0.000047045168012034794
1606.1349999999998	0.000044102387116535576
1606.14	0.000041706911995702675
1606.145	0.00004237589782773139
1606.1499999999999	0.00004470473208924628
1606.155	0.00004474829114244385
1606.1599999999999	0.00004363232007420493
1606.165	0.00004400419811597139
1606.17	0.00004621087316054302
1606.175	0.00004837709976532032
1606.1799999999998	0.00004916250066366929
1606.185	0.000049190276918473864
1606.1899999999998	0.00004902297589639701
1606.195	0.000047235084474715645
1606.2	0.00004509027508162052
1606.205	0.00004550082165548288
1606.21	0.000046847702274507916
1606.215	0.00004570378192158539
1606.2199999999998	0.000043219270527058234
1606.2250000000001	0.000042306784938572796
1606.23	0.00004381325121219545
1606.235	0.000046051309136218025
1606.24	0.00004705128160289617
1606.245	0.00004626272123838709
1606.2499999999998	0.00004544718850854161
1606.255	0.00004583030636804074
1606.26	0.00004708655302299863
1606.2649999999999	0.0000488517606753444
1606.27	0.000049467206312178346
1606.2749999999999	0.00004929322936306504
1606.28	0.00004847035555985776
1606.285	0.00004661826607941987
1606.29	0.00004309298989018189
1606.295	0.00003956948469771982
1606.3	0.00003831265563693806
1606.3049999999998	0.00003945449479562231
1606.31	0.000042473600145542784
1606.315	0.000045647874241943594
1606.32	0.00004780757236705095
1606.325	0.00004830964653883735
1606.33	0.00004704498513836111
1606.3349999999998	0.000044957304435263826
1606.34	0.000043045101539939765
1606.345	0.0000413850934496366
1606.35	0.00004029197961244699
1606.355	0.00004058554462079371
1606.36	0.00004280530715190091
1606.3649999999998	0.00004551011770936169
1606.37	0.00004707274522289131
1606.375	0.00004785091232068776
1606.3799999999999	0.00004844747899383604
1606.385	0.00004882962302914691
1606.3899999999999	0.00004876929866164961
1606.395	0.00004806148703968224
1606.4	0.0000468331383884192
1606.405	0.000045447187018208
1606.41	0.00004415394694601171
1606.415	0.00004304830847052751
1606.4199999999998	0.00004247281913896873
1606.425	0.00004340782107051336
1606.43	0.000045171232723267806
1606.435	0.00004581391796703146
1606.44	0.00004551039547785517
1606.445	0.00004638313707188888
1606.4499999999998	0.00004734439412064357
1606.455	0.000046634514182299956
1606.46	0.00004646832466171748
1606.465	0.000045341951204162574
1606.47	0.000042518084485440266
1606.475	0.0000411005888159245
1606.4799999999998	0.00004204277359022571
1606.485	0.00004385900262828778
1606.49	0.00004520646668626056
1606.495	0.00004600241495742024
1606.5	0.000046356741079087265
1606.5049999999999	0.00004585287439980975
1606.51	0.00004505873121682383
1606.5149999999999	0.00004396919583061959
1606.52	0.0000423865738644303
1606.525	0.000041284046171353775
1606.53	0.00004184359371053805
1606.5349999999999	0.000043896427868839115
1606.54	0.00004602857467156215
1606.545	0.00004709779902629992
1606.55	0.000047197088926407446
1606.555	0.000046920096528798285
1606.56	0.00004636746770449305
1606.5649999999998	0.00004650270191239516
1606.57	0.00004697763427505975
1606.575	0.000047408678443288024
1606.58	0.00004738302994876327
1606.585	0.000046895392156831765
1606.59	0.000046403191888970984
1606.5949999999998	0.000046339676236754586
1606.6	0.00004694902335975237
1606.605	0.00004725892923165716
1606.61	0.00004646032684966084
1606.615	0.00004523264972818
1606.62	0.00004530740893650322
1606.625	0.000046497172231981856
1606.6299999999999	0.000047163569275921984
1606.635	0.000046367953861631274
1606.64	0.00004413670077054261
1606.645	0.00004150604943645723
1606.6499999999999	0.0000404844515169
1606.655	0.00004192541565250888
1606.6599999999999	0.000044243339321297476
1606.665	0.000045056133952256775
1606.67	0.00004339782072125927
1606.675	0.00004108000755832874
1606.6799999999998	0.000039522169355766483
1606.685	0.00003931639612265601
1606.69	0.00003990746877521887
1606.695	0.00004032990935786666
1606.7	0.00004112876464695849
1606.705	0.00004244352713179438
1606.7099999999998	0.00004359075692163634
1606.715	0.00004381987418978601
1606.72	0.00004311280351808137
1606.725	0.0000422337074438767
1606.73	0.000041553971223278355
1606.735	0.000041184340076520476
1606.74	0.00004168590537496911
1606.745	0.00004286787951840514
1606.75	0.000043809254824419805
1606.755	0.000044593561367888404
1606.76	0.00004497116246461213
1606.7649999999999	0.00004435200814798911
1606.77	0.00004280706591854992
1606.7749999999999	0.000042094693226430626
1606.78	0.00004288517286138394
1606.785	0.00004287718721075617
1606.79	0.000041348441740484426
1606.7949999999998	0.00003987580891778844
1606.8	0.000037150214022649844
1606.8049999999998	0.00003373039135939045
1606.81	0.00003314125478038433
1606.815	0.00003532705455159845
1606.82	0.000038024117179263045
1606.8249999999998	0.000040231831547097396
1606.83	0.00004163734716741457
1606.8349999999998	0.00004176443897229623
1606.84	0.000040946941500932945
1606.845	0.0000402456333198282
1606.85	0.000040351689651151684
1606.855	0.00004061371190088573
1606.86	0.00003923148013926803
1606.865	0.00003710635321544036
1606.8700000000001	0.00003596559198589565
1606.875	0.00003653281099195087
1606.8799999999999	0.000038299052047646914
1606.885	0.00003998585762864041
1606.8899999999999	0.000040899058338824585
1606.895	0.000040578620472945094
1606.9	0.000038926853064944774
1606.905	0.0000369054319571629
1606.9099999999999	0.0000362274839288119
1606.915	0.000037271037222054116
1606.9199999999998	0.00003889183438892356
1606.925	0.00003941513814861422
1606.93	0.000038831203227868075
1606.935	0.000038407548117411776
1606.9399999999998	0.000038821579905274286
1606.945	0.00004000076011541099
1606.9499999999998	0.00004096955736644646
1606.955	0.000040476836327809906
1606.96	0.00003830902332987687
1606.965	0.00003636468353948575
1606.97	0.00003534296322008486
1606.975	0.00003402254211575454
1606.9799999999998	0.00003323189756416759
1606.9850000000001	0.00003503309231253231
1606.99	0.00003801561377735732
1606.995	0.00003948180439049157
1607	0.00003970298398665243
1607.0049999999999	0.000039618651519437934
1607.01	0.000039016957934342445
1607.015	0.00003833274816929203
1607.02	0.00003853079054763565
1607.0249999999999	0.00003924249885572442
1607.03	0.00003871473035964344
1607.0349999999999	0.00003650224720879181
1607.04	0.00003447451908300138
1607.045	0.000034364800942608134
1607.05	0.00003635074131655627
1607.0549999999998	0.00003797842553794279
1607.06	0.00003839242967023099
1607.0649999999998	0.00003845652583560525
1607.07	0.00003870109440136132
1607.075	0.000038740178448021935
1607.08	0.000038160992363230056
1607.085	0.00003739272521608609
1607.09	0.00003713768516162163
1607.0949999999998	0.000037535755672165276
1607.1000000000001	0.00003823692451342622
1607.105	0.000038461959319611165
1607.11	0.00003807708963376549
1607.115	0.00003609442795121302
1607.12	0.00003207913829731994
1607.1249999999998	0.000030630013040345947
1607.13	0.00003302853630277811
1607.135	0.00003541499779052704
1607.1399999999999	0.00003515923132357834
1607.145	0.0000345396511973178
1607.1499999999999	0.000035449215891005653
1607.155	0.0000370313591686658
1607.16	0.000038182884284208596
1607.165	0.000038692520953905877
1607.17	0.00003910349485230122
1607.175	0.00003946244530073328
1607.1799999999998	0.00003969957466540981
1607.185	0.00003974756930495822
1607.19	0.00003935862579077043
1607.195	0.00003866855865286239
1607.2	0.00003813767410683975
1607.205	0.00003801815183471795
1607.2099999999998	0.00003805855062210611
1607.2150000000001	0.00003815754540300362
1607.22	0.00003845181322207208
1607.225	0.00003899799551344838
1607.23	0.00003955591864222707
1607.235	0.00003970708771913551
1607.2399999999998	0.00003939263429057883
1607.2450000000001	0.00003890349774380211
1607.25	0.000038611242067800876
1607.2549999999999	0.000038291899101662665
1607.26	0.000037944336465750804
1607.2649999999999	0.00003742805612965609
1607.2699999999998	0.00003723649397299488
1607.275	0.00003730715454661662
1607.28	0.00003762749982114671
1607.285	0.00003792015189077624
1607.29	0.000038560222115213405
1607.2949999999998	0.000038960559737450915
1607.2999999999997	0.00003829822161582692
1607.305	0.00003688652798021401
1607.31	0.000035745492558759524
1607.315	0.000035665418283089106
1607.32	0.000036396536812159626
1607.3249999999998	0.000037263503235554016
1607.33	0.00003777446890525294
1607.335	0.000038057229257544486
1607.34	0.00003859889405182433
1607.345	0.00003932795000415082
1607.35	0.00003949350498786542
1607.3549999999998	0.00003895375265820347
1607.3600000000001	0.00003905582994938551
1607.365	0.00003967404449080211
1607.37	0.00004002199849676793
1607.375	0.00004003130365597261
1607.3799999999999	0.00003977185784002461
1607.3849999999998	0.00003925476558288015
1607.39	0.000038850208605287526
1607.395	0.000039037409987555765
1607.4	0.0000394577381308096
1607.405	0.00003928192630732588
1607.4099999999999	0.000038371505379509884
1607.415	0.00003786651370964868
1607.42	0.000037904831031256723
1607.425	0.000036617608490893217
1607.43	0.000034682357403682236
1607.435	0.000035681025367439384
1607.4399999999998	0.000037348028471507035
1607.445	0.00003564078872465014
1607.45	0.000036280646714588686
1607.455	0.000038651396844015826
1607.46	0.000040280174115435835
1607.465	0.00004087543785293448
1607.4699999999998	0.000041085045203598816
1607.475	0.000041026698653618225
1607.48	0.00004099533544684967
1607.485	0.0000413246809422645
1607.49	0.000041260962233036687
1607.495	0.00004116650829079177
1607.4999999999998	0.000040960252484656996
1607.5049999999999	0.00004038677810250261
1607.51	0.00003986895906540041
1607.515	0.0000397841991665057
1607.52	0.00003957230438945128
1607.5249999999999	0.000038694907480265296
1607.53	0.00003788796897347302
1607.535	0.000037742592026684985
1607.54	0.00003760388467610253
1607.545	0.00003732732154782677
1607.55	0.000037516638814175004
1607.5549999999998	0.00003779931629450826
1607.56	0.000037938036257401095
1607.565	0.000037886025098235864
1607.57	0.00003791690413173037
1607.575	0.00003837015604769451
1607.58	0.00003894981268384712
1607.5849999999998	0.000038952257924391306
1607.59	0.00003821352674945028
1607.595	0.00003737037546798841
1607.6	0.00003750507139739475
1607.605	0.000038780226779343295
1607.61	0.000038114940582993946
1607.6149999999998	0.00003644812419400199
1607.62	0.00003611239498751131
1607.625	0.000035178715317325346
1607.63	0.0000315614733650249
1607.635	0.000029230602702334532
1607.6399999999999	0.000030833998626449756
1607.645	0.00003485689281825849
1607.6499999999999	0.00003812438060251143
1607.655	0.00003877868878273728
1607.66	0.000038297326462195645
1607.665	0.00003684776530342706
1607.6699999999998	0.00003492376960399426
1607.675	0.00003345041513516409
1607.68	0.000032573028819525266
1607.685	0.00003294450978043393
1607.69	0.00003382786535264804
1607.695	0.000033529879720767096
1607.6999999999998	0.00003204740660841433
1607.705	0.00003105235819044673
1607.71	0.000031677146544487125
1607.715	0.00003349643768338917
1607.72	0.000035360480199029907
1607.725	0.000036707031648487284
1607.7299999999998	0.00003733676583653987
1607.735	0.00003775069517915918
1607.74	0.00003789504802356099
1607.7450000000001	0.00003789760667919723
1607.75	0.000037383006862760785
1607.7549999999999	0.00003592311260120035
1607.76	0.00003436266557737865
1607.7649999999999	0.00003498301976355273
1607.77	0.00003645490537382617
1607.775	0.00003626336615221287
1607.78	0.00003549308403914097
1607.7849999999999	0.000035792927080153476
1607.79	0.00003726327282354986
1607.7949999999998	0.00003843863640614884
1607.8	0.00003913393511736519
1607.805	0.000039037261026191465
1607.81	0.00003789122545287109
1607.8149999999998	0.0000355369178057207
1607.82	0.00003338830686870399
1607.825	0.00003271267515892222
1607.83	0.00003389143347177931
1607.835	0.00003620020022182186
1607.84	0.00003816687943832576
1607.8449999999998	0.000038206213503144654
1607.85	0.00003727286874403239
1607.855	0.00003585255702877068
1607.8600000000001	0.0000342309272313247
1607.865	0.00003284869925334513
1607.87	0.00003241898984837295
1607.875	0.00003335916901967879
1607.8799999999999	0.000035083045796465954
1607.885	0.00003630872648602375
1607.89	0.000036572146002664895
1607.895	0.000036274612696591086
1607.8999999999999	0.000036007792466763505
1607.905	0.000036430507239894085
1607.9099999999999	0.00003757647906072479
1607.915	0.000038854737812869324
1607.92	0.000039795692239920836
1607.925	0.00003940671921999229
1607.9299999999998	0.000037365905650978526
1607.935	0.00003501285975513444
1607.9399999999998	0.000034268274790072374
1607.945	0.00003524953161958042
1607.95	0.00003671820457678362
1607.955	0.00003743936633376488
1607.9599999999998	0.000038051388711909244
1607.965	0.00003860810059148091
1607.9699999999998	0.0000388814260618514
1607.9750000000001	0.000038770148788433766
1607.98	0.0000380013558460824
1607.985	0.00003662265397162389
1607.99	0.000035777657837589225
1607.995	0.00003623885833133058
1608	0.000037115604606054146
1608.005	0.00003661327556233366
1608.01	0.00003494605940699921
1608.0149999999999	0.0000339183582668328
1608.02	0.00003433094669505017
1608.0249999999999	0.00003539302665279778
1608.03	0.00003565364880563151
1608.035	0.00003430275711910314
1608.04	0.00003201116094600779
1608.0449999999998	0.00002999290247571758
1608.05	0.000028695665665933557
1608.0549999999998	0.000028281017526402024
1608.06	0.00002926714080701437
1608.065	0.00003149922256410904
1608.07	0.000034098934762887135
1608.0749999999998	0.000036272739555418134
1608.08	0.00003741746324266982
1608.0849999999998	0.0000377908442250962
1608.0900000000001	0.00003796367933424351
1608.095	0.000037684151966090774
1608.1	0.00003757151715425368
1608.105	0.00003717856376717945
1608.11	0.000035915954430049544
1608.1149999999998	0.000035518870927589244
1608.1200000000001	0.00003611718401962573
1608.125	0.00003540437843520813
1608.1299999999999	0.000033845598155741625
1608.135	0.00003389985160105752
1608.1399999999999	0.000036295052422986305
1608.145	0.00003872285245055595
1608.15	0.0000395705642363883
1608.155	0.00004018769647355028
1608.1599999999999	0.00004025181138613433
1608.165	0.00003972469000409168
1608.1699999999998	0.00003921915125078241
1608.175	0.00003925637462640262
1608.18	0.000039406932191023864
1608.185	0.00003907758660787247
1608.1899999999998	0.00003921496831199087
1608.195	0.000039950052966955924
1608.1999999999998	0.00004000007478649416
1608.2050000000002	0.000039112986753961236
1608.21	0.00003831349302670275
1608.215	0.00003844538969380681
1608.22	0.000039175032556182024
1608.225	0.00003922159781510852
1608.2299999999998	0.0000381835960050738
1608.2350000000001	0.00003729933701504801
1608.24	0.00003749268663833443
1608.245	0.00003845255290651526
1608.25	0.00003958126999525154
1608.2549999999999	0.000040316346008112344
1608.2599999999998	0.00004068016296777143
1608.265	0.000040251896999249276
1608.27	0.00003878790475134201
1608.2749999999999	0.000037101612817169415
1608.28	0.000036214506902750625
1608.2849999999999	0.000036111656374223874
1608.29	0.000036181233811794746
1608.295	0.0000365737316980551
1608.3	0.00003732670926483954
1608.3049999999998	0.000037673972098884
1608.31	0.00003701811051484954
1608.3149999999998	0.000036471960550770424
1608.32	0.000036734187423772924
1608.325	0.000037280485205373664
1608.33	0.00003674345481568119
1608.335	0.000034691219427546754
1608.34	0.000032525502315106886
1608.3449999999998	0.0000319557378185617
1608.3500000000001	0.00003316955196988313
1608.355	0.00003530651633418297
1608.36	0.00003782281195709114
1608.365	0.00003968611757406905
1608.37	0.00004086620632545528
1608.3749999999998	0.000041260141528871184
1608.38	0.00004133038542492108
1608.385	0.000041375537769597966
1608.3899999999999	0.000041103317727485255
1608.395	0.000040225108642004933
1608.3999999999999	0.00003925252681150073
1608.405	0.000039227981456931685
1608.41	0.000040152693569131676
1608.415	0.000041063101354866194
1608.4199999999998	0.000041047260095599235
1608.425	0.000041440635695399704
1608.4299999999998	0.0000420539313259107
1608.435	0.00004171359602197661
1608.44	0.00004016575157943809
1608.445	0.00003849461736380679
1608.45	0.00003923862891358901
1608.455	0.000040736255787071094
1608.4599999999998	0.0000402622901567047
1608.465	0.00003981134401609872
1608.47	0.00004057782264679979
1608.475	0.000040787449562216244
1608.48	0.000040215927430053125
1608.485	0.00003971440522775023
1608.4899999999998	0.00004008047224677588
1608.4950000000001	0.00004035320966811908
1608.5	0.00003888060095959147
1608.5049999999999	0.000037509881962509856
1608.51	0.00003732074315094889
1608.5149999999999	0.000038090007869403245
1608.52	0.00003877395893855007
1608.525	0.00003787270442407352
1608.53	0.00003471294389236303
1608.535	0.00003092054677583506
1608.54	0.000028915734114929413
1608.5449999999998	0.00002975394026044047
1608.55	0.00003259477795492949
1608.555	0.000035808205432675
1608.56	0.00003796885048224955
1608.565	0.0000387068296460505
1608.57	0.000039237750535816544
1608.5749999999998	0.00003977836544204658
1608.58	0.000039969256460680664
1608.585	0.00003926761025943087
1608.59	0.00003814274482869294
1608.595	0.00003710383203561354
1608.6	0.00003554672047428126
1608.6049999999998	0.00003341466126569599
1608.61	0.00003196646866854282
1608.615	0.00003236799982164753
1608.62	0.00003455146403632683
1608.625	0.00003747791839029629
1608.6299999999999	0.00003918517206344412
1608.635	0.00003960739903868093
1608.6399999999999	0.00003987333791709092
1608.645	0.000040113302087893105
1608.65	0.00003893197654012174
1608.655	0.000035621052027772
1608.6599999999999	0.000032739234281507056
1608.665	0.000031710860157866645
1608.67	0.00003238959876194298
1608.675	0.00003469136488938717
1608.68	0.000037671671309553504
1608.685	0.000040359554060467114
1608.6899999999998	0.00004197575852436102
1608.695	0.00004226474266033626
1608.7	0.00004193054460917429
1608.705	0.00004158702791490659
1608.71	0.000041605964254321476
1608.715	0.000042266253957621234
1608.7199999999998	0.00004293221948973959
1608.725	0.00004316477766018123
1608.73	0.00004333519543024829
1608.735	0.00004349242188126614
1608.74	0.00004219066988496173
1608.745	0.0000402324950442632
1608.75	0.00004076329986845012
1608.7549999999999	0.00004201870594719064
1608.76	0.00004201602339310106
1608.765	0.00004258352038634893
1608.77	0.00004395478585467252
1608.7749999999999	0.00004473755955669077
1608.78	0.000045013549669735534
1608.7849999999999	0.00004513558812866781
1608.79	0.000045196880819275955
1608.795	0.000045196880819275955
1608.8	0.000045196880819275955
1608.8049999999998	0.00004513055743223392
1608.81	0.00004479341986752552
1608.815	0.000044184378660812256
1608.82	0.00004346756247695496
1608.825	0.000042953543027388396
1608.83	0.00004292405716439656
1608.8349999999998	0.00004331614192593504
1608.84	0.0000429530750396722
1608.845	0.000041596597516529825
1608.85	0.00003957494778738092
1608.855	0.00003743741888190317
1608.86	0.00003602498348702532
1608.865	0.00003552820636167039
1608.87	0.000035531591122624146
1608.875	0.00003554323028644942
1608.88	0.00003522007305680742
1608.885	0.00003455890850629978
1608.8899999999999	0.00003409806938832131
1608.895	0.000034435995685853216
1608.8999999999999	0.000035788982703152946
1608.905	0.00003810698696195216
1608.91	0.00004094884570553889
1608.915	0.00004318550222942547
1608.9199999999998	0.000043369658085917395
1608.925	0.000042989732906866765
1608.9299999999998	0.00004312293209642414
1608.935	0.0000426265248680685
1608.94	0.000041318874146203664
1608.945	0.00004031277546972402
1608.9499999999998	0.000040256789840407605
1608.955	0.000040635763978960904
1608.96	0.00004045565035640679
1608.965	0.00003936304911031122
1608.97	0.00003789902342387615
1608.975	0.00003667855476639118
1608.98	0.000035759774762298
1608.985	0.00003529955936876978
1608.99	0.00003593758076968366
1608.9950000000001	0.000037824802486864756
1609	0.00003947595885684752
1609.0049999999999	0.000040277419889173026
1609.01	0.00004043076701008065
1609.0149999999999	0.00004038711372273312
1609.02	0.000040207306177329255
1609.025	0.00004017090852676511
1609.03	0.00004029010754735651
1609.0349999999999	0.000040539423854154675
1609.04	0.00004080970062978988
1609.0449999999998	0.00004110533200951542
1609.05	0.0000413399823425364
1609.055	0.00004140217529324506
1609.06	0.00004122540622643032
1609.0649999999998	0.000041203922529584176
1609.07	0.000041357616845518834
1609.0749999999998	0.000040978322255948204
1609.08	0.000040559692699175386
1609.085	0.000040355943319048975
1609.09	0.00004035935232669325
1609.095	0.00004016431521712717
1609.1	0.00003947233287954303
1609.1049999999998	0.00003841269541973413
1609.1100000000001	0.00003772285335862391
1609.115	0.000037418263429305076
1609.12	0.00003744494296914977
1609.125	0.00003791440365000626
1609.1299999999999	0.000039111662475405634
1609.135	0.00003964108514374944
1609.14	0.00003881962806831066
1609.145	0.00003820588685138087
1609.1499999999999	0.000038841399521744426
1609.155	0.00004021312493997593
1609.1599999999999	0.00004131460119842013
1609.165	0.000041683673810958026
1609.17	0.00004130693181877706
1609.175	0.00003975955949546725
1609.1799999999998	0.000037471665453973434
1609.185	0.000036130715024693156
1609.1899999999998	0.00003600124274733176
1609.195	0.00003675989913407009
1609.2	0.000037991318179113146
1609.205	0.00003915689720028939
1609.21	0.00003987492029252707
1609.215	0.00004030734703182088
1609.2199999999998	0.000040594095023429566
1609.2250000000001	0.000041020526367257835
1609.23	0.000041354993730195845
1609.235	0.00004142767946021128
1609.24	0.00004131715107622859
1609.245	0.0000410804718556512
1609.2499999999998	0.00004071182403477185
1609.255	0.00004039133295277408
1609.26	0.00004018222760584749
1609.2649999999999	0.000039696385463633445
1609.27	0.00003852537573676507
1609.2749999999999	0.00003719951916464653
1609.28	0.000036802722551460075
1609.285	0.000037434870331834286
1609.29	0.00003721521807409456
1609.2949999999998	0.00003574037821041706
1609.3	0.00003445163633125976
1609.3049999999998	0.000033899584109517375
1609.31	0.00003466793478531655
1609.315	0.00003607733914045487
1609.32	0.00003608238455367719
1609.325	0.000034852637748096545
1609.33	0.00003401551866664847
1609.3349999999998	0.00003472043573192171
1609.3400000000001	0.00003647688660402134
1609.345	0.0000378739119654649
1609.35	0.000037966391895692915
1609.355	0.00003666671477350915
1609.36	0.000033914563431590806
1609.3649999999998	0.000031117215933702255
1609.3700000000001	0.00002945114362293099
1609.375	0.000030066289717248496
1609.3799999999999	0.00003325017363253184
1609.385	0.000036801719987695334
1609.3899999999999	0.00003825031119983354
1609.3949999999998	0.00003873202224854849
1609.4	0.000039545508190461685
1609.405	0.000039357619535463996
1609.41	0.00003843227992811715
1609.415	0.00003853846751069805
1609.4199999999998	0.00003948182401770202
1609.425	0.00004060907305965945
1609.43	0.000040874919574047065
1609.435	0.00003999073603693243
1609.44	0.00003891226938310305
1609.445	0.000038209929575881086
1609.4499999999998	0.000037687049084847996
1609.455	0.000037549008764556446
1609.46	0.00003799537268001636
1609.465	0.000038317805905755066
1609.47	0.00003716184441216882
1609.475	0.00003656813264822823
1609.4799999999998	0.00003750863036845726
1609.4850000000001	0.000038178641502104475
1609.49	0.00003792470200053448
1609.495	0.00003741306747082754
1609.5	0.00003815640660871531
1609.5049999999999	0.00003962503266755761
1609.5099999999998	0.00004007679479571881
1609.515	0.00003977371099228246
1609.52	0.00003989463511292286
1609.525	0.000040357192682161174
1609.53	0.00004058797596353757
1609.5349999999999	0.000040436961729822736
1609.5399999999997	0.00004045335928195686
1609.545	0.000040751115824028086
1609.55	0.00004089947422848572
1609.555	0.000040466568544287504
1609.56	0.000039636532929657996
1609.5649999999998	0.00003877501830134226
1609.57	0.000038321395358572074
1609.575	0.00003805099525985489
1609.58	0.00003762493455137364
1609.585	0.000037166680893008876
1609.59	0.00003709857643763664
1609.5949999999998	0.000037388045150477265
1609.6	0.000037903900467348824
1609.605	0.000039096589631022874
1609.61	0.00003993014489125114
1609.615	0.00003992974621553118
1609.62	0.00003972884244820065
1609.6249999999998	0.00003981889454803095
1609.6299999999999	0.00003996080351351054
1609.635	0.000039988148919030614
1609.64	0.000039734867391221284
1609.645	0.000039117103153442404
1609.6499999999999	0.000038066314460777795
1609.655	0.000036579877014077995
1609.66	0.00003541709632359609
1609.665	0.00003510834865750364
1609.67	0.00003566878466638856
1609.675	0.00003677870540859208
1609.6799999999998	0.00003698746850894141
1609.685	0.000035719922775324524
1609.69	0.00003294570569815346
1609.695	0.000030470587251433166
1609.7	0.000029205111142962146
1609.705	0.000030150033449441416
1609.7099999999998	0.00003316745653336054
1609.715	0.00003582344131502761
1609.72	0.00003741710686205375
1609.725	0.000036265362131405604
1609.73	0.00003412981768666879
1609.735	0.000033866102496568264
1609.7399999999998	0.00003544981428597491
1609.745	0.00003614823733378359
1609.75	0.00003407953112603234
1609.755	0.00003277064636202747
1609.76	0.0000342170639070552
1609.7649999999999	0.000036806547251542645
1609.77	0.00003789561436521014
1609.7749999999999	0.0000373435616200597
1609.78	0.00003682826364613414
1609.785	0.00003742929436947149
1609.79	0.000038423897720296186
1609.7949999999998	0.00003853556341424658
1609.8	0.00003763131592099866
1609.805	0.000037023125170740425
1609.81	0.00003726972995483635
1609.815	0.000037393190312971666
1609.82	0.000037240752194257885
1609.8249999999998	0.00003696331163208329
1609.83	0.00003651367758378793
1609.835	0.00003602307081228158
1609.84	0.000035934313260502186
1609.845	0.00003651806406542956
1609.85	0.00003705130240468295
1609.8549999999998	0.000037093252095669134
1609.86	0.0000367956938494105
1609.865	0.0000364881140002503
1609.8700000000001	0.0000364594699445664
1609.875	0.00003685685846532541
1609.8799999999999	0.00003739254588920314
1609.885	0.00003769239103659604
1609.8899999999999	0.00003752224880391608
1609.895	0.00003712025795551594
1609.9	0.00003646838516053423
1609.905	0.00003410479203849803
1609.9099999999999	0.0000305397226027412
1609.915	0.000028191818601293672
1609.9199999999998	0.000028497946629313018
1609.925	0.0000307449991143821
1609.93	0.00003396889868935705
1609.935	0.00003615667515744899
1609.9399999999998	0.00003671911221137258
1609.945	0.00003664524873246561
1609.95	0.00003606073747598587
1609.955	0.000035424664878948445
1609.96	0.00003542986814064044
1609.965	0.00003589089451493438
1609.9699999999998	0.00003613648768853995
1609.975	0.00003620569076811334
1609.98	0.00003635658703367866
1609.9850000000001	0.00003659512456787134
1609.99	0.0000366984265246354
1609.995	0.000036539498673906724
1610	0.000036099149688664615
1610.0049999999999	0.00003547821824874681
1610.01	0.00003480491033304562
1610.015	0.00003458970367561173
1610.02	0.00003487245587902395
1610.0249999999999	0.00003470544761960204
1610.03	0.0000333445674494738
1610.0349999999999	0.00003134069660513939
1610.04	0.000029888129718703643
1610.045	0.000029744702604225856
1610.05	0.00003146346948913572
1610.0549999999998	0.00003366138193989574
1610.06	0.00003471982199698686
1610.0649999999998	0.000034329738310437495
1610.07	0.0000330832754064713
1610.075	0.000031604112766424864
1610.08	0.00003140381911285903
1610.0849999999998	0.000032856762110405476
1610.09	0.0000342335170441456
1610.0949999999998	0.00003388666101020562
1610.1000000000001	0.0000335193722125627
1610.105	0.00003417304964832434
1610.11	0.000034991515452821143
1610.115	0.00003533517803842628
1610.12	0.000035213404863821427
1610.125	0.000034815595551310176
1610.13	0.00003438792295645649
1610.135	0.00003445423072621762
1610.1399999999999	0.00003458425870329203
1610.145	0.000033076334702413334
1610.1499999999999	0.00003132007415815723
1610.155	0.00003145553736712855
1610.16	0.00003334988656183942
1610.165	0.00003473196873113783
1610.1699999999998	0.000035381347639307436
1610.175	0.00003555020117358228
1610.1799999999998	0.000035240960181353814
1610.185	0.000034716112471277494
1610.19	0.00003454272209640183
1610.195	0.000034867243504538226
1610.1999999999998	0.000035144012345239036
1610.205	0.00003497241332261018
1610.2099999999998	0.00003470042085953827
1610.2150000000001	0.00003492410043933406
1610.22	0.00003506885037504959
1610.225	0.000034603389814155334
1610.23	0.000034438009585274074
1610.235	0.000035018659499384
1610.2399999999998	0.000034648303273779575
1610.2450000000001	0.00003409016745763071
1610.25	0.00003479285932544113
1610.2549999999999	0.00003581386201477247
1610.26	0.000036293175071477856
1610.2649999999999	0.000036182118006248335
1610.27	0.00003590739798257208
1610.275	0.000035707976542779856
1610.28	0.000035622706499914194
1610.2849999999999	0.000035565041209799735
1610.29	0.0000354219150062019
1610.2949999999998	0.00003531157816686319
1610.3	0.00003548090844865681
1610.305	0.000035924021141765175
1610.31	0.00003625383975343356
1610.3149999999998	0.000036365375281677765
1610.32	0.000036176950156405426
1610.3249999999998	0.000035730825744543745
1610.3300000000002	0.00003532602166498136
1610.335	0.0000346166703679315
1610.34	0.0000334043414893848
1610.345	0.00003142322268975154
1610.35	0.000029241990811692613
1610.3549999999998	0.000027797922870663097
1610.3600000000001	0.00002774131126981531
1610.365	0.000029679516260513277
1610.37	0.00003220976655971575
1610.375	0.00003336608057802689
1610.3799999999999	0.00003280921566835066
1610.3849999999998	0.00003302578982299346
1610.39	0.00003206723655977645
1610.395	0.000028650520103746792
1610.3999999999999	0.000027021661387662374
1610.405	0.00002882268931848649
1610.4099999999999	0.00003209161721662248
1610.415	0.000033822300439906375
1610.42	0.00003385567601380368
1610.425	0.00003344114639223998
1610.4299999999998	0.00003252786157033495
1610.435	0.000030382522642440622
1610.4399999999998	0.000026965323947317888
1610.445	0.000023757049677791818
1610.45	0.000022742552908141455
1610.455	0.000024367909236015626
1610.46	0.000028423783403362653
1610.465	0.00003137072681789285
1610.4699999999998	0.000032350018544866645
1610.4750000000001	0.000032741330617221606
1610.48	0.000033375916327523826
1610.485	0.00003371200686539464
1610.49	0.000033478644357291754
1610.495	0.00003288425327351058
1610.4999999999998	0.0000322882864653819
1610.505	0.00003183939418555901
1610.51	0.000031376461382362185
1610.5149999999999	0.000030817745818445224
1610.52	0.00003049783332735753
1610.5249999999999	0.00003078115415380286
1610.53	0.00003151149663071114
1610.535	0.00003228530640022427
1610.54	0.000032420137368113525
1610.5449999999998	0.000032317827538262656
1610.55	0.00003258742758522822
1610.5549999999998	0.00003251815073152661
1610.56	0.0000317519125714201
1610.565	0.000031944608606011255
1610.57	0.00003270545352838879
1610.575	0.000032367740816849736
1610.58	0.00003122826389669102
1610.5849999999998	0.00003078645396609622
1610.59	0.000030419930263957183
1610.595	0.00003037337145573906
1610.6	0.00003129302270809564
1610.605	0.00003237548632993243
1610.61	0.00003279039029232086
1610.6149999999998	0.000032587850302295396
1610.6200000000001	0.00003271106721144843
1610.625	0.00003329522480863816
1610.6299999999999	0.000033959436406469804
1610.635	0.00003419560615820351
1610.6399999999999	0.00003405794560003973
1610.645	0.00003379152288531937
1610.65	0.000033412555956824304
1610.655	0.000032946304537211305
1610.6599999999999	0.000032771764012278866
1610.665	0.00003304796216909189
1610.6699999999998	0.000033259588763964666
1610.675	0.0000327698947284504
1610.68	0.00003160212562418519
1610.685	0.000030160684024303856
1610.69	0.000028779243866479616
1610.695	0.000027436584790293023
1610.6999999999998	0.000026073214293581855
1610.705	0.000025862506701529717
1610.71	0.000027323041500592885
1610.715	0.00002860871624720604
1610.72	0.00002898866845249738
1610.725	0.000029381016401937424
1610.7299999999998	0.000031031055799781274
1610.735	0.00003262695350410382
1610.74	0.000033283546747265666
1610.745	0.00003328705588913744
1610.75	0.000032936134799058015
1610.7549999999999	0.00003261904207883449
1610.76	0.0000327682622764913
1610.7649999999999	0.00003302682309288138
1610.77	0.00003265497654734416
1610.775	0.00003206528996401406
1610.78	0.00003191575503284963
1610.7849999999999	0.000031564843659437834
1610.79	0.00003041911779105054
1610.795	0.000030256586126967358
1610.8	0.00003115684571845666
1610.805	0.00003163868424377553
1610.81	0.0000311352590569514
1610.8149999999998	0.000030248094679476894
1610.82	0.00002936036427170808
1610.825	0.00002909283022599658
1610.83	0.000029725636739018683
1610.835	0.000030834794517867665
1610.84	0.000031514381974654296
1610.8449999999998	0.00003115717123384901
1610.85	0.000030604015341264805
1610.855	0.00003073430633607279
1610.86	0.0000311952878851824
1610.865	0.00003141777704320404
1610.87	0.00003143592672307054
1610.875	0.00003133275219812243
1610.8799999999999	0.00003095497444028375
1610.885	0.00003069743706850111
1610.89	0.00003027671834073024
1610.895	0.000028224170356743207
1610.8999999999999	0.00002536621321849671
1610.905	0.000024306824083996085
1610.9099999999999	0.000025497205368156424
1610.915	0.00002786186621706995
1610.92	0.000029812572197409817
1610.925	0.000030379093298827192
1610.9299999999998	0.000030217425271227744
1610.935	0.000030279438358024853
1610.94	0.000030852907371993136
1610.945	0.00003117780167293838
1610.95	0.00003059213902343633
1610.955	0.00002916145482706551
1610.9599999999998	0.00002727820642245156
1610.965	0.00002538937054414008
1610.97	0.00002460430876329393
1610.975	0.000025529363150467602
1610.98	0.00002732143497506012
1610.985	0.00002811371824239863
1610.99	0.00002736736442410113
1610.995	0.00002634174906638578
1611	0.00002634182311761879
1611.005	0.000027965382148512803
1611.01	0.000029848195339113147
1611.0149999999999	0.0000308898406041715
1611.02	0.000031402468742286145
1611.0249999999999	0.000031783101243468847
1611.03	0.0000319355765855181
1611.035	0.000031913206926607086
1611.04	0.00003135476950692648
1611.0449999999998	0.00003075944122649638
1611.05	0.00003076633392161807
1611.0549999999998	0.000030835957344241735
1611.06	0.000030095361356906355
1611.065	0.000028931169953259143
1611.07	0.000028398426584941224
1611.0749999999998	0.000028551576563298503
1611.08	0.000028259556288669732
1611.085	0.000026449341545896254
1611.09	0.000025295334981227443
1611.095	0.000026540042191804094
1611.1	0.000027527775856231907
1611.105	0.000027065119909651892
1611.11	0.000026304164899966912
1611.115	0.00002643739181237745
1611.1200000000001	0.0000272841618713026
1611.125	0.000027252827478450936
1611.1299999999999	0.00002598495575499551
1611.135	0.000025732777894448563
1611.1399999999999	0.00002715809311261559
1611.145	0.0000289684022730744
1611.15	0.00002924885477263384
1611.155	0.0000287661242826956
1611.1599999999999	0.000028923060891683877
1611.165	0.00002960167752878455
1611.1699999999998	0.00003008683757881653
1611.175	0.000030189135496877968
1611.18	0.000029870470481920604
1611.185	0.00002944553377687326
1611.1899999999998	0.000029353222528302068
1611.195	0.00002975529086209345
1611.1999999999998	0.000029989560511277167
1611.205	0.000029859655987160442
1611.21	0.000029410196253494512
1611.215	0.000028526040685834148
1611.22	0.000027847231776389733
1611.225	0.000028605220646514522
1611.2299999999998	0.000029802018124617208
1611.2350000000001	0.000030161418064781068
1611.24	0.000029486401161936097
1611.245	0.00002863740208341766
1611.25	0.000028447507564306767
1611.2549999999999	0.000028744677191813934
1611.26	0.000029105508048613365
1611.265	0.000029544354124849226
1611.27	0.000029998483147497575
1611.2749999999999	0.00002996207652112233
1611.28	0.000029531355279428116
1611.2849999999999	0.000029036589615970825
1611.29	0.00002884658168668625
1611.295	0.000028897125524989357
1611.3	0.000028789852820016193
1611.3049999999998	0.000028286836044944185
1611.31	0.000027576462739611367
1611.3149999999998	0.00002727673337250928
1611.32	0.000027533244635898275
1611.325	0.00002707695652484978
1611.33	0.000024732485906385887
1611.335	0.000021943603025359878
1611.34	0.000020596225834885102
1611.3449999999998	0.000021232624626011812
1611.3500000000001	0.000023456863592215944
1611.355	0.00002612043924947032
1611.36	0.000026756688504086764
1611.365	0.00002522013985861205
1611.37	0.000023515676937806382
1611.3749999999998	0.000023503760024946005
1611.38	0.000024954800604927275
1611.385	0.00002615846687054327
1611.3899999999999	0.00002648054981114682
1611.395	0.00002656701686909954
1611.3999999999999	0.000026870310834314507
1611.405	0.000027403433192417845
1611.41	0.000027966429697290665
1611.415	0.000028408242800677963
1611.4199999999998	0.000028180973948356817
1611.425	0.00002756177044131134
1611.4299999999998	0.00002721006030248307
1611.435	0.00002743430066415449
1611.44	0.000028065513144541432
1611.445	0.00002860151643500267
1611.45	0.000028487466089600627
1611.455	0.000028225443802215763
1611.4599999999998	0.000028368822330205703
1611.4650000000001	0.0000287458952429421
1611.47	0.000028965777746365386
1611.475	0.000028961802976775708
1611.48	0.000028837298176563974
1611.485	0.00002856575179522006
1611.4899999999998	0.000027846546358936613
1611.4950000000001	0.000026380320252675644
1611.5	0.00002412868965380145
1611.5049999999999	0.000021747729089685825
1611.51	0.000020509632381863115
1611.5149999999999	0.000020816196952958708
1611.5199999999998	0.000022583261788456846
1611.525	0.000025501430250942948
1611.53	0.000027571488290258488
1611.5349999999999	0.00002756823839343884
1611.54	0.000026487844599228564
1611.5449999999998	0.000026189859052896597
1611.55	0.00002741951731675344
1611.555	0.000028271955638841007
1611.56	0.000027874281177551966
1611.565	0.000025906208832878083
1611.57	0.000022150917656587223
1611.5749999999998	0.000018713690766243845
1611.58	0.000017805683094295246
1611.585	0.000019894657011431957
1611.59	0.000023265913844270304
1611.595	0.000024940032317172157
1611.6	0.000024277853401044196
1611.6049999999998	0.000024938686357161855
1611.6100000000001	0.000026684560859173222
1611.615	0.000027313891274636482
1611.62	0.00002711360044919682
1611.625	0.000027581009157571947
1611.6299999999999	0.000027695584029685414
1611.6349999999998	0.00002648018230402381
1611.64	0.000025859015395799508
1611.645	0.00002695320835123147
1611.6499999999999	0.000028519401851447865
1611.655	0.000029366859065791268
1611.6599999999999	0.000029573655993316616
1611.6649999999997	0.000029525985174526684
1611.67	0.000029041769101665308
1611.675	0.000027983641642948575
1611.68	0.000027016608467053544
1611.685	0.000027242164204083633
1611.6899999999998	0.00002824197525793518
1611.695	0.000028811727235760275
1611.7	0.00002797410004539333
1611.705	0.00002747884932730627
1611.71	0.000028435897564103108
1611.715	0.000029161223161078484
1611.7199999999998	0.00002924044900425293
1611.725	0.000029153730625750686
1611.73	0.000029031809043816025
1611.735	0.00002855628936934118
1611.74	0.000027568239855049096
1611.745	0.00002659587832250981
1611.7499999999998	0.000026594620186480123
1611.755	0.000027236201064127436
1611.76	0.000027135381580057096
1611.765	0.000025519502644766935
1611.77	0.000023295816161250708
1611.7749999999999	0.000022674904682859656
1611.7799999999997	0.000024528130115777947
1611.785	0.000026620661190121337
1611.79	0.00002740319906449874
1611.795	0.000027392760144558455
1611.8	0.000027657631949696836
1611.8049999999998	0.00002813772383117522
1611.81	0.0000284502704520239
1611.815	0.000028342095949696905
1611.82	0.000027827122404382843
1611.825	0.000027119162550870715
1611.83	0.000026847366857725593
1611.8349999999998	0.000027142871245860256
1611.84	0.0000278074839904401
1611.845	0.000028071830516581447
1611.85	0.000027920708806061086
1611.855	0.000027767461309938647
1611.86	0.000026605754521037582
1611.8649999999998	0.000024542541309698074
1611.87	0.000023889944949683352
1611.875	0.00002473248443226874
1611.88	0.000024636094881496444
1611.885	0.000024143094247652826
1611.8899999999999	0.00002492627967342778
1611.8949999999998	0.00002629672635489456
1611.8999999999999	0.000026996455408075485
1611.905	0.000026687018945637418
1611.91	0.000025589424852307162
1611.915	0.000023943369610413094
1611.9199999999998	0.00002224453474382858
1611.925	0.000021903212957648183
1611.93	0.000023059172245508513
1611.935	0.000024371878745173653
1611.94	0.00002450443921639765
1611.945	0.000023787835787982515
1611.9499999999998	0.00002334616148679798
1611.955	0.000023696173812873624
1611.96	0.00002438741250570122
1611.965	0.000024605861944822726
1611.97	0.000023888162329474534
1611.975	0.000023087985126128324
1611.9799999999998	0.000023041286461646
1611.985	0.000023590344119455478
1611.99	0.000023139844093926408
1611.9950000000001	0.000020701453014163675
1612	0.000017620309495587687
1612.0049999999999	0.0000177082055597531
1612.01	0.00002044050205007382
1612.0149999999999	0.000023915830641338688
1612.02	0.00002463353662843252
1612.025	0.000025513827682993375
1612.03	0.000026303306734547035
1612.0349999999999	0.000026427710518430607
1612.04	0.00002596807762018937
1612.0449999999998	0.000024523713039114876
1612.05	0.00002337936214056549
1612.055	0.000023716316294072217
1612.06	0.00002495303267129909
1612.0649999999998	0.000025629181056656136
1612.07	0.000025524486051440017
1612.075	0.00002564778844348799
1612.08	0.000026002911061317347
1612.085	0.000026336753836409273
1612.09	0.00002636580970636262
1612.0949999999998	0.000026014289812593363
1612.1	0.00002551931082401223
1612.105	0.00002535943666490128
1612.1100000000001	0.000025495793043441384
1612.115	0.000025632160274254007
1612.12	0.000025715499605515446
1612.125	0.00002550415240934441
1612.1299999999999	0.000024788219572388074
1612.135	0.000023738381671654885
1612.14	0.000023233731835408042
1612.145	0.000023038696484310887
1612.1499999999999	0.00002188110908884482
1612.155	0.00001925583394657207
1612.1599999999999	0.000016656348229548717
1612.165	0.000015222623265953677
1612.17	0.000015993405316194677
1612.175	0.00001874835018490374
1612.1799999999998	0.00002189890502225393
1612.185	0.000023805997592531463
1612.1899999999998	0.000024384935375533575
1612.195	0.00002391497180731566
1612.2	0.000022681612411860863
1612.205	0.00002210251302144753
1612.2099999999998	0.000023210883353386044
1612.215	0.000024466833340528595
1612.22	0.00002499204851349606
1612.2250000000001	0.000025421176156672578
1612.23	0.0000258246575007412
1612.235	0.000025690266590858943
1612.24	0.000025514264200209328
1612.245	0.000025254287585921564
1612.25	0.000024726865255998747
1612.255	0.000024404996056924195
1612.26	0.000024630138264017954
1612.2649999999999	0.000024756610220398664
1612.27	0.000024242751008717104
1612.2749999999999	0.000023500610402895826
1612.28	0.00002292713873010334
1612.285	0.000021951549407389426
1612.29	0.000020423537050326564
1612.2949999999998	0.00001891737977778549
1612.3	0.000018571482687095137
1612.3049999999998	0.000019807319922595162
1612.31	0.000021767094168307033
1612.315	0.00002403714965930022
1612.32	0.0000258242276776567
1612.3249999999998	0.000026586119809205525
1612.33	0.000026725902666417723
1612.3349999999998	0.000026129204101832928
1612.3400000000001	0.000024917903740954077
1612.345	0.000023931152723867446
1612.35	0.00002394044300485129
1612.355	0.00002404816829234417
1612.36	0.000022727516363610708
1612.3649999999998	0.00002119857079154148
1612.3700000000001	0.000020993072548784844
1612.375	0.000022058656591520586
1612.3799999999999	0.000023180034773652275
1612.385	0.00002393331875445674
1612.3899999999999	0.00002453759408671305
1612.395	0.00002492598616644972
1612.4	0.000024765144769926133
1612.405	0.000024438783762860407
1612.4099999999999	0.000024629426104016926
1612.415	0.000025274496939362743
1612.4199999999998	0.00002531307493921996
1612.425	0.000023782756071010314
1612.43	0.000022554736798140465
1612.435	0.00002278839237789128
1612.4399999999998	0.00002412684818236795
1612.445	0.00002560957061023354
1612.4499999999998	0.000026436220809904316
1612.4550000000002	0.00002648788859646501
1612.46	0.000025871401070764118
1612.465	0.000025060226114747908
1612.47	0.000024669205527550827
1612.475	0.00002506788244229674
1612.4799999999998	0.000025653810747745686
1612.4850000000001	0.00002538012757836618
1612.49	0.000024384408461076454
1612.495	0.00002363344319498189
1612.5	0.00002377942078266197
1612.5049999999999	0.000024705329887706658
1612.5099999999998	0.000025591662338870967
1612.515	0.000026059806312404464
1612.52	0.00002625268135009377
1612.5249999999999	0.000026820646968662604
1612.53	0.000027348822443759028
1612.5349999999999	0.0000273632342325813
1612.54	0.00002667032104382054
1612.545	0.00002469091816878517
1612.55	0.000022728487235238944
1612.5549999999998	0.00002250411696455154
1612.56	0.000024191981153081706
1612.5649999999998	0.00002520822193572319
1612.57	0.00002392059759928637
1612.575	0.000023099444907181365
1612.58	0.000023714859224825655
1612.585	0.000025035075266397678
1612.59	0.00002619689014055186
1612.5949999999998	0.00002675968098688611
1612.6000000000001	0.000026781882218381295
1612.605	0.00002665641662646958
1612.61	0.000026579354187027097
1612.615	0.000026768157051231197
1612.62	0.00002698093578303967
1612.6249999999998	0.00002691863892404825
1612.63	0.000026414541710691873
1612.635	0.000025794511457828093
1612.6399999999999	0.000025439592902053156
1612.645	0.000025374856181547238
1612.6499999999999	0.00002535090267899478
1612.6549999999997	0.00002514181176507955
1612.66	0.00002470442865503779
1612.665	0.000024289242063840307
1612.6699999999998	0.000024328978365284968
1612.675	0.000025001158695687596
1612.6799999999998	0.000025906835429526582
1612.685	0.000025690951908266895
1612.69	0.000024844969544703628
1612.695	0.00002410329424698348
1612.7	0.000023200897889756705
1612.705	0.000022635276063379783
1612.7099999999998	0.000023798531554480416
1612.715	0.000024830010484081882
1612.72	0.000024715861365804034
1612.725	0.000024335927716590828
1612.73	0.000024618209109564676
1612.735	0.00002504730449753615
1612.7399999999998	0.00002524397859044131
1612.7450000000001	0.000025345293828634213
1612.75	0.000025618219437253332
1612.7549999999999	0.00002614440511491231
1612.76	0.000026468072325943935
1612.7649999999999	0.0000263410721268044
1612.7699999999998	0.000025978867489770377
1612.775	0.00002559070249581864
1612.78	0.000025409095742656492
1612.7849999999999	0.00002547502940838273
1612.79	0.00002522059501234362
1612.7949999999998	0.000024162984361389855
1612.8	0.000022876532657117347
1612.805	0.000022362088629314662
1612.81	0.000022938916129326683
1612.815	0.000024037672842493842
1612.82	0.000024752299511687038
1612.8249999999998	0.000024236420652932334
1612.83	0.000023196841654967393
1612.835	0.000022944749633950827
1612.84	0.00002377194531688987
1612.845	0.000024693218313111267
1612.85	0.000024243608478885464
1612.8549999999998	0.00002382898161020712
1612.86	0.000023594010241550797
1612.865	0.000021042419609396176
1612.87	0.0000185572501227171
1612.875	0.000019152363462876813
1612.8799999999999	0.00002128834839802548
1612.885	0.000022704071960243995
1612.8899999999999	0.000022943902619092764
1612.895	0.000023165140822214444
1612.8999999999999	0.000023831541409932426
1612.905	0.00002470696032021613
1612.9099999999999	0.000025445275660282803
1612.915	0.00002583713632079806
1612.92	0.000025885516099446634
1612.925	0.000025689194191053663
1612.93	0.000025600855442027668
1612.935	0.000025704699519158954
1612.9399999999998	0.00002560996945733966
1612.945	0.00002476861332732577
1612.95	0.00002311707604893652
1612.955	0.000021793341491095224
1612.96	0.00002204165334786905
1612.965	0.000023163267746365387
1612.9699999999998	0.000024484115233659025
1612.975	0.000025436169161959595
1612.98	0.000025898201141945627
1612.985	0.00002615365833997226
1612.99	0.000026264906502204594
1612.995	0.000026222850484610865
1613	0.000025999995009260098
1613.0049999999999	0.000026114941840955478
1613.01	0.000026333759652644842
1613.0149999999999	0.00002618425073776782
1613.02	0.00002528299193790718
1613.0249999999999	0.000023970100654486488
1613.03	0.000023640957274541364
1613.0349999999999	0.00002468615706092182
1613.04	0.00002543252205986834
1613.045	0.000025689326978183306
1613.05	0.000025778431960986246
1613.0549999999998	0.000025892243052312172
1613.06	0.000026031586421313695
1613.065	0.000026120660312519846
1613.07	0.000025827815563311623
1613.075	0.00002538700325251231
1613.08	0.00002498781630870644
1613.0849999999998	0.00002491045689466101
1613.09	0.000025098995678305246
1613.095	0.00002542796709640524
1613.1	0.000025513487147791884
1613.105	0.000025029430230069395
1613.11	0.00002436592309138025
1613.115	0.00002434352574992162
1613.12	0.000025000340704084714
1613.125	0.0000254245783615105
1613.13	0.000025614496408889142
1613.135	0.00002547948434535958
1613.1399999999999	0.000024954151353664633
1613.145	0.000023931936581886328
1613.1499999999999	0.000022708258100844127
1613.155	0.000022059804079315714
1613.16	0.000022305390525492008
1613.165	0.000023201618040809404
1613.1699999999998	0.000023851916946692464
1613.175	0.00002361657849200651
1613.1799999999998	0.000022796267005712726
1613.185	0.00002138866986962137
1613.19	0.000019835596612748065
1613.195	0.000019235024503841225
1613.1999999999998	0.000019765866217488364
1613.205	0.000021520772184552147
1613.21	0.000023132827175171303
1613.215	0.000023418223478431336
1613.22	0.00002297533839427064
1613.225	0.00002302968817698001
1613.23	0.000023907361164338413
1613.235	0.000024884328962664655
1613.24	0.000025381043037511336
1613.2450000000001	0.00002550093889436625
1613.25	0.000025429073864954423
1613.2549999999999	0.000025315486709587313
1613.26	0.00002518999881656953
1613.2649999999999	0.0000246398068660484
1613.27	0.00002405216464694506
1613.275	0.00002414121039498455
1613.28	0.000024832755845653518
1613.2849999999999	0.000025287860441467222
1613.29	0.000025378069633413324
1613.2949999999998	0.00002517376355825905
1613.3	0.000024870208345943316
1613.305	0.00002452770431894459
1613.31	0.000024447086606916623
1613.3149999999998	0.000024765718878658327
1613.32	0.00002500144241417759
1613.3249999999998	0.00002438221443452057
1613.33	0.00002359300884760187
1613.335	0.000023914227232951566
1613.34	0.000024728978683009662
1613.345	0.000025234821065068605
1613.35	0.000024770189092703042
1613.3549999999998	0.00002344989317014012
1613.3600000000001	0.000022503939991379315
1613.365	0.00002246538371616771
1613.37	0.000022088344079301752
1613.375	0.000020710844419875826
1613.3799999999999	0.000019278362242501834
1613.385	0.000019129380273352957
1613.39	0.000020470298451235024
1613.395	0.0000217503027176602
1613.3999999999999	0.000022636900115961118
1613.405	0.000022897201182764544
1613.4099999999999	0.000022635636025642173
1613.415	0.000022417152402095154
1613.42	0.0000226515318872157
1613.425	0.000023342426063528687
1613.4299999999998	0.00002417783315167304
1613.435	0.000024700588960279212
1613.4399999999998	0.00002498792432212871
1613.445	0.000024993671104311933
1613.45	0.00002493047993432749
1613.455	0.000024649964501158926
1613.46	0.000024164735957902955
1613.465	0.000023554238618893106
1613.4699999999998	0.000023065551811957297
1613.4750000000001	0.000022996951537103195
1613.48	0.000023364127869858428
1613.485	0.0000239530304412385
1613.49	0.0000243593761907423
1613.495	0.000024412205371406533
1613.4999999999998	0.000024145230039908776
1613.505	0.000023348815227985362
1613.51	0.000022478142290745075
1613.5149999999999	0.000021905495777340152
1613.52	0.000022022419994437442
1613.5249999999999	0.000022713918597449592
1613.53	0.00002368478608869796
1613.535	0.00002441707922324227
1613.54	0.000024779123416914564
1613.5449999999998	0.00002493018375191095
1613.55	0.00002479163820409076
1613.5549999999998	0.000024363697146214963
1613.56	0.000023854230526459256
1613.565	0.000023663208701274656
1613.57	0.000023714297486858298
1613.575	0.000023664556046258353
1613.58	0.000023459326490884736
1613.5849999999998	0.000023282255112885754
1613.5900000000001	0.000023237959316891453
1613.595	0.000022975952352039284
1613.6	0.00002270191356511422
1613.605	0.000022539381901030936
1613.61	0.000021748806158093262
1613.6149999999998	0.000020237216386672364
1613.6200000000001	0.00001891078277523797
1613.625	0.00001868871735227232
1613.6299999999999	0.000019716522859871697
1613.635	0.000021292375627322336
1613.6399999999999	0.000022241801328558023
1613.6449999999998	0.000022104435026504176
1613.65	0.000021914523379564515
1613.655	0.000022037291676675077
1613.6599999999999	0.000021839824032489635
1613.665	0.00002117082355483966
1613.6699999999998	0.000021047191522933635
1613.675	0.000021846184055746722
1613.68	0.000022575069619698552
1613.685	0.000022286125614966833
1613.69	0.000021267620684428806
1613.695	0.000021237265094628503
1613.6999999999998	0.00002244878893556208
1613.705	0.000023795098369358125
1613.71	0.000024445496835365903
1613.715	0.000024372873287120264
1613.72	0.000023909759128523396
1613.725	0.000023395939671164527
1613.7299999999998	0.000023184703816843717
1613.7350000000001	0.000023124050540991332
1613.74	0.00002254936682451087
1613.745	0.000021698298985689652
1613.75	0.000021517315832529506
1613.7549999999999	0.00002200851986993452
1613.7599999999998	0.000022571716748083402
1613.765	0.000022798789334950406
1613.77	0.000022760793985005742
1613.7749999999999	0.000022789363846306845
1613.78	0.00002309075107663632
1613.7849999999999	0.000023546858004963354
1613.7899999999997	0.000024007179269351167
1613.795	0.000024371004125878903
1613.8	0.00002452573016298698
1613.805	0.000024350025389637477
1613.81	0.000023807974639242923
1613.8149999999998	0.00002313585307031077
1613.82	0.000022939222436093306
1613.825	0.000023119712938302456
1613.83	0.000023584979910319693
1613.835	0.0000238618948385972
1613.84	0.000023885178961791078
1613.8449999999998	0.00002379578654654321
1613.85	0.000023633625897969814
1613.855	0.000022633649183843792
1613.86	0.000020739256013052177
1613.865	0.00001940999643354353
1613.87	0.00001930505280229144
1613.8749999999998	0.000020312360888435453
1613.88	0.00002182369658078985
1613.885	0.000022812444296626902
1613.8899999999999	0.00002295210304520627
1613.895	0.000022908457110804193
1613.8999999999999	0.000022843318741771114
1613.9049999999997	0.000022323639950718468
1613.91	0.0000213011805962194
1613.915	0.000020565865577688464
1613.92	0.000021052200547185877
1613.925	0.000022150913847078843
1613.9299999999998	0.000022855958855690218
1613.935	0.000022602947725825082
1613.94	0.000022412564648366426
1613.945	0.000022533030940560416
1613.95	0.000022157224738288338
1613.955	0.00002165767035143103
1613.9599999999998	0.00002142007121075967
1613.965	0.000021634666086147003
1613.97	0.000021895403058904615
1613.975	0.00002185078338989681
1613.98	0.000022063905752549293
1613.985	0.000022537101056641114
1613.9899999999998	0.000022838268286953723
1613.995	0.000022837077549130734
1614	0.00002306275036945658
1614.005	0.000023143406600109408
1614.01	0.000023020751579684003
1614.0149999999999	0.00002320363363739332
1614.0199999999998	0.00002309394516692033
1614.0249999999999	0.000022866079294351224
1614.03	0.000022991225672621046
1614.035	0.00002307717992834126
1614.04	0.000022719277314878862
1614.0449999999998	0.00002200851746058831
1614.05	0.00002118169807753249
1614.055	0.000020683922000465777
1614.06	0.00002071514351880885
1614.065	0.000021137774816105638
1614.07	0.000021614556191963705
1614.0749999999998	0.00002167515639573059
1614.08	0.000021231073604422355
1614.085	0.00002056831122026655
1614.09	0.000020229092813982478
1614.095	0.000020493920957550742
1614.1	0.00002119813345335346
1614.1049999999998	0.000021957824266223103
1614.11	0.000022262161808800643
1614.115	0.00002228468554840107
1614.1200000000001	0.000022052919350397112
1614.125	0.00002183705030699577
1614.1299999999999	0.000021626120579813355
1614.1349999999998	0.000021552317229655718
1614.1399999999999	0.000021106026347140335
1614.145	0.000020462268135961658
1614.15	0.0000200570907891974
1614.155	0.000020253367376007596
1614.1599999999999	0.000020990038757831817
1614.165	0.000021203767943911942
1614.1699999999998	0.000020644833490704055
1614.175	0.00002013234235169444
1614.18	0.000019879049613937234
1614.185	0.00001978700356021253
1614.1899999999998	0.000020486618519410673
1614.195	0.000021077064023362043
1614.2	0.00002113456868745749
1614.205	0.000021044148434940575
1614.21	0.000020763586002169577
1614.215	0.000019940122453323508
1614.2199999999998	0.000019341941607432105
1614.225	0.00001960681341258081
1614.23	0.00002035593653313544
1614.2350000000001	0.000021102023653844856
1614.24	0.000021362896549121652
1614.245	0.000021158641256586273
1614.25	0.000021028256375655103
1614.2549999999999	0.00002106511347473326
1614.26	0.000021031286203112922
1614.265	0.000020842041880309792
1614.27	0.000020798080652111484
1614.2749999999999	0.000021015101895715174
1614.28	0.000021190516261989114
1614.2849999999999	0.00002108905191247854
1614.29	0.000020876013354099003
1614.295	0.000020847158996463147
1614.3	0.000021099710701098933
1614.3049999999998	0.000021174731517431544
1614.31	0.000020924423105795535
1614.3149999999998	0.000020627147407580006
1614.32	0.000020843257633290857
1614.325	0.000021310605980506267
1614.33	0.000021239535735788703
1614.3349999999998	0.00002098878030665218
1614.34	0.000020867519258502883
1614.345	0.000019916047447433664
1614.3500000000001	0.00001803137772378461
1614.355	0.000016731362223251423
1614.36	0.000016274140795092934
1614.365	0.00001665451458484157
1614.37	0.000017794528301890325
1614.375	0.000019029059829538774
1614.38	0.000019365318043466117
1614.385	0.000019035193068409004
1614.3899999999999	0.000018864065226979624
1614.395	0.000019061437359460655
1614.3999999999999	0.000018843309337243726
1614.405	0.00001751082426717499
1614.41	0.00001638074449570232
1614.415	0.000016877291200628824
1614.4199999999998	0.000018478643940792427
1614.425	0.000019548152203111927
1614.4299999999998	0.000019530967268339495
1614.435	0.000018981963461915707
1614.44	0.000018573063955108313
1614.445	0.000018523518634971495
1614.4499999999998	0.000018567184770978127
1614.455	0.000018443568305195722
1614.4599999999998	0.000018331623272786634
1614.4650000000001	0.000018610888075391918
1614.47	0.000019419012551478467
1614.475	0.00002041277601858783
1614.48	0.000021006671107009054
1614.485	0.000021155064479540796
1614.4899999999998	0.000020302409138752442
1614.4950000000001	0.000018729227893926643
1614.5	0.000017929157956880093
1614.5049999999999	0.000018396340527310158
1614.51	0.00001921838270116586
1614.5149999999999	0.000020155928164545435
1614.52	0.000020683439917065566
1614.525	0.000020409782655917635
1614.53	0.000019557099336170894
1614.5349999999999	0.000019064737919423712
1614.54	0.000019296357575636977
1614.5449999999998	0.000019802933400148932
1614.55	0.000020402833817027324
1614.555	0.000020977654268372426
1614.56	0.000021307852559733153
1614.5649999999998	0.000021172631795031453
1614.57	0.000020500553739747632
1614.5749999999998	0.000019504161504800614
1614.5800000000002	0.00001856972943444805
1614.585	0.000017930115524437963
1614.59	0.000017890669755307993
1614.595	0.000018361933985484157
1614.6	0.000019148606643162076
1614.6049999999998	0.000020049149291877872
1614.6100000000001	0.00002044645699958532
1614.615	0.00002023247807639396
1614.62	0.00001955704491869793
1614.625	0.00001904153741032076
1614.6299999999999	0.000019426319466978997
1614.6349999999998	0.000020044458935263663
1614.64	0.000019784360348783486
1614.645	0.0000193888405223521
1614.6499999999999	0.00001986851758669667
1614.655	0.000019587157245036745
1614.6599999999999	0.0000181639192624841
1614.665	0.000017940427350941067
1614.67	0.000019243794675316062
1614.675	0.000020124632954781513
1614.6799999999998	0.00001979487025757372
1614.685	0.00001896713576098737
1614.6899999999998	0.000018334088590918355
1614.695	0.000018558525406256216
1614.7	0.000019374130400195522
1614.705	0.000020224610858183496
1614.71	0.000020741253931863025
1614.715	0.00002085377418490771
1614.7199999999998	0.00002066006705406551
1614.7250000000001	0.00001984453432425042
1614.73	0.000018307571440633374
1614.735	0.00001739103827159804
1614.74	0.000017462314722970832
1614.745	0.000017610898434348665
1614.7499999999998	0.000017166146645265112
1614.755	0.00001626751567916208
1614.76	0.000015824595204443244
1614.7649999999999	0.0000163891967504651
1614.77	0.000018034529668076367
1614.7749999999999	0.000019369463890183313
1614.7799999999997	0.00002013450123707
1614.785	0.000020496278086451878
1614.79	0.000020629262888005776
1614.7949999999998	0.000020713220152614685
1614.8	0.00002060905571739483
1614.8049999999998	0.000020430960817431154
1614.81	0.000020173592091499027
1614.815	0.000019987131984725805
1614.82	0.00001941799411582298
1614.825	0.000018626210560566647
1614.83	0.000018432096112519496
1614.8349999999998	0.000019096869685369566
1614.84	0.000019851830844812028
1614.845	0.00001975737040641358
1614.85	0.00001918896927265727
1614.855	0.000018459826992922755
1614.86	0.000017438025940053584
1614.8649999999998	0.000016687617631267275
1614.8700000000001	0.000016671015064030457
1614.875	0.000017251726599242902
1614.8799999999999	0.00001810407195288209
1614.885	0.00001892723404099807
1614.8899999999999	0.000019462876218031502
1614.8949999999998	0.000019594226614572128
1614.9	0.00001953584674519761
1614.905	0.000019129378358849177
1614.9099999999999	0.000018170485663575545
1614.915	0.000017191302511976988
1614.9199999999998	0.000016909937471362434
1614.925	0.0000175388533152198
1614.93	0.000018523598350896495
1614.935	0.000019127890994660005
1614.94	0.000019378488618931347
1614.945	0.000019454772690012567
1614.9499999999998	0.00001955807315273639
1614.955	0.000019624292514280376
1614.96	0.00001950100293876011
1614.965	0.000019190860172451615
1614.97	0.00001833979658617457
1614.975	0.000017842497193134055
1614.9799999999998	0.00001804038457403223
1614.985	0.000018528241449480597
1614.99	0.00001883942249561691
1614.995	0.000019058577542981653
1615	0.000018991822488967713
1615.0049999999999	0.000018414931416767864
1615.0099999999998	0.000018022940572141146
1615.0149999999999	0.00001820063068676586
1615.02	0.000018477432787979136
1615.0249999999999	0.000018382037601816654
1615.03	0.000018092396279732376
1615.0349999999999	0.00001802617792551011
1615.04	0.000018175620185469672
1615.045	0.000018018895472707777
1615.05	0.00001735220391749138
1615.055	0.00001687379936966512
1615.06	0.00001706200413994473
1615.0649999999998	0.00001731338378025739
1615.07	0.000016857813409717225
1615.075	0.00001602104403231633
1615.08	0.000015008785519243018
1615.085	0.000014261916820322804
1615.09	0.000014209968171868738
1615.0949999999998	0.000014869628350050174
1615.1	0.000016030727776415762
1615.105	0.000017036425437206718
1615.11	0.00001722787695880515
1615.115	0.000017191219918540676
1615.12	0.000017488399851981077
1615.125	0.000017762803507173415
1615.1299999999999	0.00001770839397362574
1615.135	0.00001766529102924121
1615.1399999999999	0.00001809035905536774
1615.145	0.00001882868431107651
1615.1499999999999	0.000019171639283846542
1615.155	0.000019331488896671196
1615.1599999999999	0.000019415441784076376
1615.165	0.000019488897285204095
1615.17	0.00001954058825504035
1615.175	0.000019513962904516634
1615.1799999999998	0.000019389192336782836
1615.185	0.000019003077467075083
1615.19	0.000018179966298467796
1615.195	0.000017082767503408796
1615.2	0.00001590428995004647
1615.205	0.000015287509542437955
1615.2099999999998	0.000015444963714070405
1615.215	0.00001619722620788449
1615.22	0.000017102432401917552
1615.225	0.00001777455313444376
1615.23	0.00001807350724140316
1615.235	0.000017843467388431667
1615.24	0.000017029636541229647
1615.245	0.000016168691070749815
1615.25	0.000016006514842676638
1615.2549999999999	0.000016637996175886474
1615.26	0.000017506400475300083
1615.2649999999999	0.00001806393497477878
1615.27	0.000018061017916674592
1615.2749999999999	0.00001722583718294202
1615.28	0.000015741316397324966
1615.285	0.000014616275486249124
1615.29	0.000014522829632117395
1615.2949999999998	0.000015703618557922383
1615.3	0.000016337928633456217
1615.3049999999998	0.000015610337009802932
1615.31	0.000015395456818036145
1615.315	0.00001642810097670009
1615.32	0.000017375248553093044
1615.3249999999998	0.000017756048736463467
1615.33	0.000017268308065553598
1615.335	0.000016219493835030098
1615.34	0.000015607222157463735
1615.345	0.000016151535791469455
1615.35	0.000017396415950715834
1615.355	0.000018322870248250976
1615.36	0.00001860763976964664
1615.365	0.000018551072072592373
1615.3700000000001	0.00001849743580804042
1615.375	0.000018649198146572033
1615.3799999999999	0.000019020824378382182
1615.385	0.000019429486380258666
1615.3899999999999	0.000019680310324572386
1615.395	0.000019765860643456775
1615.4	0.00001972323620972442
1615.405	0.00001965609438750557
1615.4099999999999	0.00001957027480616264
1615.415	0.000019294305234696936
1615.4199999999998	0.00001884185349349136
1615.425	0.00001851310697509465
1615.43	0.000018395615907005545
1615.435	0.00001855306984846528
1615.4399999999998	0.000018676315337798397
1615.445	0.00001853713404821453
1615.4499999999998	0.00001809239830267308
1615.455	0.000017485368074990764
1615.46	0.000016917186514421882
1615.465	0.000016702099236235586
1615.47	0.00001690410167199046
1615.475	0.000017147373932127087
1615.48	0.00001782901480577227
1615.4850000000001	0.00001866492654470985
1615.49	0.00001886994216759767
1615.495	0.000018896179460874194
1615.5	0.00001910857697425358
1615.5049999999999	0.00001895196171511583
1615.51	0.000018539372941720495
1615.515	0.00001865970594461648
1615.52	0.00001889557230953041
1615.5249999999999	0.000018883794983453327
1615.53	0.00001867975387227684
1615.5349999999999	0.000018615848809608003
1615.54	0.000018576124784671033
1615.545	0.000018237498804953483
1615.55	0.0000175764647871703
1615.5549999999998	0.000016886846520616714
1615.56	0.00001657633523634203
1615.5649999999998	0.000016925977962698963
1615.57	0.00001753745361634309
1615.575	0.000017749257014330292
1615.58	0.00001742571742013739
1615.585	0.000017035749696138216
1615.59	0.0000169911942344637
1615.5949999999998	0.000017347437442483788
1615.6000000000001	0.00001770129158909534
1615.605	0.000017813332849320128
1615.61	0.000017764339540828682
1615.615	0.0000177156948515799
1615.62	0.000017721198230634034
1615.6249999999998	0.00001809283620522496
1615.63	0.000018150718274787335
1615.635	0.000017682485939377165
1615.6399999999999	0.000017308112091323993
1615.645	0.000016884489565334093
1615.6499999999999	0.000016545686348104193
1615.655	0.00001691382134034813
1615.66	0.00001773954332945851
1615.665	0.000017806947607061828
1615.6699999999998	0.000017374816017342114
1615.675	0.00001690683972161532
1615.6799999999998	0.000016750866924690682
1615.685	0.000016972382061241283
1615.69	0.00001730571957701755
1615.695	0.000017588802848034027
1615.7	0.000017827244462038087
1615.705	0.00001799960989318666
1615.7099999999998	0.000018127821193165972
1615.7150000000001	0.000018187321530123056
1615.72	0.000018029493252994323
1615.725	0.00001754464902003694
1615.73	0.000017072970723672233
1615.735	0.00001690245769348202
1615.7399999999998	0.00001729976540120508
1615.7450000000001	0.000017712639072616996
1615.75	0.000017727868584411997
1615.7549999999999	0.00001742983048171245
1615.76	0.000017184699278102847
1615.7649999999999	0.000017324977373281482
1615.7699999999998	0.00001764094901590571
1615.775	0.000017734811990521845
1615.78	0.00001760966555852026
1615.7849999999999	0.000017709872637219103
1615.79	0.000017946315885903414
1615.7949999999998	0.00001791105236599573
1615.8	0.000017637763274514848
1615.805	0.000016972520695828684
1615.81	0.00001605495245965737
1615.815	0.000015782590321015
1615.82	0.000016510468929750613
1615.8249999999998	0.000017270669972280757
1615.83	0.000017696995210032607
1615.835	0.000017656083707261566
1615.84	0.0000172950702795689
1615.845	0.000016512867452051684
1615.85	0.000015674530087400528
1615.8549999999998	0.000015227638559759045
1615.8600000000001	0.000015102488083444921
1615.865	0.000015324315405612538
1615.87	0.000015521400443788842
1615.875	0.000015611080354111457
1615.8799999999999	0.000015467769169812118
1615.8849999999998	0.000015455938400798074
1615.89	0.000015703237345806507
1615.895	0.000016299203916546407
1615.8999999999999	0.000016918347536339963
1615.905	0.000017189339484084105
1615.9099999999999	0.000017101690172481616
1615.9149999999997	0.00001695364449100902
1615.92	0.000016975485307644788
1615.925	0.000017207760928602656
1615.93	0.0000174934538731638
1615.935	0.000017646260845566677
1615.9399999999998	0.00001766585878534546
1615.945	0.0000173414844092194
1615.95	0.00001652500957404135
1615.955	0.000016138089702599776
1615.96	0.000016453768850865796
1615.965	0.000016945036397676497
1615.9699999999998	0.000016738922329874342
1615.975	0.000015946920029818995
1615.98	0.000015972925979943437
1615.985	0.000016623079094304196
1615.99	0.000016767122070919874
1615.995	0.00001633407943896968
1615.9999999999998	0.000016202337316180835
1616.005	0.000016377932094708765
1616.01	0.000016278149327182166
1616.0149999999999	0.000015594990407394267
1616.02	0.000014628906533533734
1616.0249999999999	0.000013968009727992623
1616.0299999999997	0.000013764116971910406
1616.035	0.000014166243399275776
1616.04	0.000014735158303203906
1616.045	0.0000153039085323895
1616.05	0.000015815189839701495
1616.0549999999998	0.00001629101857149264
1616.06	0.00001670153766525654
1616.065	0.000016803818562504093
1616.07	0.000016771301646476354
1616.075	0.000016621069787626977
1616.08	0.00001645028145784671
1616.0849999999998	0.000016006065858897026
1616.09	0.000015484622455926903
1616.095	0.000014959302879431757
1616.1	0.000014284568942147183
1616.105	0.000013386833410234442
1616.11	0.00001245457205672589
1616.1149999999998	0.000012758821043786387
1616.12	0.000014438215006464621
1616.125	0.00001557104537961141
1616.1299999999999	0.000015695785750614017
1616.135	0.000015759193053138596
1616.1399999999999	0.000015705169715716032
1616.1449999999998	0.00001566669825784014
1616.1499999999999	0.000015896568528074348
1616.155	0.00001603887148858713
1616.16	0.000016028453838380555
1616.165	0.00001608154319801165
1616.1699999999998	0.000016095561571294865
1616.175	0.00001586348428810314
1616.18	0.00001564814098749015
1616.185	0.000015640668214579795
1616.19	0.000015678742784075412
1616.195	0.000015547626874262534
1616.1999999999998	0.0000152047811979913
1616.205	0.000014850562668406037
1616.21	0.000014755743823376573
1616.215	0.00001506798648688186
1616.22	0.000015818254651928145
1616.225	0.000016463786690454467
1616.2299999999998	0.000016815710793135658
1616.235	0.00001695523099936099
1616.24	0.00001696205436910129
1616.2450000000001	0.000016885929537006308
1616.25	0.00001669434569084703
1616.2549999999999	0.000016464226123091013
1616.2599999999998	0.000016308387109943734
1616.2649999999999	0.000016167161982177284
1616.27	0.000016141036348157513
1616.275	0.000015976727346106136
1616.28	0.00001537479711668046
1616.2849999999999	0.000014836522008682184
1616.29	0.000014052515442218664
1616.2949999999998	0.000012260885923393585
1616.3	0.000010561788048966012
1616.305	0.000009993231947637257
1616.31	0.000010557410457962804
1616.3149999999998	0.000012079108290915
1616.32	0.000013835257059886099
1616.325	0.00001500529940622494
1616.33	0.000015373561063004406
1616.335	0.00001523176615592093
1616.34	0.00001523176615592093
1616.3449999999998	0.000015530856516737176
1616.35	0.000015872075242976983
1616.355	0.00001606238131753629
1616.3600000000001	0.000016029047639448977
1616.365	0.000015892078280475048
1616.37	0.000015969046558304642
1616.3749999999998	0.000016075102889628215
1616.3799999999999	0.000016168135507546924
1616.385	0.00001617662349972148
1616.39	0.000016153489408046867
1616.395	0.000016143589164130413
1616.3999999999999	0.000016082870665990354
1616.405	0.000015868327674958535
1616.4099999999999	0.000015635617793103057
1616.415	0.000015491008570908714
1616.42	0.000015349463875320153
1616.425	0.000015316687500238566
1616.4299999999998	0.00001534136671589091
1616.435	0.000015459081600743905
1616.4399999999998	0.000015543189640793046
1616.445	0.000015599558525880118
1616.45	0.000015607220120728033
1616.455	0.000015163823438543756
1616.4599999999998	0.000014607744289397581
1616.465	0.000014622598980130711
1616.47	0.000015220881450937205
1616.4750000000001	0.000015684703141360628
1616.48	0.000015800780185745833
1616.485	0.00001565028239966706
1616.49	0.000014931174745166992
1616.495	0.000014160492511267231
1616.5	0.000014076070957746188
1616.505	0.000014566274623242078
1616.51	0.000014975043935717755
1616.5149999999999	0.000015261785306812866
1616.52	0.000015137733062863591
1616.5249999999999	0.000014975502122801147
1616.53	0.000015042515995422094
1616.535	0.000015234408078874632
1616.54	0.000015348307037506344
1616.5449999999998	0.000015414531725790272
1616.55	0.00001547262559921841
1616.5549999999998	0.000015515178170045137
1616.56	0.00001551054664563236
1616.565	0.00001544315756740266
1616.57	0.00001533649010748407
1616.5749999999998	0.000015119387426176493
1616.58	0.000014893160951578794
1616.5849999999998	0.000014864080952773668
1616.5900000000001	0.00001505907192498049
1616.595	0.000014970891733389044
1616.6	0.000014713277844219115
1616.605	0.00001481458985622905
1616.61	0.000015083172917243783
1616.6149999999998	0.000014771678311189613
1616.6200000000001	0.000014652027343363601
1616.625	0.000015034376905869686
1616.6299999999999	0.000015297204940053442
1616.635	0.000015335108332978972
1616.6399999999999	0.000015254366735153618
1616.645	0.00001490739372659267
1616.65	0.00001435825104729163
1616.655	0.000014422097575355326
1616.6599999999999	0.000014618136261065881
1616.665	0.000014396156467449397
1616.6699999999998	0.000014164178263054998
1616.675	0.000014127817631170887
1616.68	0.000014337820062753474
1616.685	0.000014758762410846185
1616.6899999999998	0.000015213573585921535
1616.695	0.0000156131814478746
1616.6999999999998	0.000015660858480259807
1616.7050000000002	0.00001555755851207369
1616.71	0.000015438189072915002
1616.715	0.000015303284008935275
1616.72	0.000015138795340795281
1616.725	0.000015049001367654007
1616.7299999999998	0.000015168343065925194
1616.7350000000001	0.000015409837908708144
1616.74	0.000015443752274734362
1616.745	0.000015185277258771539
1616.75	0.000014893188578411267
1616.7549999999999	0.000014909171348416307
1616.7599999999998	0.000015016028181143049
1616.765	0.00001491382775013245
1616.77	0.000014783981912964443
1616.7749999999999	0.00001490483446117171
1616.78	0.000014692422914056401
1616.7849999999999	0.000013727500779067308
1616.79	0.000013392267398983276
1616.795	0.00001392779014383173
1616.8	0.000014348380891818532
1616.8049999999998	0.000014209618328634729
1616.81	0.000014205005859997546
1616.8149999999998	0.000014401310562950964
1616.82	0.000014381969082639798
1616.825	0.000014129227824758617
1616.83	0.00001383124814566394
1616.835	0.00001362974337846739
1616.84	0.00001359938198805875
1616.8449999999998	0.000013577962840512652
1616.8500000000001	0.000013266738738752489
1616.855	0.000012806853937622808
1616.86	0.000012710836745209391
1616.865	0.000013005174027330713
1616.87	0.000013205486417572758
1616.8749999999998	0.000012914448890048439
1616.88	0.000012732347839759269
1616.885	0.00001301542710288174
1616.8899999999999	0.00001362541251876581
1616.895	0.000014039133027795392
1616.8999999999999	0.000014047902815474678
1616.9049999999997	0.000014089966372427826
1616.91	0.000014207083005332118
1616.915	0.000014165385660734617
1616.9199999999998	0.000014003283533863076
1616.925	0.000013709560734000841
1616.9299999999998	0.000013503464386181217
1616.935	0.000013195313706085533
1616.94	0.000013196544260009816
1616.945	0.000013488771839747013
1616.95	0.00001307834377421708
1616.955	0.00001280737324533475
1616.9599999999998	0.000013495313809917375
1616.965	0.000014180878492955208
1616.97	0.000014431846320351293
1616.975	0.000014333182772114065
1616.98	0.00001405175142640629
1616.985	0.000013524959168931898
1616.9899999999998	0.000013261747418738075
1616.9950000000001	0.00001333382202030194
1617	0.000013597807721165994
1617.0049999999999	0.000013936951188672601
1617.01	0.000014230550732463612
1617.0149999999999	0.000014215922128658356
1617.0199999999998	0.000014069635693575103
1617.025	0.000013874587126692207
1617.03	0.000013723436369979526
1617.0349999999999	0.000013643094089719166
1617.04	0.000013501081791220996
1617.0449999999998	0.000013111196512140092
1617.05	0.000012582042005784733
1617.055	0.000012199766760059862
1617.06	0.000012095868226892362
1617.065	0.000012071661382343445
1617.07	0.000011871209883460316
1617.0749999999998	0.000011660717863316275
1617.08	0.000011660723703778339
1617.085	0.000011968676065664795
1617.09	0.000012369937860430723
1617.095	0.000012797673116355804
1617.1	0.000012936020316870395
1617.1049999999998	0.000012929207260317691
1617.11	0.000012925374903716164
1617.115	0.000012813227339035872
1617.12	0.000012605994732283416
1617.125	0.000012754204682697984
1617.1299999999999	0.000012764827217491698
1617.1349999999998	0.000012199136200934228
1617.14	0.000011581248016923303
1617.145	0.000011785691496135
1617.1499999999999	0.000012520128178322633
1617.155	0.000012917958067036623
1617.1599999999999	0.000012993185735008708
1617.165	0.000013024891804680216
1617.17	0.000013255972251355279
1617.175	0.000012983403914897027
1617.18	0.00001264606031781741
1617.185	0.000012774092316073729
1617.1899999999998	0.00001313786130734843
1617.195	0.000013175682397559278
1617.2	0.000012959730900976938
1617.205	0.00001312135176141738
1617.21	0.000013475508836678224
1617.215	0.000013677347362891517
1617.2199999999998	0.000013712051440961652
1617.225	0.000013647198143935275
1617.23	0.000013545419817170346
1617.235	0.000013314249448338943
1617.24	0.000012893348690293909
1617.245	0.000012511122225464163
1617.2499999999998	0.000012358019691209805
1617.2549999999999	0.000012776387382800645
1617.26	0.000013245894986145085
1617.2649999999999	0.000013316641735441021
1617.27	0.000013361086108619212
1617.2749999999999	0.000013557099348975375
1617.28	0.000013666968321041629
1617.2849999999999	0.000013724462427887277
1617.29	0.000013571898095358328
1617.295	0.000013469879283593269
1617.3	0.000013465582006069704
1617.3049999999998	0.000013558674216025416
1617.31	0.000013634177733992988
1617.315	0.00001358690210018329
1617.32	0.000013429328791717768
1617.325	0.000013065691228725001
1617.33	0.000012948497416212539
1617.3349999999998	0.000013035163955464824
1617.34	0.000013104174286127104
1617.345	0.000013011955795565159
1617.35	0.000012897778813198869
1617.355	0.000013046061186570804
1617.36	0.000013136478053150139
1617.365	0.000012963961268666733
1617.37	0.000012943259207531834
1617.375	0.000013086294781671125
1617.3799999999999	0.000013031399192439244
1617.385	0.000012777415127991146
1617.3899999999999	0.000012522636136321797
1617.395	0.000012445627303819504
1617.3999999999999	0.000012689374716483023
1617.405	0.000013173232163728442
1617.41	0.000013491070673929184
1617.415	0.000013622659025713783
1617.4199999999998	0.000013614614375360667
1617.425	0.00001344253079321603
1617.4299999999998	0.000013049642912463501
1617.435	0.00001285386682977818
1617.44	0.000012952881717259064
1617.445	0.000013090415972468095
1617.4499999999998	0.000013286286705017452
1617.455	0.000013535821738334902
1617.46	0.00001371825229393971
1617.465	0.000013927329742339457
1617.47	0.000013793785445844464
1617.475	0.000013310693132509369
1617.48	0.000012861897787054493
1617.485	0.000013080822243273147
1617.49	0.000013700835161371579
1617.495	0.000014096972610201093
1617.5	0.000014201662923217038
1617.5049999999999	0.000014065431910181273
1617.51	0.00001375194029333349
1617.5149999999999	0.000013327662722173901
1617.52	0.000012969741543629877
1617.525	0.000012715302676942469
1617.53	0.000012694972759502068
1617.5349999999999	0.000012857837789522194
1617.54	0.000012978358418026678
1617.5449999999998	0.000012989611373732848
1617.55	0.000013042118879778571
1617.555	0.00001328186732639679
1617.56	0.000013607331928536413
1617.5649999999998	0.000013807286865754431
1617.57	0.000013928587135353214
1617.5749999999998	0.000014042814630702747
1617.58	0.000014210436292714395
1617.585	0.000014156898991142265
1617.59	0.000014125296084810906
1617.595	0.000014063811182222434
1617.6	0.000013959922850749774
1617.605	0.000013726131890141417
1617.6100000000001	0.000013493300831408542
1617.615	0.000013402153863833724
1617.62	0.000013286114357337691
1617.625	0.000012646400934832437
1617.6299999999999	0.000011784501131720343
1617.635	0.000011577175429649045
1617.64	0.000012218169876856282
1617.645	0.000013032656337710348
1617.6499999999999	0.000013417542610253393
1617.655	0.00001352676820986904
1617.6599999999999	0.00001365159202171232
1617.665	0.000013342773922545795
1617.67	0.000012976777825630364
1617.675	0.000012911653491439658
1617.6799999999998	0.000012623997827964523
1617.685	0.000012118633476376932
1617.6899999999998	0.000011728108100220524
1617.695	0.000011696132558391631
1617.7	0.000011974813443772535
1617.705	0.00001212381292910869
1617.71	0.00001212551958351398
1617.715	0.000012206145182759178
1617.7199999999998	0.000012375262079651136
1617.7250000000001	0.000012592345701448181
1617.73	0.000012719083590605064
1617.735	0.00001269660010667893
1617.74	0.000012526355182178734
1617.745	0.000012107322638278283
1617.7499999999998	0.000011455733848067655
1617.755	0.000011006518854083527
1617.76	0.000011339267159951623
1617.7649999999999	0.000012251088834662294
1617.77	0.00001284592297104089
1617.7749999999999	0.000013014781870879233
1617.78	0.000012993472923554194
1617.785	0.000012660616569740977
1617.79	0.000011964389676632973
1617.7949999999998	0.000011416983782478502
1617.8	0.000011662908811343892
1617.8049999999998	0.000012280282382316031
1617.81	0.00001260606449254107
1617.815	0.000012389009592423745
1617.82	0.000012092078672164522
1617.825	0.000012112573163470861
1617.83	0.000012426751802751232
1617.8349999999998	0.000012815553573420815
1617.8400000000001	0.000013007117173616653
1617.845	0.000012900914739010936
1617.85	0.000012598129733103978
1617.855	0.000012184679889984138
1617.86	0.000011929267792166467
1617.8649999999998	0.000012108600103588028
1617.8700000000001	0.0000124337056097171
1617.875	0.000012714204579288008
1617.8799999999999	0.000012679822372395745
1617.885	0.000012447760921400438
1617.8899999999999	0.000012486065011059963
1617.8949999999998	0.000012789500662870094
1617.9	0.000013010950506994558
1617.905	0.000012803211604539325
1617.9099999999999	0.00001280794583632193
1617.915	0.000012935543401911165
1617.9199999999998	0.000012671502310413144
1617.925	0.000012488741787793765
1617.93	0.00001273175693353416
1617.935	0.000012660005084328828
1617.94	0.000012119400083975378
1617.945	0.000011635992303093594
1617.9499999999998	0.000011477540677239471
1617.955	0.000011546679472093391
1617.96	0.00001177944362490605
1617.965	0.000012317163414338621
1617.97	0.000012857574394828563
1617.975	0.000013068405678495777
1617.9799999999998	0.000012955838606985976
1617.9850000000001	0.000012728063928858505
1617.99	0.000012646467066764512
1617.995	0.000012678845537997567
1618	0.000012710208744766034
1618.0049999999999	0.000012664725861690244
1618.0099999999998	0.0000124560538754143
1618.015	0.000012140590975994585
1618.02	0.000011831944070910425
1618.0249999999999	0.00001172215971950816
1618.03	0.000011913948348183361
1618.0349999999999	0.000012271988816035405
1618.0399999999997	0.000012487868747918534
1618.045	0.000012362714093732513
1618.05	0.000011904883583529576
1618.055	0.000010979127726902027
1618.06	0.000010224472952757133
1618.0649999999998	0.000009825563088184263
1618.07	0.000009951257558118867
1618.075	0.000010049784546294604
1618.08	0.00000954157808087609
1618.085	0.00000890435647455189
1618.09	0.000008846421769493835
1618.0949999999998	0.00000982963827636254
1618.1	0.000010966541415202853
1618.105	0.000011291854977638028
1618.11	0.000011633102093044697
1618.115	0.000011909855852241029
1618.12	0.00001087397150412028
1618.1249999999998	0.000009768582443463106
1618.13	0.000009676883619993967
1618.135	0.000010095036834954064
1618.1399999999999	0.000010318333890272391
1618.145	0.000010712593608373985
1618.1499999999999	0.000011430051490589039
1618.1549999999997	0.000011691402161069901
1618.16	0.00001156787593505894
1618.165	0.000011600392851086696
1618.17	0.000012244028645422885
1618.175	0.000012680922199613681
1618.1799999999998	0.000012794375383398848
1618.185	0.000012810633841412947
1618.19	0.000012890977433803153
1618.195	0.000012918235176599858
1618.2	0.00001277920096824898
1618.205	0.000012592834295031212
1618.2099999999998	0.000012521459753497589
1618.215	0.000012532043921291064
1618.22	0.000012583396809247835
1618.225	0.00001265011844925642
1618.23	0.000012645145197703114
1618.235	0.000012639313354156923
1618.2399999999998	0.000012569468244927869
1618.245	0.000012484092076645205
1618.25	0.000012345302956384608
1618.2549999999999	0.000012154250615806957
1618.26	0.00001206520309923817
1618.2649999999999	0.000012271308654826188
1618.2699999999998	0.000012577810197661822
1618.2749999999999	0.000012532039285058528
1618.28	0.000012305337630708415
1618.285	0.000012193018762631348
1618.29	0.000012046438510236633
1618.2949999999998	0.000011954717390252054
1618.3	0.000012229374323565094
1618.305	0.000012749411483516542
1618.31	0.000013219910644377617
1618.315	0.000013244694978860333
1618.32	0.000013117729688484723
1618.3249999999998	0.00001256717409674159
1618.33	0.000011868250411656452
1618.335	0.000011532173418278214
1618.34	0.000011878428194609173
1618.345	0.00001236606931484272
1618.35	0.00001216637104111503
1618.3549999999998	0.000011741731555397177
1618.36	0.000011729808677067302
1618.365	0.000011669886127526961
1618.37	0.000010411738316122264
1618.375	0.000009089315511272325
1618.3799999999999	0.000008354444190587361
1618.3849999999998	0.000008783184901767764
1618.3899999999999	0.000010124102025320506
1618.395	0.000011352036045829208
1618.4	0.000012099295709560514
1618.405	0.00001226703551623172
1618.4099999999999	0.000012362815865800618
1618.415	0.000011786799247803029
1618.4199999999998	0.000011078622021822023
1618.425	0.000011280513615664675
1618.43	0.000011890299067901298
1618.435	0.000011733197556633603
1618.4399999999998	0.00001159016323456349
1618.445	0.000011891971980705923
1618.45	0.000012177160190620928
1618.455	0.000012035410607701397
1618.46	0.0000116684551571145
1618.465	0.00001168701145053023
1618.4699999999998	0.000012173449596605927
1618.475	0.000012595125660899957
1618.48	0.00001252091350382093
1618.4850000000001	0.00001214174724161663
1618.49	0.000012041556658471031
1618.495	0.000012314797584519095
1618.4999999999998	0.000012750371484260931
1618.5049999999999	0.000013078529344036427
1618.51	0.000013175682397559278
1618.515	0.000013093164680812364
1618.52	0.000012705333316019275
1618.5249999999999	0.000011995675095283859
1618.53	0.000011310772893463194
1618.5349999999999	0.000011042589884839319
1618.54	0.00001133625451230986
1618.545	0.000011916936555556604
1618.55	0.00001225864312378977
1618.5549999999998	0.000012212257686958463
1618.56	0.0000121000413843478
1618.5649999999998	0.000012254109533255053
1618.57	0.00001253869963985679
1618.575	0.000012427325363535166
1618.58	0.000011836472610630412
1618.5849999999998	0.0000113273997091498
1618.59	0.00001142355166570679
1618.595	0.000011834768760603824
1618.6000000000001	0.000012156583821249717
1618.605	0.00001211977579877282
1618.61	0.000011708602113660809
1618.6149999999998	0.000011165962265307787
1618.62	0.000010906411959556563
1618.625	0.000011112523550966164
1618.63	0.000011382391406401577
1618.635	0.000011255887330737382
1618.6399999999999	0.000010813978617650394
1618.645	0.000010407888000810303
1618.6499999999999	0.000010322064356500533
1618.655	0.000010414619595859598
1618.66	0.000010770437296165975
1618.665	0.000011211361504024218
1618.6699999999998	0.000011717370035512431
1618.675	0.000012065623148205519
1618.6799999999998	0.000012292087750891355
1618.685	0.00001231972784312281
1618.69	0.000012224197254293349
1618.695	0.000012041056201176265
1618.6999999999998	0.0000119139899693219
1618.705	0.000011967482742140115
1618.7099999999998	0.000012130516176898339
1618.7150000000001	0.000012281743693165466
1618.72	0.000012185281123591385
1618.725	0.000012048899885745067
1618.73	0.000012179699948620836
1618.735	0.000012148992921928308
1618.74	0.00001148765404738464
1618.7450000000001	0.000011078855020375064
1618.75	0.000011311708584240847
1618.7549999999999	0.000011950782169380958
1618.76	0.000012343746213118886
1618.7649999999999	0.000012645278344327223
1618.77	0.000012774982537888676
1618.775	0.00001276587593105044
1618.78	0.000012474196283320092
1618.7849999999999	0.000012016705512047785
1618.79	0.000011629514150799811
1618.7949999999998	0.00001172895469835654
1618.8	0.000012260285280682505
1618.805	0.000012703680722071127
1618.81	0.000012920121608968667
1618.8149999999998	0.00001291179564839467
1618.82	0.000012599001222005899
1618.8249999999998	0.000012433877140107976
1618.8300000000002	0.000012289861056545305
1618.835	0.000011893277809795877
1618.84	0.00001134065694538224
1618.845	0.000010923934464205922
1618.85	0.00001087753095749745
1618.8549999999998	0.000011171184514299825
1618.8600000000001	0.000011507582019812482
1618.865	0.000011652168410062947
1618.87	0.000011657677855539596
1618.875	0.000011903791438919617
1618.8799999999999	0.000012263431047092677
1618.8849999999998	0.000012308756958980558
1618.89	0.000012017926404778804
1618.895	0.000011230460244139562
1618.8999999999999	0.000010557695771584955
1618.905	0.00001070063290217795
1618.9099999999999	0.000011400702593274271
1618.915	0.000012162998868532686
1618.92	0.000012465636237062509
1618.925	0.000012492583407789353
1618.9299999999998	0.000012400103477561357
1618.935	0.000012320001210620619
1618.9399999999998	0.000012288213780018409
1618.945	0.00001224470518876881
1618.95	0.000012166160975314431
1618.955	0.00001213108634447016
1618.96	0.00001219648843496283
1618.965	0.000012160632868481715
1618.9699999999998	0.000011821273917002864
1618.9750000000001	0.000011661716707902986
1618.98	0.000011948444350776189
1618.985	0.000012105647904694908
1618.99	0.000012076942697562924
1618.995	0.000011766072938803342
1618.9999999999998	0.00001126546106685757
1619.005	0.000010815034808036696
1619.01	0.000010649642162784706
1619.0149999999999	0.000010829069561084944
1619.02	0.000011145759401492606
1619.0249999999999	0.000011416672573239077
1619.0299999999997	0.000011614858487372339
1619.035	0.000011731463007787067
1619.04	0.000011751583904892824
1619.0449999999998	0.000011659548150089675
1619.05	0.000011517820751551082
1619.0549999999998	0.00001150836792755368
1619.06	0.00001135373695313463
1619.065	0.000010982398215767679
1619.07	0.000010748614820179683
1619.075	0.000010835100417567745
1619.08	0.000011058145803003607
1619.0849999999998	0.000011387415657855272
1619.09	0.00001161770918769446
1619.095	0.00001174000239850781
1619.1	0.000011650609983262789
1619.105	0.000011537026911672657
1619.11	0.000011317023954654571
1619.1149999999998	0.000011036172566063766
1619.1200000000001	0.000010918467513540147
1619.125	0.000010962707001480044
1619.1299999999999	0.000010874306396837455
1619.135	0.000010483115769369566
1619.1399999999999	0.000010126965383051042
1619.1449999999998	0.00001021637627233436
1619.15	0.000010491488518872624
1619.155	0.000010556253388595506
1619.1599999999999	0.000010489454038536868
1619.165	0.0000105040126396574
1619.1699999999998	0.000010622214753805102
1619.175	0.000010589938101135875
1619.18	0.000010319707010089114
1619.185	0.00001010355076270685
1619.19	0.000010249894940531488
1619.195	0.000010481406954632853
1619.1999999999998	0.000010565359843894855
1619.205	0.000010587606800857004
1619.21	0.00001046702533319233
1619.215	0.000009919634351904058
1619.22	0.000009601034322246348
1619.225	0.000010075550736522475
1619.2299999999998	0.000010478469188946743
1619.235	0.00001050165942578215
1619.24	0.000010553666251070488
1619.245	0.000010580967968107629
1619.25	0.000010565359843894855
1619.2549999999999	0.000010565359843894855
1619.2599999999998	0.000010427850635584664
1619.265	0.000010226958024391986
1619.27	0.000010003632960864968
1619.2749999999999	0.000009962584157014536
1619.28	0.00001010310946676375
1619.2849999999999	0.000010265182910394949
1619.29	0.000010298412018385532
1619.295	0.00001016808693594757
1619.3	0.000009986261988385424
1619.305	0.000009873940675533226
1619.31	0.000009899132555107427
1619.3149999999998	0.000009963327249289188
1619.32	0.000010045899834276118
1619.325	0.000010014692142856442
1619.33	0.000009773387310069756
1619.335	0.000009488150724183217
1619.34	0.000009378607761759953
1619.3449999999998	0.000009399106710593574
1619.35	0.000009192688569602518
1619.355	0.00000842571866386848
1619.36	0.000007474289657914641
1619.365	0.00000732849181805876
1619.37	0.00000797616373694289
1619.3749999999998	0.000009015850138674207
1619.3799999999999	0.000009604049728831425
1619.385	0.000009950657053072667
1619.3899999999999	0.000010145203701487114
1619.395	0.000009775770423498498
1619.3999999999999	0.000009174524300971456
1619.405	0.00000875776402649724
1619.4099999999999	0.000008694729653681977
1619.415	0.000008886837368501866
1619.42	0.000009397973100690388
1619.425	0.000009922409351433995
1619.4299999999998	0.000010400068445135668
1619.435	0.00001052488276359925
1619.44	0.000010406806326921512
1619.445	0.000010090382674473643
1619.45	0.000009780061906970713
1619.455	0.000009515997801675617
1619.4599999999998	0.000009304725562101278
1619.465	0.000009193154279577193
1619.47	0.00000927257801093426
1619.475	0.000009497880061196851
1619.48	0.000009713126874813632
1619.485	0.000009616719702549605
1619.4899999999998	0.0000091164520174333
1619.495	0.000008487754272779067
1619.5	0.000008117062019847525
1619.5049999999999	0.00000806996830653389
1619.51	0.000008429991421704568
1619.5149999999999	0.000009128537920135806
1619.52	0.000009631583852372094
1619.5249999999999	0.000009944470591388816
1619.53	0.000010091373523264689
1619.535	0.000010242745461390831
1619.54	0.000010286445241586487
1619.5449999999998	0.000010216332811508496
1619.55	0.00001006949001936226
1619.5549999999998	0.000009899461279052783
1619.56	0.00000965864047656172
1619.565	0.000009448427642291944
1619.57	0.000009343206347313753
1619.5749999999998	0.00000930536541863684
1619.58	0.000009359804303425846
1619.585	0.000009506027677819047
1619.59	0.000009584573257294822
1619.595	0.00000949011271804902
1619.6	0.000009427386304514417
1619.605	0.000009650984462424098
1619.61	0.000009683123898690073
1619.615	0.00000956056154626876
1619.62	0.000009525701852641798
1619.625	0.00000968959279790013
1619.6299999999999	0.000009847739956570615
1619.635	0.000009724437564522647
1619.6399999999999	0.0000096093220636352
1619.645	0.000009680835398616695
1619.65	0.000009725044947117565
1619.655	0.000009632341747889992
1619.6599999999999	0.000009348217620574567
1619.665	0.000008857417917671932
1619.6699999999998	0.000008256228247092076
1619.675	0.000007754714513709152
1619.68	0.000007744057674878691
1619.685	0.000008312614031785417
1619.6899999999998	0.000008827526371707245
1619.695	0.000008863120496870558
1619.6999999999998	0.000008615271273923856
1619.705	0.000008824562740187997
1619.71	0.000009117994526694257
1619.715	0.000009107186222723944
1619.72	0.00000898103698013419
1619.725	0.000008753486400683303
1619.73	0.00000847788735871274
1619.735	0.000008368147303608163
1619.74	0.000008520688758918778
1619.745	0.000008688075467944154
1619.75	0.000008655016053620867
1619.7549999999999	0.000008401335596936764
1619.76	0.00000795065173374481
1619.765	0.000007731370845121036
1619.77	0.000007803571872332053
1619.7749999999999	0.00000789976644313354
1619.78	0.00000804930455164068
1619.7849999999999	0.000008291478815965849
1619.79	0.000008620520524992994
1619.795	0.000008918129924538332
1619.8	0.00000900685221759834
1619.8049999999998	0.000008848305034601604
1619.81	0.000008570824332252644
1619.8149999999998	0.000008340945594173372
1619.82	0.000008322238027460312
1619.825	0.000008524121439386989
1619.83	0.000008769794810047559
1619.835	0.000008919714152543406
1619.84	0.000008762631820999343
1619.8449999999998	0.000008452142838870707
1619.8500000000001	0.000008179847383599139
1619.855	0.000008140522049397318
1619.86	0.000008306525099677498
1619.865	0.000008548394304827842
1619.87	0.000008623162226663914
1619.8749999999998	0.000008549508521585317
1619.88	0.000008590542556287863
1619.885	0.000008578077895153931
1619.8899999999999	0.000008433289987901187
1619.895	0.000008238543944352539
1619.8999999999999	0.000008214274825025167
1619.905	0.000008186442646277399
1619.91	0.000008254577751522374
1619.915	0.000008223214544753925
1619.9199999999998	0.000007815454667620362
1619.925	0.000007097474249021551
1619.9299999999998	0.000006611293630283633
1619.935	0.000006551541398769284
1619.94	0.0000069347017147407345
1619.945	0.000007538479926935507
1619.95	0.00000788727820291168
1619.955	0.000007918641409680137
1619.9599999999998	0.00000798185099514284
1619.9650000000001	0.000008045699342199566
1619.97	0.00000805049266148486
1619.975	0.00000808473425916687
1619.98	0.000008107333866926988
1619.985	0.000008055157404706628
1619.9899999999998	0.000007934507279020013
1619.9950000000001	0.00000771813948742571
1620	0.0000072674039227909286