1525	0.0002558899674719828
1525.0049999999999	0.00025617802120726985
1525.01	0.0002580669170128866
1525.015	0.00026004028440373126
1525.02	0.000262862073633489
1525.025	0.0002659302867516864
1525.03	0.00026912499854954744
1525.0349999999999	0.0002721155290668531
1525.04	0.0002739469681937154
1525.045	0.00027460439122037463
1525.05	0.0002742926721936993
1525.055	0.00027293321854496836
1525.06	0.0002708660031207115
1525.065	0.0002684350830455229
1525.07	0.0002662496699489145
1525.075	0.00026449871883348644
1525.0800000000002	0.0002628105888750892
1525.085	0.00026209207082352446
1525.09	0.00026144021992691635
1525.095	0.00026131112826988106
1525.1	0.0002613707135120795
1525.105	0.00026196127189024205
1525.1100000000001	0.0002627804856364768
1525.115	0.0002639207911362863
1525.12	0.0002653626591680079
1525.125	0.00026738094192918727
1525.13	0.00027059202631172634
1525.135	0.00027345827968100586
1525.14	0.0002753532627439098
1525.145	0.0002750381019964295
1525.1499999999999	0.0002719211693432151
1525.155	0.00026773124819994275
1525.16	0.0002642713945357817
1525.165	0.0002622314421518796
1525.17	0.00026166146271858567
1525.175	0.00026256524142702435
1525.18	0.00026480450178373614
1525.185	0.00026742654703042424
1525.19	0.0002702455171124877
1525.1950000000002	0.00027274469591243684
1525.2	0.0002751079839316375
1525.205	0.0002770522219247757
1525.21	0.0002777808654952942
1525.215	0.00027769376747098604
1525.22	0.0002768597939098459
1525.2250000000001	0.00027563480495476243
1525.23	0.00027444168372387125
1525.235	0.0002733096174786885
1525.24	0.00027221815968480354
1525.245	0.0002712729313985442
1525.25	0.0002703457469282511
1525.255	0.00027003050959329767
1525.26	0.00027051522268024846
1525.2649999999999	0.0002708451618174173
1525.27	0.0002716025520086462
1525.275	0.00027199185767056734
1525.28	0.0002731100890918235
1525.285	0.0002742164506336823
1525.29	0.0002751957906988655
1525.295	0.0002761679716053798
1525.3	0.00027677756712172916
1525.305	0.00027749318867165525
1525.3100000000002	0.0002786998830217025
1525.315	0.0002791942827930741
1525.32	0.00027956782088854647
1525.325	0.0002791140432237114
1525.33	0.0002786915894127392
1525.335	0.00027778027496129303
1525.3400000000001	0.0002761732778603703
1525.345	0.0002740224008456448
1525.35	0.00027318825734689455
1525.355	0.00027253816184200823
1525.36	0.00027217280904921976
1525.365	0.00027273425299446344
1525.3700000000001	0.000274106755727769
1525.375	0.0002754342770806704
1525.3799999999999	0.00027676274872807764
1525.385	0.0002781088500991818
1525.3899999999999	0.00027921202126741506
1525.3950000000002	0.00028029312462792065
1525.4	0.0002804351377896382
1525.405	0.0002801913799805548
1525.41	0.0002786537916127048
1525.415	0.0002770897761904078
1525.4199999999998	0.0002752305102042789
1525.4250000000002	0.000273434687795973
1525.43	0.00027199721080397156
1525.435	0.00027063969173690315
1525.44	0.00026930694564272133
1525.445	0.00026956663802230155
1525.45	0.00026922765366601707
1525.4550000000002	0.00026975820104409515
1525.46	0.00026996727783928947
1525.465	0.00027061377315537995
1525.47	0.0002719800139288731
1525.475	0.00027331630233533706
1525.48	0.00027461398392696556
1525.4850000000001	0.0002759490821804927
1525.49	0.00027791370088119636
1525.495	0.0002797011447194261
1525.5	0.0002806072777787333
1525.5049999999999	0.00028055049584892265
1525.5100000000002	0.0002785420696177131
1525.515	0.00027539761268596607
1525.52	0.0002725898812102239
1525.525	0.0002702014273390419
1525.53	0.00026960408507502634
1525.5349999999999	0.0002697612614523694
1525.5400000000002	0.00027067629259893306
1525.545	0.0002720175532566658
1525.55	0.00027388886982383326
1525.555	0.00027486416994338905
1525.56	0.00027672008668430567
1525.5649999999998	0.0002770381816854873
1525.5700000000002	0.00027742293136428077
1525.575	0.0002772846878474242
1525.58	0.00027647458288726083
1525.585	0.0002751524550014599
1525.59	0.0002737196688084368
1525.595	0.0002720962054057773
1525.6000000000001	0.0002714221763665838
1525.605	0.00027107770438382513
1525.61	0.000271016938493861
1525.615	0.00027192256335603615
1525.62	0.00027296525658848853
1525.625	0.00027388994543025
1525.63	0.00027584448622348695
1525.635	0.00027791382152987903
1525.64	0.0002794922949088469
1525.645	0.00028091936837609837
1525.6499999999999	0.0002810365709351803
1525.6550000000002	0.0002820499241327925
1525.66	0.000282692160460822
1525.665	0.0002828837663397139
1525.67	0.0002828507419707709
1525.675	0.00028162704634347366
1525.6799999999998	0.00028036922190796286
1525.6850000000002	0.0002801511057804938
1525.69	0.00027909416119137516
1525.695	0.0002789403055793075
1525.7	0.00027795974553502856
1525.705	0.0002789432551510994
1525.7099999999998	0.0002811827056521049
1525.7150000000001	0.0002841955555202291
1525.72	0.0002871333078171233
1525.725	0.00028899043061052264
1525.73	0.000292099430828352
1525.735	0.0002935869198590815
1525.74	0.00029331307588474496
1525.7450000000001	0.00029171652266269944
1525.75	0.00029069666440463164
1525.755	0.00028930692497585554
1525.76	0.0002864584829501343
1525.7649999999999	0.00028394717083554265
1525.77	0.00028078722244374155
1525.775	0.00028094267327022555
1525.78	0.00028045910221560587
1525.785	0.00028168483332489605
1525.79	0.00028318047406834145
1525.7949999999998	0.00028514881328563885
1525.8000000000002	0.0002881363892502569
1525.805	0.0002906887902510815
1525.81	0.00029221871449108133
1525.815	0.00029493320606356496
1525.82	0.0002937698858114088
1525.8249999999998	0.0002931061520916637
1525.8300000000002	0.0002934115320528467
1525.835	0.0002924416130282851
1525.84	0.0002913427764393874
1525.845	0.00029439666831456915
1525.85	0.0002901857539539413
1525.855	0.00028838341433816395
1525.8600000000001	0.0002891237163735138
1525.865	0.00028396608686992095
1525.8700000000001	0.0002911169324902633
1525.875	0.00028231836043243606
1525.8799999999999	0.0002824997311813686
1525.885	0.0002835723043191157
1525.89	0.00028442018418375594
1525.895	0.00027883857632805543
1525.9	0.00028350703844242763
1525.905	0.00028637381798382074
1525.9099999999999	0.0002883610723017979
1525.915	0.0002894970976415703
1525.92	0.00029144950402206345
1525.925	0.00029143827736930844
1525.93	0.000289307369095139
1525.935	0.0002898130333013721
1525.9399999999998	0.0002890858509214375
1525.945	0.0002877523094955934
1525.95	0.00028703422473136647
1525.9550000000002	0.00028632936107541294
1525.96	0.00028327581143710597
1525.965	0.00028562749502453546
1525.97	0.0002855889835098906
1525.9750000000001	0.0002865989546915338
1525.98	0.00028836201179916355
1525.9850000000001	0.00028870855007440474
1525.99	0.0002898297545737781
1525.995	0.0002903314159037993
1526	0.0002913276762627335
1526.005	0.0002923563044742657
1526.01	0.00029124622286471344
1526.015	0.00029116498189958796
1526.02	0.00029073566494849023
1526.0249999999999	0.0002898179952561644
1526.03	0.00028921026693669825
1526.035	0.00028799085553510474
1526.04	0.00028602467901885813
1526.045	0.00028630221884128873
1526.05	0.0002841009991311535
1526.0549999999998	0.00028511740760016823
1526.06	0.0002851033698558509
1526.065	0.00028690202195320955
1526.0700000000002	0.0002882832480666008
1526.075	0.0002900387266954151
1526.08	0.00029110206548346723
1526.085	0.00029217187213284823
1526.09	0.0002933470166919794
1526.095	0.00029441231829786937
1526.1000000000001	0.000294793342081851
1526.105	0.0002937447986501389
1526.11	0.0002932005403939059
1526.115	0.0002918620884929382
1526.1200000000001	0.0002906277380223569
1526.125	0.00028914023110846105
1526.13	0.0002881099878427339
1526.135	0.00028862614999590296
1526.1399999999999	0.00028876654475034594
1526.145	0.0002905731666187181
1526.15	0.0002908981505728142
1526.155	0.0002914831372112903
1526.16	0.00029184591753675306
1526.165	0.0002926006283650576
1526.1699999999998	0.00029336808577181593
1526.175	0.00029410452557600703
1526.18	0.0002947202955127582
1526.1850000000002	0.000294990835567382
1526.19	0.0002947973121565704
1526.195	0.00029439668287663907
1526.2	0.00029347213447132483
1526.205	0.00029234050127192955
1526.21	0.00029159493407159736
1526.2150000000001	0.0002914100498719806
1526.22	0.0002911792803503057
1526.225	0.00029055854855922675
1526.23	0.0002905930006163408
1526.235	0.0002904828882285766
1526.24	0.0002911288994989798
1526.2450000000001	0.00029144821712700207
1526.25	0.00029282696512266456
1526.2549999999999	0.0002970856215700002
1526.26	0.0003065155178362522
1526.265	0.0003109019141763336
1526.27	0.0002965153490388299
1526.275	0.00029221599591405
1526.28	0.00029378971487470834
1526.2849999999999	0.0002986507955927346
1526.29	0.0002995859889771085
1526.295	0.00029810882290998115
1526.3000000000002	0.0002958215149507034
1526.305	0.0002943847648620723
1526.31	0.0002931396153834262
1526.315	0.0002926103164913532
1526.32	0.0002924778074107824
1526.325	0.000293257981808798
1526.3300000000002	0.00029432343309409215
1526.335	0.00029575933790564063
1526.34	0.00029754531435005307
1526.345	0.00029880660014095184
1526.35	0.0003009466241652264
1526.355	0.00030226691551666707
1526.3600000000001	0.0003034356302006499
1526.365	0.000303183267803921
1526.37	0.00030307924454046415
1526.375	0.0003024425109403999
1526.3799999999999	0.0003016894261267126
1526.385	0.00030004042292849605
1526.39	0.00029829223914862513
1526.395	0.0002968114647870793
1526.3999999999999	0.0002952486805413429
1526.405	0.0002935614558642333
1526.4099999999999	0.00029168464641078173
1526.4150000000002	0.00029145363788350963
1526.42	0.00029240100192731185
1526.425	0.00029464168103674967
1526.43	0.00029736383293169153
1526.435	0.00030145581084198113
1526.44	0.0003043527249128452
1526.4450000000002	0.0003069197929886593
1526.45	0.0003080877401441218
1526.455	0.00030850904809049556
1526.46	0.0003076742098576529
1526.465	0.0003052324384311693
1526.47	0.00030227088172280836
1526.4750000000001	0.00029897461897629034
1526.48	0.00029612773394851295
1526.485	0.00029323063392163823
1526.49	0.0002913597530201309
1526.495	0.00029055195381825686
1526.5	0.0002916225030563874
1526.505	0.00029385807529749147
1526.51	0.00029681375598102983
1526.515	0.00030063882390715386
1526.52	0.0003036019995442744
1526.5249999999999	0.0003065790773946034
1526.5300000000002	0.00030913169770081485
1526.535	0.000310966264533097
1526.54	0.00031241570408549045
1526.545	0.0003130527657035482
1526.55	0.00031332247765815825
1526.5549999999998	0.000313290567386908
1526.5600000000002	0.00031227670786190045
1526.565	0.00031022863308757055
1526.57	0.00030715107246634903
1526.575	0.00030384744482291114
1526.58	0.0002999808536759878
1526.585	0.0002961412255236492
1526.5900000000001	0.000294181164026116
1526.595	0.0002947526202206541
1526.6	0.0002997336769888767
1526.605	0.0003062240474561806
1526.61	0.00031177792695837546
1526.615	0.0003163172077562441
1526.6200000000001	0.00031729891946367093
1526.625	0.00031661723323015247
1526.63	0.0003147099471248481
1526.635	0.00031123438386061953
1526.6399999999999	0.0003068154253261484
1526.6450000000002	0.0003029277978298994
1526.65	0.00030029993114162373
1526.655	0.0002988271570494644
1526.66	0.00029843044085394783
1526.665	0.00029905624250067884
1526.6699999999998	0.0003011862790922162
1526.6750000000002	0.0003043244204636608
1526.68	0.00030805599718595165
1526.685	0.0003118045613340148
1526.69	0.00031521884916349075
1526.695	0.000317841842255528
1526.6999999999998	0.0003182508497304905
1526.7050000000002	0.0003188231321599081
1526.71	0.00031825963268087697
1526.715	0.0003173924070671948
1526.72	0.0003159538210457478
1526.725	0.00031376896659976135
1526.73	0.00031170849215361973
1526.7350000000001	0.000310602719246125
1526.74	0.0003091668941998404
1526.7450000000001	0.0003081882504828777
1526.75	0.00030689447251217825
1526.7549999999999	0.0003059363955735002
1526.76	0.00030578680161781304
1526.765	0.0003061338478159109
1526.77	0.00030676501510536555
1526.775	0.00030745392723038195
1526.78	0.0003085273919404321
1526.7849999999999	0.0003099369613387213
1526.7900000000002	0.00031141923362083373
1526.795	0.0003125619497777684
1526.8	0.0003130849558493107
1526.805	0.00031427682396899573
1526.81	0.00031480545480006906
1526.8149999999998	0.00031449895760210533
1526.8200000000002	0.0003138231327717828
1526.825	0.00031313851184429364
1526.83	0.0003116394108769006
1526.835	0.00031016053758276544
1526.84	0.0003084074571590789
1526.8449999999998	0.00030700689611526947
1526.8500000000001	0.0003058228892525625
1526.855	0.0003052818553754421
1526.8600000000001	0.00030555956806955576
1526.865	0.00030612229602101557
1526.87	0.00030770738397395934
1526.875	0.00030951380849399536
1526.88	0.0003117810183244706
1526.885	0.00031402853449375405
1526.89	0.0003156591111467825
1526.895	0.0003171016640840664
1526.8999999999999	0.0003182476555727434
1526.905	0.00031859731017159495
1526.91	0.0003183940716580428
1526.915	0.0003179167526696771
1526.92	0.0003173903306085416
1526.925	0.000316164617016945
1526.9299999999998	0.0003150126308385532
1526.9350000000002	0.00031274709277295446
1526.94	0.0003107086117993885
1526.945	0.00030832293766902693
1526.95	0.00030631891569147374
1526.955	0.00030571526398321763
1526.9599999999998	0.00030739341494375074
1526.9650000000001	0.00031186208666762023
1526.97	0.00031695420097308815
1526.9750000000001	0.0003219845758604229
1526.98	0.00032459987329656084
1526.985	0.00032475638000250157
1526.99	0.0003235035099571284
1526.9950000000001	0.0003216233874265398
1527	0.00031885086275809633
1527.005	0.000316001728496383
1527.01	0.0003126494747432751
1527.0149999999999	0.00031004406531086516
1527.02	0.0003089372109841749
1527.025	0.0003084556561700624
1527.03	0.0003090401276347475
1527.035	0.0003105036458460634
1527.04	0.0003124140972309752
1527.0449999999998	0.00031598896018873485
1527.05	0.0003192864994495862
1527.055	0.0003220274430090926
1527.06	0.00032387283964724974
1527.065	0.00032454234774626146
1527.07	0.0003248026278931713
1527.075	0.0003251636980954742
1527.08	0.00032456749274912736
1527.085	0.0003232120303520466
1527.0900000000001	0.00032063750939890443
1527.095	0.0003191223523326975
1527.1	0.00031774682756693516
1527.105	0.00031618266419933694
1527.1100000000001	0.0003149200696643834
1527.115	0.0003127283427340326
1527.1200000000001	0.0003116524854753505
1527.125	0.0003120029869001741
1527.1299999999999	0.00031224370777189396
1527.135	0.0003134971936537009
1527.14	0.0003143981448255947
1527.145	0.0003162978168151835
1527.15	0.00031810854344001705
1527.155	0.0003192383663271163
1527.1599999999999	0.0003188448932284369
1527.165	0.0003186847327979146
1527.17	0.0003179551657032702
1527.175	0.00031586639567961406
1527.18	0.00031272903261482244
1527.185	0.0003108209035388921
1527.19	0.0003087434172111682
1527.195	0.0003079407533238475
1527.2	0.0003075859732378779
1527.2050000000002	0.00030770153777094953
1527.21	0.0003093664999873733
1527.215	0.00031167097578236686
1527.22	0.00031408502370978595
1527.225	0.0003166205440486074
1527.23	0.00031746783509865097
1527.2350000000001	0.0003193672261297256
1527.24	0.0003202466558702436
1527.245	0.0003209616311524659
1527.25	0.0003204598142509219
1527.255	0.0003183822201753155
1527.26	0.000317032380352253
1527.265	0.00031576968572453367
1527.27	0.00031382454539691387
1527.2749999999999	0.0003112376276164972
1527.28	0.00030888469668449833
1527.285	0.0003074780061866519
1527.29	0.0003061342043469374
1527.295	0.0003051213224222357
1527.3	0.0003035662472696614
1527.305	0.0003034098461343978
1527.31	0.000304623202899857
1527.315	0.00030675861924334824
1527.3200000000002	0.00030933074514990984
1527.325	0.0003141871290991448
1527.33	0.0003188643313160061
1527.335	0.0003216294415639877
1527.34	0.0003210331390946932
1527.345	0.0003197318822732512
1527.3500000000001	0.0003156100341966172
1527.355	0.0003097378369614301
1527.36	0.000305927214068955
1527.365	0.0003039087319696519
1527.37	0.0003029603715810369
1527.375	0.00030323156709255016
1527.38	0.0003037953540545385
1527.385	0.0003063126656166838
1527.3899999999999	0.00031083992528949523
1527.395	0.0003150309047707313
1527.4	0.00031931830812775933
1527.405	0.0003236118175226051
1527.41	0.0003255278701845645
1527.415	0.0003279063103160956
1527.42	0.0003277905532799298
1527.425	0.0003265117335278836
1527.43	0.00032426840919152496
1527.4350000000002	0.0003207186528339553
1527.44	0.000316206103921783
1527.445	0.00031383510797033546
1527.45	0.00031237949894078734
1527.455	0.0003116253485357653
1527.46	0.0003112820434479405
1527.4650000000001	0.0003108848454570459
1527.47	0.00031239224415594843
1527.475	0.00031484143107949865
1527.48	0.00031798643610472295
1527.485	0.00032144879379993757
1527.49	0.00032480520424726906
1527.4950000000001	0.0003283996506204111
1527.5	0.00033385518930954523
1527.5049999999999	0.0003374842457285573
1527.51	0.00034131925712947865
1527.5149999999999	0.0003416077893514302
1527.52	0.0003408317989600642
1527.525	0.00033760394565775177
1527.53	0.00033356912902935147
1527.535	0.00032744646892048974
1527.54	0.0003253334775306788
1527.5449999999998	0.00032507487327144145
1527.5500000000002	0.0003254244879757245
1527.555	0.00032590489166259675
1527.56	0.0003295472124316919
1527.565	0.00033326645022440184
1527.57	0.00033783320146545305
1527.575	0.0003405986694004787
1527.5800000000002	0.0003422663559910484
1527.585	0.0003441229741437531
1527.59	0.0003442729325310105
1527.595	0.00034429686069824766
1527.6	0.00034219547844175377
1527.605	0.00033954128106012077
1527.6100000000001	0.00033739894281001537
1527.615	0.0003356639182577137
1527.62	0.00033489628290216936
1527.625	0.00033398473885757333
1527.6299999999999	0.0003323384066517308
1527.6350000000002	0.00033276284479005986
1527.64	0.0003339036047593228
1527.645	0.00033468560400983746
1527.65	0.0003346859271688357
1527.655	0.00033494369524286375
1527.6599999999999	0.000336167787751035
1527.6650000000002	0.00033782998363460155
1527.67	0.0003394371578434039
1527.675	0.00034056096262500256
1527.68	0.00034305737379164045
1527.685	0.00034560484760319684
1527.6899999999998	0.00034669569329971316
1527.6950000000002	0.00034389094437159727
1527.7	0.0003400019694471865
1527.705	0.00033788909464297083
1527.71	0.00033680406611188545
1527.715	0.00033373366237578954
1527.72	0.00033020459201474643
1527.7250000000001	0.00032758945601375284
1527.73	0.00032619804261391916
1527.735	0.00032539264178041026
1527.74	0.0003259105982868308
1527.745	0.0003273392285220111
1527.75	0.0003291218724259326
1527.755	0.0003319634535978399
1527.76	0.0003335197558419614
1527.765	0.0003362058562299411
1527.77	0.000337666025023084
1527.7749999999999	0.0003385701255169188
1527.7800000000002	0.00033853278341040784
1527.785	0.0003371937856671448
1527.79	0.0003350743936760473
1527.795	0.0003332124761225908
1527.8	0.0003316162075960173
1527.8049999999998	0.0003297769645808217
1527.8100000000002	0.000327775424791027
1527.815	0.00032595893329873354
1527.82	0.00032529217840194456
1527.825	0.0003245567728361618
1527.83	0.00032456367727673436
1527.8349999999998	0.000324534826706673
1527.8400000000001	0.0003245773209317174
1527.845	0.00032558227777883887
1527.85	0.00032760034334197485
1527.855	0.0003297880342415193
1527.86	0.00033282434930486873
1527.865	0.000335616326242412
1527.8700000000001	0.0003382321588949225
1527.875	0.0003399969399304594
1527.88	0.00033964129267059296
1527.885	0.0003377923387854803
1527.8899999999999	0.0003363007848157837
1527.895	0.000334394293202305
1527.9	0.0003319125247370337
1527.905	0.0003301539308865574
1527.91	0.0003295896521265089
1527.915	0.00032935167580383073
1527.9199999999998	0.0003296917823751165
1527.9250000000002	0.00033025208416257937
1527.93	0.00033157511249379355
1527.935	0.0003337507396359975
1527.94	0.0003350953394427868
1527.945	0.0003370890358048021
1527.9499999999998	0.00033700455941726014
1527.9550000000002	0.0003374771275541456
1527.96	0.0003366408071555608
1527.965	0.0003360908287132956
1527.97	0.0003347412709547559
1527.975	0.00033295593033532073
1527.98	0.0003317727543782305
1527.9850000000001	0.00033122312631657125
1527.99	0.0003300293246990502
1527.9950000000001	0.0003284828294683951
1528	0.0003274794636684879
1528.0049999999999	0.00032696044233862363
1528.01	0.00032679208983154103
1528.015	0.00032652137593329044
1528.02	0.00032736337584771396
1528.025	0.00032903170902951037
1528.03	0.0003313861152314605
1528.0349999999999	0.00033398458887865375
1528.04	0.00033557039568206414
1528.045	0.00033509225858140005
1528.05	0.000332844110721547
1528.055	0.00033027716423547155
1528.06	0.00032676055346953105
1528.0649999999998	0.0003239780737753766
1528.0700000000002	0.0003235478295737916
1528.075	0.00032362237946433243
1528.08	0.0003247413611722811
1528.085	0.0003264531551229387
1528.09	0.00032869648904026484
1528.095	0.0003315754700146631
1528.1000000000001	0.0003347095492518083
1528.105	0.00033730570185549596
1528.1100000000001	0.00034009113245572244
1528.115	0.00034151486192955037
1528.12	0.0003424164630852807
1528.125	0.00034265224385500345
1528.13	0.0003421426292184184
1528.135	0.00034086831349498825
1528.14	0.0003387714547689945
1528.145	0.00033661420860497645
1528.1499999999999	0.00033525205248551856
1528.155	0.00033468077052257035
1528.16	0.00033441094468428245
1528.165	0.0003342482804628411
1528.17	0.00033444717675049285
1528.175	0.00033588623784523865
1528.1799999999998	0.00033697480561536324
1528.185	0.0003384749844138301
1528.19	0.00034012918263707516
1528.1950000000002	0.0003418711368461348
1528.2	0.0003444003668538327
1528.205	0.0003467204149415699
1528.21	0.00034855805679634747
1528.215	0.00034925478208590175
1528.22	0.00034964815333787125
1528.2250000000001	0.0003483237815257026
1528.23	0.00034612882085573404
1528.235	0.0003425820515299717
1528.24	0.000339893536276492
1528.2450000000001	0.0003383008124257353
1528.25	0.00033705379503074515
1528.255	0.00033635985649887654
1528.26	0.00033709151319827595
1528.2649999999999	0.0003384306360578116
1528.27	0.0003402517071108513
1528.275	0.0003423036927921961
1528.28	0.0003438304956155607
1528.285	0.00034526955038067185
1528.29	0.00034713824490907824
1528.2949999999998	0.0003475119645501623
1528.3	0.0003481293970192689
1528.305	0.0003464417749242978
1528.3100000000002	0.0003449955812396302
1528.315	0.0003432510362667586
1528.32	0.00034163453543407913
1528.325	0.0003400492339200209
1528.33	0.00033806614442273125
1528.335	0.0003363050271784801
1528.3400000000001	0.00033564884021909815
1528.345	0.0003352818795415105
1528.35	0.00033467413885386816
1528.355	0.00033320708614730795
1528.36	0.00033381212950123136
1528.365	0.00033416033470315935
1528.3700000000001	0.0003352872668051947
1528.375	0.000335251126668376
1528.3799999999999	0.0003357440208048942
1528.385	0.0003375102387501329
1528.39	0.0003387214750502428
1528.395	0.00033877604246572283
1528.4	0.0003402564810503313
1528.405	0.0003398711705823149
1528.4099999999999	0.0003378333087624051
1528.415	0.00033524130317110065
1528.42	0.0003342834322504288
1528.4250000000002	0.0003330967706149886
1528.43	0.0003316183574616812
1528.435	0.0003313450854134683
1528.44	0.00033223910615615094
1528.445	0.0003338370768334599
1528.45	0.00033547640536060595
1528.4550000000002	0.0003366208130710229
1528.46	0.00033754432611779234
1528.465	0.0003402981906840906
1528.47	0.0003415434446575347
1528.475	0.00034292215518282564
1528.48	0.0003436675120740562
1528.4850000000001	0.00034271303999674726
1528.49	0.0003433946862360006
1528.495	0.000342240543505017
1528.5	0.0003416058000282594
1528.5049999999999	0.0003410230279396999
1528.51	0.00033995764961888467
1528.515	0.0003388543660428088
1528.52	0.0003388803412741793
1528.5249999999999	0.00033934992417931177
1528.53	0.0003395260078815467
1528.535	0.00034001814394879606
1528.5400000000002	0.0003406223006638108
1528.545	0.00034185079152773955
1528.55	0.00034388136346439057
1528.555	0.00034481383400600447
1528.56	0.0003467423712485019
1528.565	0.00034722654718346587
1528.5700000000002	0.0003491886331487762
1528.575	0.00035001387252072487
1528.58	0.0003510984273078716
1528.585	0.00034986669632869983
1528.59	0.00034895239101203436
1528.595	0.00034651306438297856
1528.6000000000001	0.0003446110197341676
1528.605	0.0003421177913330061
1528.61	0.0003401399738791397
1528.615	0.0003396638252973015
1528.62	0.000339628287727287
1528.625	0.00034031998190560067
1528.63	0.00034080203600217246
1528.635	0.0003432942119680974
1528.6399999999999	0.00034506660874004914
1528.645	0.0003468543828997177
1528.6499999999999	0.0003480300403884278
1528.6550000000002	0.000348805726101772
1528.66	0.0003492556285072826
1528.665	0.00034867848302318297
1528.67	0.0003473186242564997
1528.675	0.0003447012471633982
1528.6799999999998	0.0003418469534827683
1528.6850000000002	0.0003387336286884033
1528.69	0.00033601964066452654
1528.695	0.00033294919016761904
1528.7	0.000329982082501707
1528.705	0.00032857101053017953
1528.71	0.0003273128152353497
1528.7150000000001	0.0003261495853874473
1528.72	0.00032551960127378686
1528.725	0.00032658393420065057
1528.73	0.00032694151375935713
1528.735	0.0003281502686108057
1528.74	0.000330489959419679
1528.7450000000001	0.00033375830650169975
1528.75	0.0003366202658509887
1528.755	0.00033838666721861975
1528.76	0.0003383011216798163
1528.7649999999999	0.0003361104027706534
1528.7700000000002	0.00033173251101680266
1528.775	0.00032911857958913893
1528.78	0.00032660013289448423
1528.785	0.00032468578704130215
1528.79	0.0003247568674785965
1528.7949999999998	0.0003268556378001959
1528.8000000000002	0.00032882799858561314
1528.805	0.00033074948247632823
1528.81	0.0003328430382354346
1528.815	0.0003342990416918342
1528.82	0.000336798444121447
1528.8249999999998	0.00033737392173864247
1528.8300000000002	0.00033744382531580115
1528.835	0.00033611157040315835
1528.84	0.00033384459477347697
1528.845	0.00033122643611225845
1528.85	0.00032827854841904275
1528.855	0.0003256590280513507
1528.8600000000001	0.00032337849203619145
1528.865	0.00032061655659683066
1528.8700000000001	0.00031983596924970814
1528.875	0.0003203600235538157
1528.8799999999999	0.00032141564877998836
1528.885	0.0003228217576603202
1528.89	0.00032441558042888783
1528.895	0.00032658135166676336
1528.9	0.00033005401369280495
1528.905	0.00033239435040071096
1528.9099999999999	0.00033438791003441144
1528.9150000000002	0.0003368656807295555
1528.92	0.00033747571690130867
1528.925	0.0003407928339440128
1528.93	0.00034143245888751964
1528.935	0.0003427141352180235
1528.9399999999998	0.00034102250159137257
1528.9450000000002	0.000339476829684167
1528.95	0.0003366866667500376
1528.955	0.00033448462904874497
1528.96	0.0003331554701771859
1528.965	0.00033217426571793373
1528.9699999999998	0.0003344857408907766
1528.9750000000001	0.00033666889188856884
1528.98	0.00033989327491528896
1528.9850000000001	0.0003432930661534548
1528.99	0.00034738594380954866
1528.995	0.00035040867335194654
1529	0.0003534384429242257
1529.005	0.0003549037291461674
1529.01	0.0003555797073805992
1529.015	0.00035501197414678024
1529.02	0.0003540353578839983
1529.0249999999999	0.00035229577815183873
1529.03	0.0003503559788834721
1529.035	0.00034864552921591585
1529.04	0.00034809831770333616
1529.045	0.0003485670178032292
1529.05	0.0003492532705340533
1529.0549999999998	0.00034963629773493047
1529.0600000000002	0.0003509378472066268
1529.065	0.00035187735051842
1529.07	0.00035307838389773754
1529.075	0.00035401255559866767
1529.08	0.00035491674962273134
1529.0849999999998	0.00035663825168395254
1529.0900000000001	0.00035735256658740516
1529.095	0.0003588346706198819
1529.1000000000001	0.00035941785122304757
1529.105	0.0003607725657875914
1529.11	0.0003615283947798483
1529.115	0.00036107771175056567
1529.1200000000001	0.0003596461138100659
1529.125	0.00035759715663837867
1529.13	0.00035501125106915816
1529.135	0.00035184698504793407
1529.1399999999999	0.00034992074011835114
1529.145	0.0003486837681532178
1529.15	0.00034690835064938035
1529.155	0.00034845498962176143
1529.16	0.0003490145951433619
1529.165	0.00035061476365099716
1529.1699999999998	0.00035101810100254257
1529.175	0.000351793800453541
1529.18	0.0003525716111321778
1529.185	0.00035238615237536964
1529.19	0.0003519513666802182
1529.195	0.00035103305086381717
1529.1999999999998	0.0003498948553079483
1529.205	0.00034874712277778794
1529.21	0.0003474522497635244
1529.2150000000001	0.00034586358455616884
1529.22	0.0003446771016748662
1529.225	0.00034421484050826436
1529.23	0.0003449621914073157
1529.2350000000001	0.00034563368535098986
1529.24	0.0003462500620104023
1529.2450000000001	0.00034700288233691947
1529.25	0.00034691350932422566
1529.2549999999999	0.0003498806913745265
1529.26	0.0003507084951797522
1529.265	0.00035260318160738603
1529.27	0.00035395793986360617
1529.275	0.0003543667306976383
1529.28	0.0003559919192849146
1529.2849999999999	0.0003571894970454356
1529.29	0.00035780840334899964
1529.295	0.00035743973886061107
1529.3	0.0003566014289463895
1529.305	0.0003553287737500087
1529.31	0.0003542249074411726
1529.315	0.000353197014220004
1529.32	0.00035253757890389454
1529.325	0.00035356709187922726
1529.3300000000002	0.00035527086642861866
1529.335	0.00035530268797816244
1529.34	0.00035727046843915663
1529.345	0.00035905380789938776
1529.35	0.0003617667659971239
1529.355	0.0003633308987576222
1529.3600000000001	0.000364213819768642
1529.365	0.00036469373394987464
1529.37	0.00036458378847011947
1529.375	0.0003639844400470656
1529.38	0.00036244127844489005
1529.385	0.00036010104751333516
1529.39	0.0003583191661361598
1529.395	0.00035687734116190875
1529.3999999999999	0.00035606342136052036
1529.405	0.00035614322301262763
1529.41	0.00035467993586636243
1529.415	0.00035532002894804704
1529.42	0.00035558048018657457
1529.425	0.0003560874610986754
1529.43	0.0003566022070548928
1529.435	0.00035675364553927776
1529.44	0.00035753768868954864
1529.4450000000002	0.00035774217917017173
1529.45	0.0003584907576476957
1529.455	0.00035854796525867233
1529.46	0.0003593725429470242
1529.465	0.00035910817219573105
1529.47	0.00035784728829330026
1529.4750000000001	0.00035496116231033845
1529.48	0.00035078233293629627
1529.485	0.0003471041005174046
1529.49	0.0003433512096988613
1529.495	0.00034274132186215946
1529.5	0.0003418627707614242
1529.505	0.00034261578013536326
1529.51	0.0003432698067158741
1529.5149999999999	0.0003463620803325735
1529.52	0.0003479832329683731
1529.525	0.0003497906999348108
1529.53	0.00034982048285464384
1529.535	0.00035026317927288887
1529.54	0.00035038411927859544
1529.545	0.00034950592585225804
1529.55	0.0003474107167742691
1529.555	0.00034464434433475224
1529.5600000000002	0.00034170995062897223
1529.565	0.0003394160774093933
1529.57	0.0003376037674443389
1529.575	0.0003360397501747139
1529.58	0.0003352421757300708
1529.585	0.0003354588251734386
1529.5900000000001	0.0003340828090566439
1529.595	0.0003370105289529649
1529.6	0.0003382274376411641
1529.605	0.0003404340371683584
1529.61	0.00034200579005523157
1529.615	0.000342754982294728
1529.6200000000001	0.0003453375232526073
1529.625	0.00034675515578040986
1529.6299999999999	0.0003480340370310263
1529.635	0.0003480045104865251
1529.6399999999999	0.00034719702068693767
1529.645	0.0003466056997456373
1529.65	0.0003456163423472604
1529.655	0.00034426486586956284
1529.66	0.0003417607678238698
1529.665	0.0003390847922194208
1529.6699999999998	0.00033740508663249473
1529.6750000000002	0.0003364306494081296
1529.68	0.00033677244211507274
1529.685	0.0003365778670879391
1529.69	0.0003389047890980548
1529.695	0.00034226473673170944
1529.7	0.00034501345359544086
1529.7050000000002	0.0003475949680991315
1529.71	0.000350667845879022
1529.715	0.0003527734644140665
1529.72	0.00035387817506543265
1529.725	0.0003537264202974977
1529.73	0.0003530815421846166
1529.7350000000001	0.00035206849303605337
1529.74	0.0003507557462928684
1529.745	0.00034913157066383853
1529.75	0.0003473641791633487
1529.7549999999999	0.000346084228072654
1529.76	0.0003455132982180539
1529.765	0.0003462467866215478
1529.77	0.0003472751556645364
1529.775	0.00034801607066990464
1529.78	0.000349947217125139
1529.7849999999999	0.00035165439472008183
1529.7900000000002	0.0003541413958073601
1529.795	0.00035583551103795423
1529.8	0.00035834334603728727
1529.805	0.0003606289998927085
1529.81	0.0003625491771189191
1529.8149999999998	0.00036435103731661075
1529.8200000000002	0.00036647279271348563
1529.825	0.0003680065128571233
1529.83	0.00036879325951486475
1529.835	0.0003680381569378272
1529.84	0.00036584073681691416
1529.845	0.0003636682452290027
1529.8500000000001	0.0003615555577169814
1529.855	0.00036039976014810333
1529.86	0.0003605411406994408
1529.865	0.00036065071528944444
1529.87	0.0003618598280889065
1529.875	0.0003642856503115868
1529.88	0.0003652071112453981
1529.885	0.00036637818916812316
1529.89	0.0003664484538603573
1529.895	0.0003668383529369307
1529.8999999999999	0.0003668148710911854
1529.9050000000002	0.0003658530243450917
1529.91	0.00036393050212630255
1529.915	0.000361659568404794
1529.92	0.00035965587082154705
1529.925	0.0003581625874290273
1529.9299999999998	0.00035652908215400784
1529.9350000000002	0.00035504302501053415
1529.94	0.0003542007062576445
1529.945	0.00035373034341382365
1529.95	0.00035394984756668046
1529.955	0.0003552523594214285
1529.9599999999998	0.0003560691693457523
1529.9650000000001	0.00035681510103982746
1529.97	0.0003576839288525462
1529.975	0.0003592718805973169
1529.98	0.0003609846290864468
1529.985	0.0003618422851889988
1529.99	0.0003625991395826347
1529.9950000000001	0.0003627305704933282
1530	0.0003623849964517965
1530.005	0.00036228225896165514
1530.01	0.00036104720915403836
1530.0149999999999	0.00035950570332874565
1530.02	0.0003577673098566584
1530.025	0.00035675720389013543
1530.03	0.0003566126509767753
1530.035	0.0003572502852466636
1530.04	0.0003582250261736682
1530.0449999999998	0.0003613249270248808
1530.0500000000002	0.00036436321763501746
1530.055	0.00036687238846934195
1530.06	0.00036839002032588314
1530.065	0.00037073392202250087
1530.07	0.000372365572826105
1530.0749999999998	0.00037358330638562594
1530.0800000000002	0.0003732655378569079
1530.085	0.0003721493665531662
1530.09	0.00037131500255619987
1530.095	0.00037024676121207495
1530.1	0.0003692251814943802
1530.105	0.00036808190300832987
1530.1100000000001	0.0003675177611144013
1530.115	0.000368220118706678
1530.1200000000001	0.00036970439921081246
1530.125	0.00037184582937337563
1530.1299999999999	0.00037387939942377436
1530.135	0.0003758964108951482
1530.14	0.00037869276641940697
1530.145	0.00038099821861642456
1530.15	0.00038239517014953975
1530.155	0.00038336385979637847
1530.1599999999999	0.0003846514826770694
1530.165	0.0003847501322784831
1530.17	0.0003851138902669699
1530.175	0.0003835081453436741
1530.18	0.0003815340529783906
1530.185	0.00037930221952132054
1530.1899999999998	0.0003752545842339431
1530.1950000000002	0.00036970256501021214
1530.2	0.00036533825597468003
1530.205	0.0003620339479266093
1530.21	0.000360845053095116
1530.215	0.0003612410315408881
1530.22	0.0003644107650010803
1530.2250000000001	0.0003675387851621903
1530.23	0.0003695168900887156
1530.2350000000001	0.00037193771836754446
1530.24	0.0003731664686496825
1530.245	0.00037310488988241523
1530.25	0.0003713549959216421
1530.255	0.00036805358837755633
1530.26	0.00036439615179826196
1530.265	0.0003608264505981779
1530.27	0.0003562935454031288
1530.2749999999999	0.00035205208016048686
1530.28	0.00034720973193315207
1530.285	0.0003449038281516507
1530.29	0.0003433944926736174
1530.295	0.0003429419110681099
1530.3	0.0003438790250975791
1530.3049999999998	0.00034477605151442666
1530.31	0.0003469273114095246
1530.315	0.00034983369666221703
1530.32	0.00035219897766425285
1530.325	0.00035433758808529886
1530.33	0.00035588405238251103
1530.335	0.00035702864986908564
1530.34	0.00035842410194646324
1530.345	0.0003580292879221399
1530.3500000000001	0.0003574016363508467
1530.355	0.00035568184403404534
1530.36	0.0003540512573722249
1530.365	0.0003514751692651018
1530.3700000000001	0.0003490154587503896
1530.375	0.0003457295121423969
1530.38	0.0003436764378958008
1530.385	0.00034234793193245564
1530.3899999999999	0.0003431755568529149
1530.395	0.0003444691598688698
1530.4	0.00034746623233985964
1530.405	0.0003505285585909154
1530.41	0.00035381123835382473
1530.415	0.00035584372256657607
1530.4199999999998	0.0003580215834539756
1530.425	0.00035954892516506604
1530.43	0.00035937370301285444
1530.4350000000002	0.0003585802019228145
1530.44	0.0003561927519638557
1530.445	0.0003544312386190778
1530.45	0.00035126291348543814
1530.455	0.00034895351623555234
1530.46	0.00034618902186819384
1530.4650000000001	0.00034521225966219687
1530.47	0.00034484570958472717
1530.475	0.00034517378270043837
1530.48	0.00034646013856666545
1530.485	0.000347238091134589
1530.49	0.00034900302120907575
1530.4950000000001	0.00035125162100923835
1530.5	0.00035269472519014564
1530.5049999999999	0.00035418390254509264
1530.51	0.0003556152113567379
1530.515	0.00035702899126250097
1530.52	0.0003590701106438267
1530.525	0.0003594397396256105
1530.53	0.0003600797695936897
1530.5349999999999	0.00035962299027144013
1530.54	0.00035939742175736413
1530.545	0.00035820551843299413
1530.5500000000002	0.0003556824289675711
1530.555	0.00035314342923144134
1530.56	0.0003510624535581841
1530.565	0.0003508139787922343
1530.57	0.00035171664548984616
1530.575	0.0003551294721049267
1530.5800000000002	0.00035887415645321504
1530.585	0.0003624397310009986
1530.59	0.00036634666819640406
1530.595	0.00037065231923815844
1530.6	0.00037224408225454344
1530.605	0.00037328305186804255
1530.6100000000001	0.0003730610274665252
1530.615	0.00037197890431906345
1530.62	0.00037103368099887583
1530.625	0.0003685015954504032
1530.6299999999999	0.00036659297611478856
1530.635	0.0003642517239084206
1530.64	0.0003629951199509146
1530.645	0.00036266210569798284
1530.6499999999999	0.00036300868001258146
1530.655	0.0003643023057847689
1530.66	0.00036715009093064784
1530.6650000000002	0.0003681597151827113
1530.67	0.0003708078421908226
1530.675	0.00037373718426219287
1530.68	0.00037599164208038127
1530.685	0.00037803858019468556
1530.69	0.0003794350646086418
1530.6950000000002	0.000380098744619471
1530.7	0.00038090311439341947
1530.705	0.00038168392694984697
1530.71	0.0003809662629854558
1530.715	0.0003802606738046118
1530.72	0.00037799463919064257
1530.7250000000001	0.0003764699268341694
1530.73	0.000374295980543916
1530.735	0.00037249373177629814
1530.74	0.00036977467830948097
1530.745	0.00036765172398230616
1530.75	0.00036683195371413677
1530.755	0.00036697927521345025
1530.76	0.0003676402191897339
1530.7649999999999	0.0003684296063689798
1530.77	0.0003708556607929391
1530.7749999999999	0.00037309593203384826
1530.7800000000002	0.0003744644127278334
1530.785	0.0003754352860707051
1530.79	0.0003768942621262232
1530.795	0.0003768275161010292
1530.8	0.0003761539005283003
1530.8049999999998	0.0003740902791955553
1530.8100000000002	0.00037234315340604494
1530.815	0.00037026762345577526
1530.82	0.0003686648817690827
1530.825	0.0003665872346641256
1530.83	0.00036515203230527086
1530.835	0.0003648260865123023
1530.8400000000001	0.00036531219408051014
1530.845	0.0003666216999795955
1530.85	0.000367441012605338
1530.855	0.0003687067029411705
1530.86	0.00037074520008305816
1530.865	0.00037231952701234546
1530.8700000000001	0.00037391496587026776
1530.875	0.0003751766528009674
1530.8799999999999	0.0003767196962927316
1530.885	0.00037834661232504895
1530.8899999999999	0.0003791459413526982
1530.8950000000002	0.00037916564678185116
1530.9	0.0003796538926440636
1530.905	0.0003788985264076765
1530.91	0.00037724346116268365
1530.915	0.0003753409837766865
1530.9199999999998	0.0003743132110763075
1530.9250000000002	0.0003748543838638515
1530.93	0.00037748891101551616
1530.935	0.000380855228232269
1530.94	0.0003848349923252259
1530.945	0.0003867685369117014
1530.9499999999998	0.0003895600720066603
1530.9550000000002	0.0003909430090836806
1530.96	0.0003906510329813248
1530.965	0.0003894700411183052
1530.97	0.0003869525962068243
1530.975	0.00038523630016899107
1530.98	0.0003832682618333717
1530.9850000000001	0.0003817548994856056
1530.99	0.0003810875932843719
1530.9950000000001	0.0003803017063834169
1531	0.00038210405809720535
1531.0049999999999	0.0003843137784850635
1531.01	0.0003872209423344312
1531.015	0.0003906801032522592
1531.02	0.0003937739820391665
1531.025	0.0003956240636711063
1531.03	0.00039924438286575666
1531.0349999999999	0.0004006851328469506
1531.0400000000002	0.0004014499175607077
1531.045	0.0004011918528876465
1531.05	0.0004000223451177496
1531.055	0.0003984887942415306
1531.06	0.0003970952140479389
1531.0649999999998	0.00039466247519413805
1531.0700000000002	0.00039170177616625285
1531.075	0.0003876107238932731
1531.08	0.00038455523709968984
1531.085	0.00038202669780658936
1531.09	0.0003801733441404499
1531.0949999999998	0.00037769876182446364
1531.1000000000001	0.0003773399059503689
1531.105	0.0003786006877254762
1531.1100000000001	0.00038116743861043727
1531.115	0.0003834404342142678
1531.12	0.00038544300082513506
1531.125	0.00038819688926905086
1531.13	0.00038886613978483787
1531.135	0.00038795489321313435
1531.14	0.0003852763900870129
1531.145	0.000382863449777154
1531.1499999999999	0.00037959635463071916
1531.155	0.00037626820274728475
1531.16	0.0003721098432876215
1531.165	0.00036829557842195317
1531.17	0.0003660969329821903
1531.175	0.00036388778571621585
1531.1799999999998	0.00036295962842008246
1531.1850000000002	0.00036245252220150196
1531.19	0.0003633450409968954
1531.195	0.0003654564206536353
1531.2	0.00036776206014762716
1531.205	0.00036997074770240407
1531.2099999999998	0.0003715406809960507
1531.2150000000001	0.00037267272835703126
1531.22	0.00037434179101570973
1531.2250000000001	0.0003750202336567708
1531.23	0.0003748993633384869
1531.235	0.0003734660271449453
1531.24	0.0003732999526537891
1531.2450000000001	0.0003723186468344993
1531.25	0.0003713367668232477
1531.255	0.00036879000258988043
1531.26	0.0003663233365261975
1531.2649999999999	0.00036407638028971613
1531.27	0.00036162800636843585
1531.275	0.000358613507064494
1531.28	0.0003582411154740101
1531.285	0.0003590620908317892
1531.29	0.0003608468768815658
1531.2949999999998	0.0003634920343084782
1531.3	0.00036662175826652474
1531.305	0.00036857404555749694
1531.31	0.00036930442612851197
1531.315	0.0003694998645603774
1531.32	0.00036900786120469634
1531.3249999999998	0.00036779797511661875
1531.3300000000002	0.00036589240618245284
1531.335	0.0003630970095907421
1531.3400000000001	0.00036056213780321294
1531.345	0.00035896300690427214
1531.35	0.00035737248256983924
1531.355	0.0003570289320482254
1531.3600000000001	0.0003566529717337633
1531.365	0.0003572280846182372
1531.3700000000001	0.0003590105469436156
1531.375	0.0003609741841403969
1531.3799999999999	0.00036351736569486143
1531.385	0.00036575950947535617
1531.39	0.0003675359613427512
1531.395	0.0003696479753908534
1531.4	0.0003715200827296456
1531.405	0.0003729848468665135
1531.4099999999999	0.00037369293390401647
1531.415	0.000373408414242148
1531.42	0.0003739352645818071
1531.425	0.00037323308270092103
1531.43	0.00037332753085156243
1531.435	0.00037220685512540894
1531.4399999999998	0.00037078522293988936
1531.445	0.0003702952477039903
1531.45	0.000369380971599798
1531.4550000000002	0.0003697726600321215
1531.46	0.0003694718435030646
1531.465	0.0003707745125035833
1531.47	0.0003734403913864771
1531.475	0.0003762972773459755
1531.48	0.0003794388143516047
1531.4850000000001	0.0003828464657464465
1531.49	0.00038513711506749776
1531.495	0.0003857912478452118
1531.5	0.00038574065423335253
1531.505	0.0003848313888802919
1531.51	0.00038350170809314186
1531.515	0.0003814500158987775
1531.52	0.000379367808015533
1531.5249999999999	0.0003781341023302354
1531.53	0.0003771129436117025
1531.535	0.0003771493927588633
1531.54	0.0003777173959505378
1531.545	0.0003793756347536035
1531.55	0.00038226245136284144
1531.555	0.0003850687061541804
1531.56	0.00038867627044487436
1531.565	0.00038998715164307874
1531.5700000000002	0.00039399293010751945
1531.575	0.0003953570317980377
1531.58	0.0003975032329967893
1531.585	0.00039829786155731257
1531.59	0.0003987030062350642
1531.595	0.00039968593043359935
1531.6000000000001	0.00040044284944933584
1531.605	0.00040049675518724707
1531.61	0.0003997163226578583
1531.615	0.00039820039147357147
1531.62	0.00039747232010107917
1531.625	0.00039581520528725545
1531.63	0.0003940721009641705
1531.635	0.0003931221851556832
1531.6399999999999	0.000393743614464823
1531.645	0.00039540126147268414
1531.65	0.00039882682260168677
1531.655	0.00040231775181042307
1531.66	0.0004057210473969924
1531.665	0.00040701827584792175
1531.67	0.00040763970461761236
1531.675	0.0004085210135474603
1531.68	0.0004078009457052319
1531.6850000000002	0.0004068327097723277
1531.69	0.0004049993211274447
1531.695	0.0004035551363156657
1531.7	0.00040241998534540043
1531.705	0.0004016247350926567
1531.71	0.0004013733433141374
1531.7150000000001	0.00040189228338785164
1531.72	0.00040282029093286837
1531.725	0.0004043700583438764
1531.73	0.0004060432327964392
1531.735	0.0004075587173704446
1531.74	0.0004098376928143428
1531.7450000000001	0.000409222830130881
1531.75	0.0004101566173930816
1531.7549999999999	0.000410429492120298
1531.76	0.0004098437859826327
1531.7649999999999	0.00040965150828076353
1531.77	0.00040757574798597494
1531.775	0.00040541886802604996
1531.78	0.00040401990895918253
1531.785	0.00040277106457990095
1531.79	0.00040106996364557565
1531.795	0.000399324120315155
1531.8000000000002	0.0003967588332444118
1531.805	0.0003951853973034012
1531.81	0.0003941002069257149
1531.815	0.0003936963978636896
1531.82	0.00039407336346216574
1531.825	0.0003951120590190382
1531.8300000000002	0.00039747931632081173
1531.835	0.0004012001527775267
1531.84	0.0004027858944527703
1531.845	0.00040618838307784585
1531.85	0.00040750287256771173
1531.855	0.00040822856482704376
1531.8600000000001	0.0004068479720727062
1531.865	0.0004055371876895656
1531.87	0.00040391067460476674
1531.875	0.0004020006652352178
1531.8799999999999	0.0003999854180518195
1531.885	0.000398541975314176
1531.89	0.00039805359477087106
1531.895	0.0003981503267552486
1531.9	0.00039895956388529826
1531.905	0.00040043459063993184
1531.9099999999999	0.00040273912080791537
1531.9150000000002	0.00040525895575256317
1531.92	0.0004076860987681828
1531.925	0.00041008025828431495
1531.93	0.00041087517698175347
1531.935	0.0004130268506814318
1531.9399999999998	0.0004131668872144071
1531.9450000000002	0.0004146439627520077
1531.95	0.00041385140504450013
1531.955	0.00041379171491758883
1531.96	0.0004142788918054054
1531.965	0.00041360191585953306
1531.97	0.0004127525957719293
1531.9750000000001	0.00041081278084104773
1531.98	0.00040877252721831616
1531.985	0.0004063672865938257
1531.99	0.0004041098728072527
1531.995	0.00040294580322448886
1532	0.00040436639583893284
1532.005	0.0004052265215506014
1532.01	0.00040816733289381985
1532.015	0.0004098386156578879
1532.02	0.00041056287475041403
1532.0249999999999	0.00041072157676707476
1532.0300000000002	0.00041062398930672773
1532.035	0.000409146934067593
1532.04	0.00040691735137041537
1532.045	0.00040431004023960425
1532.05	0.0004013181236415901
1532.0549999999998	0.0003987278334024591
1532.0600000000002	0.0003967783802281728
1532.065	0.00039542669845072086
1532.07	0.00039437942621039216
1532.075	0.0003936559507748594
1532.08	0.00039347634299935773
1532.0849999999998	0.0003942360014806568
1532.0900000000001	0.00039531410791795264
1532.095	0.0003973431913854421
1532.1	0.0003981558493664058
1532.105	0.00039865873409535875
1532.11	0.0004005759199703126
1532.115	0.0004002299599211809
1532.1200000000001	0.00040099971742615784
1532.125	0.0004002368716366292
1532.13	0.00039894656296016027
1532.135	0.0003979607477423318
1532.1399999999999	0.0003968559412639653
1532.145	0.00039509932437981456
1532.15	0.0003928715535180518
1532.155	0.00039019255654021797
1532.16	0.00038790251536771874
1532.165	0.00038618110693886996
1532.1699999999998	0.0003849991944332965
1532.1750000000002	0.0003840559630699831
1532.18	0.00038376367383032565
1532.185	0.0003849319096734262
1532.19	0.0003875614533045982
1532.195	0.0003893187703337906
1532.1999999999998	0.0003926191169414322
1532.2050000000002	0.0003936260763922175
1532.21	0.0003942431649061319
1532.215	0.000392420694508184
1532.22	0.00039088520753011955
1532.225	0.00038939325699065947
1532.23	0.000387102194215858
1532.2350000000001	0.00038452386830897827
1532.24	0.0003822798974822728
1532.2450000000001	0.0003806576056198773
1532.25	0.0003800121614659083
1532.2549999999999	0.0003801435157993131
1532.26	0.000380978727981756
1532.265	0.00038255825612853355
1532.27	0.0003849292450066542
1532.275	0.00038807042472368685
1532.28	0.0003912426819365839
1532.2849999999999	0.0003943033191695102
1532.29	0.0003948940649049583
1532.295	0.00039684688845210747
1532.3	0.0003966979199569599
1532.305	0.00039754992015140583
1532.31	0.0003963881172539174
1532.3149999999998	0.0003953170648526244
1532.3200000000002	0.00039479288639342
1532.325	0.00039351542782755793
1532.33	0.00039187063851541936
1532.335	0.00038945564307329663
1532.34	0.0003869471854108807
1532.345	0.0003847777108673884
1532.3500000000001	0.0003834764716311132
1532.355	0.0003839921846058477
1532.3600000000001	0.00038686732631221
1532.365	0.0003917403242138072
1532.37	0.00039529240882835355
1532.375	0.00039858575177974145
1532.38	0.0004007509632613691
1532.385	0.0004003148825167739
1532.39	0.0003989936376763041
1532.395	0.00039753414620658813
1532.3999999999999	0.00039543699490355064
1532.405	0.0003934261059968709
1532.41	0.0003917210987945561
1532.415	0.0003904353322249628
1532.42	0.00038994618999697996
1532.425	0.0003909739432631321
1532.4299999999998	0.00039247358602458976
1532.435	0.00039460798853811107
1532.44	0.0003968784730650357
1532.445	0.00039920486314696754
1532.45	0.00040206400541926247
1532.455	0.00040430617472943307
1532.46	0.00040670931666574874
1532.465	0.00040660757805566596
1532.47	0.00040672399335558323
1532.4750000000001	0.00040639810911400384
1532.48	0.00040584620448142384
1532.485	0.0004051860887962218
1532.49	0.00040342150555453064
1532.4950000000001	0.00040209619328810623
1532.5	0.0004019011976240507
1532.505	0.00040155024776517597
1532.51	0.0004018418085500962
1532.5149999999999	0.00040209322126444737
1532.52	0.0004031342031960241
1532.525	0.000405182324610768
1532.53	0.000407378297317098
1532.535	0.0004103658720157753
1532.54	0.00041387775262120374
1532.5449999999998	0.0004182585227448742
1532.55	0.00042258007053364694
1532.555	0.0004242185802498482
1532.56	0.0004268146114344836
1532.565	0.0004273854454066886
1532.57	0.00042741299177920163
1532.575	0.0004256985029579046
1532.58	0.0004239220098760829
1532.585	0.00042247283277225953
1532.5900000000001	0.00042056037063562505
1532.595	0.00041891878941443085
1532.6	0.0004169832156325767
1532.605	0.0004161561821507389
1532.61	0.00041560516043998773
1532.615	0.0004154092356820757
1532.6200000000001	0.00041564332337689437
1532.625	0.0004163297629457853
1532.6299999999999	0.00041780784575062754
1532.635	0.00041847744655150123
1532.64	0.0004197283112601544
1532.645	0.00042008922676548097
1532.65	0.0004199367952318894
1532.655	0.0004197605411317989
1532.6599999999999	0.0004193863934799518
1532.665	0.0004182485120138571
1532.67	0.00041655571815865633
1532.6750000000002	0.000415245636519566
1532.68	0.00041360547072535756
1532.685	0.00041152591279941704
1532.69	0.00040874055994933613
1532.695	0.0004055920812907342
1532.7	0.0004027555294428488
1532.7050000000002	0.00039964893540007874
1532.71	0.00039644487655804504
1532.715	0.0003958965535317494
1532.72	0.0003976346280932057
1532.725	0.00040029815274362373
1532.73	0.0004036964367199346
1532.7350000000001	0.00040669156800570376
1532.74	0.0004080579324944284
1532.745	0.000407972487215
1532.75	0.0004073591633639038
1532.7549999999999	0.00040612903523247
1532.76	0.0004044701195076836
1532.765	0.00040276624046405995
1532.77	0.00040059720956683474
1532.7749999999999	0.0003989176676543765
1532.78	0.0003988244046912521
1532.785	0.00039896561065278305
1532.7900000000002	0.0004000505800693685
1532.795	0.0004019760602610097
1532.8	0.0004041029032914712
1532.805	0.00040796557353546585
1532.81	0.00041102480280943467
1532.815	0.00041379143627684044
1532.8200000000002	0.00041581760157071595
1532.825	0.0004169403592993164
1532.83	0.0004175547539790178
1532.835	0.000418339725502793
1532.84	0.00041837053541986295
1532.845	0.00041758292948617076
1532.8500000000001	0.00041641608477672353
1532.855	0.0004155254393052369
1532.86	0.00041483512656028337
1532.865	0.00041406160896160436
1532.87	0.00041346093463663267
1532.875	0.0004121733759725067
1532.88	0.00041143617907086566
1532.885	0.0004131087346536121
1532.8899999999999	0.00041403731763537495
1532.895	0.0004169973253322098
1532.8999999999999	0.00041952271592855404
1532.9050000000002	0.0004232784613161138
1532.91	0.00042656458383067504
1532.915	0.0004292350481105871
1532.92	0.0004299042709060809
1532.925	0.00043110318558967184
1532.9299999999998	0.0004309250391523004
1532.9350000000002	0.0004286937480618235
1532.94	0.0004251269659269383
1532.945	0.00042205610848477994
1532.95	0.00041895628187111115
1532.955	0.0004164631559769229
1532.96	0.000413616980441044
1532.9650000000001	0.00041158548824757454
1532.97	0.00041164321906635127
1532.975	0.0004111619984235196
1532.98	0.00041298995785314126
1532.985	0.00041318042740802295
1532.99	0.00041506018863728496
1532.9950000000001	0.0004164936835555522
1533	0.0004180455979446069
1533.0049999999999	0.00041883907795169274
1533.01	0.0004183825848853959
1533.0149999999999	0.0004180147572346261
1533.0200000000002	0.00041766271417748404
1533.025	0.0004160235213328182
1533.03	0.00041349999380171405
1533.035	0.00041118140148256675
1533.04	0.00040894151006159345
1533.0449999999998	0.00040684793771727867
1533.0500000000002	0.0004036451370605293
1533.055	0.0004008358406266439
1533.06	0.00039877265546647606
1533.065	0.0003978846750297933
1533.07	0.0003973403151598881
1533.0749999999998	0.00039857458252086467
1533.0800000000002	0.00040206372864225274
1533.085	0.0004052579482814622
1533.09	0.000408074414937235
1533.095	0.00040942659527022255
1533.1	0.00040854708823942184
1533.105	0.00040659184538027504
1533.1100000000001	0.00040500713516533756
1533.115	0.0004032968527714828
1533.12	0.00040203334509755176
1533.125	0.000400178094343164
1533.1299999999999	0.00039919807802254087
1533.135	0.00039917280583457023
1533.14	0.00039983846015984167
1533.145	0.0004011669266701062
1533.15	0.00040328945818174513
1533.155	0.00040509202118603634
1533.1599999999999	0.00040811918455333504
1533.1650000000002	0.00041036343935884294
1533.17	0.0004118457777500518
1533.175	0.00041227598659726523
1533.18	0.00041150954413469597
1533.185	0.000410069498106659
1533.1899999999998	0.0004088927332285752
1533.1950000000002	0.00040769806209589734
1533.2	0.0004055719939661847
1533.205	0.00040307041496536654
1533.21	0.00040094994089433895
1533.215	0.00039955520595961845
1533.2199999999998	0.0003979192253882946
1533.2250000000001	0.00039689403455919975
1533.23	0.00039562187929625584
1533.235	0.00039489669027978206
1533.24	0.0003959198155980785
1533.245	0.0003970008599358931
1533.25	0.0003997029958055042
1533.255	0.0004021615604315551
1533.26	0.00040618964696659683
1533.265	0.0004092061661310157
1533.27	0.0004113766536329235
1533.2749999999999	0.0004118012621723668
1533.28	0.00041152435422294544
1533.285	0.0004102467235085041
1533.29	0.0004069317693438598
1533.295	0.0004032004763367477
1533.3	0.00040109162057517075
1533.3049999999998	0.000399133602662292
1533.3100000000002	0.00039757482308929826
1533.315	0.0003965296619449032
1533.32	0.00039733302674457643
1533.325	0.00039994547053233593
1533.33	0.00040215312249566144
1533.3349999999998	0.000405289581899787
1533.3400000000001	0.0004076785586473656
1533.345	0.00041075275087444965
1533.3500000000001	0.00041305841178586837
1533.355	0.00041535556451266536
1533.36	0.00041683507148769294
1533.365	0.0004177189268053032
1533.3700000000001	0.0004186034096510922
1533.375	0.0004195835642183229
1533.38	0.00041987346592292787
1533.385	0.00041944307456064
1533.3899999999999	0.00041935672140650356
1533.395	0.0004196735521253223
1533.4	0.00041969187440983965
1533.405	0.00041957539346185635
1533.41	0.0004186500043179266
1533.415	0.00041871192805037006
1533.4199999999998	0.0004180697724479076
1533.425	0.00041867265035098035
1533.43	0.0004201074479419527
1533.435	0.0004230155495298461
1533.44	0.0004268490009989201
1533.445	0.0004304330920979865
1533.4499999999998	0.00043338932117779357
1533.4550000000002	0.00043402250730049957
1533.46	0.00043218947089188764
1533.4650000000001	0.0004293783083488651
1533.47	0.00042650650728301095
1533.475	0.00042360532305473945
1533.48	0.0004205962479264246
1533.4850000000001	0.0004173745000438451
1533.49	0.0004147087397111362
1533.4950000000001	0.0004137296336378319
1533.5	0.0004126001993725852
1533.5049999999999	0.0004126958286830414
1533.51	0.00041354815377209826
1533.515	0.0004144868550859001
1533.52	0.0004171233225805722
1533.525	0.00041902991841292055
1533.53	0.00042079303062010816
1533.5349999999999	0.0004214569635234847
1533.54	0.00042100234215596694
1533.545	0.00041989179898406346
1533.55	0.00041859447227065194
1533.555	0.00041727005270831175
1533.56	0.0004149748768852766
1533.5649999999998	0.00041189952762247595
1533.57	0.00040862837949803165
1533.575	0.0004058558034838111
1533.5800000000002	0.000402977730622847
1533.585	0.00040070478436734174
1533.59	0.0003975186701575128
1533.595	0.0003945399791927773
1533.6	0.00039374717380835655
1533.605	0.000393539005022569
1533.6100000000001	0.00039590551743669034
1533.615	0.00039829020856895354
1533.62	0.00040364510733114647
1533.625	0.0004099491291748808
1533.63	0.0004143995852971059
1533.635	0.0004198499926928322
1533.64	0.00042212729380624166
1533.645	0.0004234248261843022
1533.6499999999999	0.00042176477383797404
1533.655	0.0004197003555498743
1533.66	0.00041782095071177515
1533.665	0.00041544362192125385
1533.67	0.0004131474304414089
1533.675	0.0004111427339310421
1533.6799999999998	0.0004107905254851343
1533.685	0.00041239548202342174
1533.69	0.00041404803046447646
1533.6950000000002	0.0004169315610765276
1533.7	0.00041962482735564835
1533.705	0.0004235764812121454
1533.71	0.00042709214124754183
1533.715	0.00043082230956578824
1533.72	0.0004321190823915175
1533.7250000000001	0.00043457068892333874
1533.73	0.0004355196993239039
1533.735	0.0004365312610861797
1533.74	0.0004360280559716939
1533.745	0.00043494915980093134
1533.75	0.0004344799599561076
1533.755	0.00043356241079281287
1533.76	0.0004322762300679536
1533.7649999999999	0.0004300456494727887
1533.77	0.0004285350033199395
1533.775	0.00042765093906078406
1533.78	0.00042750909180738013
1533.785	0.00042942736584546825
1533.79	0.00043272630659945327
1533.795	0.000436661408423266
1533.8	0.0004396006368254606
1533.805	0.00044105447595301005
1533.8100000000002	0.00044218755401631224
1533.815	0.00043952751309443385
1533.82	0.0004366237623003798
1533.825	0.00043357652172238006
1533.83	0.0004308218818997124
1533.835	0.0004283518134450381
1533.8400000000001	0.0004260463263808128
1533.845	0.0004244361510512568
1533.85	0.00042399234847721544
1533.855	0.00042425316840245873
1533.86	0.0004250882574917505
1533.865	0.00042607405055043425
1533.8700000000001	0.0004272709922806581
1533.875	0.0004285344964392066
1533.8799999999999	0.0004295536286338569
1533.885	0.00042977343412059477
1533.8899999999999	0.00042972945871756426
1533.895	0.0004272950254928553
1533.9	0.00042496930956632443
1533.905	0.0004235079340167252
1533.91	0.0004200339693768317
1533.915	0.0004182834086654389
1533.92	0.0004152346463416685
1533.9250000000002	0.0004129004092811077
1533.93	0.0004116425358181381
1533.935	0.000410346790828181
1533.94	0.000410210496110299
1533.945	0.00040927436895921127
1533.95	0.0004089517238148641
1533.9550000000002	0.0004095557295229524
1533.96	0.000411347914860291
1533.965	0.0004139050605415959
1533.97	0.00041658619401069486
1533.975	0.0004200376652286842
1533.98	0.00042369001583280447
1533.9850000000001	0.0004257910930457039
1533.99	0.00042494311043151463
1533.995	0.0004241003546403135
1534	0.0004216741898539085
1534.0049999999999	0.0004197517707397205
1534.01	0.0004151598435199397
1534.015	0.00041312629969428224
1534.02	0.00041087689089631073
1534.025	0.0004105473826067403
1534.03	0.00040958582026645504
1534.0349999999999	0.0004098083344701833
1534.0400000000002	0.00041150648738971595
1534.045	0.00041394987914219713
1534.05	0.00041738377746425374
1534.055	0.00042001977623712665
1534.06	0.0004224446348809447
1534.0649999999998	0.0004245396627664644
1534.0700000000002	0.0004256326517464674
1534.075	0.00042601934084561386
1534.08	0.00042542411639618727
1534.085	0.0004240411562316342
1534.09	0.00042375013178241677
1534.095	0.00042258933107361315
1534.1000000000001	0.00042156320546607917
1534.105	0.0004187911707926786
1534.11	0.0004178716723671673
1534.115	0.000415786519998451
1534.12	0.0004148762027236288
1534.125	0.0004121288718756847
1534.13	0.000411072927036466
1534.135	0.0004112233474084511
1534.14	0.0004121343866002793
1534.145	0.00041504092538705473
1534.1499999999999	0.0004202728012685424
1534.1550000000002	0.00042470942318040045
1534.16	0.00042699257799415157
1534.165	0.0004297740382340884
1534.17	0.00043048227100645885
1534.175	0.00042919830824642794
1534.1799999999998	0.000427243060397685
1534.1850000000002	0.000425387290375265
1534.19	0.0004235099893234591
1534.195	0.0004223373107902729
1534.2	0.00042082306420595443
1534.205	0.00042149972742185386
1534.2099999999998	0.00042229769208761635
1534.2150000000001	0.0004241770671499988
1534.22	0.0004268067771718329
1534.225	0.00043008434770324224
1534.23	0.0004341025121181859
1534.235	0.0004387200644144338
1534.24	0.00044220558765629194
1534.2450000000001	0.0004461811767032186
1534.25	0.00044763079881716906
1534.255	0.00044901313163728864
1534.26	0.000450120394834103
1534.2649999999999	0.0004494584243335403
1534.27	0.00044868387439232364
1534.275	0.0004464793718107697
1534.28	0.00044453225181212
1534.285	0.0004429429537064885
1534.29	0.00044127672879638375
1534.2949999999998	0.0004393518164773545
1534.3000000000002	0.0004377840148686238
1534.305	0.0004356045975016635
1534.31	0.000435699382307799
1534.315	0.0004352570394663596
1534.32	0.0004364042542586507
1534.3249999999998	0.0004382380865386978
1534.3300000000002	0.0004424090600994388
1534.335	0.00044655891823132464
1534.34	0.0004503509843615187
1534.345	0.00045049395665980096
1534.35	0.00045159981433718515
1534.3549999999998	0.0004500339907886366
1534.3600000000001	0.0004469005066104255
1534.365	0.00044265124834567894
1534.3700000000001	0.00043840949934732424
1534.375	0.00043466685646907535
1534.3799999999999	0.00043076474246543905
1534.385	0.00042739039406523664
1534.39	0.000424659836075788
1534.395	0.00042456506678932506
1534.4	0.00042533158326608613
1534.405	0.00042784575116068616
1534.4099999999999	0.00043037985463752936
1534.415	0.00043389371273748527
1534.42	0.00043772152539717256
1534.425	0.0004403705655044193
1534.43	0.0004421459796212811
1534.435	0.00044222451315218325
1534.4399999999998	0.00044260551536858016
1534.4450000000002	0.00044276265960810395
1534.45	0.00044199649184535
1534.455	0.0004405372850703691
1534.46	0.0004386330142435904
1534.465	0.00043665103459567927
1534.47	0.00043411166889936205
1534.4750000000001	0.0004310750480543179
1534.48	0.0004266251186644164
1534.4850000000001	0.0004228958715465019
1534.49	0.0004186699270024014
1534.495	0.0004158668753474268
1534.5	0.00041783739705536087
1534.505	0.0004237635820897606
1534.51	0.00042943493444186923
1534.515	0.00043532828936211984
1534.52	0.00043919098087187705
1534.5249999999999	0.0004411158617613791
1534.53	0.0004399148970133962
1534.535	0.00043797246369577325
1534.54	0.00043571953658059863
1534.545	0.00043291755022286044
1534.55	0.0004309016025045643
1534.5549999999998	0.00042901323332452003
1534.56	0.00042848713374874544
1534.565	0.0004292323228142014
1534.57	0.00043097252596246966
1534.575	0.00043327066604772894
1534.58	0.000437052666604023
1534.585	0.00044042072508613915
1534.5900000000001	0.0004438355911418831
1534.595	0.00044732762859541657
1534.6000000000001	0.0004497960029905682
1534.605	0.0004525131793037633
1534.61	0.00045311950436543417
1534.615	0.0004535006056502685
1534.6200000000001	0.00045441611607819347
1534.625	0.0004528698711429464
1534.63	0.00045254395046269625
1534.635	0.0004506846357011223
1534.6399999999999	0.0004489860864074382
1534.645	0.00044811786504378296
1534.65	0.00044727147489227975
1534.655	0.00044765450208953577
1534.66	0.00044736222316597775
1534.665	0.00044750892750663643
1534.6699999999998	0.00044851261077877936
1534.675	0.0004501543391204065
1534.68	0.0004526746487643644
1534.685	0.00045517790360001927
1534.69	0.00045863731053682555
1534.695	0.00046235845469906286
1534.7	0.0004655768686368388
1534.705	0.0004651331110372249
1534.71	0.00046616942886858583
1534.7150000000001	0.0004638382001417399
1534.72	0.0004607526768103919
1534.725	0.00045603613772800944
1534.73	0.0004521994719269984
1534.735	0.00044860596739052454
1534.74	0.00044524557243614177
1534.7450000000001	0.0004426610435453051
1534.75	0.00044157830239349184
1534.7549999999999	0.00044173907952600044
1534.76	0.0004429527681456677
1534.765	0.00044451750709505677
1534.77	0.00044650731289568377
1534.775	0.00044868899939019423
1534.78	0.000450388768888109
1534.7849999999999	0.00045150091558838237
1534.79	0.00045179817616847667
1534.795	0.00045102128447582437
1534.8	0.00045121380724101704
1534.805	0.00045001134279868353
1534.81	0.00044901453659960933
1534.815	0.00044641752652861173
1534.82	0.0004448905226958342
1534.825	0.00044254933070892046
1534.8300000000002	0.0004410640183668342
1534.835	0.0004372833048857535
1534.84	0.0004348968379718251
1534.845	0.00043195038602118475
1534.85	0.0004305215189016428
1534.855	0.0004326410125065638
1534.8600000000001	0.00043624610395547877
1534.865	0.0004388857364002193
1534.87	0.00044245903791869057
1534.875	0.00044336579350315883
1534.8799999999999	0.00044253658942548037
1534.885	0.00043913515292778833
1534.89	0.00043547944493064285
1534.895	0.0004320681743497744
1534.8999999999999	0.0004281718679488147
1534.905	0.0004248417934377694
1534.91	0.0004212073555967419
1534.9150000000002	0.00041993663431116727
1534.92	0.0004195712390381072
1534.925	0.0004200836456506362
1534.93	0.0004216417756018794
1534.935	0.0004237030778648342
1534.94	0.00042667775593570686
1534.9450000000002	0.0004297308097156596
1534.95	0.00043263107214823666
1534.955	0.00043521424554547394
1534.96	0.0004371313899642758
1534.965	0.00043764868921766185
1534.97	0.0004382698985414744
1534.9750000000001	0.000438157977665302
1534.98	0.0004369908825922805
1534.985	0.00043533412083565464
1534.99	0.0004325943530321266
1534.995	0.00043044006166894125
1535	0.00042842352225476834
1535.005	0.00042666289959554315
1535.01	0.00042515521641654563
1535.0149999999999	0.0004233511808826877
1535.02	0.0004218881488459293
1535.0249999999999	0.0004220736445804237
1535.0300000000002	0.0004221080094923921
1535.035	0.00042424947465969856
1535.04	0.00042698260076335216
1535.045	0.00043170673714894086
1535.05	0.00043705039487765686
1535.055	0.000442525393923223
1535.0600000000002	0.0004465578658992894
1535.065	0.00045001633498239634
1535.07	0.0004507334354600178
1535.075	0.00044934998736283975
1535.08	0.0004457036267187479
1535.085	0.00044234047202653266
1535.0900000000001	0.0004386281105451288
1535.095	0.0004359097890743979
1535.1	0.0004331031869968903
1535.105	0.0004317925318658712
1535.11	0.00043292812238245076
1535.115	0.00043449900755157707
1535.1200000000001	0.0004383680499260832
1535.125	0.0004429597349166429
1535.1299999999999	0.00044862576309211274
1535.135	0.00045453359280168103
1535.1399999999999	0.0004594571601291473
1535.1450000000002	0.00046313812098690185
1535.15	0.0004646564818016133
1535.155	0.0004666458138531526
1535.16	0.0004662542358079882
1535.165	0.0004664693885694309
1535.1699999999998	0.0004642678509468274
1535.1750000000002	0.00046146559722916346
1535.18	0.0004587355701214747
1535.185	0.0004557133071104535
1535.19	0.00045305276633841114
1535.195	0.00044806402661132347
1535.1999999999998	0.00044464228393802465
1535.2050000000002	0.00044185956874974794
1535.21	0.0004410972880427224
1535.215	0.00044343569679945434
1535.22	0.0004488703040555095
1535.225	0.0004535724799007024
1535.23	0.00046039822070103616
1535.2350000000001	0.00046222454099742363
1535.24	0.00046237471289363956
1535.245	0.000459434024615165
1535.25	0.00045584699851370324
1535.2549999999999	0.00045120638984107517
1535.26	0.0004463656057238815
1535.265	0.00044120574415342986
1535.27	0.0004368449867706119
1535.275	0.00043384590435524974
1535.28	0.0004319725491818983
1535.2849999999999	0.0004315403333796219
1535.2900000000002	0.00043247019183440314
1535.295	0.00043425608899472966
1535.3	0.0004380800460494384
1535.305	0.0004423365098644146
1535.31	0.0004462487994524662
1535.3149999999998	0.0004498862349866191
1535.3200000000002	0.0004528674609944381
1535.325	0.00045311651344523223
1535.33	0.0004548148309751534
1535.335	0.0004540636027139442
1535.34	0.0004524244234648184
1535.3449999999998	0.0004499096827267389
1535.3500000000001	0.0004460697268022154
1535.355	0.0004428646925626483
1535.36	0.00043921264930802886
1535.365	0.00043655757946869933
1535.37	0.00043320495035509884
1535.375	0.0004299673485518447
1535.38	0.0004276888670984112
1535.385	0.00042636768940135505
1535.39	0.0004267118761941976
1535.395	0.00042799381036808773
1535.3999999999999	0.00043185093770113186
1535.405	0.0004365026506284823
1535.41	0.0004413439227615031
1535.415	0.00044436305120167883
1535.42	0.00044692640014803027
1535.425	0.00044758853883192646
1535.4299999999998	0.00044640693912577714
1535.4350000000002	0.0004426663882366149
1535.44	0.00043838333584594825
1535.445	0.0004334707431623
1535.45	0.0004301427170605556
1535.455	0.00042649912978814914
1535.4599999999998	0.0004247905351407046
1535.4650000000001	0.0004246735080196688
1535.47	0.0004261335146637409
1535.475	0.0004290261270388857
1535.48	0.0004326279761584458
1535.485	0.00043699779766105294
1535.49	0.0004416227286364634
1535.4950000000001	0.00044582872307145276
1535.5	0.00044908123624296003
1535.505	0.0004513251394972458
1535.51	0.00045335682168267614
1535.5149999999999	0.0004547135914528593
1535.52	0.00045567115944600034
1535.525	0.0004560301842246489
1535.53	0.00045542474672381387
1535.535	0.0004555471080297037
1535.54	0.00045463726084155623
1535.5449999999998	0.00045387459299950963
1535.55	0.0004509274246952162
1535.555	0.0004490640131316266
1535.56	0.00044747319775950906
1535.565	0.0004470799467460891
1535.57	0.0004491533617474874
1535.5749999999998	0.00045444738263783225
1535.5800000000002	0.0004588770562703548
1535.585	0.00046482507720304065
1535.5900000000001	0.0004677739789608671
1535.595	0.0004689144176595122
1535.6	0.00046664593456645717
1535.605	0.00046305902983633754
1535.6100000000001	0.0004601230666359813
1535.615	0.00045558948359158253
1535.6200000000001	0.00045225817022028555
1535.625	0.00044893342993258784
1535.6299999999999	0.00044714483704346315
1535.635	0.00044686805959503773
1535.64	0.00044720422556859417
1535.645	0.00044987119895919327
1535.65	0.0004529416214640022
1535.655	0.0004570697717283803
1535.6599999999999	0.0004619412494052045
1535.665	0.0004667435628876465
1535.67	0.0004703616853716214
1535.675	0.000473582030486152
1535.68	0.00047468294338923856
1535.685	0.00047429163185875873
1535.6899999999998	0.00047431120345188483
1535.695	0.0004713956198856789
1535.7	0.000468828428241195
1535.7050000000002	0.0004652740585925384
1535.71	0.00046112508971799904
1535.715	0.0004572383935817204
1535.72	0.0004536905230081405
1535.725	0.0004500659643007734
1535.73	0.0004470415772201439
1535.7350000000001	0.00044379107819687055
1535.74	0.0004426913890354395
1535.745	0.00044179453807392826
1535.75	0.00044493416862969074
1535.755	0.00044899607287185006
1535.76	0.00045587196811755807
1535.765	0.00046278264176506217
1535.77	0.00046875393170878735
1535.7749999999999	0.00047060774137725137
1535.78	0.00047097805275477764
1535.785	0.0004671767562658216
1535.79	0.00046078069159367354
1535.795	0.0004531087920491028
1535.8	0.00044523993436263316
1535.8049999999998	0.0004382527439675227
1535.81	0.0004325814454626371
1535.815	0.0004279960370365391
1535.8200000000002	0.0004257301641879223
1535.825	0.0004257829342065681
1535.83	0.0004274379331078861
1535.835	0.0004323500685979777
1535.84	0.0004367849432306791
1535.845	0.0004437993562901804
1535.8500000000001	0.0004500454324875995
1535.855	0.00045580884128000316
1535.86	0.00046065900585288706
1535.865	0.0004633176219728844
1535.87	0.0004653596405914273
1535.875	0.00046608584233975343
1535.88	0.00046567115934824756
1535.885	0.000463458302057507
1535.8899999999999	0.00046081822373668564
1535.895	0.00045737979247413764
1535.9	0.0004533306522995854
1535.905	0.0004470045240019147
1535.91	0.00044138312989826657
1535.915	0.00043604493143266924
1535.9199999999998	0.0004339216834690917
1535.925	0.0004375065197853868
1535.93	0.00044658272597041546
1535.9350000000002	0.0004584519231085981
1535.94	0.0004675870836284149
1535.945	0.0004742173661896111
1535.95	0.0004761020303864065
1535.955	0.0004737144779264829
1535.96	0.0004693862773714471
1535.9650000000001	0.0004640986560679418
1535.97	0.0004584167313566029
1535.975	0.0004535111600029258
1535.98	0.0004493107011660513
1535.985	0.00044770761145556504
1535.99	0.0004477283472159626
1535.9950000000001	0.0004489931284909116
1536	0.0004516125827946968
1536.0049999999999	0.0004561244275819843
1536.01	0.0004601388477531236
1536.0149999999999	0.0004650359575452828
1536.02	0.00046947599780781257
1536.025	0.0004731083219046524
1536.03	0.0004760678032680433
1536.035	0.00047691681050881384
1536.04	0.0004760767333544123
1536.045	0.0004746915274953226
1536.0500000000002	0.0004729492138168662
1536.055	0.000470738379059153
1536.06	0.0004678087302433982
1536.065	0.0004645415151519503
1536.07	0.0004618028933503713
1536.075	0.00045885268968967017
1536.0800000000002	0.00045610486124421856
1536.085	0.00045333072312614045
1536.09	0.0004505658136229494
1536.095	0.00044913321334577345
1536.1	0.0004482918302873241
1536.105	0.00044816195599510717
1536.1100000000001	0.0004493599576006454
1536.115	0.00045273976435958747
1536.12	0.0004563567925978226
1536.125	0.00046067717245748394
1536.1299999999999	0.00046382590914157947
1536.135	0.0004654377178426383
1536.14	0.0004651913857609943
1536.145	0.0004624405498033245
1536.15	0.00045780117344771466
1536.155	0.0004531360114181306
1536.1599999999999	0.0004482583115977435
1536.1650000000002	0.00044351249380753796
1536.17	0.0004389552073828917
1536.175	0.0004350133688829029
1536.18	0.00043354060428849175
1536.185	0.00043419008296843197
1536.1899999999998	0.00043593093317104994
1536.1950000000002	0.00043973121958334934
1536.2	0.0004429172256998563
1536.205	0.00044837364264390235
1536.21	0.0004521171640210412
1536.215	0.00045643908502083943
1536.22	0.0004577010513815271
1536.2250000000001	0.00045959507372016705
1536.23	0.00045965241383948136
1536.235	0.0004594995304685623
1536.24	0.00045771841036398327
1536.245	0.00045498046684247116
1536.25	0.00045225795198339323
1536.255	0.00044893227166891266
1536.26	0.00044454347046926586
1536.265	0.0004383844790842176
1536.27	0.0004332686443463474
1536.2749999999999	0.00042831343720981343
1536.2800000000002	0.00042447369468506644
1536.285	0.00042510309926458806
1536.29	0.000432064375424665
1536.295	0.0004404748201925704
1536.3	0.00044912089234887167
1536.3049999999998	0.0004550373306843909
1536.3100000000002	0.00045905093423987884
1536.315	0.00045924635392703895
1536.32	0.00045768776160659785
1536.325	0.0004549827142211381
1536.33	0.00045118576221108873
1536.3349999999998	0.000447617374246862
1536.3400000000001	0.00044443987819477794
1536.345	0.0004429205612321789
1536.35	0.0004427191881494579
1536.355	0.0004433263383952261
1536.36	0.0004449529029166994
1536.365	0.0004477588817794046
1536.3700000000001	0.0004512706410913379
1536.375	0.000456141409649987
1536.38	0.0004600364816229401
1536.385	0.0004640538645459981
1536.3899999999999	0.0004668256271510712
1536.395	0.0004684176809026293
1536.4	0.0004703813016079407
1536.405	0.0004701170235749577
1536.41	0.000469965584999533
1536.415	0.0004681939689403914
1536.4199999999998	0.0004661068295327162
1536.4250000000002	0.00046434510074533657
1536.43	0.0004628196896059185
1536.435	0.0004611560580609125
1536.44	0.0004595822747481185
1536.445	0.0004581029777792482
1536.4499999999998	0.0004577046047151837
1536.4550000000002	0.00045800481454848284
1536.46	0.0004590089354694241
1536.465	0.0004612094915719745
1536.47	0.0004647831081834114
1536.475	0.00046914633226552004
1536.4799999999998	0.0004743675653453071
1536.4850000000001	0.00047682643674760967
1536.49	0.0004792653205243833
1536.4950000000001	0.00047850850948327024
1536.5	0.0004765727642972412
1536.5049999999999	0.00047212702702742666
1536.51	0.00046777302557028693
1536.515	0.00046337110481205467
1536.52	0.0004586886992179124
1536.525	0.0004543352671424132
1536.53	0.0004505671469244684
1536.5349999999999	0.00044851785925056084
1536.54	0.00044772343247105335
1536.545	0.0004488194936442877
1536.55	0.0004519128145097649
1536.555	0.00045538469331139135
1536.56	0.00046019013192683715
1536.5649999999998	0.0004640336516247667
1536.5700000000002	0.00046848574579879244
1536.575	0.0004711021758719555
1536.58	0.0004737600518298605
1536.585	0.0004753087073911053
1536.59	0.0004756909409133431
1536.5949999999998	0.0004748081952251498
1536.6000000000001	0.0004723049694275297
1536.605	0.00046969251949323013
1536.6100000000001	0.0004664853265244721
1536.615	0.0004617679360584592
1536.62	0.00045561127062838306
1536.625	0.0004492268686478924
1536.63	0.0004425863271941452
1536.635	0.00043699519018228287
1536.64	0.0004362033795747778
1536.645	0.0004412650063386249
1536.6499999999999	0.0004521836386282106
1536.655	0.0004632818187051816
1536.66	0.0004713477178135273
1536.665	0.00047679375914085054
1536.67	0.0004750783743473903
1536.675	0.0004703388573206739
1536.6799999999998	0.0004637499871619328
1536.685	0.00045625897869887517
1536.69	0.00044848807226068965
1536.695	0.0004426982912710397
1536.7	0.000438844316627904
1536.705	0.0004374900328084815
1536.71	0.00043895155527545916
1536.7150000000001	0.0004429188059918915
1536.72	0.0004495323119184481
1536.7250000000001	0.0004570425757043989
1536.73	0.000465254149235537
1536.735	0.0004728703582739892
1536.74	0.00047886425148333526
1536.7450000000001	0.0004830867964085954
1536.75	0.0004828335445772398
1536.755	0.00048159927871332025
1536.76	0.0004785288281912273
1536.7649999999999	0.00047437097991295357
1536.77	0.00046981024226579383
1536.775	0.00046406063503995397
1536.78	0.0004598997414534057
1536.785	0.0004569958871520924
1536.79	0.00045467659954898337
1536.7949999999998	0.0004532386859447956
1536.8	0.0004531231179438017
1536.805	0.0004544173920283408
1536.81	0.000457862051320941
1536.815	0.0004631252142215024
1536.82	0.000470066050879295
1536.825	0.00047793319395603054
1536.83	0.0004859772616061116
1536.835	0.0004923628220968604
1536.8400000000001	0.0004970836619707276
1536.845	0.0004962932903389078
1536.85	0.0004943262383449998
1536.855	0.0004899770486151762
1536.86	0.00048485977480253786
1536.865	0.0004793089558241899
1536.8700000000001	0.0004749496249318663
1536.875	0.0004711100349458716
1536.8799999999999	0.00046773658079245575
1536.885	0.0004655346051235247
1536.89	0.00046400565099068863
1536.895	0.00046424885201430037
1536.9	0.0004656325819029066
1536.905	0.0004678890722302684
1536.9099999999999	0.0004711905816778628
1536.915	0.00047383859908147526
1536.92	0.00047754091779656025
1536.925	0.0004798646161812045
1536.93	0.0004826434261727852
1536.935	0.000483106832568612
1536.94	0.00048348518124526865
1536.945	0.0004827751642877815
1536.95	0.00048134695084915924
1536.9550000000002	0.0004791592742035255
1536.96	0.0004757530185200636
1536.965	0.00047235366644615353
1536.97	0.0004684647245842666
1536.975	0.0004636665385919701
1536.98	0.0004574676832276196
1536.9850000000001	0.0004511260779191955
1536.99	0.00044533803328957366
1536.995	0.00044310067824564333
1537	0.0004455637808535009
1537.0049999999999	0.00045318586014993434
1537.01	0.0004628709555368726
1537.015	0.00047256648135692736
1537.02	0.00047707971998909107
1537.0249999999999	0.0004788623033503471
1537.03	0.00047550989833591595
1537.035	0.0004699569430756684
1537.04	0.00046283161054693124
1537.045	0.00045485233837989935
1537.05	0.0004472378110853565
1537.055	0.0004409514330351103
1537.06	0.0004369951941166221
1537.065	0.0004354643170027714
1537.0700000000002	0.0004362516541011244
1537.075	0.0004390482044944955
1537.08	0.00044355019294827543
1537.085	0.0004495864705184017
1537.09	0.0004570204905033276
1537.095	0.00046358362379648777
1537.1000000000001	0.00046945008875477816
1537.105	0.0004739154158898949
1537.11	0.0004750722145909382
1537.115	0.00047568290996668447
1537.12	0.0004734882387348907
1537.125	0.0004706872160534066
1537.13	0.00046652052290403615
1537.135	0.0004609825416696305
1537.1399999999999	0.0004555881848102712
1537.145	0.00045067269838331905
1537.1499999999999	0.00044613667419796354
1537.1550000000002	0.00044167988382877855
1537.16	0.0004379255533704279
1537.165	0.000435897978390063
1537.17	0.00043539618553595694
1537.175	0.00043667505696505797
1537.18	0.0004394920889998696
1537.1850000000002	0.0004456142525995151
1537.19	0.0004538305217493288
1537.195	0.0004619022121150339
1537.2	0.0004674040370229518
1537.205	0.000472414992938528
1537.21	0.00047280046312682297
1537.2150000000001	0.00047155841075132733
1537.22	0.00046626882769817187
1537.225	0.00046159396896223743
1537.23	0.0004569904568489794
1537.235	0.00045317948923645685
1537.24	0.0004491075207119656
1537.2450000000001	0.0004465547729743203
1537.25	0.00044609090157317664
1537.2549999999999	0.0004471979251566033
1537.26	0.0004495913161720726
1537.2649999999999	0.0004527495144825491
1537.2700000000002	0.00045668188122043756
1537.275	0.000461800728795847
1537.28	0.00046695799349217307
1537.285	0.00047124913205371706
1537.29	0.00047511985205155824
1537.2949999999998	0.0004763980006888722
1537.3000000000002	0.00047957565391092187
1537.305	0.00048018271597710205
1537.31	0.0004814960830351794
1537.315	0.00048014941397981915
1537.32	0.0004799039345484314
1537.3249999999998	0.0004787942637365561
1537.3300000000002	0.0004772680263483638
1537.335	0.00047410242659222884
1537.34	0.000471017928007796
1537.345	0.00046816257462357246
1537.35	0.0004664997052270276
1537.355	0.00046796544242211504
1537.3600000000001	0.0004722074370884668
1537.365	0.00047858559815444407
1537.37	0.00048347224922722337
1537.375	0.0004882655872165372
1537.3799999999999	0.0004896821507266106
1537.385	0.0004886111711314944
1537.39	0.00048542317353962247
1537.395	0.0004813702334362679
1537.4	0.00047627144645587336
1537.405	0.00047087718662322444
1537.4099999999999	0.0004652999420297395
1537.4150000000002	0.00046202294773310253
1537.42	0.0004604237969535128
1537.425	0.00046033398761657495
1537.43	0.0004617825741334017
1537.435	0.00046475806573587243
1537.4399999999998	0.00046899048283862734
1537.4450000000002	0.0004750707024218334
1537.45	0.00048115320721726603
1537.455	0.00048633218320920363
1537.46	0.0004905710543166106
1537.465	0.000493942192408035
1537.4699999999998	0.0004938975180282856
1537.4750000000001	0.0004934315306521633
1537.48	0.0004911809113074145
1537.485	0.0004876691849509154
1537.49	0.00048325533833158305
1537.495	0.0004777991001675744
1537.5	0.0004727245760204537
1537.505	0.00046794272195399073
1537.51	0.00046365366605670194
1537.515	0.0004589179299752644
1537.52	0.0004555881816021117
1537.5249999999999	0.00045462735283449283
1537.53	0.0004559793741660902
1537.535	0.0004602323022589165
1537.54	0.0004671284069897219
1537.545	0.0004769248523860863
1537.55	0.0004872714155109174
1537.5549999999998	0.0004952768806381761
1537.5600000000002	0.0004995721567109696
1537.565	0.0004996098869297337
1537.57	0.0004966725392810926
1537.575	0.0004900604644303424
1537.58	0.0004818047142854483
1537.5849999999998	0.0004750112401411712
1537.5900000000001	0.0004692889053594598
1537.595	0.0004656326233883882
1537.6	0.00046339594954965946
1537.605	0.0004643051618462724
1537.61	0.0004681239995325434
1537.615	0.00047388610343336866
1537.6200000000001	0.00048105654449110574
1537.625	0.0004889092590060154
1537.63	0.0004967427935191198
1537.635	0.0005035713612878352
1537.6399999999999	0.0005082076724730711
1537.645	0.000510524866540173
1537.65	0.0005110219107835306
1537.655	0.0005101453873763778
1537.66	0.0005088762700960281
1537.665	0.0005069913388682908
1537.6699999999998	0.0005041663681856795
1537.675	0.000500658527125148
1537.68	0.0004975930788896675
1537.685	0.0004943811711851939
1537.69	0.0004903816552430807
1537.695	0.00048678337506345183
1537.6999999999998	0.00048412875436072684
1537.7050000000002	0.0004831711165273113
1537.71	0.0004845620568482962
1537.715	0.0004876360944685134
1537.72	0.0004922790621717351
1537.725	0.000496781204204698
1537.73	0.0004989478159547517
1537.7350000000001	0.0004997594398150945
1537.74	0.0004979005084388716
1537.7450000000001	0.0004948654446076994
1537.75	0.0004914467533400627
1537.7549999999999	0.00048724736958047734
1537.76	0.00048269058284197605
1537.765	0.0004782538706754098
1537.77	0.0004741438716796209
1537.775	0.00047209271958925165
1537.78	0.00047049692696394553
1537.7849999999999	0.00047054116469181926
1537.79	0.00047194922800916303
1537.795	0.00047434844709135274
1537.8	0.00047825145127907163
1537.805	0.00048264430452249355
1537.81	0.000486440661400873
1537.8149999999998	0.0004899470495361394
1537.82	0.0004916436056681061
1537.825	0.0004916811782119238
1537.8300000000002	0.000491514272376668
1537.835	0.0004892054655065518
1537.84	0.0004863757838520888
1537.845	0.0004820047575700399
1537.8500000000001	0.00047680603802907135
1537.855	0.0004717042549052689
1537.8600000000001	0.00046721960224566073
1537.865	0.00046302922037953683
1537.87	0.0004582518368695066
1537.875	0.0004538007198659353
1537.88	0.0004516379559302896
1537.885	0.0004504988547938456
1537.89	0.00045242361427958274
1537.895	0.0004560699887833715
1537.8999999999999	0.00046267833841072756
1537.905	0.00047061460372713914
1537.91	0.0004788070732839628
1537.915	0.00048445225628163834
1537.92	0.00048793969378612377
1537.925	0.00048768384503381
1537.9299999999998	0.0004842472024545689
1537.935	0.0004774822625864608
1537.94	0.00046928874226173547
1537.9450000000002	0.00046136162350949764
1537.95	0.0004540397184673459
1537.955	0.0004470646585091588
1537.96	0.0004412658035722747
1537.965	0.0004377915671220342
1537.97	0.000436562042075835
1537.9750000000001	0.00043752253862165756
1537.98	0.00044156959314955817
1537.985	0.00044669815075734187
1537.99	0.0004546460932316047
1537.995	0.0004622714300099261
1538	0.0004696707939485266
1538.005	0.00047605028002562763
1538.01	0.0004800156231997513
1538.0149999999999	0.00048386550028006037
1538.02	0.0004855154636757204
1538.025	0.0004862613452959134
1538.03	0.0004851256308544441
1538.035	0.00048382976097370497
1538.04	0.0004810417292629578
1538.0449999999998	0.00047757051379363955
1538.05	0.0004708331467961313
1538.055	0.0004639147777201937
1538.0600000000002	0.0004569371712565914
1538.065	0.00045104971473975254
1538.07	0.0004487747668213859
1538.075	0.00045233007702231504
1538.08	0.0004592017013067735
1538.085	0.0004709659555641699
1538.0900000000001	0.00048024787373266326
1538.095	0.00048652957570986506
1538.1	0.0004894963435144007
1538.105	0.000489502431893835
1538.11	0.00048657115501278883
1538.115	0.0004820904218730551
1538.1200000000001	0.00047659433213220536
1538.125	0.00047089776805196503
1538.1299999999999	0.0004661089546707143
1538.135	0.0004626097863364029
1538.1399999999999	0.00046059393067127906
1538.145	0.0004603034612886251
1538.15	0.0004617051769076795
1538.155	0.00046505283750383574
1538.1599999999999	0.000470030094210079
1538.165	0.00047520794625332993
1538.17	0.0004813579309284155
1538.1750000000002	0.000485445234118371
1538.18	0.0004899682439734427
1538.185	0.0004933836112327529
1538.19	0.0004953140605806331
1538.195	0.0004963564647979348
1538.2	0.0004955669748904174
1538.2050000000002	0.0004937068045301872
1538.21	0.0004919162347551276
1538.215	0.000489844514168193
1538.22	0.0004875278928468029
1538.225	0.00048464651790076213
1538.23	0.00048126609253883185
1538.2350000000001	0.0004788306096666813
1538.24	0.00047732841851671755
1538.245	0.0004772102692863157
1538.25	0.00047942012886602927
1538.2549999999999	0.0004844285574427856
1538.26	0.0004910485794812976
1538.265	0.0004971950584997728
1538.27	0.0005027847652833917
1538.2749999999999	0.0005066621452780701
1538.28	0.0005086512699891832
1538.2849999999999	0.0005073986203409826
1538.2900000000002	0.0005046797474570721
1538.295	0.0005010964405214069
1538.3	0.0004977681524367848
1538.305	0.0004943857468282293
1538.31	0.0004916889815998683
1538.315	0.0004906418907869761
1538.3200000000002	0.0004912284898709832
1538.325	0.0004932388428915761
1538.33	0.000497185795441922
1538.335	0.0005012394393132386
1538.34	0.00050746300233268
1538.345	0.0005135695521692667
1538.3500000000001	0.0005185617567597023
1538.355	0.0005228257697638586
1538.36	0.0005246893291258282
1538.365	0.0005260871352087701
1538.37	0.0005269011491454617
1538.375	0.0005262739044726567
1538.38	0.0005248704046817942
1538.385	0.0005218745424144783
1538.39	0.0005191115916340456
1538.395	0.0005161109476070187
1538.3999999999999	0.0005127574167906046
1538.4050000000002	0.0005080587581749821
1538.41	0.0005034410529571082
1538.415	0.0005002067957187507
1538.42	0.0004997085300392113
1538.425	0.0005034337824585016
1538.4299999999998	0.0005104521282795028
1538.4350000000002	0.000519078108136792
1538.44	0.0005262036197836075
1538.445	0.0005324507789409449
1538.45	0.0005347998880871093
1538.455	0.0005341778081076935
1538.4599999999998	0.0005318473291176987
1538.4650000000001	0.0005286546725689362
1538.47	0.0005247085550667348
1538.475	0.0005209257413344714
1538.48	0.0005168505836672268
1538.485	0.000514970676935778
1538.49	0.0005142889969334254
1538.4950000000001	0.0005142579902847385
1538.5	0.0005154748060957312
1538.505	0.0005175319557585315
1538.51	0.0005200022923660615
1538.5149999999999	0.0005235479022947381
1538.52	0.0005262636229257997
1538.525	0.0005292231645212226
1538.53	0.0005306487236933076
1538.535	0.0005310630572281762
1538.54	0.0005320650469377567
1538.5449999999998	0.0005312722022661376
1538.5500000000002	0.0005307832206240706
1538.555	0.0005291581320020393
1538.56	0.0005267046175478577
1538.565	0.000524073520670721
1538.57	0.0005217145663916717
1538.5749999999998	0.0005188100041121251
1538.5800000000002	0.0005162604365828948
1538.585	0.0005131504971617556
1538.59	0.000510396988931556
1538.595	0.0005074823625664269
1538.6	0.000505708041665239
1538.6049999999998	0.0005048098610006504
1538.6100000000001	0.0005057575538353096
1538.615	0.0005084845469059293
1538.6200000000001	0.0005131483654986638
1538.625	0.0005158752547622361
1538.6299999999999	0.0005199709814214313
1538.635	0.0005216628209851577
1538.64	0.0005210603276830201
1538.645	0.0005179956207745572
1538.65	0.0005134704522480511
1538.655	0.0005080571225869052
1538.6599999999999	0.0005018602389897189
1538.665	0.0004955784010440566
1538.67	0.0004904285151039715
1538.675	0.00048676992664781503
1538.68	0.00048481284950969896
1538.685	0.00048511739626654364
1538.6899999999998	0.00048672378215613987
1538.6950000000002	0.0004909520598308396
1538.7	0.0004955241017812872
1538.705	0.0005011098544416281
1538.71	0.0005064083211255945
1538.715	0.0005101562116665248
1538.7199999999998	0.00051390761223208
1538.7250000000001	0.0005165757028687756
1538.73	0.0005181923538142498
1538.7350000000001	0.000518949687322047
1538.74	0.0005182975890379281
1538.745	0.0005175389651448893
1538.75	0.0005152442745497782
1538.755	0.0005110971981196587
1538.76	0.000505201058409939
1538.765	0.000497199828167769
1538.77	0.0004871944816389406
1538.7749999999999	0.00047663193285809544
1538.78	0.00047036417178872395
1538.785	0.0004706898141811065
1538.79	0.0004766835711900968
1538.795	0.00048649741046916345
1538.8	0.0004973132031088173
1538.8049999999998	0.0005070079999160172
1538.81	0.0005119934551687976
1538.815	0.0005141859424764215
1538.82	0.0005116619244464575
1538.825	0.0005060343116804024
1538.83	0.0004973243244812712
1538.8349999999998	0.0004888739149252497
1538.8400000000001	0.00048150813814877395
1538.845	0.0004753715942891642
1538.8500000000001	0.0004708387571958249
1538.855	0.0004688243101626801
1538.86	0.00046900250681772065
1538.865	0.0004726681895013283
1538.8700000000001	0.0004781763508517551
1538.875	0.00048467188741108813
1538.88	0.0004934216723877416
1538.885	0.0004998138059199375
1538.8899999999999	0.0005072662781948526
1538.895	0.0005136728200375451
1538.9	0.000517880822779936
1538.905	0.0005208070251657476
1538.91	0.000520427648424498
1538.915	0.0005188074006947093
1538.9199999999998	0.0005163441686822287
1538.925	0.0005131386052845164
1538.93	0.0005087685338050507
1538.935	0.0005032192907938186
1538.94	0.0004962970240939272
1538.945	0.0004899507559228551
1538.95	0.00048361682980006744
1538.955	0.0004783557115669452
1538.96	0.00047509363508797467
1538.9650000000001	0.00047518858793320134
1538.97	0.00047920198281058634
1538.975	0.00048710864493156284
1538.98	0.0004950008781831674
1538.985	0.0005050086886236729
1538.99	0.0005124586263077124
1538.9950000000001	0.0005179908115719387
1539	0.000519476066610906
1539.0049999999999	0.0005182340242007379
1539.01	0.0005155022319613458
1539.015	0.0005105093007623565
1539.02	0.0005044353313460073
1539.025	0.0004971554951377014
1539.03	0.00049134378261659
1539.0349999999999	0.00048699765035624637
1539.04	0.00048481657743932693
1539.045	0.0004851435368961782
1539.05	0.0004877058166220389
1539.055	0.0004924819835376403
1539.06	0.0004979461607177244
1539.065	0.0005042680292859183
1539.07	0.0005098587476246941
1539.075	0.0005148380376518057
1539.0800000000002	0.0005209906840447768
1539.085	0.0005240839660178539
1539.09	0.00052876708176146
1539.095	0.0005297491151190548
1539.1	0.0005324303054998331
1539.105	0.000533461532637985
1539.1100000000001	0.000534402138435349
1539.115	0.0005330273183983367
1539.12	0.0005305248954089977
1539.125	0.0005263624991231335
1539.1299999999999	0.0005213043489607324
1539.135	0.0005176021751335724
1539.14	0.0005175485773969732
1539.145	0.0005221607061718987
1539.1499999999999	0.0005285008346502927
1539.155	0.0005358681468340225
1539.16	0.0005427129902194312
1539.165	0.0005473340161547142
1539.17	0.0005497054398085808
1539.175	0.0005494606599661392
1539.18	0.0005471846456464047
1539.185	0.000542964288506212
1539.19	0.0005381618295116525
1539.1950000000002	0.0005340235559853376
1539.2	0.0005308164410757753
1539.205	0.0005288018147373632
1539.21	0.0005287260460399142
1539.215	0.000529860559559416
1539.22	0.0005327405394598257
1539.2250000000001	0.000536997817873958
1539.23	0.000541842973123555
1539.235	0.0005466422588066109
1539.24	0.0005511555353146573
1539.245	0.0005541423683784809
1539.25	0.0005568757835289667
1539.255	0.0005587861465442655
1539.26	0.0005593060391493681
1539.2649999999999	0.0005589116916160144
1539.27	0.0005566850019434822
1539.2749999999999	0.0005546956552727294
1539.28	0.0005520064854673442
1539.285	0.0005489562802395819
1539.29	0.0005448143106721966
1539.295	0.0005405460324377228
1539.3	0.0005371234524145697
1539.305	0.0005344820176582766
1539.3100000000002	0.0005336278700490442
1539.315	0.0005347195275693535
1539.32	0.0005394243050554565
1539.325	0.0005462447348772181
1539.33	0.0005531633336476592
1539.335	0.0005594921460827094
1539.3400000000001	0.0005636996153081907
1539.345	0.000565270950254984
1539.35	0.0005644942262083754
1539.355	0.0005607548055010623
1539.36	0.000557136728529401
1539.365	0.0005520707231382066
1539.3700000000001	0.0005473255393434929
1539.375	0.0005424506816255917
1539.3799999999999	0.0005389972306096331
1539.385	0.0005372324595112875
1539.3899999999999	0.0005366467355042253
1539.395	0.0005375075851462047
1539.4	0.0005399921433925652
1539.405	0.0005428614236600262
1539.41	0.0005472209180149595
1539.415	0.0005509481966005543
1539.4199999999998	0.000554750987212269
1539.4250000000002	0.000556589703235935
1539.43	0.0005579894365061551
1539.435	0.0005596728783902709
1539.44	0.0005596592090691752
1539.445	0.0005600884650503837
1539.4499999999998	0.0005587507528656637
1539.4550000000002	0.0005578462709962255
1539.46	0.0005569353979988273
1539.465	0.0005546573771709609
1539.47	0.0005507892616587474
1539.475	0.0005459029192751091
1539.48	0.0005398633677668389
1539.4850000000001	0.0005320641722818794
1539.49	0.0005242499558650258
1539.495	0.0005192273798184671
1539.5	0.0005185056613233524
1539.5049999999999	0.0005205346133416187
1539.5100000000002	0.0005255446361221627
1539.515	0.000530920085020962
1539.52	0.0005364348830267224
1539.525	0.0005410144208277232
1539.53	0.0005439529215217985
1539.5349999999999	0.0005438542453893018
1539.5400000000002	0.0005407739022104844
1539.545	0.0005355091855867633
1539.55	0.0005284931591186322
1539.555	0.0005217604730063555
1539.56	0.0005148704865182597
1539.5649999999998	0.0005089701446774487
1539.5700000000002	0.0005042769055355482
1539.575	0.0005013839395378677
1539.58	0.0005008701285745133
1539.585	0.000502294045811716
1539.59	0.0005060204212387513
1539.5949999999998	0.0005119453019752473
1539.6000000000001	0.0005172379411548514
1539.605	0.0005228859626016949
1539.61	0.0005289620493098144
1539.615	0.0005331201135899389
1539.62	0.0005368010575432855
1539.625	0.0005385524504788883
1539.63	0.0005387540839350537
1539.635	0.0005381846108420025
1539.64	0.0005362952617473112
1539.645	0.0005323342341122953
1539.6499999999999	0.0005260365832488431
1539.655	0.0005189419833554118
1539.66	0.0005121101402773841
1539.665	0.0005061125038606273
1539.67	0.0005013196904352213
1539.675	0.0004992113342113546
1539.6799999999998	0.0005019918155852918
1539.6850000000002	0.0005083093597099387
1539.69	0.0005170050726721381
1539.695	0.0005271653057792639
1539.7	0.0005356123090756383
1539.705	0.0005417382295503348
1539.7099999999998	0.0005444342576642494
1539.7150000000001	0.000543623247723207
1539.72	0.0005400567101939198
1539.725	0.0005346235705383118
1539.73	0.0005275009578680399
1539.735	0.000519341612755228
1539.74	0.0005115626177050376
1539.7450000000001	0.0005049512642446647
1539.75	0.0005007833187172729
1539.755	0.0004995073134492033
1539.76	0.0005004676741815638
1539.7649999999999	0.0005049503145455744
1539.77	0.000511210604010233
1539.775	0.0005183378767700075
1539.78	0.0005257196199086073
1539.785	0.0005315878307348496
1539.79	0.0005380226371032038
1539.7949999999998	0.0005424018850814478
1539.8	0.0005459850975865112
1539.805	0.000548108365569259
1539.81	0.0005497502465022218
1539.815	0.0005495959265938506
1539.82	0.0005482097408868268
1539.8249999999998	0.0005434556323896835
1539.8300000000002	0.000536253075727715
1539.835	0.000527362889518447
1539.84	0.0005168506455832571
1539.845	0.0005065912713543889
1539.85	0.0005004976716579137
1539.855	0.0005015433027445766
1539.8600000000001	0.0005075601059695851
1539.865	0.0005174850195835886
1539.8700000000001	0.0005275877984087325
1539.875	0.0005365782425084644
1539.8799999999999	0.0005435485669201488
1539.885	0.0005478573425715838
1539.89	0.0005475755591242405
1539.895	0.000544640391999444
1539.9	0.0005391288756309608
1539.905	0.0005321697122804603
1539.9099999999999	0.0005250464021827251
1539.915	0.000518547848581568
1539.92	0.0005128875901152296
1539.925	0.0005091721193602187
1539.93	0.0005071904433292234
1539.935	0.0005073625074800866
1539.9399999999998	0.0005093750461705331
1539.945	0.000512844864591773
1539.95	0.0005184409702011658
1539.955	0.000522621809438992
1539.96	0.0005290868834602321
1539.965	0.0005343902330250156
1539.97	0.0005391129237078965
1539.9750000000001	0.0005433033161295107
1539.98	0.0005454750646053076
1539.9850000000001	0.0005474412135588087
1539.99	0.0005488659677910336
1539.995	0.0005485494621342258
1540	0.0005475660299693702
1540.005	0.0005450853725011587
1540.01	0.0005417211038448276
1540.015	0.000538102705598332
1540.02	0.0005347539555821867
1540.0249999999999	0.0005314903868671948
1540.03	0.0005299359414483769
1540.035	0.0005311786647613792
1540.04	0.0005354200337942504
1540.045	0.0005393668404796616
1540.05	0.0005468225312101159
1540.0549999999998	0.0005534137798264034
1540.06	0.0005588665626286591
1540.065	0.0005618771359100946
1540.07	0.0005631929170229129
1540.075	0.0005626678661668275
1540.08	0.000560393822264209
1540.085	0.0005568984091691934
1540.09	0.0005523503643556903
1540.095	0.0005479712792339278
1540.1000000000001	0.0005441526979299261
1540.105	0.000541494924436171
1540.11	0.0005397302268620518
1540.115	0.0005394536845849472
1540.12	0.0005408764741767067
1540.125	0.0005432905024860144
1540.13	0.0005466326868181067
1540.135	0.0005500927882740091
1540.1399999999999	0.0005523393637993717
1540.145	0.0005566130447624912
1540.15	0.0005582320347272681
1540.155	0.0005613600497495939
1540.16	0.0005622335786871731
1540.165	0.0005635314278612587
1540.1699999999998	0.0005641220177498949
1540.175	0.0005631804135105593
1540.18	0.00056106908616568
1540.1850000000002	0.0005559277151031209
1540.19	0.0005489105245656898
1540.195	0.000539395198334533
1540.2	0.0005296156399463032
1540.205	0.0005235115333408069
1540.21	0.0005233088382415324
1540.2150000000001	0.0005276453050464865
1540.22	0.0005379566987573256
1540.225	0.0005474090571678253
1540.23	0.0005552201994639018
1540.235	0.0005616276480975946
1540.24	0.0005659217187162073
1540.2450000000001	0.0005672108422060596
1540.25	0.0005658918166321574
1540.2549999999999	0.0005619558083840152
1540.26	0.0005566966551917729
1540.2649999999999	0.0005509182903706099
1540.27	0.0005461176335596643
1540.275	0.0005420303400778614
1540.28	0.0005385106099417339
1540.2849999999999	0.0005361171827636594
1540.29	0.000535710570177945
1540.295	0.0005371281776162381
1540.3000000000002	0.000539640490460454
1540.305	0.0005429133666919791
1540.31	0.0005454773981605172
1540.315	0.0005485433175612136
1540.32	0.0005518046140953838
1540.325	0.0005530540266329406
1540.3300000000002	0.0005546900072042644
1540.335	0.0005542968986129704
1540.34	0.0005543393097135343
1540.345	0.0005537870352941168
1540.35	0.0005528355541614005
1540.355	0.0005511247073953657
1540.3600000000001	0.0005482388946630462
1540.365	0.000544689069484502
1540.37	0.0005406974123052157
1540.375	0.000536950954410068
1540.3799999999999	0.0005326933199132994
1540.385	0.0005283680045036091
1540.39	0.0005242157204711738
1540.395	0.0005222140798809272
1540.3999999999999	0.0005215912708225591
1540.405	0.0005225890625355139
1540.4099999999999	0.000524886495648515
1540.4150000000002	0.0005286082795702571
1540.42	0.0005321534356031849
1540.425	0.0005364486018442654
1540.43	0.0005401644156088669
1540.435	0.0005427269650468482
1540.44	0.00054393040439057
1540.4450000000002	0.0005428412960850043
1540.45	0.0005399739868152966
1540.455	0.0005352782967609599
1540.46	0.000529707453907757
1540.465	0.0005236983299983142
1540.47	0.0005174804586805725
1540.4750000000001	0.0005128981399493488
1540.48	0.000509711900972283
1540.485	0.0005088122583404429
1540.49	0.0005089181746848523
1540.495	0.0005107284977525966
1540.5	0.0005139633539213872
1540.505	0.0005175368825842905
1540.51	0.0005215670491809917
1540.515	0.000525675457963757
1540.52	0.0005303362758491527
1540.5249999999999	0.0005352568436216147
1540.5300000000002	0.000539032957292686
1540.535	0.0005411049725875686
1540.54	0.0005417607607963492
1540.545	0.0005388323287610122
1540.55	0.0005320769056658489
1540.5549999999998	0.0005197383422725154
1540.5600000000002	0.0005063108918712577
1540.565	0.0004974116253454074
1540.57	0.0004944185493832
1540.575	0.0004976209585809748
1540.58	0.0005057631207156383
1540.5849999999998	0.0005158861443135488
1540.5900000000001	0.0005255812344662321
1540.595	0.0005370419234354122
1540.6	0.0005432807774851114
1540.605	0.0005462669750070655
1540.61	0.0005444579413887145
1540.615	0.0005395806794674373
1540.6200000000001	0.0005326121206228697
1540.625	0.0005245289280468077
1540.63	0.0005164590799476955
1540.635	0.0005086792920882071
1540.6399999999999	0.0005030395867395621
1540.645	0.0005001297753754509
1540.65	0.0004999034731262531
1540.655	0.0005020729166239995
1540.66	0.000506901899279935
1540.665	0.000512435472492939
1540.6699999999998	0.0005197497310026142
1540.6750000000002	0.000527507695025734
1540.68	0.0005345984708439221
1540.685	0.0005407561894737232
1540.69	0.0005462972677543412
1540.695	0.0005496886557397249
1540.6999999999998	0.0005526690149849959
1540.7050000000002	0.0005536095015244716
1540.71	0.0005526413141416591
1540.715	0.0005499430140419331
1540.72	0.0005447249849223656
1540.725	0.0005373195843527905
1540.7299999999998	0.0005291222806999856
1540.7350000000001	0.0005203625719343957
1540.74	0.0005127098996063381
1540.7450000000001	0.0005078158793609302
1540.75	0.0005073811174039024
1540.7549999999999	0.000509671692156602
1540.76	0.0005169820191651595
1540.765	0.0005247347622461753
1540.77	0.0005344377128879322
1540.775	0.0005413944882888296
1540.78	0.0005474313365930565
1540.7849999999999	0.0005524365885030177
1540.79	0.0005535598786772136
1540.795	0.0005528071197203934
1540.8	0.0005494620345963964
1540.805	0.0005448627997007327
1540.81	0.0005397329787109137
1540.8149999999998	0.0005343067875099313
1540.8200000000002	0.0005289345595377246
1540.825	0.0005244544115837192
1540.83	0.0005220385719760243
1540.835	0.0005213815763798711
1540.84	0.0005221594570927747
1540.8449999999998	0.000524026322243303
1540.8500000000001	0.0005258346305479756
1540.855	0.0005299922320004533
1540.8600000000001	0.0005338623236089288
1540.865	0.0005379319166939029
1540.87	0.0005420374585958937
1540.875	0.0005458560144464523
1540.88	0.000550179588589959
1540.885	0.0005540662514019236
1540.89	0.000557636144820008
1540.895	0.0005597214678980593
1540.8999999999999	0.0005614825264105642
1540.905	0.0005607560092657313
1540.91	0.0005567622845793151
1540.915	0.0005512163134152334
1540.92	0.0005459081732928357
1540.925	0.0005425867941833963
1540.9299999999998	0.0005426936203251977
1540.935	0.0005439491026122985
1540.94	0.0005476661718649992
1540.945	0.0005518116833718786
1540.95	0.0005565560343952596
1540.955	0.0005606100266365103
1540.9599999999998	0.0005631838523499973
1540.9650000000001	0.000564173330614389
1540.97	0.0005630099678800801
1540.9750000000001	0.0005609265937132671
1540.98	0.000557700046630631
1540.985	0.000553973759510279
1540.99	0.0005500246986074661
1540.9950000000001	0.0005461695981130766
1541	0.0005437521194485434
1541.005	0.0005422254675771099
1541.01	0.0005421327689292849
1541.0149999999999	0.0005431137554125511
1541.02	0.0005448133500204848
1541.025	0.0005472836505111578
1541.03	0.0005510542343174661
1541.035	0.0005537050999867661
1541.04	0.0005573850938162052
1541.0449999999998	0.0005600584001003412
1541.05	0.0005626184025828266
1541.055	0.000565039215949698
1541.06	0.0005661037025866609
1541.065	0.0005664439479369932
1541.07	0.0005650610439589786
1541.0749999999998	0.0005633542444764888
1541.08	0.0005605304959705949
1541.085	0.0005558993941685217
1541.0900000000001	0.0005498915604331769
1541.095	0.0005436107417183088
1541.1	0.0005387158222501483
1541.105	0.0005359386137814418
1541.1100000000001	0.0005361550878066214
1541.115	0.0005396912997117955
1541.1200000000001	0.0005451854897879667
1541.125	0.0005513385956342822
1541.1299999999999	0.0005564352936392477
1541.135	0.0005613605640003538
1541.14	0.0005642398743352305
1541.145	0.0005652951680755464
1541.15	0.0005640110985386172
1541.155	0.0005605262812015416
1541.1599999999999	0.0005559549817592502
1541.165	0.0005508071702989864
1541.17	0.0005459344249462735
1541.175	0.0005415413975160234
1541.18	0.0005373815076548554
1541.185	0.0005352796181418348
1541.1899999999998	0.0005341696500505
1541.195	0.0005347848636563785
1541.2	0.0005358417179254145
1541.2050000000002	0.0005371722074535113
1541.21	0.000538886144215952
1541.215	0.0005407530433565426
1541.22	0.0005425179040292216
1541.225	0.0005440544215757816
1541.23	0.0005452327993848808
1541.2350000000001	0.0005469821774736333
1541.24	0.0005482951111665905
1541.245	0.000549747210810946
1541.25	0.0005508196897146582
1541.2549999999999	0.0005518955454293532
1541.26	0.0005503013454553994
1541.265	0.0005459877714723394
1541.27	0.0005393776522124984
1541.2749999999999	0.0005316522151607002
1541.28	0.0005239817946194118
1541.285	0.0005190896480411931
1541.29	0.0005170718029871594
1541.295	0.0005170809298940155
1541.3	0.0005191342953951759
1541.305	0.0005231415656692441
1541.31	0.0005277092192180842
1541.315	0.0005327040692557921
1541.3200000000002	0.0005374477485573119
1541.325	0.0005407981177355198
1541.33	0.0005428594669401357
1541.335	0.0005429228899265664
1541.34	0.0005409091181095351
1541.345	0.0005370638780365929
1541.3500000000001	0.0005316634763051864
1541.355	0.0005248799459600724
1541.36	0.0005177949734217456
1541.365	0.0005116123829118067
1541.37	0.0005062344117078639
1541.375	0.0005018004963841965
1541.38	0.0004987693662907997
1541.385	0.0004983764976077913
1541.3899999999999	0.0004991187439414779
1541.395	0.0005021733957747851
1541.3999999999999	0.0005056130342786958
1541.405	0.0005100860253809079
1541.41	0.0005158610361067561
1541.415	0.000522175642564195
1541.42	0.0005282739701534054
1541.425	0.0005341686044309886
1541.43	0.0005384350431114545
1541.4350000000002	0.0005416486184196626
1541.44	0.0005418434834745965
1541.445	0.0005386619849486163
1541.45	0.000531995502895392
1541.455	0.0005222572201721263
1541.46	0.0005119610469186023
1541.4650000000001	0.0005023463366082519
1541.47	0.0004968491911589509
1541.475	0.0004956905917317209
1541.48	0.0004983890224703111
1541.485	0.0005037803136793375
1541.49	0.0005121231896263281
1541.4950000000001	0.0005210085457343932
1541.5	0.000529328064121307
1541.5049999999999	0.0005364720329811538
1541.51	0.0005413762869576094
1541.5149999999999	0.0005434466874879094
1541.52	0.0005422474187561292
1541.525	0.0005378459302097008
1541.53	0.0005310003676504778
1541.535	0.0005231349236240383
1541.54	0.000515784733919026
1541.5449999999998	0.0005093426270161406
1541.5500000000002	0.0005050224126029721
1541.555	0.0005023072978979026
1541.56	0.0005007150388951032
1541.565	0.0005021989498581736
1541.57	0.0005039106794930518
1541.575	0.000507338742475041
1541.5800000000002	0.0005102355497475474
1541.585	0.0005152687828412443
1541.59	0.0005200924786106829
1541.595	0.0005262546775730911
1541.6	0.0005325153154450427
1541.605	0.0005392203921861738
1541.6100000000001	0.0005452227743070388
1541.615	0.0005488926442503889
1541.62	0.0005465556886454078
1541.625	0.0005394981227316567
1541.6299999999999	0.0005300197490336507
1541.6350000000002	0.0005197926127251878
1541.64	0.0005136272380919675
1541.645	0.000511768249306275
1541.65	0.0005131617071237258
1541.655	0.0005171996633177125
1541.6599999999999	0.0005241056847888703
1541.6650000000002	0.0005311694680430336
1541.67	0.0005386180759279905
1541.675	0.000544692161846771
1541.68	0.000549154390459064
1541.685	0.0005516913369610832
1541.6899999999998	0.0005519031084216282
1541.6950000000002	0.000549721812943883
1541.7	0.0005456319355083635
1541.705	0.000540098745714174
1541.71	0.000534514027678511
1541.715	0.0005291959370065713
1541.7199999999998	0.000524831863912566
1541.7250000000001	0.0005218289871095947
1541.73	0.0005200480731905864
1541.735	0.0005198842671315005
1541.74	0.000521476846097876
1541.745	0.0005235475712125864
1541.75	0.0005264256690976903
1541.755	0.0005299764276326198
1541.76	0.0005332292782710987
1541.765	0.0005382043355557214
1541.77	0.0005418471253024255
1541.7749999999999	0.0005463081929991659
1541.78	0.0005503267906350122
1541.785	0.000553568365017541
1541.79	0.000556260035664439
1541.795	0.0005578516749173346
1541.8	0.0005577965242932951
1541.8049999999998	0.0005559709325150864
1541.8100000000002	0.0005525825123443904
1541.815	0.0005494326159588145
1541.82	0.0005462058022802827
1541.825	0.0005432401830459348
1541.83	0.0005421164370014314
1541.8349999999998	0.0005424527417473611
1541.8400000000001	0.0005439746237904348
1541.845	0.0005461596918211744
1541.85	0.0005494022239281498
1541.855	0.0005521528610726764
1541.86	0.0005544721205815671
1541.865	0.0005563783265610904
1541.8700000000001	0.0005572086270079458
1541.875	0.0005573802404226538
1541.88	0.0005559621617354888
1541.885	0.0005530213020934485
1541.8899999999999	0.0005491981414018879
1541.895	0.0005455312818740297
1541.9	0.0005422377522899766
1541.905	0.0005399173954614201
1541.91	0.0005381084145145557
1541.915	0.0005361137372955003
1541.9199999999998	0.000535844644214192
1541.925	0.0005360942491857196
1541.93	0.0005367347885371342
1541.935	0.0005378390894676162
1541.94	0.0005391939775116362
1541.945	0.0005416341625568763
1541.9499999999998	0.0005445552278572309
1541.9550000000002	0.0005478968528923892
1541.96	0.0005512905681895413
1541.965	0.0005549925200779919
1541.97	0.0005571441247418792
1541.975	0.0005575801444532793
1541.98	0.0005539321067126982
1541.9850000000001	0.0005476592926709449
1541.99	0.0005389206254409814
1541.9950000000001	0.0005310405543959681
1542	0.0005268235540866868
1542.0049999999999	0.0005256901495587877
1542.01	0.0005260289558650622
1542.015	0.0005299553385532256
1542.02	0.0005336100000916602
1542.025	0.0005385173291721277
1542.03	0.0005433458373041174
1542.0349999999999	0.0005471074378174321
1542.04	0.0005495039454198946
1542.045	0.0005501313465275478
1542.05	0.0005490714026612693
1542.055	0.000547193982453393
1542.06	0.0005431573296754559
1542.0649999999998	0.0005380589104163329
1542.07	0.0005324229014870434
1542.075	0.000527570255190758
1542.08	0.0005239140583069138
1542.085	0.000521044920789963
1542.09	0.0005188636133615311
1542.095	0.0005180153599578636
1542.1000000000001	0.000517911518300053
1542.105	0.0005186854720972469
1542.1100000000001	0.0005200263837066863
1542.115	0.0005220443155759196
1542.12	0.0005250779334873266
1542.125	0.0005271796058019585
1542.13	0.0005300802875708085
1542.135	0.00053272224115233
1542.14	0.0005356201531905887
1542.145	0.0005385791299298926
1542.1499999999999	0.0005395085982792299
1542.155	0.0005399128783260293
1542.16	0.0005377887156335988
1542.165	0.0005340351658776805
1542.17	0.000528882015614034
1542.175	0.0005212766704476923
1542.1799999999998	0.0005141298755630173
1542.185	0.0005085070391090542
1542.19	0.0005050656762994636
1542.195	0.0005018847415868769
1542.2	0.0005011923909601999
1542.205	0.0005031705674675555
1542.21	0.0005064230463252844
1542.215	0.0005115445663641106
1542.22	0.0005164809262535711
1542.2250000000001	0.0005228914457962612
1542.23	0.000528737265396571
1542.235	0.0005325186515732253
1542.24	0.000534255491296829
1542.245	0.0005326567076305654
1542.25	0.0005292450778174768
1542.255	0.000524616586717439
1542.26	0.000519063417582312
1542.2649999999999	0.0005126735378898524
1542.27	0.0005065591318225327
1542.275	0.0005016990806246042
1542.28	0.0004980910341873762
1542.285	0.00049574917047666
1542.29	0.0004933188985148238
1542.2949999999998	0.0004928020153409998
1542.3	0.0004933032117863597
1542.305	0.0004948396816931488
1542.31	0.0004974840476809477
1542.315	0.0005022517498050913
1542.32	0.000509953213232503
1542.325	0.0005176682361923752
1542.33	0.0005256053605012066
1542.335	0.0005314191302717061
1542.3400000000001	0.0005324639531358917
1542.345	0.0005276187766233844
1542.35	0.0005176124012886638
1542.355	0.0005082725612918309
1542.36	0.0005020080350842376
1542.365	0.0004981708873747126
1542.3700000000001	0.0004985530515535276
1542.375	0.0005023348622879649
1542.3799999999999	0.0005080760869291749
1542.385	0.0005147857598136802
1542.3899999999999	0.0005220452727178924
1542.395	0.0005288908475552383
1542.4	0.0005338702208359365
1542.405	0.0005361247601779229
1542.4099999999999	0.0005358317180030608
1542.415	0.000532753468154254
1542.42	0.0005282139757503854
1542.4250000000002	0.0005229112954132631
1542.43	0.0005175195535393256
1542.435	0.0005128059065469883
1542.44	0.0005091790736266613
1542.445	0.0005069220469465305
1542.45	0.0005060364041545673
1542.4550000000002	0.0005063033866875146
1542.46	0.0005073268557446669
1542.465	0.000509308463426411
1542.47	0.0005116187177485171
1542.475	0.0005150965982069559
1542.48	0.0005192721809924418
1542.4850000000001	0.000522448074039215
1542.49	0.0005268228538248673
1542.495	0.0005295678647481624
1542.5	0.0005337639831564477
1542.5049999999999	0.0005371670372687086
1542.51	0.0005386923245303407
1542.515	0.0005385621723353117
1542.52	0.0005361679452704239
1542.5249999999999	0.0005319211336224268
1542.53	0.0005262176651079867
1542.5349999999999	0.0005201263358739324
1542.5400000000002	0.0005153423843531126
1542.545	0.0005128467290167757
1542.55	0.0005119921763500938
1542.555	0.000512870354527012
1542.56	0.0005166497523747984
1542.565	0.0005201698951415374
1542.5700000000002	0.0005256106869886135
1542.575	0.0005296017733193092
1542.58	0.000534583194370694
1542.585	0.0005378368296043829
1542.59	0.0005394627741676401
1542.595	0.0005393963570592649
1542.6000000000001	0.0005378373026576125
1542.605	0.0005351043128139456
1542.61	0.0005318639574787733
1542.615	0.0005288854228393864
1542.62	0.0005258292244184975
1542.625	0.0005225575381063177
1542.63	0.0005206943331259842
1542.635	0.0005191406526917362
1542.6399999999999	0.0005182577542510723
1542.645	0.0005175249431131938
1542.6499999999999	0.0005170573453443791
1542.6550000000002	0.0005173568986346222
1542.66	0.0005182817099305709
1542.665	0.0005198324214480964
1542.67	0.0005218352306559726
1542.675	0.000526569123780519
1542.6799999999998	0.0005318729669205682
1542.6850000000002	0.0005373424043468394
1542.69	0.0005421998100789466
1542.695	0.0005435833700715073
1542.7	0.0005413995134029856
1542.705	0.0005382893806315718
1542.7099999999998	0.0005345353168701656
1542.7150000000001	0.0005301990024120437
1542.72	0.0005271849857889856
1542.725	0.0005263887579037638
1542.73	0.0005265675082878646
1542.735	0.0005284175178679191
1542.74	0.0005307302057081706
1542.7450000000001	0.0005337014491051867
1542.75	0.0005372114079832813
1542.7549999999999	0.000540598905284522
1542.76	0.0005423863575865458
1542.7649999999999	0.0005440907495617276
1542.7700000000002	0.0005438918893365818
1542.775	0.0005424068152708252
1542.78	0.0005400070430443972
1542.785	0.0005365641288625854
1542.79	0.000533230400575198
1542.7949999999998	0.000529282152803554
1542.8000000000002	0.0005256109459563185
1542.805	0.0005225420788621285
1542.81	0.0005198467407859739
1542.815	0.0005184614468938284
1542.82	0.0005173521903203108
1542.8249999999998	0.0005168375530117797
1542.8300000000002	0.0005172412405281189
1542.835	0.0005185618031560746
1542.84	0.0005201718401881281
1542.845	0.0005225725535472547
1542.85	0.0005248068653906249
1542.8549999999998	0.0005280575043346196
1542.8600000000001	0.0005324096099613355
1542.865	0.0005357620925687957
1542.8700000000001	0.000538069102883833
1542.875	0.0005378802634342881
1542.8799999999999	0.0005353952847759555
1542.885	0.0005302487551987951
1542.89	0.0005218574231221595
1542.895	0.0005146467918018298
1542.9	0.0005084680795589424
1542.905	0.0005041145402102852
1542.9099999999999	0.0005014071805323815
1542.915	0.0005018306435869751
1542.92	0.0005043554218520069
1542.925	0.0005083514000930879
1542.93	0.0005134082573401801
1542.935	0.0005185266011764478
1542.9399999999998	0.0005242301582050045
1542.9450000000002	0.0005285765581863959
1542.95	0.0005317676230895009
1542.955	0.0005324040067329717
1542.96	0.0005303062862530234
1542.965	0.0005263490216707675
1542.9699999999998	0.000521749152856154
1542.9750000000001	0.0005169992825323046
1542.98	0.0005121719734977049
1542.9850000000001	0.0005077723852771162
1542.99	0.0005043816264366883
1542.995	0.0005018382363362407
1543	0.0004998940534442388
1543.005	0.0004983073592574556
1543.01	0.0004981808485056014
1543.015	0.0004987418153586189
1543.02	0.0005007887596232922
1543.0249999999999	0.0005033307532412464
1543.03	0.0005075948980345531
1543.035	0.0005137925682612832
1543.04	0.0005211694179177877
1543.045	0.0005274701314882205
1543.05	0.0005310534819151226
1543.0549999999998	0.0005314154163108867
1543.06	0.0005273227792880736
1543.065	0.0005227880185578964
1543.07	0.0005184435688424823
1543.075	0.0005134267653590509
1543.08	0.0005088023243751778
1543.0849999999998	0.0005059309865684832
1543.0900000000001	0.0005043654904987777
1543.095	0.000504841129028878
1543.1000000000001	0.0005049900975240259
1543.105	0.0005070713458049925
1543.11	0.0005098869741486017
1543.115	0.0005131056293698698
1543.1200000000001	0.0005166216054954016
1543.125	0.0005199845673702844
1543.13	0.0005225032097058059
1543.135	0.0005248299605928055
1543.1399999999999	0.0005254756207112176
1543.145	0.0005249892901808848
1543.15	0.0005225212121740048
1543.155	0.0005190953894298068
1543.16	0.0005155659314478358
1543.165	0.0005115402343281629
1543.1699999999998	0.0005082531786564996
1543.175	0.0005043253602662553
1543.18	0.0005009479919093122
1543.185	0.0004986485673949511
1543.19	0.0004973652402077391
1543.195	0.0004968966576374636
1543.1999999999998	0.0004977854960988283
1543.205	0.0004995269541827517
1543.21	0.00050395355172492
1543.2150000000001	0.0005091889960028778
1543.22	0.0005174581698717348
1543.225	0.0005257883268858565
1543.23	0.0005336727950984829
1543.2350000000001	0.0005390489696325616
1543.24	0.0005404010256753051
1543.2450000000001	0.0005363179886668317
1543.25	0.000530387772449081
1543.2549999999999	0.0005241241725194004
1543.26	0.0005177732871049046
1543.265	0.0005122416782998842
1543.27	0.0005096907316065231
1543.275	0.0005093247646974406
1543.28	0.0005105539973463196
1543.2849999999999	0.0005140992687370504
1543.29	0.0005188595734858071
1543.295	0.0005257321213368104
1543.3	0.0005312124824373346
1543.305	0.0005365110577282829
1543.31	0.0005394168392141639
1543.3149999999998	0.0005407766858792657
1543.32	0.000540072635244513
1543.325	0.0005378978947037543
1543.3300000000002	0.000534546448564244
1543.335	0.00053057297421179
1543.34	0.0005267913988146617
1543.345	0.000523595881684719
1543.35	0.0005207557698429167
1543.355	0.0005178293557306826
1543.3600000000001	0.0005147817216686415
1543.365	0.0005126677201683314
1543.37	0.0005109080949871225
1543.375	0.00050957627628983
1543.3799999999999	0.0005080638919340621
1543.385	0.000508203592002737
1543.39	0.0005096296910003024
1543.395	0.0005131719182427735
1543.3999999999999	0.0005185008901498406
1543.405	0.0005248430637840495
1543.41	0.0005307438171026092
1543.415	0.000534050307363361
1543.42	0.0005346109974325847
1543.425	0.0005324454348192599
1543.4299999999998	0.0005273269554141156
1543.435	0.0005223868092464332
1543.44	0.000518708195827062
1543.4450000000002	0.0005161792093494218
1543.45	0.0005149407973216438
1543.455	0.0005151802282982734
1543.46	0.0005174268628422541
1543.465	0.000520734002691773
1543.47	0.0005242883533070901
1543.4750000000001	0.0005280226276032143
1543.48	0.0005317680616458636
1543.485	0.0005343320136866253
1543.49	0.0005367261191384398
1543.495	0.0005376985053815185
1543.5	0.0005374994915168485
1543.505	0.000536056416025971
1543.51	0.0005333527578552902
1543.5149999999999	0.0005308766898401804
1543.52	0.0005281175913847673
1543.5249999999999	0.0005257288916860906
1543.53	0.000523329887214407
1543.535	0.0005209986964396577
1543.54	0.0005194725591246852
1543.545	0.0005191847271743258
1543.55	0.0005191964657301994
1543.555	0.0005198162207190874
1543.5600000000002	0.000520472687608412
1543.565	0.0005220575402503139
1543.57	0.0005247698197109818
1543.575	0.000528484539025954
1543.58	0.0005330791606975363
1543.585	0.0005371455566750556
1543.5900000000001	0.0005405837173647945
1543.595	0.000542928561616109
1543.6	0.0005422203852421818
1543.605	0.0005401350390662442
1543.61	0.0005367034014368167
1543.615	0.0005334859671073661
1543.6200000000001	0.0005294996308405435
1543.625	0.0005266076318313519
1543.6299999999999	0.0005253073468319829
1543.635	0.0005254498169030305
1543.6399999999999	0.0005262657157133622
1543.645	0.0005285484159472245
1543.65	0.0005324866492960008
1543.655	0.0005367738019592076
1543.66	0.000541689223339444
1543.665	0.000545533949227279
1543.6699999999998	0.0005489981979574412
1543.6750000000002	0.0005510554298660359
1543.68	0.0005516657401899699
1543.685	0.0005513343145488694
1543.69	0.0005496450055677886
1543.695	0.0005473452309507563
1543.7	0.0005451288090214796
1543.7050000000002	0.000542491045734538
1543.71	0.0005394731292773716
1543.715	0.0005357226849540602
1543.72	0.0005323361015241448
1543.725	0.000529436325590493
1543.73	0.0005268264647934701
1543.7350000000001	0.0005235864213292608
1543.74	0.0005211872825766155
1543.745	0.0005196679849959659
1543.75	0.0005208850540461569
1543.7549999999999	0.000525383998078863
1543.76	0.0005321345644332492
1543.765	0.0005381927562797411
1543.77	0.000541657649570906
1543.775	0.0005428198056116689
1543.78	0.0005410275247738019
1543.7849999999999	0.0005374729930307928
1543.7900000000002	0.0005328432065731304
1543.795	0.000528036340812551
1543.8	0.0005240576736715099
1543.805	0.0005215355216150598
1543.81	0.0005200692122948416
1543.8149999999998	0.0005207318262278941
1543.8200000000002	0.0005228588645384761
1543.825	0.0005259538106328222
1543.83	0.000530663474891923
1543.835	0.0005359900035734988
1543.84	0.0005409288290293735
1543.8449999999998	0.0005459195350503399
1543.8500000000001	0.0005488986031358699
1543.855	0.0005509017383600617
1543.86	0.0005511364783524873
1543.865	0.0005499696531712673
1543.87	0.000547954101892554
1543.875	0.0005453936251101224
1543.88	0.0005432692363315656
1543.885	0.0005403038556915209
1543.89	0.0005372832239843361
1543.895	0.0005345441884367939
1543.8999999999999	0.000532138972311295
1543.905	0.0005299834118537312
1543.91	0.0005288074639252259
1543.915	0.0005278298922891765
1543.92	0.0005282572030448504
1543.925	0.000529744356981152
1543.9299999999998	0.0005316688444753331
1543.9350000000002	0.0005349381067648609
1543.94	0.0005401449041785016
1543.945	0.0005458807860639961
1543.95	0.0005511743554359257
1543.955	0.0005529991791027314
1543.9599999999998	0.0005545413668520444
1543.9650000000001	0.000553746369161026
1543.97	0.0005505680992773384
1543.975	0.0005458654396222632
1543.98	0.0005410935539904171
1543.985	0.0005367995218802872
1543.99	0.0005332360386241326
1543.9950000000001	0.0005309089298346038
1544	0.0005308147295296399
1544.005	0.0005327520483086802
1544.01	0.0005360315212958027
1544.0149999999999	0.0005400951737708588
1544.02	0.000544506584189196
1544.025	0.000549277749776213
1544.03	0.0005533765237985237
1544.035	0.0005560251840342469
1544.04	0.0005571260261913058
1544.0449999999998	0.0005558503263460464
1544.05	0.0005544275511813783
1544.055	0.0005521666382990871
1544.06	0.0005494457671081726
1544.065	0.0005459771235296732
1544.07	0.0005418957963431484
1544.0749999999998	0.0005380558698899856
1544.0800000000002	0.0005343321221204218
1544.085	0.0005309052849332778
1544.09	0.0005279616890820115
1544.095	0.0005264152939348494
1544.1	0.0005267171238117222
1544.105	0.0005296776651268596
1544.1100000000001	0.0005359620824306103
1544.115	0.0005433862435661004
1544.1200000000001	0.0005501914999806755
1544.125	0.0005539306687229046
1544.1299999999999	0.0005551308277063075
1544.135	0.0005534327274252154
1544.14	0.0005494996980115661
1544.145	0.0005450426890150764
1544.15	0.0005404842308367826
1544.155	0.000536424387025211
1544.1599999999999	0.0005329879963027573
1544.165	0.0005302054126121266
1544.17	0.0005284985391721511
1544.175	0.0005283249271377087
1544.18	0.0005290671734713942
1544.185	0.0005317490401675645
1544.1899999999998	0.0005345520634385927
1544.195	0.000537938239640163
1544.2	0.0005419866578767883
1544.205	0.0005455322678055876
1544.21	0.0005489283937900236
1544.215	0.000550031765547177
1544.22	0.0005503809884598752
1544.2250000000001	0.0005500611348569893
1544.23	0.0005488243531331029
1544.2350000000001	0.0005470941776380471
1544.24	0.0005438619062275453
1544.245	0.0005405319070716111
1544.25	0.0005375036602739492
1544.255	0.0005346814817652336
1544.26	0.0005319847165815495
1544.265	0.0005295096083130643
1544.27	0.000527063766801165
1544.2749999999999	0.0005254161749346222
1544.28	0.0005251911610479541
1544.285	0.0005266358618697239
1544.29	0.0005299826770996549
1544.295	0.0005353992480724825
1544.3	0.0005422523183192497
1544.3049999999998	0.0005499834059244129
1544.31	0.0005548773224683871
1544.315	0.000559068732378084
1544.32	0.0005602873822837439
1544.325	0.0005588010459889815
1544.33	0.0005549233187782198
1544.335	0.0005507859573862635
1544.34	0.0005466702554069225
1544.345	0.0005426923038917051
1544.3500000000001	0.0005394448697055255
1544.355	0.0005376479746042532
1544.36	0.0005376595621658066
1544.365	0.0005389577880112388
1544.37	0.0005417503297904054
1544.375	0.0005456705863810707
1544.38	0.0005504702391912673
1544.385	0.0005558568208602025
1544.3899999999999	0.0005605285305566464
1544.395	0.0005646539047759986
1544.4	0.0005668706088463634
1544.405	0.0005684730820081429
1544.41	0.000569055337949708
1544.415	0.0005687012322013983
1544.4199999999998	0.0005676786686473977
1544.425	0.0005658128436525168
1544.43	0.0005637459504313087
1544.435	0.0005612438546496565
1544.44	0.0005576099504281991
1544.445	0.0005533144121667741
1544.45	0.000549376511419551
1544.455	0.0005451330606859512
1544.46	0.0005414389856568039
1544.4650000000001	0.0005397873946956059
1544.47	0.0005413706700551942
1544.475	0.0005450818220271061
1544.48	0.0005489104948488943
1544.485	0.0005524138897430594
1544.49	0.0005543467862917254
1544.4950000000001	0.0005538418967261108
1544.5	0.0005525831871893384
1544.5049999999999	0.0005501954908321956
1544.51	0.0005469703203156812
1544.5149999999999	0.0005432402800776942
1544.52	0.0005399862442493463
1544.525	0.0005373805640104085
1544.53	0.0005352883192225979
1544.5349999999999	0.0005338775367400853
1544.54	0.0005338493471297541
1544.545	0.0005353641275122121
1544.55	0.0005381946426528813
1544.555	0.0005413114655745241
1544.56	0.0005444508507761726
1544.565	0.0005474740894618976
1544.57	0.0005500970200586909
1544.575	0.0005518169711512112
1544.5800000000002	0.0005532499835480919
1544.585	0.0005534108605760281
1544.59	0.0005526865766007122
1544.595	0.00055093912942671
1544.6	0.0005485978702917949
1544.605	0.0005463365875393117
1544.6100000000001	0.0005436554341549261
1544.615	0.0005410753321856886
1544.62	0.0005377541127988234
1544.625	0.0005351146376419184
1544.6299999999999	0.0005331892798859509
1544.635	0.0005318371934317896
1544.64	0.0005320370863132848
1544.645	0.0005340985886785511
1544.6499999999999	0.0005386306421782586
1544.655	0.0005446564169558725
1544.6599999999999	0.0005504261214674265
1544.665	0.0005555537206190914
1544.67	0.0005594614239157337
1544.675	0.0005622013828922813
1544.68	0.000563324440691723
1544.685	0.0005621340243190074
1544.69	0.0005598913672625808
1544.6950000000002	0.0005566015806547646
1544.7	0.0005530693033504509
1544.705	0.0005491840268965085
1544.71	0.0005457824809313007
1544.715	0.0005434210794942507
1544.72	0.0005419718800446088
1544.7250000000001	0.0005419543407672583
1544.73	0.0005434856573948153
1544.735	0.0005464569300272443
1544.74	0.000550834774094965
1544.745	0.0005554278274943239
1544.75	0.0005607490331132351
1544.755	0.0005638846689088909
1544.76	0.0005690152430503768
1544.7649999999999	0.0005714544374036672
1544.77	0.0005741061800715465
1544.7749999999999	0.0005753736185805677
1544.7800000000002	0.0005760119917165029
1544.785	0.0005762308943393423
1544.79	0.0005753711122849759
1544.795	0.0005733184822731197
1544.8	0.0005695816307855415
1544.8049999999998	0.0005653876836756262
1544.8100000000002	0.0005605036656009977
1544.815	0.0005552737860304381
1544.82	0.0005520995234809361
1544.825	0.0005522370153938856
1544.83	0.0005560866447636074
1544.835	0.0005613511307308155
1544.8400000000001	0.0005672299027871467
1544.845	0.00057203544305226
1544.85	0.0005744899146785299
1544.855	0.0005746979571177833
1544.86	0.0005730409758368058
1544.865	0.000569620340238347
1544.8700000000001	0.0005649657172709065
1544.875	0.0005595704174906988
1544.8799999999999	0.0005547112456869997
1544.885	0.0005507822416671809
1544.8899999999999	0.0005477799714789916
1544.8950000000002	0.0005463306586150166
1544.9	0.000545767459573718
1544.905	0.0005468022794541451
1544.91	0.000548770608947876
1544.915	0.0005512539369320745
1544.9199999999998	0.0005538527910482987
1544.9250000000002	0.000555921307732552
1544.93	0.0005572984690779731
1544.935	0.0005585805629380045
1544.94	0.0005585805629380045
1544.945	0.0005584033354206648
1544.9499999999998	0.0005577047424242205
1544.9550000000002	0.000556802547834929
1544.96	0.0005554849760574965
1544.965	0.0005534845124539856
1544.97	0.0005513509285728932
1544.975	0.0005475664205374448
1544.9799999999998	0.0005438163063835492
1544.9850000000001	0.0005404166365676535
1544.99	0.0005367752096902311
1544.995	0.0005336370413126155
1545	0.000530701463734751
1545.0049999999999	0.0005293376148597179
1545.01	0.0005296291311531394
1545.015	0.0005310400368371134
1545.02	0.0005356813154206263
1545.025	0.0005408811090229635
1545.03	0.0005457292647547624
1545.0349999999999	0.0005498860163198829
1545.04	0.0005531855633939218
1545.045	0.0005553814104896304
1545.05	0.0005551875870961897
1545.055	0.0005526927535229
1545.06	0.0005477308066272562
1545.0649999999998	0.0005421069846201868
1545.0700000000002	0.000536977151193234
1545.075	0.0005325122567362
1545.08	0.0005288260643568898
1545.085	0.0005262037427041461
1545.09	0.0005255031458125368
1545.0949999999998	0.0005265317740240686
1545.1000000000001	0.0005294827375798017
1545.105	0.0005325446285701583
1545.1100000000001	0.0005376738759007768
1545.115	0.0005417013617729709
1545.12	0.0005458233559408714
1545.125	0.0005492972578918768
1545.13	0.0005522922088994147
1545.135	0.0005553037211222838
1545.14	0.0005572757411090489
1545.145	0.0005586306831122238
1545.1499999999999	0.000559203127937775
1545.155	0.0005590345943625504
1545.16	0.0005575059289636629
1545.165	0.0005543524752107781
1545.17	0.0005485667021901834
1545.175	0.0005435439732002567
1545.1799999999998	0.000541914746975135
1545.185	0.0005419335450250552
1545.19	0.0005457967676743936
1545.195	0.0005512885419931171
1545.2	0.0005575023984328224
1545.205	0.0005627515418165546
1545.2099999999998	0.0005677897725829171
1545.2150000000001	0.0005698299542430321
1545.22	0.0005698837831524878
1545.2250000000001	0.0005674064855278463
1545.23	0.0005639786397534224
1545.235	0.0005602733062757795
1545.24	0.0005567466725786182
1545.2450000000001	0.0005538837239391947
1545.25	0.0005517391547186796
1545.255	0.0005502575639749813
1545.26	0.0005508582479511315
1545.2649999999999	0.0005526474443029421
1545.27	0.0005562699940524077
1545.275	0.000560607528059276
1545.28	0.0005648717708502361
1545.285	0.000569109483127004
1545.29	0.0005729187928440886
1545.2949999999998	0.0005752372501617418
1545.3	0.00057692529976112
1545.305	0.0005777321433022364
1545.31	0.0005775488077916077
1545.315	0.0005772097312174148
1545.32	0.0005756226190562235
1545.3249999999998	0.0005734451964079142
1545.33	0.0005699186189987292
1545.335	0.0005654789932241646
1545.3400000000001	0.0005604208814294503
1545.345	0.0005552343479154178
1545.35	0.000550490675491672
1545.355	0.0005459799874066668
1545.3600000000001	0.0005433354584305373
1545.365	0.0005428454150865156
1545.3700000000001	0.0005441712942916332
1545.375	0.0005485777201800624
1545.3799999999999	0.0005537527554925447
1545.385	0.000559962043106675
1545.39	0.0005642557296041895
1545.395	0.0005681317390155062
1545.4	0.0005711116447530587
1545.405	0.0005715106784327738
1545.4099999999999	0.0005707015472323938
1545.415	0.0005676662574123808
1545.42	0.0005636155453250093
1545.425	0.000558395749522202
1545.43	0.0005534089994887559
1545.435	0.0005486482284840713
1545.4399999999998	0.0005456280263779628
1545.445	0.0005440926986091537
1545.45	0.0005439527039568647
1545.4550000000002	0.0005446345743179635
1545.46	0.0005459552823898945
1545.465	0.0005485841472114346
1545.47	0.000551448698234306
1545.475	0.0005544087032550928
1545.48	0.0005574219922360059
1545.4850000000001	0.0005597411039266819
1545.49	0.0005626216902903656
1545.495	0.0005648500372228575
1545.5	0.0005665522038948594
1545.5049999999999	0.0005675854923825157
1545.51	0.0005682532076547913
1545.515	0.0005673698357633512
1545.52	0.0005642237793372165
1545.5249999999999	0.0005587202125732066
1545.53	0.0005514240915072203
1545.535	0.0005453635643549794
1545.54	0.0005428795150556681
1545.545	0.0005436576726957282
1545.55	0.0005470145173157496
1545.5549999999998	0.0005515240399378891
1545.56	0.0005576973822561949
1545.565	0.000564034403858002
1545.5700000000002	0.0005695032257160294
1545.575	0.0005723145149087394
1545.58	0.0005731035489540528
1545.585	0.0005721300405225068
1545.59	0.0005691673393069823
1545.595	0.0005647025539757854
1545.6000000000001	0.0005597423881510792
1545.605	0.0005547463578215376
1545.61	0.0005506845629987035
1545.615	0.0005479920937975845
1545.62	0.0005471318883927285
1545.625	0.0005480392775019856
1545.63	0.0005495672755425931
1545.635	0.0005532086174022617
1545.6399999999999	0.0005570969949453632
1545.645	0.000561096182265872
1545.6499999999999	0.000565270081785326
1545.655	0.0005689008301095294
1545.66	0.0005722299172540168
1545.665	0.0005751713795891575
1545.6699999999998	0.0005775900332100405
1545.675	0.0005791661532778504
1545.68	0.0005800119833504892
1545.6850000000002	0.0005791342431117141
1545.69	0.0005775964154657604
1545.695	0.0005746548337737172
1545.7	0.0005705424614871887
1545.705	0.0005656819108160463
1545.71	0.0005605952800617954
1545.7150000000001	0.0005561221725142543
1545.72	0.0005537046846677608
1545.725	0.0005529845820718016
1545.73	0.0005551407422424423
1545.735	0.000558491213969593
1545.74	0.0005639588082816719
1545.7450000000001	0.0005679825016375925
1545.75	0.0005721168683899475
1545.7549999999999	0.0005749509791898415
1545.76	0.0005767045216864657
1545.7649999999999	0.0005758728796059448
1545.77	0.0005734121986411943
1545.775	0.0005700100865927615
1545.78	0.0005659556352852382
1545.7849999999999	0.0005616237623676678
1545.79	0.0005573826463615006
1545.7949999999998	0.0005546364807858595
1545.8000000000002	0.0005531662282096091
1545.805	0.0005528365145427601
1545.81	0.0005530969172113241
1545.815	0.0005536356433942885
1545.82	0.0005547915044814146
1545.825	0.0005568580327239176
1545.8300000000002	0.0005584302878781631
1545.835	0.0005604825390932315
1545.84	0.0005615682962129582
1545.845	0.0005634485134292033
1545.85	0.0005649335641238362
1545.855	0.0005670604351395968
1545.8600000000001	0.0005679003195466068
1545.865	0.0005685035691923851
1545.87	0.000567737721711533
1545.875	0.0005643540012028679
1545.8799999999999	0.0005588335161671947
1545.885	0.0005536517228250542
1545.89	0.0005486245420072443
1545.895	0.0005457129886322681
1545.9	0.00054498888779143
1545.905	0.0005461757238369439
1545.9099999999999	0.0005486497878532313
1545.9150000000002	0.0005526163538487137
1545.92	0.0005568050544222685
1545.925	0.0005606023928719274
1545.93	0.0005640274081818493
1545.935	0.0005659833690164984
1545.9399999999998	0.0005672623318279822
1545.9450000000002	0.0005671326877897291
1545.95	0.0005657821152051609
1545.955	0.0005633203928755333
1545.96	0.0005603751867979528
1545.965	0.0005573842220590259
1545.9699999999998	0.0005544024559837037
1545.9750000000001	0.0005521234320334206
1545.98	0.0005502466084404884
1545.985	0.0005490925899546495
1545.99	0.0005492767983319176
1545.995	0.0005504743844436415
1546	0.0005519946224441837
1546.005	0.00055473635125874
1546.01	0.0005571620320558067
1546.015	0.0005602761910375992
1546.02	0.0005632377777854566
1546.0249999999999	0.0005659570562523169
1546.0300000000002	0.0005683700436404855
1546.035	0.0005701839271034524
1546.04	0.0005715287965001464
1546.045	0.0005720754056957322
1546.05	0.0005709922283306716
1546.0549999999998	0.0005679889002438197
1546.0600000000002	0.000562883974913287
1546.065	0.000557636645634305
1546.07	0.0005528658902915219
1546.075	0.0005490918162987896
1546.08	0.0005475599576378667
1546.0849999999998	0.0005485362888738931
1546.0900000000001	0.0005514092188362794
1546.095	0.0005556856414607229
1546.1	0.0005613213236384329
1546.105	0.0005660465638126549
1546.11	0.0005707771093443549
1546.1149999999998	0.000574198606080689
1546.1200000000001	0.0005760834117118766
1546.125	0.0005761431950919122
1546.13	0.0005741468718811064
1546.135	0.0005703402795985827
1546.1399999999999	0.0005653224952407486
1546.145	0.0005598549768902846
1546.15	0.0005548757111749101
1546.155	0.0005512858313336328
1546.16	0.0005491435168895312
1546.165	0.0005476648306380853
1546.1699999999998	0.0005480806575779264
1546.175	0.0005487656391902759
1546.18	0.0005503337669027704
1546.185	0.0005523851898775827
1546.19	0.0005549748652199039
1546.195	0.0005584179692975154
1546.1999999999998	0.0005620671571046326
1546.2050000000002	0.0005656660066309829
1546.21	0.0005699929220630378
1546.215	0.0005751859276925817
1546.22	0.000579105230620049
1546.225	0.0005807327688161547
1546.23	0.0005790510146746799
1546.2350000000001	0.0005726211941638416
1546.24	0.0005645041825077281
1546.2450000000001	0.0005560737922119555
1546.25	0.0005501739430724866
1546.2549999999999	0.0005471420448970786
1546.26	0.0005463212978144678
1546.265	0.0005476285910931871
1546.27	0.0005515216241503047
1546.275	0.0005565321535120902
1546.28	0.0005620621765723669
1546.2849999999999	0.0005673757846567121
1546.29	0.0005718210593836706
1546.295	0.0005746708632247441
1546.3	0.000574837494986244
1546.305	0.0005729748344996427
1546.31	0.0005694603435668268
1546.3149999999998	0.0005646697031921511
1546.32	0.0005591460041564384
1546.325	0.0005535259139668083
1546.33	0.0005488815151602704
1546.335	0.000545067221041289
1546.34	0.0005426365825075476
1546.345	0.000541475914506514
1546.3500000000001	0.000541339374525961
1546.355	0.0005421448844899062
1546.3600000000001	0.0005443719000542219
1546.365	0.0005467043382721022
1546.37	0.0005503701548361363
1546.375	0.0005545125737701129
1546.38	0.0005584615362939783
1546.385	0.0005627580818733461
1546.39	0.0005659208571004497
1546.395	0.0005697669595436524
1546.3999999999999	0.0005722297763456749
1546.405	0.0005731402680828471
1546.41	0.0005725669049332136
1546.415	0.0005700406287843366
1546.42	0.0005664248881131674
1546.425	0.0005613689985009779
1546.4299999999998	0.000555238470239752
1546.435	0.0005504923903884421
1546.44	0.0005480184191136126
1546.445	0.0005476319406892284
1546.45	0.0005485083382830923
1546.455	0.0005515946074994788
1546.46	0.000556138364001046
1546.465	0.0005616658584762479
1546.47	0.0005673085685295961
1546.4750000000001	0.0005726028885502524
1546.48	0.0005768524473999954
1546.485	0.0005792859020334125
1546.49	0.0005801310378543781
1546.4950000000001	0.0005793209740134444
1546.5	0.0005771431708990575
1546.505	0.0005739118574112021
1546.51	0.0005703061957413854
1546.5149999999999	0.0005663705224529272
1546.52	0.0005627886600596505
1546.525	0.0005604881639500723
1546.53	0.0005588918707861696
1546.535	0.0005584031997395228
1546.54	0.0005577851597717195
1546.5449999999998	0.0005582285677340516
1546.55	0.0005590665980895049
1546.555	0.0005605218150073749
1546.56	0.0005621661138759072
1546.565	0.0005645506315238718
1546.57	0.0005690999219686364
1546.575	0.0005731424471377547
1546.58	0.0005769018314366125
1546.585	0.0005795884326254347
1546.5900000000001	0.0005792307923219466
1546.595	0.000575277023286688
1546.6	0.0005707430241763099
1546.605	0.0005661163459830617
1546.61	0.0005613231038259287
1546.615	0.0005584733446082433
1546.6200000000001	0.0005580436711724272
1546.625	0.0005581883761818835
1546.6299999999999	0.0005595862770019281
1546.635	0.0005617862654136288
1546.6399999999999	0.000564855110629809
1546.645	0.0005683495504276226
1546.65	0.000571569428681239
1546.655	0.0005740583436538536
1546.6599999999999	0.0005758797458943342
1546.665	0.0005757158913288642
1546.67	0.0005748436001087647
1546.675	0.0005732155522676102
1546.68	0.0005709748949641803
1546.685	0.0005682380566787909
1546.69	0.0005648682625127862
1546.695	0.0005621015397517653
1546.7	0.000559425447305807
1546.7050000000002	0.0005574644311307701
1546.71	0.0005560562563744162
1546.715	0.0005547208514719144
1546.72	0.0005541442670372495
1546.725	0.000554605146642678
1546.73	0.0005553274337345882
1546.7350000000001	0.000556502506225811
1546.74	0.0005578927358697374
1546.745	0.0005596365146523526
1546.75	0.0005625085657466636
1546.7549999999999	0.0005655837708958826
1546.76	0.0005685270994966898
1546.765	0.0005705861005939377
1546.77	0.0005718904600572238
1546.7749999999999	0.0005713830115077255
1546.78	0.0005694575654531019
1546.7849999999999	0.0005657594708994822
1546.79	0.0005619417443284573
1546.795	0.0005582887719485593
1546.8	0.0005546450926106611
1546.805	0.0005524695992989492
1546.81	0.0005516782677192412
1546.815	0.0005521808521966287
1546.8200000000002	0.0005539230596891564
1546.825	0.0005566095752292579
1546.83	0.000560417530389818
1546.835	0.000564466538487998
1546.84	0.0005684115164585319
1546.845	0.0005717300907188184
1546.8500000000001	0.0005737618069889027
1546.855	0.0005746547183272075
1546.86	0.0005742270875887501
1546.865	0.0005727039566873565
1546.87	0.0005703412929563509
1546.875	0.0005674550777073486
1546.88	0.0005649201340746255
1546.885	0.0005629468287160497
1546.8899999999999	0.000560788569656551
1546.895	0.0005584526987701663
1546.8999999999999	0.0005569607338703217
1546.905	0.0005560322532804904
1546.91	0.0005562662512394796
1546.915	0.0005564463124354152
1546.92	0.0005581136649138395
1546.925	0.0005613237630512447
1546.9299999999998	0.0005671863173698546
1546.9350000000002	0.0005739678989846043
1546.94	0.0005801073563108306
1546.945	0.0005831431131942188
1546.95	0.0005812661086077084
1546.955	0.0005758682284949819
1546.96	0.0005693829334165284
1546.9650000000001	0.0005613239082470843
1546.97	0.000554058352022093
1546.975	0.0005499634957902033
1546.98	0.0005479745451567005
1546.985	0.0005491835180337286
1546.99	0.0005518159223940343
1546.9950000000001	0.0005565823256645572
1547	0.000563071126252759
1547.0049999999999	0.0005701573526930428
1547.01	0.0005770714984159726
1547.0149999999999	0.0005833902974235814
1547.0200000000002	0.0005863895213604096
1547.025	0.0005873210992803346
1547.03	0.0005860938632776422
1547.035	0.0005828170630629994
1547.04	0.0005777383809289357
1547.0449999999998	0.0005715216746895015
1547.0500000000002	0.0005652656123075553
1547.055	0.0005596125346837027
1547.06	0.0005552086782426184
1547.065	0.0005513480346129104
1547.07	0.0005481468719842796
1547.0749999999998	0.000546217145518746
1547.0800000000002	0.0005455791760978208
1547.085	0.0005456908620471974
1547.09	0.0005481489304664782
1547.095	0.0005510118438849872
1547.1	0.0005560056063430541
1547.1049999999998	0.0005613339916473821
1547.1100000000001	0.0005676916806401578
1547.115	0.0005745723836923006
1547.12	0.0005803390188357432
1547.125	0.000584200002798334
1547.1299999999999	0.0005850696497086232
1547.135	0.000582867742140196
1547.14	0.0005778837105842143
1547.145	0.0005722057265570004
1547.15	0.0005652998870797364
1547.155	0.0005585239757577941
1547.1599999999999	0.0005531265295166876
1547.165	0.0005494879992065903
1547.17	0.0005475210513962845
1547.175	0.0005468634146537678
1547.18	0.0005484397394615191
1547.185	0.0005523900809121111
1547.1899999999998	0.0005567295816713443
1547.1950000000002	0.0005621399017392662
1547.2	0.0005673090221238171
1547.205	0.0005719625556262543
1547.21	0.0005757359814355503
1547.215	0.0005780799287544677
1547.2199999999998	0.0005789290924825219
1547.2250000000001	0.0005782901017310473
1547.23	0.0005765430145194662
1547.235	0.0005744679463633209
1547.24	0.0005723823046078415
1547.245	0.0005695365483238674
1547.25	0.0005663906741745398
1547.255	0.0005636569114333868
1547.26	0.0005613262081843254
1547.265	0.0005597030826503796
1547.27	0.0005574678944618439
1547.2749999999999	0.00055700764639749
1547.28	0.0005574255975450232
1547.285	0.0005603748754287581
1547.29	0.0005662881161556796
1547.295	0.0005742536123679252
1547.3	0.0005811409190762899
1547.3049999999998	0.0005869340993253975
1547.31	0.0005894575309591295
1547.315	0.0005887716072332544
1547.32	0.0005851035909214432
1547.325	0.0005804338297607574
1547.33	0.0005759679045174165
1547.3349999999998	0.0005726305370500596
1547.3400000000001	0.0005699812569405159
1547.345	0.0005683374777198475
1547.3500000000001	0.0005683738563359901
1547.355	0.0005699031286439535
1547.36	0.0005725123167615942
1547.365	0.000575974504434445
1547.3700000000001	0.000580002336450716
1547.375	0.0005840164945985233
1547.38	0.000587995071504563
1547.385	0.0005910220345416197
1547.3899999999999	0.0005929973036744296
1547.395	0.0005933537062262222
1547.4	0.0005922425626586921
1547.405	0.0005906593890863471
1547.41	0.000588099435890827
1547.415	0.0005854140007993836
1547.4199999999998	0.000582157222040518
1547.425	0.0005788686607066285
1547.43	0.0005760953319893805
1547.435	0.0005739821877032508
1547.44	0.0005721258869584349
1547.445	0.0005704820402489082
1547.4499999999998	0.0005688404781899176
1547.455	0.0005686208807288585
1547.46	0.0005692962900437027
1547.4650000000001	0.0005709956497724287
1547.47	0.000574506677600535
1547.475	0.0005792689373047877
1547.48	0.0005841946303944748
1547.4850000000001	0.0005887110178551645
1547.49	0.0005908260353628071
1547.4950000000001	0.0005922064276164462
1547.5	0.0005904107342478229
1547.5049999999999	0.0005875743093028187
1547.51	0.0005831150224807266
1547.515	0.0005783051604904287
1547.52	0.0005734527571555006
1547.525	0.0005690512035533221
1547.53	0.0005645912205279505
1547.5349999999999	0.0005617141209449779
1547.54	0.0005606460774236839
1547.545	0.0005611445364891509
1547.55	0.0005634213698055547
1547.555	0.0005665168190944636
1547.56	0.0005710205091489798
1547.5649999999998	0.0005756263488493263
1547.57	0.000579019987756137
1547.575	0.0005817683304091902
1547.5800000000002	0.0005828649639718692
1547.585	0.0005833714126386337
1547.59	0.0005832224442493163
1547.595	0.0005821052926668905
1547.6	0.0005801854607569915
1547.605	0.0005770170843120366
1547.6100000000001	0.0005732793169592689
1547.615	0.0005692249907349934
1547.62	0.0005646174734049766
1547.625	0.0005590115139793264
1547.6299999999999	0.0005535820055649502
1547.635	0.0005489733368214835
1547.64	0.0005465074552965267
1547.645	0.0005483609937411043
1547.6499999999999	0.0005533265175567516
1547.655	0.0005598228608791082
1547.66	0.0005664411781700691
1547.665	0.0005723397261362031
1547.67	0.0005750064748445947
1547.675	0.0005751717452503669
1547.6799999999998	0.0005729664437938285
1547.685	0.0005692270080325598
1547.69	0.0005642633874206847
1547.6950000000002	0.0005592459891686549
1547.7	0.0005539576741002567
1547.705	0.0005496274246098233
1547.71	0.0005468995109599325
1547.715	0.0005457746309167408
1547.72	0.0005462760187352313
1547.7250000000001	0.0005484724501781265
1547.73	0.000552027729811527
1547.735	0.0005568507864872725
1547.74	0.000561525313842602
1547.745	0.0005666186025172202
1547.75	0.0005709963120270757
1547.755	0.0005745412274859208
1547.76	0.0005779618280210009
1547.7649999999999	0.0005790491471268567
1547.77	0.00057950010425121
1547.7749999999999	0.0005786178130064733
1547.78	0.0005769271715302723
1547.785	0.0005748015927144759
1547.79	0.0005722875984445308
1547.7949999999998	0.0005697570430615647
1547.8	0.0005667358023151448
1547.805	0.0005638424062918644
1547.8100000000002	0.0005616070624268227
1547.815	0.0005604347602367579
1547.82	0.0005603875588238999
1547.825	0.0005617300512597477
1547.83	0.0005654828066971568
1547.835	0.0005706580118616792
1547.8400000000001	0.0005765054566095419
1547.845	0.0005808985905383896
1547.85	0.0005843237990928796
1547.855	0.0005854302612021552
1547.86	0.0005843265320998153
1547.865	0.0005812705736599735
1547.8700000000001	0.0005768925723125495
1547.875	0.0005722166228425347
1547.8799999999999	0.0005678759842705158
1547.885	0.0005643344217742096
1547.8899999999999	0.000562271457160532
1547.895	0.0005619735411030593
1547.9	0.0005638575616387528
1547.905	0.0005676071453053019
1547.9099999999999	0.0005726494156891124
1547.915	0.0005785582078575002
1547.9199999999998	0.0005843644172394592
1547.9250000000002	0.0005894133204436293
1547.93	0.0005935435535130945
1547.935	0.0005959374475103832
1547.94	0.0005975512591230155
1547.945	0.0005979660369176502
1547.95	0.0005974499509266552
1547.9550000000002	0.000596065514585781
1547.96	0.0005941007590890911
1547.965	0.0005915830858076356
1547.97	0.0005884435508666814
1547.975	0.0005842422681607489
1547.98	0.0005794732867160866
1547.9850000000001	0.0005740119860124759
1547.99	0.000568866502535208
1547.995	0.0005665988359699978
1548	0.0005685334598406812
1548.0049999999999	0.0005750812135895669
1548.01	0.000583436214745052
1548.015	0.0005916395381254638
1548.02	0.0005982243562513949
1548.0249999999999	0.0006009082009093613
1548.03	0.0006006840807235028
1548.0349999999999	0.0005991283731936799
1548.0400000000002	0.0005956828082618139
1548.045	0.0005911916222332074
1548.05	0.0005864743165631593
1548.055	0.0005819838322365958
1548.06	0.000578123458958314
1548.0649999999998	0.000575267071510523
1548.0700000000002	0.0005738751927467258
1548.075	0.0005744077730477791
1548.08	0.0005758683793357648
1548.085	0.000578293097385643
1548.09	0.0005813915524594462
1548.095	0.0005846587436454046
1548.1000000000001	0.0005885852797748066
1548.105	0.0005914159012337514
1548.11	0.0005942904560128034
1548.115	0.0005964007911148162
1548.12	0.0005973625969062309
1548.125	0.0005980788944193737
1548.13	0.000597080875566635
1548.135	0.0005960432473904417
1548.14	0.0005944481898213052
1548.145	0.0005925419715830532
1548.1499999999999	0.0005902348247724673
1548.1550000000002	0.0005873504217506971
1548.16	0.0005844517191994131
1548.165	0.0005817259469482881
1548.17	0.0005795234272168152
1548.175	0.0005781205837349923
1548.1799999999998	0.0005779377665969469
1548.1850000000002	0.0005794325941446334
1548.19	0.0005824629785585128
1548.195	0.0005862697750893787
1548.2	0.0005907115728868638
1548.205	0.0005948511350164897
1548.2099999999998	0.0005980704913924293
1548.2150000000001	0.0005999375061411536
1548.22	0.0006005414403084087
1548.225	0.000600165396542009
1548.23	0.0005987746319789541
1548.235	0.0005963987095501448
1548.2399999999998	0.0005931304868778969
1548.2450000000001	0.0005899555906396828
1548.25	0.0005871152390377871
1548.255	0.0005850330222389382
1548.26	0.0005834847030518358
1548.2649999999999	0.0005824587178034313
1548.27	0.0005824995712102012
1548.275	0.0005832304320143911
1548.28	0.0005850684212769796
1548.285	0.0005870198034480179
1548.29	0.0005887347311174395
1548.2949999999998	0.0005908028471219738
1548.3	0.0005924728135689273
1548.305	0.0005941334931562891
1548.31	0.0005953414006822029
1548.315	0.000596706045658956
1548.32	0.0005978072627129019
1548.3249999999998	0.0005986832424678477
1548.3300000000002	0.0005984640356033817
1548.335	0.0005974282916182689
1548.34	0.0005942578995007078
1548.345	0.0005891542468218398
1548.35	0.0005827699210398712
1548.3549999999998	0.0005771839645076805
1548.3600000000001	0.0005732032450985824
1548.365	0.0005721240085946978
1548.3700000000001	0.0005734029363170309
1548.375	0.0005771960177377838
1548.3799999999999	0.0005815745059107523
1548.385	0.0005864952972563327
1548.39	0.0005904665679786242
1548.395	0.0005929192379055471
1548.4	0.0005941750237705456
1548.405	0.0005937886911660499
1548.4099999999999	0.0005920846297749209
1548.415	0.0005894614253510739
1548.42	0.0005858581945626244
1548.425	0.0005816207270271051
1548.43	0.0005777376236925726
1548.435	0.0005750194723548032
1548.4399999999998	0.0005735291253097327
1548.445	0.000573345455942846
1548.45	0.0005742219074501915
1548.455	0.0005757363415339929
1548.46	0.0005778237362154504
1548.465	0.000581019928741859
1548.47	0.000583783498426365
1548.4750000000001	0.0005865485008052322
1548.48	0.0005886365766792584
1548.4850000000001	0.0005901170078510404
1548.49	0.0005913545984442605
1548.495	0.0005914848256478631
1548.5	0.0005911656189931075
1548.505	0.000589127943526663
1548.51	0.0005861825917396017
1548.515	0.0005828022272650966
1548.52	0.0005792934592663574
1548.5249999999999	0.0005751600789488382
1548.53	0.0005711739175894156
1548.535	0.0005686116988038622
1548.54	0.0005678144930220389
1548.545	0.0005681600757647138
1548.55	0.0005701703405546802
1548.5549999999998	0.0005728653326562866
1548.56	0.0005758737165207118
1548.565	0.0005785126749512626
1548.57	0.0005806183231521529
1548.575	0.000582142642134096
1548.58	0.0005825013772906757
1548.585	0.0005818310937594284
1548.59	0.0005795177289132606
1548.595	0.0005762194943149357
1548.6000000000001	0.0005725212554535341
1548.605	0.0005686039862294003
1548.61	0.0005648723725354311
1548.615	0.0005620212519826334
1548.6200000000001	0.000560594444566827
1548.625	0.0005603991340868203
1548.63	0.0005612672442888236
1548.635	0.0005631156898271838
1548.6399999999999	0.0005652971904038634
1548.645	0.000568980553046164
1548.65	0.0005716129680529883
1548.655	0.0005750275696884602
1548.66	0.0005774142464857734
1548.665	0.0005805356318357148
1548.6699999999998	0.0005833191354314199
1548.675	0.0005857065813735681
1548.68	0.0005875258142332037
1548.685	0.0005887921034844407
1548.69	0.0005887076573061748
1548.695	0.0005867238216759529
1548.7	0.0005823137275594387
1548.705	0.0005761026326106347
1548.71	0.000570391101423542
1548.7150000000001	0.0005669185472608151
1548.72	0.0005659822711639845
1548.725	0.0005680373800001047
1548.73	0.0005719200547878824
1548.735	0.0005768850401053347
1548.74	0.0005825611561168482
1548.7450000000001	0.00058844184263059
1548.75	0.0005929116963845513
1548.7549999999999	0.0005960416072801256
1548.76	0.0005966179572437707
1548.7649999999999	0.0005948461977405299
1548.77	0.0005914657471108776
1548.775	0.0005866167527931815
1548.78	0.000581167188817791
1548.7849999999999	0.0005759783674456429
1548.79	0.0005717809970951075
1548.795	0.0005691890517796201
1548.8	0.0005687421624629603
1548.805	0.0005698953909364161
1548.81	0.0005724526338048653
1548.815	0.000576149343088978
1548.82	0.000580464417904
1548.825	0.000584552122458455
1548.8300000000002	0.0005887324182803479
1548.835	0.0005918958730005532
1548.84	0.000594924654936754
1548.845	0.0005975189115327706
1548.85	0.000598851642345136
1548.855	0.0005996437823521233
1548.8600000000001	0.0005988441418455166
1548.865	0.0005971805521833217
1548.87	0.0005945415622729789
1548.875	0.0005911629176184546
1548.8799999999999	0.0005867029867183877
1548.885	0.0005816010543716873
1548.89	0.0005768969381211128
1548.895	0.0005741965419919213
1548.8999999999999	0.000572832740811942
1548.905	0.0005744887996304262
1548.9099999999999	0.000577548238283607
1548.915	0.0005818831490239209
1548.92	0.0005864825613146941
1548.925	0.0005912579442839025
1548.93	0.0005952789867828297
1548.935	0.0005981731440500015
1548.94	0.0005991239586837984
1548.9450000000002	0.0005985386658903107
1548.95	0.0005967599745421707
1548.955	0.0005940507846152295
1548.96	0.0005905991669084666
1548.965	0.0005866509759913585
1548.97	0.0005828784478924264
1548.9750000000001	0.0005799614749853328
1548.98	0.0005780903289555996
1548.985	0.0005768819157632474
1548.99	0.0005763740462834416
1548.995	0.0005769227644366332
1549	0.0005773645934758018
1549.005	0.0005783060149373244
1549.01	0.0005785781022498704
1549.0149999999999	0.0005800013873511204
1549.02	0.000580905745181431
1549.0249999999999	0.0005824591815382792
1549.03	0.0005837689548222374
1549.035	0.0005851990023743531
1549.04	0.0005866103078953619
1549.045	0.0005873089471842198
1549.05	0.0005864284085223156
1549.0549999999998	0.0005845577092299217
1549.0600000000002	0.0005808408758254466
1549.065	0.0005751438930846455
1549.07	0.0005699149627079163
1549.075	0.0005656282510714022
1549.08	0.0005621344748788611
1549.085	0.0005602841615011026
1549.0900000000001	0.0005600427277224599
1549.095	0.0005605549062871481
1549.1	0.0005631593280609422
1549.105	0.0005659841146623635
1549.11	0.0005697953575807272
1549.115	0.0005734688196167222
1549.1200000000001	0.0005764518243253885
1549.125	0.0005784263982036668
1549.1299999999999	0.0005793489426874631
1549.135	0.0005784286881574393
1549.1399999999999	0.0005761412064898972
1549.145	0.0005727653683724835
1549.15	0.0005684180257429641
1549.155	0.0005629989849050984
1549.16	0.0005573532233972977
1549.165	0.000552513092442837
1549.1699999999998	0.0005485581399075857
1549.1750000000002	0.0005454728597216225
1549.18	0.0005434547907294639
1549.185	0.0005420035344083353
1549.19	0.0005419883517751653
1549.195	0.0005434673037136151
1549.1999999999998	0.0005457535252040164
1549.2050000000002	0.0005484856706449025
1549.21	0.0005532298017229822
1549.215	0.0005576269007782642
1549.22	0.0005631356985432827
1549.225	0.0005681101584220561
1549.2299999999998	0.000572269886426041
1549.2350000000001	0.000574252696774735
1549.24	0.0005730979300496092
1549.245	0.0005691148612161324
1549.25	0.0005622133479308785
1549.2549999999999	0.0005537719433538514
1549.26	0.0005465186748184386
1549.265	0.000541516584929882
1549.27	0.0005382999600721221
1549.275	0.0005380562941840818
1549.28	0.0005408870705356455
1549.2849999999999	0.0005458237240207695
1549.2900000000002	0.000552877212758835
1549.295	0.000560975050906149
1549.3	0.0005691526003980106
1549.305	0.0005758812410238188
1549.31	0.0005795018938503101
1549.3149999999998	0.0005801797469492591
1549.3200000000002	0.0005778587777361701
1549.325	0.0005738598227630211
1549.33	0.0005690801452605773
1549.335	0.0005639786512079711
1549.34	0.0005592654529041192
1549.3449999999998	0.0005558316604445223
1549.3500000000001	0.0005536114976180179
1549.355	0.0005523722115050004
1549.36	0.0005516199702417192
1549.365	0.0005517181498332002
1549.37	0.0005528631657019385
1549.375	0.000554692560804696
1549.38	0.0005570841322510786
1549.385	0.0005604761846510696
1549.39	0.0005654443427645131
1549.395	0.0005708491768660552
1549.3999999999999	0.0005763867569648197
1549.405	0.0005812279940348893
1549.41	0.0005829255387690564
1549.415	0.0005810583780044969
1549.42	0.0005754511383275284
1549.425	0.0005693611980969103
1549.4299999999998	0.0005643064868027199
1549.435	0.0005601938256949575
1549.44	0.0005578549538117595
1549.445	0.0005578400640640347
1549.45	0.0005595035458110855
1549.455	0.0005621294626535938
1549.4599999999998	0.0005659435331541624
1549.4650000000001	0.0005702251309629278
1549.47	0.0005736323014444901
1549.475	0.0005759825171891423
1549.48	0.0005778163627250065
1549.485	0.0005782998680001695
1549.49	0.000577598954348301
1549.4950000000001	0.0005759579795700152
1549.5	0.0005736833181033779
1549.505	0.0005710448005296801
1549.51	0.0005681762425049359
1549.5149999999999	0.0005658716547071022
1549.52	0.0005639613293862803
1549.525	0.0005626149610377246
1549.53	0.0005619887506398082
1549.535	0.0005618909799593706
1549.54	0.000562272483838463
1549.5449999999998	0.0005632912781900384
1549.55	0.000564823469255288
1549.555	0.0005665585425541186
1549.56	0.0005689603274656762
1549.565	0.0005715753066321238
1549.57	0.0005751455215349387
1549.5749999999998	0.0005785656924839267
1549.58	0.000581392287365474
1549.585	0.0005834885740831586
1549.5900000000001	0.0005842370519547162
1549.595	0.0005831775304861797
1549.6	0.0005800731207124773
1549.605	0.0005755712455181071
1549.6100000000001	0.0005706566102205895
1549.615	0.0005662534854709172
1549.6200000000001	0.0005626706187503931
1549.625	0.0005607160640003724
1549.6299999999999	0.000560347307455248
1549.635	0.0005617821941205049
1549.64	0.0005647822990321297
1549.645	0.000568837465228113
1549.65	0.0005736224204666437
1549.655	0.0005781621722244467
1549.6599999999999	0.0005815105129839813
1549.665	0.0005836726747982727
1549.67	0.0005839880712124063
1549.675	0.0005825112272300646
1549.68	0.0005797502611711444
1549.685	0.0005763538991172786
1549.6899999999998	0.0005726915072345937
1549.695	0.0005688608510465244
1549.7	0.0005652358392271728
1549.7050000000002	0.000562257284306822
1549.71	0.0005599617684622303
1549.715	0.0005576485711079071
1549.72	0.0005558292179065025
1549.725	0.0005548336963378081
1549.73	0.0005543923794049763
1549.7350000000001	0.0005550633834693899
1549.74	0.0005565760821387804
1549.745	0.0005606361420914234
1549.75	0.000567139254111042
1549.755	0.0005758141438721667
1549.76	0.0005837656202627582
1549.765	0.0005888467231075045
1549.77	0.000590060705835449
1549.7749999999999	0.0005878564183861028
1549.78	0.0005837910488932642
1549.785	0.0005787988407345856
1549.79	0.0005745539426999361
1549.795	0.0005720943160460588
1549.8	0.0005709503331775207
1549.8049999999998	0.0005718759389282845
1549.81	0.0005734623211102807
1549.815	0.0005761976118769648
1549.8200000000002	0.0005793979258800051
1549.825	0.0005827110529939856
1549.83	0.0005858032962534045
1549.835	0.0005880375973175528
1549.84	0.0005893186024848577
1549.845	0.0005896334311123067
1549.8500000000001	0.0005890162633386435
1549.855	0.0005874462834854705
1549.86	0.000584912308066147
1549.865	0.0005813525643015393
1549.87	0.0005783734961735437
1549.875	0.0005753176886934617
1549.88	0.0005726089665390043
1549.885	0.000570011413186537
1549.8899999999999	0.0005673454997948228
1549.895	0.0005649602470143438
1549.8999999999999	0.000563157634681527
1549.905	0.000561589206865531
1549.91	0.0005602759148844217
1549.915	0.000558838409553184
1549.9199999999998	0.000558196969997812
1549.925	0.0005579863280672757
1549.93	0.0005586818441897696
1549.9350000000002	0.0005600105504428073
1549.94	0.0005627357520627415
1549.945	0.0005660020438333488
1549.95	0.0005691402338764433
1549.955	0.0005710658848997436
1549.96	0.0005714466692521971
1549.9650000000001	0.0005698499990466572
1549.97	0.0005665257723531623
1549.975	0.0005612020258884112
1549.98	0.000555269008647529
1549.985	0.000549710759051289
1549.99	0.0005445196073358177
1549.9950000000001	0.0005397684516521398
1550	0.0005370525113429945
1550.0049999999999	0.0005365493599273997
1550.01	0.0005372762548383849
1550.0149999999999	0.0005404406776380625
1550.02	0.0005440817824120036
1550.025	0.0005498285409817937
1550.03	0.0005549952507055954
1550.0349999999999	0.0005595211863314186
1550.04	0.0005624002900435682
1550.0449999999998	0.0005643952625983543
1550.0500000000002	0.0005651073911875425
1550.055	0.0005647189926315792
1550.06	0.0005632839156352915
1550.065	0.0005606729448235539
1550.07	0.0005573172311319949
1550.075	0.0005534863828203875
1550.0800000000002	0.0005492946369407053
1550.085	0.0005436987363793596
1550.09	0.0005372857413885505
1550.095	0.0005322675179014754
1550.1	0.0005295619999869087
1550.105	0.0005295887655335118
1550.1100000000001	0.0005353796047994966
1550.115	0.0005445898255205744
1550.12	0.0005543510349764932
1550.125	0.0005646491578823876
1550.1299999999999	0.0005691744129393567
1550.135	0.0005698644555622497
1550.14	0.0005662526264331427
1550.145	0.0005599710057087404
1550.1499999999999	0.0005529152975834692
1550.155	0.0005468229129551222
1550.1599999999999	0.0005405976537996179
1550.1650000000002	0.0005361460422858302
1550.17	0.0005342967994565122
1550.175	0.0005348543053172286
1550.18	0.0005374105375068959
1550.185	0.000541677133862306
1550.1899999999998	0.0005469529541990662
1550.1950000000002	0.0005535650627185935
1550.2	0.0005604567985817597
1550.205	0.0005668745845206547
1550.21	0.0005721196951391602
1550.215	0.0005756506577302144
1550.22	0.0005771890100184351
1550.2250000000001	0.0005772189002732546
1550.23	0.0005761259265289316
1550.235	0.0005742508660231515
1550.24	0.0005718862756244329
1550.245	0.0005692646995896769
1550.25	0.000566660443089833
1550.255	0.0005644734791109872
1550.26	0.0005630059127736207
1550.2649999999999	0.0005617914828170447
1550.27	0.0005608550806743645
1550.2749999999999	0.0005609720173537732
1550.2800000000002	0.000562075030647476
1550.285	0.0005642888767862813
1550.29	0.0005680642873324626
1550.295	0.0005734592381323919
1550.3	0.0005785159006290501
1550.3049999999998	0.0005820675624478379
1550.3100000000002	0.0005837344552489329
1550.315	0.0005836679308314848
1550.32	0.0005818920896722448
1550.325	0.0005782245428273583
1550.33	0.0005735589928086386
1550.3349999999998	0.0005690816327216098
1550.3400000000001	0.0005650909915319626
1550.345	0.0005620660961072774
1550.35	0.0005598317614027155
1550.355	0.0005594949068049627
1550.36	0.0005604546279028449
1550.3649999999998	0.0005627525882261573
1550.3700000000001	0.0005656897077506536
1550.375	0.0005691317855957709
1550.38	0.0005730270713331821
1550.385	0.0005764969050871287
1550.3899999999999	0.0005791325818942639
1550.395	0.0005808725772591107
1550.4	0.0005816025119308708
1550.405	0.0005819593455384486
1550.41	0.0005812948956962584
1550.415	0.0005803337554236526
1550.4199999999998	0.0005786124794930391
1550.425	0.0005766089868353829
1550.43	0.0005740777125669494
1550.435	0.0005711186891958735
1550.44	0.000567009664516872
1550.445	0.0005627344983165685
1550.4499999999998	0.0005586136410183085
1550.4550000000002	0.0005558425540870848
1550.46	0.0005562070571532938
1550.465	0.0005604037622564333
1550.47	0.0005660736055490074
1550.475	0.0005721858545252698
1550.4799999999998	0.0005770302533336493
1550.4850000000001	0.0005800310614802526
1550.49	0.0005802192113853722
1550.4950000000001	0.0005784416393323929
1550.5	0.0005754811661826581
1550.5049999999999	0.0005717591518562908
1550.51	0.0005677519486023793
1550.515	0.0005631492748284476
1550.52	0.0005595332790339446
1550.525	0.0005573114963606345
1550.53	0.0005564815345386701
1550.5349999999999	0.0005570064830806462
1550.54	0.0005587967681278189
1550.545	0.0005619460797625358
1550.55	0.0005662717539442979
1550.555	0.0005706717414690368
1550.56	0.0005751267085264541
1550.5649999999998	0.0005797201309236045
1550.57	0.0005826504095385289
1550.575	0.0005857652445920373
1550.58	0.000587366295141092
1550.585	0.0005880221605824521
1550.59	0.0005879178780089973
1550.5949999999998	0.0005865111366230932
1550.6000000000001	0.0005848577480148589
1550.605	0.0005827414541386517
1550.6100000000001	0.0005806231595225494
1550.615	0.0005777247569817848
1550.62	0.000574006175454589
1550.625	0.0005701292239239545
1550.63	0.0005665167994178352
1550.635	0.0005634245232137431
1550.64	0.0005616013660423412
1550.645	0.0005610577148075101
1550.6499999999999	0.0005625944608018712
1550.655	0.0005656061109525033
1550.66	0.0005699538073226657
1550.665	0.0005757606480284841
1550.67	0.0005802685960401721
1550.675	0.0005846601130279943
1550.6799999999998	0.0005859025256243585
1550.685	0.0005856918871212711
1550.69	0.000583230858024511
1550.695	0.0005791100561403499
1550.7	0.0005731087618231738
1550.705	0.0005660851486862224
1550.71	0.0005591883096484476
1550.715	0.000553471877954423
1550.72	0.0005489284162865136
1550.7250000000001	0.00054647603554411
1550.73	0.0005462631773452663
1550.735	0.0005475878100332441
1550.74	0.0005501763437670508
1550.7450000000001	0.0005532381083752741
1550.75	0.0005571638484251788
1550.755	0.000562066735872531
1550.76	0.0005658959367385776
1550.7649999999999	0.0005694974796045313
1550.77	0.0005723152890007232
1550.775	0.000574466918363047
1550.78	0.0005757839498954877
1550.785	0.0005755791615908779
1550.79	0.0005736827083202385
1550.7949999999998	0.0005695590403724127
1550.8	0.0005632268264882535
1550.805	0.0005534327310936201
1550.81	0.0005432724708681077
1550.815	0.0005364636437935349
1550.82	0.0005334243083131597
1550.825	0.0005354749345363541
1550.83	0.0005408065721230525
1550.835	0.0005476718695529958
1550.8400000000001	0.000554973841122145
1550.845	0.0005607541250702904
1550.85	0.0005637871673751455
1550.855	0.0005642825272445278
1550.86	0.0005624044219341437
1550.865	0.0005583315770750411
1550.8700000000001	0.0005527309778544532
1550.875	0.0005464456001223439
1550.8799999999999	0.0005403117655458014
1550.885	0.0005349229213981793
1550.8899999999999	0.0005303961809910278
1550.895	0.0005270983559478879
1550.9	0.0005255628976386273
1550.905	0.0005264111509751111
1550.9099999999999	0.0005289226880810006
1550.915	0.0005328732300551886
1550.92	0.0005376978948032924
1550.925	0.0005431646551492511
1550.93	0.0005489867798028036
1550.935	0.0005534851648507744
1550.94	0.0005585221052877682
1550.945	0.0005623991138923665
1550.95	0.0005657820859773283
1550.9550000000002	0.0005680062548288083
1550.96	0.0005689490752113374
1550.965	0.0005689488778385831
1550.97	0.0005670773992019744
1550.975	0.0005638423830075587
1550.98	0.0005593538495650406
1550.9850000000001	0.0005538872796968741
1550.99	0.000548057663251408
1550.995	0.0005430443205006411
1551	0.0005408743507478405
1551.0049999999999	0.0005411985223563728
1551.01	0.0005433580819246193
1551.015	0.0005477105957094003
1551.02	0.0005534174181915854
1551.0249999999999	0.0005600914966791329
1551.03	0.0005672961467757387
1551.0349999999999	0.0005743524021169234
1551.04	0.0005792712525690977
1551.045	0.0005822750308730108
1551.05	0.0005831042609449207
1551.055	0.0005817279454174997
1551.06	0.0005788422166543036
1551.065	0.0005751448552742722
1551.0700000000002	0.0005711412394470162
1551.075	0.0005671076621341268
1551.08	0.0005641219874346754
1551.085	0.0005623745727825
1551.09	0.0005622091121167612
1551.095	0.0005634765573648289
1551.1000000000001	0.000564928981362151
1551.105	0.0005683653603970955
1551.11	0.0005711680763170092
1551.115	0.0005743425759973063
1551.12	0.0005772772126946529
1551.125	0.0005803736582531959
1551.13	0.0005838945381754105
1551.135	0.0005868761698924855
1551.1399999999999	0.0005895346255645752
1551.145	0.0005916062194166824
1551.1499999999999	0.0005919561049700774
1551.155	0.0005891407493702213
1551.16	0.0005833962549674163
1551.165	0.0005759702345173413
1551.17	0.0005691315287997782
1551.175	0.0005636638069732926
1551.1799999999998	0.0005609157305504765
1551.1850000000002	0.0005609148063080718
1551.19	0.0005641517016835012
1551.195	0.0005681226013335098
1551.2	0.0005741708432058469
1551.205	0.0005780903262957293
1551.21	0.0005812107995345378
1551.2150000000001	0.0005831860657607048
1551.22	0.000584213403437312
1551.225	0.0005839849710667862
1551.23	0.0005822392577979299
1551.235	0.0005790658468452984
1551.24	0.0005746118634278645
1551.2450000000001	0.000569773831512335
1551.25	0.0005649843058379894
1551.2549999999999	0.0005607032391715582
1551.26	0.0005573575132690831
1551.2649999999999	0.0005552917138410916
1551.27	0.0005545298136276882
1551.275	0.0005551278886204814
1551.28	0.0005567222174841292
1551.285	0.0005588071689541038
1551.29	0.0005609890135748486
1551.2949999999998	0.0005640593738047476
1551.3000000000002	0.000566790517609711
1551.305	0.0005700696895107071
1551.31	0.0005729583227590612
1551.315	0.0005753235047386448
1551.32	0.0005778614731959734
1551.3249999999998	0.0005797403281113424
1551.3300000000002	0.0005810797123777787
1551.335	0.0005806388179422298
1551.34	0.0005783866930841678
1551.345	0.0005747202685119053
1551.35	0.0005701104880624137
1551.355	0.0005663309074075277
1551.3600000000001	0.0005638088333894412
1551.365	0.0005632523044781407
1551.37	0.0005646466606395633
1551.375	0.0005673534252312021
1551.3799999999999	0.0005703455009490281
1551.385	0.0005741094174290839
1551.39	0.0005785777835380827
1551.395	0.000582359977708453
1551.4	0.0005860449906365025
1551.405	0.0005882142249770501
1551.4099999999999	0.000589577692924892
1551.4150000000002	0.0005894563784192188
1551.42	0.0005884757354136925
1551.425	0.0005864144859870792
1551.43	0.0005834415285090092
1551.435	0.0005797766094931438
1551.4399999999998	0.0005762369311099165
1551.4450000000002	0.0005726987063378732
1551.45	0.0005690175989920718
1551.455	0.0005655138717028285
1551.46	0.0005624368357878166
1551.465	0.0005595934670001259
1551.4699999999998	0.0005568897728534468
1551.4750000000001	0.0005546990159583107
1551.48	0.0005538332969151459
1551.485	0.0005541539365594006
1551.49	0.0005558522902858469
1551.495	0.0005591740275547499
1551.5	0.0005651457496802298
1551.505	0.0005717459182572067
1551.51	0.0005756600942906776
1551.515	0.0005723295622147746
1551.52	0.0005623694409341417
1551.5249999999999	0.0005486539160226513
1551.53	0.000537745497844306
1551.535	0.0005305453487697416
1551.54	0.0005280491784794932
1551.545	0.0005302652491069621
1551.55	0.0005363825257618896
1551.5549999999998	0.0005449245444018755
1551.56	0.0005538739806372131
1551.565	0.000562465794081887
1551.57	0.0005681797348019156
1551.575	0.0005708787552737041
1551.58	0.0005708509221225469
1551.5849999999998	0.0005680839966660266
1551.5900000000001	0.0005630793425933716
1551.595	0.0005567953708504281
1551.6	0.0005504214500891483
1551.605	0.0005447904408805008
1551.61	0.0005403609413976347
1551.615	0.000537493377013198
1551.6200000000001	0.0005366572990708532
1551.625	0.0005371168446773279
1551.63	0.0005392070064928895
1551.635	0.0005421833895232722
1551.6399999999999	0.0005452249143440848
1551.645	0.0005492178190576757
1551.65	0.0005525463376488872
1551.655	0.0005561227059921202
1551.66	0.0005595112951771825
1551.665	0.0005623025822217303
1551.6699999999998	0.0005645190761608739
1551.675	0.000565779405643092
1551.68	0.0005660039356441496
1551.685	0.0005653237023023844
1551.69	0.0005632218502399729
1551.695	0.0005596056583898041
1551.6999999999998	0.0005551204061926561
1551.705	0.0005507243305813279
1551.71	0.0005469702332834388
1551.715	0.0005433005089181676
1551.72	0.0005409540221710808
1551.725	0.0005401485427684301
1551.73	0.0005407573770833164
1551.7350000000001	0.000542122814837494
1551.74	0.0005445998440249928
1551.7450000000001	0.0005471000745281244
1551.75	0.0005501041593850009
1551.7549999999999	0.0005524977921058576
1551.76	0.0005544985405574734
1551.765	0.0005558132097156768
1551.77	0.0005558741840603667
1551.775	0.0005546760334542059
1551.78	0.000552503279106996
1551.7849999999999	0.0005498651300864801
1551.79	0.0005472528910558572
1551.795	0.0005447497244092025
1551.8	0.0005423590383948403
1551.805	0.0005403333863401653
1551.81	0.0005388865322299317
1551.8149999999998	0.0005379889164867699
1551.82	0.0005378605042634886
1551.825	0.0005376470757125712
1551.83	0.0005382752254475905
1551.835	0.0005396396386189834
1551.84	0.0005415307330997546
1551.845	0.0005447023240368907
1551.85	0.0005494824722912215
1551.855	0.0005560624477976621
1551.8600000000001	0.0005642333392105909
1551.865	0.0005717971493051694
1551.87	0.0005773893173275733
1551.875	0.0005788916968638545
1551.88	0.0005765711833138076
1551.885	0.0005730767518904469
1551.89	0.0005687034770324173
1551.895	0.0005637291594879587
1551.8999999999999	0.0005600512891709434
1551.905	0.0005586439416138697
1551.91	0.0005590290372891437
1551.915	0.0005608961428516894
1551.92	0.0005640818268636568
1551.925	0.0005683878726497173
1551.9299999999998	0.0005735805485607937
1551.935	0.0005778673948014179
1551.94	0.0005815804758469711
1551.9450000000002	0.000583682617579167
1551.95	0.0005837333977406696
1551.955	0.0005819664661668115
1551.96	0.0005788194166253396
1551.965	0.0005741896174453881
1551.97	0.0005693513398825481
1551.9750000000001	0.0005646854049501767
1551.98	0.0005606157192208364
1551.985	0.0005574770932064028
1551.99	0.0005552009008162819
1551.995	0.000553325481569724
1552	0.0005524827847233323
1552.005	0.0005526421552852022
1552.01	0.0005535523149923774
1552.0149999999999	0.0005554422986576984
1552.02	0.000558030481261935
1552.0249999999999	0.0005614452963325
1552.03	0.000565517234606617
1552.035	0.0005693290534966245
1552.04	0.0005730964342503145
1552.0449999999998	0.0005767871365640013
1552.05	0.0005800205341333943
1552.055	0.0005811721718272407
1552.0600000000002	0.000579388490285428
1552.065	0.000575269025966936
1552.07	0.0005695084791747041
1552.075	0.0005636463523075557
1552.08	0.000558252250773324
1552.085	0.0005536904528094616
1552.0900000000001	0.0005509936274508075
1552.095	0.0005498651667733906
1552.1	0.0005507566127083345
1552.105	0.0005531566267798117
1552.11	0.0005581801997543631
1552.115	0.0005646189943441227
1552.1200000000001	0.0005700422307836358
1552.125	0.0005755191389907003
1552.1299999999999	0.0005793413849775003
1552.135	0.0005822701332159103
1552.1399999999999	0.0005838891321064954
1552.145	0.000584375919835588
1552.15	0.0005836430605714602
1552.155	0.0005819954179024083
1552.1599999999999	0.0005801869017431667
1552.165	0.000578256541544419
1552.1699999999998	0.0005770335679530181
1552.1750000000002	0.0005753512306446691
1552.18	0.0005740184322831386
1552.185	0.0005730561528083982
1552.19	0.0005724825770204966
1552.195	0.0005720221670710492
1552.2	0.000571463448303516
1552.2050000000002	0.0005717581270835489
1552.21	0.0005722513544409602
1552.215	0.0005738919186642859
1552.22	0.0005759951502022216
1552.225	0.0005776883334348828
1552.23	0.0005790314835753711
1552.2350000000001	0.0005802712070742296
1552.24	0.0005798779458120819
1552.245	0.0005778194175208079
1552.25	0.0005734973276779614
1552.2549999999999	0.0005672307594992329
1552.26	0.0005598536599537937
1552.265	0.0005522279155793046
1552.27	0.0005447179294897315
1552.2749999999999	0.0005388557274364793
1552.28	0.0005354111063548731
1552.2849999999999	0.0005342588731022744
1552.2900000000002	0.0005356514619117343
1552.295	0.0005392960734392944
1552.3	0.0005442611869151536
1552.305	0.0005504240562282849
1552.31	0.0005560755874977129
1552.3149999999998	0.000560947654739887
1552.3200000000002	0.0005643608229477259
1552.325	0.0005645736042859514
1552.33	0.0005621203043239001
1552.335	0.0005579668864242163
1552.34	0.000552647980411275
1552.345	0.000546684118894892
1552.3500000000001	0.0005407357730616999
1552.355	0.0005349661866649481
1552.36	0.0005298576151974046
1552.365	0.0005258578266515711
1552.37	0.0005231673908497711
1552.375	0.0005218884402600477
1552.38	0.0005225040366078077
1552.385	0.0005253877836396529
1552.3899999999999	0.000530692435998957
1552.395	0.0005375781556322204
1552.3999999999999	0.0005456216382540727
1552.4050000000002	0.0005538443155442959
1552.41	0.0005589587516460159
1552.415	0.0005602317324243371
1552.42	0.0005571446578906835
1552.425	0.0005510018095946244
1552.4299999999998	0.0005414666435242213
1552.4350000000002	0.0005329955923365974
1552.44	0.0005264900395597675
1552.445	0.0005229121599456532
1552.45	0.0005218752645439892
1552.455	0.0005234714433419987
1552.4599999999998	0.000527909116858626
1552.4650000000001	0.0005340489638643255
1552.47	0.0005407627672671629
1552.475	0.0005475254020261237
1552.48	0.000553002522431864
1552.485	0.000557455408491572
1552.4899999999998	0.0005600628779895431
1552.4950000000001	0.000561256742790913
1552.5	0.0005608771282148839
1552.5049999999999	0.0005597188904430269
1552.51	0.0005581879704821027
1552.5149999999999	0.0005562652005984306
1552.52	0.0005541023243235939
1552.525	0.0005511688988492057
1552.53	0.0005485887961543801
1552.535	0.0005459076057736018
1552.54	0.0005434315614387983
1552.5449999999998	0.000540295053369519
1552.5500000000002	0.0005377154817340236
1552.555	0.0005361482036498528
1552.56	0.0005369676053422535
1552.565	0.0005404259371410371
1552.57	0.0005463631897251382
1552.5749999999998	0.0005525352434458861
1552.5800000000002	0.0005584852573279305
1552.585	0.0005612670908289914
1552.59	0.0005623636329112784
1552.595	0.0005616821490053268
1552.6	0.0005594196375763812
1552.6049999999998	0.0005567691811672055
1552.6100000000001	0.000554470965123052
1552.615	0.0005522745631656038
1552.6200000000001	0.0005502505161640195
1552.625	0.0005488837022252354
1552.6299999999999	0.0005484466438874851
1552.635	0.0005489439353227438
1552.64	0.0005502332350119352
1552.645	0.0005526837305000076
1552.65	0.0005557148831137865
1552.655	0.0005591842624522222
1552.6599999999999	0.0005628565362210591
1552.665	0.0005664447330860898
1552.67	0.0005699908001188541
1552.675	0.0005722315453815039
1552.68	0.0005739872266095665
1552.685	0.000575383644851267
1552.6899999999998	0.0005759840932533556
1552.695	0.000575967904300124
1552.7	0.0005752770469543974
1552.705	0.0005740089732684163
1552.71	0.0005723099856964549
1552.715	0.0005703628815416753
1552.7199999999998	0.0005684830249892434
1552.7250000000001	0.0005662156210444904
1552.73	0.0005640128997865184
1552.7350000000001	0.0005623699400036074
1552.74	0.0005613557853278433
1552.745	0.0005606514751119129
1552.75	0.0005609817064285745
1552.755	0.0005630483277687996
1552.76	0.0005664731613592747
1552.765	0.0005696839325658972
1552.77	0.0005739862877689586
1552.7749999999999	0.0005764355183160131
1552.78	0.0005776270516235878
1552.785	0.0005769129494928727
1552.79	0.0005744319122390593
1552.795	0.0005704641974425654
1552.8	0.0005658609604228401
1552.8049999999998	0.0005606950388402585
1552.81	0.0005554391596678043
1552.815	0.0005510162661020329
1552.82	0.0005480781800499794
1552.825	0.0005468478984141529
1552.83	0.0005470245848515541
1552.8349999999998	0.0005492504787526031
1552.84	0.000552900874340009
1552.845	0.0005569212271140254
1552.8500000000001	0.0005614103484772368
1552.855	0.000565296722087153
1552.86	0.0005691890316918628
1552.865	0.0005724821566914718
1552.8700000000001	0.0005753441087514939
1552.875	0.0005776822666695126
1552.88	0.0005793903943308924
1552.885	0.0005807091074039953
1552.8899999999999	0.0005809963872005021
1552.895	0.0005797386829590864
1552.9	0.0005766841354134616
1552.905	0.0005711463115839509
1552.91	0.000564297137849074
1552.915	0.0005585795430052259
1552.9199999999998	0.0005561438550157749
1552.925	0.0005569960291219051
1552.93	0.0005622859984839261
1552.935	0.000568913644444836
1552.94	0.0005766078601969244
1552.945	0.0005823018982404765
1552.9499999999998	0.0005869081983380337
1552.955	0.0005892822195268575
1552.96	0.0005896463407834626
1552.9650000000001	0.0005881026208573364
1552.97	0.0005854824579244709
1552.975	0.0005820228934783228
1552.98	0.0005784033218432334
1552.985	0.000575083344433931
1552.99	0.0005720983018663701
1552.9950000000001	0.0005700910917888693
1553	0.000568886052888994
1553.0049999999999	0.0005686673169417753
1553.01	0.0005693418205634871
1553.015	0.0005706040924736397
1553.02	0.0005720936542343312
1553.025	0.0005738326711166048
1553.03	0.0005760961062289438
1553.0349999999999	0.0005782894364472997
1553.04	0.0005799774307832135
1553.045	0.0005820285828736541
1553.05	0.0005828822744510331
1553.055	0.0005839390976917811
1553.06	0.0005847386084225793
1553.065	0.0005848797154935666
1553.07	0.0005842583329581958
1553.075	0.0005823421971955882
1553.0800000000002	0.000579173530883698
1553.085	0.0005743363739276179
1553.09	0.0005675857091065495
1553.095	0.0005598581886838192
1553.1	0.0005520921503944756
1553.105	0.0005456955806015154
1553.1100000000001	0.0005417981250707461
1553.115	0.000540303153744996
1553.12	0.000541986887247184
1553.125	0.0005450711117266526
1553.1299999999999	0.0005494717970315504
1553.135	0.0005538152760090161
1553.14	0.000557654665007414
1553.145	0.0005600242784283063
1553.1499999999999	0.0005598850548951122
1553.155	0.0005570255101924541
1553.1599999999999	0.0005519161668259571
1553.165	0.0005453920060274624
1553.17	0.000538295851902135
1553.175	0.0005317021678248414
1553.18	0.0005261360911378971
1553.185	0.0005222776289710402
1553.19	0.0005206249457568359
1553.1950000000002	0.0005210797083595543
1553.2	0.0005231326350882334
1553.205	0.0005264317944965305
1553.21	0.0005309629695157882
1553.215	0.0005350194359327999
1553.22	0.0005390080620009308
1553.2250000000001	0.0005431394330916898
1553.23	0.0005467648624435656
1553.235	0.0005506206305367475
1553.24	0.0005528965264552534
1553.245	0.0005549431447253822
1553.25	0.00055484621838071
1553.255	0.0005527934901170033
1553.26	0.0005481184349639316
1553.2649999999999	0.0005408016555559477
1553.27	0.0005330767346628935
1553.2749999999999	0.0005274763191149248
1553.28	0.0005240728558204574
1553.285	0.0005244386115378048
1553.29	0.0005280441333015799
1553.295	0.0005345978585409603
1553.3	0.0005416279516431902
1553.3049999999998	0.0005495384735030611
1553.3100000000002	0.000555012926281104
1553.315	0.0005583212659137545
1553.32	0.0005587768803058191
1553.325	0.0005567360594108694
1553.33	0.0005527141239679545
1553.335	0.0005474292430257261
1553.3400000000001	0.0005414518034016577
1553.345	0.0005351673624749993
1553.35	0.0005299699940148696
1553.355	0.0005262590395289022
1553.36	0.0005240889228200455
1553.365	0.0005235812887243641
1553.3700000000001	0.0005248011217258028
1553.375	0.0005276434686037934
1553.3799999999999	0.0005319392129116247
1553.385	0.0005370486488779166
1553.3899999999999	0.000542204672095851
1553.395	0.0005469783598987797
1553.4	0.000552455982440589
1553.405	0.0005564801924451702
1553.41	0.0005604803774967901
1553.415	0.0005633790594519708
1553.4199999999998	0.0005653211533649473
1553.4250000000002	0.0005665697466738255
1553.43	0.0005667196490917221
1553.435	0.000565849254846363
1553.44	0.0005639972895929822
1553.445	0.0005611090034755231
1553.4499999999998	0.0005571201089474168
1553.4550000000002	0.0005533595327424735
1553.46	0.0005513678327739874
1553.465	0.0005512046735103822
1553.47	0.0005533662418867341
1553.475	0.0005572279248391152
1553.48	0.0005621826752688652
1553.4850000000001	0.0005672163983212201
1553.49	0.0005728529272422101
1553.495	0.0005776451944663857
1553.5	0.000582139058731346
1553.5049999999999	0.000585326124049176
1553.51	0.0005871143387878211
1553.515	0.0005877141781237291
1553.52	0.0005869958254272116
1553.525	0.0005852359594593458
1553.53	0.0005827518621714042
1553.5349999999999	0.0005798670336378992
1553.5400000000002	0.0005772057146430929
1553.545	0.0005751099526358839
1553.55	0.0005733507855883752
1553.555	0.0005721788454443366
1553.56	0.0005719713767100829
1553.5649999999998	0.0005720237809672892
1553.5700000000002	0.0005726358244706247
1553.575	0.0005735242727541257
1553.58	0.0005744351914123593
1553.585	0.000575709745765425
1553.59	0.0005770905895259101
1553.5949999999998	0.0005789121305277541
1553.6000000000001	0.0005804664497182178
1553.605	0.0005827294437840408
1553.61	0.0005849201319665917
1553.615	0.0005856824094925719
1553.62	0.0005833561148063509
1553.6249999999998	0.0005788538432186278
1553.63	0.0005726660821426982
1553.635	0.0005679666742807699
1553.64	0.0005644336597044814
1553.645	0.000561961089383574
1553.6499999999999	0.0005607864369933601
1553.655	0.0005621414883171764
1553.66	0.0005650176346749552
1553.665	0.0005685213812275243
1553.67	0.0005720936457397673
1553.675	0.0005754941850225618
1553.6799999999998	0.0005787536499188783
1553.685	0.000581422027614424
1553.69	0.0005826348397443354
1553.695	0.0005819609190800928
1553.7	0.0005799036234658831
1553.705	0.0005770325529855264
1553.7099999999998	0.0005736994595712374
1553.7150000000001	0.0005703035784516948
1553.72	0.0005674758789112291
1553.725	0.0005649447292456424
1553.73	0.0005631608705432272
1553.735	0.0005623356651159897
1553.7399999999998	0.000562270644262557
1553.7450000000001	0.0005625507327620479
1553.75	0.0005637760040242497
1553.755	0.000565273106912507
1553.76	0.0005676859813521372
1553.7649999999999	0.0005706088366242141
1553.77	0.0005735232441445019
1553.775	0.0005770343531487307
1553.78	0.0005798332788075303
1553.785	0.0005825457044274521
1553.79	0.0005853464554231779
1553.7949999999998	0.0005871821167143022
1553.8	0.0005869298164773165
1553.805	0.0005841946251327226
1553.81	0.0005802813484944007
1553.815	0.0005751414268094744
1553.82	0.0005684407454805882
1553.8249999999998	0.0005621256791412235
1553.83	0.000557341283361342
1553.835	0.0005538838018716731
1553.84	0.0005522453575519156
1553.845	0.0005532431279450053
1553.85	0.000556054943891163
1553.855	0.0005601367169222916
1553.8600000000001	0.0005652256529434877
1553.865	0.0005702553312619063
1553.8700000000001	0.0005748751849948002
1553.875	0.0005779898326416181
1553.8799999999999	0.0005790866518136901
1553.885	0.0005777446503124552
1553.89	0.0005743235621682061
1553.895	0.0005695170130047933
1553.9	0.0005641110791861827
1553.905	0.0005582191165023848
1553.9099999999999	0.0005524671841911132
1553.915	0.0005474847745568221
1553.92	0.0005434536293655318
1553.925	0.0005396649842436013
1553.93	0.0005359936273365896
1553.935	0.0005332111724981887
1553.9399999999998	0.0005315034800098783
1553.945	0.0005310348690044562
1553.95	0.0005326027335737562
1553.955	0.0005366323278624464
1553.96	0.0005427148054805718
1553.965	0.0005507938359816369
1553.97	0.0005576102408968136
1553.975	0.0005597635876584926
1553.98	0.0005570864666313744
1553.9850000000001	0.0005490294162133597
1553.99	0.000539882137816658
1553.995	0.0005312591868369225
1554	0.0005232895461840702
1554.005	0.0005176953770182365
1554.01	0.0005149127543079495
1554.015	0.00051423165823459
1554.02	0.000515556835921677
1554.0249999999999	0.000518715705307707
1554.03	0.0005236003543443293
1554.035	0.0005292903565843536
1554.04	0.0005349735586323013
1554.045	0.0005400669341757432
1554.05	0.0005441241467310319
1554.0549999999998	0.0005463533347784999
1554.06	0.0005466315488495527
1554.065	0.00054498709438357
1554.07	0.0005416108248825689
1554.075	0.0005367097867754244
1554.08	0.0005315233246136905
1554.085	0.0005263717278661632
1554.09	0.000521738780063679
1554.095	0.0005178265943295983
1554.1000000000001	0.0005141508274846553
1554.105	0.0005113273626661956
1554.11	0.0005095049974936373
1554.115	0.0005086070347262813
1554.12	0.0005086518860835492
1554.125	0.000509694061850483
1554.13	0.0005116006259630414
1554.135	0.0005150451757422089
1554.1399999999999	0.0005198884362393229
1554.145	0.0005258107940207052
1554.1499999999999	0.0005327250103557321
1554.155	0.0005397766822869769
1554.16	0.0005449689835635105
1554.165	0.0005470295721897982
1554.1699999999998	0.0005455062442118487
1554.175	0.0005411626031655392
1554.18	0.0005353644239499869
1554.1850000000002	0.0005291056592337753
1554.19	0.0005225720386997322
1554.195	0.0005169009887342304
1554.2	0.0005130594179311009
1554.205	0.000511725412634459
1554.21	0.0005128045564270658
1554.2150000000001	0.0005165452085124332
1554.22	0.0005231054787126117
1554.225	0.0005310629196902057
1554.23	0.000538880266153244
1554.235	0.0005466848437925292
1554.24	0.0005530335535067685
1554.2450000000001	0.0005578119612356747
1554.25	0.0005604534428743051
1554.2549999999999	0.0005611485393583837
1554.26	0.0005600141171937755
1554.2649999999999	0.0005581077317005299
1554.27	0.0005559683165445158
1554.275	0.0005538116676721904
1554.28	0.0005513771682837517
1554.2849999999999	0.0005486883104407135
1554.29	0.0005460053296575581
1554.2949999999998	0.0005437674597466612
1554.3000000000002	0.0005418314489096945
1554.305	0.000540090393185117
1554.31	0.0005400358931151276
1554.315	0.0005430197757105615
1554.32	0.0005494461795271785
1554.325	0.0005589628793556091
1554.3300000000002	0.0005682784274111877
1554.335	0.0005741692697286837
1554.34	0.0005768233790985976
1554.345	0.0005759556853303333
1554.35	0.0005728715178919256
1554.355	0.0005686435224344492
1554.3600000000001	0.0005640803947437273
1554.365	0.0005602698648441201
1554.37	0.0005579043715403427
1554.375	0.0005568288616836695
1554.3799999999999	0.0005571832759641049
1554.385	0.0005590722803503976
1554.39	0.0005617534326825803
1554.395	0.000564886776876115
1554.3999999999999	0.0005680857329026943
1554.405	0.0005708245441735985
1554.4099999999999	0.0005731885732474758
1554.4150000000002	0.0005749829333647725
1554.42	0.0005761551681333253
1554.425	0.000576422728250066
1554.43	0.0005753981025841452
1554.435	0.0005739998512973782
1554.4399999999998	0.0005724831681474353
1554.4450000000002	0.0005712279984271787
1554.45	0.0005700531802661949
1554.455	0.0005684472854712785
1554.46	0.0005669009943342982
1554.465	0.0005655461544563648
1554.47	0.0005643469466983718
1554.4750000000001	0.0005633520349764363
1554.48	0.0005625074421092261
1554.485	0.0005617936021097806
1554.49	0.0005615018056758443
1554.495	0.0005615971884906586
1554.5	0.0005622448149810719
1554.505	0.0005630862335728341
1554.51	0.0005644357995147679
1554.5149999999999	0.0005657486780224518
1554.52	0.0005668155914965794
1554.5249999999999	0.0005674066436576949
1554.5300000000002	0.0005668797353723215
1554.535	0.000565926951906522
1554.54	0.0005639924873696567
1554.545	0.0005621038684246536
1554.55	0.0005599343371364743
1554.5549999999998	0.0005578986592685183
1554.5600000000002	0.0005557080851300714
1554.565	0.0005537098042492687
1554.57	0.000552248414629327
1554.575	0.0005515139104072807
1554.58	0.0005515916854641306
1554.5849999999998	0.0005523149499088892
1554.5900000000001	0.0005534075336633172
1554.595	0.0005547599356304012
1554.6	0.0005562856052303728
1554.605	0.0005574665970933917
1554.61	0.0005585381367357747
1554.615	0.0005589211484113849
1554.6200000000001	0.0005590878945492413
1554.625	0.0005589440202221351
1554.6299999999999	0.0005583615332870552
1554.635	0.0005570834247932512
1554.6399999999999	0.0005552695949384221
1554.645	0.0005530637212491754
1554.65	0.0005498216286206083
1554.655	0.0005446380305072486
1554.66	0.0005386758272498001
1554.665	0.0005314865505163186
1554.6699999999998	0.0005248527513520301
1554.6750000000002	0.0005233751375951347
1554.68	0.0005263919161110588
1554.685	0.0005324252616676264
1554.69	0.0005402923328130727
1554.695	0.0005462180942449719
1554.6999999999998	0.0005494824965923184
1554.7050000000002	0.0005491186818028058
1554.71	0.0005459637867022687
1554.715	0.0005409131444498774
1554.72	0.0005342244732609466
1554.725	0.0005264078757209038
1554.7299999999998	0.0005191108992861949
1554.7350000000001	0.0005135400380857422
1554.74	0.0005102006923523663
1554.745	0.0005087758861268016
1554.75	0.0005095295955302994
1554.7549999999999	0.0005125444339284525
1554.76	0.0005175863219307336
1554.765	0.0005237398259130398
1554.77	0.0005297381202490489
1554.775	0.0005354948598823797
1554.78	0.0005403158278255459
1554.7849999999999	0.0005438209787862129
1554.79	0.0005461739950707389
1554.795	0.0005460860633338049
1554.8	0.0005447815057372891
1554.805	0.000542120355224445
1554.81	0.0005383494226580467
1554.8149999999998	0.0005339686960126152
1554.82	0.0005294248324347944
1554.825	0.0005248924305524707
1554.83	0.0005191098713765956
1554.835	0.0005137158120111712
1554.84	0.0005094678660406832
1554.8449999999998	0.0005064827672420251
1554.8500000000001	0.0005053820426289816
1554.855	0.0005066745710426185
1554.86	0.0005106669139454385
1554.865	0.0005175469978750675
1554.87	0.0005247604753749153
1554.875	0.0005332208179701351
1554.88	0.0005393260206391017
1554.885	0.0005433302756696958
1554.89	0.0005447301349344414
1554.895	0.0005434117560072973
1554.8999999999999	0.0005401577826061017
1554.905	0.000535492895579583
1554.91	0.0005297875959794476
1554.915	0.0005238492486451232
1554.92	0.0005186729641319661
1554.925	0.0005146300108159023
1554.9299999999998	0.0005116178440201137
1554.935	0.0005097476534334214
1554.94	0.0005099462599456168
1554.945	0.000512002492817492
1554.95	0.0005145400191121173
1554.955	0.0005183333648064
1554.9599999999998	0.000521783783532718
1554.965	0.000525997511398192
1554.97	0.0005298272566122067
1554.975	0.0005330830416696789
1554.98	0.0005364091575805779
1554.985	0.0005390282477426024
1554.99	0.0005416655329011292
1554.9950000000001	0.00054329756192135
1555	0.0005439848325519446
1555.005	0.0005430895720983045
1555.01	0.0005399365414339455
1555.0149999999999	0.0005342598037775018
1555.02	0.0005247889793330182
1555.025	0.0005160149574400478
1555.03	0.0005110267754439502
1555.035	0.0005084872886062548
1555.04	0.0005098309169562589
1555.0449999999998	0.0005142091161385311
1555.05	0.000520905503155728
1555.055	0.0005275719889070508
1555.06	0.0005351016359672803
1555.065	0.0005405490850673991
1555.07	0.0005435427756573603
1555.0749999999998	0.000543778653135769
1555.08	0.000541549465223181
1555.085	0.0005373103329997409
1555.0900000000001	0.0005317760947275345
1555.095	0.000525675880461813
1555.1	0.0005194347095395625
1555.105	0.0005147477237622726
1555.11	0.0005119828524458402
1555.115	0.0005113229440331234
1555.1200000000001	0.0005127252133008744
1555.125	0.0005160224100343258
1555.1299999999999	0.0005209591588246281
1555.135	0.0005267225989189175
1555.14	0.0005330071927087174
1555.145	0.0005390676665362051
1555.15	0.0005440417496049014
1555.155	0.0005492311034002102
1555.1599999999999	0.0005528124010217604
1555.165	0.0005558609281075311
1555.17	0.0005579845665911194
1555.175	0.0005587556455221545
1555.18	0.0005590281088461778
1555.185	0.0005574723474203721
1555.19	0.0005544956858745404
1555.195	0.0005505945266916673
1555.2	0.000546751785003944
1555.2050000000002	0.0005427366824697949
1555.21	0.0005392851310576114
1555.215	0.000537828385211066
1555.22	0.000539217731405495
1555.225	0.0005420694832589275
1555.23	0.0005466307096812846
1555.2350000000001	0.0005510866469447166
1555.24	0.0005553850546562844
1555.245	0.0005590007981986844
1555.25	0.0005617815516785518
1555.2549999999999	0.0005630925713066687
1555.26	0.00056298433547648
1555.265	0.0005614892136499948
1555.27	0.0005591136563106449
1555.2749999999999	0.0005565250178399277
1555.28	0.0005541139788644442
1555.2849999999999	0.0005522021280608921
1555.29	0.000550835233104902
1555.295	0.0005502769317926257
1555.3	0.0005507273162177869
1555.305	0.0005515982004450566
1555.31	0.0005525731258492793
1555.315	0.0005535779490866522
1555.3200000000002	0.0005549570108786853
1555.325	0.0005561813539751066
1555.33	0.0005574476133866404
1555.335	0.0005583357183909322
1555.34	0.0005592333690394597
1555.345	0.0005602125378098061
1555.3500000000001	0.0005610506243590458
1555.355	0.0005615651132345637
1555.36	0.0005620543724269526
1555.365	0.0005620124703346096
1555.37	0.000560567425252236
1555.375	0.0005577471677470914
1555.38	0.0005549124091534514
1555.385	0.00055235728133225
1555.3899999999999	0.0005505996524893584
1555.395	0.000549577804408796
1555.3999999999999	0.0005494766456118341
1555.405	0.0005498838144771814
1555.41	0.0005510507110601228
1555.415	0.0005526688455763071
1555.42	0.0005543411450116606
1555.425	0.0005555637565037603
1555.4299999999998	0.0005560545438099462
1555.4350000000002	0.0005561630153284629
1555.44	0.0005556025446138121
1555.445	0.000554114971263001
1555.45	0.0005519006741714123
1555.455	0.0005490794732002881
1555.46	0.0005457739696186183
1555.4650000000001	0.0005423693296173407
1555.47	0.000539343361259899
1555.475	0.0005363499872347178
1555.48	0.0005336241580915128
1555.485	0.0005315106528272079
1555.49	0.0005304727726798146
1555.4950000000001	0.0005302343521465757
1555.5	0.0005308541791365759
1555.5049999999999	0.0005316758825270426
1555.51	0.0005325727226899598
1555.5149999999999	0.000534446633838036
1555.52	0.0005364002927114986
1555.525	0.0005389770901200868
1555.53	0.0005415965249318975
1555.535	0.0005439647937012703
1555.54	0.0005462114580756911
1555.5449999999998	0.0005477308082996692
1555.5500000000002	0.0005480760988814898
1555.555	0.0005466226140606904
1555.56	0.0005425233981315513
1555.565	0.0005362506567591265
1555.57	0.0005289142995121344
1555.5749999999998	0.0005221659381516129
1555.5800000000002	0.0005172180576231089
1555.585	0.0005141678438451803
1555.59	0.0005137055203344892
1555.595	0.0005158356738042497
1555.6	0.0005206002326592308
1555.605	0.0005252434299289692
1555.6100000000001	0.0005316232210900984
1555.615	0.0005374695586619025
1555.62	0.0005423764185214629
1555.625	0.0005455355511283803
1555.6299999999999	0.0005462869368320022
1555.635	0.0005445156704262198
1555.64	0.000540518478852863
1555.645	0.00053497977107504
1555.65	0.0005290009518596017
1555.655	0.0005236495203863475
1555.6599999999999	0.0005181754536753839
1555.6650000000002	0.0005135089558148665
1555.67	0.0005097037861846519
1555.675	0.0005070352274064211
1555.68	0.0005053557230560523
1555.685	0.0005043462261525479
1555.6899999999998	0.0005042259459783965
1555.6950000000002	0.0005054641452782374
1555.7	0.0005072315552210005
1555.705	0.0005116418842207718
1555.71	0.000518059257025662
1555.715	0.0005265590812425528
1555.7199999999998	0.0005357376204010379
1555.7250000000001	0.000543271937166489
1555.73	0.0005455674978764456
1555.735	0.0005419964928878471
1555.74	0.0005337063830873521
1555.745	0.0005247644713056722
1555.7499999999998	0.0005173089107991155
1555.755	0.0005113502616793683
1555.76	0.0005086841411654507
1555.765	0.0005091529401503205
1555.77	0.0005116065900495382
1555.7749999999999	0.0005158314465707156
1555.78	0.0005216702083694262
1555.785	0.0005283287099468876
1555.79	0.0005349273729199127
1555.795	0.0005396515825430172
1555.8	0.0005429974336269723
1555.8049999999998	0.0005443168096018669
1555.8100000000002	0.000543418107788614
1555.815	0.0005407264382171109
1555.82	0.0005367344598189243
1555.825	0.0005317987451897961
1555.83	0.0005268356010595691
1555.8349999999998	0.0005222704731008903
1555.8400000000001	0.000518460265464361
1555.845	0.0005157332364164311
1555.85	0.000514362834053002
1555.855	0.0005136252119072491
1555.86	0.0005139017430043414
1555.8649999999998	0.0005152252529170611
1555.8700000000001	0.0005172724964131139
1555.875	0.0005199101229857225
1555.88	0.0005234953322565905
1555.885	0.0005278589374422094
1555.8899999999999	0.0005323893270126574
1555.895	0.0005365084349169359
1555.9	0.0005393923782181714
1555.905	0.0005401839859891647
1555.91	0.0005383233173342539
1555.915	0.000534470889395622
1555.9199999999998	0.0005287359809879883
1555.925	0.0005228308936777458
1555.93	0.0005171127146094836
1555.935	0.0005126575591380136
1555.94	0.0005093526016853925
1555.945	0.0005078606441035378
1555.9499999999998	0.0005083123570178981
1555.955	0.0005103858726287934
1555.96	0.0005137157676711825
1555.965	0.0005178535467185736
1555.97	0.0005222796568282358
1555.975	0.0005262080119919022
1555.9799999999998	0.000529123547597801
1555.9850000000001	0.0005308911160585988
1555.99	0.0005313082064136952
1555.9950000000001	0.0005305145419524475
1556	0.0005289984402701734
1556.0049999999999	0.0005271622531779403
1556.01	0.0005252119332235478
1556.015	0.0005233734224111455
1556.02	0.0005217806664073619
1556.025	0.0005205635961435292
1556.03	0.0005194534752522269
1556.0349999999999	0.0005182658654388151
1556.04	0.0005173678597192591
1556.045	0.0005167909548973581
1556.05	0.0005167288118177045
1556.055	0.0005171289439995944
1556.06	0.0005183999257298885
1556.0649999999998	0.0005211820206920784
1556.07	0.0005248158255687123
1556.075	0.0005287384261255095
1556.08	0.0005328148709124509
1556.085	0.0005363345759508235
1556.09	0.0005381235034136656
1556.0949999999998	0.0005385305890715067
1556.1	0.0005377485254277108
1556.105	0.0005361612287827684
1556.1100000000001	0.000534217733214631
1556.115	0.0005325457964656575
1556.12	0.0005317766003499893
1556.125	0.0005316461720741949
1556.13	0.0005319260268108688
1556.135	0.0005327583938800192
1556.14	0.000534401680642562
1556.145	0.0005360675962695593
1556.1499999999999	0.0005376197350546728
1556.155	0.0005389998768867464
1556.16	0.0005403123365037199
1556.165	0.0005419972097311232
1556.17	0.0005433867468576261
1556.175	0.0005441676551851567
1556.1799999999998	0.0005440152676568683
1556.185	0.0005431903983073972
1556.19	0.0005423530005713346
1556.195	0.000541489053364233
1556.2	0.0005410969956148183
1556.205	0.0005407693194682151
1556.21	0.0005404130439630457
1556.215	0.0005400671652971494
1556.22	0.0005398282719958268
1556.2250000000001	0.000539654593457299
1556.23	0.0005400324298407893
1556.235	0.000540169945439695
1556.24	0.0005412293737235444
1556.245	0.0005423810850449069
1556.25	0.0005437257256303264
1556.255	0.0005453697249924106
1556.26	0.00054729645178491
1556.2649999999999	0.0005489069210485247
1556.27	0.000549932707635005
1556.275	0.0005497024483256197
1556.28	0.0005492000790018252
1556.285	0.0005477471253387288
1556.29	0.0005456290651513383
1556.2949999999998	0.000543703544627308
1556.3	0.0005421830609730055
1556.305	0.000540655616880553
1556.3100000000002	0.0005390101512606407
1556.315	0.0005375993985776184
1556.32	0.0005371811928987947
1556.325	0.0005376550141991415
1556.33	0.0005386069014668075
1556.335	0.0005401136498572329
1556.3400000000001	0.0005419070709807646
1556.345	0.0005439593221957521
1556.35	0.0005456970903830138
1556.355	0.0005465974293194342
1556.36	0.0005467834416717864
1556.365	0.0005465673420624879
1556.3700000000001	0.0005462020635965662
1556.375	0.0005456728966777164
1556.3799999999999	0.0005446486998161662
1556.385	0.0005428668090314736
1556.3899999999999	0.0005404867437419397
1556.395	0.0005376585629828562
1556.4	0.0005337377116349339
1556.405	0.0005281136357379972
1556.4099999999999	0.0005218864746459185
1556.415	0.0005147334611422294
1556.4199999999998	0.0005089387005340797
1556.4250000000002	0.0005078080391507688
1556.43	0.0005108787085518397
1556.435	0.0005167112877747683
1556.44	0.0005235512066342293
1556.445	0.0005290531766686407
1556.45	0.0005333720823016217
1556.4550000000002	0.0005345216234832796
1556.46	0.0005327452856678154
1556.465	0.0005288048961509
1556.47	0.0005233500856379891
1556.475	0.0005162928083332677
1556.48	0.0005095457140511226
1556.4850000000001	0.000503798397066457
1556.49	0.0004993701364191935
1556.495	0.0004964634897343876
1556.5	0.0004953247319552989
1556.5049999999999	0.0004968511360804417
1556.51	0.0005006296622647743
1556.515	0.0005057311953248034
1556.52	0.0005115793675922822
1556.5249999999999	0.0005180932782591779
1556.53	0.0005234116454411792
1556.5349999999999	0.0005291264869036928
1556.5400000000002	0.0005333955338463706
1556.545	0.0005357892253377414
1556.55	0.0005365305066096744
1556.555	0.000535576196941867
1556.56	0.0005324641141577134
1556.5649999999998	0.0005279897807978995
1556.5700000000002	0.0005228687831049388
1556.575	0.0005171119214209808
1556.58	0.0005108467439867473
1556.585	0.0005044706176555279
1556.59	0.0004988570467275191
1556.595	0.0004945924868509083
1556.6000000000001	0.0004923200857318582
1556.605	0.0004938332181210855
1556.61	0.0004986614876928582
1556.615	0.0005061825442935844
1556.62	0.0005150885675545015
1556.625	0.0005240686694637774
1556.63	0.0005311731554151218
1556.635	0.0005355679556419975
1556.6399999999999	0.0005371110548667362
1556.645	0.0005358728748042026
1556.6499999999999	0.0005325406062227191
1556.6550000000002	0.0005280073904897073
1556.66	0.0005227774537846566
1556.665	0.0005174025302619516
1556.67	0.0005130928577024953
1556.675	0.0005104892727711491
1556.6799999999998	0.0005097614260160751
1556.6850000000002	0.0005107638171052118
1556.69	0.0005134415758376927
1556.695	0.0005176066634533508
1556.7	0.0005223707144310216
1556.705	0.0005269458338554114
1556.7099999999998	0.0005303784457287849
1556.7150000000001	0.000533608691377204
1556.72	0.0005356371099560375
1556.725	0.0005366268127314783
1556.73	0.0005367074839534427
1556.735	0.0005359189647631156
1556.74	0.0005344369010114008
1556.7450000000001	0.0005325908065956865
1556.75	0.0005304880771855902
1556.7549999999999	0.0005275906938373302
1556.76	0.0005237418080593565
1556.7649999999999	0.0005201773895901744
1556.77	0.0005169657732970954
1556.775	0.0005157009352833836
1556.78	0.0005165278418811235
1556.785	0.0005185865620594575
1556.79	0.0005210907661301337
1556.7949999999998	0.0005238103765214567
1556.8000000000002	0.0005260236908513881
1556.805	0.0005269078071355725
1556.81	0.0005272403033148436
1556.815	0.0005265460734460858
1556.82	0.0005253584538216392
1556.8249999999998	0.0005235595102330104
1556.8300000000002	0.0005214273116756106
1556.835	0.0005193684740113038
1556.84	0.0005173707936747961
1556.845	0.000515387343270792
1556.85	0.000513532559985951
1556.8549999999998	0.0005121175317492049
1556.8600000000001	0.0005117242952460184
1556.865	0.0005118366317268867
1556.87	0.0005122771722670516
1556.875	0.0005128947190963301
1556.8799999999999	0.0005136612958963262
1556.885	0.0005152613493881984
1556.89	0.0005165941546389831
1556.895	0.0005181928976588285
1556.9	0.0005198118454965107
1556.905	0.0005213326112353444
1556.9099999999999	0.0005233105266376685
1556.915	0.0005246034685667359
1556.92	0.0005258650979119113
1556.925	0.0005266942596286434
1556.93	0.0005271762072319312
1556.935	0.0005275641730616113
1556.9399999999998	0.0005276586334018421
1556.945	0.0005272328078028879
1556.95	0.0005259935021073281
1556.955	0.0005247496797210658
1556.96	0.0005236771831433994
1556.965	0.0005231767165536657
1556.9699999999998	0.0005237823987382908
1556.9750000000001	0.0005257417541963628
1556.98	0.0005282212777778513
1556.985	0.0005311637707921305
1556.99	0.0005339929190594532
1556.995	0.0005373100281357005
1557	0.0005394178594424004
1557.005	0.0005408852726952237
1557.01	0.0005409671872355629
1557.015	0.0005400249502737255
1557.02	0.0005384129301281947
1557.0249999999999	0.0005365976303517947
1557.03	0.0005348368517718873
1557.035	0.0005333291318025453
1557.04	0.0005322662307501255
1557.045	0.0005318178690924369
1557.05	0.0005320906898110086
1557.0549999999998	0.0005329844372616146
1557.06	0.000534323720019578
1557.065	0.0005362780002978677
1557.07	0.0005382395027489659
1557.075	0.0005402125236365673
1557.08	0.0005421020662211451
1557.0849999999998	0.0005439903391847175
1557.09	0.0005459491038827781
1557.095	0.0005477585585220051
1557.1	0.0005496594500157552
1557.105	0.0005512346339065887
1557.11	0.0005523357292034282
1557.115	0.0005522809607301836
1557.1200000000001	0.0005501663397581997
1557.125	0.0005460836501733954
1557.13	0.0005418709677296614
1557.135	0.0005374423182208864
1557.1399999999999	0.0005343014464524781
1557.145	0.0005333498508735461
1557.15	0.0005337056075719219
1557.155	0.000535675916718991
1557.16	0.0005386043280109225
1557.165	0.0005413266644634425
1557.1699999999998	0.0005440402191351656
1557.175	0.0005459740193000177
1557.18	0.0005469522359485816
1557.185	0.0005469806774594391
1557.19	0.0005461071214008833
1557.195	0.0005443340878845005
1557.1999999999998	0.0005414849870615599
1557.205	0.0005377309500294905
1557.21	0.0005334425278720975
1557.215	0.0005291466127716682
1557.22	0.000525514079197451
1557.225	0.0005223618151091842
1557.23	0.0005197634006465172
1557.235	0.0005179313767543022
1557.24	0.0005168137584652541
1557.2450000000001	0.0005161895505967993
1557.25	0.0005162054273658549
1557.2549999999999	0.0005164475878388907
1557.26	0.0005173356760649425
1557.265	0.0005188140845130739
1557.27	0.0005204133450727444
1557.275	0.0005222711096821136
1557.28	0.0005242561285372334
1557.2849999999999	0.0005266180173962159
1557.29	0.0005285316857069751
1557.295	0.0005295442276225289
1557.3	0.0005288304151744493
1557.305	0.000525362755117139
1557.31	0.0005190497678130408
1557.3149999999998	0.0005106692478893274
1557.32	0.0005018871848438322
1557.325	0.0004942738159716926
1557.3300000000002	0.000489238725931776
1557.335	0.0004868018191598286
1557.34	0.00048665819685198854
1557.345	0.0004890872683030477
1557.35	0.0004932152129911122
1557.355	0.0004987389785443186
1557.3600000000001	0.0005044428520589524
1557.365	0.0005095763974103558
1557.37	0.000513675408923215
1557.375	0.0005158368698485141
1557.3799999999999	0.0005152422704857456
1557.385	0.0005118747298940394
1557.39	0.0005061971346996127
1557.395	0.000500103586342945
1557.3999999999999	0.0004937372791827327
1557.405	0.000487884651063162
1557.4099999999999	0.0004825785461670242
1557.415	0.00047837807407740947
1557.42	0.00047544864700798604
1557.425	0.0004735431879025144
1557.43	0.0004725629308824678
1557.435	0.000472627629970894
1557.44	0.00047384487679393115
1557.4450000000002	0.0004763781931819725
1557.45	0.00048008912988007436
1557.455	0.0004859600457434117
1557.46	0.0004950906298810032
1557.465	0.0005054157268822977
1557.47	0.0005143711770758342
1557.4750000000001	0.0005188714564530361
1557.48	0.0005159322177967537
1557.485	0.0005091395193030968
1557.49	0.0005019959637549779
1557.495	0.0004953300792473391
1557.5	0.0004914920142370123
1557.505	0.0004911995471989562
1557.51	0.0004937025906256164
1557.5149999999999	0.0004984208070814054
1557.52	0.0005045029432704045
1557.5249999999999	0.0005106935577170382
1557.53	0.0005163451302637748
1557.535	0.0005209789681418137
1557.54	0.0005235868621954428
1557.545	0.0005238259470647164
1557.55	0.0005224512758800525
1557.5549999999998	0.0005198878734501871
1557.5600000000002	0.0005165115796968052
1557.565	0.0005127948357613002
1557.57	0.0005094781207007798
1557.575	0.0005068676384707281
1557.58	0.0005051133672821732
1557.585	0.0005042979674814098
1557.5900000000001	0.000504312149824187
1557.595	0.0005053000519867161
1557.6	0.0005065888760525145
1557.605	0.0005082542885862537
1557.61	0.0005103853630246382
1557.615	0.0005128070833686396
1557.6200000000001	0.0005147895199957696
1557.625	0.0005173219394368893
1557.6299999999999	0.000519168184688438
1557.635	0.0005206187531930005
1557.6399999999999	0.0005214493077211412
1557.645	0.0005217330790009717
1557.65	0.0005210089869528456
1557.655	0.0005200503341360488
1557.66	0.0005186223310062338
1557.665	0.000517083349551221
1557.6699999999998	0.0005152923260528617
1557.6750000000002	0.0005135655669615439
1557.68	0.000512067474182458
1557.685	0.0005105025956619985
1557.69	0.0005086478577095914
1557.695	0.0005067764075758235
1557.6999999999998	0.0005050386031187421
1557.7050000000002	0.0005035803021223587
1557.71	0.0005021093336709192
1557.715	0.0005010581257640333
1557.72	0.0005006751505379026
1557.725	0.000500513823807929
1557.73	0.0005012126347615266
1557.7350000000001	0.0005022441863101008
1557.74	0.0005034690409068091
1557.745	0.0005045791304865618
1557.75	0.0005053834939968541
1557.7549999999999	0.0005059514981682784
1557.76	0.0005057974485829283
1557.765	0.0005057190214114476
1557.77	0.0005053502521959982
1557.775	0.0005047425021790241
1557.78	0.0005037873832948544
1557.7849999999999	0.0005025260314243347
1557.7900000000002	0.0005012212194084973
1557.795	0.0004999480298798673
1557.8	0.0004981523963826299
1557.805	0.0004952724327528157
1557.81	0.000492405918269782
1557.8149999999998	0.0004898176763506788
1557.8200000000002	0.000488304335215987
1557.825	0.0004897933259966181
1557.83	0.0004935097430268597
1557.835	0.000498509614401886
1557.84	0.0005035936379981307
1557.8449999999998	0.0005068603994452006
1557.8500000000001	0.000508319250818834
1557.855	0.0005082310056422019
1557.86	0.0005068404272935669
1557.865	0.0005047791930638017
1557.87	0.0005021409494220073
1557.8749999999998	0.0004996728865044504
1557.88	0.0004981583975520897
1557.885	0.0004978327663768182
1557.89	0.0004987073572007552
1557.895	0.000500797481644123
1557.8999999999999	0.0005033029284699841
1557.905	0.0005060615881877135
1557.91	0.0005089016185060264
1557.915	0.000511662191711351
1557.92	0.0005139461494538327
1557.925	0.0005155994161816708
1557.9299999999998	0.0005167941088985457
1557.9350000000002	0.0005175319783921329
1557.94	0.000517643709816245
1557.945	0.0005172325764272052
1557.95	0.0005165717867221817
1557.955	0.000515830935978381
1557.9599999999998	0.0005150761572658969
1557.9650000000001	0.0005141337169902924
1557.97	0.0005135487299981257
1557.975	0.0005126455726870117
1557.98	0.0005117496259594573
1557.985	0.0005113730246161275
1557.9899999999998	0.0005115347098195676
1557.9950000000001	0.0005129471729818696
1558	0.0005152191302021047
1558.005	0.0005180950345583672
1558.01	0.00052109791401349
1558.0149999999999	0.0005231290491334952
1558.02	0.000524696191288612
1558.025	0.0005248702932049378
1558.03	0.0005238404721555619
1558.035	0.0005217841566042739
1558.04	0.0005191892958548011
1558.0449999999998	0.0005168595956068515
1558.05	0.000515176008083515
1558.055	0.0005139302812698748
1558.06	0.0005133073363361977
1558.065	0.0005136343835098846
1558.07	0.0005147320998691394
1558.0749999999998	0.0005162212634935242
1558.08	0.0005178592901077556
1558.085	0.00051922870242895
1558.09	0.0005205010824336747
1558.095	0.000521300079488732
1558.1	0.0005219595139162065
1558.1049999999998	0.0005222700370522004
1558.1100000000001	0.0005222209709641136
1558.115	0.0005220363455570761
1558.1200000000001	0.0005214590616615742
1558.125	0.0005207473652149663
1558.1299999999999	0.0005193414807172823
1558.135	0.0005178566769151637
1558.14	0.0005157181222576193
1558.145	0.0005129360073590566
1558.15	0.0005090642007795275
1558.155	0.0005046988875001845
1558.1599999999999	0.0004997869935689666
1558.165	0.000494540023648181
1558.17	0.0004908034993068675
1558.175	0.0004900056676968859
1558.18	0.0004922500001820163
1558.185	0.0004960228931125589
1558.1899999999998	0.0004999662973051703
1558.195	0.0005031261952406832
1558.2	0.0005042566451265436
1558.205	0.0005032324407999623
1558.21	0.0005004047699905361
1558.215	0.0004954087387615806
1558.2199999999998	0.000489504116589404
1558.225	0.000483610057613031
1558.23	0.0004779623278113928
1558.2350000000001	0.00047284507640895637
1558.24	0.00046871031013707423
1558.245	0.0004660176104088086
1558.25	0.0004650944760875149
1558.255	0.0004660135673320446
1558.26	0.0004685650344298041
1558.265	0.00047235613681675416
1558.27	0.00047680456333378543
1558.2749999999999	0.0004816145304936773
1558.28	0.00048644319244770044
1558.285	0.0004909180013564017
1558.29	0.000494361032210521
1558.295	0.0004971004404347612
1558.3	0.0004986071786654595
1558.3049999999998	0.0004988956988459915
1558.31	0.0004980995243729234
1558.315	0.0004962566996090761
1558.32	0.0004931875655120258
1558.325	0.0004883668096224785
1558.33	0.00048255727270823327
1558.3349999999998	0.0004763250018010358
1558.34	0.00046963472650691953
1558.345	0.00046383095085471954
1558.3500000000001	0.00046163509535503534
1558.355	0.00046353880560720686
1558.36	0.0004685410241592939
1558.365	0.0004774557358515635
1558.37	0.00048557450385570364
1558.375	0.0004937427744645187
1558.38	0.0004994567664740874
1558.385	0.0005033990725950751
1558.3899999999999	0.0005038754394801263
1558.395	0.0005019190363172865
1558.4	0.0004974672485151878
1558.405	0.0004918014027872957
1558.41	0.00048600883407267487
1558.415	0.0004808907152506047
1558.4199999999998	0.0004770685380645798
1558.425	0.0004750023624020645
1558.43	0.000474932778038287
1558.435	0.000476681611169925
1558.44	0.0004798482109906601
1558.445	0.00048401759447708366
1558.45	0.0004885999661243631
1558.455	0.0004933992818030657
1558.46	0.0004975853824747728
1558.4650000000001	0.000501004461180987
1558.47	0.0005041223398828
1558.475	0.0005066554001858264
1558.48	0.000508750492661264
1558.485	0.0005101070495933195
1558.49	0.0005104531499207719
1558.4950000000001	0.000509402935191239
1558.5	0.0005068152922987914
1558.5049999999999	0.0005033640682415899
1558.51	0.000499163908799889
1558.5149999999999	0.0004953549733442692
1558.52	0.0004934603965808079
1558.525	0.0004944170826492474
1558.53	0.0004966439798061654
1558.5349999999999	0.0004999546583598611
1558.54	0.0005029957819562545
1558.5449999999998	0.0005050517116230891
1558.5500000000002	0.0005061338317144127
1558.555	0.0005067962221199954
1558.56	0.000506593503043891
1558.565	0.0005059144092813555
1558.57	0.0005048293878959895
1558.575	0.0005035893139720942
1558.5800000000002	0.0005024675469490231
1558.585	0.000501563871560884
1558.59	0.0005010723078644726
1558.595	0.0005007207694725249
1558.6	0.0005003340901662147
1558.605	0.0004999513030186153
1558.6100000000001	0.0004996553466220379
1558.615	0.0004994946507827502
1558.62	0.0004992063820362491
1558.625	0.0004987880000211798
1558.6299999999999	0.0004983991197097066
1558.635	0.0004980675895203248
1558.64	0.0004978185264256324
1558.645	0.0004977752931549063
1558.6499999999999	0.0004975696134629699
1558.655	0.0004975576242676641
1558.6599999999999	0.0004976385960465032
1558.6650000000002	0.0004979414493627688
1558.67	0.0004985660439024497
1558.675	0.0004993022884452323
1558.68	0.0005002534218736696
1558.685	0.0005013624795434189
1558.6899999999998	0.0005022616767832613
1558.6950000000002	0.0005030177134090902
1558.7	0.0005023283974891493
1558.705	0.0005003700098089964
1558.71	0.000497280064012177
1558.715	0.0004938640764502139
1558.72	0.0004906578109042867
1558.7250000000001	0.00048805871516989247
1558.73	0.0004862996045251075
1558.735	0.0004853865887276634
1558.74	0.00048550364535129836
1558.745	0.0004868113597215729
1558.75	0.000488843187615626
1558.755	0.0004910609533924222
1558.76	0.0004931075821966597
1558.7649999999999	0.0004949155207943568
1558.77	0.0004960151465944846
1558.7749999999999	0.0004961839596958259
1558.7800000000002	0.0004953167249492069
1558.785	0.0004936517509265784
1558.79	0.0004915299814727619
1558.795	0.000489189800919058
1558.8	0.0004868349221383863
1558.8049999999998	0.00048468479036813296
1558.8100000000002	0.0004829350071504144
1558.815	0.00048180854907194727
1558.82	0.0004808447557531439
1558.825	0.00048009119478870647
1558.83	0.00048017919327306683
1558.8349999999998	0.00048022602603095516
1558.8400000000001	0.00048116372460830836
1558.845	0.0004823649910130107
1558.85	0.00048443020181870524
1558.855	0.0004869181190738206
1558.86	0.0004889120357190975
1558.865	0.000489498930037916
1558.8700000000001	0.00048803025876512654
1558.875	0.0004853759021580855
1558.8799999999999	0.0004831167819633202
1558.885	0.00048136905161226025
1558.8899999999999	0.00048070770898293093
1558.895	0.00048139113375725285
1558.9	0.00048296477515823004
1558.905	0.00048473065235636446
1558.91	0.0004868058601874378
1558.915	0.000488881560228314
1558.9199999999998	0.0004905266385564108
1558.9250000000002	0.0004917939855858327
1558.93	0.0004922984676276248
1558.935	0.0004921508821870423
1558.94	0.0004913338077662076
1558.945	0.0004899577653485537
1558.9499999999998	0.0004882879537359175
1558.9550000000002	0.00048675369680701815
1558.96	0.0004858486908637212
1558.965	0.00048526263892094727
1558.97	0.0004849696809873099
1558.975	0.000485010062963706
1558.9799999999998	0.0004855001808569191
1558.9850000000001	0.0004860467902181206
1558.99	0.00048723632921248816
1558.995	0.0004885579986925369
1559	0.0004900291686477755
1559.0049999999999	0.0004918475128676376
1559.01	0.0004933925809651805
1559.015	0.0004952306251112749
1559.02	0.0004969182130337207
1559.025	0.0004984331315732839
1559.03	0.0004995846913541894
1559.0349999999999	0.0004998356439624224
1559.04	0.0004987498065511745
1559.045	0.0004963154666303797
1559.05	0.0004933687481539089
1559.055	0.000490094935745057
1559.06	0.0004860640623621893
1559.0649999999998	0.0004826544101066286
1559.0700000000002	0.000480535386824683
1559.075	0.0004793498511637332
1559.08	0.00047870488406977994
1559.085	0.00047914457467955213
1559.09	0.0004806663017579848
1559.0949999999998	0.00048294412118044856
1559.1000000000001	0.00048578074133688587
1559.105	0.0004882353173370304
1559.11	0.0004904433162355025
1559.115	0.0004921850372594722
1559.12	0.0004928304955438012
1559.125	0.0004918712852003176
1559.13	0.0004896747067148499
1559.135	0.00048662935952576103
1559.14	0.0004834422873953649
1559.145	0.00047984766834974836
1559.1499999999999	0.00047604033726541265
1559.155	0.0004724948254661231
1559.16	0.00046926785501561223
1559.165	0.00046681584064156106
1559.17	0.0004646134602429003
1559.175	0.0004623639623468007
1559.1799999999998	0.0004607575296143479
1559.185	0.0004597194178539161
1559.19	0.00045939540726465785
1559.195	0.0004597187124179608
1559.2	0.0004616928153902642
1559.205	0.00046528693212200277
1559.2099999999998	0.00047149639992727913
1559.215	0.0004783423095026765
1559.22	0.0004831720023043693
1559.225	0.00048413362754202944
1559.23	0.0004807786177933115
1559.235	0.0004745544923031429
1559.24	0.00046792012071830046
1559.2450000000001	0.000461590826192491
1559.25	0.00045606517055493125
1559.255	0.0004524912674361004
1559.26	0.0004516188409585067
1559.2649999999999	0.00045292918815281936
1559.27	0.00045587540883518235
1559.275	0.0004608062500416508
1559.28	0.0004663709801922392
1559.285	0.0004722934784348514
1559.29	0.00047781334060820955
1559.2949999999998	0.00048231221215156865
1559.3	0.0004853499761238707
1559.305	0.00048634794647022537
1559.31	0.00048520013042363823
1559.315	0.00048248098572898355
1559.32	0.0004786426089479996
1559.3249999999998	0.00047404033486362723
1559.33	0.00046920079422282555
1559.335	0.00046509766188401476
1559.34	0.000461538213240107
1559.345	0.0004593003982390489
1559.35	0.00045802040903458226
1559.355	0.0004576224231536343
1559.36	0.0004583121581477204
1559.365	0.00045989590561062353
1559.3700000000001	0.0004624876888834588
1559.375	0.00046695339935551213
1559.3799999999999	0.00047242587551696254
1559.385	0.00047856654288452394
1559.39	0.0004845729526499005
1559.395	0.0004900610458336901
1559.4	0.0004932222713880122
1559.405	0.0004936006943157789
1559.4099999999999	0.0004926156565300761
1559.415	0.0004903920695722025
1559.42	0.0004880365706956622
1559.425	0.00048588601975791827
1559.43	0.00048443250599466064
1559.435	0.00048385290015626637
1559.4399999999998	0.00048431271983704276
1559.445	0.0004855210193192225
1559.45	0.00048668964976551825
1559.455	0.00048803025842993346
1559.46	0.0004896522040934497
1559.465	0.0004909712233696888
1559.47	0.0004919698336365014
1559.475	0.0004925016913914439
1559.48	0.000492651595555925
1559.4850000000001	0.000492504836717665
1559.49	0.0004921291563110146
1559.495	0.0004916932779563197
1559.5	0.00049114449204448
1559.5049999999999	0.0004910472504825379
1559.51	0.0004907714267769129
1559.515	0.0004905714024078951
1559.52	0.0004901823186099585
1559.5249999999999	0.0004897812826162922
1559.53	0.0004895012826017953
1559.535	0.0004892797129974753
1559.54	0.0004888591633630836
1559.545	0.0004879984773097427
1559.55	0.00048651309372731817
1559.5549999999998	0.00048413360517611986
1559.56	0.00048114859995782516
1559.565	0.0004782917729197526
1559.5700000000002	0.000476306164796023
1559.575	0.00047578974396027756
1559.58	0.00047653699284616466
1559.585	0.0004779681290161264
1559.59	0.0004799695679099312
1559.595	0.0004817673998509849
1559.6000000000001	0.00048321359564437445
1559.605	0.0004832994002374024
1559.61	0.00048242980442116183
1559.615	0.00048049585716627963
1559.62	0.00047772741850574623
1559.625	0.00047445819981597575
1559.63	0.00047097480309258574
1559.635	0.00046750417131064486
1559.6399999999999	0.00046460759311951706
1559.645	0.00046258540356645706
1559.6499999999999	0.00046158950721459036
1559.655	0.0004615311180454262
1559.66	0.0004622001905874112
1559.665	0.0004635937707810032
1559.6699999999998	0.00046540836319217946
1559.675	0.0004674367756433725
1559.6799999999998	0.0004691095749687597
1559.6850000000002	0.00047038821491971844
1559.69	0.0004712951148798684
1559.695	0.00047146100511109715
1559.7	0.00047128544664809394
1559.705	0.00047045297114455366
1559.71	0.0004693049464264898
1559.7150000000001	0.0004672494719266205
1559.72	0.0004645483630582096
1559.725	0.0004616243674646459
1559.73	0.0004586082046068792
1559.735	0.00045551925126352327
1559.74	0.00045313343276851535
1559.7450000000001	0.0004523958874520083
1559.75	0.00045386203291690724
1559.7549999999999	0.000456260451683169
1559.76	0.0004600468734550091
1559.7649999999999	0.00046381552199679986
1559.77	0.00046741446374763955
1559.775	0.0004701040331609695
1559.78	0.0004718002629481011
1559.785	0.00047246266990016913
1559.79	0.0004720925730986299
1559.7949999999998	0.0004711609971962693
1559.8000000000002	0.000469884335583634
1559.805	0.0004688523656943771
1559.81	0.0004679960581275072
1559.815	0.0004676250666585179
1559.82	0.0004682621307311994
1559.8249999999998	0.0004698195765399409
1559.8300000000002	0.00047205545898284466
1559.835	0.00047453109653587385
1559.84	0.00047694248364442583
1559.845	0.00047925226896144296
1559.85	0.0004814027944488147
1559.855	0.00048313622814707497
1559.8600000000001	0.0004843977716473395
1559.865	0.0004853290966316754
1559.87	0.00048584508470076257
1559.875	0.0004863247207405245
1559.8799999999999	0.00048635599280826507
1559.885	0.00048606186438148385
1559.89	0.0004850186367906338
1559.895	0.0004835814786876005
1559.9	0.00048165803332524414
1559.905	0.00047942110157173074
1559.9099999999999	0.00047834901493273304
1559.9150000000002	0.0004786365763552276
1559.92	0.00047943076885414244
1559.925	0.0004813066516193568
1559.93	0.0004830901703279716
1559.935	0.0004841129536550381
1559.9399999999998	0.0004841236071826878
1559.9450000000002	0.0004832588465927578
1559.95	0.0004816133467291083
1559.955	0.0004791491467042133
1559.96	0.00047623555669225434
1559.965	0.00047307365692561066
1559.9699999999998	0.00046974183620465893
1559.9750000000001	0.00046639761831860477
1559.98	0.00046334735847749055
1559.985	0.0004609385025491042
1559.99	0.00045927774547570207
1559.995	0.0004583485064580713
1560	0.0004579654908099542
1560.005	0.00045827213393972316
1560.01	0.0004590816216317085
1560.015	0.0004602738124316691
1560.02	0.0004616969601429536
1560.0249999999999	0.000463413485584648
1560.03	0.00046482923869913613
1560.035	0.00046629295021519775
1560.04	0.00046770096907121486
1560.045	0.0004687603874976791
1560.05	0.0004699314654204463
1560.0549999999998	0.0004704358482598903
1560.0600000000002	0.00047054043884426397
1560.065	0.0004698754584547544
1560.07	0.00046837396458197854
1560.075	0.000465809845740271
1560.08	0.00046237882538428137
1560.0849999999998	0.00045725924208450984
1560.0900000000001	0.0004510096572037806
1560.095	0.00044503512383062017
1560.1	0.00044019116368763575
1560.105	0.00043744767426114555
1560.11	0.00043742569033128977
1560.1149999999998	0.0004392460895237155
1560.1200000000001	0.00044306268637580703
1560.125	0.0004479102663975364
1560.13	0.00045314522255699964
1560.135	0.00045780871187112285
1560.1399999999999	0.00046112161774329634
1560.145	0.00046243087545387297
1560.15	0.0004618174209993945
1560.155	0.00045916882291319254
1560.16	0.00045498748598574905
1560.165	0.0004495708942851554
1560.1699999999998	0.0004437930012841999
1560.175	0.0004384995975541396
1560.18	0.0004345483823316167
1560.185	0.00043209555490002113
1560.19	0.00043077403102880575
1560.195	0.0004305348315656964
1560.1999999999998	0.0004318171442842989
1560.205	0.00043370031802820395
1560.21	0.00043649531987216816
1560.215	0.00043960237724214864
1560.22	0.0004430891575070415
1560.225	0.00044710194881451425
1560.2299999999998	0.00045123924053516197
1560.2350000000001	0.00045666763237040583
1560.24	0.00046138125333808545
1560.2450000000001	0.0004661951529856446
1560.25	0.0004699010984194128
1560.2549999999999	0.0004702049738084263
1560.26	0.0004675755801274598
1560.265	0.0004634119314844538
1560.27	0.00045936579820502393
1560.275	0.00045784748955743305
1560.28	0.0004586857127431494
1560.2849999999999	0.00046107560987932757
1560.29	0.0004641720081146322
1560.295	0.00046751807603815845
1560.3	0.0004702158370239733
1560.305	0.0004718022017224535
1560.31	0.0004722650045978351
1560.3149999999998	0.0004715763890046601
1560.32	0.00047047328981637663
1560.325	0.0004690453626476824
1560.33	0.00046739890258167325
1560.335	0.0004656681947972004
1560.34	0.0004640514053389793
1560.3449999999998	0.0004628727358659342
1560.35	0.00046207573171707717
1560.355	0.00046156001658807344
1560.3600000000001	0.00046116150219274754
1560.365	0.0004602238340288988
1560.37	0.00045953814107320987
1560.375	0.00045871532524138087
1560.38	0.0004578171153290229
1560.385	0.00045686997624322476
1560.39	0.0004556424449003406
1560.395	0.00045476437722952715
1560.3999999999999	0.00045397100169554665
1560.405	0.00045356837414668483
1560.41	0.00045333075677140964
1560.415	0.0004533865291422212
1560.42	0.0004538878131537426
1560.425	0.0004548273572067572
1560.4299999999998	0.00045644698391305346
1560.435	0.0004587246479730316
1560.44	0.00046025337733938607
1560.445	0.0004603078776562618
1560.45	0.00045880259576435556
1560.455	0.00045583465953893916
1560.4599999999998	0.00045239459755756593
1560.465	0.0004492816655489013
1560.47	0.0004464186109593696
1560.4750000000001	0.00044443419982417593
1560.48	0.0004436690438466412
1560.485	0.00044427365336955016
1560.49	0.000446250315979322
1560.495	0.00044902184182291104
1560.5	0.00045243742184545937
1560.505	0.0004557847856764784
1560.51	0.0004585600146780507
1560.5149999999999	0.0004606050114008846
1560.52	0.0004615011622473165
1560.525	0.00046093326582136157
1560.53	0.00045929682775483526
1560.535	0.00045710010883912223
1560.54	0.0004543881336308027
1560.5449999999998	0.00045167615842239204
1560.55	0.00044896367459258766
1560.555	0.00044674866222580854
1560.56	0.00044474969209678763
1560.565	0.0004429707292860713
1560.57	0.0004414778806771328
1560.5749999999998	0.0004404173567677689
1560.58	0.00044001347975852284
1560.585	0.000440099026405236
1560.5900000000001	0.000440666597484933
1560.595	0.00044235849197861785
1560.6	0.00044544391904886236
1560.605	0.0004497979426661089
1560.61	0.00045488240624732326
1560.615	0.0004591193357515636
1560.6200000000001	0.0004605903991177051
1560.625	0.0004600079763058498
1560.6299999999999	0.00045740243961779446
1560.635	0.0004537052904963101
1560.6399999999999	0.0004499619579506083
1560.645	0.0004469225763717694
1560.65	0.00044529145830896256
1560.655	0.00044506891333918425
1560.6599999999999	0.00044625591651015006
1560.665	0.00044845629029059323
1560.6699999999998	0.00045138284512853037
1560.675	0.0004547811987437817
1560.68	0.00045834140829900666
1560.685	0.00046176348416412466
1560.69	0.0004645028229119997
1560.695	0.00046632464703708337
1560.7	0.0004671960431564673
1560.7050000000002	0.00046722445403857917
1560.71	0.00046647255897074735
1560.715	0.0004656997081418642
1560.72	0.000464742432380807
1560.725	0.0004636341656001917
1560.73	0.0004626706469131353
1560.7350000000001	0.0004615727258859233
1560.74	0.000460813472494606
1560.745	0.0004603487323337326
1560.75	0.00046010289786945207
1560.7549999999999	0.0004600624966501774
1560.76	0.0004603491968366178
1560.765	0.00046068439608010664
1560.77	0.00046140107511498195
1560.7749999999999	0.0004622732318561841
1560.78	0.0004631711856718726
1560.7849999999999	0.00046382044159365876
1560.79	0.0004638970265791095
1560.795	0.000463169763623259
1560.8	0.00046111090832157364
1560.805	0.0004579048939827033
1560.81	0.0004545287232467159
1560.8149999999998	0.00045141532245445586
1560.8200000000002	0.00044819792047276453
1560.825	0.0004458907478445595
1560.83	0.0004445217989459048
1560.835	0.0004441162544790989
1560.84	0.0004443700456932048
1560.845	0.00044522797506402277
1560.8500000000001	0.0004469564468231647
1560.855	0.0004484865019297511
1560.86	0.00044996034527797663
1560.865	0.00045110936369139725
1560.87	0.00045171517657673863
1560.875	0.00045200948290000266
1560.88	0.0004517011133251966
1560.885	0.00045088719352380855
1560.8899999999999	0.00044946039106537246
1560.895	0.00044787177637063317
1560.8999999999999	0.0004463323257085862
1560.9050000000002	0.00044473594248831567
1560.91	0.0004429954692559612
1560.915	0.00044109200847074887
1560.92	0.0004391559737126581
1560.925	0.00043748245205528453
1560.9299999999998	0.000435884615328204
1560.9350000000002	0.0004335913386949554
1560.94	0.00043109154223443214
1560.945	0.0004290288815796439
1560.95	0.0004277646321039478
1560.955	0.00042872466379860794
1560.9599999999998	0.000432188589910469
1560.9650000000001	0.00043638915181433657
1560.97	0.00044214843347269714
1560.975	0.00044662143699062475
1560.98	0.0004494632009775031
1560.985	0.00045041388788999
1560.99	0.0004492623861461539
1560.9950000000001	0.00044651831975670893
1561	0.00044285563388882693
1561.0049999999999	0.00043862683279540947
1561.01	0.0004342354140207449
1561.0149999999999	0.000429885943571785
1561.02	0.0004265428338997527
1561.025	0.00042453576873023824
1561.03	0.0004238864442098137
1561.035	0.0004246611090986088
1561.04	0.00042718370707422234
1561.0449999999998	0.00043074415690966673
1561.0500000000002	0.00043470535623991405
1561.055	0.0004387712280225187
1561.06	0.00044259435799711317
1561.065	0.00044557820474389536
1561.07	0.0004478241674968521
1561.0749999999998	0.00044884145322546314
1561.0800000000002	0.00044865659467268536
1561.085	0.00044744257239420527
1561.09	0.0004452862557367248
1561.095	0.00044215094645523
1561.1	0.0004385746500826371
1561.1049999999998	0.00043496107679077874
1561.1100000000001	0.00043118438746672476
1561.115	0.00042723170500025916
1561.12	0.00042348736881411305
1561.125	0.00042088906068640255
1561.1299999999999	0.0004197779953730364
1561.135	0.0004206024375161916
1561.14	0.00042513019087887967
1561.145	0.0004321727019817457
1561.15	0.00043977639252581026
1561.155	0.00044708727881091027
1561.1599999999999	0.0004517205675940438
1561.165	0.000454185035790121
1561.17	0.0004538638443914526
1561.175	0.000451859570230266
1561.18	0.0004484573264836505
1561.185	0.0004443707309433637
1561.1899999999998	0.0004405483489419626
1561.1950000000002	0.00043833936821039874
1561.2	0.0004372909585631641
1561.205	0.0004374756497289733
1561.21	0.00043860151574596124
1561.215	0.00044044757410029595
1561.2199999999998	0.00044253984598611627
1561.2250000000001	0.00044426522942545726
1561.23	0.0004455820140514616
1561.235	0.00044623829509175827
1561.24	0.0004461388739110371
1561.245	0.0004458145705042738
1561.25	0.0004449516419312559
1561.255	0.00044391876394043496
1561.26	0.00044285955318663586
1561.265	0.0004420535417873851
1561.27	0.00044148626527449204
1561.2749999999999	0.0004409462408136621
1561.28	0.0004403359461081029
1561.285	0.0004395083641491255
1561.29	0.0004385492649446486
1561.295	0.00043665914586659365
1561.3	0.0004332641260078703
1561.3049999999998	0.00042947513132883465
1561.31	0.0004260470807822128
1561.315	0.0004235125381710477
1561.32	0.00042309583609644486
1561.325	0.00042432581526431675
1561.33	0.0004269248416219401
1561.3349999999998	0.00043006666542886457
1561.34	0.0004334732298374581
1561.345	0.00043645657625162785
1561.35	0.0004388398565901517
1561.355	0.00043980738125752367
1561.36	0.00043951940089608215
1561.365	0.00043833343095289707
1561.3700000000001	0.00043650874212116823
1561.375	0.0004342416507797265
1561.38	0.00043178092185389117
1561.385	0.000429829655540933
1561.3899999999999	0.00042869830629731697
1561.395	0.00042830466992249574
1561.4	0.00042863714034576116
1561.405	0.0004295486140612039
1561.41	0.0004308061735895313
1561.415	0.0004328386536719313
1561.4199999999998	0.00043457294962766853
1561.425	0.00043637171787671517
1561.43	0.00043810054180328157
1561.435	0.00043939212638678123
1561.44	0.00044070998729266034
1561.445	0.0004414584545147846
1561.4499999999998	0.00044203514298565605
1561.455	0.00044222077123381905
1561.46	0.0004418175870273475
1561.465	0.0004408546538468129
1561.47	0.0004393844760253296
1561.475	0.00043721653189201403
1561.48	0.0004340584568286249
1561.485	0.0004305103797563378
1561.49	0.00042753014317172385
1561.4950000000001	0.0004250914597794928
1561.5	0.00042384449632489
1561.5049999999999	0.0004237061560372792
1561.51	0.00042484646421062804
1561.515	0.0004265301160528994
1561.52	0.0004292682798537461
1561.525	0.00043219341515655214
1561.53	0.00043424334727207325
1561.5349999999999	0.000435945180170269
1561.54	0.00043663725181178597
1561.545	0.00043672225372526325
1561.55	0.00043585483230456013
1561.555	0.00043402765081877894
1561.56	0.00043147228499177136
1561.5649999999998	0.00042864151924350903
1561.57	0.00042599789421862494
1561.575	0.0004238374636967471
1561.58	0.00042232713905438157
1561.585	0.00042140416232989183
1561.59	0.0004210792048338235
1561.595	0.00042133856911078676
1561.6	0.0004218215440870744
1561.605	0.00042259839902734567
1561.6100000000001	0.0004235609819453347
1561.615	0.00042482665490329186
1561.62	0.00042649757213930514
1561.625	0.00042833501150756374
1561.6299999999999	0.00043012957201361005
1561.635	0.0004319201612632087
1561.64	0.0004333534537516288
1561.645	0.0004335102060048888
1561.6499999999999	0.0004324186083733638
1561.655	0.000430509264825783
1561.66	0.0004280244647817445
1561.665	0.00042584090554998637
1561.67	0.0004247290429623785
1561.675	0.0004248537493568399
1561.6799999999998	0.0004254340164417381
1561.685	0.0004266775063368399
1561.69	0.0004279429635663169
1561.695	0.00042905971994187665
1561.7	0.0004296600651808227
1561.705	0.0004295408565599349
1561.71	0.0004286881284365965
1561.715	0.00042717462498508446
1561.72	0.0004252110525406524
1561.7250000000001	0.0004230507904295974
1561.73	0.00042066752625989694
1561.735	0.0004184969936011011
1561.74	0.00041670061199662893
1561.745	0.00041541938209870363
1561.75	0.000414656648882791
1561.755	0.00041426604203348216
1561.76	0.0004144418577961535
1561.7649999999999	0.0004151920017916556
1561.77	0.0004161536915765137
1561.7749999999999	0.0004173958905110484
1561.78	0.00041896993277986024
1561.785	0.0004201274064304866
1561.79	0.00042175099449142354
1561.7949999999998	0.0004230626766932469
1561.8	0.00042454139893913895
1561.8049999999998	0.0004259734447312003
1561.8100000000002	0.00042707062548722917
1561.815	0.000427853308402502
1561.82	0.00042762471569610507
1561.825	0.0004266348512487755
1561.83	0.00042494735706775385
1561.835	0.00042241702272084833
1561.8400000000001	0.0004192199832772412
1561.845	0.00041572570966644934
1561.85	0.0004130291871523024
1561.855	0.00041109874553537566
1561.86	0.0004096459586452966
1561.865	0.0004090059447319886
1561.8700000000001	0.00040979032627444273
1561.875	0.0004112080956906404
1561.8799999999999	0.0004130484435728171
1561.885	0.0004151615154337804
1561.8899999999999	0.0004172406633952639
1561.895	0.00041923609366088094
1561.9	0.0004206529678344382
1561.905	0.00042101903818547726
1561.9099999999999	0.00042001740421645747
1561.915	0.00041778141745699285
1561.9199999999998	0.00041495962100155585
1561.9250000000002	0.00041195941367151495
1561.93	0.000408869311124676
1561.935	0.00040588694299462287
1561.94	0.0004032621012472127
1561.945	0.0004014575563046019
1561.9499999999998	0.0004003913349228934
1561.9550000000002	0.0003994494440293186
1561.96	0.00039914696436776134
1561.965	0.00039939027043472036
1561.97	0.00040008483935850256
1561.975	0.00040174415021363276
1561.98	0.0004040493510158208
1561.9850000000001	0.00040724502577424367
1561.99	0.0004103866028746911
1561.995	0.0004132211031667761
1562	0.0004148833150181329
1562.0049999999999	0.0004155244677966293
1562.01	0.0004147898349777868
1562.015	0.0004126234215792743
1562.02	0.0004102256992086341
1562.025	0.0004083792875642026
1562.03	0.0004069850714841691
1562.0349999999999	0.00040628616844420884
1562.0400000000002	0.0004061475628986952
1562.045	0.0004064664306371999
1562.05	0.0004071638029500052
1562.055	0.0004081543575906207
1562.06	0.00040940287625689355
1562.0649999999998	0.000410454083232744
1562.0700000000002	0.0004113326242843126
1562.075	0.0004123358038779701
1562.08	0.00041309052846245925
1562.085	0.0004134206275823604
1562.09	0.0004133062255531783
1562.0949999999998	0.000412800924786747
1562.1000000000001	0.00041193649331101233
1562.105	0.00041042180606387326
1562.11	0.00040866370375061586
1562.115	0.00040679744877701926
1562.12	0.00040495283770101796
1562.125	0.0004032519065774493
1562.13	0.00040133258054959544
1562.135	0.00039950449446864085
1562.14	0.0003978865295774994
1562.145	0.000396614119917589
1562.1499999999999	0.000395823843450782
1562.155	0.0003956260165970116
1562.16	0.0003959525951560736
1562.165	0.0003972103002944459
1562.17	0.00039906960849440915
1562.175	0.00040135271048117883
1562.1799999999998	0.00040433089859883217
1562.1850000000002	0.00040754684147187005
1562.19	0.00041044590731547785
1562.195	0.0004123063001096495
1562.2	0.0004132291054828335
1562.205	0.00041272575969866364
1562.2099999999998	0.0004113108697931298
1562.2150000000001	0.0004092401931190922
1562.22	0.0004069568180623647
1562.225	0.0004048574738231923
1562.23	0.0004033920170073971
1562.235	0.00040241178390615703
1562.2399999999998	0.00040211423078762227
1562.2450000000001	0.00040286759017224186
1562.25	0.0004044620982296797
1562.255	0.00040644693811034416
1562.26	0.00040833508272464095
1562.2649999999999	0.0004101065476209432
1562.27	0.00041187208079927404
1562.275	0.00041336777610693657
1562.28	0.0004143558584696016
1562.285	0.00041448140412371265
1562.29	0.0004143437942830321
1562.2949999999998	0.0004137263168328651
1562.3	0.0004131250846099117
1562.305	0.0004122175098534769
1562.31	0.00041124987193867814
1562.315	0.0004101565135101924
1562.32	0.00040902297212188087
1562.3249999999998	0.00040756272543728195
1562.3300000000002	0.00040605856734598773
1562.335	0.0004045342296396311
1562.34	0.00040312371830045945
1562.345	0.00040223829019118333
1562.35	0.00040246748786459046
1562.3549999999998	0.0004037471369878231
1562.3600000000001	0.00040550818734900914
1562.365	0.00040765919481088503
1562.3700000000001	0.00040976399517109527
1562.375	0.00041121282944788553
1562.3799999999999	0.0004112915189251869
1562.385	0.00041045249327475183
1562.39	0.0004085826532891155
1562.395	0.00040596083519598363
1562.4	0.0004030810650682584
1562.405	0.00040042208916766636
1562.4099999999999	0.00039795226456551275
1562.415	0.00039599108296093976
1562.42	0.00039484695206961105
1562.425	0.0003945684874967051
1562.43	0.00039503756387454183
1562.435	0.0003960924584505711
1562.4399999999998	0.00039768189581343855
1562.445	0.00039935325963317176
1562.45	0.00040077404979696696
1562.455	0.00040180463467885485
1562.46	0.0004024330045682878
1562.465	0.0004023933670504198
1562.4699999999998	0.00040204948954262646
1562.475	0.0004013724740747536
1562.48	0.00040034554638143074
1562.4850000000001	0.0003991203220608913
1562.49	0.00039787422546818226
1562.495	0.0003967324146367237
1562.5	0.0003955460336038327
1562.505	0.0003943454585348565
1562.51	0.00039339908600402807
1562.515	0.00039283527147662695
1562.52	0.00039288392413669687
1562.5249999999999	0.0003937353796667592
1562.53	0.0003953227771242101
1562.535	0.00039749797732494587
1562.54	0.0004004970524434355
1562.545	0.00040298900054123706
1562.55	0.0004051949163664337
1562.5549999999998	0.00040602513060956913
1562.56	0.0004059489131706229
1562.565	0.0004047377811115802
1562.57	0.0004027081888823308
1562.575	0.00040052022795138446
1562.58	0.00039840969280233526
1562.5849999999998	0.00039669057125092357
1562.59	0.0003954318371192229
1562.595	0.0003948389871928168
1562.6000000000001	0.00039518983697426686
1562.605	0.00039655889828817353
1562.61	0.0003987104689551988
1562.615	0.00040123604545701973
1562.62	0.0004037715227402446
1562.625	0.0004060992072066408
1562.63	0.0004080208006251732
1562.635	0.000409450751189617
1562.6399999999999	0.00041024108641685706
1562.645	0.0004105156985826366
1562.65	0.00041031095642752897
1562.655	0.00040969079315033007
1562.66	0.0004087680776125328
1562.665	0.0004076864834130393
1562.6699999999998	0.0004065123778358122
1562.675	0.0004049196197065896
1562.68	0.0004025974062969897
1562.685	0.00040023202903788845
1562.69	0.0003978578825317906
1562.695	0.0003960430587124596
1562.6999999999998	0.0003960211486909706
1562.705	0.0003969441670138324
1562.71	0.0003991778861972661
1562.7150000000001	0.0004021853790289886
1562.72	0.00040471161846161995
1562.725	0.00040643465989174466
1562.73	0.0004076258942718842
1562.735	0.00040776390650266867
1562.74	0.0004071333768831388
1562.7450000000001	0.000405815728598485
1562.75	0.0004040204805630149
1562.7549999999999	0.0004019761757904087
1562.76	0.0004000314131954525
1562.7649999999999	0.00039837156809582
1562.77	0.0003970044621807864
1562.775	0.0003961723937038555
1562.78	0.00039600729411261765
1562.7849999999999	0.0003963940737498452
1562.79	0.0003970316028356925
1562.795	0.00039772869778777203
1562.8	0.0003984876034960053
1562.805	0.00039960108742252546
1562.81	0.0004002551373795408
1562.8149999999998	0.0004008042535376219
1562.82	0.00040106857805873107
1562.825	0.00040108476100920635
1562.8300000000002	0.0004010655684501632
1562.835	0.00040097146606501966
1562.84	0.00040035489393472703
1562.845	0.0003994982658866854
1562.85	0.00039838409038732176
1562.855	0.000396991810424716
1562.8600000000001	0.0003954827174738313
1562.865	0.0003938662006498075
1562.87	0.0003920815350562218
1562.875	0.0003901342621977795
1562.8799999999999	0.0003883624975238083
1562.885	0.0003867110753090718
1562.89	0.00038560984840825167
1562.895	0.0003851033941665752
1562.8999999999999	0.0003851256165047273
1562.905	0.0003857640075395872
1562.9099999999999	0.00038692563375609647
1562.915	0.0003887814770576172
1562.92	0.0003903950787981818
1562.925	0.00039233474825370145
1562.93	0.00039364266879559116
1562.935	0.0003949109330443547
1562.9399999999998	0.00039531564102636364
1562.9450000000002	0.0003950063009698533
1562.95	0.0003938817213447656
1562.955	0.0003921842911641808
1562.96	0.0003903339558684319
1562.965	0.0003885114567511447
1562.97	0.0003869121180779802
1562.9750000000001	0.00038561475242979783
1562.98	0.00038475615924107675
1562.985	0.0003844417096559244
1562.99	0.000384436179132262
1562.995	0.0003848351614651435
1563	0.00038539916873357315
1563.005	0.00038642200141937073
1563.01	0.00038791760593373916
1563.0149999999999	0.00038956512005340903
1563.02	0.0003918033226239791
1563.0249999999999	0.00039392652329448084
1563.03	0.00039628283870622234
1563.035	0.0003984426248743399
1563.04	0.00039964963628096565
1563.045	0.0003989313597780351
1563.05	0.0003967277009915488
1563.0549999999998	0.0003933808455545817
1563.0600000000002	0.0003905232218626099
1563.065	0.00038884120057017355
1563.07	0.00038817132772291584
1563.075	0.00038863603352318475
1563.08	0.0003902804640454151
1563.0849999999998	0.00039226359490358013
1563.0900000000001	0.00039462363485753143
1563.095	0.00039702710195232586
1563.1	0.0003991863639946004
1563.105	0.0004008745656955939
1563.11	0.0004019049189194889
1563.115	0.00040229875787264576
1563.1200000000001	0.0004019443518546189
1563.125	0.00040110255808885656
1563.1299999999999	0.0003999047576233658
1563.135	0.0003985637937697948
1563.1399999999999	0.00039734811469251146
1563.145	0.00039636792584774716
1563.15	0.0003956950583891025
1563.155	0.0003953420516620315
1563.16	0.00039529438231642936
1563.165	0.0003955292936114579
1563.1699999999998	0.0003961109082550223
1563.1750000000002	0.00039675156578493153
1563.18	0.00039779032357235215
1563.185	0.00039892837441982555
1563.19	0.0004000039639084904
1563.195	0.0004014331631250432
1563.1999999999998	0.00040256972669795076
1563.2050000000002	0.00040399455760259953
1563.21	0.0004052039220229438
1563.215	0.0004061438864435787
1563.22	0.0004069965696040725
1563.225	0.0004073481526659671
1563.2299999999998	0.0004070483963685506
1563.2350000000001	0.00040609175859617326
1563.24	0.0004041386094952356
1563.245	0.0004019419349093978
1563.25	0.0004000015157797677
1563.2549999999999	0.0003982999084047448
1563.26	0.0003968148595715726
1563.265	0.00039576667995446554
1563.27	0.0003952102116063521
1563.275	0.00039534779495125635
1563.28	0.0003958911867126077
1563.2849999999999	0.00039702801718015986
1563.29	0.0003981480570720029
1563.295	0.0003990871404641333
1563.3	0.0003998037976068932
1563.305	0.0004001316166188384
1563.31	0.000400110533138838
1563.3149999999998	0.00039965911344812813
1563.3200000000002	0.00039861676312444956
1563.325	0.00039705650663789495
1563.33	0.00039530895153778447
1563.335	0.00039363319455700706
1563.34	0.00039220771593736283
1563.3449999999998	0.0003908490065147948
1563.3500000000001	0.0003896641492229462
1563.355	0.0003885791711850698
1563.36	0.0003876421685785106
1563.365	0.0003868516930224107
1563.37	0.0003862183430387325
1563.375	0.000386007277311714
1563.38	0.00038669658815262763
1563.385	0.0003880092063848268
1563.39	0.0003901932713740951
1563.395	0.0003927200466391517
1563.3999999999999	0.00039401618114917044
1563.405	0.00039412401388321726
1563.41	0.0003931578439594612
1563.415	0.0003910708150543701
1563.42	0.0003888578080346249
1563.425	0.0003868125923182192
1563.4299999999998	0.0003854000606438203
1563.435	0.0003846556222164907
1563.44	0.0003844765219308333
1563.445	0.0003851317558810379
1563.45	0.0003863526802534172
1563.455	0.00038796229862742893
1563.4599999999998	0.00038975758983679027
1563.465	0.000391281294639145
1563.47	0.0003924842888724017
1563.475	0.0003931580182179529
1563.48	0.00039338864266238175
1563.485	0.0003932003083538412
1563.49	0.0003925579777207366
1563.4950000000001	0.00039147765995583135
1563.5	0.0003903982079775511
1563.505	0.0003892467131271729
1563.51	0.00038802460966557106
1563.5149999999999	0.00038701555169866103
1563.52	0.000386225217707748
1563.525	0.0003856542171503205
1563.53	0.0003853370886290486
1563.535	0.0003852679468157251
1563.54	0.00038537428958072964
1563.5449999999998	0.00038562522621495937
1563.55	0.00038601882751356577
1563.555	0.00038680742718625113
1563.56	0.00038790065630787946
1563.565	0.00038940366344397855
1563.57	0.00039054940409407864
1563.5749999999998	0.00039157223145579466
1563.58	0.0003921876056720065
1563.585	0.0003921067802521963
1563.59	0.0003918909080316052
1563.595	0.0003913597060714155
1563.6	0.00039072916358220635
1563.605	0.0003897262877161772
1563.61	0.0003887056839677642
1563.615	0.0003880366208859694
1563.6200000000001	0.00038770953647268325
1563.625	0.0003874536241480608
1563.6299999999999	0.0003870772332500853
1563.635	0.000386883373711712
1563.64	0.0003869763590735338
1563.645	0.0003870727825714519
1563.65	0.0003870635102870768
1563.655	0.00038711224597407737
1563.6599999999999	0.0003871609816610791
1563.665	0.00038714993491276774
1563.67	0.00038686722457405704
1563.675	0.0003865910357297563
1563.68	0.0003863283075768213
1563.685	0.0003860880500510084
1563.6899999999998	0.00038586415684343297
1563.695	0.0003855589726289059
1563.7	0.0003850975330375293
1563.705	0.00038474165407291206
1563.71	0.00038433288924369965
1563.715	0.00038411055283211153
1563.72	0.0003836309433533308
1563.725	0.0003832446323622873
1563.73	0.00038290004516112444
1563.7350000000001	0.0003825755222219608
1563.74	0.0003824861187392225
1563.745	0.00038274098182041047
1563.75	0.000383191865645723
1563.7549999999999	0.00038388107291478254
1563.76	0.000384058656542064
1563.765	0.0003838702757442833
1563.77	0.0003832624323416306
1563.7749999999999	0.00038213342236862146
1563.78	0.0003805275193502465
1563.785	0.00037879966860129193
1563.79	0.00037700962507566195
1563.795	0.0003752222267718144
1563.8	0.0003736901699539145
1563.8049999999998	0.0003728305355873782
1563.81	0.0003726388426145893
1563.815	0.00037292414536785546
1563.82	0.00037359392685378217
1563.825	0.0003745535245101378
1563.83	0.0003756066544491142
1563.835	0.000376826659303912
1563.84	0.000377724412737505
1563.845	0.0003783595311160289
1563.8500000000001	0.00037874522274271885
1563.855	0.0003788303167993867
1563.86	0.0003785553761907219
1563.865	0.00037807776343754
1563.87	0.00037747583477774275
1563.875	0.0003767798902640675
1563.88	0.00037588972648845204
1563.885	0.00037517472474823005
1563.8899999999999	0.0003743687184030792
1563.895	0.00037358194831393096
1563.8999999999999	0.0003728918176562183
1563.905	0.0003723255436862039
1563.91	0.00037210631030882066
1563.915	0.0003724891325522025
1563.9199999999998	0.0003734574220068649
1563.925	0.0003749830457050498
1563.9299999999998	0.0003766028788056178
1563.935	0.0003786171908518339
1563.94	0.00038040836787266505
1563.945	0.0003822137108499622
1563.95	0.0003835546250786932
1563.955	0.00038446445825566404
1563.96	0.0003850345870085667
1563.9650000000001	0.0003852316085434067
1563.97	0.00038494434340948484
1563.975	0.0003842797014589995
1563.98	0.00038371925346283555
1563.985	0.00038323894078243947
1563.99	0.0003827684731890042
1563.9950000000001	0.0003823381676661012
1564	0.0003824457187394729
1564.0049999999999	0.00038295303126180386
1564.01	0.00038380582001732165
1564.0149999999999	0.00038468451374954816
1564.02	0.000385776351938527
1564.025	0.0003870087408942348
1564.03	0.00038814170093155406
1564.0349999999999	0.0003892879724824298
1564.04	0.0003904346030732318
1564.0449999999998	0.00039129521411900427
1564.05	0.00039244664573538293
1564.055	0.00039310935649284083
1564.06	0.0003940739822936436
1564.065	0.00039455595759271486
1564.07	0.00039492633118148337
1564.0749999999998	0.0003949692614513117
1564.0800000000002	0.0003943304645418769
1564.085	0.0003931936975857074
1564.09	0.0003918619025951946
1564.095	0.0003903431841612574
1564.1	0.0003892416395557443
1564.105	0.00038896127081485
1564.1100000000001	0.0003892904223763907
1564.115	0.0003898905656329622
1564.12	0.0003910999225983915
1564.125	0.00039223988545289754
1564.1299999999999	0.0003931528390200319
1564.135	0.00039376675208411074
1564.14	0.0003939448443034581
1564.145	0.0003936514630278752
1564.1499999999999	0.0003928625848966872
1564.155	0.00039156956787447073
1564.1599999999999	0.0003898351424071587
1564.1650000000002	0.0003877598913100505
1564.17	0.0003858011840330373
1564.175	0.0003841571012127652
1564.18	0.0003828073482862747
1564.185	0.00038177547833490727
1564.1899999999998	0.0003811412025976126
1564.1950000000002	0.00038125653817457225
1564.2	0.0003816615743358107
1564.205	0.00038232832919323395
1564.21	0.00038321638589648374
1564.215	0.00038426615644138987
1564.2199999999998	0.00038541114662392063
1564.2250000000001	0.00038660454142384686
1564.23	0.00038768233763404413
1564.235	0.00038863058976936285
1564.24	0.0003894487039283951
1564.245	0.00038995223510864473
1564.25	0.00039013096833042906
1564.255	0.000389724971153181
1564.26	0.0003886501073950441
1564.265	0.00038655269632328595
1564.27	0.0003836636858018807
1564.2749999999999	0.0003806507621607753
1564.28	0.0003775757216793581
1564.285	0.00037494773442489247
1564.29	0.00037307094332956445
1564.295	0.00037220205418931696
1564.3	0.00037238079815935893
1564.3049999999998	0.0003735962595523376
1564.3100000000002	0.0003754345102922693
1564.315	0.00037785708087155
1564.32	0.0003804108567366221
1564.325	0.0003826069293798713
1564.33	0.00038387603111744565
1564.3349999999998	0.0003839275786199337
1564.3400000000001	0.0003832983093238217
1564.345	0.0003821701790205161
1564.35	0.00038040903493305684
1564.355	0.00037873997766708467
1564.36	0.0003772123706021738
1564.3649999999998	0.0003760470213229856
1564.3700000000001	0.00037530382177999573
1564.375	0.0003748753120761125
1564.38	0.0003747533773762459
1564.385	0.00037496148431221803
1564.3899999999999	0.0003752008633177218
1564.395	0.00037605789308822816
1564.4	0.00037684244662600816
1564.405	0.0003780676166843344
1564.41	0.0003792211347069476
1564.415	0.00038067646928823114
1564.4199999999998	0.00038232603592967324
1564.425	0.00038396638431722677
1564.43	0.00038489537830232594
1564.435	0.0003851670422621053
1564.44	0.0003845296884924062
1564.445	0.00038326122312449347
1564.4499999999998	0.0003823185444020849
1564.4550000000002	0.0003817465816511949
1564.46	0.000381173792418555
1564.465	0.00038108759326860314
1564.47	0.000381502441405557
1564.475	0.00038211440866955167
1564.4799999999998	0.0003828611655132551
1564.4850000000001	0.00038353642319302665
1564.49	0.0003841204230876749
1564.4950000000001	0.0003846720560937395
1564.5	0.0003851136485688975
1564.5049999999999	0.00038514445848596764
1564.51	0.00038488234182994924
1564.515	0.00038445230969514184
1564.52	0.00038397662824065553
1564.525	0.00038347501434449633
1564.53	0.0003828982209016311
1564.5349999999999	0.0003820923787763595
1564.54	0.00038152753434096275
1564.545	0.00038099994761480057
1564.55	0.00038053405723033606
1564.555	0.00038018671334235266
1564.56	0.0003798292212915786
1564.5649999999998	0.0003795915912959851
1564.57	0.0003795214977210384
1564.575	0.0003795391806916552
1564.58	0.0003796159289622697
1564.585	0.0003797497774779411
1564.59	0.00037989213115830975
1564.5949999999998	0.00038006049108324914
1564.6	0.00038025060125641586
1564.605	0.0003803527281569625
1564.6100000000001	0.0003803982148029064
1564.615	0.00038048962727195174
1564.62	0.0003804985830282872
1564.625	0.000380020788882744
1564.63	0.0003793537901714216
1564.635	0.0003784600711324616
1564.64	0.00037744758379557096
1564.645	0.0003761288621088649
1564.6499999999999	0.0003750460456239205
1564.655	0.0003745008653435984
1564.66	0.0003743471636075716
1564.665	0.00037400203414812797
1564.67	0.00037390719600714675
1564.675	0.0003745820206703757
1564.6799999999998	0.00037558402746397347
1564.685	0.00037674850194741716
1564.69	0.0003776529650711065
1564.695	0.00037858122516938814
1564.7	0.0003794749499260951
1564.705	0.00038014253468344377
1564.7099999999998	0.00038036069278861586
1564.715	0.00038013737402441957
1564.72	0.0003798239517784027
1564.7250000000001	0.00037936979843823735
1564.73	0.0003789934910163674
1564.735	0.00037830429425974855
1564.74	0.0003775147968642734
1564.745	0.0003766075383098543
1564.75	0.0003759168096311825
1564.755	0.00037529375245081846
1564.76	0.0003745996635872971
1564.7649999999999	0.00037435490717374495
1564.77	0.0003742663633462217
1564.775	0.00037436680963616193
1564.78	0.00037582386720478293
1564.785	0.00037822394769304536
1564.79	0.00038020819167579366
1564.7949999999998	0.00038200990510848387
1564.8	0.0003829589999521526
1564.805	0.00038272985956902143
1564.81	0.00038175916847039493
1564.815	0.00038041602789130863
1564.82	0.0003790216426763493
1564.8249999999998	0.00037768506043279413
1564.83	0.0003764881134341502
1564.835	0.00037591345001969633
1564.8400000000001	0.00037622034240388186
1564.845	0.0003769943673898351
1564.85	0.0003782306737739138
1564.855	0.00037992487210971167
1564.86	0.0003819014835771417
1564.865	0.0003840315444218708
1564.8700000000001	0.00038576984021575136
1564.875	0.00038717039883591096
1564.8799999999999	0.00038810967529387267
1564.885	0.00038855192305968647
1564.8899999999999	0.0003887104450523479
1564.895	0.00038838942279809856
1564.9	0.0003878190997827781
1564.905	0.00038697882700913555
1564.9099999999999	0.0003859239324503346
1564.915	0.0003847633448308236
1564.92	0.0003835663978322241
1564.925	0.00038269233330870064
1564.93	0.00038184628279956114
1564.935	0.00038109487577951066
1564.9399999999998	0.0003805156157500488
1564.945	0.00038028481909573936
1564.95	0.00038058989832076855
1564.9550000000002	0.00038146460275585253
1564.96	0.0003829792284950913
1564.965	0.00038460757215390756
1564.97	0.0003860723978315545
1564.975	0.00038737779363797484
1564.98	0.0003880411509708013
1564.9850000000001	0.0003883217121986414
1564.99	0.00038768326874186377
1564.995	0.0003867751109783546
1565	0.00038552045604116786
1565.0049999999999	0.0003841185644918578
1565.01	0.00038237247497936017
1565.015	0.00038070022372072227
1565.02	0.0003792496328134907
1565.0249999999999	0.00037822328993693656
1565.03	0.0003776185824069871
1565.0349999999999	0.00037718038467609265
1565.04	0.0003770823724385154
1565.045	0.00037747099923901133
1565.05	0.00037824557501119413
1565.0549999999998	0.0003790103623912695
1565.06	0.0003795523370516123
1565.0649999999998	0.00037999950391104994
1565.0700000000002	0.00038033945223646127
1565.075	0.0003807224794337181
1565.08	0.000381038280563439
1565.085	0.0003811006519293915
1565.09	0.00038109096492189824
1565.095	0.0003808813590789634
1565.1000000000001	0.0003804952959738192
1565.105	0.0003796079546545312
1565.11	0.0003785387090278899
1565.115	0.00037729721242367296
1565.12	0.00037559418378126287
1565.125	0.0003734861069181577
1565.13	0.00037203046905137985
1565.135	0.0003714223638352773
1565.1399999999999	0.000371301853018327
1565.145	0.0003719526031689584
1565.1499999999999	0.00037340197119074256
1565.155	0.00037478629800503303
1565.16	0.00037593066463115514
1565.165	0.0003763690891261668
1565.1699999999998	0.00037649786745170465
1565.175	0.00037585397958299414
1565.1799999999998	0.0003744094020684778
1565.1850000000002	0.00037238583324001337
1565.19	0.00037005210868990565
1565.195	0.0003676548335547564
1565.2	0.00036543319606121004
1565.205	0.0003635563627946446
1565.2099999999998	0.000362294435182065
1565.2150000000001	0.00036170821761665546
1565.22	0.000361801980988988
1565.225	0.0003623610655494505
1565.23	0.0003631047878610928
1565.235	0.0003643444702135361
1565.24	0.0003653981889727754
1565.2450000000001	0.00036639482993637844
1565.25	0.00036724905368696735
1565.2549999999999	0.0003678780961740069
1565.26	0.00036838661034269696
1565.2649999999999	0.0003683811191895864
1565.27	0.0003680957215126269
1565.275	0.0003674634583520024
1565.28	0.0003664708021012911
1565.285	0.00036524698588531913
1565.29	0.0003638638243381158
1565.2949999999998	0.00036236871013038636
1565.3000000000002	0.00036057436665018976
1565.305	0.00035946367865093793
1565.31	0.00035940960809160115
1565.315	0.00036024342410265675
1565.32	0.0003618154928934547
1565.3249999999998	0.00036410179096909727
1565.3300000000002	0.0003662160886284067
1565.335	0.00036787956211927554
1565.34	0.0003689215969531704
1565.345	0.00036926920081455414
1565.35	0.00036891727598033984
1565.3549999999998	0.0003679646351613997
1565.3600000000001	0.0003666713608311938
1565.365	0.0003651972415654174
1565.37	0.00036385963918518434
1565.375	0.0003629063404646739
1565.3799999999999	0.00036247708804312866
1565.385	0.00036262333206795263
1565.39	0.0003632762174147519
1565.395	0.0003642815841589906
1565.4	0.0003657035803180846
1565.405	0.0003668900631993439
1565.4099999999999	0.0003685124804649446
1565.415	0.00036976557506196835
1565.42	0.0003707928667628173
1565.425	0.00037162199102445346
1565.43	0.00037233385026003233
1565.435	0.00037321737454837166
1565.4399999999998	0.0003739435551930381
1565.4450000000002	0.00037450903171886026
1565.45	0.00037477223791639974
1565.455	0.0003746706934572996
1565.46	0.00037421309561881314
1565.465	0.0003733367244510188
1565.4699999999998	0.0003723774811811347
1565.4750000000001	0.0003715116678609733
1565.48	0.00037087079381977546
1565.485	0.00037073745624832937
1565.49	0.00037140777555759355
1565.495	0.00037238774213633536
1565.5	0.00037326596614565785
1565.505	0.0003740487218042313
1565.51	0.00037498513973862734
1565.515	0.00037570142489707725
1565.52	0.00037633647561585086
1565.5249999999999	0.0003767284582586714
1565.53	0.0003772239896692071
1565.535	0.00037746616950287524
1565.54	0.0003774648569887802
1565.545	0.00037734550169042126
1565.55	0.0003772174920235368
1565.5549999999998	0.000377086392902559
1565.56	0.0003765352633664997
1565.565	0.0003758067496916492
1565.57	0.0003751037106157623
1565.575	0.0003745150208411538
1565.58	0.0003740238054164555
1565.5849999999998	0.0003734705554584466
1565.59	0.00037297664963378905
1565.595	0.0003725937253160795
1565.6	0.0003724044320575058
1565.605	0.0003724718301069103
1565.61	0.00037281321487574924
1565.615	0.00037313555172584673
1565.6200000000001	0.0003738528740398357
1565.625	0.00037466853963605214
1565.63	0.00037574569196262
1565.635	0.00037700508240086545
1565.6399999999999	0.00037822120977934264
1565.645	0.000379503336790464
1565.65	0.0003803403573278457
1565.655	0.00038060281431915856
1565.66	0.0003800709440385983
1565.665	0.0003785673181650697
1565.6699999999998	0.00037635088691136375
1565.675	0.00037426655912672034
1565.68	0.00037238998805641115
1565.685	0.0003707841769243604
1565.69	0.0003699135470511616
1565.695	0.0003699540345429012
1565.6999999999998	0.00037091132935164304
1565.705	0.00037265852501788095
1565.71	0.00037484032453286676
1565.715	0.00037705350211601605
1565.72	0.00037895949245040993
1565.725	0.00038032482652152296
1565.73	0.0003808987225860065
1565.735	0.0003804917689975558
1565.74	0.00037924255075001326
1565.7450000000001	0.0003773995108809182
1565.75	0.0003750664850037764
1565.7549999999999	0.00037274662592344185
1565.76	0.00037067191259534574
1565.765	0.0003689936443179587
1565.77	0.0003674519832206574
1565.775	0.0003661922529778208
1565.78	0.0003654038749667655
1565.7849999999999	0.00036504076041130517
1565.79	0.0003651350456920237
1565.795	0.00036559495195078714
1565.8	0.00036688855544762274
1565.805	0.0003691385496991371
1565.81	0.00037231340531605707
1565.8149999999998	0.00037613639099328447
1565.82	0.0003791784022704106
1565.825	0.00038031007212989166
1565.83	0.00037999588631652646
1565.835	0.0003779595720648881
1565.84	0.0003752841488885628
1565.845	0.0003730218351342158
1565.85	0.0003712316324256272
1565.855	0.0003703246094240924
1565.8600000000001	0.0003702921189660928
1565.865	0.0003708753644244499
1565.87	0.0003721560411121055
1565.875	0.0003738640950875545
1565.8799999999999	0.00037570562874624354
1565.885	0.0003775780527736528
1565.89	0.00037942968814522107
1565.895	0.0003808655089218893
1565.8999999999999	0.00038195083374561794
1565.905	0.00038241089861196904
1565.91	0.0003823347363439396
1565.915	0.00038184333205421505
1565.92	0.0003810333886867846
1565.925	0.0003801250151981808
1565.9299999999998	0.0003789567855734494
1565.935	0.00037782507894897814
1565.94	0.00037672796541080006
1565.945	0.0003755845635001215
1565.95	0.0003747192096078847
1565.955	0.00037395915540112176
1565.96	0.0003734139535617712
1565.965	0.0003730343591645139
1565.97	0.0003727327672759748
1565.9750000000001	0.00037263082314397186
1565.98	0.0003729967080780063
1565.985	0.0003736495470536993
1565.99	0.00037455127159908837
1565.995	0.0003756691001854864
1566	0.0003769586049616857
1566.005	0.0003781269655379755
1566.01	0.00037892321896210293
1566.0149999999999	0.00037911288446699603
1566.02	0.00037871030517472223
1566.0249999999999	0.0003776992406965402
1566.03	0.0003762847489653295
1566.035	0.0003745122620995656
1566.04	0.00037250052546251703
1566.0449999999998	0.0003704835164393206
1566.05	0.0003685523722758625
1566.055	0.00036693930859722106
1566.06	0.0003658307464290767
1566.065	0.00036527320091596263
1566.07	0.00036532775096046995
1566.075	0.0003659598780389119
1566.08	0.00036707372367090563
1566.085	0.00036851295277496075
1566.0900000000001	0.000369856948798905
1566.095	0.0003711985190385031
1566.1	0.0003719785016947256
1566.105	0.0003725140566561238
1566.11	0.0003725972492247824
1566.115	0.0003724515543757953
1566.1200000000001	0.00037197438814981184
1566.125	0.00037128972513433476
1566.1299999999999	0.00037038358514233883
1566.135	0.000369088187342423
1566.1399999999999	0.0003671446922836085
1566.145	0.0003646836937074084
1566.15	0.00036216455630176084
1566.155	0.00035930499777726095
1566.1599999999999	0.0003568751188671837
1566.165	0.0003555232171287485
1566.1699999999998	0.00035570593435086415
1566.175	0.0003569532738778922
1566.18	0.0003587380869838284
1566.185	0.00036044886476223814
1566.19	0.00036167407129068086
1566.195	0.0003620268746478356
1566.1999999999998	0.0003615120752802115
1566.2050000000002	0.00036053917415518875
1566.21	0.0003592200346186045
1566.215	0.00035768283910453234
1566.22	0.0003562116593606959
1566.225	0.0003550812307924271
1566.23	0.00035443653155112865
1566.2350000000001	0.00035428506831144084
1566.24	0.00035480282290226096
1566.245	0.00035585429368919564
1566.25	0.00035712754454166203
1566.2549999999999	0.00035847467644513543
1566.26	0.00035980708223953915
1566.265	0.00036086195295996975
1566.27	0.00036170933686209593
1566.2749999999999	0.00036215390357428136
1566.28	0.000362293977963949
1566.2849999999999	0.00036223537431793855
1566.29	0.0003620457066150493
1566.295	0.0003615282966748356
1566.3	0.0003610021772138826
1566.305	0.00036038391935999176
1566.31	0.0003598302239855762
1566.3149999999998	0.0003592348575194688
1566.3200000000002	0.0003588377557791321
1566.325	0.00035876245237886895
1566.33	0.0003588157030908746
1566.335	0.00035922449745259886
1566.34	0.00035983586432867653
1566.3449999999998	0.00036090326657332985
1566.3500000000001	0.00036248034208282895
1566.355	0.000363551954621313
1566.36	0.00036431964917011214
1566.365	0.00036469831331176916
1566.37	0.0003648606028521618
1566.375	0.00036466253201145044
1566.38	0.00036434523406869696
1566.385	0.0003639007960714579
1566.3899999999999	0.00036337012548244026
1566.395	0.0003626733165175042
1566.3999999999999	0.0003622651321587876
1566.405	0.0003621837574819096
1566.41	0.00036224017331088236
1566.415	0.0003623676607750358
1566.42	0.0003625618992016011
1566.425	0.0003629008485145759
1566.4299999999998	0.00036339474816673165
1566.4350000000002	0.000363959209299536
1566.44	0.00036426284647950424
1566.445	0.00036473532830036734
1566.45	0.000365185846848899
1566.455	0.00036558648867736175
1566.4599999999998	0.00036595075373226495
1566.4650000000001	0.00036629929817810276
1566.47	0.000366763999894598
1566.475	0.0003673460640096835
1566.48	0.0003678841048870918
1566.485	0.0003683699639827876
1566.4899999999998	0.00036880111228979105
1566.4950000000001	0.0003691233012859686
1566.5	0.0003690045063848683
1566.505	0.00036851979237019993
1566.51	0.00036798053779703196
1566.5149999999999	0.00036688766411729153
1566.52	0.00036555431394824205
1566.525	0.00036487432475426477
1566.53	0.000364748012087662
1566.535	0.0003650473842052299
1566.54	0.0003656346743819369
1566.5449999999998	0.0003667741627207896
1566.55	0.000368329897198604
1566.555	0.0003702779696781075
1566.56	0.0003715163047348524
1566.565	0.0003723303354419681
1566.57	0.00037277230973644065
1566.5749999999998	0.0003727969697791954
1566.5800000000002	0.00037229777762012476
1566.585	0.0003711921947415401
1566.59	0.00036952196885175933
1566.595	0.0003674456186288111
1566.6	0.0003656441114925712
1566.6049999999998	0.00036418221125832074
1566.6100000000001	0.0003630206629959279
1566.615	0.000362376013151332
1566.6200000000001	0.00036241996747919913
1566.625	0.0003627351937214929
1566.6299999999999	0.0003634192213722776
1566.635	0.00036454028964024766
1566.64	0.000365940954595063
1566.645	0.00036746448161438213
1566.65	0.0003694400700495229
1566.655	0.00037110701877035704
1566.6599999999999	0.00037320204556606014
1566.665	0.0003746406767201215
1566.67	0.00037587301586278655
1566.675	0.0003763656998261128
1566.68	0.00037588444108530277
1566.685	0.00037446513329110405
1566.6899999999998	0.00037228062895151756
1566.695	0.0003694722832892069
1566.7	0.00036654720067319995
1566.705	0.0003644744993640287
1566.71	0.0003636117487212586
1566.715	0.00036380570584229106
1566.7199999999998	0.0003647473533879586
1566.725	0.000366359090311355
1566.73	0.0003683878309968024
1566.7350000000001	0.0003706079496273096
1566.74	0.00037271081898837034
1566.745	0.00037419769895786174
1566.75	0.0003748595580394761
1566.755	0.00037465923814228357
1566.76	0.00037353429316523907
1566.765	0.0003715810975079806
1566.77	0.0003692102116453749
1566.7749999999999	0.00036672533533304403
1566.78	0.0003646080613348392
1566.785	0.000362397463304668
1566.79	0.0003609350222822219
1566.795	0.0003598587442164039
1566.8	0.0003593233816697262
1566.8049999999998	0.000359065015824338
1566.81	0.0003589831473214263
1566.815	0.00035935789666995506
1566.82	0.0003598047496297815
1566.825	0.0003606803358500488
1566.83	0.00036158322846383895
1566.8349999999998	0.0003632906395105037
1566.84	0.0003652788894390247
1566.845	0.0003676415651865516
1566.8500000000001	0.0003689395087964815
1566.855	0.0003690797633974145
1566.86	0.00036813714268936585
1566.865	0.00036620647592487714
1566.87	0.0003638536802810556
1566.875	0.000361847589002139
1566.88	0.00036022709764050995
1566.885	0.00035921647221347664
1566.8899999999999	0.0003586185196638893
1566.895	0.00035843036595295476
1566.9	0.00035855370637128564
1566.905	0.00035918629235289856
1566.91	0.0003602860323142412
1566.915	0.00036157958373333034
1566.9199999999998	0.0003628556876881499
1566.925	0.00036419628287850665
1566.93	0.00036494348801546973
1566.935	0.00036537072084660854
1566.94	0.00036551079142363403
1566.945	0.00036537658941089096
1566.9499999999998	0.0003649452592599221
1566.955	0.00036403688577128735
1566.96	0.00036270656166695965
1566.9650000000001	0.00036118986280219334
1566.97	0.0003596723152816997
1566.975	0.0003582159646929677
1566.98	0.0003567069072281828
1566.985	0.0003554816359308502
1566.99	0.000354436847193192
1566.9950000000001	0.00035359805660182213
1567	0.00035299030533502264
1567.0049999999999	0.0003525625881508698
1567.01	0.0003523470529071281
1567.0149999999999	0.00035268474658641094
1567.02	0.0003536006335631343
1567.025	0.0003550390264541167
1567.03	0.00035675668269318276
1567.0349999999999	0.0003583973134426258
1567.04	0.0003594612629974764
1567.045	0.0003598548289442793
1567.05	0.0003594995924022131
1567.055	0.00035829930651126257
1567.06	0.0003561900878555206
1567.0649999999998	0.0003534477925559287
1567.07	0.0003503786144910975
1567.075	0.00034759348773259806
1567.0800000000002	0.00034524283544632063
1567.085	0.00034360916601929313
1567.09	0.00034294144837188957
1567.095	0.0003432022485771512
1567.1	0.0003441029863803134
1567.105	0.00034553195943444655
1567.1100000000001	0.00034733933972719294
1567.115	0.00034941895390042593
1567.12	0.00035128407518441565
1567.125	0.00035251583893126015
1567.1299999999999	0.00035315883356487767
1567.135	0.0003534157736395757
1567.14	0.0003534843973832751
1567.145	0.0003533320142987141
1567.1499999999999	0.0003527924128081834
1567.155	0.0003520504298953609
1567.1599999999999	0.00035118167288522643
1567.165	0.0003502445986165667
1567.17	0.0003494791441384571
1567.175	0.000348703089677669
1567.1799999999998	0.0003481995220462842
1567.185	0.00034808018410475283
1567.1899999999998	0.00034857194114776047
1567.1950000000002	0.0003502437164176761
1567.2	0.0003525489266575394
1567.205	0.00035494166901374425
1567.21	0.0003572379482329048
1567.215	0.00035912431756000374
1567.22	0.0003604582321055934
1567.2250000000001	0.00036087657501759283
1567.23	0.0003609252453269633
1567.235	0.00036072666560944914
1567.24	0.0003606667191298865
1567.245	0.0003605677713113967
1567.25	0.0003606386496816841
1567.255	0.0003610052423211439
1567.26	0.00036160090813254427
1567.2649999999999	0.00036230278773637277
1567.27	0.000363092229137506
1567.2749999999999	0.0003640818815831178
1567.28	0.0003653175991411857
1567.285	0.0003664782405306575
1567.29	0.0003674297563445465
1567.2949999999998	0.00036818108824968076
1567.3	0.00036873221778575957
1567.3049999999998	0.0003693493104878044
1567.3100000000002	0.00036969929160647006
1567.315	0.0003698948074864291
1567.32	0.00036997692154146824
1567.325	0.00036984717478762814
1567.33	0.0003697555339653474
1567.3349999999998	0.00036970036935863356
1567.3400000000001	0.0003696541454508034
1567.345	0.0003695857353977204
1567.35	0.00036943706337917964
1567.355	0.00036917132095896075
1567.36	0.00036893076324134936
1567.365	0.00036872420190138224
1567.3700000000001	0.0003685623177437957
1567.375	0.0003686604111583593
1567.3799999999999	0.0003689303135140959
1567.385	0.0003692887024590874
1567.3899999999999	0.0003698158201793608
1567.395	0.0003708093673135304
1567.4	0.00037175713794032215
1567.405	0.0003722226382851341
1567.4099999999999	0.00037272721106689204
1567.415	0.0003734590433153416
1567.4199999999998	0.0003737433067260031
1567.4250000000002	0.00037346005028763895
1567.43	0.00037261375235366867
1567.435	0.00037146566897036556
1567.44	0.0003699875804081305
1567.445	0.0003682001554316579
1567.4499999999998	0.00036621770835751664
1567.4550000000002	0.00036478420865580324
1567.46	0.00036369801935625984
1567.465	0.0003630871177352778
1567.47	0.00036278545089053695
1567.475	0.0003627067392845298
1567.4799999999998	0.0003629826915144647
1567.4850000000001	0.00036371430535405054
1567.49	0.00036425690989312176
1567.495	0.0003651743534029766
1567.5	0.0003658887074635723
1567.5049999999999	0.00036683730847365814
1567.51	0.0003678286662067071
1567.515	0.00036869824129149404
1567.52	0.00036935102046933334
1567.525	0.00036962137477215856
1567.53	0.0003692421152566794
1567.5349999999999	0.0003676960945797269
1567.54	0.00036420087286005926
1567.545	0.00035992429720722163
1567.55	0.00035601774816247195
1567.555	0.00035314988561368105
1567.56	0.00035212508521672935
1567.5649999999998	0.0003527485193816483
1567.5700000000002	0.0003545075250322445
1567.575	0.0003566838694021034
1567.58	0.00035923663416650466
1567.585	0.00036120528217414605
1567.59	0.00036221827462578813
1567.5949999999998	0.00036184102514402755
1567.6000000000001	0.00036030293732500554
1567.605	0.0003579337746094767
1567.61	0.00035501819104337206
1567.615	0.0003515983761421797
1567.62	0.0003484171995612896
1567.625	0.00034568529707541075
1567.63	0.00034364465858259904
1567.635	0.0003425304504846661
1567.64	0.00034242954938214134
1567.645	0.0003428610284923727
1567.6499999999999	0.0003439442738645438
1567.655	0.0003454942353109561
1567.66	0.00034705470878553706
1567.665	0.0003488279635715704
1567.67	0.0003505444612736569
1567.675	0.0003520502990155338
1567.6799999999998	0.00035322744287239925
1567.685	0.0003539939989720633
1567.69	0.00035422762365481966
1567.695	0.0003539870781805974
1567.7	0.0003529842725165083
1567.705	0.00035137775776580767
1567.7099999999998	0.0003492751939966144
1567.7150000000001	0.0003465367873050379
1567.72	0.0003435417565282396
1567.725	0.0003408803815564995
1567.73	0.00033878140907389923
1567.735	0.0003370206148721153
1567.74	0.0003360057613011617
1567.7450000000001	0.0003360294463891941
1567.75	0.00033690281063339297
1567.755	0.00033821045185392085
1567.76	0.00033978992954882735
1567.7649999999999	0.00034131924603444084
1567.77	0.0003427715508210688
1567.775	0.0003437963531458614
1567.78	0.0003441828987815807
1567.785	0.00034388784175959846
1567.79	0.0003432282242051881
1567.7949999999998	0.0003420748175092745
1567.8	0.000340410813758836
1567.805	0.00033868428722022824
1567.81	0.0003372205396511961
1567.815	0.0003360297706866747
1567.82	0.00033503140291611064
1567.8249999999998	0.0003342196344098848
1567.83	0.00033361284099247526
1567.835	0.0003332276166710648
1567.84	0.0003330816316858075
1567.845	0.0003331237560811525
1567.85	0.0003334708696544321
1567.855	0.00033401246014410214
1567.86	0.0003347418999473148
1567.865	0.0003355527190359399
1567.8700000000001	0.0003366815797560843
1567.875	0.00033819098522558334
1567.8799999999999	0.00033982153540811826
1567.885	0.0003414768390066725
1567.89	0.00034278542736222066
1567.895	0.00034298561082237144
1567.9	0.0003422312319220183
1567.905	0.00034071670770400593
1567.9099999999999	0.00033854356782308636
1567.915	0.0003366216565010694
1567.92	0.0003349839788415851
1567.925	0.0003338152641576015
1567.93	0.00033315646986231256
1567.935	0.0003328445447544956
1567.9399999999998	0.00033313872571398795
1567.945	0.00033382461020843183
1567.95	0.00033471348310445915
1567.955	0.0003355515428084165
1567.96	0.0003360789777424957
1567.965	0.0003360364076158841
1567.97	0.00033558416372469975
1567.975	0.00033474718613190696
1567.98	0.0003335382936893015
1567.9850000000001	0.0003319603203817299
1567.99	0.00032985952593287814
1567.995	0.0003277654271097145
1568	0.0003258969884119797
1568.0049999999999	0.0003244154824498036
1568.01	0.0003234366467170656
1568.015	0.0003227045583935823
1568.02	0.0003223800629924669
1568.0249999999999	0.0003224151084723247
1568.03	0.0003227204708125252
1568.035	0.00032326516993575984
1568.04	0.0003242251112769954
1568.045	0.00032502944362007964
1568.05	0.0003260942988405793
1568.0549999999998	0.000327141448577869
1568.06	0.0003281590204708444
1568.065	0.0003285164963941471
1568.07	0.00032780048734784356
1568.075	0.00032583864867454426
1568.08	0.0003228304053289559
1568.085	0.00031927872989200484
1568.09	0.0003160328725492248
1568.095	0.0003133292487567051
1568.1000000000001	0.00031130120891750655
1568.105	0.00031063559433165867
1568.11	0.00031129493627500457
1568.115	0.0003130371413285037
1568.12	0.0003155162162561715
1568.125	0.0003184051723681315
1568.13	0.00032147228827960754
1568.135	0.0003241328206316607
1568.1399999999999	0.0003260653229101868
1568.145	0.00032721881863816073
1568.1499999999999	0.00032754412089593295
1568.155	0.0003270949383536829
1568.16	0.00032630714889810984
1568.165	0.00032528750160419547
1568.1699999999998	0.0003245852937377467
1568.175	0.0003241847080529593
1568.18	0.00032439547406236526
1568.185	0.00032493830900028547
1568.19	0.0003257715296070088
1568.195	0.0003269838836829004
1568.2	0.0003285904424315823
1568.205	0.00033065778639590184
1568.21	0.0003333519088153504
1568.2150000000001	0.0003366875360665054
1568.22	0.000340175479420505
1568.225	0.0003435344958211027
1568.23	0.00034716791267006865
1568.235	0.00035097896935592295
1568.24	0.000353716365058583
1568.2450000000001	0.0003559300516264776
1568.25	0.00035793218972282435
1568.2549999999999	0.00035922034713006134
1568.26	0.00036011069137540763
1568.2649999999999	0.0003608242050591847
1568.27	0.00036098763324125637
1568.275	0.00036079201596221665
1568.28	0.00036034353126174375
1568.2849999999999	0.0003594774390361202
1568.29	0.00035815309826943
1568.2949999999998	0.0003565567489496166
1568.3	0.00035499095992074957
1568.305	0.00035367908157718053
1568.31	0.0003526974475448299
1568.315	0.00035194515327665097
1568.32	0.0003514071385338685
1568.3249999999998	0.0003511419063527528
1568.3300000000002	0.00035111452106575475
1568.335	0.00035102803105347167
1568.34	0.0003510770273336226
1568.345	0.0003508117976137962
1568.35	0.0003502414662572008
1568.355	0.0003493691574668318
1568.3600000000001	0.0003480718307534207
1568.365	0.0003463731866811415
1568.37	0.0003442446639821864
1568.375	0.0003417846834713432
1568.3799999999999	0.00033911592029766443
1568.385	0.00033628423841919786
1568.39	0.0003332651727165252
1568.395	0.0003302088857522986
1568.3999999999999	0.0003277968087473793
1568.405	0.00032615236140636026
1568.4099999999999	0.0003253939645838405
1568.415	0.0003261416276098781
1568.42	0.0003283070631537062
1568.425	0.00033062097472351957
1568.43	0.00033269440083309666
1568.435	0.0003343755301529398
1568.4399999999998	0.0003354339600610235
1568.4450000000002	0.00033544837049274344
1568.45	0.0003342773018479354
1568.455	0.00033225897844418135
1568.46	0.0003296727073829508
1568.465	0.0003268681744137102
1568.4699999999998	0.00032411468017292094
1568.4750000000001	0.0003219993334298807
1568.48	0.00032068993715704276
1568.485	0.00032011692163406595
1568.49	0.00032042148832658814
1568.495	0.0003216207929842289
1568.5	0.0003233174889972164
1568.505	0.0003251265711656694
1568.51	0.0003268621711447402
1568.5149999999999	0.0003284221615189965
1568.52	0.00033016339853405836
1568.5249999999999	0.0003313344765300154
1568.53	0.00033239769322035743
1568.535	0.000333032407073963
1568.54	0.0003334674489481063
1568.545	0.0003336455194073994
1568.55	0.00033370378825525943
1568.5549999999998	0.0003333009912213269
1568.5600000000002	0.0003324088613100821
1568.565	0.0003309575094710761
1568.57	0.0003288227972589105
1568.575	0.00032665368588349414
1568.58	0.0003254292118214052
1568.5849999999998	0.0003252677690440371
1568.5900000000001	0.000325938067288092
1568.595	0.0003272784581093704
1568.6	0.0003285470721679555
1568.605	0.0003297184208561143
1568.61	0.0003305208810067982
1568.6149999999998	0.0003306220580895655
1568.6200000000001	0.0003297569159170708
1568.625	0.00032815982990581856
1568.6299999999999	0.00032592649468815
1568.635	0.0003235413645637231
1568.6399999999999	0.00032131463785579765
1568.645	0.000319307263770012
1568.65	0.00031749221447936325
1568.655	0.0003159728732635722
1568.66	0.0003150976210703699
1568.665	0.0003147506585655045
1568.6699999999998	0.0003149329219307214
1568.675	0.00031550189296545184
1568.68	0.0003162199050940629
1568.685	0.0003170991928363019
1568.69	0.00031816446435445946
1568.695	0.00031898953689575907
1568.6999999999998	0.0003196215134238682
1568.7050000000002	0.0003201441664503172
1568.71	0.00032030802101578145
1568.715	0.0003206720633417764
1568.72	0.00032085352881543313
1568.725	0.000321025383379577
1568.7299999999998	0.00032107996873299583
1568.7350000000001	0.00032069627447014435
1568.74	0.00031999795058206036
1568.745	0.000319263714823103
1568.75	0.00031842754533613484
1568.7549999999999	0.00031752617567068345
1568.76	0.00031648945892043305
1568.765	0.00031566127750746553
1568.77	0.0003150160940569183
1568.775	0.0003146586130658505
1568.78	0.00031460583253790794
1568.7849999999999	0.00031471056178853014
1568.79	0.00031504163048369304
1568.795	0.0003159695541693005
1568.8	0.0003168226083763457
1568.805	0.00031742913651588566
1568.81	0.0003174725425485474
1568.8149999999998	0.0003172021934511133
1568.82	0.00031663953472616066
1568.825	0.0003155323317530363
1568.83	0.0003137786228775448
1568.835	0.0003114829357968038
1568.84	0.00030919767000141176
1568.8449999999998	0.0003071989776738554
1568.85	0.0003053134680774888
1568.855	0.0003036224351947982
1568.8600000000001	0.00030226971976447825
1568.865	0.0003013019430252813
1568.87	0.00030080546278235716
1568.875	0.00030062997197
1568.88	0.0003006104749947308
1568.885	0.0003008975118031936
1568.89	0.00030138556536413115
1568.895	0.00030236418770493944
1568.8999999999999	0.0003036973323322904
1568.905	0.00030595720847179797
1568.91	0.0003088874046883642
1568.915	0.00031144399993338344
1568.92	0.0003123398805247218
1568.925	0.00031103882177328156
1568.9299999999998	0.0003071914400123267
1568.935	0.0003028626464044928
1568.94	0.00029868328340330695
1568.945	0.00029507591115063064
1568.95	0.0002930011414864682
1568.955	0.00029254220757249377
1568.9599999999998	0.00029316465198336964
1568.965	0.00029481864860839927
1568.97	0.00029725043383594735
1568.9750000000001	0.00029973881551375177
1568.98	0.00030210284455512213
1568.985	0.0003032364332997395
1568.99	0.0003035748987702664
1568.995	0.00030298389404405775
1569	0.00030128121313555356
1569.005	0.00029828290835696915
1569.01	0.0002946215423685367
1569.0149999999999	0.00029135340931986164
1569.02	0.00028858524851136167
1569.025	0.00028630147548504883
1569.03	0.00028463778859832143
1569.035	0.0002837803914223497
1569.04	0.0002836907259601891
1569.0449999999998	0.0002843272182560858
1569.05	0.0002856748228742151
1569.055	0.0002874769225138615
1569.06	0.0002899548733945344
1569.065	0.0002924685738263079
1569.07	0.0002951449901030571
1569.0749999999998	0.00029807389726908395
1569.08	0.00030082304627404517
1569.085	0.0003033338771161778
1569.0900000000001	0.00030560881424136446
1569.095	0.00030753520620636356
1569.1	0.0003091230698436903
1569.105	0.0003105439223530415
1569.11	0.0003122789371057603
1569.115	0.0003142494821935443
1569.1200000000001	0.00031666034688397073
1569.125	0.00031939676912466674
1569.1299999999999	0.00032227811243595194
1569.135	0.000324934924388211
1569.1399999999999	0.000327542842702557
1569.145	0.00032976084709878355
1569.15	0.0003318450131547861
1569.155	0.000333481711728146
1569.1599999999999	0.000334670945156861
1569.165	0.0003354198420465116
1569.17	0.0003360966768748389
1569.175	0.0003366174037339654
1569.18	0.0003368534797732219
1569.185	0.0003368278978439965
1569.1899999999998	0.00033644023412122715
1569.195	0.00033562971472706783
1569.2	0.0003343278062891619
1569.2050000000002	0.0003325468529674238
1569.21	0.00033059628254081714
1569.215	0.00032836977446020133
1569.22	0.0003258835929725063
1569.225	0.00032311664316642087
1569.23	0.00031980040324467205
1569.2350000000001	0.000316286095837726
1569.24	0.0003133124647485476
1569.245	0.0003106127312581757
1569.25	0.0003079250458068847
1569.2549999999999	0.00030606662467413536
1569.26	0.0003055378514073582
1569.265	0.00030660976906546713
1569.27	0.0003087364272134263
1569.2749999999999	0.0003107678111373529
1569.28	0.0003125275971364472
1569.2849999999999	0.0003132157544139286
1569.29	0.0003127536989433389
1569.295	0.0003114202760422082
1569.3	0.0003097392415461031
1569.3049999999998	0.0003081574834260506
1569.31	0.0003068432286958658
1569.315	0.0003057550813765987
1569.3200000000002	0.00030499312866108085
1569.325	0.00030479495204633114
1569.33	0.0003052726312084617
1569.335	0.000306186745143187
1569.34	0.00030752572102860597
1569.345	0.0003092209130079924
1569.3500000000001	0.000311147886999559
1569.355	0.0003131143081674193
1569.36	0.0003145329120176647
1569.365	0.00031564170148697357
1569.37	0.0003163385193363891
1569.375	0.0003166693319853898
1569.38	0.00031681120160972583
1569.385	0.00031643027547756223
1569.3899999999999	0.00031555794740400204
1569.395	0.00031443748561321743
1569.3999999999999	0.00031318533496038934
1569.405	0.0003118616687516129
1569.41	0.00031058887588971746
1569.415	0.00030921861596242673
1569.4199999999998	0.0003076335280038539
1569.425	0.0003063560136766023
1569.4299999999998	0.0003051570676431643
1569.4350000000002	0.0003043779222779327
1569.44	0.00030404561603539817
1569.445	0.00030410248181645717
1569.45	0.00030482494189095687
1569.455	0.00030598568663705054
1569.4599999999998	0.00030682520216352143
1569.4650000000001	0.00030688933519040887
1569.47	0.0003058378480913254
1569.475	0.0003037356785346954
1569.48	0.0003008362695697919
1569.485	0.00029769397609226764
1569.49	0.00029448090249279606
1569.4950000000001	0.0002913391283463099
1569.5	0.0002881498990295775
1569.5049999999999	0.0002855816710271583
1569.51	0.00028374545744763014
1569.5149999999999	0.0002826268616799782
1569.52	0.000282418537914653
1569.525	0.00028290607983659326
1569.53	0.00028416455953207963
1569.5349999999999	0.00028578319060391027
1569.54	0.0002874805992881394
1569.5449999999998	0.00028909740451433407
1569.5500000000002	0.00029065180383214034
1569.555	0.0002922510626393041
1569.56	0.00029371148958216533
1569.565	0.0002952204300517709
1569.57	0.0002967840749575973
1569.5749999999998	0.0002981887136599973
1569.5800000000002	0.00029936692861810826
1569.585	0.00030023737350622044
1569.59	0.0003007341591286983
1569.595	0.000300626635473007
1569.6	0.00030032676985705344
1569.6049999999998	0.0002997169316556911
1569.6100000000001	0.0002990955443073533
1569.615	0.00029895466287276925
1569.62	0.00029926593042301907
1569.625	0.00029970984533338104
1569.6299999999999	0.0003002558386407917
1569.635	0.0003009208360559337
1569.64	0.00030148924555805214
1569.645	0.0003016429720469995
1569.6499999999999	0.0003013140734314045
1569.655	0.00030074804199929856
1569.6599999999999	0.0002999702941862748
1569.665	0.00029873887896904425
1569.67	0.0002970939329675262
1569.675	0.00029544054435929105
1569.68	0.00029391050164742644
1569.685	0.00029246623762908445
1569.6899999999998	0.00029108216033799344
1569.6950000000002	0.00028992519674810117
1569.7	0.0002892327095242443
1569.705	0.0002890308838483636
1569.71	0.00028898667854754414
1569.715	0.0002890141692965458
1569.7199999999998	0.00028912344529965296
1569.7250000000001	0.0002893387681573927
1569.73	0.0002896459954676512
1569.735	0.0002899858909125768
1569.74	0.0002901325128806133
1569.745	0.0002900337440235632
1569.7499999999998	0.000289756137510408
1569.755	0.00028917117697626894
1569.76	0.0002884556780411355
1569.765	0.00028750268300451343
1569.77	0.0002861610327068208
1569.7749999999999	0.00028434737721983903
1569.78	0.00028225528129568024
1569.785	0.00027975664373478985
1569.79	0.00027707322768008005
1569.795	0.00027477744624112297
1569.8	0.00027335133069940343
1569.8049999999998	0.0002728401159908105
1569.81	0.0002735563839034889
1569.815	0.00027542100632107716
1569.82	0.00027828983886972453
1569.825	0.0002813821612393313
1569.83	0.00028431201228358246
1569.8349999999998	0.00028672661163906487
1569.8400000000001	0.00028849338582024263
1569.845	0.0002894182944514081
1569.85	0.0002893564447156085
1569.855	0.0002887800968673405
1569.86	0.0002877996590026778
1569.8649999999998	0.0002867588928509198
1569.8700000000001	0.0002861585960720338
1569.875	0.00028625190959042794
1569.88	0.0002869430404370402
1569.885	0.00028799479891369575
1569.8899999999999	0.0002893806556640548
1569.895	0.0002910803271478106
1569.9	0.0002928628498045434
1569.905	0.00029477066236418317
1569.91	0.0002966763521104914
1569.915	0.00029836549140035837
1569.9199999999998	0.00030017009679535764
1569.925	0.0003019283337094774
1569.93	0.0003038240965327497
1569.935	0.0003055982777763825
1569.94	0.0003074173845144175
1569.945	0.0003088615447532451
1569.9499999999998	0.00030968276963811835
1569.955	0.00030997075618142955
1569.96	0.000308955140364906
1569.965	0.00030620156134869114
1569.97	0.0003029763984450257
1569.975	0.00029922694150849414
1569.98	0.00029524514115929847
1569.985	0.0002921534342387617
1569.99	0.00029028268145205277
1569.9950000000001	0.0002892877367894303
1570	0.0002889730738145729
1570.0049999999999	0.0002895475886248943
1570.01	0.0002907744988321133
1570.015	0.0002917898939674139
1570.02	0.00029215200116446377
1570.025	0.0002916198002301145
1570.03	0.0002901783156726216
1570.0349999999999	0.0002879085403829269
1570.04	0.00028499842031063586
1570.045	0.00028174755297042325
1570.05	0.00027844124947182713
1570.055	0.000275383028062389
1570.06	0.00027312555068638135
1570.0649999999998	0.0002715677414103902
1570.07	0.00027065386534837617
1570.075	0.00027034843935750026
1570.08	0.0002707059239457474
1570.085	0.0002713538734435838
1570.09	0.0002724811515324714
1570.095	0.0002738094470053333
1570.1	0.00027506608533189175
1570.105	0.0002766896667670438
1570.1100000000001	0.00027834799840857416
1570.115	0.00028034848801056103
1570.12	0.00028217056549881145
1570.125	0.0002836388273549819
1570.1299999999999	0.0002847985683538456
1570.135	0.00028558589775107995
1570.14	0.0002861456581486184
1570.145	0.0002862459514261033
1570.1499999999999	0.0002864360228320913
1570.155	0.0002867682224449977
1570.16	0.0002871841480300313
1570.165	0.00028759868564499946
1570.17	0.0002883246868297714
1570.175	0.00028937738472905564
1570.1799999999998	0.0002906296429602182
1570.185	0.0002919505859206373
1570.19	0.0002933744726864949
1570.195	0.0002947683265295135
1570.2	0.00029610334209589846
1570.205	0.00029745120407497215
1570.21	0.0002987255799997756
1570.215	0.00029976646700734537
1570.22	0.0003005097270509781
1570.2250000000001	0.0003007976623992357
1570.23	0.00030080350810524764
1570.235	0.0003002997737160895
1570.24	0.00029967645011746383
1570.245	0.0002988566790079537
1570.25	0.00029788583129562534
1570.255	0.0002967746499370085
1570.26	0.0002954949646050598
1570.2649999999999	0.00029386002744544496
1570.27	0.00029200981503815494
1570.2749999999999	0.00028968635158742307
1570.28	0.0002871526472837739
1570.285	0.000284155203985348
1570.29	0.0002818382238201602
1570.2949999999998	0.00028067303183958734
1570.3	0.00028061047571286324
1570.305	0.00028138353524319293
1570.31	0.00028157779859595583
1570.315	0.0002810249409678175
1570.32	0.00027960414758751765
1570.325	0.00027741002368497934
1570.33	0.0002744653190607378
1570.335	0.000271222481803665
1570.3400000000001	0.000268260142782361
1570.345	0.00026597816349070594
1570.35	0.0002647039325014132
1570.355	0.0002645189891941871
1570.36	0.00026551698379369883
1570.365	0.00026762292648738477
1570.3700000000001	0.0002705343354412628
1570.375	0.0002739009611671484
1570.3799999999999	0.00027752832259118193
1570.385	0.0002813301836816329
1570.3899999999999	0.0002845969593778637
1570.395	0.0002875166984203841
1570.4	0.000289830586341561
1570.405	0.00029132337876314017
1570.4099999999999	0.00029204954207040143
1570.415	0.00029232682022020906
1570.4199999999998	0.0002922499640099673
1570.425	0.00029186379423635307
1570.43	0.00029128504696368567
1570.435	0.00029037642537686493
1570.44	0.0002895075748840721
1570.445	0.00028872840864137576
1570.4499999999998	0.00028790182795008004
1570.4550000000002	0.0002871491209899206
1570.46	0.00028663952885961527
1570.465	0.00028631620134363236
1570.47	0.0002862767040197304
1570.475	0.00028669112959688997
1570.48	0.000287543113195973
1570.4850000000001	0.0002884532099282906
1570.49	0.00028924373458637123
1570.495	0.000289919567086458
1570.5	0.00028993740664213456
1570.5049999999999	0.0002896656521651867
1570.51	0.0002885610677120755
1570.515	0.0002869487603136445
1570.52	0.00028491322909588617
1570.5249999999999	0.0002828998563657494
1570.53	0.0002809679801503754
1570.5349999999999	0.00027934840197622163
1570.54	0.0002781892222258897
1570.545	0.0002774113415129561
1570.55	0.00027684003329220687
1570.555	0.00027664380033603196
1570.56	0.00027687304927288386
1570.5649999999998	0.00027716605521285504
1570.5700000000002	0.00027751491449384824
1570.575	0.000277742175971722
1570.58	0.0002777442145475426
1570.585	0.00027773121842770184
1570.59	0.000277342851620293
1570.5949999999998	0.00027696910552118176
1570.6000000000001	0.00027640039024225946
1570.605	0.0002756247315341884
1570.61	0.0002746131245566158
1570.615	0.0002733184565966776
1570.62	0.00027155762685123326
1570.625	0.0002691890210575198
1570.63	0.00026673022416263395
1570.635	0.00026431850742974925
1570.6399999999999	0.000262512074303371
1570.645	0.0002620886661968451
1570.6499999999999	0.0002624873444537539
1570.655	0.00026429658749122404
1570.66	0.0002670976366005456
1570.665	0.00026977594378473324
1570.67	0.00027179570248525987
1570.675	0.0002736709206092799
1570.6799999999998	0.00027514837881705836
1570.6850000000002	0.0002758674993971631
1570.69	0.00027609944588232935
1570.695	0.00027611115365289135
1570.7	0.0002760998634280683
1570.705	0.00027595873538003473
1570.7099999999998	0.00027580587086301403
1570.7150000000001	0.00027577237813306417
1570.72	0.0002758843711169922
1570.725	0.00027616198705354244
1570.73	0.00027673451396830715
1570.735	0.00027761260073730495
1570.7399999999998	0.0002787914711908301
1570.7450000000001	0.00028016097087404007
1570.75	0.0002815712175743682
1570.7549999999999	0.0002831212693945448
1570.76	0.0002844354404611313
1570.7649999999999	0.0002857165262428675
1570.77	0.0002869626542376452
1570.775	0.0002879993305033328
1570.78	0.00028897816623603813
1570.785	0.00028962816462237465
1570.79	0.00029027307306674045
1570.7949999999998	0.0002907867167248629
1570.8	0.0002910875471206011
1570.805	0.00029110575734926945
1570.81	0.00029058527105657394
1570.815	0.0002896366730289913
1570.82	0.00028862541055889947
1570.8249999999998	0.0002868698422060669
1570.8300000000002	0.0002847598061998492
1570.835	0.00028282256509528763
1570.84	0.00028165659181085615
1570.845	0.00028094034347221766
1570.85	0.00028083115593671455
1570.8549999999998	0.0002813987594692054
1570.8600000000001	0.0002830296048034434
1570.865	0.00028486746631649937
1570.87	0.00028653872240879335
1570.875	0.00028775312235425983
1570.8799999999999	0.0002880397950842453
1570.885	0.0002871609089903659
1570.89	0.0002852470028088617
1570.895	0.00028218946547173816
1570.9	0.000278685052452935
1570.905	0.0002750549158163298
1570.9099999999999	0.0002718511766373255
1570.915	0.00026926013306091277
1570.92	0.00026727459217123725
1570.925	0.0002659888859329939
1570.93	0.00026534477726653763
1570.935	0.00026504687147918077
1570.9399999999998	0.00026533852190039774
1570.945	0.000265776162205627
1570.95	0.0002668521869814624
1570.955	0.00026815192107540876
1570.96	0.00026963278691427724
1570.965	0.00027146960449989235
1570.9699999999998	0.00027350745031092324
1570.9750000000001	0.00027531548066293083
1570.98	0.0002761295534656439
1570.985	0.0002753025758019449
1570.99	0.00027344189610675263
1570.995	0.0002714316305263689
1571	0.00026956680687563494
1571.005	0.000268377490445141
1571.01	0.00026818884297244807
1571.015	0.00026875964234386205
1571.02	0.0002699772990045249
1571.0249999999999	0.0002717356820182282
1571.03	0.00027345914034700885
1571.035	0.00027552880563761693
1571.04	0.0002772196536001747
1571.045	0.00027870418323157255
1571.05	0.00027964134634093744
1571.0549999999998	0.0002800256479470838
1571.06	0.0002799303087442545
1571.065	0.00027927491473556587
1571.07	0.0002782173543509915
1571.075	0.00027692768859348545
1571.08	0.00027556469200385077
1571.0849999999998	0.00027416084796683506
1571.09	0.0002726874780856205
1571.095	0.0002713114443619867
1571.1000000000001	0.0002698856680135172
1571.105	0.0002686183634129446
1571.11	0.00026757466231757564
1571.115	0.0002667137986808159
1571.12	0.00026605072423386796
1571.125	0.0002655257214227843
1571.13	0.00026500347310608175
1571.135	0.00026455549415810737
1571.1399999999999	0.0002641802889122791
1571.145	0.00026384054962893123
1571.15	0.0002637552628768841
1571.155	0.0002637979949108037
1571.16	0.00026382546249666686
1571.165	0.00026375337480967183
1571.1699999999998	0.00026314303632581695
1571.175	0.0002621638778145179
1571.18	0.00026050558494101854
1571.185	0.00025850007302001803
1571.19	0.0002563273401255717
1571.195	0.00025410377322251785
1571.1999999999998	0.0002522561000570659
1571.205	0.0002508013179305677
1571.21	0.0002499845786133438
1571.2150000000001	0.00025001595123784037
1571.22	0.0002509019086186775
1571.225	0.00025283654849985626
1571.23	0.000255547312943814
1571.235	0.0002588668853908252
1571.24	0.00026228429199097366
1571.2450000000001	0.00026552154342183293
1571.25	0.00026835629216088525
1571.2549999999999	0.0002705190992461927
1571.26	0.0002718187325145679
1571.2649999999999	0.0002722885838098393
1571.27	0.00027216920099989777
1571.275	0.0002716425515964517
1571.28	0.0002709840136261822
1571.2849999999999	0.00026989714931691247
1571.29	0.00026870150775774035
1571.295	0.00026726925551374015
1571.3	0.0002660567844671351
1571.305	0.00026465958909127195
1571.31	0.0002629409866592484
1571.3149999999998	0.00026146236761014107
1571.32	0.00026037496541024313
1571.325	0.0002603972275409983
1571.3300000000002	0.00026195460782652935
1571.335	0.0002645195810320018
1571.34	0.00026689639556445784
1571.345	0.0002685712463822657
1571.35	0.00026874026697058887
1571.355	0.00026797409871725364
1571.3600000000001	0.0002661348898136078
1571.365	0.0002639148348515028
1571.37	0.00026179042983533104
1571.375	0.0002598745537326846
1571.3799999999999	0.00025842142847996104
1571.385	0.00025772254642205886
1571.39	0.0002577862953687418
1571.395	0.00025841190645757497
1571.3999999999999	0.00025947973523194473
1571.405	0.00026074807665125483
1571.4099999999999	0.0002621079245654489
1571.415	0.0002634321275293834
1571.42	0.00026449085771872085
1571.425	0.00026533064181245624
1571.4299999999998	0.00026579705351128244
1571.435	0.00026599689968955236
1571.44	0.00026611694213054757
1571.4450000000002	0.0002660795421903193
1571.45	0.0002660833367756379
1571.455	0.00026614415421018765
1571.46	0.0002662775322869294
1571.465	0.0002666013547701551
1571.47	0.0002670633498391373
1571.4750000000001	0.00026761776793116223
1571.48	0.00026825307395180343
1571.485	0.0002689413597366182
1571.49	0.0002696759889373034
1571.495	0.00027065757529174696
1571.5	0.0002717738589156427
1571.505	0.00027314910001959995
1571.51	0.00027466592394297237
1571.5149999999999	0.0002761203020021333
1571.52	0.00027746960817978103
1571.5249999999999	0.00027838884977401214
1571.53	0.00027931067067887925
1571.535	0.0002799175257374927
1571.54	0.00028020476017362526
1571.5449999999998	0.0002802580129355194
1571.55	0.0002801853934343431
1571.5549999999998	0.00027986328561645035
1571.5600000000002	0.0002794494549408356
1571.565	0.00027887685716247636
1571.57	0.00027815374332401996
1571.575	0.00027746512942142937
1571.58	0.0002770336626652659
1571.5849999999998	0.00027671172869908156
1571.5900000000001	0.0002764848807245588
1571.595	0.0002763448060985157
1571.6	0.00027631152125625794
1571.605	0.00027644197022796274
1571.61	0.0002766432911288113
1571.615	0.00027681576961878106
1571.6200000000001	0.0002771356191621657
1571.625	0.00027740008789322484
1571.6299999999999	0.0002776881463118336
1571.635	0.00027790056869129217
1571.6399999999999	0.00027823885971841873
1571.645	0.00027871034144096187
1571.65	0.0002792936602657494
1571.655	0.00027970347345896356
1571.6599999999999	0.00028008038404973054
1571.665	0.0002799668254001106
1571.6699999999998	0.0002791209724331781
1571.6750000000002	0.00027777551047952336
1571.68	0.00027593975293212675
1571.685	0.00027382372840799367
1571.69	0.00027248508570590395
1571.695	0.000271756291300718
1571.6999999999998	0.0002719167590903791
1571.7050000000002	0.00027324627256710554
1571.71	0.0002752283420188941
1571.715	0.00027734613560821057
1571.72	0.0002793350397613701
1571.725	0.0002809027006378407
1571.7299999999998	0.0002818115787330205
1571.7350000000001	0.00028178180220522325
1571.74	0.00028079275720190635
1571.745	0.0002789829720100166
1571.75	0.0002767655108251833
1571.7549999999999	0.00027465679072581037
1571.76	0.00027254306729322046
1571.765	0.0002708929456213196
1571.77	0.00026977225170771597
1571.7749999999999	0.00026919512446270535
1571.78	0.0002691263722601434
1571.7849999999999	0.0002698967022070044
1571.79	0.00027078483330553914
1571.795	0.000271862057883873
1571.8	0.0002732027707158702
1571.805	0.00027438428757534073
1571.81	0.00027570214352745436
1571.8149999999998	0.0002766744922982321
1571.8200000000002	0.0002774138548240986
1571.825	0.00027781293951100985
1571.83	0.0002775462137210394
1571.835	0.00027670324699236455
1571.84	0.000275288927018249
1571.8449999999998	0.0002732037175329438
1571.8500000000001	0.0002704353718878539
1571.855	0.00026722443772617013
1571.86	0.0002640471901447691
1571.865	0.0002614754807622515
1571.87	0.0002598020199928629
1571.8749999999998	0.0002590419410254211
1571.88	0.00025910800784304303
1571.885	0.0002598011353599727
1571.8899999999999	0.0002608425058175895
1571.895	0.0002618715412917804
1571.8999999999999	0.00026224058819934726
1571.905	0.00026210740688065366
1571.91	0.00026133425571770846
1571.915	0.00026001442955347925
1571.92	0.00025837398815071474
1571.925	0.0002564907884212464
1571.9299999999998	0.00025445318925591023
1571.935	0.0002525169041214254
1571.94	0.0002509872339076353
1571.945	0.00024992511328190113
1571.95	0.00024921201961362015
1571.955	0.000248799651492382
1571.9599999999998	0.0002487626417141462
1571.9650000000001	0.0002489062899058988
1571.97	0.0002493766486083003
1571.975	0.00024990097401843156
1571.98	0.0002505469646598846
1571.985	0.0002515048181542166
1571.9899999999998	0.00025265673741563916
1571.9950000000001	0.00025394805106519476
1572	0.00025533115303845916
1572.005	0.0002575879921828929
1572.01	0.00025984706065656615
1572.0149999999999	0.0002617043692778692
1572.02	0.0002631559855143352
1572.025	0.00026311855160005796
1572.03	0.0002620069573685798
1572.035	0.0002605242434842516
1572.04	0.0002587172618575474
1572.0449999999998	0.0002567393879588342
1572.05	0.00025543455904669925
1572.055	0.000254769081948325
1572.06	0.00025480414414727937
1572.065	0.00025539833769049514
1572.07	0.00025647382288290576
1572.0749999999998	0.00025814734665543024
1572.08	0.00026010637880321294
1572.085	0.0002621881534745154
1572.09	0.00026415996066100797
1572.095	0.00026567786400897734
1572.1	0.00026639247689069036
1572.1049999999998	0.0002664944290913462
1572.11	0.0002659947860132389
1572.115	0.0002649314742286775
1572.1200000000001	0.000263341185292893
1572.125	0.0002615763048153606
1572.1299999999999	0.00025984435668943766
1572.135	0.000258238337793495
1572.14	0.0002568243911766669
1572.145	0.0002555538378031243
1572.15	0.0002545534405127246
1572.155	0.00025382262021310864
1572.1599999999999	0.0002532751354133767
1572.165	0.0002531021553888108
1572.17	0.00025335287999576726
1572.175	0.00025381123544394673
1572.18	0.0002547519082989141
1572.185	0.0002560079221276212
1572.1899999999998	0.0002576758101296981
1572.195	0.00025963349729021714
1572.2	0.00026154916113368514
1572.205	0.0002632635675028713
1572.21	0.00026429661251898726
1572.215	0.00026419878370178423
1572.22	0.00026287493548438426
1572.225	0.00026127180344526506
1572.23	0.0002594172430477657
1572.2350000000001	0.00025777358247300504
1572.24	0.00025676101805856657
1572.245	0.0002563749265690269
1572.25	0.000256616354271969
1572.2549999999999	0.00025780415432556734
1572.26	0.0002594261814158188
1572.265	0.0002611681247328958
1572.27	0.00026281191840528954
1572.2749999999999	0.0002642753495029328
1572.28	0.0002655065076731692
1572.285	0.0002662933874170572
1572.29	0.00026669978823897427
1572.295	0.0002668409162870083
1572.3	0.0002667512111682326
1572.3049999999998	0.00026660258977522064
1572.31	0.0002665586791003894
1572.315	0.0002665172832569268
1572.32	0.00026644704242984887
1572.325	0.00026641855441790816
1572.33	0.0002664117000244993
1572.335	0.0002665374536477123
1572.34	0.0002665940135577029
1572.345	0.0002664200660536474
1572.3500000000001	0.00026641670655555436
1572.355	0.0002663841984286111
1572.36	0.0002668053643295879
1572.365	0.0002675375835857249
1572.37	0.00026791112737356484
1572.375	0.0002685304600016587
1572.38	0.0002687787707806389
1572.385	0.0002686753752891195
1572.3899999999999	0.0002684716222874719
1572.395	0.00026803191584114994
1572.3999999999999	0.0002673455311336436
1572.405	0.0002666961795203133
1572.41	0.000266084831960555
1572.415	0.0002655867419521295
1572.4199999999998	0.00026531529445903427
1572.425	0.00026511837498245547
1572.43	0.0002652318567795362
1572.435	0.0002652820407963202
1572.44	0.0002654276400710616
1572.445	0.000265716053902666
1572.45	0.0002660232584755463
1572.455	0.0002664037295006183
1572.46	0.000266891147397265
1572.4650000000001	0.00026740017168428554
1572.47	0.0002677469850908003
1572.475	0.0002680577922864002
1572.48	0.000268215880401103
1572.485	0.00026825343604017964
1572.49	0.00026828051142184625
1572.4950000000001	0.0002682304511353603
1572.5	0.00026813265163691584
1572.5049999999999	0.00026798377246262133
1572.51	0.00026776790487942836
1572.5149999999999	0.0002674654243280978
1572.52	0.0002669773250996751
1572.525	0.00026653044713670663
1572.53	0.00026605366790921506
1572.5349999999999	0.000265438849110644
1572.54	0.0002648949462970513
1572.5449999999998	0.00026471556848029507
1572.55	0.0002648980697352192
1572.555	0.0002654145845896966
1572.56	0.00026647605203763996
1572.565	0.0002677406001559341
1572.57	0.00026919297175010586
1572.575	0.00027068120244466974
1572.5800000000002	0.00027191959632678344
1572.585	0.0002725967675596587
1572.59	0.00027266550865287585
1572.595	0.00027224338899740685
1572.6	0.000271438636212508
1572.605	0.00027029839130429477
1572.6100000000001	0.00026891305491826294
1572.615	0.00026747616694062257
1572.62	0.00026614697167498996
1572.625	0.00026512333076255583
1572.6299999999999	0.00026461026795878843
1572.635	0.0002645681659863681
1572.64	0.0002649074594407898
1572.645	0.0002653044637513581
1572.6499999999999	0.0002660299766483957
1572.655	0.0002667628286019599
1572.6599999999999	0.00026748865834637527
1572.665	0.00026826983788231997
1572.67	0.00026891395975780455
1572.675	0.0002693923403356975
1572.68	0.00026959889992451367
1572.685	0.0002693681684532443
1572.6899999999998	0.0002681191203349168
1572.6950000000002	0.0002657791706956252
1572.7	0.000261639012656417
1572.705	0.00025682130284118324
1572.71	0.00025264874107646735
1572.715	0.00024955199882783623
1572.7199999999998	0.00024809746906816145
1572.7250000000001	0.00024799825906115803
1572.73	0.0002488419266084583
1572.735	0.0002501878798367089
1572.74	0.00025129787670513356
1572.745	0.00025179816909775117
1572.75	0.0002514243841160559
1572.755	0.000250382322648934
1572.76	0.00024821858050293866
1572.7649999999999	0.0002453235664392002
1572.77	0.0002422573003449174
1572.7749999999999	0.00023928017502840288
1572.78	0.00023659754129508993
1572.785	0.00023442742216208429
1572.79	0.00023307950926675517
1572.795	0.00023244451288118799
1572.8	0.00023254636522338144
1572.8049999999998	0.0002332442624457194
1572.8100000000002	0.0002343897065195504
1572.815	0.00023600690936524337
1572.82	0.00023766971202142384
1572.825	0.0002392274311154905
1572.83	0.0002406814585217261
1572.8349999999998	0.00024207590269646363
1572.8400000000001	0.00024345311026703905
1572.845	0.00024479516995780165
1572.85	0.00024559814360317165
1572.855	0.0002459006276215177
1572.86	0.00024563595635287505
1572.8649999999998	0.00024481552062482776
1572.8700000000001	0.00024378215262245775
1572.875	0.000242409138201331
1572.8799999999999	0.00024047937799913456
1572.885	0.00023826026621465095
1572.8899999999999	0.000236732907255593
1572.895	0.0002360724505691356
1572.9	0.00023602835129641933
1572.905	0.00023675775825827172
1572.91	0.00023836240446167568
1572.915	0.00024021931782251533
1572.9199999999998	0.00024219515994900484
1572.925	0.0002441849806771396
1572.93	0.00024635023404590565
1572.935	0.0002482004136418686
1572.94	0.00024945144818325725
1572.945	0.00025007417994222896
1572.9499999999998	0.0002500164771531332
1572.9550000000002	0.0002494553664939681
1572.96	0.00024849421415676625
1572.965	0.00024728347432738124
1572.97	0.000245856646274457
1572.975	0.00024464620669943063
1572.9799999999998	0.00024356675531754532
1572.9850000000001	0.0002426050971680333
1572.99	0.00024180460012069224
1572.995	0.00024126391117204542
1573	0.00024104085292235444
1573.0049999999999	0.00024086480107285543
1573.0099999999998	0.0002409154032988262
1573.015	0.0002411973545853122
1573.02	0.0002415770848769185
1573.025	0.00024222307872888045
1573.03	0.00024305171249991588
1573.0349999999999	0.0002444531922369895
1573.04	0.00024664949591908107
1573.045	0.00024910623564502565
1573.05	0.0002512156612003705
1573.055	0.0002524712333239678
1573.06	0.0002525669581370307
1573.0649999999998	0.00025205727977395447
1573.07	0.0002512259508928037
1573.075	0.0002501067898387163
1573.08	0.00024891212214774266
1573.085	0.00024803011919286017
1573.09	0.0002476439076576039
1573.0949999999998	0.00024763395509164995
1573.1000000000001	0.0002479589389765734
1573.105	0.00024874599870593125
1573.11	0.0002501818194825989
1573.115	0.0002518754963385887
1573.12	0.00025338740795768157
1573.1249999999998	0.0002545209091755579
1573.13	0.0002553283105559253
1573.135	0.0002560943418521594
1573.14	0.00025616617705379995
1573.145	0.0002558718219189402
1573.1499999999999	0.00025525141060801776
1573.155	0.0002544808999348268
1573.16	0.00025387592084989463
1573.165	0.00025329228355990067
1573.17	0.00025278118472525304
1573.175	0.0002522829047739513
1573.1799999999998	0.00025172057670948424
1573.185	0.00025122749258883715
1573.19	0.00025081391961805224
1573.195	0.00025069373077712964
1573.2	0.0002508317872708046
1573.205	0.0002511040542500899
1573.2099999999998	0.00025146650243547424
1573.215	0.000251931706422213
1573.22	0.00025250914285188065
1573.225	0.0002531228968062353
1573.23	0.00025361127772113715
1573.235	0.0002535475182921719
1573.24	0.00025295587349006806
1573.245	0.0002520586714604428
1573.25	0.0002509078011307901
1573.255	0.000249402196406318
1573.26	0.00024796913607564013
1573.2649999999999	0.0002467040721142198
1573.27	0.00024575927641267537
1573.275	0.00024547439534217125
1573.28	0.0002454898628719762
1573.285	0.00024575521811169446
1573.29	0.0002463911368071624
1573.2949999999998	0.00024719549837443007
1573.3	0.0002479751488698245
1573.305	0.0002484613764321387
1573.31	0.0002487395667485546
1573.315	0.0002488933726592053
1573.32	0.00024895128340598853
1573.3249999999998	0.00024886446359331424
1573.33	0.0002486902185087912
1573.335	0.0002485736872141262
1573.3400000000001	0.0002484401821991177
1573.345	0.0002484233239426079
1573.35	0.0002484064656860991
1573.355	0.00024840579135343454
1573.36	0.0002485423926311149
1573.365	0.00024879010885793485
1573.3700000000001	0.0002490135258676219
1573.375	0.00024933527013663094
1573.3799999999999	0.0002499848858966097
1573.385	0.0002512224542469031
1573.3899999999999	0.00025261711013565614
1573.395	0.0002541012361188924
1573.4	0.0002555674879985327
1573.405	0.0002568002698892342
1573.4099999999999	0.0002577421933166204
1573.415	0.00025864782404960734
1573.42	0.0002592250860142479
1573.425	0.0002594578227246971
1573.43	0.0002594736951245903
1573.435	0.000259220145495233
1573.4399999999998	0.000258594208192942
1573.445	0.000257773183332032
1573.45	0.0002568494894991874
1573.4550000000002	0.0002558230753855989
1573.46	0.0002547324359900717
1573.465	0.00025382383865641084
1573.47	0.00025305198938711684
1573.475	0.00025235603980421734
1573.48	0.0002518189449953217
1573.4850000000001	0.0002515418863314697
1573.49	0.00025159955416326874
1573.495	0.000251716683386106
1573.5	0.00025188993176073843
1573.5049999999999	0.0002520175517100033
1573.51	0.00025195730361508585
1573.515	0.0002516823171924005
1573.52	0.000251183357482796
1573.5249999999999	0.0002505700880957313
1573.53	0.0002498268223959813
1573.5349999999999	0.0002488394719719048
1573.54	0.0002478138959266843
1573.545	0.00024600552032770506
1573.55	0.00024377097175361375
1573.5549999999998	0.00024135613383148845
1573.56	0.00023891337961277163
1573.565	0.00023579745272408293
1573.5700000000002	0.00023304854147741732
1573.575	0.00023103901717456848
1573.58	0.000230128569001075
1573.585	0.00023015434395407558
1573.59	0.0002310015293525437
1573.595	0.00023214482832123676
1573.6000000000001	0.0002334784680166642
1573.605	0.00023457062884298091
1573.61	0.00023497006926588915
1573.615	0.00023422656652523742
1573.62	0.00023269350066901077
1573.625	0.00023045094022249664
1573.63	0.00022783130670892029
1573.635	0.00022512647114623119
1573.6399999999999	0.0002227266318029036
1573.645	0.00022057214279668131
1573.6499999999999	0.00021917559226071134
1573.655	0.00021871898105480729
1573.66	0.00021882683147533133
1573.665	0.0002194952102003623
1573.6699999999998	0.00022044638365472776
1573.675	0.000221672060206954
1573.6799999999998	0.0002231326783324478
1573.6850000000002	0.00022431855568239603
1573.69	0.00022560681088801472
1573.695	0.0002263867935442671
1573.7	0.00022721453716675156
1573.705	0.00022766168204070827
1573.7099999999998	0.00022798198814922993
1573.7150000000001	0.0002278398288331202
1573.72	0.000227106188680526
1573.725	0.00022536846375890326
1573.73	0.00022222465800665088
1573.735	0.00021811145197337038
1573.74	0.00021473038986792004
1573.7450000000001	0.00021319064305146867
1573.75	0.000213048112833536
1573.7549999999999	0.00021417246461141097
1573.76	0.00021655772854116206
1573.7649999999999	0.00021912143276254877
1573.77	0.00022168454945223682
1573.775	0.0002236810876941799
1573.78	0.00022520143672090674
1573.7849999999999	0.00022571600854833656
1573.79	0.0002255467902390652
1573.7949999999998	0.00022491244455321728
1573.8000000000002	0.00022392648307267761
1573.805	0.00022283911546047567
1573.81	0.0002214595393014703
1573.815	0.00022026550480470436
1573.82	0.00021958243265390054
1573.8249999999998	0.00021954784595844848
1573.8300000000002	0.00021995145036854773
1573.835	0.00022053958179850595
1573.84	0.0002215053704299611
1573.845	0.00022275855149502647
1573.85	0.00022423381313519804
1573.8549999999998	0.00022599243556133846
1573.8600000000001	0.0002277205504308788
1573.865	0.0002293883138758328
1573.87	0.0002310576010636754
1573.875	0.0002326244946069408
1573.8799999999999	0.00023412413166114577
1573.885	0.00023582148076431217
1573.89	0.00023720620065737497
1573.895	0.0002383643757507216
1573.8999999999999	0.0002393649190980164
1573.905	0.00024022526719026145
1573.9099999999999	0.0002407121886177882
1573.915	0.0002408178846968559
1573.92	0.0002407734282314776
1573.925	0.00024078432441851627
1573.93	0.00024065788037407998
1573.935	0.00024054689035614004
1573.9399999999998	0.00024038017729905017
1573.9450000000002	0.00024046576043593434
1573.95	0.00024086789920457245
1573.955	0.00024133409976153823
1573.96	0.00024206216493648401
1573.965	0.00024289573048898373
1573.9699999999998	0.00024387057834910652
1573.9750000000001	0.0002448778435898522
1573.98	0.00024588327698986856
1573.985	0.0002467951571989839
1573.99	0.0002473333209514337
1573.995	0.00024741733214317
1573.9999999999998	0.00024719396364699026
1574.005	0.0002467494245350121
1574.01	0.0002461421009583104
1574.0149999999999	0.0002453650577311156
1574.02	0.00024436706313156915
1574.0249999999999	0.0002433568575370729
1574.03	0.0002423239384031985
1574.035	0.00024125363383239431
1574.04	0.0002400736410767299
1574.045	0.00023872165975093594
1574.05	0.00023760518903139235
1574.0549999999998	0.00023659878979809842
1574.06	0.0002356434596612404
1574.065	0.0002348354362480811
1574.07	0.00023459601216387622
1574.075	0.00023499940743162178
1574.08	0.00023616297478871358
1574.0849999999998	0.00023726421271889005
1574.0900000000001	0.00023747489859610098
1574.095	0.00023698047745796062
1574.1	0.00023562272222626306
1574.105	0.00023375051162045376
1574.11	0.00023156557900130023
1574.1149999999998	0.0002296601703780432
1574.1200000000001	0.00022811893785652353
1574.125	0.0002272560343730146
1574.1299999999999	0.0002270557166106801
1574.135	0.00022750257570828503
1574.1399999999999	0.0002283053902860121
1574.145	0.00022920336583392593
1574.15	0.0002300817239866018
1574.155	0.00023094751746792372
1574.16	0.00023157285105182722
1574.165	0.0002318965466494693
1574.1699999999998	0.000231902908711895
1574.175	0.00023160943784837577
1574.18	0.00023107055136233667
1574.185	0.0002304638911501797
1574.19	0.00022984402717356398
1574.195	0.00022928882751089782
1574.1999999999998	0.0002287223738229358
1574.205	0.0002282820905411672
1574.21	0.00022797533896115035
1574.215	0.00022780119850362234
1574.22	0.00022783004415493708
1574.225	0.00022813277829246298
1574.2299999999998	0.00022848357742272717
1574.2350000000001	0.00022898420914345
1574.24	0.00022958403851698297
1574.245	0.00023055143806039114
1574.25	0.00023182792348272675
1574.2549999999999	0.0002334087171713783
1574.26	0.0002351824810366869
1574.265	0.000236903830451009
1574.27	0.0002382334166077906
1574.275	0.00023935849711279093
1574.28	0.00023996785861611698
1574.2849999999999	0.00024008068140819676
1574.29	0.00023985369696013156
1574.295	0.00023929771743236747
1574.3	0.00023869487432467263
1574.305	0.0002381187055393284
1574.31	0.00023768506484497478
1574.3149999999998	0.00023744908480463376
1574.32	0.0002373710999693574
1574.325	0.0002374717607905329
1574.33	0.00023761517525350246
1574.335	0.00023778294400983723
1574.34	0.0002380337110108207
1574.3449999999998	0.00023831188787022106
1574.35	0.00023859969515631777
1574.355	0.00023844819278000216
1574.3600000000001	0.0002381383077851296
1574.365	0.00023758632261649146
1574.37	0.00023682256265252573
1574.375	0.00023594054464481758
1574.3799999999999	0.00023490391950704593
1574.385	0.00023338235793595965
1574.39	0.0002317129094997873
1574.395	0.00023004002315863691
1574.3999999999999	0.00022786913434586382
1574.405	0.00022487045029398993
1574.41	0.00022191906850355434
1574.415	0.00021881096003195118
1574.42	0.00021592047071144213
1574.425	0.00021442987251256472
1574.4299999999998	0.000214188661063405
1574.435	0.00021492425663021127
1574.44	0.00021597087598834329
1574.445	0.0002167638585375447
1574.45	0.00021736222776624258
1574.455	0.00021733584937054957
1574.46	0.00021660362266672718
1574.465	0.00021531901458952482
1574.47	0.00021351524607378643
1574.4750000000001	0.0002111790255247197
1574.48	0.00020859453257411102
1574.485	0.00020624292127736823
1574.49	0.0002044698877609859
1574.495	0.00020335034145066137
1574.5	0.0002028141171175018
1574.505	0.00020289072381858805
1574.51	0.00020359056738386346
1574.5149999999999	0.00020495822693174316
1574.52	0.00020633128741777494
1574.5249999999999	0.00020802586317397842
1574.53	0.0002099144306831836
1574.535	0.00021139507719797375
1574.54	0.00021276136310222112
1574.5449999999998	0.00021383667340742248
1574.55	0.00021463209114314433
1574.555	0.00021520192872846868
1574.56	0.0002153721630383547
1574.565	0.0002151362458071512
1574.57	0.0002142234695340908
1574.575	0.00021273650734188434
1574.58	0.00021084914536819262
1574.585	0.00020844369493297794
1574.5900000000001	0.00020575148809984828
1574.595	0.00020301765404060217
1574.6	0.00020092821455832874
1574.605	0.00019998661824564444
1574.61	0.0002003318818054014
1574.615	0.00020203233403385802
1574.6200000000001	0.00020411526900213303
1574.625	0.00020719955672045381
1574.6299999999999	0.0002103237742637188
1574.635	0.0002131475137015703
1574.6399999999999	0.00021498063691107938
1574.645	0.00021601936783048845
1574.65	0.00021614579235612472
1574.655	0.00021526885262171353
1574.6599999999999	0.00021359312162649887
1574.665	0.00021148650849150456
1574.6699999999998	0.00020934444421999727
1574.675	0.00020738495239721732
1574.68	0.0002058603630023713
1574.685	0.00020482200984547842
1574.69	0.00020421468174679344
1574.695	0.00020401421500641304
1574.7	0.00020434347123571102
1574.7050000000002	0.00020529497664875538
1574.71	0.0002062998461880117
1574.715	0.0002074803340291284
1574.72	0.0002086423685061306
1574.725	0.00020992995279731801
1574.73	0.0002113776118328372
1574.7350000000001	0.00021271447887884142
1574.74	0.00021420891814252703
1574.745	0.00021572064117575038
1574.75	0.00021719553523892634
1574.7549999999999	0.00021812363687450653
1574.76	0.0002182471753585994
1574.765	0.000217916494953563
1574.77	0.00021747113598925927
1574.7749999999999	0.00021730797017407733
1574.78	0.00021732084565256735
1574.7849999999999	0.00021770885752613408
1574.79	0.00021835088205162295
1574.795	0.00021925773123173382
1574.8	0.00022025358593458338
1574.805	0.00022108351764546903
1574.81	0.0002218048994122331
1574.8149999999998	0.00022244103773948345
1574.8200000000002	0.00022304200674891093
1574.825	0.0002235350908854081
1574.83	0.00022368663601477818
1574.835	0.0002236190914714888
1574.84	0.00022344302385044759
1574.8449999999998	0.00022325876664580207
1574.8500000000001	0.00022310271467868817
1574.855	0.0002228352111794833
1574.86	0.0002224903345283379
1574.865	0.00022209932621355524
1574.87	0.00022171432731174642
1574.875	0.0002213471700184952
1574.88	0.00022099664650455613
1574.885	0.00022067391785392964
1574.8899999999999	0.00022039317671339662
1574.895	0.00022018039537517124
1574.8999999999999	0.00021996471147802063
1574.905	0.00021978716570306115
1574.91	0.00021977304611538496
1574.915	0.00021977401900118612
1574.92	0.00021980217867431846
1574.925	0.0002200212183730961
1574.9299999999998	0.0002202928277371427
1574.9350000000002	0.00022050993238730763
1574.94	0.00022047358264274487
1574.945	0.00022018255181757135
1574.95	0.0002195207337756634
1574.955	0.00021835890966073623
1574.9599999999998	0.00021688923093209712
1574.9650000000001	0.00021539969043646708
1574.97	0.00021384858238096685
1574.975	0.00021253639673639248
1574.98	0.00021172643819603805
1574.985	0.00021152657336064227
1574.9899999999998	0.00021185471690891248
1574.9950000000001	0.00021237576105297989
1575	0.00021319956987076103
1575.0049999999999	0.0002143071472885024
1575.01	0.00021561580622208614
1575.0149999999999	0.00021673678185726218
1575.02	0.00021735700100314494
1575.025	0.0002176354405169067
1575.03	0.00021771542378701283
1575.035	0.00021760636142000443
1575.04	0.00021727750503935147
1575.0449999999998	0.00021682654603890963
1575.05	0.0002161751875147413
1575.055	0.00021563835796942804
1575.06	0.00021500559333223465
1575.065	0.00021429246418754505
1575.07	0.00021354928075999994
1575.0749999999998	0.0002129429509591897
1575.0800000000002	0.00021255299529842977
1575.085	0.00021215299872483207
1575.09	0.0002117453518446682
1575.095	0.00021176783560770477
1575.1	0.00021258662821827668
1575.1049999999998	0.00021471027829376163
1575.1100000000001	0.00021772228966953199
1575.115	0.00022042087364601022
1575.12	0.0002228435497545688
1575.125	0.0002240590524163046
1575.1299999999999	0.00022368546348410054
1575.1349999999998	0.00022232701323522002
1575.14	0.00022007973544597157
1575.145	0.0002176439160358185
1575.15	0.00021570238939719837
1575.155	0.00021408114633006091
1575.1599999999999	0.0002129811660362513
1575.165	0.0002125042828202725
1575.17	0.00021259250593320267
1575.175	0.00021310815209505982
1575.18	0.00021404510766909798
1575.185	0.00021514647430836235
1575.1899999999998	0.00021622606796678045
1575.195	0.00021706172396141155
1575.2	0.0002174989740544995
1575.205	0.00021748501331082752
1575.21	0.00021700726392267445
1575.215	0.00021628324078523022
1575.2199999999998	0.00021532601262954607
1575.2250000000001	0.00021409554965582279
1575.23	0.00021263965400803776
1575.235	0.00021108689613545228
1575.24	0.00020950702756044514
1575.245	0.00020786111555609664
1575.2499999999998	0.0002061850527895372
1575.255	0.00020468703833070374
1575.26	0.0002032838911373439
1575.265	0.0002021247808022342
1575.27	0.0002013304018500328
1575.2749999999999	0.0002008590023425639
1575.28	0.00020054931794293352
1575.285	0.00020035510258834525
1575.29	0.00020033930550743495
1575.295	0.00020028190922339204
1575.3	0.00020006171346233378
1575.3049999999998	0.00019960940328126025
1575.31	0.00019870312192695873
1575.315	0.00019720608125338963
1575.32	0.00019551003668047772
1575.325	0.00019375878405624081
1575.33	0.00019201486280779847
1575.3349999999998	0.0001902553069238145
1575.34	0.00018864283954282972
1575.345	0.00018725244787585614
1575.35	0.00018615561402103928
1575.355	0.00018541297207081832
1575.36	0.00018507510488365882
1575.3649999999998	0.0001852161610041194
1575.37	0.00018578618278735525
1575.375	0.00018650733449811183
1575.38	0.000187492324350778
1575.385	0.00018819453221722692
1575.3899999999999	0.00018934579548734066
1575.395	0.00019027819234616867
1575.4	0.00019126810827315395
1575.405	0.00019223296919241038
1575.41	0.00019325789771597432
1575.415	0.00019413488781049992
1575.4199999999998	0.0001948396554065948
1575.425	0.00019535898897035472
1575.43	0.0001954225477455567
1575.435	0.00019497074624077798
1575.44	0.00019354161841564515
1575.445	0.00019183327120463007
1575.4499999999998	0.00019010861773347966
1575.455	0.00018885786337737758
1575.46	0.00018852878548716078
1575.465	0.00018975647045455052
1575.47	0.0001916604659920652
1575.475	0.00019418411968359403
1575.48	0.0001970128269964935
1575.485	0.0001993534555990838
1575.49	0.0002010170025486631
1575.4950000000001	0.0002021110556787557
1575.5	0.00020229596549556608
1575.5049999999999	0.0002016002768397712
1575.51	0.00020032678424313177
1575.5149999999999	0.0001986483086712086
1575.52	0.000196695091066409
1575.525	0.00019470905491537698
1575.53	0.00019302508994979993
1575.5349999999999	0.0001919523334925305
1575.54	0.00019137299117266327
1575.545	0.00019119253889448337
1575.55	0.00019139877311461333
1575.555	0.0001919874265584562
1575.56	0.0001927206438045628
1575.5649999999998	0.0001935999512085855
1575.57	0.00019472720558137978
1575.575	0.00019557837713083827
1575.5800000000002	0.00019643987281345107
1575.585	0.00019712961027199303
1575.59	0.00019759239665910645
1575.595	0.00019782703814107933
1575.6	0.00019776892746906655
1575.605	0.00019743932625935562
1575.6100000000001	0.00019682509126170558
1575.615	0.00019598906525368102
1575.62	0.0001949575463224534
1575.625	0.0001939096741848744
1575.6299999999999	0.00019328875493168301
1575.635	0.00019308872842133966
1575.64	0.00019334544184777686
1575.645	0.00019407650676764575
1575.6499999999999	0.00019504093743370776
1575.655	0.00019610019919322896
1575.6599999999999	0.00019717236266013268
1575.665	0.0001983421054599692
1575.67	0.00019936125944180049
1575.675	0.0002002571114426896
1575.6799999999998	0.00020082409409334686
1575.685	0.00020117923021962383
1575.69	0.0002013849514941118
1575.6950000000002	0.00020150231242090463
1575.7	0.00020158685139593663
1575.705	0.00020160505348010751
1575.71	0.0002015062491701149
1575.715	0.0002013190554419684
1575.72	0.00020116560263134866
1575.7250000000001	0.00020089904728592159
1575.73	0.00020089214401934708
1575.735	0.00020092004591031976
1575.74	0.0002008912035178177
1575.745	0.00020079852104215004
1575.75	0.0002006337967988613
1575.755	0.00020045445302779464
1575.76	0.00020036078407964205
1575.7649999999999	0.00020035202331044233
1575.77	0.00020048729030931192
1575.7749999999999	0.00020072060957686911
1575.78	0.00020102294906319893
1575.785	0.0002013771197899679
1575.79	0.0002017421912080964
1575.7949999999998	0.00020198787032513565
1575.8	0.0002020640117938781
1575.8049999999998	0.00020180624997105957
1575.8100000000002	0.0002012538481538322
1575.815	0.000200604662111572
1575.82	0.0001998211786018667
1575.825	0.00019888854469470024
1575.83	0.00019831400389881573
1575.8349999999998	0.00019781957493614802
1575.8400000000001	0.00019762521950276464
1575.845	0.00019776118691147495
1575.85	0.0001982082722328176
1575.855	0.00019895607024972162
1575.86	0.00019990250511614968
1575.865	0.00020084712662278383
1575.8700000000001	0.00020202864348225453
1575.875	0.00020291157947223843
1575.8799999999999	0.00020350232621733322
1575.885	0.00020368919698732254
1575.8899999999999	0.0002034703880075663
1575.895	0.00020298690658800218
1575.9	0.0002020506179515616
1575.905	0.0002011038343156305
1575.9099999999999	0.00020004442073565833
1575.915	0.00019890403403326876
1575.9199999999998	0.00019789499953715517
1575.9250000000002	0.00019678001643521102
1575.93	0.00019606088150360155
1575.935	0.0001954892250884191
1575.94	0.00019508512720405806
1575.945	0.00019500325001343423
1575.9499999999998	0.00019551927854938487
1575.9550000000002	0.0001965400700394932
1575.96	0.0001980026684229415
1575.965	0.0002000587123238351
1575.97	0.00020233150733226817
1575.975	0.00020407861338705573
1575.9799999999998	0.00020474690307209568
1575.9850000000001	0.00020439896623513978
1575.99	0.00020295947411453876
1575.995	0.00020071126564035578
1576	0.0001982082224862384
1576.0049999999999	0.000195723172826571
1576.01	0.00019385525623154276
1576.015	0.00019269393830833944
1576.02	0.00019235506676771433
1576.0249999999999	0.00019284872870135357
1576.03	0.00019392692123705832
1576.0349999999999	0.00019528238749362304
1576.04	0.00019678384507143242
1576.045	0.00019811659626889266
1576.05	0.0001989629582025935
1576.055	0.00019933926570708932
1576.06	0.0001991939498649984
1576.0649999999998	0.0001985628391164875
1576.0700000000002	0.00019752091049626572
1576.075	0.00019618582647211794
1576.08	0.0001946256145170329
1576.085	0.00019284203485489797
1576.09	0.0001909713289542797
1576.0949999999998	0.0001890508200080021
1576.1000000000001	0.00018715320286469684
1576.105	0.0001851033299175202
1576.11	0.000182893497571
1576.115	0.0001808530020854154
1576.12	0.00017902056296031314
1576.1249999999998	0.00017761752151192116
1576.13	0.00017714049317874006
1576.135	0.00017739327735078527
1576.1399999999999	0.00017828649710196907
1576.145	0.00017955208825943237
1576.1499999999999	0.0001803633152350827
1576.155	0.00018077911094608337
1576.16	0.00018048377744234067
1576.165	0.00017988468922465998
1576.17	0.00017918530936475682
1576.175	0.00017847033408256233
1576.1799999999998	0.00017760262880171543
1576.185	0.00017691258845717892
1576.19	0.00017649730716232646
1576.195	0.0001763654452828071
1576.2	0.000176586970240935
1576.205	0.00017725945230450662
1576.2099999999998	0.0001782996995429491
1576.2150000000001	0.00017958622018310262
1576.22	0.00018096952568466963
1576.225	0.00018243578118945088
1576.23	0.0001839958838651625
1576.235	0.0001853644005428712
1576.2399999999998	0.00018680525068371512
1576.2450000000001	0.00018813019078825437
1576.25	0.00018928420223531417
1576.2549999999999	0.00019041531805850118
1576.26	0.00019128169918285114
1576.2649999999999	0.00019204461621652734
1576.27	0.00019260123978862804
1576.275	0.00019295935477771353
1576.28	0.0001932193153233739
1576.285	0.00019333153161717385
1576.29	0.00019327448948784634
1576.2949999999998	0.00019311188633226592
1576.3	0.00019270911008391532
1576.305	0.00019183608575697262
1576.31	0.00019068836472881743
1576.315	0.00018970997202340917
1576.32	0.00018892866510926822
1576.3249999999998	0.00018855949078524405
1576.33	0.00018862807807336964
1576.335	0.0001892445749725773
1576.34	0.00018994013118339185
1576.345	0.00019077554904431483
1576.35	0.0001914571101912178
1576.3549999999998	0.00019176176281425573
1576.3600000000001	0.00019156928137754105
1576.365	0.00019071383794955739
1576.37	0.00018931229410284092
1576.375	0.00018760979507133485
1576.3799999999999	0.00018572020707526536
1576.385	0.00018371316950294616
1576.39	0.00018173421297416393
1576.395	0.00018016628234052156
1576.4	0.00017920422915561687
1576.405	0.00017857770749157465
1576.4099999999999	0.00017810421323278568
1576.415	0.00017777458229296456
1576.42	0.0001776809518567313
1576.425	0.00017757143358152538
1576.43	0.00017766893141355313
1576.435	0.0001778860184526874
1576.4399999999998	0.00017822552326699395
1576.445	0.00017870047442034305
1576.45	0.00017914241756814163
1576.455	0.0001794394136667711
1576.46	0.00017963597950183615
1576.465	0.00017950914693888232
1576.4699999999998	0.00017903885998754333
1576.475	0.00017824654908478644
1576.48	0.00017791330599281372
1576.485	0.00017820858558110863
1576.49	0.00017887072741123235
1576.495	0.00017994081829167172
1576.5	0.00018128579392857972
1576.5049999999999	0.000182636863999434
1576.51	0.0001839712130535191
1576.515	0.0001851657715684201
1576.52	0.0001859952817569866
1576.5249999999999	0.00018638713315098965
1576.53	0.00018643749216403014
1576.535	0.00018619284324911014
1576.54	0.00018562145394820706
1576.545	0.00018466129631055782
1576.55	0.00018353925794073583
1576.5549999999998	0.0001823625248638108
1576.56	0.0001811979747751454
1576.565	0.00018018050484000262
1576.57	0.0001792970655338193
1576.575	0.00017857072534232688
1576.58	0.0001780260839838734
1576.5849999999998	0.00017770109121044544
1576.59	0.00017750988430916906
1576.595	0.00017740227453029434
1576.6000000000001	0.00017733711503875406
1576.605	0.0001772157638251677
1576.61	0.0001774038920064198
1576.615	0.00017749546084323535
1576.62	0.0001778228989436709
1576.625	0.00017813064425913232
1576.63	0.00017852017656155804
1576.635	0.00017903778514323504
1576.6399999999999	0.00017964251656832055
1576.645	0.00018048207308627576
1576.6499999999999	0.00018130522209807231
1576.655	0.00018187445726104446
1576.66	0.00018212522260574487
1576.665	0.00018219894263893377
1576.6699999999998	0.0001821334008484143
1576.675	0.00018178112570018984
1576.68	0.00018143928903380731
1576.685	0.000181484724901349
1576.69	0.00018173421679295985
1576.695	0.00018207184399492737
1576.7	0.0001825873119933282
1576.705	0.00018331178998453896
1576.71	0.00018417260077853933
1576.7150000000001	0.00018491335218613492
1576.72	0.000185191812596972
1576.725	0.00018506638529957375
1576.73	0.00018457249437771062
1576.735	0.0001838041992549386
1576.74	0.00018275587371561618
1576.7450000000001	0.00018141623670657716
1576.75	0.00017986931707522812
1576.7549999999999	0.00017823176300752863
1576.76	0.0001765425128798544
1576.7649999999999	0.00017503130971243723
1576.77	0.00017365009481520174
1576.775	0.00017241513459840502
1576.78	0.00017126757045011386
1576.7849999999999	0.00017008700013598917
1576.79	0.00016915062337012325
1576.7949999999998	0.00016832215648703537
1576.8	0.00016791672717177174
1576.805	0.00016822115858588214
1576.81	0.00016912827940680856
1576.815	0.0001707927689989121
1576.82	0.00017338283149592702
1576.825	0.00017525304029989924
1576.8300000000002	0.00017617608894513425
1576.835	0.00017643657961667603
1576.84	0.0001760759143995929
1576.845	0.0001752872706608294
1576.85	0.00017431599459320388
1576.855	0.0001734458806378774
1576.8600000000001	0.00017285791633805242
1576.865	0.0001726950338326554
1576.87	0.00017291050163959713
1576.875	0.00017346246926815243
1576.8799999999999	0.00017438549009441055
1576.885	0.00017580230271148223
1576.89	0.00017717623623272072
1576.895	0.00017840076902413796
1576.8999999999999	0.00017939006050651291
1576.905	0.00018006007345791952
1576.9099999999999	0.00018036277676549388
1576.915	0.000180152743843002
1576.92	0.00017945139244730028
1576.925	0.00017832304485691834
1576.93	0.00017689025866389515
1576.935	0.0001754149023507792
1576.9399999999998	0.00017376561225739535
1576.9450000000002	0.00017201947075455094
1576.95	0.0001702992200912865
1576.955	0.00016872039118584728
1576.96	0.00016732590216783158
1576.965	0.0001659030733015541
1576.9699999999998	0.0001649455827117899
1576.9750000000001	0.00016447323614858644
1576.98	0.0001644304033816776
1576.985	0.00016494463962395668
1576.99	0.00016611197478015724
1576.995	0.00016817647668249276
1577	0.00017046439424056606
1577.005	0.00017271210494254827
1577.01	0.00017454913611381466
1577.0149999999999	0.00017560291605222395
1577.02	0.00017613797502165826
1577.0249999999999	0.00017618211895293262
1577.03	0.00017585177676122767
1577.035	0.00017551677655161207
1577.04	0.00017526576996138696
1577.045	0.0001751988362362006
1577.05	0.00017545339919423843
1577.0549999999998	0.00017598241638708061
1577.0600000000002	0.00017693886016268494
1577.065	0.00017826288419924756
1577.07	0.0001799467715483533
1577.075	0.00018160703394030152
1577.08	0.00018316591621758195
1577.0849999999998	0.0001846237147364811
1577.0900000000001	0.000185781164531509
1577.095	0.00018698079865210146
1577.1	0.00018788838484769474
1577.105	0.0001885937540666193
1577.11	0.00018909846835381974
1577.1149999999998	0.00018936349880456057
1577.1200000000001	0.00018945595364527613
1577.125	0.000189405382386306
1577.1299999999999	0.0001891490569131829
1577.135	0.00018877556377098806
1577.1399999999999	0.0001880443872842681
1577.145	0.00018688919972457182
1577.15	0.00018541226272973665
1577.155	0.00018363697914577722
1577.16	0.0001818662513905327
1577.165	0.0001801243909475654
1577.1699999999998	0.00017897697487167028
1577.175	0.00017821433953449234
1577.18	0.0001777732454359228
1577.185	0.00017732209765985044
1577.19	0.00017698277614606678
1577.195	0.00017654491944872695
1577.1999999999998	0.0001760876616114471
1577.2050000000002	0.00017526964088921388
1577.21	0.00017423590196735832
1577.215	0.0001730202848289239
1577.22	0.00017165068938212677
1577.225	0.00017025883447397617
1577.2299999999998	0.00016875511348601578
1577.2350000000001	0.0001673721223842822
1577.24	0.00016617836651517016
1577.245	0.00016522997894861296
1577.25	0.0001645736648344696
1577.2549999999999	0.00016409757899895006
1577.2599999999998	0.00016377528931853458
1577.265	0.00016363987708063968
1577.27	0.00016374822270402015
1577.275	0.0001638185586495213
1577.28	0.00016393555309432206
1577.2849999999999	0.00016400913216407773
1577.29	0.0001639987599166539
1577.295	0.0001640852499289367
1577.3	0.00016411912023996805
1577.305	0.00016436097606464098
1577.31	0.0001645747785368341
1577.3149999999998	0.000164663789319916
1577.32	0.00016475279988463178
1577.325	0.000164907228435979
1577.33	0.00016509939808361876
1577.335	0.00016557709521516727
1577.34	0.00016628843810408055
1577.3449999999998	0.00016692291789091574
1577.3500000000001	0.0001676198345865617
1577.355	0.00016859294248629586
1577.36	0.00016964395746789037
1577.365	0.00017061632681907002
1577.37	0.0001716280237977465
1577.3749999999998	0.00017260622375304168
1577.38	0.00017353985677083362
1577.385	0.00017415691688752182
1577.39	0.0001742767219121577
1577.395	0.00017368870157666907
1577.3999999999999	0.0001726420986083415
1577.405	0.00017120816480539077
1577.41	0.0001694617625543508
1577.415	0.000167503348244251
1577.42	0.00016551865997998903
1577.425	0.00016377512089799302
1577.4299999999998	0.00016248629190325934
1577.435	0.00016163960020408385
1577.44	0.0001609764556630631
1577.445	0.00016048152994146598
1577.45	0.00016024634611140376
1577.455	0.0001602099657933369
1577.4599999999998	0.00016039811687548102
1577.465	0.00016102000869411842
1577.47	0.00016182868868925773
1577.475	0.00016280249471695564
1577.48	0.00016419942066715472
1577.485	0.00016593118420402857
1577.4899999999998	0.00016776100935172978
1577.4950000000001	0.0001693740594508523
1577.5	0.00017029012078217834
1577.505	0.00017026777653605412
1577.51	0.00016923724079927966
1577.5149999999999	0.00016769088712088003
1577.52	0.0001661786648628324
1577.525	0.00016543344954306538
1577.53	0.00016533075798405054
1577.535	0.0001653737504883492
1577.54	0.00016577339977741929
1577.5449999999998	0.00016661246136785398
1577.55	0.00016772067676651165
1577.555	0.00016878420122752754
1577.56	0.00016947020721852512
1577.565	0.00016961424312067486
1577.57	0.0001693349600351286
1577.5749999999998	0.000168631438210859
1577.58	0.00016777292624647295
1577.585	0.0001667230610218478
1577.59	0.0001654478804261976
1577.595	0.00016393542152003685
1577.6	0.00016253059716082302
1577.6049999999998	0.00016127625730617454
1577.61	0.00016019277987181844
1577.615	0.00015928532243820114
1577.6200000000001	0.0001584907710216144
1577.625	0.00015780661405246892
1577.6299999999999	0.00015733675721400227
1577.635	0.00015714767413321768
1577.6399999999999	0.00015703233846961975
1577.645	0.00015707164128640373
1577.65	0.00015716789100652095
1577.655	0.0001573885629412901
1577.6599999999999	0.00015778881011246457
1577.665	0.0001585659821803823
1577.67	0.00015964143659570715
1577.675	0.00016064446763730842
1577.68	0.0001616388943509195
1577.685	0.00016251028124550387
1577.6899999999998	0.00016318949919250656
1577.695	0.0001636075644436123
1577.7	0.00016388958707146885
1577.705	0.00016391341342585354
1577.71	0.00016379822695404211
1577.715	0.00016367156653356127
1577.72	0.0001636073658622372
1577.725	0.00016352553678669282
1577.73	0.00016355336515851487
1577.7350000000001	0.00016383617672977607
1577.74	0.00016432520342453662
1577.745	0.00016485401894141807
1577.75	0.00016528131700550863
1577.7549999999999	0.00016558233680331454
1577.76	0.00016573939576569537
1577.765	0.0001657457120190679
1577.77	0.0001653066781836774
1577.7749999999999	0.0001645641047257313
1577.78	0.00016358682765889914
1577.7849999999999	0.00016250769413812545
1577.79	0.00016136736858531777
1577.795	0.00016016349544803948
1577.8	0.0001589212016504076
1577.8049999999998	0.0001574504022590203
1577.81	0.00015604447513006887
1577.815	0.00015494046982810977
1577.82	0.00015380471251418451
1577.825	0.00015279987516927026
1577.83	0.00015236992184691794
1577.835	0.00015244307442072898
1577.84	0.00015350243130384192
1577.845	0.00015592691618667183
1577.8500000000001	0.00015894203994614486
1577.855	0.00016231158736928523
1577.86	0.00016534514677484576
1577.865	0.00016781301235188316
1577.87	0.00016924893116562436
1577.875	0.00016974569130006681
1577.88	0.00016936440495939759
1577.885	0.0001685328269890554
1577.8899999999999	0.00016750916488418677
1577.895	0.00016657248818038284
1577.8999999999999	0.0001659421614470203
1577.905	0.00016575159627742452
1577.91	0.00016606873414607202
1577.915	0.0001669567597894944
1577.9199999999998	0.0001681260133600786
1577.925	0.0001695470303623458
1577.9299999999998	0.00017116411222607144
1577.9350000000002	0.0001728415674633064
1577.94	0.00017420909059168664
1577.945	0.00017529007865631064
1577.95	0.000176011609662278
1577.955	0.00017629954436633642
1577.96	0.000176285583622664
1577.9650000000001	0.00017599482233631884
1577.97	0.0001754619680628226
1577.975	0.00017471360376760178
1577.98	0.00017376223710332154
1577.985	0.00017265335423953992
1577.99	0.0001714074451510736
1577.9950000000001	0.00017008010461253142
1578	0.00016869465405262098
1578.0049999999999	0.00016722261177760497
1578.01	0.00016576951241376896
1578.0149999999999	0.00016448955775763552
1578.02	0.0001634129284165125
1578.025	0.00016261545432236243
1578.03	0.0001620535638064402
1578.0349999999999	0.00016203036108380014
1578.04	0.00016195130724650216
1578.0449999999998	0.00016185204669144816
1578.0500000000002	0.0001615516117422511
1578.055	0.000161102669855964
1578.06	0.00016029832491784677
1578.065	0.00015916478412812658
1578.07	0.0001580363024773379
1578.0749999999998	0.00015698217930612798
1578.0800000000002	0.0001560000060697647
1578.085	0.00015512813128190192
1578.09	0.00015459123558146572
1578.095	0.0001545211608789506
1578.1	0.0001547376730967801
1578.1049999999998	0.0001551631202698126
1578.1100000000001	0.00015581447879398108
1578.115	0.0001566221643220432
1578.12	0.00015763041173321365
1578.125	0.00015872686812458186
1578.1299999999999	0.00015980746557231476
1578.135	0.00016082485557238505
1578.14	0.00016174937889006566
1578.145	0.0001628753355753128
1578.1499999999999	0.00016383574745808602
1578.155	0.00016479615483101976
1578.1599999999999	0.00016573089626015884
1578.165	0.00016672817570191674
1578.17	0.00016743661292574182
1578.175	0.00016782309610029073
1578.18	0.0001676178927799614
1578.185	0.00016666716334440444
1578.1899999999998	0.0001650037652800342
1578.1950000000002	0.00016302864567970153
1578.2	0.0001608551541435773
1578.205	0.0001588958288066943
1578.21	0.00015760088708610152
1578.215	0.0001567271854220675
1578.2199999999998	0.00015613196194118835
1578.2250000000001	0.0001560858263707409
1578.23	0.0001562989116960837
1578.235	0.00015658035404113134
1578.24	0.0001568453688496953
1578.245	0.0001569424057379365
1578.2499999999998	0.000156668127512553
1578.255	0.00015602416077453002
1578.26	0.00015517048597506552
1578.2649999999999	0.00015415955726746862
1578.27	0.00015315014392878836
1578.2749999999999	0.0001521902822975768
1578.28	0.00015132340842961462
1578.285	0.00015061122860339333
1578.29	0.0001502196860316781
1578.295	0.00015009648632258174
1578.3	0.00015022700078209423
1578.3049999999998	0.00015057116002468912
1578.31	0.0001510251104849741
1578.315	0.00015167880927533967
1578.32	0.0001523554110297763
1578.325	0.00015317122897051072
1578.33	0.00015416545701948551
1578.3349999999998	0.00015510234885385773
1578.3400000000001	0.00015606758305885084
1578.345	0.0001570205412699211
1578.35	0.00015773883739782747
1578.355	0.0001580156650414955
1578.36	0.00015777355091960464
1578.3649999999998	0.00015712829128799452
1578.3700000000001	0.00015593963926320806
1578.375	0.000154683681107702
1578.3799999999999	0.00015347556290224362
1578.385	0.00015246548616595584
1578.3899999999999	0.00015165523732994844
1578.395	0.0001514549367348758
1578.4	0.00015179798588975136
1578.405	0.00015277841587587273
1578.41	0.00015403221344856746
1578.415	0.00015548837816793315
1578.4199999999998	0.00015668596727485962
1578.425	0.00015747312802437375
1578.43	0.00015776186329517647
1578.435	0.00015752777638264974
1578.44	0.00015685750477301404
1578.445	0.00015587215670685177
1578.4499999999998	0.00015481691436266051
1578.455	0.00015384629258645554
1578.46	0.0001530403201406967
1578.465	0.00015245838967717183
1578.47	0.00015213602859195452
1578.475	0.00015199681938563646
1578.4799999999998	0.00015209089624110045
1578.4850000000001	0.00015238369097412782
1578.49	0.0001531223865081614
1578.495	0.00015414826788415003
1578.5	0.0001553694399219173
1578.5049999999999	0.00015720712678791136
1578.51	0.00015924632130241698
1578.515	0.0001615529571044031
1578.52	0.0001640691875644608
1578.525	0.00016614141576238152
1578.53	0.0001670925162294573
1578.5349999999999	0.0001672159373531113
1578.54	0.00016667203951333163
1578.545	0.00016540406920186444
1578.55	0.00016391937594247818
1578.555	0.0001623120764105426
1578.56	0.00016068495020821658
1578.5649999999998	0.000159123761022279
1578.57	0.0001578219322195297
1578.575	0.00015689493700554353
1578.58	0.00015628289946450463
1578.585	0.0001559408139815858
1578.59	0.00015590192547591193
1578.5949999999998	0.0001560028265784366
1578.6	0.00015624643969678595
1578.605	0.00015658607078250847
1578.61	0.00015693047496820675
1578.615	0.0001571672278326203
1578.62	0.00015712532286423736
1578.625	0.00015693552159527346
1578.6299999999999	0.0001566385371781948
1578.635	0.0001563045130283873
1578.64	0.00015602389641411729
1578.645	0.000155677936364986
1578.6499999999999	0.00015526451411995872
1578.655	0.00015474120488919064
1578.66	0.00015418738378223878
1578.665	0.00015376206690529678
1578.67	0.00015359793907643288
1578.675	0.00015350044124440502
1578.6799999999998	0.0001534926414024085
1578.685	0.00015353512420080483
1578.69	0.00015384058151627123
1578.695	0.00015451504915183544
1578.7	0.00015558156927256863
1578.705	0.00015695067593580502
1578.7099999999998	0.00015856385887936487
1578.715	0.00016011639024873016
1578.72	0.00016186553595218316
1578.725	0.00016341294953281987
1578.73	0.00016480316655664937
1578.735	0.00016541964529073766
1578.74	0.00016530838797822122
1578.745	0.00016451105823212726
1578.75	0.00016321860056876924
1578.755	0.00016143990274350512
1578.76	0.00015942053129729459
1578.7649999999999	0.00015775955640678118
1578.77	0.00015651914558390882
1578.7749999999999	0.00015575864044068275
1578.78	0.00015553415865565503
1578.785	0.00015583099166479504
1578.79	0.00015654915466686923
1578.7949999999998	0.00015750672262202834
1578.8	0.00015843618671424053
1578.805	0.00015934928735452785
1578.81	0.00016009199708019384
1578.815	0.00016066951444330903
1578.82	0.0001610839206108463
1578.8249999999998	0.00016123225213959816
1578.83	0.00016116330940112546
1578.835	0.00016064383565705094
1578.8400000000001	0.00015990061626458907
1578.845	0.0001585805662666048
1578.85	0.00015639456035194927
1578.855	0.0001538651086945153
1578.86	0.00015100862396116
1578.865	0.00014816869695901378
1578.8700000000001	0.00014609568523982997
1578.875	0.00014536717992400742
1578.8799999999999	0.00014578875551059475
1578.885	0.0001468250575604523
1578.8899999999999	0.0001482140824999301
1578.895	0.0001495347192122136
1578.9	0.00015071614556563448
1578.905	0.00015122043781503103
1578.9099999999999	0.00015121250026171694
1578.915	0.00015084886840468302
1578.9199999999998	0.0001502648504666435
1578.925	0.0001498168858817618
1578.93	0.0001494498138201307
1578.935	0.00014944969265780377
1578.9399999999998	0.00014971295599181038
1578.945	0.00015028251295832657
1578.95	0.00015115593611987106
1578.9550000000002	0.00015223205732099192
1578.96	0.00015331019255145387
1578.965	0.00015424931820895356
1578.97	0.00015521624076698644
1578.975	0.0001561293971422886
1578.98	0.0001569495994260074
1578.9850000000001	0.0001577135984463108
1578.99	0.00015809616507371513
1578.995	0.00015836706825951777
1579	0.00015848721176930857
1579.0049999999999	0.00015846769061848745
1579.01	0.00015827372012455735
1579.015	0.00015770703678914265
1579.02	0.00015688912185051032
1579.0249999999999	0.00015569754912549158
1579.03	0.00015419212314528248
1579.0349999999999	0.00015236655631808467
1579.04	0.0001503034427061231
1579.045	0.00014818648541925993
1579.05	0.00014619476475151915
1579.055	0.0001445383936393561
1579.06	0.00014331692634485333
1579.0649999999998	0.00014264791205075356
1579.0700000000002	0.00014237990770689713
1579.075	0.00014256048084735764
1579.08	0.00014309770420112614
1579.085	0.000143774538209354
1579.09	0.00014438581498610055
1579.0949999999998	0.00014486476446220591
1579.1000000000001	0.0001452157739092429
1579.105	0.0001453607911980977
1579.11	0.000145234313140737
1579.115	0.00014481638218299245
1579.12	0.0001442154944710586
1579.125	0.00014359483219439668
1579.13	0.0001430259310801804
1579.135	0.00014251744200099913
1579.1399999999999	0.00014212820885571123
1579.145	0.00014191298883769446
1579.1499999999999	0.00014180063529723643
1579.155	0.00014173959886820486
1579.16	0.0001417207872749845
1579.165	0.00014178243219863107
1579.17	0.00014191947409506234
1579.175	0.00014212555716599425
1579.1799999999998	0.00014249705098452812
1579.1850000000002	0.0001428803399885443
1579.19	0.00014346732119754652
1579.195	0.00014420938577913887
1579.2	0.0001448739605538144
1579.205	0.00014562024225786915
1579.2099999999998	0.00014617148547229117
1579.2150000000001	0.00014625350014169086
1579.22	0.00014563592791546977
1579.225	0.00014454304136161968
1579.23	0.00014305141380833208
1579.235	0.0001416746674590145
1579.2399999999998	0.00014041526102976057
1579.2450000000001	0.0001396265580549352
1579.25	0.00013935469094656386
1579.2549999999999	0.0001395005520824474
1579.26	0.00014014564897670847
1579.2649999999999	0.00014127921557083173
1579.27	0.0001426575501462037
1579.275	0.00014397897495742318
1579.28	0.00014506089278487242
1579.285	0.0001458173675355966
1579.29	0.0001461748353331664
1579.2949999999998	0.0001460243447188327
1579.3	0.000145580973456483
1579.305	0.00014494207180616058
1579.31	0.00014417225078001804
1579.315	0.0001434042052417403
1579.32	0.00014285460489564959
1579.3249999999998	0.00014249362851552065
1579.3300000000002	0.00014235517922511675
1579.335	0.00014249702575117452
1579.34	0.00014288913930816238
1579.345	0.00014346739878966255
1579.35	0.00014430388410584268
1579.3549999999998	0.00014541176847878565
1579.3600000000001	0.00014664868020443757
1579.365	0.00014798967844935844
1579.37	0.00014962136531688878
1579.375	0.00015147606777854428
1579.3799999999999	0.0001531826688404693
1579.3849999999998	0.00015443374404768627
1579.39	0.00015514422549073312
1579.395	0.00015530509708205082
1579.4	0.00015463746418031222
1579.405	0.0001533172227205307
1579.4099999999999	0.0001514512984084463
1579.415	0.00014931333711037467
1579.42	0.00014722358669726766
1579.425	0.00014535978000434902
1579.43	0.00014384977068437337
1579.435	0.0001427029512101173
1579.4399999999998	0.000142060305818029
1579.445	0.00014181224255660181
1579.45	0.0001417834255569674
1579.455	0.00014193288865212204
1579.46	0.00014193665755333915
1579.465	0.00014184149531553243
1579.4699999999998	0.0001414355224974228
1579.4750000000001	0.0001408017998182559
1579.48	0.00013986018701021266
1579.485	0.0001389074009616808
1579.49	0.00013791068850249003
1579.495	0.00013691154018607586
1579.4999999999998	0.00013596315528983312
1579.505	0.0001350651163958845
1579.51	0.00013412054821354408
1579.515	0.00013338796144108186
1579.52	0.0001327154215965535
1579.5249999999999	0.00013208891188204084
1579.53	0.0001314552132668797
1579.535	0.00013101063381642763
1579.54	0.00013080058931825935
1579.545	0.0001309809248562058
1579.55	0.00013172429369112787
1579.5549999999998	0.00013265858458113287
1579.56	0.00013371083120169901
1579.565	0.0001348726561437917
1579.57	0.00013566671981487055
1579.575	0.000135951981367711
1579.58	0.0001358400005868416
1579.5849999999998	0.00013530720038824504
1579.59	0.00013439994520374405
1579.595	0.00013322305523273095
1579.6	0.0001320314065536289
1579.605	0.00013078209655873003
1579.61	0.00012972489856500995
1579.6149999999998	0.0001289748826972293
1579.6200000000001	0.00012855836850332266
1579.625	0.00012849413537251503
1579.63	0.00012881532342644527
1579.635	0.0001293599379038001
1579.6399999999999	0.00013011289396821677
1579.645	0.00013097681694395485
1579.65	0.0001317351260658352
1579.655	0.00013257818318630207
1579.66	0.00013318316233773073
1579.665	0.0001335071596064143
1579.6699999999998	0.00013356052386867678
1579.675	0.00013343459466510596
1579.68	0.00013319369620698042
1579.685	0.00013283036541016652
1579.69	0.00013232163045379596
1579.695	0.00013163023482130613
1579.6999999999998	0.00013074147393866666
1579.705	0.0001297904944293871
1579.71	0.00012894314525321575
1579.715	0.0001282884901683849
1579.72	0.0001279326144367436
1579.725	0.0001277568002725352
1579.7299999999998	0.00012794962883805707
1579.735	0.00012884603400550984
1579.74	0.00013028509696102501
1579.7450000000001	0.00013224620891479162
1579.75	0.00013412798242113497
1579.7549999999999	0.00013622635775423087
1579.76	0.00013833837974183314
1579.7649999999999	0.00014023798420992813
1579.77	0.00014171947796184307
1579.775	0.00014278740713014718
1579.78	0.00014340368714231403
1579.7849999999999	0.0001434710478315065
1579.79	0.00014309770684881032
1579.795	0.00014238369124754577
1579.8	0.00014160177445513553
1579.805	0.00014096664714754353
1579.81	0.00014047566940733974
1579.8149999999998	0.0001401463928208625
1579.82	0.00014000882882752894
1579.825	0.00014019653733540413
1579.83	0.00014048914955876586
1579.835	0.00014073277141219898
1579.84	0.00014097067416095514
1579.8449999999998	0.00014115558384238623
1579.85	0.0001413950801419823
1579.855	0.00014166314236161982
1579.8600000000001	0.00014166584961609142
1579.865	0.0001417330466066274
1579.87	0.00014145377070553418
1579.875	0.00014091082352308458
1579.8799999999999	0.00013992077718741133
1579.885	0.00013840661294491183
1579.89	0.00013631477250119554
1579.895	0.0001339643629014608
1579.8999999999999	0.00013173712332661004
1579.905	0.00012972624007271001
1579.9099999999999	0.00012826155965261975
1579.915	0.00012743173296459202
1579.92	0.00012689510963471813
1579.925	0.000126691051273107
1579.9299999999998	0.0001266731006120332
1579.935	0.00012680139658939078
1579.94	0.00012676093459091506
1579.945	0.0001266363227959608
1579.95	0.00012618945773250516
1579.955	0.0001256445840816839
1579.96	0.0001249832308453213
1579.965	0.0001242522031144314
1579.97	0.00012347738311682
1579.9750000000001	0.0001226955926747351
1579.98	0.0001220613286728559
1579.985	0.0001215438367283942
1579.99	0.00012108689155721222
1579.995	0.0001207210472290367
1580	0.00012047311237812076
1580.005	0.00012034337735969207
1580.01	0.00012044398668003719
1580.0149999999999	0.00012062993784299009
1580.02	0.0001209179957491503
1580.0249999999999	0.00012126952419554798
1580.03	0.00012156926230107837
1580.035	0.00012189272899183079
1580.04	0.00012222992210369972
1580.0449999999998	0.00012274941675324374
1580.05	0.00012333452298665692
1580.0549999999998	0.00012380672288814066
1580.06	0.00012414365445291412
1580.065	0.00012439483007930705
1580.07	0.00012463170201600307
1580.075	0.00012467141747553147
1580.08	0.00012454124260365666
1580.085	0.0001244403447781145
1580.0900000000001	0.0001244369866396123
1580.095	0.00012452441673862285
1580.1	0.00012477631093362203
1580.105	0.00012520172363161697
1580.11	0.00012586808110375987
1580.115	0.00012666593217334557
1580.1200000000001	0.0001276060843783432
1580.125	0.00012869154207685284
1580.1299999999999	0.0001298542229136479
1580.135	0.00013099470120582054
1580.1399999999999	0.0001319360743427922
1580.145	0.00013270212873730484
1580.15	0.00013345860697111493
1580.155	0.00013398525637456083
1580.1599999999999	0.00013426231968752305
1580.165	0.00013426321063378033
1580.1699999999998	0.00013401016367941052
1580.1750000000002	0.00013368490601869102
1580.18	0.00013335205789980932
1580.185	0.0001329769282500848
1580.19	0.00013258918016125496
1580.195	0.00013218494362191325
1580.1999999999998	0.00013179666718932755
1580.2050000000002	0.00013133889530227773
1580.21	0.00013082831799329485
1580.215	0.00013048691912627801
1580.22	0.00013035051659457644
1580.225	0.00013055413889480344
1580.2299999999998	0.00013098720802472708
1580.2350000000001	0.00013166520723661534
1580.24	0.00013244068326168898
1580.245	0.00013318774577307684
1580.25	0.0001332297362206339
1580.2549999999999	0.0001323956144614389
1580.26	0.0001310427253856078
1580.265	0.0001294007736959325
1580.27	0.00012784284166047455
1580.2749999999999	0.00012636413841420416
1580.28	0.0001249829367658288
1580.2849999999999	0.00012410576609726828
1580.2900000000002	0.00012390344794770285
1580.295	0.0001242140320156246
1580.3	0.00012500573897501532
1580.305	0.0001261402314063284
1580.31	0.00012750596756565995
1580.3149999999998	0.00012906494479252573
1580.3200000000002	0.00013020370257161353
1580.325	0.00013096793495536197
1580.33	0.00013121173547468726
1580.335	0.0001310216110612588
1580.34	0.00013053677489016272
1580.3449999999998	0.0001298132906222619
1580.3500000000001	0.00012874047315382948
1580.355	0.00012758976497900763
1580.36	0.00012634198258923773
1580.365	0.00012501429636012457
1580.37	0.00012387024791214022
1580.3749999999998	0.00012275310257718478
1580.38	0.0001217939481367559
1580.385	0.00012087678073045147
1580.3899999999999	0.00011994966535366049
1580.395	0.00011932548894836898
1580.3999999999999	0.00011893935749294755
1580.405	0.0001188645222864076
1580.41	0.00011897668552764551
1580.415	0.00011913309060391382
1580.42	0.00011915721079641789
1580.425	0.00011911850053552341
1580.4299999999998	0.00011878254477804628
1580.435	0.00011831130916152352
1580.44	0.00011762537553951142
1580.445	0.0001168671864842465
1580.45	0.0001161648871012748
1580.455	0.00011553779657685185
1580.4599999999998	0.00011495118353307714
1580.4650000000001	0.00011456040036657617
1580.47	0.00011443703260738399
1580.475	0.000114511275896695
1580.48	0.00011474865028510795
1580.485	0.00011516752356525374
1580.4899999999998	0.00011576074993130236
1580.4950000000001	0.0001164912605997543
1580.5	0.0001172203295256216
1580.5049999999999	0.00011781247559841706
1580.51	0.00011853372723538832
1580.5149999999999	0.00011904863268506463
1580.52	0.00011969308453200922
1580.525	0.00012019258925465362
1580.53	0.00012071370339648356
1580.535	0.00012118187882669102
1580.54	0.0001216821303715612
1580.5449999999998	0.00012220435520015222
1580.55	0.00012267267257944008
1580.555	0.0001231437582000511
1580.56	0.00012345204592030897
1580.565	0.00012343049545445996
1580.57	0.00012319805063587316
1580.5749999999998	0.00012291087708570978
1580.58	0.00012249556893229277
1580.585	0.00012214984603663541
1580.59	0.00012205580266197436
1580.595	0.00012215535882461055
1580.6	0.0001225520156188419
1580.6049999999998	0.00012313590913669178
1580.6100000000001	0.00012365893468155748
1580.615	0.0001241230211977096
1580.62	0.00012440830885719072
1580.625	0.0001244390457266493
1580.6299999999999	0.00012413569016220177
1580.635	0.0001234611859547783
1580.64	0.00012240812669352566
1580.645	0.00012111223013606465
1580.65	0.00011980173995037422
1580.655	0.00011877269359628257
1580.6599999999999	0.00011799068725931638
1580.665	0.00011745305941794096
1580.67	0.00011718773707607573
1580.675	0.00011735850071510672
1580.68	0.00011779827016026813
1580.685	0.00011850625386029569
1580.6899999999998	0.00011943392245708868
1580.695	0.00012039857584704909
1580.7	0.00012154182523926351
1580.705	0.0001225818102209611
1580.71	0.0001235172379030786
1580.715	0.00012436090899081102
1580.7199999999998	0.00012503875990264613
1580.725	0.0001255404946219139
1580.73	0.0001258085103074838
1580.735	0.00012575153961165162
1580.74	0.00012523162259825787
1580.745	0.00012424204638085897
1580.75	0.00012281752022420746
1580.755	0.00012124941740966164
1580.76	0.00011976360861257604
1580.765	0.00011853636652416633
1580.77	0.0001177385153386924
1580.7749999999999	0.00011719862965595064
1580.78	0.00011697025477329766
1580.785	0.00011710716348570893
1580.79	0.00011746674128439411
1580.795	0.00011789349712296742
1580.8	0.00011810619130663633
1580.8049999999998	0.00011803693664873892
1580.81	0.00011767370420126148
1580.815	0.00011702356889854453
1580.82	0.00011613510303546284
1580.825	0.00011506634354933107
1580.83	0.00011389598532134167
1580.8349999999998	0.00011273356746999927
1580.84	0.0001116920301518781
1580.845	0.00011082476978467877
1580.85	0.00011020567043332666
1580.855	0.00010971818127318771
1580.86	0.00010942568774497912
1580.865	0.00010925984942825468
1580.87	0.00010926390032141082
1580.875	0.00010941600762238078
1580.88	0.00010963524920761245
1580.885	0.00010998281728960185
1580.8899999999999	0.00011042488065474051
1580.895	0.00011111149492548161
1580.8999999999999	0.00011195810622125244
1580.905	0.00011279854625838561
1580.91	0.00011345145676066043
1580.915	0.00011385312987032495
1580.9199999999998	0.0001140080421464519
1580.925	0.00011402055605858013
1580.93	0.00011401641384173176
1580.935	0.00011395936723788517
1580.94	0.00011388992236528794
1580.945	0.00011381543716621807
1580.9499999999998	0.00011394699545307085
1580.955	0.00011426333759121623
1580.96	0.00011475512713843218
1580.965	0.00011545024379524953
1580.97	0.00011625574539280717
1580.975	0.00011704413698246325
1580.98	0.00011782742524634367
1580.985	0.0001186818938990408
1580.99	0.00011942153262476563
1580.9950000000001	0.0001200953486529567
1581	0.00012071094815091035
1581.0049999999999	0.00012112086887104432
1581.01	0.00012132106734954884
1581.0149999999999	0.00012142065012423849
1581.02	0.0001213766961835707
1581.025	0.0001213195596414606
1581.03	0.00012130080722272393
1581.0349999999999	0.00012123228979702139
1581.04	0.00012108537609766554
1581.0449999999998	0.00012095544922507902
1581.05	0.00012090757082542202
1581.055	0.00012095460923746439
1581.06	0.0001209327238084536
1581.0649999999998	0.00012092544056940814
1581.07	0.00012097221877513002
1581.075	0.00012127399526349017
1581.0800000000002	0.00012165828950796156
1581.085	0.00012203781629181964
1581.09	0.00012257584594703102
1581.095	0.0001230793131208107
1581.1	0.00012358061071552934
1581.105	0.00012392915823276242
1581.1100000000001	0.00012388447068786024
1581.115	0.00012339210670276164
1581.12	0.0001225356308203857
1581.125	0.00012122931388509862
1581.1299999999999	0.00011986792878818061
1581.135	0.00011837220826169349
1581.14	0.00011700253975104474
1581.145	0.00011577935705283195
1581.1499999999999	0.00011495125703948183
1581.155	0.00011469190183798213
1581.1599999999999	0.00011480776472598616
1581.165	0.00011520960827023345
1581.17	0.0001158418231926657
1581.175	0.00011649420897460299
1581.1799999999998	0.00011690127780629495
1581.185	0.00011708608075463388
1581.1899999999998	0.00011704335811575582
1581.1950000000002	0.00011674407749205291
1581.2	0.00011629927257954867
1581.205	0.00011557105701432998
1581.21	0.00011465672090850442
1581.215	0.00011364658082670053
1581.22	0.00011258790693531103
1581.2250000000001	0.00011136303167708832
1581.23	0.00011010086469186468
1581.235	0.00010890555665285643
1581.24	0.0001077956946907561
1581.245	0.0001070155704944977
1581.25	0.00010667953756637878
1581.255	0.00010678819093028416
1581.26	0.00010732252602066576
1581.2649999999999	0.00010848841905758293
1581.27	0.00010928692146417426
1581.2749999999999	0.00010977569378362162
1581.28	0.00011003611605260421
1581.285	0.00011003843248889822
1581.29	0.0001097839517872307
1581.295	0.00010933742575292987
1581.3	0.0001087787807846125
1581.3049999999998	0.0001081614209830925
1581.3100000000002	0.00010758059118416661
1581.315	0.00010721218718343382
1581.32	0.00010700254692190684
1581.325	0.00010716213725649708
1581.33	0.00010738557410854926
1581.3349999999998	0.00010775318847898051
1581.3400000000001	0.00010828913837444262
1581.345	0.00010894958165349963
1581.35	0.00010963327430399746
1581.355	0.00011022121381367278
1581.36	0.00011060424101092901
1581.3649999999998	0.00011098034243673744
1581.3700000000001	0.0001113345365061581
1581.375	0.00011164393175458094
1581.3799999999999	0.0001118849305098221
1581.385	0.00011206669379672648
1581.3899999999999	0.00011214879892643362
1581.395	0.00011220151484756397
1581.4	0.0001122024106404123
1581.405	0.00011219271633010856
1581.41	0.00011219486245251699
1581.415	0.00011213765830654639
1581.4199999999998	0.00011201206388606832
1581.425	0.00011186311689156646
1581.43	0.00011174139773603292
1581.435	0.00011160095790219584
1581.44	0.00011139837442897262
1581.445	0.0001114406248956092
1581.4499999999998	0.00011170723571127338
1581.4550000000002	0.00011217022843648605
1581.46	0.00011261345401742106
1581.465	0.000113191521071474
1581.47	0.00011396811031642391
1581.475	0.00011493974320655612
1581.4799999999998	0.00011567296788338851
1581.4850000000001	0.00011618507629352101
1581.49	0.00011649295268232068
1581.495	0.00011664488379556346
1581.5	0.00011644342860858712
1581.5049999999999	0.00011595704488299805
1581.5099999999998	0.00011539709055175012
1581.515	0.00011477354575304059
1581.52	0.00011426608366492761
1581.525	0.00011382800221755356
1581.53	0.00011351616670041103
1581.5349999999999	0.00011345718202231806
1581.54	0.00011361311823163848
1581.545	0.00011387247150578081
1581.55	0.00011421723988008659
1581.555	0.00011458359943494748
1581.56	0.00011499763909362406
1581.5649999999998	0.0001155706033558306
1581.57	0.00011623056926289457
1581.575	0.00011706457276703931
1581.58	0.00011800527396523955
1581.585	0.00011839850671375319
1581.59	0.00011828411872847759
1581.5949999999998	0.00011766360612919983
1581.6000000000001	0.00011640227054597488
1581.605	0.00011447814648037351
1581.61	0.00011278992636814348
1581.615	0.00011099258866637388
1581.62	0.00010937236405613064
1581.6249999999998	0.00010812567160970002
1581.63	0.00010739691820621261
1581.635	0.00010714494213030217
1581.64	0.00010717867237154352
1581.645	0.00010750760154558462
1581.6499999999999	0.00010794619119322855
1581.655	0.00010846243393610336
1581.66	0.00010883355716117233
1581.665	0.00010889475222852169
1581.67	0.0001086318177434048
1581.675	0.00010814949104842447
1581.6799999999998	0.00010744467692256131
1581.685	0.00010653423216734383
1581.69	0.00010557131842169898
1581.695	0.00010470197605808094
1581.7	0.00010401136641452397
1581.705	0.00010354243379587022
1581.7099999999998	0.00010319455940516732
1581.715	0.00010295587932807899
1581.72	0.00010291463024529684
1581.725	0.00010305817701657095
1581.73	0.00010337038153200432
1581.735	0.00010386445657800517
1581.7399999999998	0.00010448003718537891
1581.7450000000001	0.00010506224863571224
1581.75	0.00010584855892834917
1581.755	0.00010663662819631176
1581.76	0.00010745483376868218
1581.7649999999999	0.00010823112475578089
1581.77	0.00010893256545621898
1581.775	0.00010936854051090757
1581.78	0.00010946411410422458
1581.785	0.00010936069886528222
1581.79	0.00010900321171809196
1581.7949999999998	0.00010849316385105673
1581.8	0.00010791684043529754
1581.805	0.0001074870609172278
1581.81	0.00010718836181777186
1581.815	0.00010700826599012668
1581.82	0.00010692083925616618
1581.8249999999998	0.00010694466375432388
1581.83	0.0001071360747685101
1581.835	0.00010729870407007813
1581.84	0.00010746701772546479
1581.845	0.00010757325312475759
1581.85	0.00010753582141676014
1581.8549999999998	0.00010742083305175284
1581.86	0.00010731454180464706
1581.865	0.00010721129471081374
1581.8700000000001	0.00010709409152725854
1581.875	0.0001069680724432307
1581.8799999999999	0.00010685596229458406
1581.885	0.00010684934545706701
1581.8899999999999	0.0001069982870042292
1581.895	0.00010706615283905444
1581.9	0.00010730478742597215
1581.905	0.0001076750602786458
1581.9099999999999	0.00010813357305988994
1581.915	0.00010874090660755854
1581.92	0.00010942424449849124
1581.925	0.00011016794341194843
1581.93	0.00011107068129177013
1581.935	0.00011217923415198689
1581.9399999999998	0.00011332065064779388
1581.945	0.00011441577129007716
1581.95	0.00011536982952361883
1581.955	0.0001159542818803632
1581.96	0.00011622862613081031
1581.965	0.00011615552862756914
1581.9699999999998	0.00011574842579946448
1581.975	0.00011492249403191261
1581.98	0.00011361550845163296
1581.9850000000001	0.00011229304628802128
1581.99	0.00011111709835951594
1581.995	0.00010999523685383556
1582	0.00010905683126104487
1582.0049999999999	0.00010830549141229432
1582.01	0.00010785300682035172
1582.015	0.00010769088440147932
1582.02	0.00010773412940762074
1582.0249999999999	0.0001077199355253637
1582.03	0.00010773724351997961
1582.0349999999999	0.00010765300140281225
1582.04	0.00010743109424242716
1582.045	0.00010713783904452495
1582.05	0.00010671252907099329
1582.0549999999998	0.00010622160482028553
1582.06	0.00010566097970577885
1582.065	0.00010502921952073666
1582.07	0.00010438456967614057
1582.075	0.00010369003223747962
1582.08	0.00010303777160426466
1582.0849999999998	0.00010241228653277163
1582.09	0.00010186365614289529
1582.095	0.00010145582384516504
1582.1000000000001	0.00010117732179633018
1582.105	0.00010102860157214932
1582.11	0.00010118315469048671
1582.115	0.00010165551323178754
1582.12	0.0001022771972853935
1582.125	0.00010309146024789381
1582.13	0.00010398049715885354
1582.135	0.00010497907530537293
1582.1399999999999	0.00010585283583910332
1582.145	0.00010660485284650362
1582.1499999999999	0.0001070564485585557
1582.155	0.0001072620988341595
1582.16	0.00010714937678129681
1582.165	0.00010673059825032581
1582.1699999999998	0.00010617553978095765
1582.175	0.00010563761576126613
1582.1799999999998	0.00010518797957001027
1582.185	0.00010484074491034656
1582.19	0.00010459104210803969
1582.195	0.00010454353709982443
1582.1999999999998	0.00010463291011251805
1582.205	0.00010482645752341044
1582.21	0.00010510479618639493
1582.2150000000001	0.00010537469639397441
1582.22	0.00010562617354382384
1582.225	0.00010593820081235725
1582.23	0.00010616542033615207
1582.235	0.0001063818299321108
1582.24	0.00010646801657731417
1582.2450000000001	0.00010653851817624825
1582.25	0.00010657066410191268
1582.2549999999999	0.00010640749486818517
1582.26	0.00010616372629482079
1582.2649999999999	0.00010561472414897404
1582.27	0.00010470312989998997
1582.275	0.00010355917472713432
1582.28	0.00010238967681555405
1582.2849999999999	0.00010137459911725569
1582.29	0.00010064155804076685
1582.2949999999998	0.00010027237166879838
1582.3	0.00010010093090474364
1582.305	0.00010035160157214709
1582.31	0.00010079815011650085
1582.315	0.00010148289012721472
1582.32	0.00010217243207351385
1582.3249999999998	0.00010283852385856472
1582.3300000000002	0.00010331975381704819
1582.335	0.0001036823873158305
1582.34	0.00010397018968188674
1582.345	0.00010416923081167873
1582.35	0.00010420939738207052
1582.3549999999998	0.00010412290736978779
1582.3600000000001	0.00010395323890468371
1582.365	0.00010383980384418577
1582.37	0.000103806650579061
1582.375	0.00010383358583023162
1582.3799999999999	0.00010397323874168395
1582.385	0.00010425029330947488
1582.39	0.00010458013178779646
1582.395	0.00010495649995026797
1582.3999999999999	0.00010541045041055307
1582.405	0.00010594976193710785
1582.4099999999999	0.00010645595347031745
1582.4150000000002	0.00010705304673374339
1582.42	0.00010771787481000024
1582.425	0.00010842400184221427
1582.43	0.00010909561981726882
1582.435	0.00010958062377047247
1582.4399999999998	0.00010985522139557175
1582.4450000000002	0.00010986668275317701
1582.45	0.00010960956017837428
1582.455	0.00010906398468542701
1582.46	0.00010819363115291005
1582.465	0.0001069554939234754
1582.4699999999998	0.00010544827929776663
1582.4750000000001	0.00010392965366026575
1582.48	0.00010256881864891993
1582.485	0.00010144709879527598
1582.49	0.0001005759922756957
1582.495	0.00009999970985238697
1582.4999999999998	0.00009960089150839453
1582.505	0.00009948805866757477
1582.51	0.00009967634100575564
1582.5149999999999	0.0001000097323738291
1582.52	0.00010031425816481453
1582.5249999999999	0.00010044996829043283
1582.53	0.00010038199411340882
1582.535	0.00010015907379717737
1582.54	0.00009981454634006571
1582.545	0.00009936010729247574
1582.55	0.00009887598628924348
1582.5549999999998	0.00009839689760580821
1582.56	0.00009784701573042509
1582.565	0.00009732291341018088
1582.57	0.00009688843082012904
1582.575	0.00009652239537404663
1582.58	0.00009626767862096799
1582.5849999999998	0.00009615962039101144
1582.5900000000001	0.0000961064083261026
1582.595	0.00009619901677834447
1582.6	0.00009653002254743026
1582.605	0.00009731333784631696
1582.61	0.00009841287580987634
1582.6149999999998	0.00009959717965840648
1582.6200000000001	0.00010071969282682817
1582.625	0.00010155850652662909
1582.6299999999999	0.00010185884102683251
1582.635	0.00010157638472273013
1582.6399999999999	0.00010080583745689027
1582.645	0.00009993749920044911
1582.65	0.00009905524761742765
1582.655	0.0000981792557859106
1582.66	0.00009748493620844694
1582.665	0.0000970597659066077
1582.6699999999998	0.00009683799959727553
1582.675	0.00009688344350203464
1582.68	0.00009716640347927485
1582.685	0.00009761720615768181
1582.69	0.00009802329253460785
1582.695	0.00009830983978760045
1582.6999999999998	0.00009846176679192828
1582.705	0.00009857348684735683
1582.71	0.0000985062517919951
1582.715	0.00009831292940005876
1582.72	0.00009803643417940176
1582.725	0.00009775207652683029
1582.7299999999998	0.00009737163363545335
1582.7350000000001	0.00009700259213064163
1582.74	0.00009665140304563013
1582.745	0.00009627662081600207
1582.75	0.00009606039575829332
1582.7549999999999	0.00009596468309066421
1582.76	0.00009594488295792077
1582.765	0.00009599134207738622
1582.77	0.0000961336238960382
1582.775	0.00009635097750694018
1582.78	0.00009664894164606567
1582.7849999999999	0.00009712386990897017
1582.79	0.00009780264322529668
1582.795	0.00009856978169892843
1582.8	0.00009940159330824018
1582.805	0.00010026086823746697
1582.81	0.0001012278352220558
1582.8149999999998	0.00010201729054980078
1582.82	0.00010255826178702559
1582.825	0.00010299739895006628
1582.83	0.00010317614942323407
1582.835	0.00010307187955717882
1582.84	0.00010266106902487643
1582.8449999999998	0.00010215879813687825
1582.85	0.00010163179840728738
1582.855	0.0001011169470557582
1582.86	0.0001006342731218341
1582.865	0.00010017920841133785
1582.87	0.00009986077636476766
1582.875	0.00009969848015223752
1582.88	0.00009957304009000639
1582.885	0.00009938549091484253
1582.89	0.00009933816475587538
1582.895	0.00009917036216453025
1582.8999999999999	0.00009893097016624503
1582.905	0.00009865391772202503
1582.91	0.00009832547772288223
1582.915	0.00009799222053287231
1582.92	0.00009763865099514993
1582.925	0.00009716755892969258
1582.9299999999998	0.00009668058201054306
1582.935	0.000096136178234005
1582.94	0.00009549213358851929
1582.945	0.00009476087550611012
1582.95	0.00009405622577871057
1582.955	0.00009345970593699452
1582.9599999999998	0.00009295893248822285
1582.965	0.00009281265225879987
1582.97	0.00009291135936754232
1582.975	0.00009317419237031316
1582.98	0.00009364636607087063
1582.985	0.0000943135892505288
1582.99	0.00009495285944580084
1582.995	0.0000955981131595944
1583	0.00009613329145662352
1583.005	0.00009650899401170355
1583.01	0.00009672673105523095
1583.0149999999999	0.00009680798365825874
1583.02	0.00009666283172791761
1583.0249999999999	0.00009626125222042826
1583.03	0.0000957471250766597
1583.035	0.00009525894909377471
1583.04	0.00009482703537280084
1583.0449999999998	0.00009437636491363795
1583.05	0.0000940979939320079
1583.055	0.00009397199339799663
1583.06	0.0000940115519069647
1583.065	0.0000941645101791187
1583.07	0.00009435497327941874
1583.0749999999998	0.00009454543637971293
1583.08	0.00009485837799204559
1583.085	0.00009524051829780116
1583.09	0.00009561341866029615
1583.095	0.00009602307187172457
1583.1	0.00009641560308411486
1583.105	0.00009661213514431588
1583.11	0.00009665644848977065
1583.115	0.00009647323900807282
1583.1200000000001	0.00009605446506531522
1583.125	0.00009542460623229491
1583.1299999999999	0.00009462664442223705
1583.135	0.00009345744829547264
1583.1399999999999	0.00009229353196886264
1583.145	0.0000912539063188974
1583.15	0.00009050155903078478
1583.155	0.00009003455811720683
1583.1599999999999	0.00008981269103963418
1583.165	0.00008991903076657801
1583.1699999999998	0.0000901936142379527
1583.175	0.00009062039868948894
1583.18	0.00009104152323820221
1583.185	0.00009154952111169258
1583.1899999999998	0.0000918987575948983
1583.195	0.00009202052184460642
1583.2	0.00009185170728870221
1583.205	0.0000915021595312933
1583.21	0.00009110928731469128
1583.215	0.00009069086365238867
1583.22	0.00009027543330252163
1583.225	0.00008993489815044597
1583.23	0.00008966025858967747
1583.2350000000001	0.00008951914330647634
1583.24	0.00008953030191512085
1583.245	0.00008965925213085316
1583.25	0.00008987725974578833
1583.2549999999999	0.00009022191250499723
1583.26	0.00009068115365585577
1583.265	0.00009127799915683825
1583.27	0.00009193427681521725
1583.2749999999999	0.00009272344100227887
1583.28	0.00009371710519300219
1583.2849999999999	0.00009490525534069177
1583.29	0.00009594891993913901
1583.295	0.00009666091977928624
1583.3	0.00009693400067600688
1583.3049999999998	0.0000969324151480428
1583.31	0.00009661947918613515
1583.3149999999998	0.00009598705136440007
1583.32	0.00009515851891318677
1583.325	0.00009436439571090695
1583.33	0.00009362983541488539
1583.335	0.00009297659984145434
1583.34	0.00009244553648146956
1583.345	0.00009208722323711357
1583.3500000000001	0.00009193313601750584
1583.355	0.00009193313599098472
1583.36	0.0000920814674626718
1583.365	0.00009234788624082629
1583.37	0.00009262735759428341
1583.375	0.00009284790714794074
1583.38	0.00009297504747344321
1583.385	0.00009306153748572603
1583.3899999999999	0.00009296077263530997
1583.395	0.00009278887231359716
1583.3999999999999	0.0000925464556246505
1583.405	0.00009218338533970378
1583.41	0.00009170859501858702
1583.415	0.00009118125646335116
1583.4199999999998	0.00009064617342917373
1583.425	0.00009009564490516169
1583.4299999999998	0.00008948434462400387
1583.4350000000002	0.00008903747956053604
1583.44	0.00008859061830828504
1583.445	0.00008814375428424711
1583.45	0.00008777137075751327
1583.455	0.00008758965489345184
1583.4599999999998	0.00008753758195303764
1583.4650000000001	0.00008769332484070601
1583.47	0.00008805439130380377
1583.475	0.00008858883655702702
1583.48	0.00008908150817618727
1583.485	0.00008979998306602763
1583.4899999999998	0.00009032189068790272
1583.4950000000001	0.00009066811845234366
1583.5	0.00009072931358214311
1583.5049999999999	0.00009041056652844424
1583.51	0.0000899343178990224
1583.5149999999999	0.00008937527764397106
1583.52	0.00008870699135022932
1583.525	0.00008803213885707532
1583.53	0.0000875106550832958
1583.535	0.0000872689254115336
1583.54	0.00008711300003844547
1583.5449999999998	0.00008718831680065249
1583.55	0.00008747247672588996
1583.555	0.00008784616926017944
1583.56	0.00008826888362377074
1583.565	0.00008867090110623401
1583.57	0.00008899854318614257
1583.5749999999998	0.00008926389512928576
1583.5800000000002	0.00008941934554011072
1583.585	0.0000894843396851245
1583.59	0.00008948433969635515
1583.595	0.00008943702458107256
1583.6	0.0000892810775579322
1583.6049999999998	0.00008906242188368038
1583.6100000000001	0.00008862279362478464
1583.615	0.00008819073895621872
1583.62	0.00008770404642273283
1583.625	0.00008716782040387857
1583.6299999999999	0.0000867138006290074
1583.6349999999998	0.0000865708134369925
1583.64	0.0000867701839443179
1583.645	0.00008714081027433162
1583.65	0.00008760752089925022
1583.655	0.00008819962011614715
1583.6599999999999	0.00008879517922986839
1583.665	0.00008928165286906538
1583.67	0.00008964852111231764
1583.675	0.00008981402220004979
1583.68	0.00008982395229395478
1583.685	0.00008970088462522229
1583.6899999999998	0.00008950668298820591
1583.695	0.00008922695057485721
1583.7	0.00008888042715674451
1583.705	0.0000885727495720586
1583.71	0.00008838228645147046
1583.715	0.000088294666245821
1583.7199999999998	0.0000883011704008116
1583.7250000000001	0.00008841879960156255
1583.73	0.00008867174210878243
1583.735	0.00008901548073402937
1583.74	0.00008933776693062048
1583.745	0.00008960946066275294
1583.7499999999998	0.00008983076902092527
1583.755	0.00009004355035915063
1583.76	0.0000901987158797809
1583.765	0.00009040775042927519
1583.77	0.00009051196807653826
1583.7749999999999	0.00009052106179296965
1583.78	0.00009047728579654678
1583.785	0.00009027081256489332
1583.79	0.0000898921646241407
1583.795	0.00008943965242390477
1583.8	0.00008892109201639096
1583.8049999999998	0.00008825866733883775
1583.81	0.00008766966537811886
1583.815	0.00008718491993586372
1583.82	0.00008674373626143925
1583.825	0.00008647354442148231
1583.83	0.00008631813365729118
1583.8349999999998	0.00008629065174339116
1583.84	0.0000863936191671268
1583.845	0.00008671574412167941
1583.85	0.00008694356798597248
1583.855	0.00008709021492290666
1583.86	0.00008725829177704629
1583.8649999999998	0.00008750235032775672
1583.8700000000001	0.00008765015583366722
1583.875	0.00008770372183556277
1583.88	0.00008769292779479282
1583.885	0.00008761183645311593
1583.8899999999999	0.00008745641392783021
1583.895	0.00008725160976657512
1583.9	0.00008702277699888207
1583.905	0.00008678342230422684
1583.91	0.00008664230702103086
1583.915	0.00008652856395524222
1583.9199999999998	0.0000864129251768973
1583.925	0.00008635135789842163
1583.93	0.00008630170622470392
1583.935	0.00008627302100959972
1583.94	0.00008628066550297168
1583.945	0.00008645109547110703
1583.9499999999998	0.00008659348314210242
1583.955	0.0000868870879402087
1583.96	0.0000872699597128866
1583.965	0.00008772073482172137
1583.97	0.00008804520714479371
1583.975	0.00008805062299549287
1583.9799999999998	0.00008756462790017236
1583.985	0.00008667883437420247
1583.99	0.00008561711151068724
1583.9950000000001	0.00008439012767393735
1584	0.00008330575187929289
1584.0049999999999	0.00008249544299132636
1584.01	0.00008185952268368236
1584.015	0.00008154156270147409
1584.02	0.00008162330196861598
1584.025	0.00008203517885334813
1584.03	0.00008260652341944205
1584.0349999999999	0.00008318807512575229
1584.04	0.00008375763299109243
1584.045	0.00008437831109338074
1584.05	0.00008468127456915117
1584.055	0.0000845770572897171
1584.06	0.00008419533396864266
1584.0649999999998	0.00008363583485577622
1584.07	0.00008298497379078624
1584.075	0.00008230586000057129
1584.08	0.00008158794961226239
1584.085	0.00008102137775577643
1584.09	0.00008053380275820087
1584.0949999999998	0.00008015900784066177
1584.1	0.00007993940746425496
1584.105	0.00007983470900770462
1584.1100000000001	0.00007986014359613795
1584.115	0.00008011308608489346
1584.12	0.00008045775751594493
1584.125	0.00008114741394608451
1584.1299999999999	0.00008187138993543533
1584.135	0.00008281281911611686
1584.14	0.00008387307841842409
1584.145	0.00008484178877883829
1584.1499999999999	0.0000856265132679
1584.155	0.0000862303198666876
1584.1599999999999	0.00008645590734923439
1584.165	0.0000864398712609019
1584.17	0.00008620322326166812
1584.175	0.00008576918457527169
1584.1799999999998	0.00008535146075959475
1584.185	0.00008491742945421873
1584.19	0.00008465752083048262
1584.195	0.0000845174025962653
1584.2	0.00008457398090382796
1584.205	0.00008476411812704103
1584.2099999999998	0.00008508914750149082
1584.215	0.00008550728117751121
1584.22	0.00008601540298371756
1584.2250000000001	0.00008659621408114614
1584.23	0.00008713307792801309
1584.235	0.0000874905649029831
1584.24	0.00008770536573735855
1584.245	0.00008784648102055985
1584.25	0.00008788662441262068
1584.255	0.00008786906102779201
1584.26	0.00008785777026787388
1584.2649999999999	0.00008780289424884068
1584.27	0.00008768315234636948
1584.2749999999999	0.00008748161269614164
1584.28	0.00008716067052221956
1584.285	0.00008683811233659655
1584.29	0.00008637899018194202
1584.2949999999998	0.0000859005227678878
1584.3	0.00008537268469238873
1584.3049999999998	0.00008476804327172626
1584.31	0.0000843697032528245
1584.315	0.00008422926477546481
1584.32	0.00008439459994845664
1584.3249999999998	0.00008459812666215366
1584.33	0.00008497267571265305
1584.335	0.00008544814889096259
1584.3400000000001	0.00008588619105189491
1584.345	0.00008617997778485489
1584.35	0.00008633979022742095
1584.355	0.00008639434025006609
1584.36	0.00008627796613116059
1584.365	0.00008599125857903851
1584.3700000000001	0.00008555197572112263
1584.375	0.00008500664888258562
1584.3799999999999	0.00008433442405308107
1584.385	0.00008376363144755792
1584.3899999999999	0.0000833000818660532
1584.395	0.00008290059733921387
1584.4	0.00008260269538130979
1584.405	0.00008244412642256838
1584.4099999999999	0.00008242729881623617
1584.415	0.00008246162345877232
1584.4199999999998	0.00008250298855448659
1584.425	0.00008254488215418548
1584.43	0.00008258737423376443
1584.435	0.00008257456481479111
1584.4399999999998	0.00008260537649599417
1584.445	0.0000827034954968163
1584.4499999999998	0.00008267418889377026
1584.4550000000002	0.0000825487488483947
1584.46	0.00008223912044330822
1584.465	0.00008181512645016828
1584.47	0.00008138508718068682
1584.475	0.00008088908402464119
1584.48	0.00008027455271920916
1584.4850000000001	0.00007959666048338023
1584.49	0.00007897641781506969
1584.495	0.00007848397407590263
1584.5	0.00007819620260573583
1584.5049999999999	0.00007818090080707965
1584.51	0.00007834262048730089
1584.515	0.0000786573218005581
1584.52	0.00007911718267146698
1584.5249999999999	0.00007946145779856673
1584.53	0.0000798536789949095
1584.5349999999999	0.00008010391850964228
1584.54	0.00008015243967886534
1584.545	0.00007990640458307115
1584.55	0.00007962692518813612
1584.555	0.000079178742941748
1584.56	0.00007867362548951553
1584.5649999999998	0.00007825530701616992
1584.5700000000002	0.00007800577677904276
1584.575	0.00007793401916810126
1584.58	0.00007798087399247898
1584.585	0.00007810116140113344
1584.59	0.0000783871547754358
1584.5949999999998	0.00007873209899053715
1584.6000000000001	0.00007923571164243031
1584.605	0.00007969197827810176
1584.61	0.00008030100981853149
1584.615	0.00008099440636973614
1584.62	0.00008171384966646994
1584.6249999999998	0.00008244506918548446
1584.63	0.00008332416190742137
1584.635	0.00008425471370482478
1584.6399999999999	0.00008478441772320557
1584.645	0.00008488641212478218
1584.6499999999999	0.00008451840927492497
1584.655	0.00008389999907052995
1584.66	0.00008332889690908079
1584.665	0.00008279930634869896
1584.6699999999998	0.00008237739745978581
1584.675	0.00008220068412759548
1584.6799999999998	0.00008214933492234175
1584.685	0.00008206808231931413
1584.69	0.00008197090939472606
1584.695	0.00008201439763752952
1584.7	0.00008207479985545756
1584.705	0.00008207003266901392
1584.7099999999998	0.00008196594577667158
1584.7150000000001	0.00008177585131409456
1584.72	0.00008158846019928689
1584.725	0.0000812464714457033
1584.73	0.00008081250425058589
1584.735	0.0000803147705518143
1584.7399999999998	0.00007977853247564543
1584.7450000000001	0.00007911855836673268
1584.75	0.00007848745075105268
1584.7549999999999	0.00007783571973515654
1584.76	0.00007714368268178388
1584.7649999999999	0.00007653432123160618
1584.77	0.00007592446882763536
1584.775	0.00007537606636889754
1584.78	0.00007491991489773612
1584.785	0.00007453984296461884
1584.79	0.00007416745945392759
1584.7949999999998	0.00007393265584997707
1584.8	0.00007367204274932853
1584.805	0.0000734584962248224
1584.81	0.00007331565859822436
1584.815	0.00007329012441914534
1584.82	0.00007331148164637231
1584.8249999999998	0.00007337948773056282
1584.83	0.0000733446128388675
1584.835	0.00007318156752493298
1584.84	0.00007307955289346068
1584.845	0.00007281374622359955
1584.85	0.00007241589734781295
1584.8549999999998	0.0000719979913874656
1584.8600000000001	0.00007157579775324526
1584.865	0.00007124216594330087
1584.87	0.00007103684471673225
1584.875	0.00007091138688412951
1584.8799999999999	0.00007092668548866954
1584.885	0.00007109576832514504
1584.89	0.00007137689567910929
1584.895	0.0000717151469588778
1584.9	0.00007204784191245998
1584.905	0.00007240797754362062
1584.9099999999999	0.00007276330958817531
1584.915	0.00007299221542842858
1584.92	0.0000731016189178924
1584.925	0.0000730496209618212
1584.93	0.0000729683815878073
1584.935	0.00007287430473460916
1584.9399999999998	0.00007268271088343101
1584.945	0.00007246342573697971
1584.95	0.00007216540527285507
1584.955	0.00007173829371348564
1584.96	0.00007127229772670836
1584.965	0.00007083969838544887
1584.9699999999998	0.0000704531891150643
1584.975	0.00007010251410181094
1584.98	0.00006985376607504877
1584.985	0.0000697693306244825
1584.99	0.00007011788185673776
1584.995	0.0000707481923040202
1585	0.000071615089232448
1585.005	0.00007226350757890737
1585.01	0.00007280552227109449
1585.015	0.00007317952255120085
1585.02	0.00007326640620567288
1585.0249999999999	0.0000731727591312287
1585.03	0.00007296425671993784
1585.035	0.00007264796570543951
1585.04	0.00007233400331038318
1585.045	0.00007210585199321593
1585.05	0.00007208701064210765
1585.0549999999998	0.00007239574936719108
1585.06	0.00007288590429260661
1585.065	0.00007364165003953135
1585.07	0.00007452345727878396
1585.075	0.00007551709971135593
1585.08	0.00007657637779262254
1585.0849999999998	0.00007745544467818083
1585.09	0.00007833496213913377
1585.095	0.0000790258247565875
1585.1	0.00007956092411780778
1585.105	0.0000799760205938238
1585.11	0.00008027872390139817
1585.115	0.00008039490613828611
1585.12	0.00008031178540086931
1585.125	0.0000801562378659622
1585.13	0.00007994961930228662
1585.135	0.000079630433450135
1585.1399999999999	0.00007924339467915591
1585.145	0.00007880711224969415
1585.1499999999999	0.00007827365544399262
1585.155	0.00007770997643469003
1585.16	0.0000770616244253263
1585.165	0.00007654976012771491
1585.1699999999998	0.00007608258874847382
1585.175	0.00007565661380135925
1585.18	0.00007521649974601262
1585.185	0.00007485088287590867
1585.19	0.00007451573571390241
1585.195	0.00007423746385468014
1585.1999999999998	0.00007386210009410696
1585.205	0.00007338481877317132
1585.21	0.0000728071564482507
1585.215	0.00007218190402441168
1585.22	0.0000715279149951025
1585.225	0.00007085650287169986
1585.23	0.00007019883558125835
1585.235	0.00006952854473187802
1585.24	0.00006886818715799866
1585.2450000000001	0.00006831209281974589
1585.25	0.00006790022381715917
1585.2549999999999	0.0000676140671327592
1585.26	0.00006736752507242687
1585.2649999999999	0.00006722945597704582
1585.27	0.0000671497844945063
1585.275	0.00006716972970165939
1585.28	0.00006720547727800931
1585.2849999999999	0.0000672220708618889
1585.29	0.00006730359059789463
1585.2949999999998	0.00006740148655356926
1585.3	0.00006752795159719085
1585.305	0.00006764855317066828
1585.31	0.00006787765520114449
1585.3149999999998	0.00006809939261272838
1585.32	0.00006829141098219179
1585.325	0.00006812390103921267
1585.33	0.00006767258360131613
1585.335	0.00006713058983671193
1585.34	0.00006656795683160633
1585.345	0.00006604025362317191
1585.35	0.00006560736408220553
1585.355	0.00006542984073215112
1585.3600000000001	0.00006538035596661832
1585.365	0.00006550800364563879
1585.37	0.00006581422807324312
1585.375	0.00006629212178682093
1585.3799999999999	0.00006680927573967238
1585.385	0.00006718797083528663
1585.39	0.00006742670563992196
1585.395	0.00006753879931654914
1585.3999999999999	0.0000674999805932131
1585.405	0.00006730442516132061
1585.4099999999999	0.00006696927636371807
1585.415	0.00006644254163253998
1585.42	0.00006602919899809518
1585.425	0.00006571890985152796
1585.4299999999998	0.00006549199560914343
1585.435	0.00006532949922242942
1585.4399999999998	0.00006527770646943828
1585.445	0.0000653137989829389
1585.45	0.00006544069795463117
1585.455	0.0000656960494194688
1585.46	0.00006609698931515834
1585.465	0.00006654941502872181
1585.47	0.00006710615696063484
1585.4750000000001	0.00006774904966259009
1585.48	0.00006844286999571193
1585.485	0.0000694348289463263
1585.49	0.00007045479118107493
1585.495	0.00007146732513993235
1585.5	0.00007247356553029761
1585.505	0.00007339736860071633
1585.51	0.00007424269619141696
1585.5149999999999	0.0000747856122209231
1585.52	0.00007501712388297716
1585.5249999999999	0.00007507672665921923
1585.53	0.00007502989322277723
1585.535	0.00007482732396159162
1585.54	0.00007435510845840478
1585.5449999999998	0.00007402495092584269
1585.55	0.00007372376709186632
1585.5549999999998	0.0000735479648919854
1585.56	0.00007338415858594715
1585.565	0.00007333097789475861
1585.57	0.00007326044181890449
1585.575	0.00007316735679857387
1585.58	0.00007291374608625668
1585.5849999999998	0.00007238729803860914
1585.5900000000001	0.00007175777065685182
1585.595	0.00007089433646643111
1585.6	0.00006994081664131029
1585.605	0.00006892421830042508
1585.61	0.00006787103809800733
1585.6149999999998	0.0000667752257050957
1585.6200000000001	0.00006572626218148285
1585.625	0.00006481665239404167
1585.6299999999999	0.00006396431695267649
1585.635	0.00006310650014273185
1585.6399999999999	0.00006232714679086468
1585.645	0.00006169728096492671
1585.65	0.00006132067831670539
1585.655	0.00006137944683213081
1585.66	0.00006161865547111649
1585.665	0.00006205016845165656
1585.6699999999998	0.00006264053798024913
1585.675	0.00006333268789929452
1585.68	0.00006381707233350156
1585.685	0.00006421845975659262
1585.69	0.0000645733589885681
1585.695	0.00006480706966102874
1585.6999999999998	0.00006502882909641865
1585.7050000000002	0.0000652506002874586
1585.71	0.00006534526969981858
1585.715	0.0000653156638428947
1585.72	0.00006532677607925574
1585.725	0.00006548523306934594
1585.7299999999998	0.00006564128503645968
1585.7350000000001	0.0000657430786912639
1585.74	0.00006586580931957003
1585.745	0.00006603580899182091
1585.75	0.000066252478190225
1585.7549999999999	0.00006643349610540732
1585.7599999999998	0.0000665931698465222
1585.765	0.00006675945280825715
1585.77	0.00006696257329164959
1585.775	0.00006702927321410963
1585.78	0.00006708664658584774
1585.7849999999999	0.00006711143942801636
1585.79	0.00006707142166113846
1585.795	0.00006700278755830857
1585.8	0.00006685684407745042
1585.805	0.00006662205264390199
1585.81	0.00006631969493058068
1585.8149999999998	0.00006597167714324748
1585.82	0.00006552861195978081
1585.825	0.00006498252520351739
1585.83	0.00006446088773059642
1585.835	0.00006400534939460616
1585.84	0.0000633994603223384
1585.8449999999998	0.00006281614751809917
1585.8500000000001	0.00006227904340204191
1585.855	0.0000618478790152137
1585.86	0.00006161856528581866
1585.865	0.00006145171799324952
1585.87	0.00006139572971568532
1585.8749999999998	0.000061427861323661
1585.88	0.00006150193802748774
1585.885	0.00006140243788418026
1585.89	0.00006115149328698197
1585.895	0.00006080975605468647
1585.8999999999999	0.00006048073130853984
1585.905	0.000060188176628463856
1585.91	0.00005994283418268872
1585.915	0.00005977573625362584
1585.92	0.00005968329926517305
1585.925	0.00005995310762248994
1585.9299999999998	0.00006038219374047772
1585.935	0.00006089029566754406
1585.94	0.00006153491881412718
1585.945	0.00006229139384691315
1585.95	0.00006313289878267312
1585.955	0.00006415313331476075
1585.9599999999998	0.00006516000165141348
1585.965	0.00006622165781611907
1585.97	0.0000672329737531278
1585.975	0.00006818491386060044
1585.98	0.00006919196151695377
1585.985	0.00006991872986734904
1585.9899999999998	0.00007046806420403845
1585.9950000000001	0.0000705106431410962
1586	0.00007003697113207763
1586.005	0.00006914050120441405
1586.01	0.00006798325086312364
1586.0149999999999	0.00006673296223849178
1586.02	0.0000657232826421923
1586.025	0.00006498745108969634
1586.03	0.00006434835249475662
1586.035	0.00006388888048762341
1586.04	0.00006352933643228151
1586.0449999999998	0.0000633350657465865
1586.05	0.0000630858146169846
1586.055	0.0000628210101818137
1586.06	0.00006244034746108726
1586.065	0.00006198916785266518
1586.07	0.00006143695471391884
1586.0749999999998	0.00006086194589057174
1586.08	0.00006029958808126404
1586.085	0.00005975226699204562
1586.09	0.000059319816930631316
1586.095	0.00005890736239720345
1586.1	0.0000585702416514297
1586.1049999999998	0.0000582946118841769
1586.11	0.000058071727178387675
1586.115	0.000057932085635619215
1586.1200000000001	0.00005793088556211205
1586.125	0.00005799854987401268
1586.1299999999999	0.00005808792192077363
1586.135	0.00005816372758855164
1586.14	0.00005824913223409671
1586.145	0.00005836498164810976
1586.15	0.000058462479483447
1586.155	0.00005856875211860096
1586.1599999999999	0.00005868672449320608
1586.165	0.00005866566337326561
1586.17	0.00005859568675528029
1586.175	0.000058370645250616886
1586.18	0.0000580872733287723
1586.185	0.00005776171389379919
1586.1899999999998	0.0000573197289197878
1586.195	0.000056884659076556405
1586.2	0.000056444700076523245
1586.205	0.0000561979888133044
1586.21	0.00005604057487839552
1586.215	0.0000559435447601631
1586.2199999999998	0.00005597783202245551
1586.225	0.000056121738417424544
1586.23	0.000056395287432081484
1586.2350000000001	0.00005676259317402386
1586.24	0.000057131994689750975
1586.245	0.00005747390639835569
1586.25	0.00005780640530300036
1586.2549999999999	0.000058147660238269924
1586.26	0.000058504147293481104
1586.265	0.00005882332796267378
1586.27	0.00005909093582409552
1586.2749999999999	0.000059370647629840586
1586.28	0.00005960632548260767
1586.2849999999999	0.000059917232863776204
1586.29	0.000060327918538672376
1586.295	0.00006079274949509618
1586.3	0.0000613037425758123
1586.3049999999998	0.00006179511765530863
1586.31	0.00006232207429301891
1586.315	0.00006285420933791147
1586.32	0.00006346365543225198
1586.325	0.00006399005205621661
1586.33	0.0000644260289111085
1586.3349999999998	0.00006493084716317525
1586.34	0.00006551672969506375
1586.345	0.00006602046060293845
1586.3500000000001	0.00006660770665571408
1586.355	0.0000671131218773256
1586.36	0.00006745613002639888
1586.365	0.00006749369541941906
1586.37	0.00006713475082686945
1586.375	0.00006635905338135518
1586.38	0.00006525684171185287
1586.385	0.00006397562511205454
1586.3899999999999	0.00006258717750756339
1586.395	0.0000613455410286506
1586.3999999999999	0.00006029849833929669
1586.405	0.00005950659528542501
1586.41	0.000058976454849905935
1586.415	0.000058694046047122296
1586.4199999999998	0.00005863544476883153
1586.425	0.000058660330800079126
1586.4299999999998	0.000058736218919085965
1586.435	0.00005875547001843717
1586.44	0.000058651236835026896
1586.445	0.00005847520275747952
1586.4499999999998	0.00005809328876028083
1586.455	0.00005762690302145261
1586.46	0.00005712107810287127
1586.4650000000001	0.00005656588946436591
1586.47	0.00005600335525467325
1586.475	0.00005540820300521557
1586.48	0.00005482328881989063
1586.485	0.00005432217022331893
1586.49	0.000053867013842314174
1586.4950000000001	0.0000534999417806831
1586.5	0.00005324974383212844
1586.5049999999999	0.000053051408053133516
1586.51	0.00005294903530739241
1586.5149999999999	0.00005299669764951957
1586.52	0.00005326898091859109
1586.525	0.00005371405850963576
1586.53	0.00005408994301607986
1586.5349999999999	0.000054447567791862784
1586.54	0.00005477732955563688
1586.5449999999998	0.0000550914710969213
1586.55	0.00005529057668133201
1586.555	0.0000552225027207507
1586.56	0.00005497273098068171
1586.5649999999998	0.00005467105328002897
1586.57	0.00005443260310798413
1586.5749999999998	0.00005420479430005108
1586.5800000000002	0.00005390829561602985
1586.585	0.000053627213671621886
1586.59	0.00005338847161526567
1586.595	0.000053302946628703585
1586.6	0.00005328864790499206
1586.605	0.00005328864790499206
1586.6100000000001	0.000053326344497291104
1586.615	0.00005341376317297974
1586.62	0.000053514509753966356
1586.625	0.0000535746366949752
1586.6299999999999	0.00005357704223537683
1586.635	0.000053584900762881026
1586.64	0.000053521012887358645
1586.645	0.00005351683060845539
1586.6499999999999	0.00005350314313545819
1586.655	0.00005350314313545819
1586.6599999999999	0.000053461261078928145
1586.665	0.00005334714398303742
1586.67	0.00005307902277459999
1586.675	0.000052815778598567226
1586.6799999999998	0.00005264516224520338
1586.685	0.000052569197598445416
1586.6899999999998	0.00005251110996644586
1586.6950000000002	0.00005269065938625871
1586.7	0.00005309858496022954
1586.705	0.00005363048987561678
1586.71	0.00005430821999458637
1586.715	0.000055206705455987504
1586.7199999999998	0.00005607705664308821
1586.7250000000001	0.000056933459062231044
1586.73	0.00005782592188464329
1586.735	0.000058720082688230944
1586.74	0.00005952220337120167
1586.745	0.000060127633457202114
1586.7499999999998	0.000060443521059730326
1586.755	0.00006060921058600377
1586.76	0.00006071257676107455
1586.7649999999999	0.000060809508832370613
1586.77	0.00006075614457010819
1586.7749999999999	0.000060732546607235014
1586.78	0.00006070919335617644
1586.785	0.00006067344427644806
1586.79	0.000060740144174456964
1586.7949999999998	0.000060806836470719445
1586.8	0.00006091776723819529
1586.8049999999998	0.00006110723641312997
1586.81	0.0000612939787521338
1586.815	0.00006149127120941275
1586.82	0.00006171564971375089
1586.825	0.00006195146478508733
1586.83	0.0000621355383632418
1586.8349999999998	0.00006222928975609938
1586.8400000000001	0.00006231523000930219
1586.845	0.00006220916987138474
1586.85	0.00006201334673551453
1586.855	0.00006157031521410313
1586.86	0.00006092906237644498
1586.8649999999998	0.000060095305347394504
1586.8700000000001	0.00005909102680617016
1586.875	0.00005802370764296946
1586.8799999999999	0.00005695705867909089
1586.885	0.00005595775224868602
1586.8899999999999	0.00005506552719812014
1586.895	0.00005434403344122914
1586.9	0.00005390232843614535
1586.905	0.00005377199249098599
1586.9099999999999	0.00005381436150006718
1586.915	0.000053936243933923035
1586.9199999999998	0.00005403936664087599
1586.925	0.000054039366659708314
1586.93	0.00005407181014866334
1586.935	0.000053945849062584725
1586.94	0.000053755262762929765
1586.945	0.00005347760042486265
1586.9499999999998	0.000053112405394102655
1586.955	0.00005272262212425155
1586.96	0.00005238457805275473
1586.965	0.00005211488766885428
1586.97	0.00005181698188148659
1586.975	0.000051497491980805404
1586.9799999999998	0.000051186399291676946
1586.9850000000001	0.00005100742603979835
1586.99	0.00005089566416482767
1586.995	0.00005074434698428605
1587	0.0000507254560897008
1587.0049999999999	0.00005086350441169114
1587.01	0.00005118728397189276
1587.015	0.000051614030673639285
1587.02	0.000052124819606838606
1587.025	0.00005247982692943859
1587.03	0.00005268761849722963
1587.0349999999999	0.00005277544615374969
1587.04	0.00005276885932361278
1587.045	0.00005268406892460029
1587.05	0.000052591538405977244
1587.055	0.00005261447495767375
1587.06	0.00005267645246054967
1587.0649999999998	0.000052724328781364
1587.07	0.00005278031473977811
1587.075	0.00005303119486424987
1587.08	0.00005338910899122234
1587.085	0.000053702101160807014
1587.09	0.000054028645228161615
1587.0949999999998	0.00005443113657003676
1587.1	0.000054927032697391315
1587.105	0.00005540272776494703
1587.11	0.000055853622516225805
1587.115	0.00005625998726286837
1587.12	0.000056666354025174704
1587.125	0.00005714016005227218
1587.13	0.000057565734277862284
1587.135	0.000057985581711475716
1587.14	0.000058351146025412917
1587.145	0.00005866019866747809
1587.1499999999999	0.00005894573988543341
1587.155	0.00005916525680313677
1587.16	0.00005923452364987809
1587.165	0.000059209985712888925
1587.17	0.00005912972049677843
1587.175	0.00005891238110853651
1587.1799999999998	0.00005856284921285185
1587.185	0.00005813219443416015
1587.19	0.00005761595866035632
1587.195	0.00005710854135309049
1587.2	0.00005672270972319996
1587.205	0.000056465611686372366
1587.2099999999998	0.00005623345189350635
1587.215	0.000056003933467922404
1587.22	0.000055783996487596646
1587.225	0.000055612711355584635
1587.23	0.000055283430341806284
1587.235	0.00005467014089203515
1587.24	0.000053772845916645304
1587.245	0.000052895411660439495
1587.25	0.000052036065094422766
1587.255	0.0000511773611858688
1587.26	0.000050463457777189305
1587.2649999999999	0.000049916343511487736
1587.27	0.00004955927507336712
1587.275	0.00004930986404945905
1587.28	0.00004918647028686735
1587.285	0.00004920711666612247
1587.29	0.00004930563056249217
1587.2949999999998	0.00004938384762443613
1587.3	0.000049505023149038955
1587.305	0.00004957166969870341
1587.31	0.00004963543958063559
1587.315	0.000049727992906685846
1587.32	0.000049837429248759087
1587.3249999999998	0.00004994685579056563
1587.33	0.000050064743823317366
1587.335	0.000050081389288032755
1587.34	0.0000499754185537997
1587.345	0.00004978973128310111
1587.35	0.000049554991164443963
1587.355	0.0000492069710031542
1587.36	0.00004880037891254925
1587.365	0.000048564132988134134
1587.3700000000001	0.00004841072225382659
1587.375	0.00004840177715956815
1587.3799999999999	0.00004846875837193645
1587.385	0.00004867561972149656
1587.3899999999999	0.0000489426019563756
1587.395	0.0000492419392401397
1587.4	0.00004942807786777839
1587.405	0.000049450341314402
1587.4099999999999	0.000049353079339650545
1587.415	0.00004916561500484784
1587.4199999999998	0.00004889095873416668
1587.425	0.0000485305875947934
1587.43	0.000048107621504657186
1587.435	0.000047717593452107975
1587.4399999999998	0.000047369736367687895
1587.445	0.00004706781517213043
1587.45	0.00004684104420661788
1587.455	0.000046800225391052704
1587.46	0.000046800225391052704
1587.465	0.00004681728748920535
1587.47	0.00004693915977924084
1587.475	0.00004704125010921186
1587.48	0.00004718424926360681
1587.4850000000001	0.00004738031493788686
1587.49	0.0000476177044237327
1587.495	0.00004778302970116311
1587.5	0.00004795849272353607
1587.5049999999999	0.00004816199250053802
1587.51	0.000048355303872864385
1587.515	0.00004848115541577415
1587.52	0.00004852673207797216
1587.5249999999999	0.000048534042434766834
1587.53	0.00004854989442758277
1587.5349999999999	0.00004857158346155301
1587.54	0.00004859408624465216
1587.545	0.00004857203567880436
1587.55	0.000048567181400818484
1587.5549999999998	0.000048702396214863004
1587.56	0.00004893435031341526
1587.5649999999998	0.000049370969241673334
1587.57	0.00004989367299370843
1587.575	0.000050575540086863276
1587.58	0.00005134071197550165
1587.585	0.000052175683711577406
1587.59	0.000052977763784364224
1587.595	0.000053771598957220787
1587.6000000000001	0.00005456824588647833
1587.605	0.000055267408059303664
1587.61	0.00005579723370799832
1587.615	0.00005615620929439204
1587.62	0.000056395871232405485
1587.625	0.00005658008530040694
1587.63	0.00005670201998232616
1587.635	0.00005668606484670097
1587.6399999999999	0.00005674351527357113
1587.645	0.0000566669124651075
1587.6499999999999	0.00005657157939925668
1587.655	0.000056387909791878126
1587.66	0.00005612601581723364
1587.665	0.00005578391338165454
1587.6699999999998	0.00005538760792711047
1587.675	0.00005494359963788056
1587.6799999999998	0.00005458589168713348
1587.685	0.00005421649528276264
1587.69	0.000053857273552564514
1587.695	0.00005376400118793686
1587.7	0.00005370280499939041
1587.705	0.000053565917653591054
1587.7099999999998	0.00005333909523895506
1587.7150000000001	0.0000530434132782292
1587.72	0.00005260310928287838
1587.725	0.00005199989549012249
1587.73	0.000051370008736295336
1587.735	0.00005083420708606335
1587.74	0.00005036298413764857
1587.7450000000001	0.000049884213133859586
1587.75	0.00004944439705727009
1587.7549999999999	0.00004913238517868521
1587.76	0.000048997077458352515
1587.7649999999999	0.0000489630328956992
1587.77	0.00004897494928163485
1587.775	0.000049060066436580766
1587.78	0.000049156298682737094
1587.7849999999999	0.00004922790155504812
1587.79	0.00004926305398814692
1587.7949999999998	0.00004924929683136567
1587.8	0.000049156131536729095
1587.805	0.00004904223115756229
1587.81	0.00004888016242692102
1587.815	0.000048650924575470455
1587.82	0.00004844467916156619
1587.8249999999998	0.0000481773851204263
1587.8300000000002	0.00004791082615025118
1587.835	0.00004764780175676429
1587.84	0.00004732248520419038
1587.845	0.000047096298694432535
1587.85	0.0000469013030303769
1587.8549999999998	0.00004680387348401509
1587.8600000000001	0.00004669297777581959
1587.865	0.00004669297777581959
1587.87	0.00004673953642855174
1587.875	0.00004698790865062363
1587.8799999999999	0.00004731262910719034
1587.8849999999998	0.00004770501212283866
1587.89	0.000048063081489013315
1587.895	0.00004834283157992361
1587.9	0.0000485632996841032
1587.905	0.00004872173301853965
1587.9099999999999	0.00004875553587468069
1587.915	0.00004874853766523307
1587.92	0.000048680543859354675
1587.925	0.0000484848970205311
1587.93	0.00004825787594451154
1587.935	0.000048128198383846206
1587.9399999999998	0.000048146072957108524
1587.945	0.000048234160858983597
1587.95	0.00004839616716011221
1587.955	0.00004859661563172815
1587.96	0.000048846217339899936
1587.965	0.00004915454851390477
1587.9699999999998	0.000049475746846210164
1587.9750000000001	0.0000498087786476078
1587.98	0.000050200761290443
1587.985	0.00005052576613104984
1587.99	0.00005087289784580435
1587.995	0.000051232323508479574
1587.9999999999998	0.00005156319691401003
1588.005	0.0000519028017676893
1588.01	0.00005230703424635688
1588.015	0.000052669990545916524
1588.02	0.000052872420697295276
1588.0249999999999	0.000052638856594731405
1588.0299999999997	0.00005229579504257359
1588.035	0.000051832605395041655
1588.04	0.000051216960360053904
1588.045	0.000050682388887470295
1588.05	0.000050336258886843916
1588.0549999999998	0.000050194542478283954
1588.06	0.00005019381663725212
1588.065	0.00005032148742003987
1588.07	0.00005044248132585667
1588.075	0.000050525634390840215
1588.08	0.000050588348039539196
1588.0849999999998	0.00005051140944153475
1588.09	0.000050244040091062335
1588.095	0.00004975708760491667
1588.1	0.00004914120455678758
1588.105	0.00004847811837440845
1588.11	0.00004781849225121953
1588.1149999999998	0.000047213073900655144
1588.1200000000001	0.000046668969942960674
1588.125	0.00004618356623856982
1588.13	0.0000457645801957722
1588.135	0.00004544443806076067
1588.1399999999999	0.00004525111098947475
1588.145	0.000045143325371650526
1588.15	0.00004510216240305452
1588.155	0.00004510216240305452
1588.16	0.00004514321812295671
1588.165	0.00004516555872864073
1588.1699999999998	0.00004516071580314242
1588.175	0.00004515578983584046
1588.18	0.00004523166893844366
1588.185	0.00004531940682291858
1588.19	0.000045343464066480606
1588.195	0.00004537941872122561
1588.1999999999998	0.000045188209954789585
1588.205	0.00004492341400535739
1588.21	0.00004463146620861564
1588.215	0.000044322830275753443
1588.22	0.00004401705240580932
1588.225	0.000043719866325818584
1588.2299999999998	0.00004344261935664478
1588.235	0.000043226970556677835
1588.24	0.00004310618680425718
1588.2450000000001	0.000043140159858608844
1588.25	0.00004328845679900331
1588.2549999999999	0.000043449853516907064
1588.26	0.000043674762915215935
1588.265	0.00004387372791795278
1588.27	0.00004406338173484394
1588.275	0.00004414166515091671
1588.28	0.00004416753318234117
1588.2849999999999	0.00004413793175933772
1588.29	0.0000440024088484
1588.295	0.00004375405005812809
1588.3	0.00004345112819420282
1588.305	0.00004318065895613314
1588.31	0.00004295950933741192
1588.3149999999998	0.00004276451367335637
1588.32	0.0000425572944028364
1588.325	0.0000423325993418548
1588.33	0.00004214481978900628
1588.335	0.000041912356059111565
1588.34	0.000041752897500574
1588.3449999999998	0.000041634528337403525
1588.35	0.00004167568730036875
1588.355	0.00004177590014170507
1588.3600000000001	0.00004196624687317876
1588.365	0.000042340557627164236
1588.37	0.00004277953371756936
1588.375	0.00004306722813157054
1588.3799999999999	0.000043122070366609795
1588.385	0.00004314987744858939
1588.39	0.00004310022633239852
1588.395	0.00004284289498617053
1588.3999999999999	0.00004248878923013461
1588.405	0.00004221561626867325
1588.4099999999999	0.000041945803168010756
1588.415	0.00004178199017545372
1588.42	0.00004173067533137464
1588.425	0.000041818814240158064
1588.4299999999998	0.000042043786823642784
1588.435	0.000042365906313696684
1588.44	0.00004273223649601275
1588.445	0.000043101081350491094
1588.45	0.000043448351494568
1588.455	0.000043795905508514325
1588.4599999999998	0.00004412483893932166
1588.465	0.00004437233343600691
1588.47	0.00004448602252267028
1588.4750000000001	0.00004457730876002575
1588.48	0.000044637432438321364
1588.485	0.000044637432438321364
1588.49	0.00004468770133689723
1588.495	0.00004472651209757131
1588.5	0.00004475488094081508
1588.505	0.00004478609363875307
1588.51	0.00004484283455900397
1588.5149999999999	0.00004491894649942326
1588.52	0.000045018509243079314
1588.5249999999999	0.00004516672981411997
1588.53	0.000045354902067168134
1588.535	0.00004563605534819674
1588.54	0.000045981749130226106
1588.5449999999998	0.00004622990565573675
1588.55	0.000046576797626196804
1588.5549999999998	0.0000470192979630861
1588.56	0.000047413918393533255
1588.565	0.00004776960995657639
1588.57	0.000048087182163484054
1588.5749999999998	0.00004832662007295806
1588.58	0.00004850683595657758
1588.585	0.0000485254985843151
1588.5900000000001	0.0000483488383983255
1588.595	0.0000480620919941745
1588.6	0.00004776089025334543
1588.605	0.000047478762418858585
1588.61	0.000047142211393255125
1588.615	0.000046799555513935494
1588.6200000000001	0.00004653818387477842
1588.625	0.0000463406073421966
1588.6299999999999	0.00004616522119504619
1588.635	0.00004603257282000892
1588.6399999999999	0.00004594288602699993
1588.645	0.00004595856124796466
1588.65	0.0000459888597046396
1588.655	0.000045982976899898135
1588.6599999999999	0.00004594388884476171
1588.665	0.00004591445354797045
1588.6699999999998	0.000045838733082664604
1588.675	0.0000457098892120743
1588.68	0.00004558221347965548
1588.685	0.00004550650549100658
1588.6899999999998	0.000045315027864803105
1588.695	0.000045036626806368474
1588.6999999999998	0.00004464793987588665
1588.7050000000002	0.000044164525215118886
1588.71	0.0000436630130027225
1588.715	0.000043222662573587074
1588.72	0.000042856636463983314
1588.725	0.00004263466487467136
1588.73	0.00004261165788006267
1588.7350000000001	0.00004270277924692145
1588.74	0.00004288573189078333
1588.745	0.000043164018175360145
1588.75	0.000043337470397955555
1588.7549999999999	0.00004349592801004118
1588.76	0.00004355756038893342
1588.765	0.00004355139992537742
1588.77	0.000043413951598234116
1588.7749999999999	0.00004316307093648354
1588.78	0.00004284722835488802
1588.7849999999999	0.00004250403978686214
1588.79	0.00004218780428138572
1588.795	0.00004192106228930676
1588.8	0.000041749917953792924
1588.8049999999998	0.00004168664139323283
1588.81	0.00004166146248075673
1588.8149999999998	0.00004163628356828078
1588.8200000000002	0.00004163879918131242
1588.825	0.0000417395045833859
1588.83	0.000041922142031233904
1588.835	0.0000421435203104381
1588.84	0.000042375317545136744
1588.8449999999998	0.0000425739280897233
1588.8500000000001	0.000042758912500742515
1588.855	0.00004294594509349415
1588.86	0.000043134600148177564
1588.865	0.00004336203177593888
1588.87	0.000043570804727549156
1588.8749999999998	0.00004369807223474321
1588.88	0.00004373264078097175
1588.885	0.00004363689068670523
1588.8899999999999	0.000043470485993393595
1588.895	0.00004320747295320942
1588.8999999999999	0.00004293311859977879
1588.905	0.0000427120997572423
1588.91	0.00004254449135129227
1588.915	0.00004246606652043158
1588.9199999999998	0.00004248869105545596
1588.925	0.00004261489208430458
1588.9299999999998	0.00004291162629676402
1588.9350000000002	0.00004332019771343427
1588.94	0.00004389618808233892
1588.945	0.00004435143796717154
1588.95	0.000044793660120899095
1588.955	0.000045124675770359223
1588.9599999999998	0.00004540801288736992
1588.9650000000001	0.00004548546846416039
1588.97	0.0000454826347027808
1588.975	0.00004540417588279989
1588.98	0.000045272271812199975
1588.985	0.000045117211410661237
1588.9899999999998	0.00004495629195909261
1588.9950000000001	0.000044776368125877586
1589	0.000044557830205442215
1589.0049999999999	0.00004435547621444585
1589.01	0.00004416965676529317
1589.0149999999999	0.00004401181652817044
1589.02	0.000043882228076829786
1589.025	0.00004378033068155603
1589.03	0.000043671713201747615
1589.0349999999999	0.000043607416479792566
1589.04	0.000043654334149323444
1589.0449999999998	0.000043666592673062955
1589.05	0.00004360965252175375
1589.055	0.000043369208247320766
1589.06	0.0000429846369915167
1589.065	0.0000424325224899994
1589.07	0.000041757265117031796
1589.0749999999998	0.00004109007086064484
1589.08	0.000040514725120262146
1589.085	0.00003996856345887072
1589.09	0.00003945185833647364
1589.095	0.00003909854591886818
1589.1	0.00003890466532002282
1589.1049999999998	0.00003875552956390474
1589.1100000000001	0.00003872522951668832
1589.115	0.000038799151003346565
1589.12	0.00003892786943132393
1589.125	0.000039039615533826834
1589.1299999999999	0.00003910486586510925
1589.135	0.00003914742444258209
1589.14	0.000039229988074829665
1589.145	0.00003929520652343986
1589.1499999999999	0.000039280697842492576
1589.155	0.00003915891088506263
1589.1599999999999	0.000039009963213360226
1589.165	0.00003889106920762232
1589.17	0.00003879131382605672
1589.175	0.00003868906946763309
1589.18	0.00003853346618425713
1589.185	0.00003842371410782847
1589.1899999999998	0.0000383121197647709
1589.195	0.0000381454438658775
1589.2	0.000038015555949265514
1589.205	0.000037916247840177527
1589.21	0.00003789877519011499
1589.215	0.00003793085430584827
1589.2199999999998	0.00003802165336859609
1589.225	0.000038186134059815925
1589.23	0.00003843375600911417
1589.235	0.000038627149452062306
1589.24	0.00003875632291899775
1589.245	0.00003885699727796887
1589.25	0.0000388893107239843
1589.255	0.00003876776885169261
1589.26	0.000038481919609547244
1589.265	0.000038131137329857424
1589.27	0.00003777124199363045
1589.2749999999999	0.00003742166217037916
1589.28	0.000037088582260087294
1589.285	0.00003682663458107217
1589.29	0.0000366791571022262
1589.295	0.00003662351492719432
1589.3	0.000036638626606905046
1589.3049999999998	0.00003674162984109942
1589.31	0.00003688598729856169
1589.315	0.000037189212832129103
1589.32	0.00003741710062728912
1589.325	0.00003767235703986964
1589.33	0.000037878198475422714
1589.3349999999998	0.00003810941239785452
1589.34	0.00003835421517146387
1589.345	0.00003855697111923894
1589.35	0.00003876568168521001
1589.355	0.00003901168647042375
1589.36	0.000039145856393389924
1589.365	0.000039212791935863875
1589.37	0.00003920360177289698
1589.375	0.00003905356097967692
1589.38	0.000038841641113908384
1589.385	0.00003878927962510395
1589.3899999999999	0.00003892449264151248
1589.395	0.0000391897893016741
1589.4	0.000039511477768929625
1589.405	0.00003996885324796154
1589.41	0.00004057737996041651
1589.415	0.00004115023250873142
1589.4199999999998	0.00004165459965441677
1589.425	0.000042061664594497656
1589.43	0.00004237740838801909
1589.435	0.00004260354676663432
1589.44	0.00004272032040510715
1589.445	0.000042663579484856315
1589.4499999999998	0.00004260683856460536
1589.455	0.00004248803091743687
1589.46	0.00004233272811243195
1589.465	0.000042208980864089305
1589.47	0.00004203399253306813
1589.475	0.000041921317476167406
1589.48	0.00004188396637668568
1589.485	0.000041937319779309886
1589.49	0.00004196453534094355
1589.4950000000001	0.000042008804446931826
1589.5	0.00004205417274962917
1589.5049999999999	0.00004208085488076041
1589.51	0.000042147734004358665
1589.5149999999999	0.000042228771024833067
1589.52	0.00004229869635436103
1589.525	0.00004233641369820918
1589.53	0.000042338015203640417
1589.5349999999999	0.00004227478203685815
1589.54	0.00004221828271377276
1589.5449999999998	0.00004213135418689072
1589.55	0.00004206228553654742
1589.555	0.0000418400741708997
1589.56	0.00004153424651602266
1589.5649999999998	0.000041141009772488494
1589.57	0.00004068261079913324
1589.575	0.00004027525250826712
1589.58	0.00003988120649127679
1589.585	0.0000394538491598468
1589.59	0.00003910231726590286
1589.595	0.000038856002694230014
1589.6	0.000038734299119131474
1589.605	0.000038606518449140175
1589.6100000000001	0.000038562989800528914
1589.615	0.00003870242706668428
1589.62	0.0000388135148386278
1589.625	0.00003897605232233259
1589.6299999999999	0.00003907360711745345
1589.635	0.00003916529903491606
1589.64	0.00003920360177289698
1589.645	0.000039196262413551096
1589.6499999999999	0.00003916440505235401
1589.655	0.0000390985461505803
1589.6599999999999	0.00003901733421833452
1589.665	0.000038891894156098594
1589.67	0.00003876845537354319
1589.675	0.00003860569214275846
1589.6799999999998	0.000038401975397948467
1589.685	0.000038236047173438385
1589.6899999999998	0.000038100710285445346
1589.695	0.00003795954028029208
1589.7	0.00003776628475006344
1589.705	0.00003766639565583317
1589.71	0.00003771190079697568
1589.715	0.000037960213306911565
1589.72	0.00003833966904188009
1589.7250000000001	0.00003866140556338809
1589.73	0.000039019364381708495
1589.735	0.00003929622733198386
1589.74	0.00003931704822445354
1589.745	0.00003915691214316682
1589.75	0.00003887676166187276
1589.755	0.00003847968745152958
1589.76	0.000038063539192483764
1589.7649999999999	0.00003771645430009172
1589.77	0.000037479208045160335
1589.7749999999999	0.00003738780425079888
1589.78	0.00003743461176717831
1589.785	0.0000376652478881274
1589.79	0.00003802212764725625
1589.7949999999998	0.00003848862242280603
1589.8	0.000038969560966476246
1589.8049999999998	0.00003937503915474823
1589.81	0.00003965939680731963
1589.815	0.0000398698300871998
1589.82	0.0000400212899414414
1589.825	0.000040111942909839633
1589.83	0.00004008486752817281
1589.8349999999998	0.00003996945790387654
1589.8400000000001	0.00003983300079528316
1589.845	0.00003967808355179743
1589.85	0.000039434349995904555
1589.855	0.00003924390025385841
1589.86	0.00003907523750768994
1589.865	0.00003891099243210846
1589.8700000000001	0.00003875511177353772
1589.875	0.00003860900163524644
1589.8799999999999	0.000038481718980542054
1589.885	0.000038424033188676176
1589.8899999999999	0.000038457346806514694
1589.895	0.00003850318085916776
1589.9	0.00003852650392504258
1589.905	0.00003852564849660316
1589.9099999999999	0.00003845370707859781
1589.915	0.000038308330023729034
1589.9199999999998	0.00003804772541767806
1589.925	0.000037691031797201274
1589.93	0.00003727925348705611
1589.935	0.00003687628434948287
1589.94	0.000036415942393456135
1589.945	0.00003595958259945531
1589.9499999999998	0.00003562416852320261
1589.9550000000002	0.00003540429077352626
1589.96	0.00003527652332191895
1589.965	0.00003514743705781753
1589.97	0.00003507589385930637
1589.975	0.000035084478933626005
1589.9799999999998	0.0000351442627115894
1589.9850000000001	0.00003522607111080141
1589.99	0.00003533933637448192
1589.995	0.000035570473476270865
1590	0.000035711004851888406
1590.0049999999999	0.00003587495123905289
1590.0099999999998	0.00003600377433847889
1590.015	0.00003614364375530251
1590.02	0.000036332665523531206
1590.0249999999999	0.000036531948742764784
1590.03	0.0000367019623827272
1590.0349999999999	0.00003682674373760457
1590.04	0.00003690035204681302
1590.045	0.000037005575622286804
1590.05	0.00003702239469073943
1590.055	0.000036801932569146955
1590.06	0.00003650258041301255
1590.0649999999998	0.00003627934860352837
1590.07	0.00003607557887075765
1590.075	0.00003592007126670811
1590.08	0.00003581175084483446
1590.085	0.0000358875348773069
1590.09	0.000036034826148102275
1590.0949999999998	0.00003623744446673574
1590.1000000000001	0.00003625399053330965
1590.105	0.000036361878471648695
1590.11	0.00003641826984917604
1590.115	0.000036411744338076134
1590.12	0.00003625253889970002
1590.1249999999998	0.000035953054164903214
1590.13	0.000035601332010133904
1590.135	0.00003532745088304343
1590.14	0.00003500850133709357
1590.145	0.00003466519625420422
1590.1499999999999	0.00003435165590011395
1590.1549999999997	0.00003412396809811925
1590.16	0.00003404146993255744
1590.165	0.00003397932407034596
1590.17	0.0000339608122832024
1590.175	0.00003398657398727119
1590.1799999999998	0.000034000996812929155
1590.185	0.000034161292231102896
1590.19	0.000034284169511581596
1590.195	0.000034442307832605496
1590.2	0.00003467175586195042
1590.205	0.00003489727655731123
1590.2099999999998	0.000035168112728745676
1590.215	0.00003539945777190106
1590.22	0.000035614415485991974
1590.225	0.00003580615616566982
1590.23	0.00003588745492908875
1590.235	0.000035889963910107895
1590.2399999999998	0.000035768962127512345
1590.2450000000001	0.00003559709096248907
1590.25	0.00003546087688126754
1590.255	0.00003539716734541049
1590.26	0.00003544082976980335
1590.2649999999999	0.00003563138550005998
1590.2699999999998	0.00003593115652326284
1590.275	0.000036366679072791146
1590.28	0.00003690066328900668
1590.285	0.00003745122254264898
1590.29	0.000037957791898261296
1590.2949999999998	0.00003841183145624209
1590.3	0.00003875707784953536
1590.305	0.00003899357579324648
1590.31	0.00003902422213901556
1590.315	0.000038992298874983724
1590.32	0.00003879155284713731
1590.3249999999998	0.00003856905983558564
1590.33	0.000038274135671472164
1590.335	0.00003797218653646192
1590.34	0.000037688107171794614
1590.345	0.000037384881638227206
1590.35	0.00003707297269626513
1590.3549999999998	0.00003672818910878046
1590.36	0.00003642433026267054
1590.365	0.00003606843244357095
1590.3700000000001	0.00003574925625781245
1590.375	0.00003537847086008351
1590.3799999999999	0.00003511036632829795
1590.385	0.000034987337578865675
1590.39	0.00003490533152937623
1590.395	0.00003487852871743045
1590.4	0.000034844733977296815
1590.405	0.00003465212653436594
1590.4099999999999	0.00003442489870956835
1590.415	0.00003419949901018205
1590.42	0.00003399652070257109
1590.425	0.0000337697784345308
1590.43	0.000033543036134555465
1590.435	0.000033358664986669145
1590.4399999999998	0.000033193864774579994
1590.445	0.00003310570359057544
1590.45	0.00003306025968581651
1590.455	0.000033108123627601045
1590.46	0.00003316601860120981
1590.465	0.000033257378743578875
1590.4699999999998	0.000033389748043919235
1590.475	0.00003349973813548453
1590.48	0.000033652783378932695
1590.4850000000001	0.0000337673815397937
1590.49	0.000033836213399404104
1590.495	0.00003391623807352127
1590.5	0.00003396345709143092
1590.5049999999999	0.0000340098811735148
1590.51	0.000034055774449370815
1590.515	0.000034055774449370815
1590.52	0.000034029554814269555
1590.5249999999999	0.00003395028286457961
1590.53	0.000033846941389271475
1590.535	0.0000337353593567891
1590.54	0.00003360624723310925
1590.545	0.00003347931854988757
1590.55	0.00003330542293506441
1590.5549999999998	0.00003312467316142935
1590.56	0.00003293904007391418
1590.565	0.000032752642851155
1590.57	0.000032648793438148194
1590.575	0.00003270146694735565
1590.58	0.000032772970973664214
1590.5849999999998	0.00003292344726083673
1590.59	0.000033117561978012026
1590.595	0.00003332650033248251
1590.6000000000001	0.00003350243720629304
1590.605	0.000033615125987465085
1590.61	0.000033692319736918645
1590.615	0.000033698277547955527
1590.62	0.000033569589168497304
1590.625	0.00003333448228271917
1590.63	0.0000331566522755867
1590.635	0.000032949874745252537
1590.6399999999999	0.00003283380807511074
1590.645	0.00003279416017887497
1590.6499999999999	0.00003283748885412569
1590.655	0.0000329740608028196
1590.66	0.00003318446713257737
1590.665	0.0000334363271898624
1590.6699999999998	0.00003383696901454806
1590.675	0.00003413102924136337
1590.6799999999998	0.00003451321867505636
1590.685	0.00003485556405448768
1590.69	0.000035206021352528965
1590.695	0.00003554847672571968
1590.6999999999998	0.00003592647808084189
1590.705	0.00003622170474739149
1590.71	0.00003639135682427662
1590.7150000000001	0.000036439769251915444
1590.72	0.000036257673026996705
1590.725	0.00003579283534703057
1590.73	0.00003523284647179032
1590.735	0.00003459608842791364
1590.74	0.000034013608707023007
1590.7450000000001	0.00003368691254942741
1590.75	0.000033486701849875205
1590.7549999999999	0.00003344096361370803
1590.76	0.00003348168339392168
1590.7649999999999	0.000033618377230819894
1590.77	0.000033709499075319454
1590.775	0.000033698277547955527
1590.78	0.000033682253141400054
1590.7849999999999	0.00003360058933737829
1590.79	0.00003333864231852045
1590.7949999999998	0.0000330381398381143
1590.8	0.00003276499862686711
1590.805	0.000032485334088575074
1590.81	0.00003220194226674151
1590.8149999999998	0.00003194659080190396
1590.82	0.0000318069492366765
1590.8249999999998	0.0000316898486871977
1590.8300000000002	0.00003163026298034647
1590.835	0.000031641650810271984
1590.84	0.00003162831517452552
1590.845	0.0000316939425539406
1590.85	0.00003176698869649917
1590.855	0.0000318184352206824
1590.8600000000001	0.0000319244792198744
1590.865	0.000032057406471149194
1590.87	0.00003215750134365865
1590.875	0.00003229126244151278
1590.8799999999999	0.000032459360800990974
1590.885	0.00003258671311424031
1590.89	0.000032699864976748674
1590.895	0.00003279968882940313
1590.8999999999999	0.00003286952573227755
1590.905	0.00003283333621353885
1590.9099999999999	0.00003275221978568356
1590.915	0.0000326794397717051
1590.92	0.000032547252558464734
1590.925	0.000032347491900568476
1590.9299999999998	0.00003219960622295773
1590.935	0.000032103658880347127
1590.9399999999998	0.000032012379662568316
1590.9450000000002	0.00003197018114620187
1590.95	0.000032017037694834316
1590.955	0.00003212430487428715
1590.96	0.00003224134206089807
1590.965	0.00003233784482468704
1590.9699999999998	0.00003253643804556846
1590.9750000000001	0.0000326176906714265
1590.98	0.00003275508759866427
1590.985	0.00003279935864584831
1590.99	0.000032729925731676704
1590.995	0.000032621195484554296
1591	0.000032514030375180494
1591.005	0.0000324076305730887
1591.01	0.00003229768951952504
1591.0149999999999	0.00003213809918493477
1591.02	0.00003198570770285078
1591.0249999999999	0.00003180494601496643
1591.03	0.00003159571663113487
1591.035	0.00003139558568351996
1591.04	0.00003128697907137699
1591.0449999999998	0.000031136286091467954
1591.05	0.000030979386422388536
1591.0549999999998	0.000030799471014689045
1591.0600000000002	0.00003073796002805296
1591.065	0.00003079342837283075
1591.07	0.000031043931764366876
1591.075	0.00003128370315546539
1591.08	0.00003148440941429242
1591.0849999999998	0.00003166060192827716
1591.0900000000001	0.000031730574695631066
1591.095	0.00003169921112474883
1591.1	0.00003158380803472289
1591.105	0.00003141234795707543
1591.11	0.000031147530047909066
1591.1149999999998	0.000030931383973828054
1591.1200000000001	0.00003077119018812316
1591.125	0.000030686292548687956
1591.1299999999999	0.00003070968279113618
1591.135	0.00003083659099362835
1591.1399999999999	0.000031045373217591535
1591.1449999999998	0.000031333665434924014
1591.15	0.00003165691217974261
1591.155	0.000032048728483440504
1591.1599999999999	0.00003244593341765911
1591.165	0.000032804557047539965
1591.1699999999998	0.00003318758424479623
1591.175	0.000033420805282572465
1591.18	0.00003357958869221661
1591.185	0.00003369629985399858
1591.19	0.000033791290914798045
1591.195	0.00003383673481955703
1591.1999999999998	0.00003382638776221833
1591.205	0.00003378343536539159
1591.21	0.00003374594962870864
1591.215	0.00003364064278583409
1591.22	0.000033446848629178
1591.225	0.00003328876436764649
1591.2299999999998	0.00003314973116567387
1591.2350000000001	0.00003308416213812256
1591.24	0.00003305959539124522
1591.245	0.000033155239548902955
1591.25	0.00003328717344057707
1591.2549999999999	0.00003348088272315786
1591.26	0.00003372946359096583
1591.265	0.00003403012635206042
1591.27	0.000034183867350890235
1591.2749999999999	0.00003426579770894535
1591.28	0.00003419804170476457
1591.2849999999999	0.00003407293237050123
1591.29	0.000033824454684879144
1591.295	0.000033537415898341795
1591.3	0.00003312455069889222
1591.305	0.00003264234782936925
1591.31	0.00003224152175977507
1591.3149999999998	0.00003191594914621978
1591.32	0.000031660602012309366
1591.325	0.00003150101165898088
1591.33	0.000031357679365997857
1591.335	0.00003127457183101251
1591.34	0.000031230670994301684
1591.3449999999998	0.00003122095234810173
1591.35	0.00003122621686264134
1591.355	0.000031218296780894705
1591.36	0.000031240024213556594
1591.365	0.000031259653904927215
1591.37	0.000031239926389965434
1591.375	0.000031251780464906396
1591.38	0.00003117893205493687
1591.385	0.00003108598152351951
1591.3899999999999	0.00003093479215493003
1591.395	0.00003064846265272539
1591.3999999999999	0.000030322002079002625
1591.405	0.000029976736109566313
1591.41	0.000029676541287700207
1591.415	0.000029405644012256606
1591.42	0.000029251200092364866
1591.425	0.000029228930839339434
1591.4299999999998	0.000029284028887555508
1591.435	0.000029397971309717522
1591.44	0.00002958089657311619
1591.445	0.000029785352523065555
1591.45	0.00002995782871536688
1591.455	0.00003013160069972175
1591.4599999999998	0.000030336723065438404
1591.465	0.000030444566924594064
1591.47	0.000030497344258770802
1591.475	0.000030503013514063067
1591.48	0.000030462157505107837
1591.485	0.000030447975162329885
1591.49	0.000030387475567494895
1591.495	0.000030300153128410198
1591.5	0.00003022213059568425
1591.505	0.0000301954482865645
1591.51	0.00003020942039892046
1591.5149999999999	0.00003028591922745453
1591.52	0.000030363584062753288
1591.525	0.000030426710574413925
1591.53	0.00003052296589675663
1591.535	0.00003068114161946876
1591.54	0.00003089332604691812
1591.5449999999998	0.00003112241811819024
1591.55	0.00003134349089514797
1591.555	0.0000315442275876706
1591.56	0.00003172680950278065
1591.565	0.000031964860789011434
1591.57	0.00003220576494884541
1591.5749999999998	0.000032383474071760484
1591.58	0.00003240827798133835
1591.585	0.000032246966443225445
1591.59	0.00003206921944845736
1591.595	0.00003180603286682622
1591.6	0.0000314969492458576
1591.605	0.00003110485976943637
1591.61	0.000030784751350779094
1591.615	0.00003051377253622372
1591.6200000000001	0.000030369997091260753
1591.625	0.000030194202110037195
1591.6299999999999	0.000030177019656287068
1591.635	0.000030227608140720382
1591.6399999999999	0.000030325749816412233
1591.645	0.00003042527800198622
1591.65	0.00003040613956776427
1591.655	0.000030325661103043835
1591.6599999999999	0.000030222806126919645
1591.665	0.000030053785659292827
1591.6699999999998	0.00002978096585741478
1591.675	0.000029453893178207967
1591.68	0.000029140312169886656
1591.685	0.00002884239361460055
1591.6899999999998	0.000028512468232468485
1591.695	0.00002823455590014242
1591.7	0.000027952936169491306
1591.705	0.000027661110873593704
1591.71	0.000027419896209724603
1591.715	0.000027138366730233136
1591.72	0.000026944734528221702
1591.725	0.00002682060870265368
1591.73	0.00002677976677999591
1591.7350000000001	0.000026960185057479848
1591.74	0.000027241650111484207
1591.745	0.00002752473155132611
1591.75	0.00002781347140855414
1591.7549999999999	0.000028020568417013358
1591.76	0.000028021512776591335
1591.765	0.00002788537377547181
1591.77	0.000027681903463706694
1591.7749999999999	0.00002745774998327489
1591.78	0.000027206421332764796
1591.7849999999999	0.0000270113722993294
1591.79	0.000026870257016128224
1591.795	0.00002679185536927575
1591.8	0.00002675483169599328
1591.8049999999998	0.000026836291821647388
1591.81	0.00002702039778192687
1591.8149999999998	0.000027254557503442568
1591.82	0.00002747826321780917
1591.825	0.000027705249997090822
1591.83	0.000027870123755250933
1591.835	0.000028022597659134416
1591.84	0.00002816574166760636
1591.845	0.000028275731759168047
1591.8500000000001	0.000028361091137264312
1591.855	0.000028380067484861323
1591.86	0.00002834787302372627
1591.865	0.000028291122402196313
1591.87	0.000028234381481945406
1591.875	0.000028171257209565087
1591.88	0.000028078295782679573
1591.885	0.00002803759484066975
1591.8899999999999	0.000027951823168811266
1591.895	0.000027846741451023538
1591.8999999999999	0.000027730306675680453
1591.905	0.00002760310601634
1591.91	0.000027607357938982387
1591.915	0.00002757040853457349
1591.9199999999998	0.00002761374274403244
1591.925	0.000027707296968516924
1591.9299999999998	0.000027878369984321595
1591.935	0.00002806783591834473
1591.94	0.00002814750386875327
1591.945	0.000028281977841141567
1591.95	0.00002840184633414771
1591.955	0.000028478956664912406
1591.9599999999998	0.00002847334819942983
1591.9650000000001	0.00002839950485079589
1591.97	0.000028267109370208266
1591.975	0.000028139334997586145
1591.98	0.000027939792637195613
1591.985	0.000027753254539849312
1591.99	0.000027590778040444363
1591.9950000000001	0.000027491006184413684
1592	0.000027440716248233397
1592.0049999999999	0.000027380128485931982
1592.01	0.000027319540723630426
1592.0149999999999	0.000027407430963817235
1592.02	0.00002751436149737695
1592.025	0.000027634781401054735
1592.03	0.00002776867918650043
1592.0349999999999	0.00002792484298073644
1592.04	0.000028113342400439328
1592.0449999999998	0.000028376075531533767
1592.05	0.00002861016761039577
1592.055	0.000028836438966639723
1592.06	0.000029062313794377263
1592.065	0.000029323138588816462
1592.07	0.00002943680568459836
1592.0749999999998	0.000029326713020623908
1592.0800000000002	0.000028995526447606655
1592.085	0.000028609060002442742
1592.09	0.000028226213322170702
1592.095	0.00002788202735397451
1592.1	0.000027606532865059823
1592.1049999999998	0.0000274701148984863
1592.1100000000001	0.000027476235257424296
1592.115	0.000027654938419083245
1592.12	0.000027879348921596974
1592.125	0.000028146730363855804
1592.1299999999999	0.000028407140360620293
1592.1349999999998	0.00002865585145387682
1592.14	0.0000288337626658208
1592.145	0.00002886603952713942
1592.1499999999999	0.0000288220855864716
1592.155	0.000028575943562253528
1592.1599999999999	0.000028264750426048764
1592.165	0.000027937973818514817
1592.17	0.0000276234132451831
1592.175	0.00002733904456843356
1592.18	0.000027062744628320493
1592.185	0.000026865920985394432
1592.1899999999998	0.000026735331653189582
1592.1950000000002	0.00002662000772500732
1592.2	0.00002657456380639608
1592.205	0.00002654196190617254
1592.21	0.000026568208791348323
1592.215	0.000026668914737192245
1592.2199999999998	0.000026826687611418132
1592.2250000000001	0.000027009898035749976
1592.23	0.000027180450741298185
1592.235	0.000027326866290694753
1592.24	0.000027456189123534253
1592.245	0.00002756517232085698
1592.2499999999998	0.000027632897948853337
1592.255	0.000027470328118056793
1592.26	0.0000272481723563112
1592.2649999999999	0.00002696557971461016
1592.27	0.000026727259330415686
1592.2749999999999	0.000026525877877346366
1592.2799999999997	0.000026294699672691186
1592.285	0.000026151095458829454
1592.29	0.000026137407985515937
1592.295	0.00002617315716841921
1592.3	0.000026338493574358655
1592.3049999999998	0.000026570515481552136
1592.31	0.000026761709451491942
1592.315	0.000026948247813444915
1592.32	0.0000271081516694465
1592.325	0.000027253149254583893
1592.33	0.000027378576551981902
1592.3349999999998	0.000027459496636987285
1592.34	0.000027501404154867847
1592.345	0.000027495242183692456
1592.35	0.000027464188819265707
1592.355	0.000027423420486146127
1592.36	0.00002736572290192923
1592.3649999999998	0.000027334667853522298
1592.3700000000001	0.0000273187127178971
1592.375	0.000027349939187204223
1592.38	0.0000273000454814499
1592.385	0.00002732929881591251
1592.3899999999999	0.0000272931195658453
1592.3949999999998	0.00002725508410898289
1592.4	0.000027245623641647415
1592.405	0.000027306901315526763
1592.41	0.000027506582686129087
1592.415	0.000027701411410045152
1592.4199999999998	0.000027867645231423988
1592.425	0.00002800852496693881
1592.43	0.000028071086316501313
1592.435	0.000028103590011596666
1592.44	0.000028071414968841115
1592.445	0.000027888765688520513
1592.4499999999998	0.00002766127956646491
1592.455	0.000027401939837592622
1592.46	0.000027161015943547514
1592.465	0.000026947518779435823
1592.47	0.000026753359642135218
1592.475	0.000026568407586872606
1592.4799999999998	0.000026381016472064988
1592.485	0.000026395223821260842
1592.49	0.000026405512471683303
1592.4950000000001	0.000026398154343778904
1592.5	0.000026371875296867263
1592.5049999999999	0.00002640658930544281
1592.5099999999998	0.000026461507586402183
1592.515	0.00002650408565530094
1592.52	0.000026464656384994622
1592.525	0.000026391327152023193
1592.53	0.00002626519446907556
1592.5349999999999	0.000026094557245905938
1592.54	0.000025938516827931317
1592.545	0.000025764678603668795
1592.55	0.000025566609637298623
1592.555	0.000025350926488452312
1592.56	0.000025084192487712966
1592.5649999999998	0.00002472380527780356
1592.57	0.000024411739763804746
1592.575	0.000024084129095840905
1592.58	0.000023800112669712287
1592.585	0.000023582734235551098
1592.59	0.000023436987448983804
1592.5949999999998	0.000023379377675970655
1592.6	0.000023404317835583385
1592.605	0.000023503760819555572
1592.6100000000001	0.000023697762317625024
1592.615	0.00002388165251201821
1592.62	0.000024053247734185137
1592.625	0.000024186707556593053
1592.6299999999999	0.000024253515831104677
1592.635	0.00002420518083418225
1592.64	0.000024055748409385445
1592.645	0.000023838394011484742
1592.6499999999999	0.00002361313338475186
1592.655	0.000023349965921498215
1592.66	0.000023098751930532817
1592.665	0.00002288681729833613
1592.67	0.000022759137234990204
1592.675	0.000022666682387240148
1592.6799999999998	0.000022651889594271776
1592.685	0.000022670958418039042
1592.69	0.00002272096554759921
1592.695	0.000022801903710106904
1592.7	0.000022902791803839707
1592.705	0.00002303534983116311
1592.7099999999998	0.000023170243339684815
1592.715	0.000023286106231489084
1592.72	0.00002347947881440297
1592.7250000000001	0.000023625360075662156
1592.73	0.0000237963020168934
1592.735	0.000023950602263202715
1592.74	0.000024046094018063134
1592.745	0.000024060984706744178
1592.75	0.000023948507755592
1592.755	0.000023699235040223752
1592.76	0.00002342985163440298
1592.7649999999999	0.000023301330939208416
1592.77	0.00002312972762468715
1592.7749999999999	0.000023028803194980483
1592.78	0.000022991502191871418
1592.785	0.000023061653928008573
1592.79	0.000023219825548621376
1592.7949999999998	0.000023418799644641347
1592.8	0.000023606129367913013
1592.8049999999998	0.00002373071898989899
1592.81	0.000023850997730986738
1592.815	0.00002392672935083069
1592.82	0.00002390067355424529
1592.8249999999998	0.00002382813922673133
1592.83	0.000023743325789271574
1592.835	0.000023650929203595797
1592.8400000000001	0.000023485944066253256
1592.845	0.000023320949750012506
1592.85	0.000023175360122746776
1592.855	0.00002305546560956824
1592.86	0.000022957717666495446
1592.865	0.00002294185267683263
1592.8700000000001	0.00002290723621699277
1592.875	0.000022863350389545847
1592.8799999999999	0.000022853381481603396
1592.885	0.00002292288055357244
1592.8899999999999	0.000022944581077982964
1592.895	0.000023056293012922185
1592.9	0.000023168009018930814
1592.905	0.000023288866582379356
1592.9099999999999	0.000023435119940868518
1592.915	0.000023600086812865457
1592.9199999999998	0.000023806578197642345
1592.925	0.000023961193778987278
1592.93	0.000024067794051468873
1592.935	0.000024099298566451433
1592.9399999999998	0.00002398759934243116
1592.945	0.000023863195433959928
1592.9499999999998	0.000023711142839783693
1592.9550000000002	0.000023533059801391615
1592.96	0.000023347472109145087
1592.965	0.000022082388959561496
1592.97	0.000021872044918456206
1592.975	0.00002174702605613878
1592.98	0.000021711880845841006
1592.9850000000001	0.00002174199821005282
1592.99	0.000021799702701477663
1592.995	0.000021873534639475665
1593	0.000021956297115819135
1593.0049999999999	0.000022005557442951926
1593.01	0.000021993374508846326
1593.015	0.000021936846574713114
1593.02	0.000021861769372724163
1593.0249999999999	0.0000217876620190329
1593.03	0.000021707457579118958
1593.0349999999999	0.00002162713022752113
1593.04	0.0000215435467993261
1593.045	0.00002145572132105306
1593.05	0.000021363361611951332
1593.0549999999998	0.000021275749866508723
1593.06	0.00002120988917623197
1593.0649999999998	0.000021148299108269394
1593.0700000000002	0.000021079727233902868
1593.075	0.000021022896888849687
1593.08	0.0000209972646830969
1593.085	0.00002099585928207291
1593.09	0.000021076227255007618
1593.0949999999998	0.000021225314121984796
1593.1000000000001	0.000021428317133361857
1593.105	0.000021624324250418614
1593.11	0.00002177016307687444
1593.115	0.000021831767476151704
1593.12	0.000021817012443318736
1593.125	0.000021744163800972698
1593.13	0.000021642906770377972
1593.135	0.000021496014759474955
1593.1399999999999	0.00002129559169830138
1593.145	0.00002108849968210725
1593.1499999999999	0.000020931906531161397
1593.155	0.000020836567632022195
1593.16	0.000020775951975613302
1593.165	0.00002079544329536463
1593.1699999999998	0.000020864444942132714
1593.175	0.000020965413765963468
1593.1799999999998	0.000021078578939538142
1593.1850000000002	0.000021149590113922144
1593.19	0.000021230550196169022
1593.195	0.000021300121483677213
1593.2	0.000021342142584922476
1593.205	0.00002136333101302798
1593.2099999999998	0.000021352864228027244
1593.2150000000001	0.000021322524966163246
1593.22	0.000021279824657128023
1593.225	0.000021222757473698383
1593.23	0.00002115236782587109
1593.235	0.000021057290380052765
1593.2399999999998	0.000020933299968051433
1593.2450000000001	0.00002078820710526468
1593.25	0.000020641148971852338
1593.2549999999999	0.00002047995678251577
1593.26	0.00002034190513277113
1593.2649999999999	0.000020257642257243837
1593.2699999999998	0.00002025000394244499
1593.275	0.000020342718270477193
1593.28	0.000020433222600831223
1593.2849999999999	0.000020515562539720866
1593.29	0.00002061112385560575
1593.2949999999998	0.00002075204654572481
1593.3	0.000020871028198353273
1593.305	0.000020965371082259742
1593.31	0.000020996840168902007
1593.315	0.000020971134370319687
1593.32	0.000020882933191359295
1593.3249999999998	0.000020756137887062888
1593.33	0.00002064155114254449
1593.335	0.0000205710134940464
1593.34	0.000020528768937473536
1593.345	0.000020501942636186822
1593.35	0.000020494334764830332
1593.3549999999998	0.000020518379103662798
1593.3600000000001	0.000020583334826979865
1593.365	0.000020671797342483053
1593.37	0.00002079061308067763
1593.375	0.00002092877016440266
1593.3799999999999	0.000021089009731458838
1593.3849999999998	0.000021284019061511607
1593.39	0.000021487644779353803
1593.395	0.00002171953972779882
1593.3999999999999	0.00002190134723140219
1593.405	0.0000221466813964712
1593.4099999999999	0.00002289400569367343
1593.415	0.000022711474014668923
1593.42	0.00002236538001088714
1593.425	0.000021965684532287578
1593.43	0.000021553889464228093
1593.435	0.000021163085351600472
1593.4399999999998	0.00002086991971697661
1593.445	0.000022192294652948532
1593.45	0.000022124020898319893
1593.455	0.000022102870294811985
1593.46	0.000020344837618225892
1593.465	0.00002042243824886776
1593.4699999999998	0.000020501807348111517
1593.475	0.000020607851347303575
1593.48	0.000020756601015594124
1593.485	0.000020803733761070662
1593.49	0.000020817593778006318
1593.495	0.000020818945576415256
1593.4999999999998	0.00002076478378890157
1593.505	0.000020698979590007527
1593.51	0.000020617411539423487
1593.5149999999999	0.000020511619663368253
1593.52	0.000020356188336942
1593.5249999999999	0.000020243247327130394
1593.53	0.000020133931233583222
1593.535	0.000020021052433261912
1593.54	0.000019966057387481037
1593.545	0.00001990972670011257
1593.55	0.000022147547685372243
1593.5549999999998	0.000022082429854176762
1593.56	0.00002205040830604035
1593.565	0.000022056486547505315
1593.57	0.000022074315539113422
1593.575	0.00002212104167482569
1593.58	0.000022216989253184725
1593.5849999999998	0.000020418896388171724
1593.59	0.000020635130031297895
1593.595	0.00002084700521598544
1593.6	0.00002103935960696681
1593.605	0.000021149589342625547
1593.61	0.000021201508531756627
1593.615	0.000021148366093126244
1593.62	0.00002106959703423313
1593.625	0.000020881532088881387
1593.6299999999999	0.000020607704729973916
1593.635	0.000021915801167547132
1593.6399999999999	0.000021593336957854998
1593.645	0.00002138640971834339
1593.65	0.000021281565637762006
1593.655	0.000021287844469180315
1593.66	0.000021411625922621417
1593.665	0.000021601666234464148
1593.6699999999998	0.000021803323136585948
1593.675	0.000021994325147675497
1593.68	0.000020526567799892796
1593.685	0.00002062476294553034
1593.69	0.00002066930277377011
1593.695	0.000020742551389683704
1593.6999999999998	0.000020732543164494482
1593.705	0.000020690813221291434
1593.71	0.000022104216603090716
1593.715	0.00002194494960806777
1593.72	0.000021776612236554524
1593.725	0.000021569161367375665
1593.73	0.000021337069531069415
1593.735	0.00002108337178822662
1593.74	0.00002084711822074038
1593.745	0.000020605922145620978
1593.75	0.00002034906068830651
1593.7549999999999	0.000020154792791451703
1593.76	0.00002012708255882134
1593.7649999999999	0.00002024894173354731
1593.77	0.000020385233328328184
1593.775	0.000020524322417873377
1593.78	0.000020655476113006813
1593.7849999999999	0.00002072331269189615
1593.79	0.00002069009855032764
1593.7949999999998	0.000020557465599912923
1593.8	0.00002033929689929505
1593.805	0.000020088621757514874
1593.81	0.000019856908129828773
1593.8149999999998	0.000019648161874076195
1593.82	0.000019447451286505224
1593.825	0.000019266161245149016
1593.83	0.00001913610302825012
1593.835	0.000019072730163918832
1593.84	0.000019049244138189194
1593.845	0.000019044184746150913
1593.85	0.000019050998738202182
1593.855	0.000019054024844457398
1593.8600000000001	0.000019081595431527847
1593.865	0.000019113224408079536
1593.87	0.000019130287096109247
1593.875	0.000019142945863134948
1593.8799999999999	0.000019125593104029937
1593.885	0.00001909237930119763
1593.89	0.000019042078845037593
1593.895	0.000018971379024337488
1593.8999999999999	0.00001890763833036799
1593.905	0.00001883511687647699
1593.9099999999999	0.00001875715588323889
1593.915	0.000018664736819061073
1593.92	0.000018542284456819796
1593.925	0.00001838656533475023
1593.9299999999998	0.000018218228746437283
1593.935	0.00001810166481467387
1593.9399999999998	0.000018023322579050677
1593.945	0.00001796610650580823
1593.95	0.00001794460370529989
1593.955	0.000017971709886124206
1593.96	0.000018026345210334314
1593.965	0.00001811261664903218
1593.97	0.000018218108354898304
1593.9750000000001	0.000018342718768609605
1593.98	0.00001846712535432142
1593.985	0.000018553286917461852
1593.99	0.000018574574885899873
1593.995	0.0000185309841617764
1594	0.000018465942061587342
1594.005	0.00001837870716376424
1594.01	0.000018277573047558375
1594.0149999999999	0.00001815982961222609
1594.02	0.000018044752588218953
1594.0249999999999	0.000017950587952833913
1594.03	0.000017885989674383822
1594.035	0.0000178486299791189
1594.04	0.00001782837702218492
1594.0449999999998	0.000017814070020524595
1594.05	0.000017806248732285144
1594.0549999999998	0.000017812650551768395
1594.06	0.000017832820887891466
1594.065	0.00001787156822751528
1594.07	0.000017949892521178014
1594.075	0.00001804393462017148
1594.08	0.000018147139532821665
1594.0849999999998	0.0000182715167479369
1594.0900000000001	0.000018392495894387575
1594.095	0.00001844648644675832
1594.1	0.000018405961701539687
1594.105	0.000018262074541336068
1594.11	0.000018080102788456088
1594.115	0.000017922757319952638
1594.1200000000001	0.000017779834616890353
1594.125	0.000017646900021550367
1594.1299999999999	0.00001759291605624462
1594.135	0.000017644170687186447
1594.1399999999999	0.000017772850081651927
1594.145	0.000017972204140421008
1594.15	0.00001822101938724444
1594.155	0.000018480939565653963
1594.1599999999999	0.000018723181433409658
1594.165	0.000018913626642004962
1594.1699999999998	0.000019037248010573698
1594.175	0.000019113234733364275
1594.18	0.000019152135762957427
1594.185	0.000019158184298745907
1594.19	0.000019115365012582726
1594.195	0.00001904171951490859
1594.1999999999998	0.00001895815756526058
1594.2050000000002	0.000018880353267905816
1594.21	0.000018808532570140247
1594.215	0.000018774200564830945
1594.22	0.000018766374218315162
1594.225	0.0000187804474411198
1594.2299999999998	0.000018818224401222934
1594.2350000000001	0.000018896067939303777
1594.24	0.000018995998284479593
1594.245	0.000019107878880551708
1594.25	0.000019263074952532172
1594.2549999999999	0.00001944798583488881
1594.26	0.00001968187639029865
1594.265	0.00001992338947040933
1594.27	0.00002019126526988046
1594.2749999999999	0.000020451200414970648
1594.28	0.00002067074579595154
1594.2849999999999	0.000020830319664457694
1594.29	0.000020873766848768938
1594.295	0.000020812085780343674
1594.3	0.00002068507657148539
1594.305	0.000020533047971336266
1594.31	0.00002034226685224692
1594.3149999999998	0.00002014006823264453
1594.3200000000002	0.000020026649098938496
1594.325	0.000019980435754952045
1594.33	0.000019951332018809638
1594.335	0.000019931368759222945
1594.34	0.0000199804782819073
1594.3449999999998	0.000020118510357072612
1594.3500000000001	0.00002028420141621379
1594.355	0.00002042956159403721
1594.36	0.00002055674877784787
1594.365	0.000020679731363339315
1594.37	0.000020792155621316178
1594.3749999999998	0.000020900554845010018
1594.38	0.000020977558267556596
1594.385	0.00002101892964569549
1594.3899999999999	0.000021027212878339197
1594.395	0.00002099994159836426
1594.3999999999999	0.000020951613466665796
1594.4049999999997	0.000020868331730131677
1594.41	0.000020722491204384543
1594.415	0.000020520882995963406
1594.42	0.000020286513586534004
1594.425	0.000020025692427492543
1594.4299999999998	0.000019798367065522328
1594.435	0.000019618283540243023
1594.44	0.000019540397360456018
1594.445	0.000019593656390895278
1594.45	0.000019755000571318613
1594.455	0.000019935142815744102
1594.4599999999998	0.000020139197062984113
1594.465	0.000020261411698771406
1594.47	0.000020298795143373746
1594.475	0.000020222209074976353
1594.48	0.000020058912687544278
1594.485	0.00001984673797418909
1594.4899999999998	0.00001956378949504249
1594.4950000000001	0.00001925791255386524
1594.5	0.000018982490548707116
1594.5049999999999	0.0000187690907707962
1594.51	0.00001860459448972409
1594.5149999999999	0.00001849008060354381
1594.5199999999998	0.000018441448019942494
1594.525	0.000018458882317141724
1594.53	0.00001855318086780629
1594.535	0.000018642039357432066
1594.54	0.000018736053906730023
1594.5449999999998	0.000018830851646691965
1594.55	0.00001890700529169684
1594.555	0.000018990431254641887
1594.56	0.000019050150308905163
1594.565	0.00001908375034920318
1594.57	0.0000190933003847589
1594.5749999999998	0.000019057563954414306
1594.58	0.000018983037600604357
1594.585	0.00001886538820493737
1594.59	0.000018697956405920285
1594.595	0.000018469748721715326
1594.6	0.000018228300940501765
1594.6049999999998	0.000017973784185026365
1594.61	0.000017687882940094958
1594.615	0.000017434766737533307
1594.62	0.000017304986107076934
1594.625	0.00001727694845573633
1594.6299999999999	0.000017294694311776964
1594.6349999999998	0.000017360488470341452
1594.64	0.000017482992000156867
1594.645	0.000017626174637839648
1594.65	0.000017715643735888307
1594.655	0.00001776036995531652
1594.6599999999999	0.000017776063028991345
1594.665	0.00001774636546226244
1594.67	0.000017633117235344895
1594.675	0.000017476366304204535
1594.68	0.000017310667925990628
1594.685	0.000017167503937237897
1594.6899999999998	0.0000170370996929766
1594.695	0.00001691372753386998
1594.7	0.000016811451397240562
1594.705	0.000016723535631425975
1594.71	0.0000166598486652154
1594.715	0.000016615388325678694
1594.7199999999998	0.000016589205222750465
1594.725	0.000016581229282481262
1594.73	0.000016589921629977657
1594.7350000000001	0.000016610999191136255
1594.74	0.000016630141426009973
1594.745	0.000016648437222961978
1594.7499999999998	0.00001667518581126958
1594.7549999999999	0.000016742859325395496
1594.76	0.000016848700273916466
1594.765	0.000016907488415487222
1594.77	0.00001691162185023958
1594.7749999999999	0.00001691631431452239
1594.78	0.00001686798689958753
1594.785	0.00001673464251820716
1594.79	0.000016611769813820512
1594.795	0.000016532957664219867
1594.8	0.00001645271238734624
1594.8049999999998	0.00001636228217735727
1594.81	0.000016296023333174583
1594.815	0.00001625011282998016
1594.82	0.000016229164447880087
1594.825	0.000016236494904437796
1594.83	0.000016268312619745924
1594.8349999999998	0.00001631536579815006
1594.84	0.000016372198948521037
1594.845	0.00001641630900438988
1594.8500000000001	0.000016424633197360092
1594.855	0.00001639976402736212
1594.86	0.00001635888442788522
1594.8649999999998	0.00001634073118512892
1594.87	0.00001633319797475843
1594.875	0.000016317588404480687
1594.88	0.000016283794299625916
1594.885	0.000016215566060798092
1594.8899999999999	0.000016125041626509706
1594.895	0.00001604011587792138
1594.8999999999999	0.00001596772619875
1594.905	0.000015903383371382498
1594.91	0.00001583741385009901
1594.915	0.000015767477000144973
1594.9199999999998	0.000015699472530076103
1594.925	0.000015652703703042315
1594.9299999999998	0.000015644592165720194
1594.935	0.000015678800528272575
1594.94	0.000015700488090745273
1594.945	0.000015701002442710308
1594.9499999999998	0.0000157055671501608
1594.955	0.000015723549325514474
1594.96	0.00001574550846263709
1594.9650000000001	0.000015721206444636787
1594.97	0.00001563773377334383
1594.975	0.000015516906200092157
1594.98	0.0000153872584763741
1594.985	0.000015244689196867894
1594.99	0.000015099600537246585
1594.9950000000001	0.000014999687455167407
1595	0.000014962354922308672
1595.0049999999999	0.000014963890924018722
1595.01	0.000014982244394352181
1595.0149999999999	0.000015012054051636569
1595.02	0.000015071171207250801
1595.025	0.000015170839701697832
1595.03	0.000015280311106236492
1595.0349999999999	0.000015387702577224097
1595.04	0.000015474436686647114
1595.0449999999998	0.00001553419274239203
1595.05	0.00001558033298628254
1595.055	0.000015602766675087098
1595.06	0.00001562383658460699
1595.0649999999998	0.000015639352565769355
1595.07	0.00001565812914306214
1595.0749999999998	0.00001566116524267623
1595.0800000000002	0.000015635435245071008
1595.085	0.000015558000107118452
1595.09	0.00001544303073080603
1595.095	0.000015311400121634833
1595.1	0.000015206215912821083
1595.105	0.000015154982328118153
1595.1100000000001	0.000015212360945369413
1595.115	0.000015349647383381377
1595.12	0.00001554837988259927
1595.125	0.000015774055840066022
1595.1299999999999	0.000015999830141195155
1595.135	0.000016203240478656828
1595.14	0.000016403823767812707
1595.145	0.000016558423125956117
1595.1499999999999	0.000016630880526916593
1595.155	0.000016625546977736292
1595.1599999999999	0.000016558861767142922
1595.165	0.00001646431845449056
1595.17	0.000016355333241924068
1595.175	0.000016224640631015883
1595.1799999999998	0.00001611948176478951
1595.185	0.000016058214989417403
1595.1899999999998	0.000016047520228886693
1595.1950000000002	0.00001608329270920436
1595.2	0.000016158368039419982
1595.205	0.000016236593109588862
1595.21	0.000016339178350501662
1595.215	0.00001647427855490201
1595.2199999999998	0.0000166113156196711
1595.2250000000001	0.000016781184264200416
1595.23	0.000016950816516973716
1595.235	0.000017107912127682345
1595.24	0.000017251444663271053
1595.245	0.000017383894136635777
1595.25	0.000017495376870745888
1595.255	0.000017598552374646897
1595.26	0.00001764475382302895
1595.2649999999999	0.000017644709334571308
1595.27	0.00001757714314641798
1595.2749999999999	0.000017470942589927562
1595.28	0.00001734631908175711
1595.285	0.000017222863085448697
1595.29	0.00001707885033985264
1595.2949999999998	0.000016902250641744635
1595.3	0.00001676512331433263
1595.3049999999998	0.000016713979258540933
1595.3100000000002	0.000016734660828192717
1595.315	0.000016795977203751136
1595.32	0.000016866404860232254
1595.325	0.0000169995374603949
1595.33	0.000017159935522885053
1595.3349999999998	0.000017269272421740074
1595.3400000000001	0.000017330751493060487
1595.345	0.000017363166916963232
1595.35	0.000017378751486235922
1595.355	0.000017314798564452046
1595.36	0.000017180021160204433
1595.3649999999998	0.000017022103254832267
1595.3700000000001	0.000016867320274807956
1595.375	0.000016736331968184824
1595.3799999999999	0.000016620135308297705
1595.385	0.000016509581626335518
1595.3899999999999	0.000016406335130696023
1595.3949999999998	0.00001628905869644885
1595.4	0.00001618394896116241
1595.405	0.000016093786459478108
1595.4099999999999	0.000016049666427083597
1595.415	0.000016067113383306498
1595.4199999999998	0.000016131842458730522
1595.425	0.000016228229103406735
1595.43	0.000016392738670229023
1595.435	0.00001660775999532249
1595.44	0.000016747328054373902
1595.445	0.00001678861118345468
1595.4499999999998	0.000016776399044820106
1595.4550000000002	0.00001672607960494816
1595.46	0.000016587125706248906
1595.465	0.000016311099273194388
1595.47	0.000016063628247480865
1595.475	0.0000158799203212683
1595.4799999999998	0.00001578137742834569
1595.4850000000001	0.000015711342554875398
1595.49	0.000015693822598470982
1595.495	0.000015739451448476962
1595.5	0.00001584456259662109
1595.5049999999999	0.00001598606439924097
1595.5099999999998	0.00001613760377760708
1595.515	0.000016286892094280072
1595.52	0.000016426150169543672
1595.5249999999999	0.000016498540235762196
1595.53	0.000016506689859273958
1595.5349999999999	0.00001646012369985041
1595.54	0.000016381424423696703
1595.545	0.00001629658906581679
1595.55	0.00001619886944915228
1595.555	0.000016082756068590788
1595.56	0.000015943684025685343
1595.5649999999998	0.000015757963691766678
1595.57	0.00001559471077551735
1595.575	0.000015446851458604548
1595.58	0.000015320819948566986
1595.585	0.000015214163306848733
1595.59	0.000015133143971112925
1595.5949999999998	0.000015101070414334199
1595.6	0.000015093342882891311
1595.605	0.000015093398459918099
1595.61	0.000015109182553942881
1595.615	0.000015172759941980842
1595.62	0.000015267014429705662
1595.6249999999998	0.000015386546638548037
1595.63	0.00001545644916828558
1595.635	0.000015504970615922755
1595.6399999999999	0.000015484109512319206
1595.645	0.00001541937261938182
1595.6499999999999	0.000015308596495124422
1595.655	0.0000151467319966285
1595.66	0.000014979393924413329
1595.665	0.000014827077638450733
1595.67	0.000014677217521747471
1595.675	0.000014524691845200304
1595.6799999999998	0.000014417784752479675
1595.685	0.000014382236972828949
1595.69	0.000014391349619414694
1595.695	0.000014404860653368853
1595.7	0.0000144085112777632
1595.705	0.000014412061641508441
1595.7099999999998	0.000014415852230443395
1595.715	0.000014443069670580305
1595.72	0.000014468647006627351
1595.725	0.000014487763655973093
1595.73	0.000014499078867110907
1595.735	0.00001449602792381829
1595.7399999999998	0.000014477278879484253
1595.745	0.00001445111541823319
1595.75	0.000014406098333089063
1595.7549999999999	0.000014342184172613533
1595.76	0.000014244509380836533
1595.7649999999999	0.000014107380826861857
1595.77	0.000013958668210254745
1595.775	0.000013812076181157854
1595.78	0.000013674778003119436
1595.785	0.000013541825714965979
1595.79	0.000013447512099809557
1595.7949999999998	0.000013427137787130474
1595.8	0.000013425950205581694
1595.805	0.000013410842639874862
1595.81	0.000013404034291696667
1595.815	0.000013430109656166432
1595.82	0.000013456608730655089
1595.8249999999998	0.000013468791814449888
1595.83	0.000013447410128979487
1595.835	0.000013400340586953358
1595.84	0.000013331171414786589
1595.845	0.000013253798574989088
1595.85	0.00001316734364521273
1595.855	0.000013070324015558406
1595.86	0.000012968276325779887
1595.865	0.000012887088291706693
1595.87	0.000012813952893346232
1595.875	0.000012748217980502266
1595.8799999999999	0.00001269582981665468
1595.885	0.000012663922042339988
1595.8899999999999	0.00001266775419104767
1595.895	0.000012704029826059775
1595.9	0.000012752113279612544
1595.905	0.000012800803938922908
1595.9099999999999	0.000012842625654183947
1595.915	0.000012874205749076113
1595.92	0.000012902194606397506
1595.925	0.00001295180410580093
1595.93	0.0000130123744255849
1595.935	0.000013071530075717609
1595.9399999999998	0.000013096327082010754
1595.945	0.000013088033750372513
1595.95	0.00001304049755025348
1595.955	0.000012953796309226666
1595.96	0.0000128392643164706
1595.965	0.000012711376131935728
1595.97	0.000012601332351432784
1595.975	0.00001253508016251775
1595.98	0.000012503031705962563
1595.985	0.000012504042920134092
1595.99	0.000012534506757001251
1595.995	0.000012608441855395448
1596	0.000012724961577223942
1596.0049999999999	0.000012884311594017224
1596.01	0.000013068162258714534
1596.015	0.000013216037503392226
1596.02	0.000013309785554133131
1596.0249999999999	0.000013367036304467547
1596.03	0.000013399378721015587
1596.0349999999999	0.000013401940580762003
1596.04	0.000013374759726142513
1596.045	0.00001332970100393509
1596.05	0.000013281604609703175
1596.0549999999998	0.00001324264817689733
1596.06	0.000013219922770906094
1596.0649999999998	0.000013195268264402285
1596.07	0.000013182005035835835
1596.075	0.00001317018094267278
1596.08	0.000013172066359022803
1596.085	0.00001320393766159401
1596.09	0.000013292471112854686
1596.095	0.000013426701528570327
1596.1000000000001	0.000013585850208753379
1596.105	0.000013777249020784039
1596.11	0.000014031300493379366
1596.115	0.000014307717661554082
1596.12	0.000014490027800167925
1596.125	0.000014579370059689527
1596.13	0.000014583020361101987
1596.135	0.000014546439763540197
1596.1399999999999	0.000014467405968434397
1596.145	0.000014339904142494905
1596.1499999999999	0.000014175987969242358
1596.155	0.000014021071201531699
1596.16	0.00001388896230928515
1596.165	0.000013811221817436334
1596.1699999999998	0.00001377678978890645
1596.175	0.00001379939461956323
1596.1799999999998	0.000013866762528699455
1596.185	0.00001396015512050427
1596.19	0.000014058386416001319
1596.195	0.000014160641784536807
1596.2	0.000014276743438814749
1596.205	0.000014377661156801123
1596.2099999999998	0.000014437045367767976
1596.2150000000001	0.000014441985145707862
1596.22	0.00001442516061090122
1596.225	0.000014395883404577309
1596.23	0.000014358950251196068
1596.235	0.000014299003181667608
1596.24	0.000014221294765188307
1596.2450000000001	0.000014131236674161722
1596.25	0.000014032650927163159
1596.2549999999999	0.000013929734577635317
1596.26	0.000013824496943490281
1596.2649999999999	0.000013730321052674953
1596.27	0.000013661794311432499
1596.275	0.00001360938808464379
1596.28	0.000013591000097940157
1596.2849999999999	0.00001361551710129583
1596.29	0.000013665455598043916
1596.2949999999998	0.000013755541926164986
1596.3	0.000013873871322844706
1596.305	0.00001403781985037647
1596.31	0.000014213002195412291
1596.315	0.000014387569277088317
1596.32	0.000014509812398933281
1596.3249999999998	0.000014572883971466796
1596.3300000000002	0.000014567434813204588
1596.335	0.000014516133178779395
1596.34	0.000014416644464662533
1596.345	0.000014302384397213573
1596.35	0.000014190896645836731
1596.3549999999998	0.000014083609363476898
1596.3600000000001	0.000013984463644699895
1596.365	0.000013921023060831669
1596.37	0.00001391331352513975
1596.375	0.000013963888474713155
1596.3799999999999	0.000014008894319634712
1596.385	0.00001405609000586382
1596.39	0.000014096796671181992
1596.395	0.000014138389803482276
1596.3999999999999	0.000014193553763085398
1596.405	0.000014245418683445046
1596.4099999999999	0.000014309020711621898
1596.415	0.000014356955533595158
1596.42	0.000014376988474982321
1596.425	0.000014359503973632364
1596.43	0.000014295719422279175
1596.435	0.000014196991008792514
1596.4399999999998	0.000014057735859004965
1596.4450000000002	0.000013844132359237308
1596.45	0.000013576333061696062
1596.455	0.000013335647300405932
1596.46	0.000013123453545319163
1596.465	0.000012956248426797628
1596.4699999999998	0.000012842457445848462
1596.4750000000001	0.000012794232228601783
1596.48	0.000012779811169670633
1596.485	0.000012781993652164767
1596.49	0.000012823374687920207
1596.495	0.000012887399347692273
1596.4999999999998	0.000012930120070152263
1596.505	0.00001291916729086049
1596.51	0.000012856085712804887
1596.5149999999999	0.000012784138100210073
1596.52	0.00001270446575801829
1596.5249999999999	0.000012607528487236676
1596.5299999999997	0.000012493225936668738
1596.535	0.000012376538488253887
1596.54	0.000012270496847071898
1596.545	0.000012182731275227882
1596.55	0.000012109675068016848
1596.5549999999998	0.000012048613218227259
1596.56	0.000012010088421883786
1596.565	0.00001198917293886691
1596.57	0.000011986498974137636
1596.575	0.000012005420681665875
1596.58	0.000012040672110721907
1596.5849999999998	0.000012075962637112027
1596.59	0.000012122585980943693
1596.595	0.00001216956292726205
1596.6	0.000012228458880395556
1596.605	0.000012296643445571122
1596.61	0.000012355947227093387
1596.6149999999998	0.000012385927486543252
1596.6200000000001	0.000012377695616170031
1596.625	0.00001233703922266831
1596.6299999999999	0.000012270567878425481
1596.635	0.000012152363593533988
1596.6399999999999	0.000012019305408177463
1596.6449999999998	0.000011882932982494719
1596.65	0.000011761368059610006
1596.655	0.000011652509292814064
1596.66	0.000011559447027593682
1596.665	0.000011507246764904297
1596.6699999999998	0.000011499745022295619
1596.675	0.000011524362410249412
1596.68	0.000011552863283331982
1596.685	0.000011579543164046488
1596.69	0.000011625267265151123
1596.695	0.000011671690443523876
1596.6999999999998	0.00001169396727602409
1596.705	0.000011675777390546127
1596.71	0.000011646656237780913
1596.715	0.000011608449858691627
1596.72	0.00001155832261655652
1596.725	0.00001149176733242489
1596.7299999999998	0.000011405072069769284
1596.735	0.00001130619989018941
1596.74	0.000011214263723538882
1596.745	0.000011138355130518423
1596.75	0.00001105765175972908
1596.7549999999999	0.00001097955803895822
1596.7599999999998	0.000010903804666881799
1596.765	0.000010820892526480946
1596.77	0.000010753499749224755
1596.775	0.000010758400268346775
1596.78	0.000010814767366213778
1596.7849999999999	0.000010907859156755638
1596.79	0.000011036963103019649
1596.795	0.0000111755879348758
1596.8	0.000011298014021034966
1596.805	0.000011397778943122294
1596.81	0.000011475596053624078
1596.8149999999998	0.000011530406122374897
1596.82	0.000011556705293652936
1596.825	0.000011543687120421951
1596.83	0.000011491580322618457
1596.835	0.000011427042117632127
1596.84	0.00001137861749883945
1596.8449999999998	0.000011353293891130724
1596.85	0.000011363021495427494
1596.855	0.000011404043835064423
1596.86	0.000011472463834809135
1596.865	0.000011563860286085436
1596.87	0.000011680577409275963
1596.8749999999998	0.000011825160979568213
1596.8799999999999	0.00001197488727830778
1596.885	0.000012118965174041004
1596.89	0.000012252825240810365
1596.895	0.000012373216403383196
1596.8999999999999	0.000012478868788783389
1596.905	0.000012564983267772974
1596.91	0.000012630116401102366
1596.915	0.000012671081671243767
1596.92	0.000012683473749208009
1596.925	0.000012663873116320928
1596.9299999999998	0.00001261221657545476
1596.935	0.00001252316056769559
1596.94	0.00001239441932634464
1596.945	0.000012237022653373726
1596.95	0.000012086071729217908
1596.955	0.000011944987445242858
1596.9599999999998	0.000011834205195211599
1596.965	0.000011759703622060195
1596.97	0.000011732127461579488
1596.9750000000001	0.00001175272147179543
1596.98	0.00001181822958390531
1596.985	0.000011902603982712135
1596.9899999999998	0.00001200038829987439
1596.995	0.000012111886913896439
1597	0.0000122004097833289
1597.005	0.000012211487052179928
1597.01	0.000012138218397090238
1597.0149999999999	0.000012018693408025423
1597.02	0.000011876821618726458
1597.0249999999999	0.000011716688855845142
1597.03	0.000011541216807508536
1597.035	0.000011376382846995814
1597.04	0.00001125702120183849
1597.0449999999998	0.000011166704192170231
1597.05	0.000011100335810814352
1597.0549999999998	0.00001104235289847868
1597.06	0.00001099593872246006
1597.065	0.000010964702237758727
1597.07	0.000010953773992622366
1597.0749999999998	0.000010977296613389581
1597.08	0.000011024486110624425
1597.085	0.000011089585299364351
1597.0900000000001	0.000011189599327713923
1597.095	0.00001130564302900737
1597.1	0.000011427612383172801
1597.1049999999998	0.00001149956693668244
1597.11	0.000011520906674513913
1597.115	0.00001150742979029797
1597.1200000000001	0.000011442802619085577
1597.125	0.000011336372633133983
1597.1299999999999	0.000011261435222535399
1597.135	0.000011216877625880032
1597.1399999999999	0.000011178360264744532
1597.145	0.000011163646322832654
1597.15	0.000011208600905198149
1597.155	0.000011303149018577578
1597.1599999999999	0.000011435518566583232
1597.165	0.000011577020025950387
1597.1699999999998	0.000011708639980462781
1597.175	0.000011825414664693414
1597.18	0.00001192774781345883
1597.185	0.000012019199706110504
1597.1899999999998	0.000012092215389026038
1597.195	0.0000121334036128105
1597.1999999999998	0.00001214798378531413
1597.2050000000002	0.000012138829477627334
1597.21	0.00001211010253626342
1597.215	0.000012084671437412405
1597.22	0.000012060744870009787
1597.225	0.000012038893712396769
1597.23	0.000012024839853790975
1597.2350000000001	0.000011999543344054661
1597.24	0.000011966638232081966
1597.245	0.000011925013338016294
1597.25	0.000011878036465846319
1597.2549999999999	0.000011848011288852209
1597.26	0.000011849196336374241
1597.265	0.00001187502883154477
1597.27	0.000011904564709166674
1597.2749999999999	0.000011910969885868498
1597.28	0.0000119039327428414
1597.2849999999999	0.00001190584816759719
1597.29	0.000011909257450630837
1597.295	0.000011909989029572359
1597.3	0.000011874560198945825
1597.3049999999998	0.000011795057971576048
1597.31	0.000011654974466989674
1597.3149999999998	0.000011472484691488967
1597.3200000000002	0.000011310116816069886
1597.325	0.000011147063747038666
1597.33	0.00001095311914386053
1597.335	0.000010739057045765843
1597.34	0.000010587671599647726
1597.3449999999998	0.000010486111614746358
1597.3500000000001	0.000010413696392205685
1597.355	0.000010389637125602854
1597.36	0.000010398811716138565
1597.365	0.000010405956727266998
1597.37	0.000010408240216515613
1597.375	0.000010423645660180658
1597.38	0.000010463040053881808
1597.385	0.000010522836451941794
1597.3899999999999	0.000010591154434144213
1597.395	0.0000106438555918671
1597.3999999999999	0.000010679314719684825
1597.405	0.000010700301985669712
1597.41	0.00001071021386337741
1597.415	0.000010705693001774721
1597.4199999999998	0.000010692911168536948
1597.425	0.000010659873835045856
1597.4299999999998	0.00001060767383754052
1597.4350000000002	0.000010537513552218489
1597.44	0.000010441475826770579
1597.445	0.000010326802933257118
1597.45	0.000010261372662012135
1597.455	0.000010239673908301196
1597.4599999999998	0.000010253472235105825
1597.4650000000001	0.000010333392168273872
1597.47	0.000010462959704145495
1597.475	0.000010558909659122809
1597.48	0.00001060928519571595
1597.485	0.000010629595301315991
1597.4899999999998	0.000010645040904241829
1597.4950000000001	0.000010634979619103955
1597.5	0.000010580933978362227
1597.5049999999999	0.000010483084997472573
1597.51	0.0000103564565494081
1597.5149999999999	0.000010221519212972385
1597.52	0.00001009082834042874
1597.525	0.000009970859956537474
1597.53	0.000009892130516814707
1597.5349999999999	0.000009860382339673772
1597.54	0.000009851666315049525
1597.5449999999998	0.000009855704801142871
1597.55	0.000009866236894052821
1597.555	0.000009879296804877426
1597.56	0.000009899861529967173
1597.565	0.000009929319760553054
1597.57	0.00000996132495613573
1597.5749999999998	0.000009984960690637416
1597.5800000000002	0.000010005587883780483
1597.585	0.000010007414965057199
1597.59	0.000009992432402628572
1597.595	0.00000995169649342114
1597.6	0.000009893604564232484
1597.6049999999998	0.000009801549579417348
1597.6100000000001	0.000009694270397177265
1597.615	0.000009591725734932845
1597.62	0.000009479736334959238
1597.625	0.000009358556397763611
1597.6299999999999	0.000009255852016834493
1597.6349999999998	0.000009189196232434762
1597.64	0.000009153027142241114
1597.645	0.000009152744176904976
1597.6499999999999	0.000009183558634551724
1597.655	0.00000924178923970766
1597.6599999999999	0.000009305817402634004
1597.665	0.000009383921466183616
1597.67	0.000009471418124362087
1597.675	0.000009546345531476935
1597.68	0.000009600004892066945
1597.685	0.0000096164968353007
1597.6899999999998	0.000009616281507807646
1597.695	0.000009599423269486425
1597.7	0.000009576505994420291
1597.705	0.000009549529935531373
1597.71	0.000009521668043405744
1597.715	0.000009505801028177512
1597.7199999999998	0.000009501751776206699
1597.725	0.00000951208013343309
1597.73	0.000009534067392618604
1597.735	0.000009564589156015576
1597.74	0.000009605830654244446
1597.745	0.000009661354636983487
1597.7499999999998	0.000009725745850038812
1597.755	0.00000979864296011275
1597.76	0.000009905057378465387
1597.7649999999999	0.000010049163048302749
1597.77	0.000010225313377181367
1597.7749999999999	0.000010398531414622553
1597.78	0.000010560553377622777
1597.785	0.000010682764539238196
1597.79	0.000010712157376761195
1597.795	0.000010686763087652582
1597.8	0.000010626851003577412
1597.8049999999998	0.00001052337070964513
1597.81	0.000010380374803080606
1597.815	0.000010222406100311602
1597.82	0.000010080955916831128
1597.825	0.000009964981810222457
1597.83	0.000009871022013900245
1597.8349999999998	0.000009817528995775848
1597.84	0.000009823374274145475
1597.845	0.000009873741625048436
1597.85	0.000009939517895498861
1597.855	0.000010013191838186503
1597.86	0.00001009627406247347
1597.8649999999998	0.00001017015076573495
1597.87	0.000010204386846370845
1597.875	0.00001020163458343108
1597.8799999999999	0.00001018876992390196
1597.885	0.000010169675311031166
1597.8899999999999	0.000010145350092444792
1597.895	0.000010103523830333966
1597.9	0.000010023271689502051
1597.905	0.000009919878572800362
1597.91	0.000009809102995497917
1597.915	0.000009702693838538327
1597.9199999999998	0.000009602254488881292
1597.925	0.000009505583343927463
1597.93	0.000009426294368358085
1597.935	0.00000936534969502444
1597.94	0.000009316438109751369
1597.945	0.000009299351269833815
1597.9499999999998	0.000009327297971321732
1597.955	0.000009376287932361381
1597.96	0.000009443455210499889
1597.965	0.000009531203031585326
1597.97	0.000009635309197736115
1597.975	0.000009702071204327917
1597.9799999999998	0.000009708825626476075
1597.985	0.000009677464800171229
1597.99	0.000009626950942953844
1597.995	0.000009574909122523028
1598	0.000009499962820444263
1598.0049999999999	0.00000939525308013405
1598.01	0.00000927914642401687
1598.0149999999999	0.000009182768795901999
1598.02	0.000009141933341806529
1598.025	0.000009154420006167326
1598.03	0.000009186855682731544
1598.0349999999999	0.000009217392055553853
1598.04	0.000009264142433589694
1598.045	0.000009325895366441032
1598.05	0.000009400127086828731
1598.055	0.00000948279106183187
1598.06	0.000009563698580904515
1598.0649999999998	0.000009635851712770003
1598.07	0.000009701883196022478
1598.075	0.000009750500963075491
1598.08	0.000009803864204231786
1598.085	0.000009836596009546113
1598.09	0.0000098558882158228
1598.095	0.000009854473825751146
1598.1	0.000009797838729523796
1598.105	0.000009701471515410281
1598.11	0.00000960724857612073
1598.115	0.000009524364319163468
1598.12	0.000009462279206796438
1598.125	0.000009457522110196788
1598.1299999999999	0.000009467344726973192
1598.135	0.000009495848478936248
1598.14	0.000009550370107967302
1598.145	0.0000096228928188292
1598.1499999999999	0.000009698353188031045
1598.155	0.000009750729789089265
1598.1599999999999	0.00000979249245164202
1598.165	0.000009820080200675939
1598.17	0.0000098242029922921
1598.175	0.000009788622730820352
1598.1799999999998	0.000009719285999329091
1598.185	0.00000963246877598837
1598.1899999999998	0.000009547929662552182
1598.195	0.000009469996072107869
1598.2	0.00000938945064456767
1598.205	0.000009306565664586295
1598.21	0.000009229442463240283
1598.215	0.000009170829727380409
1598.22	0.000009134068747245356
1598.225	0.000009107828237713652
1598.23	0.000009089721642722791
1598.235	0.000009077024224081647
1598.24	0.000009068535863784673
1598.245	0.000009071879859771096
1598.25	0.00000907963559278038
1598.255	0.000009086946813733824
1598.26	0.00000909419143428673
1598.2649999999999	0.000009093723981540348
1598.27	0.000009085459447441818
1598.2749999999999	0.000009065315163750375
1598.28	0.000009027683105695875
1598.285	0.00000896797740411127
1598.29	0.000008887488410786473
1598.2949999999998	0.000008800482211388973
1598.3	0.000008713038993811907
1598.3049999999998	0.000008619931230003757
1598.31	0.000008522741903976929
1598.315	0.000008423013923396692
1598.32	0.000008337971296288597
1598.325	0.000008288088153090651
1598.33	0.000008272197618835717
1598.3349999999998	0.000008285800498694764
1598.3400000000001	0.000008315869194397122
1598.345	0.000008356305214587209
1598.35	0.000008399777396325899
1598.355	0.000008438962262038076
1598.36	0.000008477167835540891
1598.365	0.000008509253150440085
1598.3700000000001	0.00000852234825004779
1598.375	0.000008504461788966743
1598.3799999999999	0.000008466110660722009
1598.385	0.000008422708288084332
1598.3899999999999	0.0000083775742179937
1598.395	0.000008330922313329915
1598.4	0.000008281386577862899
1598.405	0.000008229196607543238
1598.4099999999999	0.000008182243575552381
1598.415	0.00000813338269440758
1598.4199999999998	0.000008079866126555947
1598.425	0.00000803006947608709
1598.43	0.00000799487771271156
1598.435	0.000007979380290763018
1598.44	0.000007988760544732763
1598.445	0.000008023016360041877
1598.4499999999998	0.000008089441909151379
1598.4550000000002	0.000008193148555575553
1598.46	0.00000828299619919402
1598.465	0.000008314647433978444
1598.47	0.00000830341856835403
1598.475	0.000008271137719619347
1598.4799999999998	0.000008206449855945008
1598.4850000000001	0.00000811823705693766
1598.49	0.000008024903577993189
1598.495	0.000007940671870842998
1598.5	0.000007869786267046698
1598.5049999999999	0.00000780100728182738
1598.51	0.000007753411420113044
1598.515	0.000007763264010007949
1598.52	0.000007802823522437186
1598.5249999999999	0.00000785430801170122
1598.53	0.000007903035131858315
1598.5349999999999	0.000007944247518662817
1598.54	0.000007992714051241162
1598.545	0.00000803703862230538
1598.55	0.00000807063671709197
1598.555	0.00000808475860794892
1598.56	0.000008073442160732902
1598.5649999999998	0.000008039514399251241
1598.5700000000002	0.000007999433245620027
1598.575	0.00000795822387097515
1598.58	0.000007914346805053217
1598.585	0.000007862505026033327
1598.59	0.000007799240408311373
1598.5949999999998	0.000007729104946836444
1598.6000000000001	0.000007660442379543085
1598.605	0.000007599826566849643
1598.61	0.000007553421112626431
1598.615	0.000007526917869204044
1598.62	0.0000075310917940045565
1598.6249999999998	0.000007580241199052149
1598.63	0.00000765410760789664
1598.635	0.00000773300019449992
1598.6399999999999	0.000007811492253872818
1598.645	0.00000790148579825272
1598.6499999999999	0.000007982870658157308
1598.6549999999997	0.000008055151277860852
1598.66	0.000008090927622106399
1598.665	0.00000808766068711388
1598.67	0.000008053695828843433
1598.675	0.000008008963971321716
1598.6799999999998	0.000007955566954331702
1598.685	0.000007906004395289695
1598.69	0.00000785659376724138
1598.695	0.000007819722532910607
1598.7	0.00000779874373464685
1598.705	0.000007802740101950646
1598.7099999999998	0.000007828891893418624
1598.7150000000001	0.000007863997772662172
1598.72	0.000007899504274867831
1598.725	0.000007939805944267043
1598.73	0.000007976025812852635
1598.735	0.000008031018765364938
1598.7399999999998	0.00000809450894353965
1598.7450000000001	0.000008169052072526286
1598.75	0.000008242118040213195
1598.7549999999999	0.000008325240096910624
1598.76	0.00000839497824491906
1598.7649999999999	0.000008448628730833587
1598.7699999999998	0.00000848483115965287
1598.775	0.000008487306082609494
1598.78	0.000008459413904093862
1598.785	0.000008410973237683882
1598.79	0.000008326674653147207
1598.7949999999998	0.000008227294185869993
1598.8	0.000008143491615658252
1598.805	0.000008093304306320648
1598.81	0.000008060856930735202
1598.815	0.000008036261073387946
1598.82	0.000008032210039581975
1598.8249999999998	0.000008063840128312967
1598.83	0.000008125786417121057
1598.835	0.000008193708828594932
1598.84	0.000008262561342931815
1598.845	0.000008330924514175104
1598.85	0.000008375321831413683
1598.8549999999998	0.000008386068582034126
1598.86	0.000008369523742645515
1598.865	0.000008335558158630288
1598.87	0.000008293175724761953
1598.875	0.00000822819801266447
1598.8799999999999	0.000008154637117375286
1598.8849999999998	0.000008082210367980023
1598.89	0.000008018770962053403
1598.895	0.00000797693934001563
1598.9	0.000007949583995506208
1598.905	0.000007922974483287065
1598.9099999999999	0.00000789776338726257
1598.915	0.000007876604512349208
1598.92	0.00000786657719240363
1598.925	0.000007881905791115483
1598.93	0.000007933397144994329
1598.935	0.000007995089269540664
1598.9399999999998	0.000008074358555783923
1598.945	0.00000815145879049756
1598.95	0.000008233753193730898
1598.955	0.000008311954297596109
1598.96	0.000008359943498448817
1598.965	0.000008373230041065098
1598.9699999999998	0.000008364760829442359
1598.975	0.000008339282819801897
1598.98	0.000008286788611867267
1598.985	0.000008197805687461877
1598.99	0.000008089659645258487
1598.995	0.000007985918626417848
1598.9999999999998	0.000007913291675396958
1599.0049999999999	0.000007894531695669893
1599.01	0.00000791709348465274
1599.015	0.00000795398158837812
1599.02	0.000008005648620321
1599.0249999999999	0.000008085798051379615
1599.03	0.00000818018086405497
1599.035	0.00000824956825883457
1599.04	0.000008301790224306778
1599.045	0.00000833039928196207
1599.05	0.000008341101224708828
1599.0549999999998	0.000008335323517946379
1599.06	0.000008313939202132444
1599.065	0.000008281539303574818
1599.07	0.000008238575058680033
1599.075	0.00000818690214175789
1599.08	0.000008123391897949202
1599.0849999999998	0.000008056251083222548
1599.09	0.000007970885872803348
1599.095	0.000007865109595729619
1599.1	0.000007763581164947037
1599.105	0.000007683758834067969
1599.11	0.000007619978546118586
1599.1149999999998	0.000007609032213589878
1599.12	0.000007630610010645766
1599.125	0.000007645065672251017
1599.13	0.000007657744187140136
1599.135	0.000007700792804144714
1599.1399999999999	0.000007743406096181334
1599.145	0.000007728392003979293
1599.1499999999999	0.000007676131174290243
1599.155	0.000007624586819639233
1599.16	0.000007575154232151887
1599.165	0.000007500911622915208
1599.1699999999998	0.00000740943959218573
1599.175	0.000007326897098558975
1599.18	0.000007265469939940256
1599.185	0.000007219798099045761
1599.19	0.000007183969731568157
1599.195	0.000007155245857535568
1599.1999999999998	0.00000714043824010824
1599.205	0.0000071511404878447096
1599.21	0.000007163522727138196
1599.2150000000001	0.000007177543659098881
1599.22	0.000007195696901854591
1599.225	0.000007215128123816667
1599.2299999999998	0.0000072376811056570135
1599.235	0.000007259331255230794
1599.24	0.000007274935504540896
1599.2450000000001	0.000007282265882739461
1599.25	0.000007280142596071603
1599.2549999999999	0.000007272270336153641
1599.26	0.0000072559187218852205
1599.2649999999999	0.000007231875107284232
1599.27	0.000007196242534985292
1599.275	0.000007146801523871567
1599.28	0.000007089791294067004
1599.2849999999999	0.000007034227576949297
1599.29	0.000006953842719095713
1599.2949999999998	0.0000068740582453347805
1599.3	0.000006818800575818948
1599.305	0.000006794824576867417
1599.31	0.000006786169798604871
1599.3149999999998	0.000006786351011497383
1599.32	0.000006813903731805211
1599.3249999999998	0.000006875274137998908
1599.3300000000002	0.000006941278672842521
1599.335	0.00000699377914937024
1599.34	0.000007048641566937749
1599.3449999999998	0.000007093031130655869
1599.35	0.0000071022963101847965
1599.355	0.000007074750766557547
1599.3600000000001	0.000007036493882476957
1599.365	0.00000698946895575745
1599.37	0.0000069216125978283734
1599.375	0.000006840667509793576
1599.3799999999999	0.000006757702038873574
1599.385	0.000006688778170232976
1599.39	0.000006644041757887353
1599.395	0.000006613786937794886
1599.3999999999999	0.00000659151010529466
1599.405	0.0000065786639039697894
1599.4099999999999	0.000006567867043821592
1599.415	0.0000065654282728890025
1599.42	0.000006568359860388478
1599.425	0.000006593324276077203
1599.4299999999998	0.000006629019860695368
1599.435	0.00000668452418803999
1599.4399999999998	0.000006757137709513706
1599.4450000000002	0.000006819481660529192
1599.45	0.000006837241067775768
1599.455	0.000006813563310920077
1599.46	0.000006767774529710544
1599.465	0.000006704668457948479
1599.4699999999998	0.000006631326410792813
1599.4750000000001	0.0000065482091553624154
1599.48	0.000006482381450229636
1599.485	0.000006433667037739894
1599.49	0.0000064142552533211355
1599.495	0.000006434143392042702
1599.5	0.000006480102964959433
1599.505	0.000006535829625303943
1599.51	0.000006595745843056996
1599.5149999999999	0.000006656120335826599
1599.52	0.000006712526226631678
1599.5249999999999	0.000006761768424540141
1599.53	0.000006800179665939605
1599.535	0.00000682098064932375
1599.54	0.000006816890424954759
1599.5449999999998	0.000006793626205415608
1599.55	0.000006760590386036755
1599.5549999999998	0.000006719564956775371
1599.5600000000002	0.000006696809972329861
1599.565	0.000006682171436467098
1599.57	0.000006671342819087191
1599.575	0.00000666175232682782
1599.58	0.000006654584922989315
1599.5849999999998	0.000006651071999703751
1599.5900000000001	0.000006660334225972387
1599.595	0.0000066897442096998045
1599.6	0.0000067401536947908825
1599.605	0.000006811759465960522
1599.61	0.000006888302246866578
1599.6149999999998	0.000006980145625487041
1599.6200000000001	0.0000070711160128606626
1599.625	0.000007150860952351035
1599.6299999999999	0.0000072301508772291515
1599.635	0.000007297486507045918
1599.6399999999999	0.000007354208199958488
1599.645	0.0000073633586812593674
1599.65	0.0000073196161842216326
1599.655	0.0000072574874203946
1599.6599999999999	0.000007190124604405341
1599.665	0.000007118571134348297
1599.6699999999998	0.0000070347173445901795
1599.675	0.000006959353318261331
1599.68	0.000006894671880481405
1599.685	0.000006852805380477014
1599.69	0.000006831290192302888
1599.695	0.0000068348031155884555
1599.6999999999998	0.000006859320684262561
1599.7050000000002	0.000006889610672321498
1599.71	0.000006912925651270888
1599.715	0.0000069329395767857905
1599.72	0.00000695236355974067
1599.725	0.0000069720000671533535
1599.7299999999998	0.0000069958234754428616
1599.7350000000001	0.000007023901774888687
1599.74	0.000007045785082859435
1599.745	0.000007063174958407311
1599.75	0.000007065346621717938
1599.7549999999999	0.000007046483412579227
1599.7599999999998	0.000007007329668313968
1599.765	0.000006953192413573851
1599.77	0.000006890508169190042
1599.7749999999999	0.000006811686940962529
1599.78	0.000006727344450960358
1599.7849999999999	0.0000066686767700988975
1599.79	0.000006636533839173169
1599.795	0.0000066122577979413826
1599.8	0.0000066213576623866695
1599.805	0.000006670447561656303
1599.81	0.000006739005740489399
1599.8149999999998	0.000006809535349577257
1599.82	0.000006884307233419922
1599.825	0.000006960009444995579
1599.83	0.000007028093959673017
1599.835	0.000007051411228168951
1599.84	0.000007033823116461279
1599.8449999999998	0.000006988072356344508
1599.85	0.0000069337959579704025
1599.855	0.000006875948305871507
1599.86	0.000006814936554359028
1599.865	0.000006750390861937448
1599.87	0.000006692879314276126
1599.8749999999998	0.000006653958799395252
1599.88	0.000006634744651618209
1599.885	0.0000066340206613706
1599.8899999999999	0.000006647575685140654
1599.895	0.00000667229482480522
1599.8999999999999	0.000006714512454795852
1599.905	0.000006765748895447515
1599.91	0.0000068195304268018104
1599.915	0.000006890762211402393
1599.92	0.000006943897449012191
1599.925	0.000006983132826530823
1599.9299999999998	0.000007011681003710695
1599.935	0.000007039960064631349
1599.94	0.0000070721880078441454
1599.945	0.000007083860548206805
1599.95	0.0000070496895771492856
1599.955	0.000006955277386787579
1599.9599999999998	0.00000684199665892927
1599.965	0.0000067377867532239435
1599.97	0.0000066433478462866255
1599.975	0.0000065528751159767425
1599.98	0.000006477589621095393
1599.985	0.000006418110659134898
1599.9899999999998	0.000006384523953015831
1599.995	0.00000638120111996469
1600	0.0000063954201220034395
1600.0049999999999	0.000006420183184444326
1600.01	0.000006456674809306056
1600.0149999999999	0.000006488405557040513
1600.02	0.00000648541493059057
1600.025	0.000006450551736474923
1600.03	0.00000641097359095971
1600.035	0.000006373243147323821
1600.04	0.0000063255289434501534
1600.0449999999998	0.000006258728064859647
1600.05	0.0000061796514895553885
1600.055	0.000006104905017481679
1600.06	0.000006042080393333844
1600.065	0.000005993660732459749
1600.07	0.000005949365778313049
1600.0749999999998	0.000005902995819299029
1600.08	0.000005854354509168363
1600.085	0.000005808639408842149
1600.09	0.000005769615103008586
1600.095	0.000005751737581541915
1600.1	0.000005755638821069429
1600.1049999999998	0.0000057753824510924475
1600.11	0.000005831283750464356
1600.115	0.0000059177669899704185
1600.12	0.000005983366962185923
1600.125	0.000006026835247812155
1600.1299999999999	0.000006091108598777962
1600.135	0.0000061306756136650225
1600.1399999999999	0.000006125510135042242
1600.145	0.0000060881859084447445
1600.15	0.000006042665045253243
1600.155	0.000005995978108651476
1600.1599999999999	0.00000594629359324378
1600.165	0.000005904739486761384
1600.17	0.000005885863899367385
1600.175	0.000005886502909439646
1600.18	0.000005897346585833496
1600.185	0.00000592134436145185
1600.1899999999998	0.000005973067055677112
1600.195	0.000006039004043615382
1600.2	0.000006102427834232668
1600.205	0.000006154745810220621
1600.21	0.000006193313359374846
1600.215	0.0000062284097659933055
1600.2199999999998	0.000006259001104912744
1600.225	0.000006280285968967179
1600.23	0.000006286173347310938
1600.235	0.000006273288967495753
1600.24	0.00000624472768970734
1600.245	0.000006202259429651052
1600.25	0.000006146768886804733
1600.2549999999999	0.000006078727035119022
1600.26	0.000006010297385249857
1600.265	0.000005950247296580706
1600.27	0.000005889746226463749
1600.2749999999999	0.000005821280982066641
1600.28	0.0000057585473235267256
1600.2849999999999	0.000005712249012721038
1600.29	0.000005692867513290066
1600.295	0.000005701481454455901
1600.3	0.0000057185094770911915
1600.3049999999998	0.000005731908536295952
1600.31	0.000005751742531581304
1600.3149999999998	0.0000057886282768046944
1600.32	0.000005828996061844664
1600.325	0.000005850257482022895
1600.33	0.0000058425864692890895
1600.335	0.000005814687374335861
1600.34	0.000005770854338576898
1600.345	0.000005708844824384948
1600.35	0.000005639633705311681
1600.355	0.000005579763021815072
1600.36	0.000005536591751172331
1600.365	0.000005505705591408114
1600.37	0.000005482248668047175
1600.375	0.0000054673453652995814
1600.38	0.0000054657993918338026
1600.385	0.000005486717384595099
1600.3899999999999	0.000005525881751578474
1600.395	0.000005573351039538071
1600.3999999999999	0.000005629022425962476
1600.405	0.0000056853740682059054
1600.41	0.000005745653080387366
1600.415	0.000005815190254066489
1600.4199999999998	0.000005885707539474666
1600.425	0.000005955838451766792
1600.4299999999998	0.00000602680550998314
1600.435	0.00000607753346352517
1600.44	0.000006110171490476951
1600.445	0.000006110758574374494
1600.45	0.0000060719917326450195
1600.455	0.000006016787654784556
1600.4599999999998	0.000005978947691002688
1600.465	0.000005953278494647282
1600.47	0.000005939394074819016
1600.475	0.00000594620292535001
1600.48	0.000005977671809968057
1600.485	0.000006023866835716082
1600.49	0.0000060833632449156605
1600.4950000000001	0.000006166870108431943
1600.5	0.000006246560521429626
1600.5049999999999	0.00000628381091196164
1600.51	0.000006288322144515217
1600.5149999999999	0.00000627357373405763
1600.52	0.00000624370830412273
1600.525	0.000006195784285575214
1600.53	0.000006120632518327751
1600.5349999999999	0.000006038554092351151
1600.54	0.00000595921610349236
1600.5449999999998	0.00000588511900325953
1600.55	0.000005816818569503549
1600.555	0.000005754078476726004
1600.56	0.000005703935382955984
1600.565	0.000005671748901569609
1600.57	0.000005655058559187865
1600.5749999999998	0.00000565151272491099
1600.5800000000002	0.000005654091803726832
1600.585	0.000005660210947904531
1600.59	0.000005664453677318798
1600.595	0.000005683807552667952
1600.6	0.000005718356959919352
1600.6049999999998	0.000005772093807631829
1600.6100000000001	0.000005836162024198594
1600.615	0.00000589891263744351
1600.62	0.0000059456907019235485
1600.625	0.000005973866105068792
1600.6299999999999	0.0000059858754825482534
1600.635	0.0000059803182411098015
1600.64	0.000005959790497346553
1600.645	0.000005917200039125068
1600.6499999999999	0.000005852052519164568
1600.655	0.000005777885727382161
1600.6599999999999	0.000005715298938424429
1600.665	0.000005673086812363531
1600.67	0.000005643328238215905
1600.675	0.000005641456389072846
1600.68	0.000005676992212558075
1600.685	0.0000057298736584576535
1600.6899999999998	0.0000057933030263098835
1600.6950000000002	0.000005855028115985471
1600.7	0.000005908612842644781
1600.705	0.000005957643190319774
1600.71	0.000005998556142372881
1600.715	0.000006029293392367234
1600.7199999999998	0.000006050313688807985
1600.7250000000001	0.000006056802145364453
1600.73	0.000006050704885223505
1600.735	0.000006030247414538443
1600.74	0.000006004106000718969
1600.745	0.00000597196282501479
1600.7499999999998	0.000005920517717150657
1600.755	0.00000584037675839874
1600.76	0.000005748358387814924
1600.7649999999999	0.000005664538550755304
1600.77	0.000005598205567262521
1600.7749999999999	0.000005537837996707987
1600.78	0.000005517338648391615
1600.785	0.000005535521228979126
1600.79	0.000005566452071357938
1600.795	0.0000055862430470182866
1600.8	0.0000055995430137064945
1600.8049999999998	0.000005608912346396911
1600.81	0.000005603246374190417
1600.815	0.000005573201266837167
1600.82	0.000005526842207063155
1600.825	0.000005465710313750873
1600.83	0.0000053898106625925745
1600.8349999999998	0.000005304474579939852
1600.8400000000001	0.00000521683150196024
1600.845	0.0000051532963679704155
1600.85	0.0000051072650058656094
1600.855	0.000005070215354104774
1600.86	0.0000050425700870324806
1600.8649999999998	0.000005025938519901895
1600.8700000000001	0.000005026605708925652
1600.875	0.000005037738124347939
1600.8799999999999	0.000005053884030521673
1600.885	0.00000507113903008303
1600.8899999999999	0.000005096711107870756
1600.8949999999998	0.000005113286722585932
1600.9	0.000005123403946298208
1600.905	0.000005125969496923526
1600.91	0.0000051138121107151
1600.915	0.000005088156626270369
1600.9199999999998	0.000005061036661238233
1600.925	0.000005035240315462906
1600.93	0.000005008484307022174
1600.935	0.000004969886513855601
1600.94	0.000004908889819872423
1600.945	0.000004832088149877347
1600.9499999999998	0.000004766724966285739
1600.955	0.000004707712294990697
1600.96	0.000004655949904877743
1600.965	0.000004622232106842262
1600.97	0.000004615410282965853
1600.975	0.000004621710375602917
1600.9799999999998	0.00000462386871671069
1600.985	0.000004640471026629803
1600.99	0.00000468672296469101
1600.995	0.000004751168576708411
1601	0.000004799112098497863
1601.0049999999999	0.00000483448575348503
1601.0099999999998	0.000004855646485496047
1601.015	0.00000485276081973612
1601.02	0.000004825334058148053
1601.025	0.000004793254225754445
1601.03	0.000004767452934438292
1601.0349999999999	0.0000047356088405190905
1601.04	0.000004690736047318658
1601.045	0.0000046388177278037275
1601.05	0.000004603431452149645
1601.055	0.0000045838906949012225
1601.06	0.0000045785342223087724
1601.0649999999998	0.000004581523738940578
1601.07	0.000004585939619976647
1601.075	0.000004591940699674468
1601.08	0.000004604947252925618
1601.085	0.000004627499506633105
1601.09	0.0000046729978995595086
1601.0949999999998	0.000004735932150763104
1601.1	0.000004801580260655956
1601.105	0.00000486612652263304
1601.11	0.0000049239096142907635
1601.115	0.000004962353724985961
1601.12	0.0000049632676281968245
1601.1249999999998	0.000004945589380144384
1601.1299999999999	0.000004917399476979837
1601.135	0.00000488423303848809
1601.14	0.000004852055787985521
1601.145	0.000004822433707606934
1601.1499999999999	0.000004800220962329472
1601.155	0.000004799681248224371
1601.16	0.000004822521012813869
1601.165	0.000004857421812933425
1601.17	0.000004893935549309391
1601.175	0.000004942150419488402
1601.1799999999998	0.000005008564779110639
1601.185	0.0000050628751316549385
1601.19	0.00000509704208750057
1601.195	0.000005117331925573429
1601.2	0.00000513221578670373
1601.205	0.000005147446980787439
1601.2099999999998	0.000005143310951886197
1601.215	0.000005121514803294207
1601.22	0.000005089073341199162
1601.225	0.000005055030993428857
1601.23	0.000005030586049582137
1601.235	0.000005010371316069783
1601.2399999999998	0.000004994628740216012
1601.245	0.000004979156805598115
1601.25	0.000004963565411460913
1601.255	0.000004955877333955239
1601.26	0.0000049629443631300785
1601.2649999999999	0.00000498490069593773
1601.27	0.000005017317453503975
1601.2749999999999	0.000005060899262206102
1601.28	0.0000051157284683630836
1601.285	0.00000519077340732069
1601.29	0.000005270780804261444
1601.2949999999998	0.00000534885517420825
1601.3	0.000005407362328103299
1601.305	0.000005444923871036131
1601.31	0.000005459574238552124
1601.315	0.000005447616462983214
1601.32	0.000005409653665906927
1601.3249999999998	0.000005348601441096867
1601.33	0.000005269919044777303
1601.335	0.00000518682241623151
1601.34	0.000005130087248214734
1601.345	0.0000050936118799099804
1601.35	0.000005065338691983341
1601.3549999999998	0.000005046174339339062
1601.36	0.000005048014242193433
1601.365	0.000005071494814391739
1601.3700000000001	0.000005106852200222543
1601.375	0.000005146710621673331
1601.3799999999999	0.000005184385275061097
1601.385	0.00000521356221869064
1601.3899999999999	0.000005245412483805975
1601.395	0.000005266813375435159
1601.4	0.000005289319076455259
1601.405	0.000005302400745753618
1601.4099999999999	0.000005305935835783156
1601.415	0.000005295715366777278
1601.4199999999998	0.000005269639495946928
1601.425	0.0000052311201591698536
1601.43	0.000005168619819470861
1601.435	0.000005074659994054986
1601.4399999999998	0.000004964787493973672
1601.445	0.000004857373528859577
1601.4499999999998	0.000004773266098694549
1601.4550000000002	0.000004731918736417762
1601.46	0.0000047170531419563835
1601.465	0.000004724207829217849
1601.4699999999998	0.000004755767188800681
1601.475	0.000004803603670751723
1601.48	0.0000048655255746816625
1601.4850000000001	0.000004926348533972991
1601.49	0.000004973909438867752
1601.495	0.00000500007506141133
1601.5	0.000004996541650999964
1601.5049999999999	0.000004957903803727729
1601.51	0.0000048886319085409155
1601.515	0.0000048171773732935285
1601.52	0.000004751575573058034
1601.5249999999999	0.00000468276658931795
1601.53	0.000004613206138600967
1601.5349999999999	0.000004557620620873475
1601.54	0.000004520895751893689
1601.545	0.000004501080340402399
1601.55	0.0000044960831389001255
1601.5549999999998	0.000004502924117507187
1601.56	0.0000045213609743342686
1601.5649999999998	0.000004548713423028069
1601.5700000000002	0.000004579281997249193
1601.575	0.000004609784481343713
1601.58	0.0000046412552321755435
1601.5849999999998	0.000004674252640812747
1601.59	0.000004707941579149598
1601.5949999999998	0.000004750460892766491
1601.6000000000001	0.000004781295772176715
1601.605	0.000004794819230444067
1601.61	0.000004790025607891667
1601.615	0.000004773802589725929
1601.62	0.000004738889831961076
1601.625	0.000004687344256481027
1601.63	0.0000046222810259734855
1601.635	0.00000455972207670785
1601.6399999999999	0.00000449960623848239
1601.645	0.000004443819666333251
1601.6499999999999	0.000004391906465513535
1601.655	0.000004356244390554268
1601.66	0.000004349320815088926
1601.665	0.000004368645621832791
1601.6699999999998	0.0000044003618055334026
1601.675	0.00000442983598152688
1601.6799999999998	0.000004447975844899499
1601.6850000000002	0.000004454440905531203
1601.69	0.000004454728210614506
1601.695	0.000004445880942286543
1601.7	0.0000044216063662867534
1601.705	0.000004385997562458519
1601.7099999999998	0.000004349556663994232
1601.7150000000001	0.000004313213849127209
1601.72	0.000004274251852853304
1601.725	0.000004229551307536104
1601.73	0.0000041772977394430975
1601.735	0.000004122549923558662
1601.7399999999998	0.000004079304376447614
1601.7450000000001	0.000004045048283560432
1601.75	0.000004017588617316721
1601.7549999999999	0.0000039987892165754195
1601.76	0.000003981349779045961
1601.7649999999999	0.000003957561717288241
1601.77	0.0000039518326955636425
1601.775	0.000003979969340293999
1601.78	0.000004024006650922918
1601.7849999999999	0.000004070956027611562
1601.79	0.0000040956789828496
1601.7949999999998	0.000004096434557266792
1601.8	0.000004080707922725332
1601.805	0.000004049041277992601
1601.81	0.000004005465790820127
1601.815	0.00000395945544559169
1601.82	0.000003912859718158063
1601.8249999999998	0.0000038630802118778995
1601.8300000000002	0.000003818544952042381
1601.835	0.000003800374547179321
1601.84	0.000003810038671744685
1601.845	0.000003832233937273488
1601.85	0.000003860765273038145
1601.8549999999998	0.000003891874130266509
1601.8600000000001	0.000003929979981107604
1601.865	0.000003975274079113059
1601.87	0.0000040218619330885084
1601.875	0.0000040630781899041845
1601.8799999999999	0.0000040857123900297046
1601.8849999999998	0.0000041006690038573454
1601.89	0.000004108214164168455
1601.895	0.000004106316972000803
1601.8999999999999	0.000004095473981872666
1601.905	0.000004079856805399853
1601.9099999999999	0.00000406036874324856
1601.915	0.000004036626990958173
1601.92	0.000004010424767722053
1601.925	0.000003981562297672496
1601.93	0.000003951296100815851
1601.935	0.000003916846060978081
1601.9399999999998	0.00000388445899562976
1601.945	0.000003862604551936734
1601.95	0.000003856803563793221
1601.955	0.000003865380230095619
1601.96	0.000003889449457617628
1601.965	0.000003926403370451276
1601.9699999999998	0.000003976450341783113
1601.9750000000001	0.000004032925050114356
1601.98	0.000004091931233956177
1601.985	0.000004147102370530718
1601.99	0.000004191108060887201
1601.995	0.0000042014657932267976
1601.9999999999998	0.000004179805246244511
1602.005	0.000004144283362761178
1602.01	0.000004100482426714681
1602.0149999999999	0.000004054982311546957
1602.02	0.0000040169143855597935
1602.0249999999999	0.000003993939843751197
1602.03	0.000003974221574391178
1602.035	0.000003967048542668928
1602.04	0.000003974252411063494
1602.045	0.000003992940564859366
1602.05	0.0000040185944791096365
1602.0549999999998	0.000004047776611169232
1602.06	0.000004075818722174893
1602.065	0.000004109849802683511
1602.07	0.000004147860348957709
1602.075	0.000004189912089858483
1602.08	0.000004231207233078607
1602.0849999999998	0.000004265440871270621
1602.09	0.000004302140439601987
1602.095	0.000004335080543401177
1602.1	0.0000043620162511913105
1602.105	0.0000043758667058804015
1602.11	0.000004356497016368469
1602.1149999999998	0.0000043212961135320665
1602.12	0.000004294771897930385
1602.125	0.000004262654958968646
1602.1299999999999	0.000004221145344437956
1602.135	0.0000041944143376237295
1602.1399999999999	0.000004198603256130808
1602.145	0.0000042179826732645185
1602.15	0.000004247578175925517
1602.155	0.0000042988420072001
1602.16	0.0000043564231871106
1602.165	0.000004395773292772304
1602.1699999999998	0.0000044311883828059625
1602.175	0.000004467352417461074
1602.18	0.000004493064154066449
1602.185	0.000004491108029914911
1602.19	0.000004448318062521298
1602.195	0.000004408875222011112
1602.1999999999998	0.000004369843610103708
1602.205	0.000004329313485738697
1602.21	0.000004287800821785885
1602.215	0.000004242436089231079
1602.22	0.00000420388694802726
1602.225	0.0000041780788617549005
1602.2299999999998	0.0000041599084568918435
1602.235	0.0000041440422582953725
1602.24	0.000004134245135125776
1602.245	0.000004131810356963168
1602.25	0.000004136999919305175
1602.2549999999999	0.000004157125849862487
1602.26	0.000004196708502209534
1602.2649999999999	0.000004235072937147821
1602.27	0.000004274861059688873
1602.275	0.0000043104999951060415
1602.28	0.0000043448194939185655
1602.2849999999999	0.000004380923292417385
1602.29	0.000004409536596142391
1602.295	0.000004406759414518835
1602.3	0.00000435677179972329
1602.305	0.000004284940218140011
1602.31	0.0000042081269448375935
1602.3149999999998	0.00000412168209251549
1602.32	0.000004029432563904161
1602.325	0.000003961814713665936
1602.33	0.0000039284013305502825
1602.335	0.000003916809546975906
1602.34	0.0000039160859904395015
1602.3449999999998	0.000003941279708187685
1602.35	0.000003986941193312378
1602.355	0.000004037055082842123
1602.36	0.000004075223424474224
1602.365	0.0000041020019725362445
1602.37	0.000004130108967926639
1602.375	0.000004151623893149334
1602.3799999999999	0.0000041624751031865035
1602.385	0.000004160267002647276
1602.39	0.000004143502043280839
1602.395	0.000004115638235885356
1602.3999999999999	0.0000040763190550250565
1602.405	0.0000040437383989655274
1602.4099999999999	0.00000400034069755246
1602.415	0.000003964219080743041
1602.42	0.000003920311747850245
1602.425	0.00000387686866856902
1602.4299999999998	0.000003819999860668703
1602.435	0.0000037631312025377278
1602.44	0.000003723810682858398
1602.445	0.0000037112506504208202
1602.45	0.0000037342708372910744
1602.455	0.0000037725213619777617
1602.4599999999998	0.0000038138169761972324
1602.465	0.000003865424815283867
1602.47	0.000003911520425312949
1602.475	0.000003925748858027468
1602.48	0.000003916994633291999
1602.485	0.0000039004688601205195
1602.49	0.000003868502355549729
1602.495	0.00000381325240986729
1602.5	0.0000037457901550984927
1602.505	0.0000036805078233888735
1602.51	0.000003631395880252201
1602.5149999999999	0.0000035990081412108417
1602.52	0.0000035819629770411442
1602.5249999999999	0.000003575785468385278
1602.53	0.0000035800967400924285
1602.535	0.000003602788632901491
1602.54	0.0000036259875892160327
1602.5449999999998	0.0000036497952213741083
1602.55	0.0000036744686790700387
1602.5549999999998	0.000003701975726214672
1602.56	0.0000037279533881380156
1602.565	0.0000037529843858803356
1602.57	0.0000037758909435047626
1602.5749999999998	0.000003785440637873205
1602.58	0.000003789325420453271
1602.5849999999998	0.0000037859207447645636
1602.59	0.000003775878824646215
1602.595	0.000003754462075723423
1602.6	0.0000037164078292921514
1602.605	0.000003666019946937751
1602.61	0.000003614196785322025
1602.615	0.00000356521306587202
1602.6200000000001	0.000003522544600135732
1602.625	0.0000034804693292465984
1602.6299999999999	0.0000034415733553152862
1602.635	0.00000341391932183207
1602.6399999999999	0.0000034098880978649376
1602.645	0.000003432487783844048
1602.65	0.0000034681329367873
1602.655	0.0000035248071193048148
1602.6599999999999	0.000003584598990617607
1602.665	0.000003637874966549891
1602.6699999999998	0.000003674116209404339
1602.675	0.0000036911655827304416
1602.68	0.000003688803315226073
1602.685	0.0000036685118688003716
1602.69	0.000003630400828693778
1602.695	0.00000357514455929312
1602.6999999999998	0.000003520858096805916
1602.705	0.000003472750945731422
1602.71	0.0000034377500990100855
1602.715	0.000003410491344545594
1602.72	0.000003386669827531292
1602.725	0.00000336735583328079
1602.7299999999998	0.000003344810815518365
1602.7350000000001	0.000003328147968171354
1602.74	0.0000033201536935965526
1602.745	0.0000033198861310145037
1602.75	0.00000332871830597706
1602.7549999999999	0.000003344197315249098
1602.76	0.0000033699714763244744
1602.765	0.0000034124994915551817
1602.77	0.0000034676685047031025
1602.7749999999999	0.000003504796103749586
1602.78	0.0000035122257504337266
1602.7849999999999	0.000003486116380189055
1602.79	0.000003450385139461175
1602.795	0.0000034011938442480314
1602.8	0.0000033332757775136184
1602.805	0.000003271583207830367
1602.81	0.0000032301509954448984
1602.8149999999998	0.0000032028390464792106
1602.82	0.0000031878941893242607
1602.825	0.000003201362448979247
1602.83	0.0000032339973527242377
1602.835	0.0000032538151755330118
1602.84	0.000003278420330758797
1602.8449999999998	0.0000033119668882843434
1602.8500000000001	0.0000033537975173716113
1602.855	0.000003383282198733659
1602.86	0.0000033845992218249417
1602.865	0.0000033729572315904668
1602.87	0.0000033537423829627838
1602.8749999999998	0.0000033379603092756385
1602.88	0.000003321983503471209
1602.885	0.000003304723761020787
1602.8899999999999	0.000003284986494561711
1602.895	0.000003257479447416187
1602.8999999999999	0.000003229069933763334
1602.905	0.0000032026196355355944
1602.91	0.000003179483648005562
1602.915	0.000003158315816359815
1602.92	0.0000031474805862110023
1602.925	0.0000031422497033669213
1602.9299999999998	0.000003140319301540427
1602.935	0.0000031440142358367046
1602.94	0.0000031617438663647216
1602.945	0.0000031888238340445566
1602.95	0.000003219783385988578
1602.955	0.000003253010361940688
1602.9599999999998	0.0000032916283146624653
1602.9650000000001	0.0000033379208220608735
1602.97	0.0000033771589352978225
1602.975	0.000003390735855646198
1602.98	0.000003383647891868069
1602.985	0.0000033668361034583116
1602.9899999999998	0.000003342338838768005
1602.9950000000001	0.0000032962669450958087
1603	0.0000032353960214249207
1603.0049999999999	0.000003181968296859955
1603.01	0.0000031430494899317223
1603.0149999999999	0.000003115901164319654
1603.0199999999998	0.0000030994721497664723
1603.025	0.000003096895465317577
1603.03	0.0000031064661225305352
1603.035	0.0000031226851877924712
1603.04	0.000003148947137786344
1603.0449999999998	0.0000031706722931810564
1603.05	0.000003194508645447335
1603.055	0.0000032191401207794288
1603.06	0.000003244325745612126
1603.065	0.000003272038423873067
1603.07	0.000003298147989108052
1603.0749999999998	0.0000033250883561757973
1603.08	0.0000033419655639064553
1603.085	0.000003350151072671218
1603.09	0.00000334892649989528
1603.095	0.0000033328035878711417
1603.1	0.000003289223516286425
1603.1049999999998	0.0000032301676542095888
1603.11	0.000003181423483846531
1603.115	0.0000031466050587863096
1603.12	0.0000031231006516609908
1603.125	0.0000031145237519354385
1603.1299999999999	0.0000031376351946798636
1603.1349999999998	0.000003180169092682457
1603.14	0.0000032184898295226257
1603.145	0.000003253216265596941
1603.15	0.000003297309260476606
1603.155	0.0000033628926707843422
1603.1599999999999	0.000003412588195137628
1603.165	0.000003430289636822643
1603.17	0.000003420125084209483
1603.175	0.0000033941034237347156
1603.18	0.0000033615364228397935
1603.185	0.0000033253275788481193
1603.1899999999998	0.000003282008985692685
1603.195	0.000003245380875116599
1603.2	0.0000032150830300048344
1603.205	0.0000031911072085932586
1603.21	0.000003175117671626335
1603.215	0.000003167402198478167
1603.2199999999998	0.000003168716642413358
1603.225	0.0000031794078599040957
1603.23	0.0000032001398605317747
1603.235	0.00000322969042216625
1603.24	0.000003263519462402913
1603.245	0.0000032988859931747626
1603.2499999999998	0.0000033325372668102816
1603.2549999999999	0.000003365088314197502
1603.26	0.000003399679000658324
1603.265	0.0000034301754045806766
1603.27	0.0000034582033486814097
1603.2749999999999	0.000003479731516237329
1603.28	0.0000034804777454356884
1603.285	0.0000034477487923716277
1603.29	0.0000033937535390724304
1603.295	0.0000033349927334391455
1603.3	0.00000327151166568823
1603.3049999999998	0.0000032161517877053577
1603.31	0.000003168359785320171
1603.315	0.0000031325839775249322
1603.32	0.00000310105887220739
1603.325	0.0000030934076766198805
1603.33	0.0000031234940130211013
1603.3349999999998	0.0000031762107702448375
1603.34	0.0000032274329723010033
1603.345	0.0000032667830873856668
1603.35	0.00000328954733019634
1603.355	0.0000032940189482759035
1603.36	0.0000032808481466023585
1603.3649999999998	0.000003259279917062758
1603.37	0.000003235446204419997
1603.375	0.0000032078701844364457
1603.38	0.0000031734220781573917
1603.385	0.0000031415245831419346
1603.3899999999999	0.0000030937863372016826
1603.395	0.000003044875780836761
1603.3999999999999	0.0000029987920402340385
1603.405	0.000002952252233552418
1603.41	0.0000029003750504042013
1603.415	0.000002850943090003575
1603.4199999999998	0.000002816685352913583
1603.425	0.0000028069707267350017
1603.43	0.0000028265509667768867
1603.435	0.0000028601055409198394
1603.44	0.000002903466316272533
1603.445	0.000002954137090890631
1603.4499999999998	0.0000030112384522702427
1603.455	0.0000030528297558747943
1603.46	0.0000030795696093193038
1603.465	0.000003078838996454252
1603.47	0.0000030414842391138583
1603.475	0.0000029856577646766783
1603.4799999999998	0.000002925220242859378
1603.485	0.0000028683229572836077
1603.49	0.0000028196225568938113
1603.4950000000001	0.000002775678106152324
1603.5	0.0000027406039403596226
1603.5049999999999	0.000002727535224252452
1603.51	0.0000027347209033127673
1603.5149999999999	0.0000027600361259672565
1603.52	0.0000027973226102949563
1603.525	0.000002832858770176722
1603.53	0.0000028723021762275836
1603.5349999999999	0.0000029148096261063433
1603.54	0.000002955248528573681
1603.5449999999998	0.000002992546151949777
1603.55	0.0000030231538657504898
1603.555	0.000003043218880180611
1603.56	0.0000030464710127505354
1603.5649999999998	0.0000030395956356029985
1603.57	0.000003024950527052122
1603.5749999999998	0.0000030032400033585506
1603.58	0.000002970315730546872
1603.585	0.000002939014375624298
1603.59	0.000002902745770830369
1603.5949999999998	0.0000028719899968971747
1603.6	0.0000028331041048695828
1603.605	0.00000279271167955886
1603.6100000000001	0.0000027535593159448607
1603.615	0.0000027207644343015054
1603.62	0.0000027004031931922003
1603.625	0.000002696175238218429
1603.6299999999999	0.0000027089997208892474
1603.635	0.0000027372779803706296
1603.64	0.0000027723062551616482
1603.645	0.0000028059394868131385
1603.6499999999999	0.0000028387693541916584
1603.655	0.000002865009259828218
1603.6599999999999	0.000002877250282958347
1603.665	0.000002857170512665851
1603.67	0.000002818728433230002
1603.675	0.000002774421582168906
1603.6799999999998	0.000002730393643667347
1603.685	0.000002685063216908897
1603.6899999999998	0.0000026400066733066366
1603.695	0.0000026036272706154588
1603.7	0.0000025769855784850353
1603.705	0.000002560940215287736
1603.7099999999998	0.000002552863950343169
1603.715	0.0000025506484998278985
1603.7199999999998	0.0000025526923696705052
1603.7250000000001	0.000002558170151337306
1603.73	0.000002564916767079001
1603.735	0.000002579439089649684
1603.74	0.0000025992419722489945
1603.745	0.0000026237265785082617
1603.75	0.000002657971559444946
1603.755	0.0000027038722062421238
1603.76	0.000002748087464473884
1603.7649999999999	0.0000027839365360963654
1603.77	0.0000028035150302143184
1603.7749999999999	0.000002798409335793469
1603.78	0.0000027776406101819435
1603.785	0.000002739116847207644
1603.79	0.0000026822209191215836
1603.7949999999998	0.0000026209372127744393
1603.8	0.0000025772577302963655
1603.8049999999998	0.000002546624668789042
1603.8100000000002	0.0000025277454210334767
1603.815	0.0000025289809452622665
1603.82	0.0000025505636781626845
1603.8249999999998	0.000002585834557581838
1603.83	0.0000026320866421887717
1603.8349999999998	0.000002675365394198982
1603.8400000000001	0.00000270512210408654
1603.845	0.0000027232728097998013
1603.85	0.000002728597479155236
1603.855	0.0000027199898578390964
1603.86	0.0000026930226403209207
1603.8649999999998	0.000002660901849034508
1603.8700000000001	0.0000026246213511360037
1603.875	0.0000025845267016490955
1603.8799999999999	0.000002545334334650198
1603.885	0.0000025111764804864387
1603.8899999999999	0.0000024808126988236978
1603.895	0.000002454258820201468
1603.9	0.0000024393045281167944
1603.905	0.0000024291352306768694
1603.9099999999999	0.0000024218784137570196
1603.915	0.0000024166719654699097
1603.9199999999998	0.0000024161962932645447
1603.925	0.0000024262735883914676
1603.93	0.000002446831596747086
1603.935	0.0000024807840017412312
1603.9399999999998	0.000002516966894132015
1603.945	0.0000025599378578696926
1603.9499999999998	0.000002601832955647364
1603.9550000000002	0.0000026389055280065247
1603.96	0.0000026615334715247338
1603.965	0.000002661668100201044
1603.97	0.000002656738528460837
1603.975	0.000002643428576562516
1603.9799999999998	0.000002601809522923527
1603.9850000000001	0.0000025517554357325476
1603.99	0.0000025141796862468616
1603.995	0.0000025028683761202374
1604	0.0000025009866388434655
1604.0049999999999	0.0000025052841940336886
1604.0099999999998	0.0000025188326882491165
1604.015	0.000002545204783558614
1604.02	0.000002580647602441489
1604.0249999999999	0.0000026196691515235685
1604.03	0.0000026589854493255414
1604.0349999999999	0.000002693906797677832
1604.04	0.0000027267780878555186
1604.045	0.00000275728297122741
1604.05	0.0000027866414602901403
1604.055	0.0000028168027135173045
1604.06	0.0000028403812409953277
1604.0649999999998	0.0000028549920970094777
1604.07	0.0000028619381035598383
1604.075	0.0000028591516668337065
1604.08	0.0000028419193407836572
1604.085	0.0000028171456099664043
1604.09	0.0000027896332303812936
1604.0949999999998	0.0000027554863944110034
1604.1000000000001	0.00000270849301393912
1604.105	0.0000026758161033128532
1604.11	0.00000267322942880394
1604.115	0.00000269669924488791
1604.12	0.000002730194316273581
1604.1249999999998	0.000002776312564668968
1604.13	0.0000028255068915372167
1604.135	0.0000028698513566572154
1604.1399999999999	0.000002905411382250077
1604.145	0.000002930796230088114
1604.1499999999999	0.000002938941079961923
1604.155	0.0000029267399129264904
1604.16	0.0000028937282521744493
1604.165	0.000002846687852998008
1604.17	0.0000027916659067719935
1604.175	0.0000027369512977168483
1604.1799999999998	0.000002694610766635746
1604.185	0.0000026673437038651324
1604.19	0.000002648139376713896
1604.195	0.000002634632221772252
1604.2	0.0000026279248655334014
1604.205	0.0000026285288448805415
1604.2099999999998	0.000002636369275055963
1604.215	0.0000026517929118459707
1604.22	0.000002671743377740802
1604.225	0.0000026971310531507544
1604.23	0.0000027208951916250575
1604.235	0.000002742056248159928
1604.2399999999998	0.000002767800263417934
1604.245	0.000002782908299595821
1604.25	0.00000279553459014111
1604.2549999999999	0.0000027984580908987775
1604.26	0.000002789789743001499
1604.2649999999999	0.0000027643334388251824
1604.27	0.000002727515904569861
1604.275	0.0000026801800359178808
1604.28	0.000002625787318691034
1604.285	0.000002562943474640049
1604.29	0.000002505071976272029
1604.2949999999998	0.0000024470310055392794
1604.3	0.000002404523550944375
1604.305	0.0000023898277331519248
1604.31	0.0000024013485709179385
1604.315	0.0000024260020766464933
1604.32	0.000002463325056972774
1604.3249999999998	0.0000025131387126694363
1604.33	0.0000025606376771350017
1604.335	0.0000025932161358539513
1604.34	0.0000026058010816881877
1604.345	0.000002603409093513529
1604.35	0.000002588147605683201
1604.3549999999998	0.0000025570317389124666
1604.36	0.0000025147410060389742
1604.365	0.0000024720462822028917
1604.37	0.000002431373506766415
1604.375	0.000002393836419399124
1604.3799999999999	0.000002360530237964652
1604.385	0.000002330097329523211
1604.3899999999999	0.000002300835155734456
1604.395	0.0000022731924591417234
1604.4	0.000002251529652468487
1604.405	0.0000022372449619872867
1604.4099999999999	0.000002228004950049865
1604.415	0.0000022314846049579263
1604.42	0.000002257142138729746
1604.425	0.0000022961074757748035
1604.43	0.0000023254207863609805
1604.435	0.0000023455285397576842
1604.4399999999998	0.0000023604457229944336
1604.445	0.000002361826012755744
1604.45	0.0000023391689203077977
1604.455	0.000002304273694447828
1604.46	0.000002266485073492703
1604.465	0.000002216092693733676
1604.4699999999998	0.000002160140127361235
1604.475	0.000002114510200778587
1604.48	0.0000020807108729867175
1604.485	0.000002057634427899558
1604.49	0.000002044371555280081
1604.495	0.000002042060660415113
1604.5	0.0000020579743098982678
1604.5049999999999	0.00000207792091781759
1604.51	0.0000020990419171072755
1604.515	0.0000021182436239984806
1604.52	0.0000021333635196651467
1604.5249999999999	0.0000021500524725985375
1604.53	0.0000021660292265678945
1604.5349999999999	0.0000021769451692274907
1604.54	0.000002181469388756371
1604.545	0.000002181448381763627
1604.55	0.0000021770897605901956
1604.5549999999998	0.0000021678533573271344
1604.56	0.000002156646362811916
1604.565	0.000002141247455419276
1604.57	0.0000021222576435246744
1604.575	0.00000209832304901139
1604.58	0.000002068012518885633
1604.5849999999998	0.0000020411386483294148
1604.59	0.000002020550647783231
1604.595	0.0000020012191985828404
1604.6	0.000001982904638478405
1604.605	0.0000019706792102935484
1604.61	0.0000019667110839598592
1604.615	0.000001975068566583872
1604.62	0.0000019923845286589264
1604.625	0.000002024418035538072
1604.63	0.0000020699447158131673
1604.635	0.0000021174344486738938
1604.6399999999999	0.0000021527586813042063
1604.645	0.000002177786332822407
1604.6499999999999	0.000002190378358205591
1604.655	0.000002188589727389811
1604.66	0.0000021695049852575344
1604.665	0.0000021378531098762725
1604.6699999999998	0.000002102620056914172
1604.675	0.000002066687498806039
1604.6799999999998	0.0000020382609170829318
1604.685	0.0000020167397614818527
1604.69	0.000002002255907131238
1604.695	0.0000019912472241126277
1604.6999999999998	0.000001983714583996513
1604.705	0.0000019804905806946797
1604.7099999999998	0.000001982257213376293
1604.715	0.000001990343931854347
1604.72	0.0000020055131149689375
1604.725	0.0000020271576915562827
1604.73	0.0000020560707823106703
1604.735	0.0000020985148589714983
1604.74	0.0000021480648967721086
1604.7450000000001	0.0000021948066584168905
1604.75	0.00000223507345836558
1604.7549999999999	0.000002256526584958424
1604.76	0.000002259598886990528
1604.7649999999999	0.000002248041387193494
1604.77	0.0000022141765412300675
1604.775	0.000002165549873672528
1604.78	0.000002128357329760853
1604.7849999999999	0.0000021078418425613634
1604.79	0.0000020999626720546166
1604.7949999999998	0.000002102594471000143
1604.8	0.000002116361113879849
1604.805	0.000002144237781459101
1604.81	0.000002186251480251884
1604.8149999999998	0.000002234765482094909
1604.82	0.000002282077909904529
1604.8249999999998	0.0000023248695207369288
1604.83	0.000002355074187159771
1604.835	0.0000023683656150698658
1604.84	0.0000023653970259048895
1604.845	0.0000023536590375458458
1604.85	0.0000023387238493164436
1604.8549999999998	0.0000023173998957191625
1604.8600000000001	0.000002290721233905087
1604.865	0.0000022609929403067227
1604.87	0.0000022287688572931663
1604.875	0.000002209908128494715
1604.8799999999999	0.0000021988688681892292
1604.885	0.0000021932629093611713
1604.89	0.0000021925531786742613
1604.895	0.000002199328288466704
1604.8999999999999	0.000002212557505780467
1604.905	0.000002233049289689177
1604.9099999999999	0.00000225767861988137
1604.915	0.0000022843877629514687
1604.92	0.0000023114572398403247
1604.925	0.0000023357949512095315
1604.93	0.0000023634696656958883
1604.935	0.0000023929616988672736
1604.9399999999998	0.000002417124432345864
1604.945	0.0000024251964979113786
1604.95	0.0000024090781710801645
1604.955	0.000002372313062480146
1604.96	0.0000023244371178234105
1604.965	0.000002274041160950662
1604.9699999999998	0.0000022272016513899238
1604.9750000000001	0.0000021912317084036723
1604.98	0.000002170090582702552
1604.985	0.000002161594742125308
1604.99	0.000002158847646584566
1604.995	0.000002165495618704072
1604.9999999999998	0.00000218676738535283
1605.005	0.0000022150001558955868
1605.01	0.000002244538556654299
1605.0149999999999	0.0000022739431745817427
1605.02	0.000002296521194180673
1605.0249999999999	0.000002318051749864849
1605.03	0.000002331961736210916
1605.035	0.000002339640558311076
1605.04	0.000002341426149162094
1605.045	0.0000023366461447677107
1605.05	0.0000023253812027294745
1605.0549999999998	0.0000023065408185296365
1605.06	0.0000022840954009686806
1605.065	0.0000022572939134698727
1605.07	0.0000022217242909260565
1605.075	0.0000021816340549467402
1605.08	0.0000021398876631433488
1605.0849999999998	0.0000021008595037940576
1605.0900000000001	0.0000020672228068314524
1605.095	0.00000205634965941925
1605.1	0.000002075726564700177
1605.105	0.0000021108546352405885
1605.11	0.0000021548635270467328
1605.1149999999998	0.000002207484057638421
1605.1200000000001	0.0000022576589289244743
1605.125	0.0000022942985286426595
1605.1299999999999	0.0000023141661886315477
1605.135	0.0000023156449477650224
1605.1399999999999	0.0000023017860895215702
1605.1449999999998	0.0000022643172599510335
1605.15	0.0000022084930755532867
1605.155	0.000002152065109945382
1605.16	0.0000021043420740243097
1605.165	0.0000020656834820089205
1605.1699999999998	0.000002035783843688359
1605.175	0.0000020200185763651544
1605.18	0.0000020179721859131077
1605.185	0.0000020274643578123866
1605.19	0.0000020466467873698146
1605.195	0.000002062967492583916
1605.1999999999998	0.0000020809160968525656
1605.205	0.0000021006359566272417
1605.21	0.0000021214157371379448
1605.215	0.0000021502307958200822
1605.22	0.0000021793484782630015
1605.225	0.0000022036465930532456
1605.2299999999998	0.0000022207019336095926
1605.2350000000001	0.0000022290488212347587
1605.24	0.0000022253462561792396
1605.245	0.000002205954459566886
1605.25	0.0000021832685468637796
1605.2549999999999	0.0000021509542480381625
1605.2599999999998	0.0000021039695878531574
1605.265	0.000002046724395609594
1605.27	0.000001992593049666468
1605.275	0.0000019432013659269095
1605.28	0.0000019089990401851802
1605.2849999999999	0.0000018817767137359
1605.29	0.0000018684229432860901
1605.295	0.0000018762278807018615
1605.3	0.0000018991551544861172
1605.305	0.0000019221734623378663
1605.31	0.000001938660638510355
1605.3149999999998	0.0000019683933422180596
1605.32	0.000002004166212868009
1605.325	0.0000020250582742522967
1605.33	0.000002027622046582006
1605.335	0.0000020158632485319224
1605.34	0.0000019906580875480345
1605.3449999999998	0.0000019589084593329414
1605.35	0.000001928436602953312
1605.355	0.0000018983121239796022
1605.36	0.000001870120651517724
1605.365	0.0000018422617524392798
1605.37	0.000001813461610289871
1605.3749999999998	0.000001787092502887814
1605.3799999999999	0.0000017630756435525174
1605.385	0.0000017410287280486042
1605.39	0.0000017175181212909377
1605.395	0.0000016917143651079981
1605.3999999999999	0.000001669149570234437
1605.405	0.0000016607328796224303
1605.41	0.000001670817216309478
1605.415	0.000001687187393899288
1605.42	0.0000017043658494072122
1605.425	0.0000017273091179638541
1605.4299999999998	0.0000017369060290610887
1605.435	0.000001725717269288164
1605.44	0.0000017058354437210452
1605.445	0.000001670110352803889
1605.45	0.00000161812588920183
1605.455	0.0000015695343821525637
1605.4599999999998	0.0000015276869006979072
1605.465	0.000001491417219112295
1605.47	0.0000014668796469404666
1605.475	0.0000014647862367213616
1605.48	0.0000014728158622505488
1605.485	0.0000014872294293819145
1605.4899999999998	0.000001506688837471297
1605.495	0.00000153933861453276
1605.5	0.0000015761206644161539
1605.505	0.0000016063092232212015
1605.51	0.000001625760553918113
1605.5149999999999	0.0000016361091419362455
1605.52	0.0000016428208356051267
1605.5249999999999	0.0000016465356615032105
1605.53	0.0000016475434713012313
1605.535	0.0000016410389018213048
1605.54	0.0000016304800999060218
1605.5449999999998	0.0000016162756476571783
1605.55	0.0000016009444903612996
1605.555	0.0000015841246831248155
1605.56	0.0000015658249757379198
1605.565	0.0000015475530110167517
1605.57	0.0000015308593120394652
1605.5749999999998	0.0000015139141891517872
1605.58	0.0000015013782253270702
1605.585	0.0000014979875085544848
1605.59	0.0000015024124463147867
1605.595	0.0000015117849035100733
1605.6	0.0000015251570953307722
1605.6049999999998	0.0000015468592386750716
1605.61	0.0000015782457367526062
1605.615	0.0000016192140733788541
1605.6200000000001	0.000001667677819746476
1605.625	0.0000017127515557074835
1605.6299999999999	0.000001741661614509068
1605.635	0.0000017532306902228693
1605.6399999999999	0.0000017524619569190316
1605.645	0.0000017401964994377777
1605.65	0.000001717626731979476
1605.655	0.0000016868584356121768
1605.6599999999999	0.000001653428406659611
1605.665	0.0000016257183749054404
1605.6699999999998	0.0000016115555471388702
1605.675	0.0000016064178958693296
1605.68	0.0000016084532801600105
1605.685	0.000001618220322846637
1605.6899999999998	0.0000016358811594735374
1605.695	0.0000016571598072822278
1605.7	0.000001683361338898577
1605.705	0.0000017078688709388773
1605.71	0.0000017325991405633296
1605.715	0.000001760183496029285
1605.7199999999998	0.000001791823480762947
1605.725	0.00000182693418426745
1605.73	0.0000018620617001401402
1605.7350000000001	0.000001906449549376663
1605.74	0.0000019401475064796028
1605.745	0.000001954712191679416
1605.75	0.0000019424370279720753
1605.7549999999999	0.0000019136966064153678
1605.76	0.000001875171884628874
1605.765	0.0000018378883209693458
1605.77	0.0000018099939872710261
1605.7749999999999	0.0000017921843351742478
1605.78	0.0000017812938632999607
1605.7849999999999	0.0000017756372029160905
1605.79	0.0000017918582395904518
1605.795	0.000001826743974177771
1605.8	0.0000018626770582474617
1605.8049999999998	0.0000018947639065237336
1605.81	0.0000019220886042657955
1605.8149999999998	0.0000019381576375694402
1605.82	0.0000019370397688514203
1605.825	0.0000019215144992338212
1605.83	0.0000018945429285782382
1605.8349999999998	0.0000018555001114388598
1605.84	0.0000018150991136362762
1605.8449999999998	0.0000017748349030488162
1605.8500000000001	0.0000017358482914103984
1605.855	0.0000017081115039869589
1605.86	0.00000168670236694501
1605.865	0.0000016719855027612863
1605.87	0.0000016652779793359096
1605.875	0.0000016673161987510605
1605.88	0.000001671473656602947
1605.885	0.0000016776672153557232
1605.8899999999999	0.000001686206563072942
1605.895	0.0000016971692748146792
1605.8999999999999	0.000001714778744623855
1605.905	0.0000017423237684140526
1605.91	0.0000017711842090236848
1605.915	0.0000018010827659772177
1605.9199999999998	0.0000018272484293941842
1605.925	0.0000018414712233875705
1605.9299999999998	0.0000018429304708620061
1605.935	0.0000018298341659258667
1605.94	0.0000018029765296693598
1605.945	0.0000017650532413229876
1605.9499999999998	0.000001719887245046498
1605.955	0.0000016699361867317768
1605.9599999999998	0.0000016288410556325984
1605.9650000000001	0.0000015999212616340385
1605.97	0.0000015910160760830217
1605.975	0.000001597253753742781
1605.98	0.000001617758227681437
1605.985	0.0000016470054363642545
1605.9899999999998	0.0000016800094381605874
1605.9950000000001	0.0000017150160312443126
1606	0.0000017510034870954283
1606.0049999999999	0.0000017873138236137847
1606.01	0.0000018145762940305653
1606.0149999999999	0.0000018319317737016388
1606.02	0.0000018371448977999164
1606.025	0.0000018320432569303132
1606.03	0.0000018196921055158407
1606.0349999999999	0.0000018041756391325292
1606.04	0.0000017870781213566457
1606.0449999999998	0.0000017698306100012213
1606.05	0.0000017538166954574242
1606.055	0.000001731176067177515
1606.06	0.0000017076448326754488
1606.0649999999998	0.0000016841013446442612
1606.07	0.0000016634868270800095
1606.0749999999998	0.0000016452162920544436
1606.0800000000002	0.000001640355906105469
1606.085	0.0000016505477141743376
1606.09	0.0000016828296360375504
1606.095	0.0000017250015055864683
1606.1	0.0000017662837606077227
1606.1049999999998	0.0000018039329132944071
1606.1100000000001	0.0000018383965707326012
1606.115	0.000001861306552038372
1606.12	0.0000018625919772914397
1606.125	0.0000018402618430792452
1606.1299999999999	0.0000018029984586147471
1606.1349999999998	0.0000017637711781027246
1606.14	0.0000017270135807916595
1606.145	0.0000016917975751601191
1606.1499999999999	0.000001657951871689788
1606.155	0.0000016337186054006188
1606.1599999999999	0.0000016220867290649246
1606.165	0.0000016211407369716622
1606.17	0.0000016274298678854689
1606.175	0.0000016390035223382348
1606.1799999999998	0.0000016564006094792037
1606.185	0.0000016747130948954291
1606.1899999999998	0.000001692967789546064
1606.195	0.000001714536690459771
1606.2	0.0000017283197708738047
1606.205	0.0000017388175569718953
1606.21	0.0000017482530896766358
1606.215	0.000001749587807087802
1606.2199999999998	0.0000017483079236736518
1606.2250000000001	0.0000017404919654941508
1606.23	0.0000017245236752880505
1606.235	0.0000017017844510213001
1606.24	0.0000016756455909792684
1606.245	0.0000016448466607000359
1606.2499999999998	0.0000016135938272353977
1606.255	0.0000015788653332478666
1606.26	0.0000015382179188724818
1606.2649999999999	0.0000014949197306401626
1606.27	0.000001458492492259097
1606.2749999999999	0.000001432504930615189
1606.28	0.0000014151159396863818
1606.285	0.0000014038169086962665
1606.29	0.0000013993235041877241
1606.295	0.0000014044656633054512
1606.3	0.0000014254014084411747
1606.3049999999998	0.0000014536694764343348
1606.31	0.0000014778981467574888
1606.315	0.0000014856609689833852
1606.32	0.0000014823555122930746
1606.325	0.000001469791022589467
1606.33	0.0000014440216228309515
1606.3349999999998	0.000001409143110209053
1606.34	0.0000013684361658814345
1606.345	0.0000013333818590489676
1606.35	0.0000013036398724177311
1606.355	0.0000012803670604309314
1606.36	0.0000012606118161732707
1606.3649999999998	0.0000012425836383723946
1606.37	0.000001228767171326596
1606.375	0.0000012165290824217705
1606.3799999999999	0.0000012072866727266041
1606.385	0.0000012040787848886307
1606.3899999999999	0.0000012055213418303336
1606.395	0.0000012116827054046459
1606.4	0.0000012269004040729057
1606.405	0.0000012549611339414936
1606.41	0.000001288773021396169
1606.415	0.0000013101407104173552
1606.4199999999998	0.0000013207410593624432
1606.425	0.0000013258539855560993
1606.43	0.0000013138930496218356
1606.435	0.000001280973513464577
1606.44	0.0000012401821804535272
1606.445	0.0000012094456348215959
1606.4499999999998	0.000001183548426420911
1606.455	0.0000011589260725973034
1606.46	0.0000011488428440165092
1606.465	0.000001154494886353104
1606.47	0.0000011705081094129173
1606.475	0.0000011944949129449567
1606.4799999999998	0.0000012269566620884152
1606.485	0.0000012651171014433492
1606.49	0.0000012996322477398568
1606.495	0.0000013261949129166517
1606.5	0.000001348567112279829
1606.5049999999999	0.0000013683162483814642
1606.51	0.000001386721158827013
1606.5149999999999	0.0000013951590658745673
1606.52	0.000001394738227334742
1606.525	0.0000013873942729133012
1606.53	0.0000013759521942565411
1606.5349999999999	0.0000013621934825947975
1606.54	0.00000135209587790838
1606.545	0.000001345389071126595
1606.55	0.0000013406306615671323
1606.555	0.0000013371069814349642
1606.56	0.0000013348712860455017
1606.5649999999998	0.0000013340114196900143
1606.57	0.0000013378489033162728
1606.575	0.0000013446842947380994
1606.58	0.000001357586965567597
1606.585	0.0000013769369385648836
1606.59	0.0000014047864573526137
1606.5949999999998	0.0000014390596919400227
1606.6	0.000001475969581462636
1606.605	0.00000151141011564025
1606.61	0.0000015406961761663488
1606.615	0.0000015628594719942898
1606.62	0.0000015776097303418583
1606.625	0.000001578002038460355
1606.6299999999999	0.0000015620427641564152
1606.635	0.0000015367087762163548
1606.64	0.0000015066860367030857
1606.645	0.0000014755776627661735
1606.6499999999999	0.0000014477824183046954
1606.655	0.0000014324714962448111
1606.6599999999999	0.0000014307489158827422
1606.665	0.0000014382546833188002
1606.67	0.0000014442168602517747
1606.675	0.0000014507579032637858
1606.6799999999998	0.0000014599867173588317
1606.685	0.00000147399240258529
1606.69	0.000001493479861850568
1606.695	0.0000015144450193295468
1606.7	0.0000015359112188018618
1606.705	0.0000015550873686387612
1606.7099999999998	0.0000015658796338700428
1606.715	0.0000015735812622617474
1606.72	0.0000015784337690272594
1606.725	0.000001574263026203722
1606.73	0.0000015618406361799998
1606.735	0.0000015347782221322463
1606.74	0.000001489431618792653
1606.745	0.0000014405063786836721
1606.75	0.00000139986672463415
1606.755	0.0000013599969710583716
1606.76	0.0000013289137523732519
1606.7649999999999	0.0000013167259942214151
1606.77	0.0000013230737695688736
1606.7749999999999	0.0000013462994618703505
1606.78	0.0000013750030179163444
1606.785	0.0000014067746402689865
1606.79	0.0000014397518391171123
1606.7949999999998	0.0000014771809145926703
1606.8	0.0000014963173846875995
1606.8049999999998	0.000001501087144027598
1606.81	0.0000014925697666895171
1606.815	0.0000014698654056403538
1606.82	0.0000014335372028662396
1606.8249999999998	0.0000013924543324274354
1606.83	0.0000013613224431784501
1606.8349999999998	0.0000013359988958845162
1606.84	0.0000013153853690724117
1606.845	0.000001297758307265808
1606.85	0.0000012845794143596297
1606.855	0.0000012763167156959171
1606.86	0.0000012748032815315951
1606.865	0.0000012803011577860615
1606.8700000000001	0.0000012902459840976192
1606.875	0.0000013027651422995022
1606.8799999999999	0.0000013175552291366893
1606.885	0.000001344641311765854
1606.8899999999999	0.0000013697834776830314
1606.895	0.0000013977370368928624
1606.9	0.0000014224024139606242
1606.905	0.000001445425550244549
1606.9099999999999	0.0000014633566891956387
1606.915	0.0000014742430742219245
1606.9199999999998	0.000001473988234690954
1606.925	0.0000014619563869903862
1606.93	0.0000014372689160764872
1606.935	0.0000014084892107800743
1606.9399999999998	0.000001376665833075438
1606.945	0.0000013469161915699163
1606.9499999999998	0.0000013191356581074558
1606.955	0.0000013015863049377631
1606.96	0.0000012969440303488254
1606.965	0.0000013122043148316516
1606.97	0.0000013389494346411855
1606.975	0.0000013682421977475207
1606.9799999999998	0.0000013991371741836592
1606.9850000000001	0.00000142964830330218
1606.99	0.00000145808051908755
1606.995	0.0000014801435786327801
1607	0.0000014931661067174016
1607.0049999999999	0.0000014909695610233057
1607.01	0.0000014809468996987574
1607.015	0.0000014667787122741464
1607.02	0.0000014513930963648558
1607.0249999999999	0.0000014371294821384223
1607.03	0.0000014235083435880095
1607.0349999999999	0.000001408432090098939
1607.04	0.000001389424829394817
1607.045	0.0000013679691670452946
1607.05	0.0000013451580358903923
1607.0549999999998	0.0000013199361975475771
1607.06	0.0000013011133600375304
1607.0649999999998	0.000001294243545900282
1607.07	0.0000012971099206574422
1607.075	0.0000012994562434959084
1607.08	0.0000013144481890961146
1607.085	0.0000013402829829402015
1607.09	0.000001364822925713698
1607.0949999999998	0.0000013768067509028723
1607.1000000000001	0.0000013798640695071058
1607.105	0.0000013724361949402256
1607.11	0.0000013499869784033359
1607.115	0.0000013158288799039781
1607.12	0.0000012780364973354566
1607.1249999999998	0.0000012392028059637526
1607.13	0.0000011981193511783902
1607.135	0.0000011585347125148022
1607.1399999999999	0.0000011313532113232552
1607.145	0.0000011174619223377923
1607.1499999999999	0.0000011114910410558143
1607.155	0.00000111043893624731
1607.16	0.0000011138056905814423
1607.165	0.00000112224907629358
1607.17	0.0000011357176245413315
1607.175	0.0000011547705499618793
1607.1799999999998	0.0000011753474526617322
1607.185	0.0000011947014736219887
1607.19	0.0000012117169284576989
1607.195	0.0000012216969851741183
1607.2	0.000001230632854758824
1607.205	0.000001234862353691972
1607.2099999999998	0.000001233755484546421
1607.2150000000001	0.000001228898811138863
1607.22	0.0000012193493094599655
1607.225	0.0000011995755220866621
1607.23	0.0000011776611222827224
1607.235	0.0000011504966742332848
1607.2399999999998	0.0000011190077771466372
1607.2450000000001	0.0000010861235993349846
1607.25	0.0000010573167010472618
1607.2549999999999	0.0000010355180745800892
1607.26	0.000001021603534634881
1607.2649999999999	0.0000010184605798713164
1607.2699999999998	0.0000010202236666443404
1607.275	0.0000010289159729760796
1607.28	0.0000010464840313808587
1607.285	0.0000010732092239921043
1607.29	0.0000011024145237338152
1607.2949999999998	0.00000112363272304491
1607.2999999999997	0.0000011401162010864127
1607.305	0.0000011440547843747853
1607.31	0.0000011326446517630668
1607.315	0.0000011124369806694856
1607.32	0.0000010886886289932072
1607.3249999999998	0.0000010628188974592533
1607.33	0.0000010371352210554158
1607.335	0.0000010137339935017502
1607.34	9.914491368466457e-7
1607.345	9.777499676425269e-7
1607.35	9.687481753138042e-7
1607.3549999999998	9.637403770545659e-7
1607.3600000000001	9.619992245338635e-7
1607.365	9.628339419464216e-7
1607.37	9.66260330510692e-7
1607.375	9.736715410252756e-7
1607.3799999999999	9.849598121907866e-7
1607.3849999999998	0.0000010030336119219592
1607.39	0.0000010255407497807802
1607.395	0.0000010540707828289817
1607.4	0.0000010891932767599453
1607.405	0.000001119992295511854
1607.4099999999999	0.000001136224838459395
1607.415	0.0000011390151165782169
1607.42	0.0000011250288527075883
1607.425	0.000001099763936366889
1607.43	0.0000010759319438060974
1607.435	0.0000010549414973675694
1607.4399999999998	0.0000010349635284378246
1607.445	0.0000010192573626020954
1607.45	0.00000101326386364866
1607.455	0.000001019260663370715
1607.46	0.000001035381111735832
1607.465	0.0000010586345941456224
1607.4699999999998	0.0000010865168687418036
1607.475	0.0000011148125907914678
1607.48	0.000001138305444173388
1607.485	0.0000011596738381579537
1607.49	0.0000011776664161622643
1607.495	0.0000011902802193932655
1607.4999999999998	0.0000011931696140996845
1607.5049999999999	0.000001186481201721326
1607.51	0.0000011739104233813583
1607.515	0.0000011581961724935776
1607.52	0.0000011427230329692568
1607.5249999999999	0.0000011294084261862136
1607.53	0.000001115873507391842
1607.535	0.00000110379061283487
1607.54	0.00000109283242941424
1607.545	0.0000010819258439438537
1607.55	0.0000010769563143107998
1607.5549999999998	0.0000010772010925134146
1607.56	0.0000010823543270165187
1607.565	0.0000010939328398984223
1607.57	0.0000011103837649263264
1607.575	0.0000011327804526822355
1607.58	0.0000011634582891619848
1607.5849999999998	0.0000012001508270271387
1607.59	0.000001234004999792363
1607.595	0.0000012597566197349039
1607.6	0.0000012756672696729851
1607.605	0.0000012801928941192528
1607.61	0.0000012693696714215038
1607.6149999999998	0.000001246691233643622
1607.62	0.0000012167763053969466
1607.625	0.0000011846947670398927
1607.63	0.000001155727446428891
1607.635	0.0000011328058960772695
1607.6399999999999	0.0000011179091135459278
1607.645	0.0000011152803456186562
1607.6499999999999	0.0000011211894220213758
1607.655	0.0000011283755065981515
1607.66	0.0000011356752823873741
1607.665	0.0000011482662052940305
1607.6699999999998	0.0000011660646435779292
1607.675	0.0000011853663147956838
1607.68	0.0000012125153406799072
1607.685	0.0000012312321834705877
1607.69	0.00000124490264540669
1607.695	0.0000012546848438082126
1607.6999999999998	0.0000012616964593064877
1607.705	0.000001266147742766285
1607.71	0.0000012678568860510662
1607.715	0.0000012661822019618152
1607.72	0.0000012531303405048578
1607.725	0.0000012255852728783258
1607.7299999999998	0.0000011836994324639166
1607.735	0.0000011440233417301238
1607.74	0.0000011112144621013371
1607.7450000000001	0.0000010907624357555337
1607.75	0.000001081924873704464
1607.7549999999999	0.0000010835048165167888
1607.76	0.0000010905291636355102
1607.7649999999999	0.0000011067282139542102
1607.77	0.000001140387451251198
1607.775	0.000001182179825939584
1607.78	0.0000012125110092334104
1607.7849999999999	0.000001227282910842813
1607.79	0.0000012354644528500167
1607.7949999999998	0.0000012356531415429257
1607.8	0.0000012236207284729851
1607.805	0.0000011986088180347208
1607.81	0.0000011689760892600373
1607.8149999999998	0.000001141698000860675
1607.82	0.0000011183915045396204
1607.825	0.000001099165784082381
1607.83	0.0000010824806286693109
1607.835	0.0000010734792813536327
1607.84	0.0000010696515928843634
1607.8449999999998	0.0000010707093602090484
1607.85	0.0000010756920918965561
1607.855	0.0000010806843006680402
1607.8600000000001	0.0000010866571092550366
1607.865	0.0000010954842960212077
1607.87	0.0000011068527871036193
1607.875	0.0000011268121637701396
1607.8799999999999	0.0000011482648886528563
1607.885	0.0000011741268786120256
1607.89	0.0000011952173561918441
1607.895	0.0000012057508395632467
1607.8999999999999	0.000001210024037377418
1607.905	0.0000012147640394851266
1607.9099999999999	0.00000121583718819389
1607.915	0.0000012044346858681783
1607.92	0.0000011746090048277773
1607.925	0.000001141854989921773
1607.9299999999998	0.0000011087608833316364
1607.935	0.0000010780020431420135
1607.9399999999998	0.0000010487780241821933
1607.945	0.000001028818137233896
1607.95	0.0000010228586051719687
1607.955	0.0000010281191849433868
1607.9599999999998	0.0000010451289621450904
1607.965	0.0000010705591675251636
1607.9699999999998	0.0000010999813112367425
1607.9750000000001	0.0000011256365315177325
1607.98	0.0000011463515312070184
1607.985	0.0000011626992071856257
1607.99	0.0000011728476821670198
1607.995	0.000001175449639554641
1608	0.0000011726476735253926
1608.005	0.0000011640074738586984
1608.01	0.0000011468492676209728
1608.0149999999999	0.0000011280487686444971
1608.02	0.0000011074928407132886
1608.0249999999999	0.0000010868218441869204
1608.03	0.0000010698805763215582
1608.035	0.0000010546605609713608
1608.04	0.0000010371568967320215
1608.0449999999998	0.0000010140197248266147
1608.05	9.891320126606354e-7
1608.0549999999998	9.714194709246337e-7
1608.06	9.760524894641465e-7
1608.065	9.879878965360516e-7
1608.07	0.0000010058177958436828
1608.0749999999998	0.0000010342006704554827
1608.08	0.0000010617876168021996
1608.0849999999998	0.000001077217401584646
1608.0900000000001	0.0000010901553255973655
1608.095	0.0000010920504869838708
1608.1	0.0000010718580572378963
1608.105	0.0000010390555673899157
1608.11	0.0000010071156563568369
1608.1149999999998	9.838740696988745e-7
1608.1200000000001	9.625232502616122e-7
1608.125	9.425029977872941e-7
1608.1299999999999	9.247079229284291e-7
1608.135	9.109747322419817e-7
1608.1399999999999	9.065739688904211e-7
1608.145	9.1569200317185e-7
1608.15	9.284171869597625e-7
1608.155	9.434417466962077e-7
1608.1599999999999	9.610613400426036e-7
1608.165	9.769241905322514e-7
1608.1699999999998	9.922489388765936e-7
1608.175	0.000001006051928935046
1608.18	0.0000010166720559347052
1608.185	0.000001021072640356891
1608.1899999999998	0.0000010243883529786479
1608.195	0.0000010264374275942742
1608.1999999999998	0.00000102702818843798
1608.2050000000002	0.0000010249804100630885
1608.21	0.00000101724436154918
1608.215	0.000001001559876749425
1608.22	9.77979104850316e-7
1608.225	9.471729761442166e-7
1608.2299999999998	9.165996759875732e-7
1608.2350000000001	8.910511862570386e-7
1608.24	8.684702921068614e-7
1608.245	8.534542117243935e-7
1608.25	8.473003900915902e-7
1608.2549999999999	8.496616327054486e-7
1608.2599999999998	8.588780446074772e-7
1608.265	8.765563537808662e-7
1608.27	8.986972560019892e-7
1608.2749999999999	9.214614794345535e-7
1608.28	9.397818987211349e-7
1608.2849999999999	9.552376319909815e-7
1608.29	9.627497477757116e-7
1608.295	9.601973396619163e-7
1608.3	9.485710944436715e-7
1608.3049999999998	9.265243899599008e-7
1608.31	8.986415234321902e-7
1608.3149999999998	8.708886891488415e-7
1608.32	8.474726708329546e-7
1608.325	8.302531985586872e-7
1608.33	8.176508221597355e-7
1608.335	8.114360059275782e-7
1608.34	8.069537794856081e-7
1608.3449999999998	8.040350090308128e-7
1608.3500000000001	8.020190189945297e-7
1608.355	8.006438328923789e-7
1608.36	8.005796930669977e-7
1608.365	8.031623016773556e-7
1608.37	8.093358828144298e-7
1608.3749999999998	8.201683844207543e-7
1608.38	8.426371815486933e-7
1608.385	8.736294383517508e-7
1608.3899999999999	8.999759579299788e-7
1608.395	9.091235299231044e-7
1608.3999999999999	8.966987977789201e-7
1608.405	8.800436148942891e-7
1608.41	8.607580946762805e-7
1608.415	8.374501762333832e-7
1608.4199999999998	8.086763713641238e-7
1608.425	7.84121600796726e-7
1608.4299999999998	7.640887648211556e-7
1608.435	7.547406489093876e-7
1608.44	7.565637978776205e-7
1608.445	7.6613794715936e-7
1608.45	7.804470723910958e-7
1608.455	7.993095550868967e-7
1608.4599999999998	8.244347637831387e-7
1608.465	8.523077447432771e-7
1608.47	8.776609600020507e-7
1608.475	9.005478956974693e-7
1608.48	9.194901521335439e-7
1608.485	9.316471830709996e-7
1608.4899999999998	9.296993189699113e-7
1608.4950000000001	9.208420677704901e-7
1608.5	9.083766038235184e-7
1608.5049999999999	8.950169305639973e-7
1608.51	8.840099458389045e-7
1608.5149999999999	8.756600796746775e-7
1608.52	8.663904473802048e-7
1608.525	8.557837368178989e-7
1608.53	8.450274257082427e-7
1608.535	8.347571178899602e-7
1608.54	8.287574025416128e-7
1608.5449999999998	8.284906167682026e-7
1608.55	8.357210872152143e-7
1608.555	8.474581651983536e-7
1608.56	8.636284657308034e-7
1608.565	8.867600780031562e-7
1608.57	9.219098414419564e-7
1608.5749999999998	9.587156638567637e-7
1608.58	9.863523000618683e-7
1608.585	0.0000010059402162951475
1608.59	0.0000010227295021865961
1608.595	0.000001030273800751365
1608.6	0.0000010192476816481934
1608.6049999999998	9.975693306171297e-7
1608.61	9.76585322075578e-7
1608.615	9.535154373897432e-7
1608.62	9.299694567382213e-7
1608.625	9.146197551881905e-7
1608.6299999999999	9.122669177650121e-7
1608.635	9.173296423598459e-7
1608.6399999999999	9.245357574558475e-7
1608.645	9.326595975017276e-7
1608.65	9.429442772761413e-7
1608.655	9.605996516555547e-7
1608.6599999999999	9.779318369626873e-7
1608.665	9.95612934937788e-7
1608.67	0.0000010141072341312034
1608.675	0.0000010266883205861066
1608.68	0.0000010397592460034982
1608.685	0.0000010487023959184735
1608.6899999999998	0.000001055416714870581
1608.695	0.0000010613952766998533
1608.7	0.0000010635296075349333
1608.705	0.0000010581966445919363
1608.71	0.0000010443562478522959
1608.715	0.0000010194362473389627
1608.7199999999998	9.886964713030986e-7
1608.725	9.512793067598744e-7
1608.73	9.206398045984966e-7
1608.735	9.016443793274707e-7
1608.74	8.959787606572799e-7
1608.745	8.992458174477999e-7
1608.75	9.076707259143558e-7
1608.7549999999999	9.201818644280844e-7
1608.76	9.415360768106505e-7
1608.765	9.719365252987506e-7
1608.77	9.98278179004923e-7
1608.7749999999999	0.000001011868278959056
1608.78	0.0000010149535640043018
1608.7849999999999	0.0000010072471426708183
1608.79	9.897735144341756e-7
1608.795	9.632465972245318e-7
1608.8	9.36967447428796e-7
1608.8049999999998	9.128895539757049e-7
1608.81	8.913816987938065e-7
1608.815	8.719815007366176e-7
1608.82	8.530429454374322e-7
1608.825	8.406056662641011e-7
1608.83	8.328023630004392e-7
1608.8349999999998	8.29142593695425e-7
1608.84	8.299681350401171e-7
1608.845	8.338397796077339e-7
1608.85	8.401687844798161e-7
1608.855	8.480797383795697e-7
1608.86	8.557454794372786e-7
1608.865	8.720209420753701e-7
1608.87	8.876687911831124e-7
1608.875	9.107986202962516e-7
1608.88	9.300578572131165e-7
1608.885	9.482265541952607e-7
1608.8899999999999	9.56726352388129e-7
1608.895	9.578082863085516e-7
1608.8999999999999	9.54780552805611e-7
1608.905	9.453811343464232e-7
1608.91	9.214683893859863e-7
1608.915	8.890907931279357e-7
1608.9199999999998	8.583005506658036e-7
1608.925	8.326974951915867e-7
1608.9299999999998	8.121998795484354e-7
1608.935	7.982118299547393e-7
1608.94	7.965499339072985e-7
1608.945	8.059189034229064e-7
1608.9499999999998	8.205296539789378e-7
1608.955	8.378956351530782e-7
1608.96	8.610027364403379e-7
1608.965	8.849577712212543e-7
1608.97	9.038901221553882e-7
1608.975	9.136463158300142e-7
1608.98	9.158684409808758e-7
1608.985	9.122123545611215e-7
1608.99	9.049547337358262e-7
1608.9950000000001	8.962963525183093e-7
1609	8.873531257533092e-7
1609.0049999999999	8.770051765154945e-7
1609.01	8.667384199476618e-7
1609.0149999999999	8.52096851191922e-7
1609.02	8.334257445877775e-7
1609.025	8.088062154956143e-7
1609.03	7.893491437388697e-7
1609.0349999999999	7.695576052821665e-7
1609.04	7.570154355210988e-7
1609.0449999999998	7.538758884919306e-7
1609.05	7.543729163313343e-7
1609.055	7.618958393384761e-7
1609.06	7.821811266420019e-7
1609.0649999999998	8.026631602227494e-7
1609.07	8.19132782264987e-7
1609.0749999999998	8.346207529191982e-7
1609.08	8.472841028808386e-7
1609.085	8.459461497048307e-7
1609.09	8.281246065036096e-7
1609.095	8.027399589863877e-7
1609.1	7.772850971168416e-7
1609.1049999999998	7.533901031638225e-7
1609.1100000000001	7.312480393434656e-7
1609.115	7.15212265868539e-7
1609.12	7.059850212862431e-7
1609.125	6.992722220631337e-7
1609.1299999999999	6.958849371195798e-7
1609.135	6.967978334165798e-7
1609.14	7.043650042382061e-7
1609.145	7.199249521669619e-7
1609.1499999999999	7.36189158620062e-7
1609.155	7.513297321810016e-7
1609.1599999999999	7.640671365780046e-7
1609.165	7.729831242968713e-7
1609.17	7.787910004595841e-7
1609.175	7.823724526324735e-7
1609.1799999999998	7.843179743878418e-7
1609.185	7.831647600590724e-7
1609.1899999999998	7.786932131168831e-7
1609.195	7.703241181665094e-7
1609.2	7.557170647053196e-7
1609.205	7.363375268560009e-7
1609.21	7.156393840577998e-7
1609.215	6.943217461812971e-7
1609.2199999999998	6.746047324129208e-7
1609.2250000000001	6.553069576974007e-7
1609.23	6.359299211477074e-7
1609.235	6.210371550477081e-7
1609.24	6.187443381067459e-7
1609.245	6.264172750859707e-7
1609.2499999999998	6.386241545709093e-7
1609.255	6.514513122912845e-7
1609.26	6.719782097678697e-7
1609.2649999999999	6.978073970326539e-7
1609.27	7.13620573708177e-7
1609.2749999999999	7.183274154479559e-7
1609.28	7.174504390845138e-7
1609.285	7.151393956615297e-7
1609.29	7.087354147454085e-7
1609.2949999999998	6.954726751463902e-7
1609.3	6.745711814869323e-7
1609.3049999999998	6.512590431113319e-7
1609.31	6.33888233144309e-7
1609.315	6.208164963744915e-7
1609.32	6.120237888066421e-7
1609.325	6.070246280814538e-7
1609.33	6.03333775872102e-7
1609.3349999999998	6.012184603884378e-7
1609.3400000000001	6.00273984767365e-7
1609.345	6.01256123249836e-7
1609.35	6.04860915069561e-7
1609.355	6.117578680317045e-7
1609.36	6.219526087071952e-7
1609.3649999999998	6.36209140893801e-7
1609.3700000000001	6.505437768084917e-7
1609.375	6.686813043585133e-7
1609.3799999999999	6.92893501851626e-7
1609.385	7.133084610988512e-7
1609.3899999999999	7.175060279061207e-7
1609.3949999999998	7.116418577896337e-7
1609.4	6.986185140734228e-7
1609.405	6.81277496441233e-7
1609.41	6.58819883453727e-7
1609.415	6.397056018098913e-7
1609.4199999999998	6.298982632878978e-7
1609.425	6.298174839435474e-7
1609.43	6.337469834731496e-7
1609.435	6.41348189730152e-7
1609.44	6.525762342564163e-7
1609.445	6.678852323610177e-7
1609.4499999999998	6.876700542209744e-7
1609.455	7.113798953657761e-7
1609.46	7.339204884921644e-7
1609.465	7.519928267969898e-7
1609.47	7.640039875696964e-7
1609.475	7.69479104851265e-7
1609.4799999999998	7.693414563262075e-7
1609.4850000000001	7.663851856571269e-7
1609.49	7.606112382017663e-7
1609.495	7.523281667484561e-7
1609.5	7.423752508378803e-7
1609.5049999999999	7.3294825749066e-7
1609.5099999999998	7.239732993908564e-7
1609.515	7.162937854660645e-7
1609.52	7.098583767535702e-7
1609.525	7.041101715124082e-7
1609.53	7.013305482334007e-7
1609.5349999999999	7.00896573278542e-7
1609.5399999999997	7.020996114463301e-7
1609.545	7.063879893007902e-7
1609.55	7.154293571668842e-7
1609.555	7.319864943561217e-7
1609.56	7.56658570127128e-7
1609.5649999999998	7.862949207054517e-7
1609.57	8.125008344593597e-7
1609.575	8.349328807573251e-7
1609.58	8.477762112361783e-7
1609.585	8.53011215440347e-7
1609.59	8.458948574064383e-7
1609.5949999999998	8.269166612880899e-7
1609.6	8.01758985968408e-7
1609.605	7.760541147998628e-7
1609.61	7.57360291897784e-7
1609.615	7.40698339743703e-7
1609.62	7.279760950349042e-7
1609.6249999999998	7.239349890207738e-7
1609.6299999999999	7.278324337791221e-7
1609.635	7.356733008295624e-7
1609.64	7.472177049929271e-7
1609.645	7.620725287698695e-7
1609.6499999999999	7.752346425867956e-7
1609.655	7.945845557732503e-7
1609.66	8.085489388861334e-7
1609.665	8.209308088059463e-7
1609.67	8.302416017120226e-7
1609.675	8.374502141652514e-7
1609.6799999999998	8.419949392302921e-7
1609.685	8.44906768090873e-7
1609.69	8.42734781105714e-7
1609.695	8.315922784118751e-7
1609.7	8.084904241931613e-7
1609.705	7.78191971768938e-7
1609.7099999999998	7.463925557742182e-7
1609.715	7.123189624613872e-7
1609.72	6.87850839050006e-7
1609.725	6.797315457696829e-7
1609.73	6.856684969583158e-7
1609.735	6.946175115193289e-7
1609.7399999999998	7.073758483586556e-7
1609.745	7.286691836914987e-7
1609.75	7.547684677687164e-7
1609.755	7.775893498254271e-7
1609.76	7.962088310093858e-7
1609.7649999999999	8.072631076442532e-7
1609.77	8.065066005449175e-7
1609.7749999999999	7.941823378415537e-7
1609.78	7.746795332861738e-7
1609.785	7.550578638235819e-7
1609.79	7.33716561814297e-7
1609.7949999999998	7.141764404459856e-7
1609.8	6.969411861314053e-7
1609.805	6.814544936061274e-7
1609.81	6.698311976782294e-7
1609.815	6.618664478207313e-7
1609.82	6.578791217279841e-7
1609.8249999999998	6.601762454890055e-7
1609.83	6.644523333893528e-7
1609.835	6.709298736856865e-7
1609.84	6.796612199372578e-7
1609.845	6.87091329195682e-7
1609.85	6.959743450706187e-7
1609.8549999999998	7.055124128694085e-7
1609.86	7.191183778629914e-7
1609.865	7.355998296149695e-7
1609.8700000000001	7.513250838844894e-7
1609.875	7.655069632910227e-7
1609.8799999999999	7.734866460631472e-7
1609.885	7.706246896483713e-7
1609.8899999999999	7.594959259443513e-7
1609.895	7.385644620835696e-7
1609.9	7.13994972734729e-7
1609.905	6.85725436640888e-7
1609.9099999999999	6.600130631302306e-7
1609.915	6.373613917578586e-7
1609.9199999999998	6.208664222043886e-7
1609.925	6.123156157272818e-7
1609.93	6.112217948304471e-7
1609.935	6.173831871446275e-7
1609.9399999999998	6.306090922716986e-7
1609.945	6.47559635839319e-7
1609.95	6.644333701086621e-7
1609.955	6.797488226824085e-7
1609.96	6.923533776379063e-7
1609.965	7.006406348575117e-7
1609.9699999999998	7.009375469820158e-7
1609.975	6.973813124567969e-7
1609.98	6.917023673622713e-7
1609.9850000000001	6.835317524364425e-7
1609.99	6.729376076751208e-7
1609.995	6.62023863943589e-7
1610	6.47483007355286e-7
1610.0049999999999	6.34737533640603e-7
1610.01	6.236031474033157e-7
1610.015	6.109640209732386e-7
1610.02	5.971300146502612e-7
1610.0249999999999	5.825110238228426e-7
1610.03	5.691499579242975e-7
1610.0349999999999	5.609704380707747e-7
1610.04	5.620309534983033e-7
1610.045	5.718467243144014e-7
1610.05	5.866778174235293e-7
1610.0549999999998	6.042145578914098e-7
1610.06	6.224119271574276e-7
1610.0649999999998	6.369556535861801e-7
1610.07	6.446868348170178e-7
1610.075	6.420458876656495e-7
1610.08	6.332043898846115e-7
1610.0849999999998	6.201101470795331e-7
1610.09	6.021684799910897e-7
1610.0949999999998	5.818909850233704e-7
1610.1000000000001	5.599140441369227e-7
1610.105	5.450579249350415e-7
1610.11	5.368725798307651e-7
1610.115	5.337763547019875e-7
1610.12	5.342146350023068e-7
1610.125	5.369140571189202e-7
1610.13	5.408312792210253e-7
1610.135	5.489902980157083e-7
1610.1399999999999	5.593531880978659e-7
1610.145	5.712270133690214e-7
1610.1499999999999	5.847156859815811e-7
1610.155	5.968872010498897e-7
1610.16	6.067190376080697e-7
1610.165	6.144845166923788e-7
1610.1699999999998	6.197381363835046e-7
1610.175	6.209350929422996e-7
1610.1799999999998	6.183964405120815e-7
1610.185	6.119373819311208e-7
1610.19	6.014593675072462e-7
1610.195	5.899341851323615e-7
1610.1999999999998	5.754072150060144e-7
1610.205	5.593917860082215e-7
1610.2099999999998	5.447129607102083e-7
1610.2150000000001	5.33155322661789e-7
1610.22	5.243087476644207e-7
1610.225	5.191649854546688e-7
1610.23	5.208016584391719e-7
1610.235	5.313507373233298e-7
1610.2399999999998	5.474365658652388e-7
1610.2450000000001	5.622380741930919e-7
1610.25	5.784811828855227e-7
1610.2549999999999	5.976715198723278e-7
1610.26	6.147564557462284e-7
1610.2649999999999	6.198120779811117e-7
1610.27	6.137534683289907e-7
1610.275	6.011986164852582e-7
1610.28	5.852244377588292e-7
1610.2849999999999	5.678572670279982e-7
1610.29	5.513105585873422e-7
1610.2949999999998	5.382549786899086e-7
1610.3	5.278680044298326e-7
1610.305	5.19702725301496e-7
1610.31	5.125430314862933e-7
1610.3149999999998	5.056404360411531e-7
1610.32	5.005768242890682e-7
1610.3249999999998	4.98541873049413e-7
1610.3300000000002	4.988986143789505e-7
1610.335	5.029394347654646e-7
1610.34	5.108840827459006e-7
1610.345	5.196255102754589e-7
1610.35	5.293571206549876e-7
1610.3549999999998	5.411293305175993e-7
1610.3600000000001	5.560937246295652e-7
1610.365	5.757773298895391e-7
1610.37	5.942124363960684e-7
1610.375	6.037783768212321e-7
1610.3799999999999	5.998079186595962e-7
1610.3849999999998	5.878367651984685e-7
1610.39	5.69418422175716e-7
1610.395	5.487218697179095e-7
1610.3999999999999	5.325593529232791e-7
1610.405	5.188434560637773e-7
1610.4099999999999	5.064210449899505e-7
1610.415	4.979045033105617e-7
1610.42	4.986840328007054e-7
1610.425	5.094287890333692e-7
1610.4299999999998	5.252387522910912e-7
1610.435	5.404016860995618e-7
1610.4399999999998	5.59145178015519e-7
1610.445	5.810821242369139e-7
1610.45	6.031737099189936e-7
1610.455	6.22835265644996e-7
1610.46	6.320466555448436e-7
1610.465	6.361205424944485e-7
1610.4699999999998	6.365876528024606e-7
1610.4750000000001	6.340252565476693e-7
1610.48	6.236161236223277e-7
1610.485	6.122989036836607e-7
1610.49	6.006110444051178e-7
1610.495	5.890341925418157e-7
1610.4999999999998	5.811331467982812e-7
1610.505	5.748192256646468e-7
1610.51	5.68606432516457e-7
1610.5149999999999	5.619364600659374e-7
1610.52	5.548266270150132e-7
1610.5249999999999	5.488293793868179e-7
1610.53	5.478201869038537e-7
1610.535	5.539770592200453e-7
1610.54	5.651966458472731e-7
1610.5449999999998	5.780188611439587e-7
1610.55	5.920511577876703e-7
1610.5549999999998	6.133124479585291e-7
1610.56	6.390775117704022e-7
1610.565	6.620989926365713e-7
1610.57	6.760613861770064e-7
1610.575	6.842475645034563e-7
1610.58	6.812545759203966e-7
1610.5849999999998	6.626136785086014e-7
1610.59	6.398467516715521e-7
1610.595	6.209755378932444e-7
1610.6	6.052586210176983e-7
1610.605	5.907486814827855e-7
1610.61	5.798021273799154e-7
1610.6149999999998	5.747671947596233e-7
1610.6200000000001	5.757313015578161e-7
1610.625	5.813457475799714e-7
1610.6299999999999	5.884110853684709e-7
1610.635	5.996619415980569e-7
1610.6399999999999	6.108089878006404e-7
1610.645	6.241491760295699e-7
1610.65	6.375401134515402e-7
1610.655	6.486405730049038e-7
1610.6599999999999	6.604630911018479e-7
1610.665	6.69040569041343e-7
1610.6699999999998	6.771820555978936e-7
1610.675	6.835769585452522e-7
1610.68	6.86945881346671e-7
1610.685	6.829229445894674e-7
1610.69	6.691184028657474e-7
1610.695	6.476110819474012e-7
1610.6999999999998	6.213838280450225e-7
1610.705	5.979794080587109e-7
1610.71	5.829850882156177e-7
1610.715	5.720141878927716e-7
1610.72	5.680094737179385e-7
1610.725	5.722521283538407e-7
1610.7299999999998	5.850174751953123e-7
1610.735	6.029755624969586e-7
1610.74	6.196555589220153e-7
1610.745	6.35549309436591e-7
1610.75	6.49564365739533e-7
1610.7549999999999	6.573716356359412e-7
1610.76	6.56097864827239e-7
1610.7649999999999	6.455463559654314e-7
1610.77	6.279483669499789e-7
1610.775	6.104643581215903e-7
1610.78	5.920389860779292e-7
1610.7849999999999	5.733568252662285e-7
1610.79	5.558087643749211e-7
1610.795	5.412230929012718e-7
1610.8	5.312965792482142e-7
1610.805	5.247705854167504e-7
1610.81	5.206809957518119e-7
1610.8149999999998	5.180816012171241e-7
1610.82	5.165012540870686e-7
1610.825	5.181284433249244e-7
1610.83	5.230698291108718e-7
1610.835	5.318253426408227e-7
1610.84	5.444530504129083e-7
1610.8449999999998	5.564340653220881e-7
1610.85	5.679993229657976e-7
1610.855	5.787425533287382e-7
1610.86	5.897527336009831e-7
1610.865	5.981602820847534e-7
1610.87	6.019959254800381e-7
1610.875	5.972502683097205e-7
1610.8799999999999	5.860814893014549e-7
1610.885	5.694931006330484e-7
1610.89	5.483193453683561e-7
1610.895	5.266376054100793e-7
1610.8999999999999	5.074820753268944e-7
1610.905	4.954533961080773e-7
1610.9099999999999	4.86456119726003e-7
1610.915	4.797682115185897e-7
1610.92	4.811316841670328e-7
1610.925	4.89589338670173e-7
1610.9299999999998	5.000251587795231e-7
1610.935	5.092132240747159e-7
1610.94	5.203145368702918e-7
1610.945	5.324197463141434e-7
1610.95	5.42696771601189e-7
1610.955	5.48174473425477e-7
1610.9599999999998	5.476822068484276e-7
1610.965	5.436400896699115e-7
1610.97	5.376121033696561e-7
1610.975	5.302525067467129e-7
1610.98	5.226023740473992e-7
1610.985	5.139171989082163e-7
1610.99	5.040676282405799e-7
1610.995	4.932727543575155e-7
1611	4.792544840884482e-7
1611.005	4.6675153162083673e-7
1611.01	4.548018978783663e-7
1611.0149999999999	4.4281798819499746e-7
1611.02	4.3450145218202765e-7
1611.0249999999999	4.3119028279969477e-7
1611.03	4.3362852813568886e-7
1611.035	4.436033018343888e-7
1611.04	4.576004650103278e-7
1611.0449999999998	4.7238660993766975e-7
1611.05	4.877026647632658e-7
1611.0549999999998	5.043331785135065e-7
1611.06	5.154439871246067e-7
1611.065	5.17230070961952e-7
1611.07	5.114780514302274e-7
1611.0749999999998	5.01923419012708e-7
1611.08	4.887856900822393e-7
1611.085	4.727479319873632e-7
1611.09	4.5624854174531157e-7
1611.095	4.4444060755744584e-7
1611.1	4.3793004006664687e-7
1611.105	4.353217664030403e-7
1611.11	4.3523763718524746e-7
1611.115	4.3817075759845636e-7
1611.1200000000001	4.4444828450586275e-7
1611.125	4.528877531941381e-7
1611.1299999999999	4.624238049767829e-7
1611.135	4.7210773816293304e-7
1611.1399999999999	4.848455516602998e-7
1611.145	4.965386416335101e-7
1611.15	5.079342669529097e-7
1611.155	5.190411373842035e-7
1611.1599999999999	5.26232438906639e-7
1611.165	5.283426746091949e-7
1611.1699999999998	5.273816909723506e-7
1611.175	5.244241644905188e-7
1611.18	5.200847796654634e-7
1611.185	5.127890206444065e-7
1611.1899999999998	5.003375182676083e-7
1611.195	4.840458967975686e-7
1611.1999999999998	4.655835728040265e-7
1611.205	4.500239590469846e-7
1611.21	4.3733220739036283e-7
1611.215	4.308413631506805e-7
1611.22	4.2985466301518765e-7
1611.225	4.337673537119431e-7
1611.2299999999998	4.413229662275677e-7
1611.2350000000001	4.5049027196666405e-7
1611.24	4.650749844522316e-7
1611.245	4.819067716986072e-7
1611.25	5.01472288303321e-7
1611.2549999999999	5.122195712807329e-7
1611.26	5.109162957530387e-7
1611.265	5.010855033133042e-7
1611.27	4.900012222558291e-7
1611.2749999999999	4.771680349367323e-7
1611.28	4.6087298898485363e-7
1611.2849999999999	4.439347430097188e-7
1611.29	4.2896461521306183e-7
1611.295	4.1718593527395165e-7
1611.3	4.0944268397764197e-7
1611.3049999999998	4.035841856170415e-7
1611.31	3.996033884642039e-7
1611.3149999999998	3.9594792248128214e-7
1611.32	3.940813679561125e-7
1611.325	3.9432919970689375e-7
1611.33	3.975714245893662e-7
1611.335	4.0567257757537046e-7
1611.34	4.1674266065185096e-7
1611.3449999999998	4.31185200169736e-7
1611.3500000000001	4.4795766717622976e-7
1611.355	4.669210041084045e-7
1611.36	4.781008057288435e-7
1611.365	4.804673724223793e-7
1611.37	4.7118929409976085e-7
1611.3749999999998	4.554889587705217e-7
1611.38	4.4088588111510274e-7
1611.385	4.253875391531837e-7
1611.3899999999999	4.089864599879895e-7
1611.395	3.9264012847463067e-7
1611.3999999999999	3.838205263503132e-7
1611.405	3.804735458674624e-7
1611.41	3.8234937314182633e-7
1611.415	3.8955385363515665e-7
1611.4199999999998	4.0177840472607884e-7
1611.425	4.177013109629485e-7
1611.4299999999998	4.3388445185712663e-7
1611.435	4.4957177838180027e-7
1611.44	4.651710643288945e-7
1611.445	4.797954312602735e-7
1611.45	4.921691165862835e-7
1611.455	4.973409795240116e-7
1611.4599999999998	4.977703500542821e-7
1611.4650000000001	4.946168999760487e-7
1611.47	4.886527926139785e-7
1611.475	4.807386977336099e-7
1611.48	4.7089062020433434e-7
1611.485	4.614471753171427e-7
1611.4899999999998	4.5258438822359894e-7
1611.4950000000001	4.4434416736943056e-7
1611.5	4.374178852769662e-7
1611.5049999999999	4.3220337857305145e-7
1611.51	4.273428186863898e-7
1611.5149999999999	4.252945869971657e-7
1611.5199999999998	4.280897272233403e-7
1611.525	4.354826070940409e-7
1611.53	4.4655414958524826e-7
1611.5349999999999	4.5861767408927674e-7
1611.54	4.763216535722229e-7
1611.5449999999998	4.965628035012891e-7
1611.55	5.191697746937653e-7
1611.555	5.37393011740737e-7
1611.56	5.500182822345457e-7
1611.565	5.561609444343666e-7
1611.57	5.566571559723018e-7
1611.5749999999998	5.462891034228019e-7
1611.58	5.287383590488345e-7
1611.585	5.11021628400033e-7
1611.59	4.949536627257004e-7
1611.595	4.799123953561926e-7
1611.6	4.685780417713114e-7
1611.6049999999998	4.626724205589023e-7
1611.6100000000001	4.620749315991271e-7
1611.615	4.6476202637676595e-7
1611.62	4.701639339477037e-7
1611.625	4.777345436296526e-7
1611.6299999999999	4.868972545751363e-7
1611.6349999999998	4.997059667346574e-7
1611.64	5.102769823124531e-7
1611.645	5.229210913047211e-7
1611.6499999999999	5.330690224507052e-7
1611.655	5.438534120240283e-7
1611.6599999999999	5.522600686980583e-7
1611.6649999999997	5.596502028682288e-7
1611.67	5.635953386074307e-7
1611.675	5.593164491436345e-7
1611.68	5.420004591572481e-7
1611.685	5.234242822147771e-7
1611.6899999999998	5.030585218952978e-7
1611.695	4.790671053885797e-7
1611.7	4.615692469083777e-7
1611.705	4.525469611273989e-7
1611.71	4.500323887112688e-7
1611.715	4.515063231713915e-7
1611.7199999999998	4.5700182057015197e-7
1611.725	4.683911784679849e-7
1611.73	4.830911581074166e-7
1611.735	4.961128798328102e-7
1611.74	5.098454377805744e-7
1611.745	5.235795223797441e-7
1611.7499999999998	5.290606231968517e-7
1611.755	5.24340614101874e-7
1611.76	5.133312030711759e-7
1611.765	4.985434073203616e-7
1611.77	4.803861170528729e-7
1611.7749999999999	4.64088306640165e-7
1611.7799999999997	4.507486943831504e-7
1611.785	4.4123265279476305e-7
1611.79	4.3357655833561833e-7
1611.795	4.246326399094646e-7
1611.8	4.1838748889321236e-7
1611.8049999999998	4.1534448989648426e-7
1611.81	4.1547494662665297e-7
1611.815	4.187035658233882e-7
1611.82	4.2414466675980404e-7
1611.825	4.300065953267149e-7
1611.83	4.3570547848096795e-7
1611.8349999999998	4.439664072880213e-7
1611.84	4.5219309157867207e-7
1611.845	4.6249252425451805e-7
1611.85	4.698371207837833e-7
1611.855	4.732465500282476e-7
1611.86	4.7408610929653173e-7
1611.8649999999998	4.717077710348439e-7
1611.87	4.6274999132241516e-7
1611.875	4.4398060561030884e-7
1611.88	4.214141400063768e-7
1611.885	4.049261554260261e-7
1611.8899999999999	3.917217073739997e-7
1611.8949999999998	3.7825691876340373e-7
1611.8999999999999	3.66517952807972e-7
1611.905	3.6022501261416496e-7
1611.91	3.584612536105426e-7
1611.915	3.6192018761223985e-7
1611.9199999999998	3.7070038174325834e-7
1611.925	3.8109994889383497e-7
1611.93	3.912546121677834e-7
1611.935	4.0116353413668204e-7
1611.94	4.1011635718748295e-7
1611.945	4.169293946736792e-7
1611.9499999999998	4.2138566993860245e-7
1611.955	4.2094001753473695e-7
1611.96	4.181843705432686e-7
1611.965	4.1447402388587546e-7
1611.97	4.090234349654233e-7
1611.975	4.012202065442072e-7
1611.9799999999998	3.917223955574201e-7
1611.985	3.79762638797977e-7
1611.99	3.6663979046593873e-7
1611.9950000000001	3.5365498357466634e-7
1612	3.427240521795387e-7
1612.0049999999999	3.313923654038691e-7
1612.01	3.2162665567717303e-7
1612.0149999999999	3.191779702344381e-7
1612.02	3.232576012622153e-7
1612.025	3.292973304762104e-7
1612.03	3.3882630745975563e-7
1612.0349999999999	3.5298161897914126e-7
1612.04	3.6786466124667927e-7
1612.0449999999998	3.803596622004314e-7
1612.05	3.880356195146475e-7
1612.055	3.9213064212376454e-7
1612.06	3.924472403740756e-7
1612.0649999999998	3.8787809220380424e-7
1612.07	3.744630453528162e-7
1612.075	3.560354874222738e-7
1612.08	3.4071697223152944e-7
1612.085	3.2889406299567896e-7
1612.09	3.2019573433002416e-7
1612.0949999999998	3.141886139624879e-7
1612.1	3.102923643313992e-7
1612.105	3.108805619308035e-7
1612.1100000000001	3.143147909118927e-7
1612.115	3.201534999210971e-7
1612.12	3.281359361916634e-7
1612.125	3.3859416329623064e-7
1612.1299999999999	3.488718145088072e-7
1612.135	3.58943270776479e-7
1612.14	3.687749314754613e-7
1612.145	3.782852865886839e-7
1612.1499999999999	3.865467261842456e-7
1612.155	3.942993510656399e-7
1612.1599999999999	3.9845117851943783e-7
1612.165	3.9869490533916897e-7
1612.17	3.959397735462622e-7
1612.175	3.903685955823655e-7
1612.1799999999998	3.8221328430604537e-7
1612.185	3.726346481507516e-7
1612.1899999999998	3.5758539432084865e-7
1612.195	3.430757680472465e-7
1612.2	3.3242228338002205e-7
1612.205	3.277365816077641e-7
1612.2099999999998	3.2608662724819243e-7
1612.215	3.240396097801058e-7
1612.22	3.269211754657807e-7
1612.2250000000001	3.3862794648040773e-7
1612.23	3.531364712329175e-7
1612.235	3.6939052044302066e-7
1612.24	3.861034534057853e-7
1612.245	4.023694864450043e-7
1612.25	4.124411579620144e-7
1612.255	4.1140975784324906e-7
1612.26	4.028114255408367e-7
1612.2649999999999	3.9248042862679236e-7
1612.27	3.812435277782896e-7
1612.2749999999999	3.680515469384094e-7
1612.28	3.555436575749284e-7
1612.285	3.4471019391127037e-7
1612.29	3.3529710770628946e-7
1612.2949999999998	3.29394532960592e-7
1612.3	3.2500302981506485e-7
1612.3049999999998	3.2244085510124304e-7
1612.31	3.2106933676485056e-7
1612.315	3.2178642203559e-7
1612.32	3.240681775859012e-7
1612.3249999999998	3.2920971020870953e-7
1612.33	3.386180718020453e-7
1612.3349999999998	3.5412205275912287e-7
1612.3400000000001	3.716291564602778e-7
1612.345	3.8814638558607587e-7
1612.35	4.008614418177396e-7
1612.355	4.051377404544843e-7
1612.36	4.001052442045289e-7
1612.3649999999998	3.8887144972940736e-7
1612.3700000000001	3.7399835343798697e-7
1612.375	3.6110846215523595e-7
1612.3799999999999	3.475491980140124e-7
1612.385	3.361851127204942e-7
1612.3899999999999	3.277925184422254e-7
1612.395	3.225983820580763e-7
1612.4	3.220950855598363e-7
1612.405	3.2784467960142874e-7
1612.4099999999999	3.3978146460098566e-7
1612.415	3.550040546931999e-7
1612.4199999999998	3.6862435001178967e-7
1612.425	3.8176173876581324e-7
1612.43	3.947519694229654e-7
1612.435	4.068322210623121e-7
1612.4399999999998	4.1672392333424146e-7
1612.445	4.208925077108355e-7
1612.4499999999998	4.216244979783652e-7
1612.4550000000002	4.191158209776587e-7
1612.46	4.13243132241069e-7
1612.465	4.0415660335091564e-7
1612.47	3.935974710970074e-7
1612.475	3.8270095499843424e-7
1612.4799999999998	3.7267076010493485e-7
1612.4850000000001	3.641601084235206e-7
1612.49	3.5749294950663694e-7
1612.495	3.5126651612833905e-7
1612.5	3.4656025009679486e-7
1612.5049999999999	3.444355845353393e-7
1612.5099999999998	3.453969551865276e-7
1612.515	3.4942827388026195e-7
1612.52	3.5500551728152537e-7
1612.5249999999999	3.632674847487827e-7
1612.53	3.7634070611218085e-7
1612.5349999999999	3.9408539832459116e-7
1612.54	4.152816376246188e-7
1612.545	4.318912216426992e-7
1612.55	4.4504694236928164e-7
1612.5549999999998	4.4925485559151647e-7
1612.56	4.448089577023501e-7
1612.5649999999998	4.317877580604911e-7
1612.57	4.1579663604175595e-7
1612.575	4.0092948221273333e-7
1612.58	3.869821264776857e-7
1612.585	3.7342701705680357e-7
1612.59	3.628203805829869e-7
1612.5949999999998	3.573478886704504e-7
1612.6000000000001	3.568246967288095e-7
1612.605	3.602176607993379e-7
1612.61	3.64904251359813e-7
1612.615	3.6896432355081563e-7
1612.62	3.750576901618786e-7
1612.6249999999998	3.8295214989494075e-7
1612.63	3.908894940582622e-7
1612.635	4.0214418841654155e-7
1612.6399999999999	4.115686086160385e-7
1612.645	4.2186164000401606e-7
1612.6499999999999	4.3146450584020153e-7
1612.6549999999997	4.4006921288095275e-7
1612.66	4.462383015296322e-7
1612.665	4.4734767357113025e-7
1612.6699999999998	4.368473663116422e-7
1612.675	4.1982896714323807e-7
1612.6799999999998	4.020522573010443e-7
1612.685	3.8606877511660644e-7
1612.69	3.715422392175987e-7
1612.695	3.5732808426760346e-7
1612.7	3.4839075291761915e-7
1612.705	3.4675064509813746e-7
1612.7099999999998	3.5220956107870873e-7
1612.715	3.613580122878037e-7
1612.72	3.710717422660017e-7
1612.725	3.857933300599006e-7
1612.73	4.029893387791236e-7
1612.735	4.174618806288401e-7
1612.7399999999998	4.2722547038521505e-7
1612.7450000000001	4.314848676243185e-7
1612.75	4.280858626483026e-7
1612.7549999999999	4.1714691281071685e-7
1612.76	4.0123567053079285e-7
1612.7649999999999	3.8726071600436195e-7
1612.7699999999998	3.7415247807514055e-7
1612.775	3.6228687891226036e-7
1612.78	3.510000396293345e-7
1612.7849999999999	3.391320261483489e-7
1612.79	3.3004889190392685e-7
1612.7949999999998	3.2396637502964773e-7
1612.8	3.204675545642633e-7
1612.805	3.193134619198611e-7
1612.81	3.2035663339498084e-7
1612.815	3.2232432494275075e-7
1612.82	3.241111410180725e-7
1612.8249999999998	3.2840395536132996e-7
1612.83	3.3307178863964903e-7
1612.835	3.424487555997825e-7
1612.84	3.5165795258673384e-7
1612.845	3.596577944934122e-7
1612.85	3.6424989296416837e-7
1612.8549999999998	3.6474908780692965e-7
1612.86	3.604201728922564e-7
1612.865	3.515716474770327e-7
1612.87	3.3923980740691807e-7
1612.875	3.210371679271267e-7
1612.8799999999999	3.0218241072409806e-7
1612.885	2.852206416349797e-7
1612.8899999999999	2.760516143283144e-7
1612.895	2.7076473061787737e-7
1612.8999999999999	2.6877395092124497e-7
1612.905	2.6939408571713044e-7
1612.9099999999999	2.728335489235585e-7
1612.915	2.794580871458795e-7
1612.92	2.8834844856018354e-7
1612.925	2.979949915029987e-7
1612.93	3.067939860107243e-7
1612.935	3.1379164801326814e-7
1612.9399999999998	3.178244464349684e-7
1612.945	3.186848043529973e-7
1612.95	3.1707902503730623e-7
1612.955	3.1373247133347296e-7
1612.96	3.0910610307942484e-7
1612.965	3.038855344090714e-7
1612.9699999999998	2.9598275125389633e-7
1612.975	2.862323999697604e-7
1612.98	2.7666373882456423e-7
1612.985	2.666103698162416e-7
1612.99	2.573961032464213e-7
1612.995	2.4893277230120496e-7
1613	2.4360901998883636e-7
1613.0049999999999	2.424648327109332e-7
1613.01	2.439048196278128e-7
1613.0149999999999	2.465373452311687e-7
1613.02	2.544979367364901e-7
1613.0249999999999	2.665656013174821e-7
1613.03	2.8131101636072926e-7
1613.0349999999999	2.9334031391584e-7
1613.04	3.01812505498756e-7
1613.045	3.0622900596897864e-7
1613.05	3.056189660902792e-7
1613.0549999999998	2.996891015337605e-7
1613.06	2.9224188495176866e-7
1613.065	2.82995772977939e-7
1613.07	2.72773765757061e-7
1613.075	2.6152331049951234e-7
1613.08	2.529317166878149e-7
1613.0849999999998	2.4808238632638287e-7
1613.09	2.492647294386528e-7
1613.095	2.523981336445781e-7
1613.1	2.562467456381948e-7
1613.105	2.604730180718514e-7
1613.11	2.670482133620573e-7
1613.115	2.755578061964411e-7
1613.12	2.8525380187680866e-7
1613.125	2.9564352494530824e-7
1613.13	3.050189895400456e-7
1613.135	3.138857843892685e-7
1613.1399999999999	3.2275959145239327e-7
1613.145	3.3185365771127705e-7
1613.1499999999999	3.4063118893878146e-7
1613.155	3.477307985413823e-7
1613.16	3.510592526132062e-7
1613.165	3.4720971894647645e-7
1613.1699999999998	3.382388205920789e-7
1613.175	3.2737372387125105e-7
1613.1799999999998	3.167265181492433e-7
1613.185	3.082867477679105e-7
1613.19	3.0013658963581507e-7
1613.195	2.928493149458951e-7
1613.1999999999998	2.8672837680832943e-7
1613.205	2.835347505738147e-7
1613.21	2.8362115715253376e-7
1613.215	2.888882924769196e-7
1613.22	3.0211011914164234e-7
1613.225	3.1964696546546306e-7
1613.23	3.3640841575607934e-7
1613.235	3.4818315232545286e-7
1613.24	3.5347324145473155e-7
1613.2450000000001	3.532051071458237e-7
1613.25	3.5008194594612673e-7
1613.2549999999999	3.4281267229880955e-7
1613.26	3.31710564559829e-7
1613.2649999999999	3.176489932261201e-7
1613.27	3.0437280629337635e-7
1613.275	2.91976604933905e-7
1613.28	2.8079479087731387e-7
1613.2849999999999	2.712891171117064e-7
1613.29	2.642260686966312e-7
1613.2949999999998	2.571529337885711e-7
1613.3	2.533122942931894e-7
1613.305	2.516237620481347e-7
1613.31	2.5158103422456937e-7
1613.3149999999998	2.5232552348757355e-7
1613.32	2.545644970932667e-7
1613.3249999999998	2.575018878659144e-7
1613.33	2.6510864891086094e-7
1613.335	2.793605646838506e-7
1613.34	2.9412689318779076e-7
1613.345	3.0371981330632103e-7
1613.35	3.0403517325158745e-7
1613.3549999999998	2.957304129471235e-7
1613.3600000000001	2.8311092168478686e-7
1613.365	2.6991465878579016e-7
1613.37	2.57503989882008e-7
1613.375	2.4595608717615967e-7
1613.3799999999999	2.3592751247344327e-7
1613.385	2.3044090677516672e-7
1613.39	2.3024258015519533e-7
1613.395	2.3483669192632504e-7
1613.3999999999999	2.426789019679342e-7
1613.405	2.5225821640803133e-7
1613.4099999999999	2.650120158817814e-7
1613.415	2.766789398791473e-7
1613.42	2.881493328013871e-7
1613.425	2.988674986946153e-7
1613.4299999999998	3.0688944258809376e-7
1613.435	3.1180229695407546e-7
1613.4399999999998	3.13708585528695e-7
1613.445	3.12561992406763e-7
1613.45	3.080224769766571e-7
1613.455	3.0251337751676717e-7
1613.46	2.967645837752208e-7
1613.465	2.9078666610846373e-7
1613.4699999999998	2.843733602272714e-7
1613.4750000000001	2.7787807011195286e-7
1613.48	2.7125417506582256e-7
1613.485	2.6669644744997286e-7
1613.49	2.629385288205181e-7
1613.495	2.609740192838218e-7
1613.4999999999998	2.6172487428333553e-7
1613.505	2.6662055221618513e-7
1613.51	2.7452542697879225e-7
1613.5149999999999	2.8462486314243476e-7
1613.52	2.959831851688541e-7
1613.5249999999999	3.087449869018173e-7
1613.53	3.242872318920352e-7
1613.535	3.4418460759167087e-7
1613.54	3.641565373579172e-7
1613.5449999999998	3.76161591981848e-7
1613.55	3.7826188773674975e-7
1613.5549999999998	3.709070480029124e-7
1613.56	3.5863939661575634e-7
1613.565	3.4804109485416955e-7
1613.57	3.3806370229671753e-7
1613.575	3.2844980573833346e-7
1613.58	3.197062932329245e-7
1613.5849999999998	3.1384664987121414e-7
1613.5900000000001	3.119863208203042e-7
1613.595	3.1352349121127466e-7
1613.6	3.172771394708801e-7
1613.605	3.216513559599551e-7
1613.61	3.266161157876485e-7
1613.6149999999998	3.3222488588449534e-7
1613.6200000000001	3.3779038476398415e-7
1613.625	3.440203219649479e-7
1613.6299999999999	3.5059300638907666e-7
1613.635	3.610129540711346e-7
1613.6399999999999	3.7172309011815843e-7
1613.6449999999998	3.838393532224505e-7
1613.65	3.9295145385876267e-7
1613.655	3.9517695744793585e-7
1613.6599999999999	3.880050683131135e-7
1613.665	3.743071811927651e-7
1613.6699999999998	3.5706938835932483e-7
1613.675	3.3864293940225985e-7
1613.68	3.193492718535507e-7
1613.685	3.024702876334709e-7
1613.69	2.8948474831548657e-7
1613.695	2.8198640066505376e-7
1613.6999999999998	2.80865686905751e-7
1613.705	2.8166665151065423e-7
1613.71	2.850759006059884e-7
1613.715	2.917910100222827e-7
1613.72	3.021572496324712e-7
1613.725	3.145103265118181e-7
1613.7299999999998	3.263324110974208e-7
1613.7350000000001	3.33805241026222e-7
1613.74	3.329093866481622e-7
1613.745	3.247670335217506e-7
1613.75	3.149257266225849e-7
1613.7549999999999	3.0441640295237816e-7
1613.7599999999998	2.9398790465917964e-7
1613.765	2.8314553927001437e-7
1613.77	2.71525184127741e-7
1613.7749999999999	2.606867639028592e-7
1613.78	2.515563225589236e-7
1613.7849999999999	2.4369875341825494e-7
1613.7899999999997	2.3834632976615036e-7
1613.795	2.3464664825268445e-7
1613.8	2.3295639441135608e-7
1613.805	2.336412502333156e-7
1613.81	2.3565409370819964e-7
1613.8149999999998	2.386934870442418e-7
1613.82	2.430867582051978e-7
1613.825	2.491670582460352e-7
1613.83	2.5628112523693303e-7
1613.835	2.6538652996697544e-7
1613.84	2.734917339243011e-7
1613.8449999999998	2.7996370779831127e-7
1613.85	2.807622372321697e-7
1613.855	2.7521370871274227e-7
1613.86	2.6445265093631567e-7
1613.865	2.5312496657228425e-7
1613.87	2.41147378950403e-7
1613.8749999999998	2.2739538314547028e-7
1613.88	2.1333393538205138e-7
1613.885	2.0348148398502113e-7
1613.8899999999999	1.9884687247902756e-7
1613.895	2.007873633860201e-7
1613.8999999999999	2.056050435337951e-7
1613.9049999999997	2.106929919554116e-7
1613.91	2.160548975063489e-7
1613.915	2.2274407440284961e-7
1613.92	2.302779679722336e-7
1613.925	2.3766053844114828e-7
1613.9299999999998	2.454997068400994e-7
1613.935	2.5292634768652456e-7
1613.94	2.5802398179928985e-7
1613.945	2.618221221969744e-7
1613.95	2.6381342355383525e-7
1613.955	2.623476980777696e-7
1613.9599999999998	2.5824819856739884e-7
1613.965	2.507199881035798e-7
1613.97	2.38943478128017e-7
1613.975	2.2859679334079914e-7
1613.98	2.208718989322319e-7
1613.985	2.166528861073307e-7
1613.9899999999998	2.1294708659013402e-7
1613.995	2.1027736638357908e-7
1614	2.0996506515131408e-7
1614.005	2.1445051106622497e-7
1614.01	2.232067038745223e-7
1614.0149999999999	2.354759807199713e-7
1614.0199999999998	2.500604198138467e-7
1614.0249999999999	2.6604756016670807e-7
1614.03	2.792088893744045e-7
1614.035	2.8582672372039213e-7
1614.04	2.864595961650125e-7
1614.0449999999998	2.825548500885816e-7
1614.05	2.7528411331805495e-7
1614.055	2.654350728074533e-7
1614.06	2.540146177983471e-7
1614.065	2.432278285557199e-7
1614.07	2.3481830064085352e-7
1614.0749999999998	2.287788816037803e-7
1614.08	2.2462995019259287e-7
1614.085	2.230528796923047e-7
1614.09	2.2320056562220377e-7
1614.095	2.2494091912729706e-7
1614.1	2.2849196094084157e-7
1614.1049999999998	2.337622244752321e-7
1614.11	2.40274880922935e-7
1614.115	2.472254857543876e-7
1614.1200000000001	2.5371422844949397e-7
1614.125	2.61379879279552e-7
1614.1299999999999	2.6872598177492326e-7
1614.1349999999998	2.7561160582313467e-7
1614.1399999999999	2.8158244471996703e-7
1614.145	2.8597152700651246e-7
1614.15	2.875550392867962e-7
1614.155	2.848254482483258e-7
1614.1599999999999	2.778219792259949e-7
1614.165	2.679964225457577e-7
1614.1699999999998	2.568297245030789e-7
1614.175	2.4625443461876775e-7
1614.18	2.3667213000319232e-7
1614.185	2.2643338920906015e-7
1614.1899999999998	2.163010046073963e-7
1614.195	2.106011232877258e-7
1614.2	2.105746952655627e-7
1614.205	2.1442184902572798e-7
1614.21	2.2180046039002613e-7
1614.215	2.3369542747677006e-7
1614.2199999999998	2.465578784838321e-7
1614.225	2.5753337022002443e-7
1614.23	2.666383364147528e-7
1614.2350000000001	2.736385846583366e-7
1614.24	2.774750026577546e-7
1614.245	2.7675106179750314e-7
1614.25	2.697952318820039e-7
1614.2549999999999	2.62409517895477e-7
1614.26	2.539642104369622e-7
1614.265	2.453658021293021e-7
1614.27	2.391854453213679e-7
1614.2749999999999	2.3189618476815325e-7
1614.28	2.256501962376476e-7
1614.2849999999999	2.2056502085005033e-7
1614.29	2.1572329685425774e-7
1614.295	2.1194540274042102e-7
1614.3	2.0860715612543062e-7
1614.3049999999998	2.0736722199949553e-7
1614.31	2.093200829845286e-7
1614.3149999999998	2.1521292482904189e-7
1614.32	2.254892455159589e-7
1614.325	2.3575579045613546e-7
1614.33	2.4586872239868696e-7
1614.3349999999998	2.597210276368071e-7
1614.34	2.71428701315287e-7
1614.345	2.769149623434621e-7
1614.3500000000001	2.7314597813669153e-7
1614.355	2.611824800441682e-7
1614.36	2.494706720714046e-7
1614.365	2.393439685858178e-7
1614.37	2.329422813820489e-7
1614.375	2.2723257528924722e-7
1614.38	2.2243834621625477e-7
1614.385	2.19681345123596e-7
1614.3899999999999	2.2028039718750508e-7
1614.395	2.2536036798945075e-7
1614.3999999999999	2.3591665680122795e-7
1614.405	2.4655236267917536e-7
1614.41	2.569225534287902e-7
1614.415	2.670821577790181e-7
1614.4199999999998	2.7730931333161677e-7
1614.425	2.8923334828313884e-7
1614.4299999999998	2.9952679149123145e-7
1614.435	3.0696915625941587e-7
1614.44	3.108337313826552e-7
1614.445	3.1092356986290614e-7
1614.4499999999998	3.057714365290956e-7
1614.455	2.96980610897328e-7
1614.4599999999998	2.8769898514036436e-7
1614.4650000000001	2.7854716462986773e-7
1614.47	2.7167559939250853e-7
1614.475	2.665535484559103e-7
1614.48	2.599008173588659e-7
1614.485	2.5343161386355384e-7
1614.4899999999998	2.448754722747408e-7
1614.4950000000001	2.3859643341389017e-7
1614.5	2.3738376886679468e-7
1614.5049999999999	2.4180292396466367e-7
1614.51	2.4879743457921237e-7
1614.5149999999999	2.5499752069304537e-7
1614.52	2.6251362265381525e-7
1614.525	2.751972848768256e-7
1614.53	2.877357662577358e-7
1614.5349999999999	2.9728153983114287e-7
1614.54	2.98485474053377e-7
1614.5449999999998	2.915993590766826e-7
1614.55	2.786778541733499e-7
1614.555	2.651762551731903e-7
1614.56	2.545211803325687e-7
1614.5649999999998	2.45546234559318e-7
1614.57	2.365422595913228e-7
1614.5749999999998	2.2819459589587445e-7
1614.5800000000002	2.2153192110088978e-7
1614.585	2.173709627503996e-7
1614.59	2.160065280082079e-7
1614.595	2.1645614158832928e-7
1614.6	2.1832562902515185e-7
1614.6049999999998	2.2035317640914295e-7
1614.6100000000001	2.2303171276240646e-7
1614.615	2.2638583027238914e-7
1614.62	2.3133690179922692e-7
1614.625	2.3888081378666164e-7
1614.6299999999999	2.5033387941666264e-7
1614.6349999999998	2.621912492392768e-7
1614.64	2.711176965313043e-7
1614.645	2.7627272555655645e-7
1614.6499999999999	2.7488596913435683e-7
1614.655	2.6785661985804965e-7
1614.6599999999999	2.570824804440385e-7
1614.665	2.4582286939663757e-7
1614.67	2.3381506920183643e-7
1614.675	2.2264250898656713e-7
1614.6799999999998	2.144746972952401e-7
1614.685	2.1000978153247078e-7
1614.6899999999998	2.0980367614108036e-7
1614.695	2.129358055249185e-7
1614.7	2.179592791339807e-7
1614.705	2.2549053350654613e-7
1614.71	2.3504316320624644e-7
1614.715	2.453413065346745e-7
1614.7199999999998	2.553864135662924e-7
1614.7250000000001	2.6412320423022127e-7
1614.73	2.704508387148148e-7
1614.735	2.7127638151563817e-7
1614.74	2.6735111866111133e-7
1614.745	2.599476674307293e-7
1614.7499999999998	2.501993653507775e-7
1614.755	2.4057789539990277e-7
1614.76	2.329403450177224e-7
1614.7649999999999	2.2637263600624122e-7
1614.77	2.2048488859119344e-7
1614.7749999999999	2.1548286042108426e-7
1614.7799999999997	2.1069847883206975e-7
1614.785	2.075839136333231e-7
1614.79	2.054525542880865e-7
1614.7949999999998	2.0485238544304623e-7
1614.8	2.061170074618295e-7
1614.8049999999998	2.0853841828704723e-7
1614.81	2.1272491066499091e-7
1614.815	2.192881997946356e-7
1614.82	2.293041679489327e-7
1614.825	2.407727407999629e-7
1614.83	2.5389222480750216e-7
1614.8349999999998	2.643700130505364e-7
1614.84	2.72598723917927e-7
1614.845	2.7699732681301313e-7
1614.85	2.754895945948715e-7
1614.855	2.666315505330974e-7
1614.86	2.5409419140078076e-7
1614.8649999999998	2.4020103180883714e-7
1614.8700000000001	2.2613085932472656e-7
1614.875	2.149257367165935e-7
1614.8799999999999	2.0877100159159032e-7
1614.885	2.0686982784841118e-7
1614.8899999999999	2.0697380755262346e-7
1614.8949999999998	2.084825099620539e-7
1614.9	2.120818137644259e-7
1614.905	2.1776886155462028e-7
1614.9099999999999	2.240718300070173e-7
1614.915	2.3033199572611395e-7
1614.9199999999998	2.3662815743524844e-7
1614.925	2.4178606135114794e-7
1614.93	2.4687480575085077e-7
1614.935	2.515957927617473e-7
1614.94	2.5440594811145294e-7
1614.945	2.5577823906584447e-7
1614.9499999999998	2.5357634115595103e-7
1614.955	2.453441425437604e-7
1614.96	2.3308321874988525e-7
1614.965	2.2046444405801702e-7
1614.97	2.0913746553186945e-7
1614.975	1.978418289637731e-7
1614.9799999999998	1.8692249455498253e-7
1614.985	1.806970180010051e-7
1614.99	1.797596792651705e-7
1614.995	1.8178980325410251e-7
1615	1.855810117852302e-7
1615.0049999999999	1.9140541523640217e-7
1615.0099999999998	1.991298126829397e-7
1615.0149999999999	2.0808071398133488e-7
1615.02	2.1725282072002753e-7
1615.0249999999999	2.2493058621850697e-7
1615.03	2.2863422774481562e-7
1615.0349999999999	2.2701602788700527e-7
1615.04	2.207510990123606e-7
1615.045	2.1209641344219136e-7
1615.05	2.0222907109795975e-7
1615.055	1.9374646794873404e-7
1615.06	1.8719300476857198e-7
1615.0649999999998	1.8245002434946192e-7
1615.07	1.794693616996687e-7
1615.075	1.769720624438406e-7
1615.08	1.7528706684010337e-7
1615.085	1.7487857996022158e-7
1615.09	1.778597014826631e-7
1615.0949999999998	1.8261208498803263e-7
1615.1	1.8779048800183013e-7
1615.105	1.9314857722219086e-7
1615.11	1.9915296183151896e-7
1615.115	2.0454759426348974e-7
1615.12	2.1142652245966005e-7
1615.125	2.1935778788698733e-7
1615.1299999999999	2.2946581843521993e-7
1615.135	2.3943835151682195e-7
1615.1399999999999	2.4538117062098156e-7
1615.145	2.477199311132656e-7
1615.1499999999999	2.467513972327155e-7
1615.155	2.4171378691178463e-7
1615.1599999999999	2.3225915335541824e-7
1615.165	2.205702538299144e-7
1615.17	2.117062292714403e-7
1615.175	2.0460375664693667e-7
1615.1799999999998	1.9685447542757808e-7
1615.185	1.9210095095205731e-7
1615.19	1.908943879521099e-7
1615.195	1.9425526337700427e-7
1615.2	1.9846368243300171e-7
1615.205	2.0508212725036512e-7
1615.2099999999998	2.1489697144529967e-7
1615.215	2.2678954427371655e-7
1615.22	2.3810558463880178e-7
1615.225	2.4676984522664923e-7
1615.23	2.5226275314207627e-7
1615.235	2.5505768775899677e-7
1615.24	2.5610104871217923e-7
1615.245	2.561427834280037e-7
1615.25	2.544517026147846e-7
1615.2549999999999	2.5119948435131804e-7
1615.26	2.46062932408097e-7
1615.2649999999999	2.3947285475950013e-7
1615.27	2.2961918269130156e-7
1615.2749999999999	2.184784024529982e-7
1615.28	2.0859869132198157e-7
1615.285	2.015285960912912e-7
1615.29	1.9600418605731152e-7
1615.2949999999998	1.920028832196098e-7
1615.3	1.8901514244210754e-7
1615.3049999999998	1.8928329528782934e-7
1615.31	1.9332534991261213e-7
1615.315	2.0033614396620327e-7
1615.32	2.1082162166120266e-7
1615.3249999999998	2.2097654734561094e-7
1615.33	2.2918906816024409e-7
1615.335	2.3344714247856948e-7
1615.34	2.3516710825976743e-7
1615.345	2.3350947710980627e-7
1615.35	2.2603310500944906e-7
1615.355	2.1372017652360963e-7
1615.36	1.9854785598100186e-7
1615.365	1.875653074392714e-7
1615.3700000000001	1.8184522237630154e-7
1615.375	1.7808166311936276e-7
1615.3799999999999	1.7564165988598576e-7
1615.385	1.748733810686067e-7
1615.3899999999999	1.7669112702235996e-7
1615.395	1.817939918140777e-7
1615.4	1.8618189548587057e-7
1615.405	1.9103610623220257e-7
1615.4099999999999	1.973177298075132e-7
1615.415	2.0528273623967914e-7
1615.4199999999998	2.1398435668880244e-7
1615.425	2.2174561844422285e-7
1615.43	2.2806674741432623e-7
1615.435	2.3223379191859635e-7
1615.4399999999998	2.343401985344664e-7
1615.445	2.358573710641456e-7
1615.4499999999998	2.351261377694987e-7
1615.455	2.313090903728612e-7
1615.46	2.2303200173307196e-7
1615.465	2.1393094195413204e-7
1615.47	2.05935023771405e-7
1615.475	1.995525853745914e-7
1615.48	1.937398410884843e-7
1615.4850000000001	1.8981870561289001e-7
1615.49	1.8857973997801176e-7
1615.495	1.916115728510392e-7
1615.5	1.9627665147549336e-7
1615.5049999999999	2.0398186327850378e-7
1615.51	2.1593506041159063e-7
1615.515	2.296505459246989e-7
1615.52	2.432101477444208e-7
1615.5249999999999	2.550630873257343e-7
1615.53	2.63327221334547e-7
1615.5349999999999	2.644648610417272e-7
1615.54	2.595402026776086e-7
1615.545	2.5108972693687405e-7
1615.55	2.417955483005974e-7
1615.5549999999998	2.339442350751929e-7
1615.56	2.2723000547710475e-7
1615.5649999999998	2.2328969675756368e-7
1615.57	2.1856937483730682e-7
1615.575	2.1575822845362418e-7
1615.58	2.1336763885460195e-7
1615.585	2.1144888299818124e-7
1615.59	2.1126212818486107e-7
1615.5949999999998	2.1252933937146367e-7
1615.6000000000001	2.1452661218584747e-7
1615.605	2.1765392930394894e-7
1615.61	2.2190391919055888e-7
1615.615	2.308189588977457e-7
1615.62	2.4366546116981355e-7
1615.6249999999998	2.590416689897509e-7
1615.63	2.696507246719517e-7
1615.635	2.7575512601000084e-7
1615.6399999999999	2.776602433355358e-7
1615.645	2.725415593351502e-7
1615.6499999999999	2.603398291405356e-7
1615.655	2.4529519556888304e-7
1615.66	2.328063935072462e-7
1615.665	2.2257647656980798e-7
1615.6699999999998	2.1515272606663373e-7
1615.675	2.0916092671244621e-7
1615.6799999999998	2.058753065111327e-7
1615.685	2.060536400386912e-7
1615.69	2.0918984824665971e-7
1615.695	2.1503493490608188e-7
1615.7	2.235467010427432e-7
1615.705	2.3206437156216047e-7
1615.7099999999998	2.404558028207444e-7
1615.7150000000001	2.47994124698591e-7
1615.72	2.5465196498927413e-7
1615.725	2.606132893526138e-7
1615.73	2.6171622788130794e-7
1615.735	2.59579382448282e-7
1615.7399999999998	2.550048011811845e-7
1615.7450000000001	2.4849716586134883e-7
1615.75	2.399995484368749e-7
1615.7549999999999	2.3163806740763832e-7
1615.76	2.2328445135296474e-7
1615.7649999999999	2.1456948055864972e-7
1615.7699999999998	2.0571686432032896e-7
1615.775	1.9762178772582062e-7
1615.78	1.9106460808308094e-7
1615.7849999999999	1.8650773487359037e-7
1615.79	1.8296615137013007e-7
1615.7949999999998	1.8110890858686013e-7
1615.8	1.8109872530604368e-7
1615.805	1.831207113661786e-7
1615.81	1.8889780484609497e-7
1615.815	1.9552716458880263e-7
1615.82	2.0409246766052264e-7
1615.8249999999998	2.1292528259897048e-7
1615.83	2.209318570817268e-7
1615.835	2.263513151436003e-7
1615.84	2.2756012771234488e-7
1615.845	2.22165968847225e-7
1615.85	2.1184353075058855e-7
1615.8549999999998	2.000387443229942e-7
1615.8600000000001	1.8898866106434095e-7
1615.865	1.7959238012770002e-7
1615.87	1.7189739766851838e-7
1615.875	1.6636843628876128e-7
1615.8799999999999	1.6256687785262366e-7
1615.8849999999998	1.6047958751206988e-7
1615.89	1.6013716223713866e-7
1615.895	1.609267359136444e-7
1615.8999999999999	1.6301364183173757e-7
1615.905	1.6659396117487094e-7
1615.9099999999999	1.7104760112610904e-7
1615.9149999999997	1.751622408914299e-7
1615.92	1.7933544327306e-7
1615.925	1.8356752436379595e-7
1615.93	1.8952638928569223e-7
1615.935	1.9652810622641565e-7
1615.9399999999998	2.037444128635507e-7
1615.945	2.0695544833415606e-7
1615.95	2.0402774194425453e-7
1615.955	1.9557839978973572e-7
1615.96	1.8510712617074972e-7
1615.965	1.7343109583536611e-7
1615.9699999999998	1.6432092667230763e-7
1615.975	1.5830294030420607e-7
1615.98	1.5439264282517325e-7
1615.985	1.5205474906231686e-7
1615.99	1.5222948111415553e-7
1615.995	1.5532630845198017e-7
1615.9999999999998	1.6083240181040025e-7
1616.005	1.6914630122810484e-7
1616.01	1.7811241248209e-7
1616.0149999999999	1.892351761552466e-7
1616.02	1.975391876018687e-7
1616.0249999999999	2.04549605630854e-7
1616.0299999999997	2.075037045723418e-7
1616.035	2.0557051269139275e-7
1616.04	1.9914858696857223e-7
1616.045	1.8976250802721275e-7
1616.05	1.8169912928316588e-7
1616.0549999999998	1.7570011439811473e-7
1616.06	1.7103209570376724e-7
1616.065	1.6715322182622695e-7
1616.07	1.6397268889177917e-7
1616.075	1.6209667270354615e-7
1616.08	1.6103693695466672e-7
1616.0849999999998	1.614420553680472e-7
1616.09	1.6289638187952173e-7
1616.095	1.6503485252201607e-7
1616.1	1.6836915360555393e-7
1616.105	1.7350786954328965e-7
1616.11	1.8164396563514367e-7
1616.1149999999998	1.926011745595411e-7
1616.12	2.030759752825157e-7
1616.125	2.1245432554118012e-7
1616.1299999999999	2.1897596327839568e-7
1616.135	2.2430084369458126e-7
1616.1399999999999	2.2761359670221827e-7
1616.1449999999998	2.2754931186571067e-7
1616.1499999999999	2.217238459934379e-7
1616.155	2.1003626684053083e-7
1616.16	1.9943407789428195e-7
1616.165	1.905590039297936e-7
1616.1699999999998	1.8345265305009147e-7
1616.175	1.765279912274016e-7
1616.18	1.7254508961952365e-7
1616.185	1.7261553375353702e-7
1616.19	1.752089381824852e-7
1616.195	1.7792463251852754e-7
1616.1999999999998	1.8309187862408254e-7
1616.205	1.897034347194159e-7
1616.21	1.9826516321909449e-7
1616.215	2.0704766913209612e-7
1616.22	2.1404577502938978e-7
1616.225	2.1965381185141176e-7
1616.2299999999998	2.2238229673145565e-7
1616.235	2.2337129956839068e-7
1616.24	2.234832997956685e-7
1616.2450000000001	2.2287781752624716e-7
1616.25	2.2039310285572208e-7
1616.2549999999999	2.1606135410867079e-7
1616.2599999999998	2.0897686588879248e-7
1616.2649999999999	2.0005405611669927e-7
1616.27	1.8862316297788632e-7
1616.275	1.781027811155788e-7
1616.28	1.6885649031110773e-7
1616.2849999999999	1.6383890523871055e-7
1616.29	1.6277560632715893e-7
1616.2949999999998	1.6323629549620395e-7
1616.3	1.633527221106505e-7
1616.305	1.6490160018501689e-7
1616.31	1.7126548596086248e-7
1616.3149999999998	1.8098310553059222e-7
1616.32	1.9253848989305863e-7
1616.325	2.027914059501715e-7
1616.33	2.0724851041520668e-7
1616.335	2.0781337383146775e-7
1616.34	2.0417701509045824e-7
1616.3449999999998	1.957367040996057e-7
1616.35	1.8555436238848124e-7
1616.355	1.7634393005076654e-7
1616.3600000000001	1.6849026634811377e-7
1616.365	1.623865463496226e-7
1616.37	1.5859434741054457e-7
1616.3749999999998	1.559782708560105e-7
1616.3799999999999	1.5445526781563124e-7
1616.385	1.5484982801713598e-7
1616.39	1.577323636952024e-7
1616.395	1.61712236079447e-7
1616.3999999999999	1.6649543821082505e-7
1616.405	1.7186145695114562e-7
1616.4099999999999	1.7677372370872374e-7
1616.415	1.823310595752303e-7
1616.42	1.8921743680364626e-7
1616.425	1.9736718910975394e-7
1616.4299999999998	2.0574218030489248e-7
1616.435	2.12381831801983e-7
1616.4399999999998	2.138319927448721e-7
1616.445	2.130522878469825e-7
1616.45	2.1118183198145394e-7
1616.455	2.0791880947338418e-7
1616.4599999999998	2.0284066837707723e-7
1616.465	1.933885012845587e-7
1616.47	1.833447409156057e-7
1616.4750000000001	1.75475053308054e-7
1616.48	1.7100289642525417e-7
1616.485	1.681450029282982e-7
1616.49	1.6759531214419042e-7
1616.495	1.708031826467817e-7
1616.5	1.7652519067463506e-7
1616.505	1.8368024328973656e-7
1616.51	1.9392084304084596e-7
1616.5149999999999	2.0519105804071052e-7
1616.52	2.1517925258276135e-7
1616.5249999999999	2.2193609862852695e-7
1616.53	2.2541121873456137e-7
1616.535	2.2509136434171954e-7
1616.54	2.2136914530464908e-7
1616.5449999999998	2.157563087695613e-7
1616.55	2.0947678113036733e-7
1616.5549999999998	2.029400391229431e-7
1616.56	1.9747464966504163e-7
1616.565	1.9128061957580558e-7
1616.57	1.85623117064555e-7
1616.5749999999998	1.8002299123196475e-7
1616.58	1.7547056182906957e-7
1616.5849999999998	1.721613888453727e-7
1616.5900000000001	1.715160717380722e-7
1616.595	1.724734466062488e-7
1616.6	1.7594189246975156e-7
1616.605	1.8280836192141326e-7
1616.61	1.927063699475614e-7
1616.6149999999998	2.0153700182168918e-7
1616.6200000000001	2.0808738861265274e-7
1616.625	2.1332902052323248e-7
1616.6299999999999	2.1730664839326016e-7
1616.635	2.171734908439365e-7
1616.6399999999999	2.1136489107127376e-7
1616.645	1.9937390797449674e-7
1616.65	1.8701635541778384e-7
1616.655	1.752568781330755e-7
1616.6599999999999	1.6728223305604952e-7
1616.665	1.6166438466433453e-7
1616.6699999999998	1.5823722838010328e-7
1616.675	1.5687298571265266e-7
1616.68	1.5726649326992678e-7
1616.685	1.5909728597603105e-7
1616.6899999999998	1.6299197699724776e-7
1616.695	1.6897739542059998e-7
1616.6999999999998	1.7560819022596914e-7
1616.7050000000002	1.8237901687295173e-7
1616.71	1.9013897948009235e-7
1616.715	1.9651224381891359e-7
1616.72	2.0147933571266424e-7
1616.725	2.0485604905871048e-7
1616.7299999999998	2.0627677361961758e-7
1616.7350000000001	2.0641884646011061e-7
1616.74	2.053178920136027e-7
1616.745	2.0218682419647854e-7
1616.75	1.9661968294565607e-7
1616.7549999999999	1.8950671182353616e-7
1616.7599999999998	1.8183972767312322e-7
1616.765	1.7354225217921787e-7
1616.77	1.6648236710121062e-7
1616.7749999999999	1.6156284685371932e-7
1616.78	1.583827727191902e-7
1616.7849999999999	1.5639588048824997e-7
1616.79	1.5622662419928787e-7
1616.795	1.5715032574771448e-7
1616.8	1.608948964188407e-7
1616.8049999999998	1.6544955015963995e-7
1616.81	1.7178997001549726e-7
1616.8149999999998	1.798803818418477e-7
1616.82	1.8887419190197455e-7
1616.825	1.9782169066482107e-7
1616.83	2.042529125660269e-7
1616.835	2.058381069052502e-7
1616.84	2.0190301323693923e-7
1616.8449999999998	1.9390440453161524e-7
1616.8500000000001	1.8379567394475312e-7
1616.855	1.7380104751131374e-7
1616.86	1.6584033848377897e-7
1616.865	1.6010399033188435e-7
1616.87	1.5578702668705185e-7
1616.8749999999998	1.5274662472547826e-7
1616.88	1.5013605597188442e-7
1616.885	1.4809291516938437e-7
1616.8899999999999	1.467352707970781e-7
1616.895	1.4650529804595095e-7
1616.8999999999999	1.476329283789237e-7
1616.9049999999997	1.5003978022060632e-7
1616.91	1.547145623177914e-7
1616.915	1.5999893290722903e-7
1616.9199999999998	1.6553908288071854e-7
1616.925	1.7154029785269015e-7
1616.9299999999998	1.7624796833868437e-7
1616.935	1.7968480889279708e-7
1616.94	1.811200309215082e-7
1616.945	1.7691510181527224e-7
1616.95	1.691026619341624e-7
1616.955	1.607964657305848e-7
1616.9599999999998	1.5209797305331418e-7
1616.965	1.4292196221923146e-7
1616.97	1.3638547267886036e-7
1616.975	1.331044123417059e-7
1616.98	1.308947636603522e-7
1616.985	1.290291848496599e-7
1616.9899999999998	1.2910130731515662e-7
1616.9950000000001	1.3362629927220675e-7
1617	1.404165867587477e-7
1617.0049999999999	1.467792251809966e-7
1617.01	1.5238564150803559e-7
1617.0149999999999	1.575986648926916e-7
1617.0199999999998	1.6374752409205592e-7
1617.025	1.6797970152671775e-7
1617.03	1.6946041385350454e-7
1617.0349999999999	1.6814916188249867e-7
1617.04	1.6445921194963606e-7
1617.0449999999998	1.5868123960610735e-7
1617.05	1.528974905873118e-7
1617.055	1.4685055385771447e-7
1617.06	1.4086253518755677e-7
1617.065	1.3607410972012367e-7
1617.07	1.3224123919127025e-7
1617.0749999999998	1.3048172777994178e-7
1617.08	1.298189290701664e-7
1617.085	1.2865521266760917e-7
1617.09	1.2753887146752187e-7
1617.095	1.2702618604403709e-7
1617.1	1.2884876140741647e-7
1617.1049999999998	1.3344184229786972e-7
1617.11	1.4070074820078373e-7
1617.115	1.4965182242075315e-7
1617.12	1.583173520009475e-7
1617.125	1.6854445876717894e-7
1617.1299999999999	1.7771922406899054e-7
1617.1349999999998	1.849728232663343e-7
1617.14	1.8673068875900297e-7
1617.145	1.8087544635811856e-7
1617.1499999999999	1.705643153436958e-7
1617.155	1.6130423149509906e-7
1617.1599999999999	1.5420072047403686e-7
1617.165	1.48082428571049e-7
1617.17	1.43923519508905e-7
1617.175	1.4182396135882172e-7
1617.18	1.4130002926776697e-7
1617.185	1.4241019995891178e-7
1617.1899999999998	1.4613537248252214e-7
1617.195	1.504525321391434e-7
1617.2	1.5777344117214534e-7
1617.205	1.644749765269908e-7
1617.21	1.7078848029194836e-7
1617.215	1.7688665903165158e-7
1617.2199999999998	1.824431910600105e-7
1617.225	1.8818837618600238e-7
1617.23	1.9392667089494244e-7
1617.235	1.9884054254157149e-7
1617.24	2.0225133861473544e-7
1617.245	2.0002126436067922e-7
1617.2499999999998	1.9350666292374454e-7
1617.2549999999999	1.8405971771449752e-7
1617.26	1.7446734876884806e-7
1617.2649999999999	1.6424248716908627e-7
1617.27	1.5623277907271358e-7
1617.2749999999999	1.4995823851336196e-7
1617.28	1.4538505577865525e-7
1617.2849999999999	1.431693343014334e-7
1617.29	1.4323933047468656e-7
1617.295	1.4639696984735326e-7
1617.3	1.5335392579200403e-7
1617.3049999999998	1.6180985789314807e-7
1617.31	1.703302433537397e-7
1617.315	1.77869339646405e-7
1617.32	1.838968083253931e-7
1617.325	1.8792174806459033e-7
1617.33	1.8850900581155574e-7
1617.3349999999998	1.8443708477775305e-7
1617.34	1.7800617363581991e-7
1617.345	1.704000004561105e-7
1617.35	1.6274621935819678e-7
1617.355	1.556713347333957e-7
1617.36	1.5018764739068467e-7
1617.365	1.4542598916849077e-7
1617.37	1.4095403620188083e-7
1617.375	1.3915799665764365e-7
1617.3799999999999	1.3852871524998704e-7
1617.385	1.3908600107807215e-7
1617.3899999999999	1.408748651334829e-7
1617.395	1.4336758882943478e-7
1617.3999999999999	1.4606340939425017e-7
1617.405	1.4841822495341718e-7
1617.41	1.5115253058090006e-7
1617.415	1.5504556891331684e-7
1617.4199999999998	1.6053387384943274e-7
1617.425	1.6787224197240437e-7
1617.4299999999998	1.755340284534571e-7
1617.435	1.8126052967861578e-7
1617.44	1.8512930687532463e-7
1617.445	1.8689581521292232e-7
1617.4499999999998	1.8551805108613063e-7
1617.455	1.800533302871712e-7
1617.46	1.7258271750631456e-7
1617.465	1.6353035239543515e-7
1617.47	1.5692506131724136e-7
1617.475	1.5210888815520486e-7
1617.48	1.4906812852582223e-7
1617.485	1.487712840016206e-7
1617.49	1.5076520563982988e-7
1617.495	1.5482134270611605e-7
1617.5	1.612232918023176e-7
1617.5049999999999	1.68767468974359e-7
1617.51	1.7736568523663207e-7
1617.5149999999999	1.864421282292872e-7
1617.52	1.9418394677574787e-7
1617.525	2.007415930535475e-7
1617.53	2.0394013527262502e-7
1617.5349999999999	2.047459332333454e-7
1617.54	2.0415990148077517e-7
1617.5449999999998	2.018616548462785e-7
1617.55	1.9790783994021846e-7
1617.555	1.9336444680662388e-7
1617.56	1.8803053593777692e-7
1617.5649999999998	1.816908242185186e-7
1617.57	1.748347348950331e-7
1617.5749999999998	1.6944089949842158e-7
1617.58	1.6514461326213384e-7
1617.585	1.6290877212032012e-7
1617.59	1.6203096957125e-7
1617.595	1.6258740693615144e-7
1617.6	1.6514008652654596e-7
1617.605	1.7180571636893012e-7
1617.6100000000001	1.813466950419512e-7
1617.615	1.8948637215326842e-7
1617.62	1.9718338559528792e-7
1617.625	2.0278432012728371e-7
1617.6299999999999	2.032253886887372e-7
1617.635	1.972992300193924e-7
1617.64	1.8688141669348251e-7
1617.645	1.7542622612525706e-7
1617.6499999999999	1.638016208471349e-7
1617.655	1.5439619115561314e-7
1617.6599999999999	1.4658545411332347e-7
1617.665	1.4236390778565882e-7
1617.67	1.400427010061564e-7
1617.675	1.3882448376387486e-7
1617.6799999999998	1.3851653148913303e-7
1617.685	1.3934207283379785e-7
1617.6899999999998	1.4227089228529025e-7
1617.695	1.4626272905195754e-7
1617.7	1.5095296025034355e-7
1617.705	1.5623082509861808e-7
1617.71	1.6043512692075065e-7
1617.715	1.634754282315669e-7
1617.7199999999998	1.6653766240355505e-7
1617.7250000000001	1.6931937734445812e-7
1617.73	1.705201081092576e-7
1617.735	1.7016230400877916e-7
1617.74	1.6761968328332082e-7
1617.745	1.617573208904022e-7
1617.7499999999998	1.5363241083328927e-7
1617.755	1.4553778085355352e-7
1617.76	1.3772211523439608e-7
1617.7649999999999	1.29506292404377e-7
1617.77	1.2258230825329693e-7
1617.7749999999999	1.182295725789753e-7
1617.78	1.1542797210842273e-7
1617.785	1.1392286911193069e-7
1617.79	1.1380744479548462e-7
1617.7949999999998	1.1519744934085302e-7
1617.8	1.1851260172944059e-7
1617.8049999999998	1.2336571881245675e-7
1617.81	1.291481750673851e-7
1617.815	1.352531751418987e-7
1617.82	1.4113543121275692e-7
1617.825	1.443752928317204e-7
1617.83	1.4329806788248598e-7
1617.8349999999998	1.3904346884961308e-7
1617.8400000000001	1.344142827458416e-7
1617.845	1.2942995358530107e-7
1617.85	1.250946356457401e-7
1617.855	1.206495484475006e-7
1617.86	1.1619864581969703e-7
1617.8649999999998	1.1246872496555907e-7
1617.8700000000001	1.097435563375383e-7
1617.875	1.0730547398306052e-7
1617.8799999999999	1.0586641767062523e-7
1617.885	1.0444849377237225e-7
1617.8899999999999	1.0356237766853051e-7
1617.8949999999998	1.0325438206470081e-7
1617.9	1.0463401940884095e-7
1617.905	1.0848934191338618e-7
1617.9099999999999	1.1342728364254088e-7
1617.915	1.198473718423541e-7
1617.9199999999998	1.2747129335132073e-7
1617.925	1.352872639400067e-7
1617.93	1.4140860355106816e-7
1617.935	1.4376621376471812e-7
1617.94	1.415356211037926e-7
1617.945	1.3621745312392903e-7
1617.9499999999998	1.301302542259487e-7
1617.955	1.239934030588798e-7
1617.96	1.1857443011493423e-7
1617.965	1.1458382483317472e-7
1617.97	1.1201291503299689e-7
1617.975	1.1076729396718591e-7
1617.9799999999998	1.11041907211625e-7
1617.9850000000001	1.1303947174346153e-7
1617.99	1.1723176270213828e-7
1617.995	1.2276941449273632e-7
1618	1.290446450847157e-7
1618.0049999999999	1.3577137634844825e-7
1618.0099999999998	1.42979461223639e-7
1618.015	1.489321032657894e-7
1618.02	1.5379888553003512e-7
1618.0249999999999	1.57576461694715e-7
1618.03	1.600530857287087e-7
1618.0349999999999	1.618362552597022e-7
1618.0399999999997	1.620417263879964e-7
1618.045	1.6025141220515573e-7
1618.05	1.5649897767639493e-7
1618.055	1.5164436673170786e-7
1618.06	1.4765233463004568e-7
1618.0649999999998	1.4310395496693602e-7
1618.07	1.39180072337601e-7
1618.075	1.3501482800583043e-7
1618.08	1.3062383258812858e-7
1618.085	1.2807960601759554e-7
1618.09	1.2699767655930882e-7
1618.0949999999998	1.2798109551354026e-7
1618.1	1.2988191071137002e-7
1618.105	1.331734227046655e-7
1618.11	1.3933547013931543e-7
1618.115	1.4712276224270082e-7
1618.12	1.5482021069774808e-7
1618.1249999999998	1.629014025759209e-7
1618.13	1.7063313858121745e-7
1618.135	1.7368613214330266e-7
1618.1399999999999	1.7006394343862154e-7
1618.145	1.6258860992662332e-7
1618.1499999999999	1.5431454940391867e-7
1618.1549999999997	1.4670562666822306e-7
1618.16	1.400960717957173e-7
1618.165	1.3470595055591987e-7
1618.17	1.3192331648748881e-7
1618.175	1.3082394482170427e-7
1618.1799999999998	1.3014690531037337e-7
1618.185	1.2870184251140132e-7
1618.19	1.2813710378466126e-7
1618.195	1.287273120933397e-7
1618.2	1.3081785652252187e-7
1618.205	1.3342163941821913e-7
1618.2099999999998	1.3676772516835087e-7
1618.215	1.4123149391871278e-7
1618.22	1.478190381043815e-7
1618.225	1.557300324944137e-7
1618.23	1.6292449661818093e-7
1618.235	1.6744525453934285e-7
1618.2399999999998	1.674748773698654e-7
1618.245	1.621243065018542e-7
1618.25	1.5491351301034684e-7
1618.2549999999999	1.456047828947015e-7
1618.26	1.3715582489759728e-7
1618.2649999999999	1.310529674287074e-7
1618.2699999999998	1.273000529755456e-7
1618.2749999999999	1.252660255503533e-7
1618.28	1.2400037079844697e-7
1618.285	1.2410259860646099e-7
1618.29	1.2656459911203122e-7
1618.2949999999998	1.303815455515196e-7
1618.3	1.3618795120019826e-7
1618.305	1.4258480702584908e-7
1618.31	1.4975221401422053e-7
1618.315	1.5624773902448544e-7
1618.32	1.6093710994630738e-7
1618.3249999999998	1.6273156290336625e-7
1618.33	1.6052936140534188e-7
1618.335	1.5679123573471264e-7
1618.34	1.5178735091043988e-7
1618.345	1.45807795651162e-7
1618.35	1.4025143758400267e-7
1618.3549999999998	1.354460605289694e-7
1618.36	1.3148326662495335e-7
1618.365	1.2846605619730338e-7
1618.37	1.262246848352535e-7
1618.375	1.242206603027088e-7
1618.3799999999999	1.2211149935329438e-7
1618.3849999999998	1.2089264801036934e-7
1618.3899999999999	1.2058596615142368e-7
1618.395	1.2166542682821744e-7
1618.4	1.2432735560485227e-7
1618.405	1.2897774025958028e-7
1618.4099999999999	1.3402352109835894e-7
1618.415	1.408395504019466e-7
1618.4199999999998	1.4860643074449543e-7
1618.425	1.5592639951023865e-7
1618.43	1.6339508199123593e-7
1618.435	1.6712596214964299e-7
1618.4399999999998	1.6828117854382036e-7
1618.445	1.6598613428900258e-7
1618.45	1.6049318059865456e-7
1618.455	1.531680961936772e-7
1618.46	1.4481399782488878e-7
1618.465	1.3740504941130099e-7
1618.4699999999998	1.31611951163281e-7
1618.475	1.2925980093938116e-7
1618.48	1.295512448520775e-7
1618.4850000000001	1.313181517807699e-7
1618.49	1.3339902887580706e-7
1618.495	1.3558825091556786e-7
1618.4999999999998	1.3858319797924274e-7
1618.5049999999999	1.417133755778225e-7
1618.51	1.466453026302069e-7
1618.515	1.5106182004756118e-7
1618.52	1.559789508677289e-7
1618.5249999999999	1.6088231180533014e-7
1618.53	1.6463678526587592e-7
1618.5349999999999	1.6790227550470898e-7
1618.54	1.7040085391133806e-7
1618.545	1.6994278004356497e-7
1618.55	1.6640979301907053e-7
1618.5549999999998	1.579807842378788e-7
1618.56	1.4907725441340335e-7
1618.5649999999998	1.4058055252478363e-7
1618.57	1.3317044632991404e-7
1618.575	1.2718082747531313e-7
1618.58	1.2311186106387324e-7
1618.5849999999998	1.213663288204413e-7
1618.59	1.2061359857677925e-7
1618.595	1.2332425542952024e-7
1618.6000000000001	1.2874350103683883e-7
1618.605	1.3415756476960602e-7
1618.61	1.4043108583893932e-7
1618.6149999999998	1.4846584159371735e-7
1618.62	1.5682376879419065e-7
1618.625	1.5991274352668647e-7
1618.63	1.5827394906643285e-7
1618.635	1.5309596379660887e-7
1618.6399999999999	1.4618639418805617e-7
1618.645	1.38916628397804e-7
1618.6499999999999	1.3221676069466242e-7
1618.655	1.2698804067374063e-7
1618.66	1.229983144104368e-7
1618.665	1.2036739188934245e-7
1618.6699999999998	1.1855075193964266e-7
1618.675	1.1681291514330449e-7
1618.6799999999998	1.1695667398325891e-7
1618.685	1.1825519731021001e-7
1618.69	1.2030491341330448e-7
1618.695	1.228728505170811e-7
1618.6999999999998	1.2598269199211427e-7
1618.705	1.3026962935629527e-7
1618.7099999999998	1.3534896826984706e-7
1618.7150000000001	1.4125360521690857e-7
1618.72	1.4622064830321664e-7
1618.725	1.5246794232661335e-7
1618.73	1.5582448739506355e-7
1618.735	1.5791146601702892e-7
1618.74	1.575961951877002e-7
1618.7450000000001	1.5456067964385656e-7
1618.75	1.4957934071376757e-7
1618.7549999999999	1.4143120786574915e-7
1618.76	1.341576752697415e-7
1618.7649999999999	1.284240220505092e-7
1618.77	1.2276780016030463e-7
1618.775	1.1816474154260551e-7
1618.78	1.1662383508990013e-7
1618.7849999999999	1.1892276431567355e-7
1618.79	1.2202565521629185e-7
1618.7949999999998	1.2557113284697276e-7
1618.8	1.303443166185075e-7
1618.805	1.3669711706661512e-7
1618.81	1.4336181781324081e-7
1618.8149999999998	1.4894432659901517e-7
1618.82	1.5304898055622985e-7
1618.8249999999998	1.560978111845675e-7
1618.8300000000002	1.570929810300535e-7
1618.835	1.5639735961259808e-7
1618.84	1.5385961922525454e-7
1618.845	1.493233619801862e-7
1618.85	1.435272716755485e-7
1618.8549999999998	1.386707214667756e-7
1618.8600000000001	1.321589363117257e-7
1618.865	1.2816471254566254e-7
1618.87	1.2391448492444423e-7
1618.875	1.1962410288408655e-7
1618.8799999999999	1.1459896990552985e-7
1618.8849999999998	1.1122914777915682e-7
1618.89	1.1015623930295834e-7
1618.895	1.1086229440037291e-7
1618.8999999999999	1.1259096570182251e-7
1618.905	1.1649173610804236e-7
1618.9099999999999	1.2192427100293876e-7
1618.915	1.2824328196387773e-7
1618.92	1.3379628711404766e-7
1618.925	1.3797701514522268e-7
1618.9299999999998	1.4023530900322894e-7
1618.935	1.3939987672365918e-7
1618.9399999999998	1.3456217308603274e-7
1618.945	1.2721207629181976e-7
1618.95	1.1949628356966226e-7
1618.955	1.127827343382863e-7
1618.96	1.0831052935658931e-7
1618.965	1.0518086750900796e-7
1618.9699999999998	1.0298039297109932e-7
1618.9750000000001	1.01654282422851e-7
1618.98	1.0125383326311839e-7
1618.985	1.0230796209771874e-7
1618.99	1.0399794100690857e-7
1618.995	1.0685437805962929e-7
1618.9999999999998	1.115259738396442e-7
1619.005	1.1554380770559051e-7
1619.01	1.204879121255088e-7
1619.0149999999999	1.2597966875842132e-7
1619.02	1.3152283431956344e-7
1619.0249999999999	1.3722912952587337e-7
1619.0299999999997	1.412276374127689e-7
1619.035	1.4300504940315356e-7
1619.04	1.4287094182365e-7
1619.0449999999998	1.4090074532934804e-7
1619.05	1.3705305590260275e-7
1619.0549999999998	1.3346096745351551e-7
1619.06	1.2948630772993705e-7
1619.065	1.2561658855815595e-7
1619.07	1.2191956510293658e-7
1619.075	1.1693338037057765e-7
1619.08	1.1335587747583206e-7
1619.0849999999998	1.1050165289337004e-7
1619.09	1.1035057586192731e-7
1619.095	1.112026494605031e-7
1619.1	1.1445951058586518e-7
1619.105	1.2109929157198403e-7
1619.11	1.29252382106746e-7
1619.1149999999998	1.3755249931760244e-7
1619.1200000000001	1.467452764013949e-7
1619.125	1.566759752367383e-7
1619.1299999999999	1.635600481608609e-7
1619.135	1.6604335542762897e-7
1619.1399999999999	1.6537211268262392e-7
1619.1449999999998	1.624079766844588e-7
1619.15	1.5808034125974026e-7
1619.155	1.5290586489458296e-7
1619.1599999999999	1.4689433220086873e-7
1619.165	1.4126948043590744e-7
1619.1699999999998	1.3759759858975387e-7
1619.175	1.3407974763492036e-7
1619.18	1.3257449023343207e-7
1619.185	1.3104759370868703e-7
1619.19	1.2996623477724436e-7
1619.195	1.2970398536742283e-7
1619.1999999999998	1.3138967343852393e-7
1619.205	1.359455111864289e-7
1619.21	1.418286138921716e-7
1619.215	1.4995094202395898e-7
1619.22	1.6122936912147507e-7
1619.225	1.7141286826466487e-7
1619.2299999999998	1.7951136272775196e-7
1619.235	1.8321894362073208e-7
1619.24	1.8049426482879064e-7
1619.245	1.7288831819416284e-7
1619.25	1.6193403137439497e-7
1619.2549999999999	1.5181949478247438e-7
1619.2599999999998	1.4415221327017157e-7
1619.265	1.3861441765458937e-7
1619.27	1.3452450540662992e-7
1619.2749999999999	1.315919509543131e-7
1619.28	1.313980387366437e-7
1619.2849999999999	1.339186267457475e-7
1619.29	1.3831630788487092e-7
1619.295	1.4418521324635585e-7
1619.3	1.51134952792272e-7
1619.305	1.5794823397701664e-7
1619.31	1.6410013927298924e-7
1619.3149999999998	1.691147623331352e-7
1619.32	1.715350695156453e-7
1619.325	1.7251828923286815e-7
1619.33	1.716632419042751e-7
1619.335	1.6849837524501517e-7
1619.34	1.6445974226110214e-7
1619.3449999999998	1.5936810393275798e-7
1619.35	1.5391285703266865e-7
1619.355	1.4823984829980722e-7
1619.36	1.4232918731553364e-7
1619.365	1.3759659646306826e-7
1619.37	1.335927205105721e-7
1619.3749999999998	1.3101387112145975e-7
1619.3799999999999	1.2852812897169916e-7
1619.385	1.271109583276818e-7
1619.3899999999999	1.2578547168611413e-7
1619.395	1.2594497197807245e-7
1619.3999999999999	1.2816302910395678e-7
1619.405	1.318825712328673e-7
1619.4099999999999	1.3717204398303245e-7
1619.415	1.4342406321263173e-7
1619.42	1.5146070221801743e-7
1619.425	1.5868978953366112e-7
1619.4299999999998	1.6295398043373375e-7
1619.435	1.6246864329664978e-7
1619.44	1.58482532902501e-7
1619.445	1.5199589206320744e-7
1619.45	1.4446267026049737e-7
1619.455	1.3712644801384909e-7
1619.4599999999998	1.3047074193430232e-7
1619.465	1.2552560622742057e-7
1619.47	1.2309234571477784e-7
1619.475	1.2181560293811323e-7
1619.48	1.2181560293811323e-7
1619.485	1.214310383863312e-7
1619.4899999999998	1.215741319701719e-7
1619.495	1.2277047029034864e-7
1619.5	1.2503475870196554e-7
1619.5049999999999	1.2788935029375406e-7
1619.51	1.3127365136281965e-7
1619.5149999999999	1.351056127386867e-7
1619.52	1.39898408119263e-7
1619.5249999999999	1.4479769531359984e-7
1619.53	1.5116724102621333e-7
1619.535	1.5645476890074425e-7
1619.54	1.5804250300128149e-7
1619.5449999999998	1.54867521290481e-7
1619.55	1.4906846364584966e-7
1619.5549999999998	1.4298728819105325e-7
1619.56	1.3473865260614258e-7
1619.565	1.263399590739506e-7
1619.57	1.1933618460870343e-7
1619.5749999999998	1.1455998621836446e-7
1619.58	1.1239241635551649e-7
1619.585	1.1240309304117725e-7
1619.59	1.1397072217828232e-7
1619.595	1.1666563431179057e-7
1619.6	1.2004980523446282e-7
1619.605	1.256385283694636e-7
1619.61	1.3188526504951715e-7
1619.615	1.3879938591759004e-7
1619.62	1.4478983832934296e-7
1619.625	1.4861368371186269e-7
1619.6299999999999	1.4918229835576208e-7
1619.635	1.4367775827125372e-7
1619.6399999999999	1.3756902790107018e-7
1619.645	1.309831044580393e-7
1619.65	1.2412122535079425e-7
1619.655	1.1918283137847082e-7
1619.6599999999999	1.1481973057725373e-7
1619.665	1.111597645703561e-7
1619.6699999999998	1.0823351810338781e-7
1619.675	1.0586968069144827e-7
1619.68	1.0455016788645942e-7
1619.685	1.0349129949514081e-7
1619.6899999999998	1.036155124582859e-7
1619.695	1.0402747184969223e-7
1619.6999999999998	1.0643267162061303e-7
1619.705	1.0908812341204926e-7
1619.71	1.1250545155411193e-7
1619.715	1.1827206386454151e-7
1619.72	1.247991979919842e-7
1619.725	1.334408316788123e-7
1619.73	1.4203696762052038e-7
1619.735	1.475275290611215e-7
1619.74	1.4810841326990536e-7
1619.745	1.4426335463776532e-7
1619.75	1.3577479643619662e-7
1619.7549999999999	1.2656069676433302e-7
1619.76	1.1893774462336478e-7
1619.765	1.1330113751880446e-7
1619.77	1.0823566969217107e-7
1619.7749999999999	1.0475905471326855e-7
1619.78	1.0375353043890029e-7
1619.7849999999999	1.0476584690613796e-7
1619.79	1.0697896394343119e-7
1619.795	1.0936833231672571e-7
1619.8	1.1245277383121378e-7
1619.8049999999998	1.1598978291625224e-7
1619.81	1.203594627525374e-7
1619.8149999999998	1.2456948312140165e-7
1619.82	1.292275617619135e-7
1619.825	1.3388937122720948e-7
1619.83	1.3875232555430046e-7
1619.835	1.4344577044634802e-7
1619.84	1.4598070271025795e-7
1619.8449999999998	1.431284234745137e-7
1619.8500000000001	1.3637059558490498e-7
1619.855	1.2788695474833183e-7
1619.86	1.1952573219778978e-7
1619.865	1.1166794755428708e-7
1619.87	1.0678251113071955e-7
1619.8749999999998	1.0416567817462973e-7
1619.88	1.0225217000478664e-7
1619.885	1.0070922272081443e-7
1619.8899999999999	1.0070922229488137e-7
1619.895	1.0392871895117589e-7
1619.8999999999999	1.0929485077762627e-7
1619.905	1.1503142415429524e-7
1619.91	1.2108001859699873e-7
1619.915	1.2790659448400004e-7
1619.9199999999998	1.3354340575924802e-7
1619.925	1.361149765880797e-7
1619.9299999999998	1.3586392514208535e-7
1619.935	1.334961048189236e-7
1619.94	1.2868120488729786e-7
1619.945	1.225761696824455e-7
1619.95	1.1682346172775852e-7
1619.955	1.1204422960067077e-7
1619.9599999999998	1.091052624358343e-7
1619.9650000000001	1.071556603531451e-7
1619.97	1.0594480985788288e-7
1619.975	1.0556152280499759e-7
1619.98	1.0553852547445791e-7
1619.985	1.0593745239532917e-7
1619.9899999999998	1.0681796550580451e-7
1619.9950000000001	1.0819401349926851e-7
1620	1.1087721727387987e-7