1525	0.00008480158053488671
1525.0049999999999	0.0000852835208138016
1525.01	0.00008502236084530523
1525.015	0.00008537322897813623
1525.02	0.00008662207379384877
1525.025	0.00008671105248292628
1525.03	0.00008456786229074722
1525.0349999999999	0.00008256121138818064
1525.04	0.00008298335295078266
1525.045	0.00008532953183396721
1525.05	0.00008769950496062354
1525.055	0.00008857373338989565
1525.06	0.00008888820297278118
1525.065	0.00008889449236448846
1525.07	0.00008893818583735251
1525.075	0.00008890911703930258
1525.0800000000002	0.00008881026895746243
1525.085	0.00008868334225556669
1525.09	0.0000887224444643843
1525.095	0.00008883591966720342
1525.1	0.00008821026435644403
1525.105	0.00008319154949497766
1525.1100000000001	0.0000760541988733585
1525.115	0.00007543896162738532
1525.12	0.00008494250622516454
1525.125	0.00008433756610409611
1525.13	0.00008411605570656973
1525.135	0.0000873977398046336
1525.14	0.00008450943244389836
1525.145	0.00008376306742454727
1525.1499999999999	0.00008481125347319309
1525.155	0.00008414171004210124
1525.16	0.00008340063312639722
1525.165	0.00008483444149145048
1525.17	0.00008725386630479056
1525.175	0.00008877574873606924
1525.18	0.00008907897426963647
1525.185	0.00008820248435168222
1525.19	0.00008606941215390986
1525.1950000000002	0.00008475747619846495
1525.2	0.00008555874730133707
1525.205	0.00008762262938136329
1525.21	0.00008870094536909472
1525.215	0.00008803558689424477
1525.22	0.00008798935947388715
1525.2250000000001	0.00008778410972761618
1525.23	0.00008625149213006833
1525.235	0.00008423986447265967
1525.24	0.0000831816395763698
1525.245	0.0000841196335368621
1525.25	0.00008656246354623075
1525.255	0.00008879032423397166
1525.26	0.00008902086068594058
1525.2649999999999	0.00008815077723960887
1525.27	0.0000872434527422459
1525.275	0.00008707500846992282
1525.28	0.0000877249873075598
1525.285	0.00008794043424194044
1525.29	0.00008711002010464623
1525.295	0.00008697318100657313
1525.3	0.00008869026678229033
1525.305	0.00008888795145657494
1525.3100000000002	0.00008762795810636605
1525.315	0.00008859658070426403
1525.32	0.0000887574493573354
1525.325	0.00008767647419363654
1525.33	0.00008733707616803392
1525.335	0.00008490744136174609
1525.3400000000001	0.00007993554384252214
1525.345	0.00007698451815060639
1525.35	0.00007848106307285837
1525.355	0.00008298599923842946
1525.36	0.00008634249141334176
1525.365	0.0000875545813882309
1525.3700000000001	0.00008752875254287032
1525.375	0.00008675154499170114
1525.3799999999999	0.00008568521827253613
1525.385	0.00008532358010010991
1525.3899999999999	0.00008571999205831878
1525.3950000000002	0.000084704207571485
1525.4	0.00008195920964097153
1525.405	0.00008072425473879963
1525.41	0.00008174982134842225
1525.415	0.00008378591519156367
1525.4199999999998	0.00008431709409686897
1525.4250000000002	0.00008279930447203269
1525.43	0.00007996282135210305
1525.435	0.0000772079306292006
1525.44	0.00007618577493309582
1525.445	0.00007751759617282112
1525.45	0.00008017562104478889
1525.4550000000002	0.00008345469832233113
1525.46	0.00008437515636230488
1525.465	0.0000825401282237906
1525.47	0.00008204434561720866
1525.475	0.00008492636631548629
1525.48	0.00008636823357887819
1525.4850000000001	0.0000865733600227798
1525.49	0.00008458033158323277
1525.495	0.00008188633476904497
1525.5	0.00008428613893030759
1525.5049999999999	0.00008589158616389434
1525.5100000000002	0.0000854125537445505
1525.515	0.00008554540649285474
1525.52	0.00008530982299208372
1525.525	0.00008303013576402415
1525.53	0.00008090712607815638
1525.5349999999999	0.00008200468513695674
1525.5400000000002	0.00008465208369682341
1525.545	0.00008471372360780763
1525.55	0.00008334388646277292
1525.555	0.00008251453415321668
1525.56	0.00008322383145894754
1525.5649999999998	0.00008472489633007544
1525.5700000000002	0.00008523992313996662
1525.575	0.00008434196194359353
1525.58	0.0000826488661341139
1525.585	0.0000809082587303251
1525.59	0.00007986791024450205
1525.595	0.00007995697857022762
1525.6000000000001	0.00008059318090472208
1525.605	0.00007990365265999824
1525.61	0.00007826283917772638
1525.615	0.00007690968777920733
1525.62	0.00007683372314001022
1525.625	0.00007817077321446078
1525.63	0.00007995727563210225
1525.635	0.00008132314899373008
1525.64	0.00008061492375346457
1525.645	0.0000784915804026138
1525.6499999999999	0.00007776366490794113
1525.6550000000002	0.00007904771303611967
1525.66	0.00008045240174414145
1525.665	0.00008003518936225589
1525.67	0.00008047975410014275
1525.675	0.00008038178930899111
1525.6799999999998	0.0000775041216294271
1525.6850000000002	0.00007709379715028002
1525.69	0.0000784525711234732
1525.695	0.00007664540644108929
1525.7	0.00007311695997036611
1525.705	0.0000730322151819102
1525.7099999999998	0.00007601918826582222
1525.7150000000001	0.00007841457688452771
1525.72	0.00007920444391643415
1525.725	0.00007976100151979026
1525.73	0.00008055554815685792
1525.735	0.00007992257580044285
1525.74	0.00007866295260278493
1525.7450000000001	0.00007867347106551381
1525.75	0.00007972665736853224
1525.755	0.00007980235871812434
1525.76	0.00007905724102498091
1525.7649999999999	0.00007912313209384715
1525.77	0.00008017004913882082
1525.775	0.00008141049699817538
1525.78	0.00008186983905081727
1525.785	0.00008139836152901645
1525.79	0.00008076334555849031
1525.7949999999998	0.00008064211921335248
1525.8000000000002	0.00008128209189990115
1525.805	0.00008219754090353947
1525.81	0.00008282184843700075
1525.815	0.00008291548874764365
1525.82	0.00008275908840021469
1525.8249999999998	0.00008296017767796759
1525.8300000000002	0.00008230803316229885
1525.835	0.00007962081787513905
1525.84	0.00008066778374366093
1525.845	0.00008411514303272399
1525.85	0.00008560651136972247
1525.855	0.00008546706886043369
1525.8600000000001	0.00008404729975502963
1525.865	0.00008336377970241263
1525.8700000000001	0.00008434115646700572
1525.875	0.00008551490086649415
1525.8799999999999	0.00008574026939904226
1525.885	0.00008562161483721681
1525.89	0.00008596061173825586
1525.895	0.00008595199023124583
1525.9	0.00008595682738810577
1525.905	0.00008615537339005286
1525.9099999999999	0.00008650161790554112
1525.915	0.00008682451669105417
1525.92	0.00008668035884697236
1525.925	0.0000868651458094558
1525.93	0.00008640717389085015
1525.935	0.0000847198855972918
1525.9399999999998	0.00008269690813064885
1525.945	0.00008214597342909294
1525.95	0.00008387176785135675
1525.9550000000002	0.00008488667761558403
1525.96	0.00008323101743790376
1525.965	0.0000803233897165508
1525.97	0.00007797685063474579
1525.9750000000001	0.00007752090459236002
1525.98	0.00007926593622614218
1525.9850000000001	0.00008214402141923788
1525.99	0.00008359820146499247
1525.995	0.00008406124199391995
1526	0.00008412201714236295
1526.005	0.00008507702488522188
1526.01	0.00008644313492877758
1526.015	0.00008680736070177579
1526.02	0.00008669474336825779
1526.0249999999999	0.00008671380055590429
1526.03	0.00008393731260602641
1526.035	0.00008038943439605902
1526.04	0.0000809677740617554
1526.045	0.00008370507566062785
1526.05	0.0000838801398572438
1526.0549999999998	0.00008261425468838513
1526.06	0.00008329663764042333
1526.065	0.00008500347058428577
1526.0700000000002	0.00008528385409031905
1526.075	0.00008456078045156048
1526.08	0.00008470392451448928
1526.085	0.00008512562932369725
1526.09	0.000083338292417731
1526.095	0.00007976906536841603
1526.1000000000001	0.00007841692421846953
1526.105	0.00008076232886447014
1526.11	0.0000841921074370039
1526.115	0.00008519019000243981
1526.1200000000001	0.00008518397225929101
1526.125	0.00008530529740026366
1526.13	0.00008451167523767815
1526.135	0.00008276740988767918
1526.1399999999999	0.00008188211244674789
1526.145	0.0000827141475885956
1526.15	0.00008363868808379836
1526.155	0.00008355514253865974
1526.16	0.00008188128239192547
1526.165	0.00008006416123604518
1526.1699999999998	0.00007960833380914477
1526.175	0.0000810552723726536
1526.18	0.00008344191918061423
1526.1850000000002	0.00008387943325431765
1526.19	0.00008195921076540217
1526.195	0.00008205056655242008
1526.2	0.00008375856769708225
1526.205	0.0000818698463364556
1526.21	0.00008288095232193327
1526.2150000000001	0.00008365292672049015
1526.22	0.00008167103522884858
1526.225	0.00008304760747727772
1526.23	0.00008429695780014949
1526.235	0.00008174114337339492
1526.24	0.0000806365091379956
1526.2450000000001	0.00008268328726452736
1526.25	0.00008559193730931996
1526.2549999999999	0.00008659128797849246
1526.26	0.00008699979662078092
1526.265	0.00008755201920872168
1526.27	0.00008723090490984484
1526.275	0.00008595094758888175
1526.28	0.00008501828830896762
1526.2849999999999	0.00008580383357136171
1526.29	0.00008750841185546774
1526.295	0.00008758965122948175
1526.3000000000002	0.00008752345348974978
1526.305	0.00008834038141474328
1526.31	0.00008829812709856143
1526.315	0.0000871316169710189
1526.32	0.00008613272088770322
1526.325	0.00008640993785167217
1526.3300000000002	0.00008742784082294954
1526.335	0.00008764985837992343
1526.34	0.00008634099400729336
1526.345	0.00008458547434117126
1526.35	0.00008410967103458408
1526.355	0.0000854281973214365
1526.3600000000001	0.00008783955949650036
1526.365	0.00008950491335351371
1526.37	0.00008951794239937409
1526.375	0.00008892262431515894
1526.3799999999999	0.00008920557298854108
1526.385	0.00009019057664757595
1526.39	0.00009071807984808635
1526.395	0.00009082735877633041
1526.3999999999999	0.00008974531084246183
1526.405	0.00008799221161982168
1526.4099999999999	0.00008794859886267899
1526.4150000000002	0.00008927823675750732
1526.42	0.00008927823677197846
1526.425	0.00008711884235749703
1526.43	0.00008643743841131075
1526.435	0.000088570337525589
1526.44	0.00009097341870786302
1526.4450000000002	0.00009097170047612675
1526.45	0.0000892919297081234
1526.455	0.00008980058302765357
1526.46	0.00009176946660274748
1526.465	0.00009213078066840808
1526.47	0.00009124806232085347
1526.4750000000001	0.0000923347908129285
1526.48	0.00009425543472341324
1526.485	0.00009466724674541091
1526.49	0.0000946503884889013
1526.495	0.00009476151952300479
1526.5	0.00009380279807860554
1526.505	0.00009110693727434305
1526.51	0.00008763839883897449
1526.515	0.00008508398738160269
1526.52	0.00008474530477017858
1526.5249999999999	0.00008677132955414397
1526.5300000000002	0.00008994908303474419
1526.535	0.00009269163558282709
1526.54	0.0000933871760196201
1526.545	0.00009190515646254036
1526.55	0.00009105729016815019
1526.5549999999998	0.00009229158977121512
1526.5600000000002	0.00009161574417915632
1526.565	0.00009060695285377831
1526.57	0.00009335083804333413
1526.575	0.00009027975468920431
1526.58	0.00008782339603286307
1526.585	0.00009189170038246034
1526.5900000000001	0.00009427712344526966
1526.595	0.00009353636028160931
1526.6	0.00009482812579644334
1526.605	0.00009635705161273001
1526.61	0.00009639015317845732
1526.615	0.00009629066490616782
1526.6200000000001	0.000096992872772617
1526.625	0.00009747208870327421
1526.63	0.00009746619666903084
1526.635	0.00009617179863104277
1526.6399999999999	0.00009310730245422042
1526.6450000000002	0.00008920713854472834
1526.65	0.00008776687627295682
1526.655	0.00009175075903781096
1526.66	0.00009490584211494857
1526.665	0.00009461281419369662
1526.6699999999998	0.00009339139312088447
1526.6750000000002	0.0000934837407740947
1526.68	0.00009515648587157646
1526.685	0.00009378611988798292
1526.69	0.00008975003327230912
1526.695	0.00008698192542565057
1526.6999999999998	0.00008732366218416712
1526.7050000000002	0.00009051530611917528
1526.71	0.00009425368114522859
1526.715	0.00009528492148404364
1526.72	0.00009306716918124339
1526.725	0.00009041381089661113
1526.73	0.0000904853125856167
1526.7350000000001	0.00009290550659324446
1526.74	0.00009517237937503489
1526.7450000000001	0.0000941316975584717
1526.75	0.00009317229180410232
1526.7549999999999	0.00009387447080559394
1526.76	0.00009100813115698307
1526.765	0.00008746230161219489
1526.77	0.00008962442826019843
1526.775	0.00009260226849566723
1526.78	0.00009001064045581372
1526.7849999999999	0.00008647250433549244
1526.7900000000002	0.00008746524979874114
1526.795	0.00009006192632418167
1526.8	0.00008980715648464983
1526.805	0.0000882284870022928
1526.81	0.00008897277321280325
1526.8149999999998	0.00009145875227892227
1526.8200000000002	0.00009210508375566924
1526.825	0.00009071136661593346
1526.83	0.00008795539461477191
1526.835	0.00008300609356955519
1526.84	0.00007776834900810413
1526.8449999999998	0.00007731321442245025
1526.8500000000001	0.0000817460483036117
1526.855	0.00008712492123567138
1526.8600000000001	0.00008863612442421926
1526.865	0.00008743175810718538
1526.87	0.00008597478022621025
1526.875	0.00008551238819867766
1526.88	0.00008627524376264013
1526.885	0.00008777605917564631
1526.89	0.00008911108392284486
1526.895	0.00008959353505348148
1526.8999999999999	0.00008948553392541998
1526.905	0.00008937398619571416
1526.91	0.00008925589840869989
1526.915	0.00008752410780610145
1526.92	0.00008490849157472554
1526.925	0.00008642781659890775
1526.9299999999998	0.00008832045964601988
1526.9350000000002	0.00008723563789957397
1526.94	0.00008771430790869125
1526.945	0.0000860077634697934
1526.95	0.00008499914421637089
1526.955	0.00008673358898424046
1526.9599999999998	0.00008666726875710182
1526.9650000000001	0.00008563156061985124
1526.97	0.00008629257723570325
1526.9750000000001	0.00008795671601195419
1526.98	0.00008831833038424332
1526.985	0.0000878265606013032
1526.99	0.00008805378012509818
1526.9950000000001	0.00008651233670003413
1527	0.00008363425817514175
1527.005	0.00008208433573336466
1527.01	0.00008326707113983591
1527.0149999999999	0.00008604517852690269
1527.02	0.00008615121019396314
1527.025	0.00008620080431353307
1527.03	0.00008737158203932513
1527.035	0.00008740793177153003
1527.04	0.00008521734268731377
1527.0449999999998	0.00008156300101585373
1527.05	0.00007956702394335689
1527.055	0.00008037286169617254
1527.06	0.00008254311007102528
1527.065	0.00008503063265162091
1527.07	0.00008697439931146395
1527.075	0.00008800434058994968
1527.08	0.00008924970328523297
1527.085	0.00009040340558253893
1527.0900000000001	0.00009073034743598671
1527.095	0.00008967114863199765
1527.1	0.00008848218422642609
1527.105	0.00008943191592262609
1527.1100000000001	0.00009145296247220449
1527.115	0.0000915892638459953
1527.1200000000001	0.0000909411101031863
1527.125	0.00008960180173019503
1527.1299999999999	0.00008490402254981564
1527.135	0.00008091678971574048
1527.14	0.00008231670652748444
1527.145	0.00008842610242055427
1527.15	0.0000919790025259039
1527.155	0.00009254558903524512
1527.1599999999999	0.00009278165953926899
1527.165	0.00009322818697860276
1527.17	0.00009155674875689
1527.175	0.00008995939397501683
1527.18	0.00009096345259885878
1527.185	0.00009256767952005807
1527.19	0.00009222463016894875
1527.195	0.00009097685904626291
1527.2	0.00009133056635836782
1527.2050000000002	0.00009287518816703375
1527.21	0.00009368584197001347
1527.215	0.00009338811505999236
1527.22	0.00009302050279382085
1527.225	0.0000933715457099478
1527.23	0.00009419193601113399
1527.2350000000001	0.00009436270976070914
1527.24	0.0000934406636239827
1527.245	0.00009195673893274974
1527.25	0.00009115273682563539
1527.255	0.00009114082697112778
1527.26	0.00009221141556381517
1527.265	0.00009356964243004746
1527.27	0.0000944641506048651
1527.2749999999999	0.00009434121603096126
1527.28	0.00009333727132544985
1527.285	0.00009114921601706686
1527.29	0.00009038455556654
1527.295	0.00009165689213795823
1527.3	0.00008996694838418623
1527.305	0.00008993770461198787
1527.31	0.00009045849784518929
1527.315	0.00008642197350616596
1527.3200000000002	0.00008342491160230728
1527.325	0.00008501475017291868
1527.33	0.00008799328722379662
1527.335	0.00008851326684193544
1527.34	0.00008752709151452078
1527.345	0.00008823677069899411
1527.3500000000001	0.00008955892151371729
1527.355	0.00009018507879042722
1527.36	0.00009013953515911688
1527.365	0.00009081321657305897
1527.37	0.00009190724461364255
1527.375	0.00009116830265009562
1527.38	0.00009046559090044638
1527.385	0.0000912520652006906
1527.3899999999999	0.00009252523054725681
1527.395	0.00009287339520292493
1527.4	0.000092322546021611
1527.405	0.00009250117911910778
1527.41	0.00009371300835792648
1527.415	0.00009438132850002815
1527.42	0.0000938478210155644
1527.425	0.00009301893011077553
1527.43	0.00009283281299544445
1527.4350000000002	0.0000938774755774713
1527.44	0.00009587697353015673
1527.445	0.00009734577313951753
1527.45	0.00009730083053451443
1527.455	0.00009669783004731746
1527.46	0.00009727759201775052
1527.4650000000001	0.00009792883952570395
1527.47	0.00009579692095037266
1527.475	0.00009451969987188567
1527.48	0.0000977327343365275
1527.485	0.00009821533693035389
1527.49	0.00009308098284548116
1527.4950000000001	0.00009325280084744382
1527.5	0.0000980057767214543
1527.5049999999999	0.00010013320252510358
1527.51	0.00009733458427256083
1527.5149999999999	0.00009582807195233158
1527.52	0.00009842829051701335
1527.525	0.00010257178777701412
1527.53	0.00010433903548512033
1527.535	0.00010415923829406782
1527.54	0.00010439196337718302
1527.5449999999998	0.00010304242937224698
1527.5500000000002	0.00010082531915720956
1527.555	0.00010182855018825569
1527.56	0.0001056564908163552
1527.565	0.00010671668945531581
1527.57	0.00010551465731196046
1527.575	0.0001054225947461709
1527.5800000000002	0.00010659810180407956
1527.585	0.00010724409394157375
1527.59	0.00010665967016797569
1527.595	0.00010550205584256542
1527.6	0.00010489937482748761
1527.605	0.00010567281916628476
1527.6100000000001	0.00010732587455097174
1527.615	0.0001081049239830736
1527.62	0.00010694042277670074
1527.625	0.00010404020192231702
1527.6299999999999	0.00010227458161311447
1527.6350000000002	0.00010442076819458193
1527.64	0.00010999335941836791
1527.645	0.0001123303971486474
1527.65	0.00011287787097479445
1527.655	0.00011061190746031348
1527.6599999999999	0.00011054911867185078
1527.6650000000002	0.00011254525078531
1527.67	0.00011084302089468618
1527.675	0.00011087783398820853
1527.68	0.00011235651043360793
1527.685	0.00010994582479753448
1527.6899999999998	0.0001065847694378509
1527.6950000000002	0.00010870572023029539
1527.7	0.00011208909249197539
1527.705	0.00010773788231585729
1527.71	0.00010271326207256286
1527.715	0.00010318618128061733
1527.72	0.00010785954517348604
1527.7250000000001	0.00011089193772718699
1527.73	0.00010826678482293282
1527.735	0.00010659850475478059
1527.74	0.00010905503875163714
1527.745	0.0001105404022304171
1527.75	0.00011048526617412096
1527.755	0.00011029925444846053
1527.76	0.00011173648347952305
1527.765	0.00011340273943380003
1527.77	0.00011263320097049623
1527.7749999999999	0.0001115534854152083
1527.7800000000002	0.0001112409750428488
1527.785	0.00011166188801681648
1527.79	0.0001119537004443947
1527.795	0.00010959064206119025
1527.8	0.00010514590252832346
1527.8049999999998	0.00010131720854554065
1527.8100000000002	0.00010087392582985882
1527.815	0.00010391075061051786
1527.82	0.00010614329948774297
1527.825	0.00010214720063354124
1527.83	0.0000969916000419542
1527.8349999999998	0.00009964919739429689
1527.8400000000001	0.00010599263936218216
1527.845	0.00010364306293484447
1527.85	0.00010086181612489298
1527.855	0.0001044121979145929
1527.86	0.00010672719120239618
1527.865	0.00010411804684224835
1527.8700000000001	0.00010370216789551968
1527.875	0.00010605112307101397
1527.88	0.00010396577146474786
1527.885	0.0000986844040923032
1527.8899999999999	0.00009698108239818074
1527.895	0.00010057594640164856
1527.9	0.0001017936251271115
1527.905	0.00009819653800277415
1527.91	0.0000963319939326244
1527.915	0.00009865987518913127
1527.9199999999998	0.00009906082671989286
1527.9250000000002	0.00009538150281531463
1527.93	0.00009289491741125662
1527.935	0.00009451135133068402
1527.94	0.00009814635072916014
1527.945	0.0001005499340169815
1527.9499999999998	0.00010058435631692949
1527.9550000000002	0.00009965620605783634
1527.96	0.00009913165624604685
1527.965	0.0000995962963477848
1527.97	0.00010041764353143736
1527.975	0.00010008426552457346
1527.98	0.00009866464567904584
1527.9850000000001	0.00009703211351027736
1527.99	0.00009715336380914799
1527.9950000000001	0.00009883713208357448
1528	0.00009924426801902195
1528.0049999999999	0.0000987422326371259
1528.01	0.00009889387224443888
1528.015	0.00009693742764199309
1528.02	0.00009819932438931214
1528.025	0.0000975805827644191
1528.03	0.00009535630049647365
1528.0349999999999	0.00009492196376895469
1528.04	0.00009330671480091291
1528.045	0.00009125776135925389
1528.05	0.00009161380202794527
1528.055	0.00009362243341743068
1528.06	0.00009476222501479758
1528.0649999999998	0.00009482385989152563
1528.0700000000002	0.00009589324551322822
1528.075	0.00009748037021917332
1528.08	0.00009709762970293678
1528.085	0.00009626601611387228
1528.09	0.00009663320234875424
1528.095	0.00009746050831290872
1528.1000000000001	0.00009661957365407268
1528.105	0.00009408988350937474
1528.1100000000001	0.00009411957432485917
1528.115	0.00009609909155642736
1528.12	0.00009734908962471803
1528.125	0.00009723588301240826
1528.13	0.0000965148470548836
1528.135	0.00009654415365792948
1528.14	0.00009688933868185464
1528.145	0.00009574888649621386
1528.1499999999999	0.00009334336463328903
1528.155	0.0000905126058298312
1528.16	0.00008895135515779644
1528.165	0.00009017169143910583
1528.17	0.00009398343147625972
1528.175	0.00009742020624274472
1528.1799999999998	0.00009588805175284783
1528.185	0.00009258384377248604
1528.19	0.00009321760000626608
1528.1950000000002	0.00009650898571517466
1528.2	0.00009654026872671504
1528.205	0.00009681285882201286
1528.21	0.00009854945045392303
1528.215	0.00009612430210197632
1528.22	0.00009259528307220277
1528.2250000000001	0.00009337075500025116
1528.23	0.00009716562165425908
1528.235	0.0000996590049582463
1528.24	0.00009988488757116246
1528.2450000000001	0.0000996434163836698
1528.25	0.00009926793859668872
1528.255	0.0000981613837450953
1528.26	0.00009714153889429484
1528.2649999999999	0.00009725740178230338
1528.27	0.00009802202892783614
1528.275	0.00009755870666597021
1528.28	0.00009691847531244332
1528.285	0.00009666660414367519
1528.29	0.00009611773648253964
1528.2949999999998	0.00009454280103535537
1528.3	0.00009244791874196586
1528.305	0.00009099109431940633
1528.3100000000002	0.00009066504814012157
1528.315	0.00009097684960433993
1528.32	0.00009102981319557515
1528.325	0.00009020892322412917
1528.33	0.00008890143364090549
1528.335	0.00008774766641396782
1528.3400000000001	0.00008713191124858255
1528.345	0.00008688063923522624
1528.35	0.0000867072685250188
1528.355	0.00008601869438123387
1528.36	0.00008530570307846713
1528.365	0.00008560048091704335
1528.3700000000001	0.00008509796172071596
1528.375	0.00008445059083479971
1528.3799999999999	0.00008294184751268817
1528.385	0.00008073354341634769
1528.39	0.00008088591180108988
1528.395	0.00008135036843248127
1528.4	0.0000799421038852194
1528.405	0.00007888042687703263
1528.4099999999999	0.000079975816716488
1528.415	0.00008210794683024221
1528.42	0.00008328893869326153
1528.4250000000002	0.00008326835939535107
1528.43	0.00008254452048101101
1528.435	0.00008111109744190416
1528.44	0.0000796965559309679
1528.445	0.0000795094781737199
1528.45	0.00008121225138748922
1528.4550000000002	0.00008285857082849417
1528.46	0.0000809375449649903
1528.465	0.0000786235969318468
1528.47	0.00007798122884211257
1528.475	0.0000786659268853977
1528.48	0.00007952582733005091
1528.4850000000001	0.00007986947725343105
1528.49	0.0000802075217888747
1528.495	0.00008154810398649009
1528.5	0.00008378428171838448
1528.5049999999999	0.00008603872289329634
1528.51	0.00008787233644840869
1528.515	0.00008894879982478799
1528.52	0.00008918351426904711
1528.5249999999999	0.00008811694717424181
1528.53	0.00008555196840192058
1528.535	0.00008309841151334942
1528.5400000000002	0.00008403026017589109
1528.545	0.00008811126193655099
1528.55	0.00008903332270984489
1528.555	0.00008436287100063611
1528.56	0.00008522397506098876
1528.565	0.00008894038973564682
1528.5700000000002	0.00008889250199984351
1528.575	0.00008923254283765494
1528.58	0.00009395682966120423
1528.585	0.00009714408176855496
1528.59	0.00009563967504422954
1528.595	0.00009580733004304594
1528.6000000000001	0.00009832805850297563
1528.605	0.00009927402648219186
1528.61	0.00009696461831181874
1528.615	0.00009656699872603483
1528.62	0.00009945658402627079
1528.625	0.0001012347137611804
1528.63	0.00009900247520159137
1528.635	0.00009709403793454743
1528.6399999999999	0.0000996208598619712
1528.645	0.00010389181201650806
1528.6499999999999	0.000105772661386379
1528.6550000000002	0.00010555007474610217
1528.66	0.0001057885089533605
1528.665	0.00010719889925440248
1528.67	0.00010785394288305832
1528.675	0.00010729388225380323
1528.6799999999998	0.00010598739836041415
1528.6850000000002	0.00010547433555666747
1528.69	0.00010572167885816017
1528.695	0.00010489360923324751
1528.7	0.00010033525339127458
1528.705	0.00009403040172757028
1528.71	0.00009081381091233489
1528.7150000000001	0.00009785553091826034
1528.72	0.00010716725126275335
1528.725	0.0001040877417325245
1528.73	0.00010676417272323656
1528.735	0.00010907744997154631
1528.74	0.00010708902184326344
1528.7450000000001	0.00011064266397273957
1528.75	0.00010651450199471613
1528.755	0.00009819647313709638
1528.76	0.00010173871542835102
1528.7649999999999	0.00010992671273536716
1528.7700000000002	0.0001128892402247526
1528.775	0.00011209054934220206
1528.78	0.0001120204037929951
1528.785	0.00011294808936755332
1528.79	0.00011299159089001621
1528.7949999999998	0.00011099561381759005
1528.8000000000002	0.00011220272279704862
1528.805	0.00011375409966641945
1528.81	0.0001116655875997748
1528.815	0.0001077804780379817
1528.82	0.00010644531441234887
1528.8249999999998	0.00011024578642665807
1528.8300000000002	0.00011415966201951827
1528.835	0.00011314020507822581
1528.84	0.00011201801924412741
1528.845	0.00011200014535088818
1528.85	0.00011220808592414747
1528.855	0.00011158218453997329
1528.8600000000001	0.00010993714507143703
1528.865	0.00011016057760317109
1528.8700000000001	0.00011239935096975675
1528.875	0.00011444926308952003
1528.8799999999999	0.00011501156821200027
1528.885	0.00011365821933148262
1528.89	0.00011167749583829168
1528.895	0.00011200720782421709
1528.9	0.00011465444323299886
1528.905	0.00011620915447971508
1528.9099999999999	0.0001124883129523711
1528.9150000000002	0.0001085205949577027
1528.92	0.00011181995647366085
1528.925	0.00011637575157353508
1528.93	0.00011539249417297065
1528.935	0.00011534862986057814
1528.9399999999998	0.00011724414747322537
1528.9450000000002	0.00011593429963608258
1528.95	0.00011408168881733262
1528.955	0.00011564483529444224
1528.96	0.000116810043406463
1528.965	0.00011303480626718881
1528.9699999999998	0.00010859880243731365
1528.9750000000001	0.00011054636458568146
1528.98	0.00011455693670874268
1528.9850000000001	0.0001132387115300705
1528.99	0.00011076620213516359
1528.995	0.00011329999282650757
1529	0.00011741621884135224
1529.005	0.00011773554434352995
1529.01	0.00011689088364407221
1529.015	0.00011716068986069385
1529.02	0.00011765577512577747
1529.0249999999999	0.00011695631427812284
1529.03	0.00011531385775193382
1529.035	0.00011395243524482688
1529.04	0.00011383194267066806
1529.045	0.00011521719413899808
1529.05	0.00011717628148200382
1529.0549999999998	0.00011742503922199007
1529.0600000000002	0.00011532479164480697
1529.065	0.00011144434189702982
1529.07	0.00010946214929282274
1529.075	0.00011329692929170788
1529.08	0.00011944186420893218
1529.0849999999998	0.0001202126370617199
1529.0900000000001	0.0001209806941827239
1529.095	0.00011918120439185771
1529.1000000000001	0.00011878967681711944
1529.105	0.00012153943061300328
1529.11	0.00011893820392174473
1529.115	0.00011606788905329969
1529.1200000000001	0.00011682624363529661
1529.125	0.00011804229637095102
1529.13	0.00011896024563636802
1529.135	0.0001207310537185431
1529.1399999999999	0.0001220051186431019
1529.145	0.0001207237219698593
1529.15	0.00011713920610575106
1529.155	0.00011562998779745643
1529.16	0.00011823411575127301
1529.165	0.00012113335753233536
1529.1699999999998	0.00012269193166689
1529.175	0.0001234284793730638
1529.18	0.00012353601716946257
1529.185	0.00012304236929143027
1529.19	0.00012225300340516166
1529.195	0.00012263169850077604
1529.1999999999998	0.00012317524038640655
1529.205	0.00012281953872306163
1529.21	0.00012151530247627896
1529.2150000000001	0.00011995784444531346
1529.22	0.00011931674476224056
1529.225	0.00012021046276254869
1529.23	0.00012060608229346439
1529.2350000000001	0.00012078305525706994
1529.24	0.00012034452570045875
1529.2450000000001	0.00011963106198824996
1529.25	0.00011977710438110456
1529.2549999999999	0.00012057670569551806
1529.26	0.00012058837873295544
1529.265	0.0001186773307670994
1529.27	0.00011670708045880029
1529.275	0.00011782227336620395
1529.28	0.00011974573756774676
1529.2849999999999	0.00011971648201030095
1529.29	0.00011954553481912267
1529.295	0.00012043796265494794
1529.3	0.00011997214704131343
1529.305	0.00011917958820687744
1529.31	0.0001186932818445616
1529.315	0.00011628356736077351
1529.32	0.00011134160233862284
1529.325	0.00010859945106198309
1529.3300000000002	0.00011130024536833242
1529.335	0.00011510995081900656
1529.34	0.0001135028343146429
1529.345	0.00010904160178362776
1529.35	0.0001081912489475963
1529.355	0.00011239125290583534
1529.3600000000001	0.00011755888141511398
1529.365	0.00011940771478840878
1529.37	0.00011948751645209461
1529.375	0.00011859059487894527
1529.38	0.00011640484289298415
1529.385	0.00011418806703478392
1529.39	0.00011318739046333037
1529.395	0.00011391420591485825
1529.3999999999999	0.00011585166220081317
1529.405	0.00011757364195501838
1529.41	0.00011808851769009846
1529.415	0.00011644699157745006
1529.42	0.00011415103374343717
1529.425	0.00011281669139238934
1529.43	0.00011352639890814654
1529.435	0.00011284523559524948
1529.44	0.00010941116744787229
1529.4450000000002	0.00011328115447014338
1529.45	0.00011513088259103548
1529.455	0.00010992572789881365
1529.46	0.0001148674260861445
1529.465	0.00011135604685160331
1529.47	0.00010772379719451733
1529.4750000000001	0.00011212908800780281
1529.48	0.00011324365062089108
1529.485	0.00011006851918017248
1529.49	0.00011002204508299426
1529.495	0.00011243817398478038
1529.5	0.00011205909884808966
1529.505	0.00010722962859489986
1529.51	0.00010490287770798459
1529.5149999999999	0.00010882784930234227
1529.52	0.00011271230158025384
1529.525	0.00011356488013834244
1529.53	0.0001130085880014567
1529.535	0.00011271276563952665
1529.54	0.00011203068792098729
1529.545	0.0001095573194832737
1529.55	0.00010866358935633277
1529.555	0.00010966584001573967
1529.5600000000002	0.0001095036908212655
1529.565	0.00010752301553548104
1529.57	0.00010514922959263313
1529.575	0.00010418205055113508
1529.58	0.00010527767254835215
1529.585	0.00010724143570554449
1529.5900000000001	0.00010654270565234977
1529.595	0.00010443166067305167
1529.6	0.00010282385895302045
1529.605	0.00010381962519505742
1529.61	0.0001071533887435416
1529.615	0.00010905758335783633
1529.6200000000001	0.00010844910298374763
1529.625	0.00010802316804540449
1529.6299999999999	0.00010947142933885925
1529.635	0.00010793925533378349
1529.6399999999999	0.00010642418264261061
1529.645	0.00010903895386994926
1529.65	0.00011063233150020296
1529.655	0.00010883587380153502
1529.66	0.00010962738244642543
1529.665	0.00011056543448464777
1529.6699999999998	0.00010626055310640194
1529.6750000000002	0.00010017884781926956
1529.68	0.00010006701211740626
1529.685	0.00010633304573249446
1529.69	0.00011233472860598503
1529.695	0.00011240205078142288
1529.7	0.00011204118822010822
1529.7050000000002	0.00011500901014624896
1529.71	0.00011418273597829869
1529.715	0.00010986927104611635
1529.72	0.00011015593711036315
1529.725	0.00011431587706608216
1529.73	0.00011592391199708752
1529.7350000000001	0.00011309880422546264
1529.74	0.0001099261704261008
1529.745	0.00010965848895242968
1529.75	0.00011207121882006556
1529.7549999999999	0.00011469844269127049
1529.76	0.00011411838099199893
1529.765	0.00010915692555037549
1529.77	0.00010324799684681215
1529.775	0.00009981074835878828
1529.78	0.00010044785969840629
1529.7849999999999	0.00010728680900038439
1529.7900000000002	0.00011440815708054277
1529.795	0.00011172516389145236
1529.8	0.00010580893837887432
1529.805	0.00011308832257194662
1529.81	0.0001177597442056549
1529.8149999999998	0.00011674512119396743
1529.8200000000002	0.00011918932912745598
1529.825	0.00011760199075947857
1529.83	0.00011665345341681417
1529.835	0.00011805195827953873
1529.84	0.00011718826138505304
1529.845	0.0001156450196201682
1529.8500000000001	0.00011674162307513826
1529.855	0.00011999840336384837
1529.86	0.0001212290095391548
1529.865	0.0001209436292206814
1529.87	0.00012018028662051515
1529.875	0.00011951221208400429
1529.88	0.000118950472295755
1529.885	0.00011839371840469544
1529.89	0.00011877445484523569
1529.895	0.00011990987960367379
1529.8999999999999	0.00012125489064512921
1529.9050000000002	0.00012215423511789306
1529.91	0.00012236896396920142
1529.915	0.00012209159944704445
1529.92	0.00012223952718549522
1529.925	0.0001229750438616573
1529.9299999999998	0.00012367057895055507
1529.9350000000002	0.00012361037386673772
1529.94	0.00012256046918264528
1529.945	0.00012109411394801945
1529.95	0.00012041834054089546
1529.955	0.00012094629829209018
1529.9599999999998	0.0001224854867033911
1529.9650000000001	0.00012300674482680106
1529.97	0.0001211220667064475
1529.975	0.0001186662661758927
1529.98	0.00011888612916972796
1529.985	0.00012224858511800018
1529.99	0.0001251006476661599
1529.9950000000001	0.00012605284946950952
1530	0.0001269287597463545
1530.005	0.00012729401748571268
1530.01	0.00012685974943598191
1530.0149999999999	0.00012678824714384976
1530.02	0.00012659231680874297
1530.025	0.00012600177797750603
1530.03	0.00012589593795407384
1530.035	0.0001268159040096945
1530.04	0.00012737946839792012
1530.0449999999998	0.00012726413046644812
1530.0500000000002	0.00012719672424362172
1530.055	0.00012795803194195942
1530.06	0.00012696975096016083
1530.065	0.0001235792699800186
1530.07	0.00012121423962376318
1530.0749999999998	0.0001226708232164455
1530.0800000000002	0.00012486832733496443
1530.085	0.0001230850263198939
1530.09	0.00011931528843435808
1530.095	0.00011828288436634237
1530.1	0.00012099063053180097
1530.105	0.00012463315780501203
1530.1100000000001	0.00012633864779470415
1530.115	0.00012592152595624484
1530.1200000000001	0.000124701240003514
1530.125	0.00012438432212474296
1530.1299999999999	0.00012487824619210517
1530.135	0.00012581537942976388
1530.14	0.0001261944239020588
1530.145	0.0001256028758197638
1530.15	0.0001253779216561683
1530.155	0.00012528583859675594
1530.1599999999999	0.00012143065793307969
1530.165	0.00011547936263216202
1530.17	0.00011852630016747089
1530.175	0.00012497102148888796
1530.18	0.00012552741212892903
1530.185	0.00012604706149046163
1530.1899999999998	0.00012600761916502527
1530.1950000000002	0.00012370313056685495
1530.2	0.00012324911740827218
1530.205	0.00012494123071934914
1530.21	0.00012577818925994287
1530.215	0.00012547243949292882
1530.22	0.00012563279802273243
1530.2250000000001	0.0001267229221066763
1530.23	0.00012536314067762165
1530.2350000000001	0.00012006140933902004
1530.24	0.0001175271821556428
1530.245	0.00012028751263341016
1530.25	0.0001241502392709951
1530.255	0.00012556258299968514
1530.26	0.00012505890479106173
1530.265	0.00012655078065200627
1530.27	0.00012789645973027572
1530.2749999999999	0.0001247684475952874
1530.28	0.0001231572828847108
1530.285	0.00012503060371861277
1530.29	0.00012762557359197554
1530.295	0.00012741262245814227
1530.3	0.00012390805395959175
1530.3049999999998	0.00012042619696249307
1530.31	0.00012118122810199764
1530.315	0.0001253704159923286
1530.32	0.00012943466646908141
1530.325	0.0001284109797671336
1530.33	0.0001238330151777706
1530.335	0.00012253729457604702
1530.34	0.00012764583999876262
1530.345	0.00013227968070405694
1530.3500000000001	0.00012989296538352065
1530.355	0.00012885692931400943
1530.36	0.00013337740727306256
1530.365	0.0001322081695135933
1530.3700000000001	0.0001273947729719463
1530.375	0.00012892089208507688
1530.38	0.00013349472713474313
1530.385	0.0001350141288588328
1530.3899999999999	0.00013429693761395298
1530.395	0.00013493267502049215
1530.4	0.0001343274021572509
1530.405	0.00012987090201993412
1530.41	0.00012568389061337967
1530.415	0.00012703919740889515
1530.4199999999998	0.00013142719222944757
1530.425	0.0001339769788099046
1530.43	0.00013539180506430199
1530.4350000000002	0.00013621402026524552
1530.44	0.00013441590595252131
1530.445	0.00013029025961327416
1530.45	0.0001285921965518783
1530.455	0.00013065905547439516
1530.46	0.00013314493438993085
1530.4650000000001	0.00013395588028802222
1530.47	0.0001324498109952096
1530.475	0.00013150709372213322
1530.48	0.00013224230550367048
1530.485	0.00013422165919016094
1530.49	0.00013596333489182574
1530.4950000000001	0.00013609601369167563
1530.5	0.00013467320117615947
1530.5049999999999	0.00013310812731991226
1530.51	0.00013392625400436933
1530.515	0.00013432844689015687
1530.52	0.0001311863898054554
1530.525	0.00013029673458988625
1530.53	0.00013564333449521526
1530.5349999999999	0.0001351421999656286
1530.54	0.00013425223381279238
1530.545	0.0001369409279154818
1530.5500000000002	0.00013538623762648086
1530.555	0.00013528679236861785
1530.56	0.00013752406808551073
1530.565	0.00013716756271055572
1530.57	0.0001355269373087707
1530.575	0.00013612381002904092
1530.5800000000002	0.00013866133665951932
1530.585	0.00013942828938649988
1530.59	0.00013846661293181068
1530.595	0.00013878470793299207
1530.6	0.00013805942471339794
1530.605	0.00013491595506465184
1530.6100000000001	0.00013219238205353898
1530.615	0.00013262701740317256
1530.62	0.00013621392052446543
1530.625	0.0001381708771380273
1530.6299999999999	0.00013786269019239024
1530.635	0.00013741383761930974
1530.64	0.0001361299157471467
1530.645	0.00013337349380182666
1530.6499999999999	0.00012962149670623242
1530.655	0.00012671913135934356
1530.66	0.00012719577934262868
1530.6650000000002	0.00012984834800514223
1530.67	0.00013199728324618997
1530.675	0.00013218335276096033
1530.68	0.00013030455420412793
1530.685	0.00012773279828333153
1530.69	0.00012729819814855342
1530.6950000000002	0.00012935690496504017
1530.7	0.0001309327806491777
1530.705	0.00013071900256809082
1530.71	0.00012972535677678766
1530.715	0.00012762211932707682
1530.72	0.00012180860303900398
1530.7250000000001	0.00011545672075053075
1530.73	0.00011669378240873923
1530.735	0.00012346718863542167
1530.74	0.00012469545560761148
1530.745	0.00012302283630106692
1530.75	0.00012340737941592415
1530.755	0.0001244391972586682
1530.76	0.00012224709950542378
1530.7649999999999	0.00011933812310024566
1530.77	0.00011986419444048719
1530.7749999999999	0.00012355403512580838
1530.7800000000002	0.00012619839980929792
1530.785	0.0001267181337555436
1530.79	0.00012829391151716662
1530.795	0.00013023362721943638
1530.8	0.0001309417302421392
1530.8049999999998	0.00013105788668871173
1530.8100000000002	0.0001316729451383494
1530.815	0.00013056406224995127
1530.82	0.0001267040752292584
1530.825	0.0001233129567271843
1530.83	0.00012223729573355513
1530.835	0.00012362040340375163
1530.8400000000001	0.0001265585297412237
1530.845	0.0001293875986402175
1530.85	0.00013027781125489284
1530.855	0.00012915730121501468
1530.86	0.00012728198460322613
1530.865	0.00012661256291721315
1530.8700000000001	0.00013006999497410738
1530.875	0.00013464296984398014
1530.8799999999999	0.00013586844825320987
1530.885	0.00013355949987220607
1530.8899999999999	0.0001300368134371491
1530.8950000000002	0.0001284267362026074
1530.9	0.0001331541121138782
1530.905	0.00013398441529175882
1530.91	0.00013119349357025052
1530.915	0.00013273685272452939
1530.9199999999998	0.0001339875677469406
1530.9250000000002	0.00013247477099272023
1530.93	0.00013314723466470698
1530.935	0.00013408100876493288
1530.94	0.00013214992192522434
1530.945	0.00012982875946668175
1530.9499999999998	0.0001296660328979261
1530.9550000000002	0.00013141772357665282
1530.96	0.00013297042267044484
1530.965	0.00013246396751411712
1530.97	0.00013205762371171196
1530.975	0.00013065235416041495
1530.98	0.0001285980426854024
1530.9850000000001	0.00012702806075736602
1530.99	0.00012754952938692047
1530.9950000000001	0.0001280769766749533
1531	0.0001254163236495802
1531.0049999999999	0.00012138930465451166
1531.01	0.00011794686680145287
1531.015	0.00011681075213784273
1531.02	0.00011895568018929659
1531.025	0.00012271079679037106
1531.03	0.0001248932693083895
1531.0349999999999	0.00012515199010172825
1531.0400000000002	0.00012416071454632172
1531.045	0.00012336780549544109
1531.05	0.00012383932432997744
1531.055	0.00012409493621945512
1531.06	0.00012121570644764371
1531.0649999999998	0.00011670998869558361
1531.0700000000002	0.00011608480582564714
1531.075	0.00011931025100238163
1531.08	0.00012088179530010635
1531.085	0.00012017472183110524
1531.09	0.00012018677048968164
1531.0949999999998	0.00011810948163166951
1531.1000000000001	0.00011484634892295266
1531.105	0.00011348610858171162
1531.1100000000001	0.00011525032163087007
1531.115	0.0001178041697735428
1531.12	0.00011881427942221233
1531.125	0.0001189162285530094
1531.13	0.00011750414576281228
1531.135	0.0001145085262210743
1531.14	0.00011322482237376804
1531.145	0.00011461576890093157
1531.1499999999999	0.0001141068398793462
1531.155	0.00010915811689862597
1531.16	0.00010502184703192818
1531.165	0.00010679640501919868
1531.17	0.00011235988635757908
1531.175	0.00011475224055160037
1531.1799999999998	0.00011157811978508609
1531.1850000000002	0.00010739320982243691
1531.19	0.0001067907545660859
1531.195	0.00011026124242086206
1531.2	0.0001161062192055932
1531.205	0.00012002625306693154
1531.2099999999998	0.00012057153335736342
1531.2150000000001	0.00011934993679059811
1531.22	0.00011892849205404452
1531.2250000000001	0.00011989766060749254
1531.23	0.00011968157124903876
1531.235	0.00011746376273660055
1531.24	0.0001200567418158783
1531.2450000000001	0.00012446615394469735
1531.25	0.00011721625969619623
1531.255	0.00011748367886048909
1531.26	0.0001253582873612169
1531.2649999999999	0.00012617003777300943
1531.27	0.00012849580563086807
1531.275	0.00013144253652994244
1531.28	0.0001279781863970869
1531.285	0.00012688225673838536
1531.29	0.0001314123990146049
1531.2949999999998	0.00013246291964571212
1531.3	0.0001263062725164743
1531.305	0.00012387216808856818
1531.31	0.00012791888545211417
1531.315	0.00013298582539532155
1531.32	0.00013522103417960664
1531.3249999999998	0.00013511319012830206
1531.3300000000002	0.00013750653622659142
1531.335	0.0001393478014166749
1531.3400000000001	0.00013785005314607344
1531.345	0.00013726447970596558
1531.35	0.00013876719051815538
1531.355	0.00014036219969906587
1531.3600000000001	0.00013891346432841014
1531.365	0.00013583847199086747
1531.3700000000001	0.00013580797288336834
1531.375	0.00013798036088226318
1531.3799999999999	0.00013971269622902908
1531.385	0.00013932763509073062
1531.39	0.00013727175275029464
1531.395	0.00013605189371732726
1531.4	0.000137729601894714
1531.405	0.00014037416116047916
1531.4099999999999	0.000139295248868707
1531.415	0.00013252447980923682
1531.42	0.00012716216791202597
1531.425	0.00012939963390498432
1531.43	0.0001375644546298541
1531.435	0.0001421398219799519
1531.4399999999998	0.00014216791065805055
1531.445	0.00014116551166340892
1531.45	0.00013652982316701711
1531.4550000000002	0.00013411403424431955
1531.46	0.00013754938542817407
1531.465	0.00013773979122633887
1531.47	0.000128457858671582
1531.475	0.0001213379809168659
1531.48	0.0001261598410216837
1531.4850000000001	0.00013427306811230922
1531.49	0.00013210641251065557
1531.495	0.0001250324326480943
1531.5	0.0001261012686542224
1531.505	0.00013348777910905007
1531.51	0.00013966254728325764
1531.515	0.00014033706973875384
1531.52	0.00014040325401672076
1531.5249999999999	0.00013726916731636663
1531.53	0.00013044568650536073
1531.535	0.00012516763923448905
1531.54	0.00012549873327605103
1531.545	0.0001296532582562967
1531.55	0.00013441552325377465
1531.555	0.0001374439207614205
1531.56	0.0001374513802323605
1531.565	0.00013514997968419528
1531.5700000000002	0.00013346066436232182
1531.575	0.00013339653889231275
1531.58	0.00013478228693172443
1531.585	0.0001354796804792481
1531.59	0.0001346565688644724
1531.595	0.0001347504046679607
1531.6000000000001	0.00013628445672394146
1531.605	0.00012668100838448266
1531.61	0.00011896323099634428
1531.615	0.00012974395361861944
1531.62	0.00013120135909920223
1531.625	0.00012685315741023002
1531.63	0.00013345720353733192
1531.635	0.0001375139645559959
1531.6399999999999	0.00013622094876749403
1531.645	0.0001363038235237204
1531.65	0.00013548990372233221
1531.655	0.0001326216828317649
1531.66	0.0001324326346386186
1531.665	0.00013528754052977209
1531.67	0.00013795888316405497
1531.675	0.0001375486442853656
1531.68	0.000134668889556541
1531.6850000000002	0.0001354303935123354
1531.69	0.0001380612421479884
1531.695	0.0001400695320736858
1531.7	0.00013996231305965314
1531.705	0.00013929852468589078
1531.71	0.00014099508068738452
1531.7150000000001	0.00014196636234498314
1531.72	0.00014240691379637936
1531.725	0.00014260300190554217
1531.73	0.0001428112286183092
1531.735	0.00014321485649923936
1531.74	0.00014202811206055416
1531.7450000000001	0.00013996417847529077
1531.75	0.00013794848574461832
1531.7549999999999	0.00013668597891589262
1531.76	0.00013612841538592017
1531.7649999999999	0.00013544015666229904
1531.77	0.00013332497248582368
1531.775	0.0001303325953223387
1531.78	0.00012994159314947074
1531.785	0.00013417413993851236
1531.79	0.0001386795355951909
1531.795	0.00013400341341256018
1531.8000000000002	0.00012674901390063724
1531.805	0.00012952565817546884
1531.81	0.00013535520903489557
1531.815	0.00013530158328684368
1531.82	0.00013210161078750892
1531.825	0.00013127471902407698
1531.8300000000002	0.00013221952674372564
1531.835	0.00013323347955462045
1531.84	0.00013437772283709303
1531.845	0.0001355425092642056
1531.85	0.0001350580423796042
1531.855	0.00013330505021250309
1531.8600000000001	0.00013229707611188085
1531.865	0.00013216571096424603
1531.87	0.000131440423943115
1531.875	0.00013048827019962437
1531.8799999999999	0.00013039751837300482
1531.885	0.00013018776235525751
1531.89	0.00012841275473445704
1531.895	0.00012571440988088671
1531.9	0.00012422614442395935
1531.905	0.00012449569905584264
1531.9099999999999	0.00012559539065476442
1531.9150000000002	0.00012660354642693002
1531.92	0.00012606648877087703
1531.925	0.00012449809858410915
1531.93	0.00012357160114710085
1531.935	0.00012461450277731774
1531.9399999999998	0.0001274687847919473
1531.9450000000002	0.00012801761077274116
1531.95	0.0001222302818486821
1531.955	0.00012042864106369168
1531.96	0.00012906828422788415
1531.965	0.00013258481596923523
1531.97	0.00013341386311680893
1531.9750000000001	0.00013019080065574317
1531.98	0.00012902077276269618
1531.985	0.00013262176749824343
1531.99	0.00013146275726755798
1531.995	0.0001308038178705256
1532	0.00013275796718250065
1532.005	0.00013051208725071376
1532.01	0.00012440380820250325
1532.015	0.00012222788582708766
1532.02	0.00012931807611673502
1532.0249999999999	0.0001352321209837647
1532.0300000000002	0.00013661321914430925
1532.035	0.00013639032934450258
1532.04	0.00013725269682988961
1532.045	0.0001382636255374867
1532.05	0.0001345861896674989
1532.0549999999998	0.00013240618431172247
1532.0600000000002	0.00013328453725307458
1532.065	0.00013586844817335892
1532.07	0.00013761288019607129
1532.075	0.0001372475190646866
1532.08	0.00013827757268446928
1532.0849999999998	0.00013939329653477858
1532.0900000000001	0.0001397717396848686
1532.095	0.0001390208961034828
1532.1	0.00013766821589727437
1532.105	0.00013711812336101453
1532.11	0.00013799643180305814
1532.115	0.00013907754024734343
1532.1200000000001	0.00014008871142786737
1532.125	0.00014057631442749563
1532.13	0.00014072447440033719
1532.135	0.00014083391074241037
1532.1399999999999	0.00014050390262130695
1532.145	0.00013952238629973024
1532.15	0.00013911870016222817
1532.155	0.00013941466108347562
1532.16	0.0001387549584744751
1532.165	0.00013858780780899558
1532.1699999999998	0.0001413559132708354
1532.1750000000002	0.0001433740981104436
1532.18	0.00014021492592372771
1532.185	0.00013618739603838448
1532.19	0.00013707340894644169
1532.195	0.00014234110231574408
1532.1999999999998	0.00014677254336827874
1532.2050000000002	0.00014863450974364175
1532.21	0.00014920986502821803
1532.215	0.00014817112191837977
1532.22	0.00014371363810255667
1532.225	0.00013751554619646444
1532.23	0.00013524993976389213
1532.2350000000001	0.0001402672284463755
1532.24	0.0001487188168648712
1532.2450000000001	0.00015290142841910468
1532.25	0.00015141233321063312
1532.2549999999999	0.0001501578860422298
1532.26	0.00015143944301429548
1532.265	0.00015331785669098772
1532.27	0.00015291998151455827
1532.275	0.00015125502146444935
1532.28	0.00014951856189579472
1532.2849999999999	0.0001494658808039695
1532.29	0.00015169758766752682
1532.295	0.00015457999440182714
1532.3	0.00015696920001010857
1532.305	0.00015763078088879763
1532.31	0.00015755530098812337
1532.3149999999998	0.00015781136553151136
1532.3200000000002	0.00015302943912772645
1532.325	0.00014418167523734592
1532.33	0.00014764825166601694
1532.335	0.00014774302462492722
1532.34	0.0001426428713360763
1532.345	0.00014473690839438206
1532.3500000000001	0.00014805238052429716
1532.355	0.00014856622597440234
1532.3600000000001	0.00014601181976728342
1532.365	0.0001382535483564576
1532.37	0.000132192490457789
1532.375	0.00013346558960845848
1532.38	0.00013966584844938779
1532.385	0.00014492647326459966
1532.39	0.00014694938998924948
1532.395	0.00014681594717872264
1532.3999999999999	0.00014663854929268581
1532.405	0.000144078571432903
1532.41	0.0001388892343417376
1532.415	0.00013652210204373564
1532.42	0.00013856184781193368
1532.425	0.0001431063623494222
1532.4299999999998	0.00014657898970127907
1532.435	0.00014716016824468643
1532.44	0.00014746834268390216
1532.445	0.00014759000010645612
1532.45	0.00014688443647765487
1532.455	0.0001455277324288253
1532.46	0.00014488577652870815
1532.465	0.00014581365390122785
1532.47	0.00014757555642155962
1532.4750000000001	0.00014858738203618583
1532.48	0.00014839140534036796
1532.485	0.00014735613451049933
1532.49	0.00014811131943867173
1532.4950000000001	0.0001510347088236431
1532.5	0.0001534430709408442
1532.505	0.00015424081357384318
1532.51	0.00015453019571114176
1532.5149999999999	0.00015460679425173657
1532.52	0.00015258726325811304
1532.525	0.00015107065637986987
1532.53	0.0001540906205613244
1532.535	0.0001552890171702221
1532.54	0.00015302932945139802
1532.5449999999998	0.00015067205414510962
1532.55	0.0001516508473389641
1532.555	0.00015409334614144505
1532.56	0.00015540519232805282
1532.565	0.00015618410317748004
1532.57	0.0001569630157182128
1532.575	0.000157135979736314
1532.58	0.00015591230800463953
1532.585	0.00015554818674804886
1532.5900000000001	0.00015733562864951364
1532.595	0.00015772291063957216
1532.6	0.0001556953212087293
1532.605	0.00015446020870132877
1532.61	0.00015546638926838263
1532.615	0.0001564061721242273
1532.6200000000001	0.0001554051899597514
1532.625	0.0001532900529248266
1532.6299999999999	0.0001517998623925291
1532.635	0.00015189466064135143
1532.64	0.00015336155770186144
1532.645	0.00015535301408666654
1532.65	0.00015643834369660208
1532.655	0.00015609371943109648
1532.6599999999999	0.00015540179864578663
1532.665	0.00015509170435090212
1532.67	0.00015508712236634304
1532.6750000000002	0.0001538347375611312
1532.68	0.00015265610419902512
1532.685	0.00015175422396089045
1532.69	0.0001484746248707067
1532.695	0.00014860054864716444
1532.7	0.00015134189518527661
1532.7050000000002	0.00015149261070258882
1532.71	0.00015124331577031058
1532.715	0.0001512179232875415
1532.72	0.0001500089047944696
1532.725	0.00014832597559937078
1532.73	0.00014787977283665262
1532.7350000000001	0.00014851596283901555
1532.74	0.00014742169239836427
1532.745	0.00014561728699228978
1532.75	0.000145261466952128
1532.7549999999999	0.00014585430228508005
1532.76	0.0001454223336258389
1532.765	0.00014171338997897404
1532.77	0.0001387939119682149
1532.7749999999999	0.0001408396607647536
1532.78	0.00014325428412576577
1532.785	0.00014271556853441165
1532.7900000000002	0.00014014105446166273
1532.795	0.0001401371115529436
1532.8	0.00014383317469956946
1532.805	0.00014321485159497711
1532.81	0.00013883130894433305
1532.815	0.0001347102689254345
1532.8200000000002	0.00013431678176825117
1532.825	0.0001384175984734269
1532.83	0.0001436099517140615
1532.835	0.000144221464039415
1532.84	0.00014034615432323427
1532.845	0.00013678214993343828
1532.8500000000001	0.000138230858224784
1532.855	0.00014303685432872214
1532.86	0.00014404690590351209
1532.865	0.00014233375931695292
1532.87	0.0001438413206305016
1532.875	0.00014613143440263585
1532.88	0.00014483630995298818
1532.885	0.000142021520531173
1532.8899999999999	0.00013796104560965568
1532.895	0.00013429132116446287
1532.8999999999999	0.00013406825431204453
1532.9050000000002	0.0001351698937252409
1532.91	0.0001344325525940205
1532.915	0.0001321434265016666
1532.92	0.00013058333775683425
1532.925	0.00012963132847117662
1532.9299999999998	0.00012783819349700574
1532.9350000000002	0.00012560258623584057
1532.94	0.000124428118577835
1532.945	0.0001249075864058286
1532.95	0.00012562956974498528
1532.955	0.00012420732837369487
1532.96	0.00012146903768402783
1532.9650000000001	0.00011996758299590533
1532.97	0.0001207484541345941
1532.975	0.00012281256479528116
1532.98	0.00012448383157538808
1532.985	0.00012519777222741668
1532.99	0.00012534145067647244
1532.9950000000001	0.00012536330788272398
1533	0.00012561729282523543
1533.0049999999999	0.00012603388031523263
1533.01	0.00012593139400201377
1533.0149999999999	0.00012563535954385484
1533.0200000000002	0.00012542086263282298
1533.025	0.00012633177666441592
1533.03	0.0001271062233283601
1533.035	0.00012737810301449083
1533.04	0.00012985831135605704
1533.0449999999998	0.00013067522578932378
1533.0500000000002	0.00012940075172895285
1533.055	0.00013256263694225504
1533.06	0.00013559426246223476
1533.065	0.00013640504864238236
1533.07	0.00013683087654749998
1533.0749999999998	0.00013465719712157706
1533.0800000000002	0.0001311603467938565
1533.085	0.00013162607038877456
1533.09	0.00013634121708625202
1533.095	0.00013849723392801253
1533.1	0.00013708268249521086
1533.105	0.0001371524765846412
1533.1100000000001	0.00013943044288623402
1533.115	0.00014192408305594147
1533.12	0.000140385707060365
1533.125	0.0001381868654514154
1533.1299999999999	0.00014119921046934657
1533.135	0.00014581340896070981
1533.14	0.00014810484611804282
1533.145	0.0001472322614487422
1533.15	0.00014747967644929193
1533.155	0.00015063749056009817
1533.1599999999999	0.00015174739488410494
1533.1650000000002	0.00015060652130345495
1533.17	0.00014866742148957702
1533.175	0.0001477664464451182
1533.18	0.00014930822066337482
1533.185	0.00015149784734777179
1533.1899999999998	0.0001512119799277554
1533.1950000000002	0.00014924388385119096
1533.2	0.00014703760184806963
1533.205	0.00014682903997156096
1533.21	0.00014974614595312028
1533.215	0.00015248808193282152
1533.2199999999998	0.0001517012101642056
1533.2250000000001	0.00014907848312063906
1533.23	0.00014776326474152208
1533.235	0.00014401128429281765
1533.24	0.00013785708298399619
1533.245	0.00013783718778425413
1533.25	0.00014280580072102263
1533.255	0.0001440188077525007
1533.26	0.000142513277181685
1533.265	0.00014331077673597562
1533.27	0.000145987232150146
1533.2749999999999	0.00014706100473824447
1533.28	0.00014722362324605967
1533.285	0.0001477248117375673
1533.29	0.0001472796943772366
1533.295	0.00014561316112888669
1533.3	0.00014531316333568647
1533.3049999999998	0.0001479557693830226
1533.3100000000002	0.00015087525570174566
1533.315	0.0001520406073495337
1533.32	0.0001527872876567585
1533.325	0.00015377381572654353
1533.33	0.0001540688247841186
1533.3349999999998	0.00015359549325051812
1533.3400000000001	0.0001537077855116147
1533.345	0.00015492462121446086
1533.3500000000001	0.00015592654625138717
1533.355	0.00015507925391992566
1533.36	0.00015174308336495199
1533.365	0.00014769345061466232
1533.3700000000001	0.0001458573888199398
1533.375	0.0001475055537112706
1533.38	0.00015320127407608114
1533.385	0.00015707117448808617
1533.3899999999999	0.00015439048349333574
1533.395	0.00015216150227961915
1533.4	0.00015744812572552057
1533.405	0.00015684409302263436
1533.41	0.00015740327976776307
1533.415	0.0001509215533898305
1533.4199999999998	0.00013650837094329786
1533.425	0.0001405213948782645
1533.43	0.0001506349231915337
1533.435	0.0001488572066213364
1533.44	0.0001449784515242446
1533.445	0.00015018001251280183
1533.4499999999998	0.00015639284616794131
1533.4550000000002	0.0001513555033650522
1533.46	0.0001451969476343559
1533.4650000000001	0.00015221645933014515
1533.47	0.0001576894905800109
1533.475	0.0001541552006711384
1533.48	0.0001477108780608093
1533.4850000000001	0.0001471554010048942
1533.49	0.00015481410268264375
1533.4950000000001	0.0001607619722264926
1533.5	0.00016067997786120363
1533.5049999999999	0.00016101530264021552
1533.51	0.00016264582755223813
1533.515	0.0001641350681803754
1533.52	0.0001642849786949719
1533.525	0.00016369891820084664
1533.53	0.0001635201721652364
1533.5349999999999	0.00016359168026879728
1533.54	0.00016348443751432797
1533.545	0.00016297819736315486
1533.55	0.00016219330817030073
1533.555	0.0001616919235354973
1533.56	0.0001614389947749636
1533.5649999999998	0.0001616214903267906
1533.57	0.00016166052780955127
1533.575	0.00016098201742285523
1533.5800000000002	0.00016023212406666293
1533.585	0.0001596082334631242
1533.59	0.00015893394704338102
1533.595	0.0001578487188881313
1533.6	0.00015738925140297525
1533.605	0.0001574802617183745
1533.6100000000001	0.0001553694601770279
1533.615	0.00015293924836396505
1533.62	0.00015301360162994586
1533.625	0.00015427339479991159
1533.63	0.00015138344102836741
1533.635	0.00014691485569079204
1533.64	0.00014730267783623566
1533.645	0.0001530798440468041
1533.6499999999999	0.0001566486447702222
1533.655	0.0001555829235855913
1533.66	0.00015593729373124333
1533.665	0.00015941411542076548
1533.67	0.00015991229384239303
1533.675	0.0001570145760573459
1533.6799999999998	0.00015679274693409517
1533.685	0.00016046787129796576
1533.69	0.0001624680035876006
1533.6950000000002	0.00016102429973973342
1533.7	0.0001598317661061273
1533.705	0.00016149160616227973
1533.71	0.00016488774094813838
1533.715	0.00016672041211061387
1533.72	0.00016519703067336477
1533.7250000000001	0.00016206901460706483
1533.73	0.00016089153660651693
1533.735	0.00016276096639501986
1533.74	0.00016561712555066192
1533.745	0.0001640103116608516
1533.75	0.000160813705134545
1533.755	0.00016059076408997766
1533.76	0.00015730346799645652
1533.7649999999999	0.000154536687576866
1533.77	0.00015692006264058416
1533.775	0.0001567046711815422
1533.78	0.000154729015436317
1533.785	0.0001554034120705532
1533.79	0.0001536952041791183
1533.795	0.0001502380578632944
1533.8	0.00015021056480563012
1533.805	0.00015197762146117996
1533.8100000000002	0.00015088080954987323
1533.815	0.0001475678904216644
1533.82	0.00014852633212321403
1533.825	0.00014949300999131306
1533.83	0.00014717153908113295
1533.835	0.00014302656838200862
1533.8400000000001	0.00014065527574037335
1533.845	0.0001416515571103124
1533.85	0.0001386041199476457
1533.855	0.00013439381788355945
1533.86	0.0001329352957584581
1533.865	0.00013570436576569958
1533.8700000000001	0.0001413084343062883
1533.875	0.0001458795964247094
1533.8799999999999	0.00014642936332086483
1533.885	0.0001460703659623902
1533.8899999999999	0.00014556965918003083
1533.895	0.0001448723113036445
1533.9	0.00014343327487316245
1533.905	0.0001411931589843074
1533.91	0.00013965936752572143
1533.915	0.0001395795577461254
1533.92	0.00014151958797101836
1533.9250000000002	0.00014521677792842736
1533.93	0.00014820617466486226
1533.935	0.00014930667019932717
1533.94	0.00014989280686854813
1533.945	0.00015114803181336123
1533.95	0.00015213243624557365
1533.9550000000002	0.0001528968180593177
1533.96	0.0001527718404091283
1533.965	0.00015059698022798048
1533.97	0.00014995100100811625
1533.975	0.00015387841558659536
1533.98	0.0001551042541121495
1533.9850000000001	0.00014999281513526283
1533.99	0.00014571653872979255
1533.995	0.00014727898553272878
1534	0.00014865848999223496
1534.0049999999999	0.00014428100870156514
1534.01	0.00014098741283462746
1534.015	0.00014524771525868744
1534.02	0.0001547332490276752
1534.025	0.00015945426063157766
1534.03	0.00015881144939696788
1534.0349999999999	0.00015831475157242498
1534.0400000000002	0.00015932489659260435
1534.045	0.00015878148010125325
1534.05	0.00015470030024386888
1534.055	0.00014921071781662872
1534.06	0.00014582317737032313
1534.0649999999998	0.00014584304334536665
1534.0700000000002	0.00014875590560624056
1534.075	0.00015100676353378882
1534.08	0.0001525229587276928
1534.085	0.00015119477763903702
1534.09	0.00014886665908248208
1534.095	0.00014833916863481042
1534.1000000000001	0.0001516200246543806
1534.105	0.00015216887950428385
1534.11	0.00014780207533294918
1534.115	0.00015101480307341456
1534.12	0.00014840304259415037
1534.125	0.0001462983866171937
1534.13	0.00015013607515959053
1534.135	0.00014806578655392834
1534.14	0.0001473259529524339
1534.145	0.00015029243188005055
1534.1499999999999	0.00015134466617556275
1534.1550000000002	0.00015064115627719772
1534.16	0.00015177479998473267
1534.165	0.00015375013977525617
1534.17	0.00015320785157092525
1534.175	0.00015214751023605744
1534.1799999999998	0.00015267586507371778
1534.1850000000002	0.00015136382030795894
1534.19	0.00014881126594655186
1534.195	0.00014699845112894352
1534.2	0.00014842724263052225
1534.205	0.00015093542951589368
1534.2099999999998	0.0001513433049189941
1534.2150000000001	0.00015188891392040618
1534.22	0.00015298306526454803
1534.225	0.00015387504238600314
1534.23	0.00015277620579710573
1534.235	0.00015107079387131087
1534.24	0.00015080569408594218
1534.2450000000001	0.0001515135413010965
1534.25	0.00015216876168887972
1534.255	0.00015141919722962344
1534.26	0.00014829118784771668
1534.2649999999999	0.00014582004229893148
1534.27	0.00014529862489625467
1534.275	0.000146923470757741
1534.28	0.000149956783683882
1534.285	0.0001513774953223934
1534.29	0.000149362049946881
1534.2949999999998	0.00014809653513562338
1534.3000000000002	0.0001500786172070156
1534.305	0.0001487508663764903
1534.31	0.00014479359385969527
1534.315	0.00014489047226520682
1534.32	0.00014712218538065017
1534.3249999999998	0.00014629126504145262
1534.3300000000002	0.00014506649917650792
1534.335	0.0001467072377450501
1534.34	0.00014887156486539886
1534.345	0.00014929214374865323
1534.35	0.00014901714055446104
1534.3549999999998	0.00014923715318534606
1534.3600000000001	0.00014689631542992747
1534.365	0.00014291636389550993
1534.3700000000001	0.00014166584358139343
1534.375	0.0001441502826222364
1534.3799999999999	0.00014554448015748506
1534.385	0.00014330222739822912
1534.39	0.0001407541308992658
1534.395	0.00014178356559040346
1534.4	0.00014565811026476778
1534.405	0.00014873803593218332
1534.4099999999999	0.00014851184207246345
1534.415	0.00014664539347772966
1534.42	0.0001456854790845228
1534.425	0.00014642130525127642
1534.43	0.00014845398777663387
1534.435	0.000150912759229151
1534.4399999999998	0.00015251574852376458
1534.4450000000002	0.00015225846506457415
1534.45	0.00015075702006598314
1534.455	0.00015233693481338058
1534.46	0.00015595412126894595
1534.465	0.00015298823934505013
1534.47	0.000156413423397652
1534.4750000000001	0.00015824290262190306
1534.48	0.0001569250633456055
1534.4850000000001	0.00016233737022828236
1534.49	0.00015947658623418145
1534.495	0.00016078540143446337
1534.5	0.0001635087988362614
1534.505	0.00015917857880967798
1534.51	0.00015474631888098695
1534.515	0.00015923031593208435
1534.52	0.000168151839737079
1534.5249999999999	0.0001708141000922761
1534.53	0.00017197507741601142
1534.535	0.00017340729904283343
1534.54	0.0001755851335525371
1534.545	0.00017540359841006374
1534.55	0.00017597374782119178
1534.5549999999998	0.00017712176736388156
1534.56	0.00017707978129288338
1534.565	0.00017393415057136635
1534.57	0.00017173530998383058
1534.575	0.00017395620434847693
1534.58	0.0001764984569900829
1534.585	0.00017698490226054727
1534.5900000000001	0.00017468057163182825
1534.595	0.00017309822976772958
1534.6000000000001	0.00017547172096947646
1534.605	0.00017794600555409842
1534.61	0.00017837382148151308
1534.615	0.00017604136328098913
1534.6200000000001	0.00017202027169432358
1534.625	0.0001698266101607394
1534.63	0.00017107835360178573
1534.635	0.00017479050482215535
1534.6399999999999	0.00017626327236272432
1534.645	0.00017225582780141694
1534.65	0.00016652814916084862
1534.655	0.0001678994157666773
1534.66	0.00017470830265278153
1534.665	0.0001748262032634736
1534.6699999999998	0.00017286492219062614
1534.675	0.00017485996592540704
1534.68	0.00017125573319312634
1534.685	0.000163746838614193
1534.69	0.00016317940889904953
1534.695	0.00017058558278740057
1534.7	0.00017539511425198882
1534.705	0.00017408921279822923
1534.71	0.00017387506732068504
1534.7150000000001	0.0001749881999522413
1534.72	0.00017155175953519536
1534.725	0.00016641163255652194
1534.73	0.00016746202450803842
1534.735	0.000171572599108509
1534.74	0.00017045545977022823
1534.7450000000001	0.00016789234586761677
1534.75	0.00016935534148702214
1534.7549999999999	0.00017082307512157393
1534.76	0.00016732180786695772
1534.765	0.0001605143502888305
1534.77	0.0001541387573816804
1534.775	0.0001510695099528173
1534.78	0.00015221023465009063
1534.7849999999999	0.00015688019903900872
1534.79	0.00016355192164703306
1534.795	0.00016890717546008216
1534.8	0.00017025360054723603
1534.805	0.00016879690449526856
1534.81	0.00016856830536960185
1534.815	0.00016286566476891404
1534.82	0.00014219936331311695
1534.825	0.00013917685845409646
1534.8300000000002	0.00015746733136380318
1534.835	0.00016325930880556284
1534.84	0.00016535653512315393
1534.845	0.00016788425711016967
1534.85	0.00016587304032655875
1534.855	0.0001648195540747881
1534.8600000000001	0.00016127202590262424
1534.865	0.00015631929900185773
1534.87	0.00015695132890734134
1534.875	0.00016200145679977918
1534.8799999999999	0.0001659570553091262
1534.885	0.00016479277714864245
1534.89	0.00016195045412625101
1534.895	0.00016396505648518122
1534.8999999999999	0.00016527187209338442
1534.905	0.00016441163089166874
1534.91	0.00016218517115820848
1534.9150000000002	0.0001631960998657704
1534.92	0.00016691747594907398
1534.925	0.0001664682932298288
1534.93	0.00016342963678353005
1534.935	0.00016097556347389392
1534.94	0.00016258017776363037
1534.9450000000002	0.00016781063706429352
1534.95	0.0001710536525077268
1534.955	0.0001727715072273513
1534.96	0.00017359002860614734
1534.965	0.00017386462078653643
1534.97	0.00017343382594331859
1534.9750000000001	0.00017123739932160765
1534.98	0.0001688410086733633
1534.985	0.00016746513550398487
1534.99	0.00016867071723208145
1534.995	0.00017207090561677222
1535	0.00017481108624716995
1535.005	0.00017524347769403827
1535.01	0.0001752084393433963
1535.0149999999999	0.00017633939962080885
1535.02	0.00017419040202169673
1535.0249999999999	0.00016943662209186044
1535.0300000000002	0.00016936391465503523
1535.035	0.00017231886154793052
1535.04	0.000172799547612275
1535.045	0.0001724048137302358
1535.05	0.00017309015034168174
1535.055	0.00017119427035116883
1535.0600000000002	0.00016542257786934114
1535.065	0.0001625975944430501
1535.07	0.0001671978386449319
1535.075	0.0001734157418955368
1535.08	0.00017111276777445118
1535.085	0.00016463615924771692
1535.0900000000001	0.00016592818347497127
1535.095	0.0001747810744838643
1535.1	0.00017591085246439667
1535.105	0.00017192081027378437
1535.11	0.0001720408749559411
1535.115	0.0001749783607259302
1535.1200000000001	0.00017266500364015148
1535.125	0.0001629779972569791
1535.1299999999999	0.0001534913383236298
1535.135	0.00014901508988627137
1535.1399999999999	0.00015074290075835139
1535.1450000000002	0.00015845480018527696
1535.15	0.0001702028887633815
1535.155	0.00017788513439786935
1535.16	0.00017856435974337586
1535.165	0.00017677428570508447
1535.1699999999998	0.00017920995331543882
1535.1750000000002	0.0001770511156118859
1535.18	0.0001626591502584563
1535.185	0.000166625073158062
1535.19	0.000184725541551086
1535.195	0.00018557400412833999
1535.1999999999998	0.00018828359000987196
1535.2050000000002	0.00018781152916544014
1535.21	0.0001861876121035928
1535.215	0.00018825802536900357
1535.22	0.0001823415896411139
1535.225	0.00017685736778156626
1535.23	0.0001823802509763457
1535.2350000000001	0.00018760368413158596
1535.24	0.00018471029786978828
1535.245	0.00017864070239330667
1535.25	0.00017861929736263246
1535.2549999999999	0.00018640480114992205
1535.26	0.00018828161016329564
1535.265	0.00018225464807692776
1535.27	0.0001802694066779571
1535.275	0.00018337624814447156
1535.28	0.00018777823824368188
1535.2849999999999	0.00018837136833457882
1535.2900000000002	0.00018856828781115752
1535.295	0.00018914967430179517
1535.3	0.0001864000215191866
1535.305	0.0001822742520350355
1535.31	0.00017916820715455182
1535.3149999999998	0.00017915209020551967
1535.3200000000002	0.00018228743154727307
1535.325	0.00018391669802453594
1535.33	0.00018093541102736374
1535.335	0.00017462302586009512
1535.34	0.00016860022413687776
1535.3449999999998	0.00016674116124895132
1535.3500000000001	0.00017223416108917228
1535.355	0.0001808652148482723
1535.36	0.00018410922460291676
1535.365	0.00018229725545955007
1535.37	0.00018230531566025025
1535.375	0.0001842784857986014
1535.38	0.00018393927628865045
1535.385	0.00018437962470962068
1535.39	0.0001845583708262333
1535.395	0.00018236874902051
1535.3999999999999	0.00018189078542238735
1535.405	0.00018307724713066936
1535.41	0.0001783980152044719
1535.415	0.00016731026622912864
1535.42	0.00016019554921511536
1535.425	0.000164573732765908
1535.4299999999998	0.00017469625107063684
1535.4350000000002	0.00017819262357983857
1535.44	0.00017507118180776094
1535.445	0.0001750475266568775
1535.45	0.00017827838262318864
1535.455	0.00017820620199618584
1535.4599999999998	0.00017465691574609037
1535.4650000000001	0.00017429719020408215
1535.47	0.00017755286940963487
1535.475	0.0001788433447502801
1535.48	0.0001752841065345259
1535.485	0.0001695491677279668
1535.49	0.00016547082037226703
1535.4950000000001	0.00016473564025202105
1535.5	0.00016697721665081557
1535.505	0.0001714761527207374
1535.51	0.00017532683362034827
1535.5149999999999	0.00017415157924445518
1535.52	0.00016945449187103789
1535.525	0.00016662453595811297
1535.53	0.0001722822312895531
1535.535	0.0001759266057558158
1535.54	0.00017439781575555798
1535.5449999999998	0.00017586324078288154
1535.55	0.00016951169834206325
1535.555	0.00016820161901072734
1535.56	0.00017212982400528737
1535.565	0.00017228031123282304
1535.57	0.00017310403324130328
1535.5749999999998	0.00017052231351227773
1535.5800000000002	0.0001626638254145516
1535.585	0.00015752265263478327
1535.5900000000001	0.000161171192019195
1535.595	0.00016926491107473537
1535.6	0.00017440340660121996
1535.605	0.00017258711634328
1535.6100000000001	0.00017217345217502674
1535.615	0.00017441464285413113
1535.6200000000001	0.0001771751045244308
1535.625	0.00017815875830674637
1535.6299999999999	0.00017740917037668477
1535.635	0.0001781183978137599
1535.64	0.00017903576275413678
1535.645	0.00017972994207247794
1535.65	0.0001800077295590462
1535.655	0.00017994911635295415
1535.6599999999999	0.00017952481400625996
1535.665	0.00017815081699975303
1535.67	0.0001764007198680559
1535.675	0.0001748134132893562
1535.68	0.00017390551236878607
1535.685	0.0001745824701860566
1535.6899999999998	0.00017606803360082658
1535.695	0.00017787570584938307
1535.7	0.00017997359092900543
1535.7050000000002	0.00018195512881910545
1535.71	0.00018309035372358277
1535.715	0.00018214574429979352
1535.72	0.00017896896128431688
1535.725	0.0001776189534008536
1535.73	0.00018173465349333715
1535.7350000000001	0.00018304977361307246
1535.74	0.0001779274041950262
1535.745	0.00017715670868756868
1535.75	0.00018411941413181573
1535.755	0.00018716221993541246
1535.76	0.00018534127158372166
1535.765	0.0001855450448711088
1535.77	0.00018738602592160503
1535.7749999999999	0.00018626694944364944
1535.78	0.0001845982489493809
1535.785	0.0001860591436489422
1535.79	0.00018859899199860208
1535.795	0.00018611447418354215
1535.8	0.00018169743620721686
1535.8049999999998	0.00018303028582194767
1535.81	0.00018772281929891726
1535.815	0.00018953588316995577
1535.8200000000002	0.00018785298998605986
1535.825	0.00018761356314246603
1535.83	0.00018974553085732837
1535.835	0.00019138972316119643
1535.84	0.0001902464170257851
1535.845	0.00018736781040392728
1535.8500000000001	0.00018570478720523906
1535.855	0.00018678122772075427
1535.86	0.0001904096038643435
1535.865	0.00019361906740799527
1535.87	0.0001920758321058224
1535.875	0.00018625303090845325
1535.88	0.00018334456895823358
1535.885	0.00019014781475269204
1535.8899999999999	0.00019565103432384585
1535.895	0.0001934511580888317
1535.9	0.0001948566650159378
1535.905	0.00018625329638601593
1535.91	0.0001886346120263428
1535.915	0.00019087250989510587
1535.9199999999998	0.00018454170797410735
1535.925	0.00018885531740851633
1535.93	0.00019457174901305505
1535.9350000000002	0.0001895759863472349
1535.94	0.00018885269673207526
1535.945	0.00019500342203618935
1535.95	0.00019838423759259029
1535.955	0.00019657026874505483
1535.96	0.00019325237269674623
1535.9650000000001	0.00019537678533082848
1535.97	0.00019659649580648148
1535.975	0.00019375158060022107
1535.98	0.00019140945721534094
1535.985	0.00019244329553257477
1535.99	0.00019707047598346036
1535.9950000000001	0.0001959893627502834
1536	0.000192445092287631
1536.0049999999999	0.00018965784984204356
1536.01	0.0001889938644748186
1536.0149999999999	0.00019010442846277228
1536.02	0.00019158419125225873
1536.025	0.0001935182332654228
1536.03	0.0001962590850952867
1536.035	0.00019838671734917482
1536.04	0.00019854260998398084
1536.045	0.0001960045056158925
1536.0500000000002	0.00019186088744159278
1536.055	0.0001894660912008058
1536.06	0.00019088856323885045
1536.065	0.0001949892802840448
1536.07	0.00019783527085521436
1536.075	0.00019596464902955576
1536.0800000000002	0.0001929482245614402
1536.085	0.0001941601856675531
1536.09	0.00019348187590110836
1536.095	0.0001873569478976748
1536.1	0.00018546540215887944
1536.105	0.00019144497418742548
1536.1100000000001	0.00019592460375001669
1536.115	0.00019426342417950898
1536.12	0.00019261175076912737
1536.125	0.00019502063504520342
1536.1299999999999	0.00019642493075073964
1536.135	0.00019426280731931405
1536.14	0.00019259566597536938
1536.145	0.00019427381061564098
1536.15	0.00019681551386929844
1536.155	0.00019713589059328678
1536.1599999999999	0.00019640134724001088
1536.1650000000002	0.00019736057575794666
1536.17	0.00019866541529730506
1536.175	0.00019622616564015424
1536.18	0.00019028231011889978
1536.185	0.00018511179961507612
1536.1899999999998	0.00018328516695844893
1536.1950000000002	0.0001855981320212893
1536.2	0.00019109182662579866
1536.205	0.0001961473144762017
1536.21	0.0001998488662881532
1536.215	0.00020032576875836388
1536.22	0.0001973321569971424
1536.2250000000001	0.00019201989910043113
1536.23	0.00018678395101987295
1536.235	0.0001844511192646618
1536.24	0.00018974632303282236
1536.245	0.00020030853263514192
1536.25	0.00020012049160612064
1536.255	0.00019587125001788226
1536.26	0.00020196436714981037
1536.265	0.00020370607934967628
1536.27	0.00020095517792571808
1536.2749999999999	0.00019138803830003994
1536.2800000000002	0.0001806152677565773
1536.285	0.00018469999897256347
1536.29	0.0001954819491801623
1536.295	0.00019559782554216652
1536.3	0.00019183989112351053
1536.3049999999998	0.00019364188204814176
1536.3100000000002	0.0001961813620588323
1536.315	0.00019523636862472398
1536.32	0.00019242493365210264
1536.325	0.00018997340504235373
1536.33	0.00018734132382618407
1536.3349999999998	0.00018057026834201507
1536.3400000000001	0.00017784820912683416
1536.345	0.00018282579874291167
1536.35	0.00018783423781706937
1536.355	0.00018608708002889644
1536.36	0.00017759219468390763
1536.365	0.00017211654914265465
1536.3700000000001	0.0001774172348014942
1536.375	0.00018389127244194454
1536.38	0.00018647730977690126
1536.385	0.00018457625021018362
1536.3899999999999	0.00018095574347818603
1536.395	0.00017985496887961653
1536.4	0.000182521003070723
1536.405	0.0001860139953823857
1536.41	0.0001880081286403908
1536.415	0.0001876920281903781
1536.4199999999998	0.00018730259859327822
1536.4250000000002	0.00018786736227245523
1536.43	0.00018733589149412037
1536.435	0.00018378821691428723
1536.44	0.00018119760252069094
1536.445	0.0001828556282868336
1536.4499999999998	0.00018181804851833
1536.4550000000002	0.00017681875048397032
1536.46	0.000175890420443849
1536.465	0.00017788526012584355
1536.47	0.00017824103672606554
1536.475	0.0001777228972236132
1536.4799999999998	0.0001794591074049653
1536.4850000000001	0.00018190824086870605
1536.49	0.00018257828629024642
1536.4950000000001	0.0001820495477567672
1536.5	0.00018208177059169937
1536.5049999999999	0.00018272742260632012
1536.51	0.00018260013305701744
1536.515	0.00018145630955697904
1536.52	0.0001808994070208009
1536.525	0.0001808273549385928
1536.53	0.00017930937221453526
1536.5349999999999	0.00017672937255744996
1536.54	0.00017600427526934235
1536.545	0.0001772532318564232
1536.55	0.00017807132935782424
1536.555	0.00017721646093055935
1536.56	0.00017532418643509705
1536.5649999999998	0.00017406398892807034
1536.5700000000002	0.00017446844080072307
1536.575	0.00017646827450611786
1536.58	0.00017787228670498455
1536.585	0.00017625674395449581
1536.59	0.0001693032088559984
1536.5949999999998	0.00016187744121073374
1536.6000000000001	0.00016199192011077636
1536.605	0.00017288113343199397
1536.6100000000001	0.0001788222666779338
1536.615	0.00017740401257828866
1536.62	0.00017820297071708565
1536.625	0.00017011329876705472
1536.63	0.00017456990047397608
1536.635	0.0001797870858321153
1536.64	0.0001732295592593357
1536.645	0.00017538329086037388
1536.6499999999999	0.00018322755142265444
1536.655	0.000181516418686799
1536.66	0.0001754526853468836
1536.665	0.00018043434488940028
1536.67	0.00018712089038426053
1536.675	0.00018722166548230625
1536.6799999999998	0.00018640670884517035
1536.685	0.00018795784618365902
1536.69	0.0001910740634730615
1536.695	0.00019165816451132678
1536.7	0.0001926124741791339
1536.705	0.0001923201900889772
1536.71	0.00018632310170851247
1536.7150000000001	0.0001801858145606465
1536.72	0.0001797980288168207
1536.7250000000001	0.00018663332779093926
1536.73	0.0001936921905612043
1536.735	0.00018723923054574375
1536.74	0.00017757182900413496
1536.7450000000001	0.00017173480744613902
1536.75	0.00017241255995547672
1536.755	0.00017911633332859126
1536.76	0.00018755541837002884
1536.7649999999999	0.00019232448308382222
1536.77	0.00019411224410515422
1536.775	0.0001951417037532106
1536.78	0.0001973578327126697
1536.785	0.00019897408488127346
1536.79	0.00019760868946546106
1536.7949999999998	0.00019561526822879158
1536.8	0.000196702755458768
1536.805	0.00019618951166075734
1536.81	0.00019179581376301675
1536.815	0.00019076377093990124
1536.82	0.0001941879220244048
1536.825	0.00019438153278246445
1536.83	0.0001924316786745819
1536.835	0.0001944965623868611
1536.8400000000001	0.0001985540437493112
1536.845	0.00019678377548073528
1536.85	0.00019239010573692678
1536.855	0.0001918085058339648
1536.86	0.0001960144972071173
1536.865	0.0001996718771233625
1536.8700000000001	0.00019969936919850707
1536.875	0.00019920096049001035
1536.8799999999999	0.0001993938096440406
1536.885	0.00019839080990192575
1536.89	0.00019636054318027875
1536.895	0.00019590120719382404
1536.9	0.00019824660094829822
1536.905	0.00020147536618946293
1536.9099999999999	0.00020330399596690793
1536.915	0.00020349226545489404
1536.92	0.00020279887505917027
1536.925	0.0002029101494247189
1536.93	0.00020341552203513973
1536.935	0.00020381156303937197
1536.94	0.00020214679540406038
1536.945	0.00019769345732801287
1536.95	0.00019264154191208713
1536.9550000000002	0.00019360065483590126
1536.96	0.00020248640755915235
1536.965	0.00020181389794520977
1536.97	0.0001887557137579429
1536.975	0.00019420740344850914
1536.98	0.00020622983285734697
1536.9850000000001	0.00020988387597487503
1536.99	0.00021251119451180177
1536.995	0.00021041615679989216
1537	0.00020900895999269897
1537.0049999999999	0.00021119160240641447
1537.01	0.00020956142806153704
1537.015	0.0002065247078872053
1537.02	0.00020758712024858137
1537.0249999999999	0.00021001487136558132
1537.03	0.00020845404994798578
1537.035	0.00020276755338806933
1537.04	0.00020343405576978016
1537.045	0.00020936837000572268
1537.05	0.00020921979581500387
1537.055	0.00020508934023429805
1537.06	0.00020232093609386396
1537.065	0.0002063232674135195
1537.0700000000002	0.00020979559294288414
1537.075	0.00020593156185584613
1537.08	0.00020192423189504917
1537.085	0.0002015188884921207
1537.09	0.0002058698633125991
1537.095	0.00020904112464491787
1537.1000000000001	0.00020721697803271428
1537.105	0.00020341588234538605
1537.11	0.00020090691008037374
1537.115	0.000201714883405961
1537.12	0.00020509708242262182
1537.125	0.000206935126598172
1537.13	0.00020371132837014136
1537.135	0.00019801231323544785
1537.1399999999999	0.00019640279321571388
1537.145	0.0002003181572245657
1537.1499999999999	0.00020418208899334169
1537.1550000000002	0.00020268660162530667
1537.16	0.0002020258383665675
1537.165	0.0002040236140357063
1537.17	0.00020083780746809774
1537.175	0.000196250795997472
1537.18	0.00019858667170043412
1537.1850000000002	0.00019925814415777042
1537.19	0.00019534440897406264
1537.195	0.00019496843442186288
1537.2	0.00019623282809712444
1537.205	0.00019137587885543133
1537.21	0.00018465300103917234
1537.2150000000001	0.00018540959343648698
1537.22	0.0001936293016148272
1537.225	0.0001970883457606085
1537.23	0.00019190807983478957
1537.235	0.0001907955244773663
1537.24	0.00019551440136942217
1537.2450000000001	0.00019709070437796736
1537.25	0.00019218478726308749
1537.2549999999999	0.00018796530278483565
1537.26	0.00018958208410057133
1537.2649999999999	0.0001948071632850257
1537.2700000000002	0.00019913815822518557
1537.275	0.00019999275557597946
1537.28	0.00019772691256840402
1537.285	0.0001954010018626379
1537.29	0.0001957566854704322
1537.2949999999998	0.0001983449095075854
1537.3000000000002	0.0001997542496692687
1537.305	0.0001967459775925083
1537.31	0.00019012250285660364
1537.315	0.00019107279281784797
1537.32	0.00019921149097464332
1537.3249999999998	0.00019009441854523338
1537.3300000000002	0.00018755362563971674
1537.335	0.00020053453103401032
1537.34	0.00020366563213734573
1537.345	0.00020011560544369556
1537.35	0.00018674588662669488
1537.355	0.00017264868466235404
1537.3600000000001	0.00018061211060211321
1537.365	0.00019858582785254155
1537.37	0.0002028570864470306
1537.375	0.00020187421258077901
1537.3799999999999	0.00020410264000285557
1537.385	0.0002053302947936435
1537.39	0.0002017211432215443
1537.395	0.00019577715716579628
1537.4	0.00019577775971053093
1537.405	0.00020233675186057844
1537.4099999999999	0.00020608603263177659
1537.4150000000002	0.00020757884774613385
1537.42	0.0002063085699815793
1537.425	0.00020108953650900546
1537.43	0.00019087655058175898
1537.435	0.000182378876189535
1537.4399999999998	0.00018223764113797913
1537.4450000000002	0.00018614027047250407
1537.45	0.00018927458528862317
1537.455	0.00018797237638943317
1537.46	0.0001828334887925319
1537.465	0.0001819153766467952
1537.4699999999998	0.00018756520873454923
1537.4750000000001	0.0001955359882054525
1537.48	0.00020225033507683781
1537.485	0.00020426124178887502
1537.49	0.00020180031433759664
1537.495	0.000200435062066091
1537.5	0.00020134285184070022
1537.505	0.0001982668250819913
1537.51	0.00019150297907011168
1537.515	0.0001927801856877174
1537.52	0.0002000660444783677
1537.5249999999999	0.00019506730075469564
1537.53	0.00018412653223956612
1537.535	0.00018869816826985443
1537.54	0.0001989830219960717
1537.545	0.00020002084807089248
1537.55	0.00019520131177473192
1537.5549999999998	0.00019633088055488529
1537.5600000000002	0.0002023752053088573
1537.565	0.000205242385495113
1537.57	0.00020450093737911436
1537.575	0.0002039878745753676
1537.58	0.00020549907766774262
1537.5849999999998	0.000205188441536184
1537.5900000000001	0.00020406465212464425
1537.595	0.0002040070604345982
1537.6	0.00020233903228693132
1537.605	0.00019630557780468683
1537.61	0.0001896353980017543
1537.615	0.0001881096521116986
1537.6200000000001	0.00019223543862851756
1537.625	0.00019775243917579747
1537.63	0.00020027892047010129
1537.635	0.0001994725116036785
1537.6399999999999	0.0001975658400162908
1537.645	0.00019684367903244877
1537.65	0.000198927544120076
1537.655	0.0002018723485905216
1537.66	0.00020163532249292503
1537.665	0.00019542023576320596
1537.6699999999998	0.00018943759698761514
1537.675	0.0001926034824001182
1537.68	0.00019595498830062678
1537.685	0.00019469859325938306
1537.69	0.00020062505442074957
1537.695	0.00019740913470982287
1537.6999999999998	0.00019689172175443948
1537.7050000000002	0.000202012541039425
1537.71	0.00019905051738603737
1537.715	0.00019558689152421468
1537.72	0.00020047024878760858
1537.725	0.00020335599097963072
1537.73	0.00020274726760262469
1537.7350000000001	0.00020219104451389447
1537.74	0.00020146273256318748
1537.7450000000001	0.00019931101865005847
1537.75	0.0001959701566418631
1537.7549999999999	0.00019699573268708344
1537.76	0.00019675370051863662
1537.765	0.00019005694958511228
1537.77	0.00018128139611014055
1537.775	0.0001782478032961845
1537.78	0.0001877542632822356
1537.7849999999999	0.00019472226290749578
1537.79	0.00018909333700634412
1537.795	0.00018231606671983232
1537.8	0.0001822852437974904
1537.805	0.00018895362777346765
1537.81	0.00019539147417718173
1537.8149999999998	0.00019549753050850498
1537.82	0.00018954966119335957
1537.825	0.00018730012397995873
1537.8300000000002	0.00018919523237532056
1537.835	0.000191642385782131
1537.84	0.0001906318142544444
1537.845	0.00018412939420374576
1537.8500000000001	0.00017799627532418097
1537.855	0.00017960001336154597
1537.8600000000001	0.00018807187000211608
1537.865	0.00019476864765701946
1537.87	0.00019430926423091857
1537.875	0.00019459426782501558
1537.88	0.00019637216264707037
1537.885	0.0001924684098661308
1537.89	0.00018816265073450268
1537.895	0.0001922336393800514
1537.8999999999999	0.00019599937010767853
1537.905	0.0001957436269609047
1537.91	0.00019429993704801464
1537.915	0.0001954342587418903
1537.92	0.00019416839102619465
1537.925	0.00018949406065000182
1537.9299999999998	0.00018542031966391152
1537.935	0.00018498668596187684
1537.94	0.000185467272581695
1537.9450000000002	0.00018444742612408927
1537.95	0.0001852473837198059
1537.955	0.00018996218104209503
1537.96	0.00019424700847777462
1537.965	0.0001920727759470497
1537.97	0.00018630305997007732
1537.9750000000001	0.0001851682077489354
1537.98	0.00018975246607990057
1537.985	0.00019582509113427176
1537.99	0.00019902667835524943
1537.995	0.00019777546842655796
1538	0.00019433679772693692
1538.005	0.00019184554005360408
1538.01	0.0001917692036772572
1538.0149999999999	0.0001926801917621952
1538.02	0.00019278518787009698
1538.025	0.00019246465652653972
1538.03	0.00019697093999691384
1538.035	0.00020077813032740082
1538.04	0.00019225384649241108
1538.0449999999998	0.0001893905919597312
1538.05	0.00020109655793971307
1538.055	0.00019823513203742448
1538.0600000000002	0.00019661352187854222
1538.065	0.00019989042980383715
1538.07	0.0001955913615331252
1538.075	0.00019573500399484818
1538.08	0.00020391116253615137
1538.085	0.0002052530540918529
1538.0900000000001	0.00020208870425948263
1538.095	0.00020166418098075948
1538.1	0.00020265812785386902
1538.105	0.00019963245945561848
1538.11	0.00019274748723391443
1538.115	0.00019053516671849624
1538.1200000000001	0.0001924632571393069
1538.125	0.0001910456116828119
1538.1299999999999	0.0001884628777610825
1538.135	0.00018924875579833908
1538.1399999999999	0.00019679690822430368
1538.145	0.00020424960994772575
1538.15	0.0002018495999805036
1538.155	0.0001971468161760247
1538.1599999999999	0.00019561748855619857
1538.165	0.00019845436898758583
1538.17	0.00020330470492453787
1538.1750000000002	0.0002065112813572303
1538.18	0.00020577436726413196
1538.185	0.00020470630265444404
1538.19	0.0002048183923550736
1538.195	0.00020591893407475204
1538.2	0.00020652603417397515
1538.2050000000002	0.00020509759318096366
1538.21	0.00020335350893818354
1538.215	0.00020391015208384234
1538.22	0.0002048541432740099
1538.225	0.00020164631356066443
1538.23	0.00019860330812367054
1538.2350000000001	0.0001999178987154637
1538.24	0.00019989046681811673
1538.245	0.00019656551028087216
1538.25	0.0001930661716041032
1538.2549999999999	0.00018972335512775727
1538.26	0.00018877884793673034
1538.265	0.00019296355910503965
1538.27	0.00019570571410972528
1538.2749999999999	0.00019149695591235772
1538.28	0.00018481954235522697
1538.2849999999999	0.00018369577845365207
1538.2900000000002	0.00018776651111078243
1538.295	0.00018860416933705497
1538.3	0.0001830175929776089
1538.305	0.00017722628123790422
1538.31	0.00017843141918504085
1538.315	0.00018427237846852282
1538.3200000000002	0.0001852232896302886
1538.325	0.00017950348737273128
1538.33	0.00017442519595236154
1538.335	0.00017417886196556545
1538.34	0.00017785125192366075
1538.345	0.00018075047187152
1538.3500000000001	0.00018061872220546694
1538.355	0.00017728547249398478
1538.36	0.00017158763367969846
1538.365	0.00016696100656206833
1538.37	0.00016704501459379725
1538.375	0.00017113002052362433
1538.38	0.00017597863897689494
1538.385	0.00017176743161771325
1538.39	0.00016653737998006897
1538.395	0.00017033952483148782
1538.3999999999999	0.00017217035680510274
1538.4050000000002	0.0001695203231584194
1538.41	0.0001685667279481432
1538.415	0.00016543019019476014
1538.42	0.00016347676866762398
1538.425	0.00016426494484160262
1538.4299999999998	0.00016388797166831264
1538.4350000000002	0.00016387422845204382
1538.44	0.00016488201629783202
1538.445	0.00016428595783886586
1538.45	0.00016171924922129519
1538.455	0.00015949597179933111
1538.4599999999998	0.00015962786837259198
1538.4650000000001	0.00015931969393337644
1538.47	0.00015501770399371258
1538.475	0.0001525822324357956
1538.48	0.00015403810136959225
1538.485	0.000157734230589968
1538.49	0.00016082025926978486
1538.4950000000001	0.0001612173128036175
1538.5	0.00016136383389104354
1538.505	0.0001615220537635107
1538.51	0.00016107988264859818
1538.5149999999999	0.00015998278063211367
1538.52	0.0001584652322473116
1538.525	0.00015670709847613392
1538.53	0.0001534306569528226
1538.535	0.00014857512865672692
1538.54	0.00014312363427417926
1538.5449999999998	0.00013885725900700504
1538.5500000000002	0.0001377973590106549
1538.555	0.00014033982949607004
1538.56	0.00014592234784511577
1538.565	0.00015311878939665925
1538.57	0.00015561657686759332
1538.5749999999998	0.00015370090970653156
1538.5800000000002	0.0001534090652990628
1538.585	0.0001548385706009286
1538.59	0.00015308420564886206
1538.595	0.00015146227987645228
1538.6	0.00015286910879069767
1538.6049999999998	0.00015126482535810355
1538.6100000000001	0.00014817229137481752
1538.615	0.0001484136979104362
1538.6200000000001	0.00015000890702929732
1538.625	0.00015005088837832274
1538.6299999999999	0.00014963941482368188
1538.635	0.00014907273972247187
1538.64	0.0001462149457224804
1538.645	0.00014268446001975007
1538.65	0.0001428349264182714
1538.655	0.00014655432593622904
1538.6599999999999	0.00014869533256517701
1538.665	0.00014750933479901665
1538.67	0.00014670913150872833
1538.675	0.00014852354856706435
1538.68	0.0001500561214962893
1538.685	0.00014929180802502947
1538.6899999999998	0.0001483815318315087
1538.6950000000002	0.0001497426456637607
1538.7	0.00015214749876773013
1538.705	0.0001548468578682556
1538.71	0.00015641331552377087
1538.715	0.0001569898423246045
1538.7199999999998	0.0001574888926662596
1538.7250000000001	0.00015887641469338422
1538.73	0.0001606578905649998
1538.7350000000001	0.00016018775747489005
1538.74	0.00015538028511856425
1538.745	0.00015608442457238955
1538.75	0.0001660697186214859
1538.755	0.00016908346020715534
1538.76	0.00017273796453019482
1538.765	0.00017060962669166824
1538.77	0.0001649858849049659
1538.7749999999999	0.0001715048284382856
1538.78	0.00017989524432354722
1538.785	0.00018059270903625417
1538.79	0.00018227009462664143
1538.795	0.0001860093061379294
1538.8	0.00018810982973985614
1538.8049999999998	0.0001882330944976403
1538.81	0.00018732797294184804
1538.815	0.00018477499136153704
1538.82	0.00018260278992285821
1538.825	0.00018292199244754722
1538.83	0.00018594624140752522
1538.8349999999998	0.00018908868055936046
1538.8400000000001	0.00018850488229177562
1538.845	0.00018680856584541927
1538.8500000000001	0.00018590875530845273
1538.855	0.00018676743180634349
1538.86	0.00018869673858626395
1538.865	0.0001900926373142588
1538.8700000000001	0.00019035199019737343
1538.875	0.00019009252016052486
1538.88	0.0001899483716811684
1538.885	0.00019026550954982647
1538.8899999999999	0.00019020786495858752
1538.895	0.00018881276987919174
1538.9	0.00018624993932951734
1538.905	0.00018299029973448602
1538.91	0.000180695872671859
1538.915	0.0001814647670875878
1538.9199999999998	0.00018579322582461174
1538.925	0.00019108609985820738
1538.93	0.00019242311314108648
1538.935	0.00019209542205798788
1538.94	0.00019389596987787877
1538.945	0.00019558866474973823
1538.95	0.0001961249217479889
1538.955	0.00019584879110677217
1538.96	0.0001908633861220952
1538.9650000000001	0.00018510487354231014
1538.97	0.0001870903187413804
1538.975	0.00019434106643939321
1538.98	0.00019762996544667657
1538.985	0.00019653963441829017
1538.99	0.00019692072964022617
1538.9950000000001	0.0001997079293322929
1539	0.00019926057505172037
1539.0049999999999	0.00019416474508378436
1539.01	0.00019104029091780386
1539.015	0.00019420893077178776
1539.02	0.0001992690250083132
1539.025	0.00020241166866308632
1539.03	0.00020471240861028112
1539.0349999999999	0.00020673402460605288
1539.04	0.00020829824665387727
1539.045	0.0002088783625252691
1539.05	0.00020890264607589787
1539.055	0.00020938526827856164
1539.06	0.0002099642262816968
1539.065	0.00021012896315083835
1539.07	0.00020891157785745288
1539.075	0.00020656318586500947
1539.0800000000002	0.00020453020885549144
1539.085	0.00020458844365673802
1539.09	0.00020802927591061755
1539.095	0.00021216720326470778
1539.1	0.00020936576324595763
1539.105	0.00020627578491917446
1539.1100000000001	0.00021513676841117453
1539.115	0.00021877105309929556
1539.12	0.0002178137366477662
1539.125	0.00021129850973316484
1539.1299999999999	0.00020685492795830776
1539.135	0.00021216957544134636
1539.14	0.00021333281167256008
1539.145	0.0002067226453647823
1539.1499999999999	0.000206871613577969
1539.155	0.00021253249698764573
1539.16	0.00021275029418029828
1539.165	0.00020991853488192498
1539.17	0.00020980977214788815
1539.175	0.0002107086378498638
1539.18	0.00020825893647216073
1539.185	0.00020097513918026317
1539.19	0.00020048357548386997
1539.1950000000002	0.00020344865851733152
1539.2	0.00020094862860181126
1539.205	0.00019399605452926464
1539.21	0.00018782640590593006
1539.215	0.00018861587156025533
1539.22	0.00019553841469122627
1539.2250000000001	0.0001992883833667979
1539.23	0.00019826924268471474
1539.235	0.0001938954798146709
1539.24	0.00018930063360611066
1539.245	0.00018809628868875244
1539.25	0.00019076229821559583
1539.255	0.0001933874193289841
1539.26	0.0001955131972013022
1539.2649999999999	0.00019655057889877137
1539.27	0.00019816973743343156
1539.2749999999999	0.0001993431793482015
1539.28	0.00019573925205001362
1539.285	0.00018797663661565572
1539.29	0.0001879213208593134
1539.295	0.00019611398985822635
1539.3	0.0002000413558418529
1539.305	0.00019727704715779537
1539.3100000000002	0.0001973458754667794
1539.315	0.00019996193022495733
1539.32	0.00020108864641924936
1539.325	0.00020137083694495302
1539.33	0.00020287251197466873
1539.335	0.00020483868738619727
1539.3400000000001	0.00020334179075599
1539.345	0.00019735451286860865
1539.35	0.00018963470178908046
1539.355	0.0001843403563937888
1539.36	0.00018489927627739282
1539.365	0.00019135958077161474
1539.3700000000001	0.0001998663474752691
1539.375	0.00020557933901733263
1539.3799999999999	0.00020620972283189997
1539.385	0.00020590649729833243
1539.3899999999999	0.0002073706017927206
1539.395	0.0002084889618062107
1539.4	0.00020716950538975033
1539.405	0.00020394892704168188
1539.41	0.00020081292427898535
1539.415	0.00019940083698377116
1539.4199999999998	0.00020004119132838996
1539.4250000000002	0.00020252472803780703
1539.43	0.00020572679089745117
1539.435	0.00020750510632561078
1539.44	0.00020663420164257875
1539.445	0.00020377062354973136
1539.4499999999998	0.0002024506684713344
1539.4550000000002	0.00020469958217748208
1539.46	0.00020380185028261435
1539.465	0.00020221940558463506
1539.47	0.0002053741254631976
1539.475	0.0001974071865323608
1539.48	0.0001975743330231175
1539.4850000000001	0.00020599911322306434
1539.49	0.00020683975184387855
1539.495	0.00020570599606515574
1539.5	0.00020563158702409091
1539.5049999999999	0.00020268272977810487
1539.5100000000002	0.0002027665558076824
1539.515	0.0002077424383747143
1539.52	0.0002117126986698016
1539.525	0.00020834423391092262
1539.53	0.00020358260869236577
1539.5349999999999	0.00021039196938971687
1539.5400000000002	0.00021735880805217442
1539.545	0.00021826483652078805
1539.55	0.0002159631171492253
1539.555	0.000217786304104155
1539.56	0.00022560258172991187
1539.5649999999998	0.00022867336356680805
1539.5700000000002	0.00022913414395362954
1539.575	0.00022864778998849368
1539.58	0.00022601594181190744
1539.585	0.0002211488815205998
1539.59	0.00021692924351163814
1539.5949999999998	0.0002172485015797696
1539.6000000000001	0.00022339477103805718
1539.605	0.0002290995364309146
1539.61	0.00023108923941539153
1539.615	0.00022996973262529738
1539.62	0.00022786883050970427
1539.625	0.000227384342889032
1539.63	0.00022804834989181158
1539.635	0.00022636892093873186
1539.64	0.00022176918217714075
1539.645	0.0002178933282108779
1539.6499999999999	0.00021877249239016672
1539.655	0.0002206293509091979
1539.66	0.00021919502902080138
1539.665	0.0002172685558518024
1539.67	0.00021781471111251112
1539.675	0.00021763200255163918
1539.6799999999998	0.0002152392939938753
1539.6850000000002	0.00021388067175981694
1539.69	0.0002138016044665321
1539.695	0.00021054001906521618
1539.7	0.00020339025137374174
1539.705	0.00019828153488298425
1539.7099999999998	0.00020112424340268853
1539.7150000000001	0.00020923882096018665
1539.72	0.0002126397797233098
1539.725	0.00020915189580393464
1539.73	0.0002078841490877725
1539.735	0.00021257509054216608
1539.74	0.0002152501857126704
1539.7450000000001	0.00021234379329882836
1539.75	0.00021165383910431106
1539.755	0.0002138077946415758
1539.76	0.0002128774070627843
1539.7649999999999	0.00020535457288974458
1539.77	0.00019705259881835536
1539.775	0.00019079653457062623
1539.78	0.00019150713426924044
1539.785	0.00019938445459807914
1539.79	0.00020836564391262354
1539.7949999999998	0.00021505661049487856
1539.8	0.00021649902160190507
1539.805	0.00021599534933116168
1539.81	0.00021798352816432384
1539.815	0.00021472527994636416
1539.82	0.00021000419454339665
1539.8249999999998	0.00021394758456890002
1539.8300000000002	0.00020571989508536584
1539.835	0.00019778452535955358
1539.84	0.00020552980631198956
1539.845	0.00020172640510538449
1539.85	0.0001888615431983942
1539.855	0.00019221004542846574
1539.8600000000001	0.00020967962209693071
1539.865	0.00021576618644682965
1539.8700000000001	0.0002112297729108725
1539.875	0.00021005729093108097
1539.8799999999999	0.0002147827819768286
1539.885	0.00022174312205627448
1539.89	0.00022612534420479835
1539.895	0.00022706374871148482
1539.9	0.00022703443022314173
1539.905	0.00022588939325083663
1539.9099999999999	0.00022549080311557595
1539.915	0.00022702860746540385
1539.92	0.00022984475515892665
1539.925	0.00023138441414569883
1539.93	0.000230429055821474
1539.935	0.00023091448914518815
1539.9399999999998	0.0002320936065481681
1539.945	0.00023195436093096915
1539.95	0.00022921789614879966
1539.955	0.00022442898117245932
1539.96	0.00022105794065607295
1539.965	0.00022282942822366035
1539.97	0.0002262430910351411
1539.9750000000001	0.00022887768074522226
1539.98	0.00022691664243050687
1539.9850000000001	0.00022005697158329388
1539.99	0.00021654522014549068
1539.995	0.00022197962242455162
1540	0.0002296417730578001
1540.005	0.00022185066822426826
1540.01	0.0002174060611383189
1540.015	0.0002275136536342602
1540.02	0.00023292485018102632
1540.0249999999999	0.00022912866417917826
1540.03	0.00022912039224160056
1540.035	0.00022901741102373272
1540.04	0.0002259169746643025
1540.045	0.00022480441128255928
1540.05	0.00022814632759172082
1540.0549999999998	0.00023152054893882919
1540.06	0.0002327198200934242
1540.065	0.00023340375235244245
1540.07	0.000234998357846703
1540.075	0.0002338930796698303
1540.08	0.00023038318417485684
1540.085	0.000229848243985761
1540.09	0.00023264999126100554
1540.095	0.00023413604743094618
1540.1000000000001	0.00023222911525326687
1540.105	0.00022877074677363497
1540.11	0.0002268895416879823
1540.115	0.00022818341468787892
1540.12	0.00023145290700417312
1540.125	0.0002341153673416166
1540.13	0.0002363485173780989
1540.135	0.0002372529260868051
1540.1399999999999	0.0002376959873251626
1540.145	0.00023802684834580695
1540.15	0.000238221173385851
1540.155	0.00023820546146905114
1540.16	0.00023785732837680436
1540.165	0.00023819439225673214
1540.1699999999998	0.00023823579473435786
1540.175	0.00023530547829911188
1540.18	0.00023403475643135613
1540.1850000000002	0.00023151585597179023
1540.19	0.0002276960455014988
1540.195	0.00022934479488801463
1540.2	0.0002288471662272801
1540.205	0.00022342786742254075
1540.21	0.00022280390485328262
1540.2150000000001	0.00022812990165805539
1540.22	0.00023107044340338724
1540.225	0.0002296302641770407
1540.23	0.00022801046320470195
1540.235	0.00022904811165993204
1540.24	0.00022980151139342632
1540.2450000000001	0.00022458814224374834
1540.25	0.00022110004995556332
1540.2549999999999	0.00022556467901280688
1540.26	0.00023032385907331633
1540.2649999999999	0.00022810107248073547
1540.27	0.0002188060609050931
1540.275	0.00021573413943865176
1540.28	0.00022561130207901037
1540.2849999999999	0.0002346142822243989
1540.29	0.00023587673347331967
1540.295	0.0002344180021593824
1540.3000000000002	0.0002350330151663577
1540.305	0.0002390809043244011
1540.31	0.00024270547342285554
1540.315	0.00024034930668321593
1540.32	0.0002371663541335941
1540.325	0.00023884006277929317
1540.3300000000002	0.0002446937699721906
1540.335	0.00024839020089675114
1540.34	0.00024329181585617618
1540.345	0.00023851934540825096
1540.35	0.00024454036884946926
1540.355	0.00025278585306166086
1540.3600000000001	0.00024827568527233514
1540.365	0.0002465027911190702
1540.37	0.0002505546029866261
1540.375	0.0002451487657936464
1540.3799999999999	0.0002320654615455713
1540.385	0.00022834136510976446
1540.39	0.0002377478304081387
1540.395	0.0002475026152051148
1540.3999999999999	0.00024958000557947547
1540.405	0.00024728040009878153
1540.4099999999999	0.00024686016868368497
1540.4150000000002	0.00024856117213143726
1540.42	0.0002492432068781057
1540.425	0.00024864255104027773
1540.43	0.00024830516216407827
1540.435	0.00024726248417312145
1540.44	0.0002434406684264801
1540.4450000000002	0.00023858677775104778
1540.45	0.0002374790067643221
1540.455	0.00024076138967933853
1540.46	0.00024308831981364275
1540.465	0.0002416921605757403
1540.47	0.0002389544553675888
1540.4750000000001	0.00023775528665327412
1540.48	0.00023874169620867954
1540.485	0.00024097268802927255
1540.49	0.00024240713100806186
1540.495	0.00024150626404332667
1540.5	0.0002389544154049213
1540.505	0.00023718256609852028
1540.51	0.000237136920054932
1540.515	0.0002381647197096665
1540.52	0.00023518418984601276
1540.5249999999999	0.0002314894518688329
1540.5300000000002	0.00023750463856334286
1540.535	0.00023700415874760872
1540.54	0.00023380652839640807
1540.545	0.00023844079975626935
1540.55	0.00023735527305741852
1540.5549999999998	0.00023829780512858235
1540.5600000000002	0.0002394643736563347
1540.565	0.0002321043287988848
1540.57	0.00022788104899071923
1540.575	0.0002341851202160238
1540.58	0.00023977434096216567
1540.5849999999998	0.00023973200796699036
1540.5900000000001	0.00023913368320556793
1540.595	0.0002381148378165831
1540.6	0.00023455429826976565
1540.605	0.00022873163788831026
1540.61	0.00022568418057229692
1540.615	0.00023099141919397461
1540.6200000000001	0.00023686360410641783
1540.625	0.0002401161012864247
1540.63	0.0002408507837968887
1540.635	0.00024147138784332724
1540.6399999999999	0.00024148579893356925
1540.645	0.00023882128752232646
1540.65	0.00023577092457889928
1540.655	0.00023434816486336666
1540.66	0.00023594350423735786
1540.665	0.00024019235336126944
1540.6699999999998	0.00024326512343243433
1540.6750000000002	0.00024376853254112993
1540.68	0.00024238013923661217
1540.685	0.00024061917261547448
1540.69	0.00023919072230132747
1540.695	0.00023651606457416745
1540.6999999999998	0.00022960233551111114
1540.7050000000002	0.00022248372594390665
1540.71	0.0002241298313699433
1540.715	0.00023748177846984097
1540.72	0.0002455610038322295
1540.725	0.00024554406396671365
1540.7299999999998	0.0002458448923719438
1540.7350000000001	0.0002399219418396561
1540.74	0.00023263568500653115
1540.7450000000001	0.00023496972897403046
1540.75	0.00023993881551136054
1540.7549999999999	0.0002367764216895934
1540.76	0.00022753398176544908
1540.765	0.0002247062897154167
1540.77	0.00023036854507424068
1540.775	0.0002356821372327143
1540.78	0.00023493174341804622
1540.7849999999999	0.00023337112726156244
1540.79	0.0002345436966013731
1540.795	0.00023634088249995566
1540.8	0.00023657324336634936
1540.805	0.00023566132486206126
1540.81	0.00023451868745667936
1540.8149999999998	0.00023219142108531985
1540.8200000000002	0.00022783664858817837
1540.825	0.00022400265286134604
1540.83	0.00022362893322026264
1540.835	0.0002262364656548563
1540.84	0.00022992065818344605
1540.8449999999998	0.0002305752143086281
1540.8500000000001	0.00022642885864705044
1540.855	0.00021816715933972497
1540.8600000000001	0.00021156078762558537
1540.865	0.0002113604504566353
1540.87	0.00022036645689794957
1540.875	0.00023118430984019194
1540.88	0.00022715678200650708
1540.885	0.0002268822816455329
1540.89	0.00023205721244953852
1540.895	0.000222718691102676
1540.8999999999999	0.00022726342406003934
1540.905	0.0002298266052185138
1540.91	0.0002154989929810057
1540.915	0.00021425790908358004
1540.92	0.00022549378410507314
1540.925	0.00023256738815788356
1540.9299999999998	0.00022915902737648646
1540.935	0.00022863512142581077
1540.94	0.00023536720214501554
1540.945	0.00023853441372962672
1540.95	0.00023764507645547762
1540.955	0.00023786297539927186
1540.9599999999998	0.00023747028905296824
1540.9650000000001	0.00023538291310181895
1540.97	0.00023325344081773442
1540.9750000000001	0.00023532082310899775
1540.98	0.00023574494977723974
1540.985	0.00022816873143948526
1540.99	0.00022041564452808475
1540.9950000000001	0.00021802761555427222
1541	0.00022204459503762984
1541.005	0.00022694014246419042
1541.01	0.00022384998160484258
1541.0149999999999	0.00021744083850700334
1541.02	0.00021589531936929579
1541.025	0.0002211821468382139
1541.03	0.0002300010912563114
1541.035	0.00023639113920329008
1541.04	0.00023684467753431248
1541.0449999999998	0.00023360610988708158
1541.05	0.00023274625999417672
1541.055	0.00023848985925261764
1541.06	0.00024365597049554887
1541.065	0.0002438680845251984
1541.07	0.00024398187367471964
1541.0749999999998	0.00024769722481001545
1541.08	0.00024909752531459607
1541.085	0.00025028749020505393
1541.0900000000001	0.00024740320184700573
1541.095	0.00023763229500767133
1541.1	0.00023286682968800526
1541.105	0.0002404713094215471
1541.1100000000001	0.00025110063092630695
1541.115	0.0002559915557030728
1541.1200000000001	0.00025704509848365137
1541.125	0.0002563919434410084
1541.1299999999999	0.0002534140012108937
1541.135	0.0002499340627323606
1541.14	0.0002491302240538916
1541.145	0.0002506157350985299
1541.15	0.0002496416889238521
1541.155	0.000242636256994226
1541.1599999999999	0.00023214774535851887
1541.165	0.00022755144497700638
1541.17	0.0002309901528071481
1541.175	0.00023855036517231732
1541.18	0.00024474684026841047
1541.185	0.00024707712383468356
1541.1899999999998	0.0002463177845495514
1541.195	0.0002443039407115745
1541.2	0.00024285432726808611
1541.2050000000002	0.00024298091220765542
1541.21	0.00024432460716857933
1541.215	0.00024548374594336606
1541.22	0.0002454506933498256
1541.225	0.00024485262252167494
1541.23	0.00024534925858803733
1541.2350000000001	0.0002415663923892316
1541.24	0.000234142544311637
1541.245	0.00023589633303063896
1541.25	0.00024019249268511335
1541.2549999999999	0.00024063935409626076
1541.26	0.00024228162614975467
1541.265	0.00024263235868433937
1541.27	0.00024321387363175655
1541.2749999999999	0.00024130281589497817
1541.28	0.0002315303658925877
1541.285	0.00022284376038921865
1541.29	0.0002232207506998026
1541.295	0.00023013199723607416
1541.3	0.00023627772052243147
1541.305	0.00023696646417709378
1541.31	0.00023321576766596858
1541.315	0.0002313322733909862
1541.3200000000002	0.00022928310630270768
1541.325	0.0002264620685380819
1541.33	0.00022333677621242602
1541.335	0.00022219399761065988
1541.34	0.00022171929972747523
1541.345	0.00022027449063732844
1541.3500000000001	0.00022012309921781492
1541.355	0.00022342523882214736
1541.36	0.00023027399802983043
1541.365	0.00023514476658865102
1541.37	0.0002334905209162979
1541.375	0.00022742246283827632
1541.38	0.00022175872886456003
1541.385	0.00022012906108456618
1541.3899999999999	0.00022328330057670812
1541.395	0.0002292730318945932
1541.3999999999999	0.0002331294852166092
1541.405	0.0002320800141185657
1541.41	0.000229519847489513
1541.415	0.00023120271591594782
1541.42	0.00023621004145410462
1541.425	0.00023793347576961632
1541.43	0.00023780626362208932
1541.4350000000002	0.00023867164629710292
1541.44	0.0002338265363518506
1541.445	0.00022983576497112018
1541.45	0.00023295697318273444
1541.455	0.00023884633236694077
1541.46	0.00024046155654737982
1541.4650000000001	0.0002400134140624066
1541.47	0.00024127726430679466
1541.475	0.00024319672409338106
1541.48	0.0002443393604781235
1541.485	0.00024475300417727404
1541.49	0.00024413584382587932
1541.4950000000001	0.00024126648743964777
1541.5	0.00023678640736295658
1541.5049999999999	0.00023432007163188501
1541.51	0.0002363928474228179
1541.5149999999999	0.00024012398643706194
1541.52	0.00024126445000423148
1541.525	0.00023989857429317318
1541.53	0.00023862297536484994
1541.535	0.00023785416415982927
1541.54	0.0002363780407844317
1541.5449999999998	0.00023403004887204
1541.5500000000002	0.00023088672680330008
1541.555	0.00022861737534514342
1541.56	0.00022842577424016613
1541.565	0.00022927231266860619
1541.57	0.00022999295697683297
1541.575	0.0002277216098411233
1541.5800000000002	0.00022305762489325238
1541.585	0.0002209685543198508
1541.59	0.00022423327620251708
1541.595	0.0002227411940494214
1541.6	0.00022036530311090287
1541.605	0.00022300177079524354
1541.6100000000001	0.0002201915221346816
1541.615	0.0002211748985845788
1541.62	0.00022597340260434412
1541.625	0.00022444572003469513
1541.6299999999999	0.00022216167399978986
1541.6350000000002	0.0002257030924283259
1541.64	0.00022916820980030462
1541.645	0.0002289493338828576
1541.65	0.00022865737699207683
1541.655	0.00022943708861221498
1541.6599999999999	0.00022960917181200676
1541.6650000000002	0.00022794897491037815
1541.67	0.000226043116636986
1541.675	0.00022750284350672514
1541.68	0.00022949192118173497
1541.685	0.00023056803193213674
1541.6899999999998	0.000231666257526669
1541.6950000000002	0.00023287174212391774
1541.7	0.00023285752068519821
1541.705	0.0002298989908718081
1541.71	0.00022842825083612816
1541.715	0.00023032983265298992
1541.7199999999998	0.00023263753865440087
1541.7250000000001	0.0002322300722324909
1541.73	0.00022791687311000676
1541.735	0.0002216927940741133
1541.74	0.00021821034513337152
1541.745	0.00022060713979496594
1541.75	0.0002264617310257906
1541.755	0.000230178094160482
1541.76	0.0002275953234510648
1541.765	0.0002241169056104776
1541.77	0.0002271287346931217
1541.7749999999999	0.00023618446575973976
1541.78	0.00023641205026008136
1541.785	0.0002310793899626863
1541.79	0.0002361512480002695
1541.795	0.00024049573116137897
1541.8	0.00023212544521658936
1541.8049999999998	0.00022906895628117862
1541.8100000000002	0.00023791173238389766
1541.815	0.0002478235937262502
1541.82	0.0002513080068469991
1541.825	0.0002532878326867599
1541.83	0.0002557402750256573
1541.8349999999998	0.0002572950206001237
1541.8400000000001	0.00025699711066791745
1541.845	0.00025342850486913065
1541.85	0.0002453327125178395
1541.855	0.00023579737735909755
1541.86	0.00023328402751137886
1541.865	0.00024316555973006752
1541.8700000000001	0.0002575278294589068
1541.875	0.00026125446512309275
1541.88	0.0002582959737444839
1541.885	0.0002577284758587624
1541.8899999999999	0.0002608356545714391
1541.895	0.000264012113869662
1541.9	0.00026402185912122286
1541.905	0.0002608551534884229
1541.91	0.0002559709609866859
1541.915	0.0002516853938822052
1541.9199999999998	0.0002500113269976053
1541.925	0.00025041487643770433
1541.93	0.0002530174005264868
1541.935	0.00025740020188283556
1541.94	0.00026157787601139963
1541.945	0.000261837895721006
1541.9499999999998	0.0002586673338603142
1541.9550000000002	0.000254913161049561
1541.96	0.0002531216548256012
1541.965	0.0002494504511559809
1541.97	0.0002409998321743436
1541.975	0.00024097159479592674
1541.98	0.0002490165607777429
1541.9850000000001	0.0002518889648967428
1541.99	0.0002493853831145834
1541.9950000000001	0.0002501035461166578
1542	0.0002516147152846407
1542.0049999999999	0.00025168319035273146
1542.01	0.00025129297611214453
1542.015	0.0002493779788390817
1542.02	0.00024393204277260334
1542.025	0.00023460673732986117
1542.03	0.0002274569867500784
1542.0349999999999	0.00023285686245466122
1542.04	0.00024073427512735017
1542.045	0.00024091307457462256
1542.05	0.00023484588959966994
1542.055	0.00022985821608993262
1542.06	0.00023213037156802802
1542.0649999999998	0.00023971944200212135
1542.07	0.00024372507353185942
1542.075	0.00024333066007220747
1542.08	0.00024056786222880532
1542.085	0.0002379442556489669
1542.09	0.0002374333742111924
1542.095	0.00023918885421076607
1542.1000000000001	0.00024202680956607878
1542.105	0.0002454170576113005
1542.1100000000001	0.00024887722593830766
1542.115	0.0002503507530030921
1542.12	0.00024859708104143537
1542.125	0.0002465468546188531
1542.13	0.00024787553329352283
1542.135	0.0002486804557947823
1542.14	0.00024273066121996716
1542.145	0.00023907660117675062
1542.1499999999999	0.00024446052646717254
1542.155	0.000252074623593412
1542.16	0.00025214369994753605
1542.165	0.0002515524113378869
1542.17	0.0002513620083309307
1542.175	0.00024790424474803213
1542.1799999999998	0.00024334149088042447
1542.185	0.0002447343153567042
1542.19	0.00025146817793351295
1542.195	0.0002545515085666195
1542.2	0.00025187747251042213
1542.205	0.0002520798265014186
1542.21	0.0002557899277097149
1542.215	0.00025665332760793495
1542.22	0.0002543602993940987
1542.2250000000001	0.0002539319150053892
1542.23	0.00025615939081472027
1542.235	0.000258930955568378
1542.24	0.0002603579323088343
1542.245	0.00025996032810466946
1542.25	0.00025822697168300106
1542.255	0.0002552114750073996
1542.26	0.0002496257223470584
1542.2649999999999	0.0002441807194414739
1542.27	0.000240314875738555
1542.275	0.00024045443732779385
1542.28	0.00024395059860040996
1542.285	0.0002499038037908984
1542.29	0.00025551478077331366
1542.2949999999998	0.00025392349502625266
1542.3	0.00025038115046921525
1542.305	0.00025176617765622345
1542.31	0.000247110664146806
1542.315	0.00023695512578197808
1542.32	0.00024277534639460314
1542.325	0.00023514298801796598
1542.33	0.0002141730725681614
1542.335	0.00021871674448297026
1542.3400000000001	0.00023357294915113603
1542.345	0.0002328762752705702
1542.35	0.00022351694858049727
1542.355	0.00022235383210552075
1542.36	0.0002231454096334508
1542.365	0.0002207926394252453
1542.3700000000001	0.00021879267539027858
1542.375	0.0002228519415249362
1542.3799999999999	0.00022896914802387756
1542.385	0.00022682421997242359
1542.3899999999999	0.0002238671530737876
1542.395	0.00022564272486773226
1542.4	0.00023080033937975731
1542.405	0.00023549238793886778
1542.4099999999999	0.0002363284658812123
1542.415	0.0002363992888221628
1542.42	0.00023709327283630987
1542.4250000000002	0.0002380562266724612
1542.43	0.00023868550974708957
1542.435	0.00023841597593947405
1542.44	0.00023733342465555822
1542.445	0.00023575353543592837
1542.45	0.0002334117018038378
1542.4550000000002	0.00023005705916910658
1542.46	0.00022695010049279848
1542.465	0.00022463600815919848
1542.47	0.0002242983235843071
1542.475	0.00022649258461999959
1542.48	0.00022875936111403455
1542.4850000000001	0.00022734607593705256
1542.49	0.00022448371721886195
1542.495	0.0002271833696647809
1542.5	0.00023372174214947785
1542.5049999999999	0.00023531788199369138
1542.51	0.0002355553628686317
1542.515	0.00023839612115400752
1542.52	0.00024091344665315553
1542.5249999999999	0.00024134075559310207
1542.53	0.00024071764495845935
1542.5349999999999	0.00023778911034109685
1542.5400000000002	0.0002358221950468354
1542.545	0.00023743778214632504
1542.55	0.0002378427139170262
1542.555	0.00023139759832549906
1542.56	0.00022590603555873678
1542.565	0.00022890254220927906
1542.5700000000002	0.0002342737557501304
1542.575	0.00023145727936429268
1542.58	0.0002212474186631518
1542.585	0.00021443292324002108
1542.59	0.00021790725752166142
1542.595	0.00022777870512469224
1542.6000000000001	0.00023528595881703953
1542.605	0.00023785541153341106
1542.61	0.00023852123411125626
1542.615	0.00023966916577515172
1542.62	0.00024154363718334478
1542.625	0.00024312308623217606
1542.63	0.00024275941678159038
1542.635	0.00023972358794335078
1542.6399999999999	0.0002352486399370441
1542.645	0.00023351367516944268
1542.6499999999999	0.00023787289786217467
1542.6550000000002	0.00024066130086554632
1542.66	0.0002388640977880156
1542.665	0.0002427975596550022
1542.67	0.00024276938845093723
1542.675	0.00024336188621054065
1542.6799999999998	0.0002449661908152214
1542.6850000000002	0.00024222123636665483
1542.69	0.00024262341417584862
1542.695	0.00024472106833050357
1542.7	0.00024012247791225193
1542.705	0.00023497072954035205
1542.7099999999998	0.00023597545631338896
1542.7150000000001	0.0002392141660763707
1542.72	0.00024012508473647234
1542.725	0.00023947373104619662
1542.73	0.0002404749144507379
1542.735	0.00024348378970929393
1542.74	0.000240040576129762
1542.7450000000001	0.00023439764919287024
1542.75	0.0002318685554732805
1542.7549999999999	0.00023457445141981026
1542.76	0.00024108997757984536
1542.7649999999999	0.00024387607761098146
1542.7700000000002	0.0002430659581876028
1542.775	0.00024157366672576607
1542.78	0.0002410680659909443
1542.785	0.00024160356686689239
1542.79	0.0002404607644094877
1542.7949999999998	0.00023784025990376966
1542.8000000000002	0.00023572170613241295
1542.805	0.00023524525003593564
1542.81	0.00023679113668481153
1542.815	0.00023960695572127464
1542.82	0.00024239054900480013
1542.8249999999998	0.00024370582248988556
1542.8300000000002	0.0002446002348409795
1542.835	0.000245295639579988
1542.84	0.00024382181658896728
1542.845	0.00023941218149217775
1542.85	0.0002370446440054798
1542.8549999999998	0.00023894937045137787
1542.8600000000001	0.00023931537418833676
1542.865	0.0002366086702561982
1542.8700000000001	0.00023763101927617807
1542.875	0.0002375249406414631
1542.8799999999999	0.00023054848146806975
1542.885	0.00022459309008917845
1542.89	0.00022619093105579496
1542.895	0.00023390103688463273
1542.9	0.0002408598147131024
1542.905	0.00024378922304055101
1542.9099999999999	0.0002440911177543963
1542.915	0.00024350522535868203
1542.92	0.00024185076588057873
1542.925	0.0002409223719642214
1542.93	0.0002421983082672891
1542.935	0.00024347575928335626
1542.9399999999998	0.00024192002502609834
1542.9450000000002	0.00023855463417558293
1542.95	0.00023653516756167744
1542.955	0.0002365908079817013
1542.96	0.00023723360512084622
1542.965	0.00023694829646628193
1542.9699999999998	0.0002361288128673932
1542.9750000000001	0.00023599640074801228
1542.98	0.00023763475230503264
1542.9850000000001	0.00024131102620618205
1542.99	0.00024406094640196094
1542.995	0.0002445327225742858
1543	0.00024202776054897714
1543.005	0.00024104328459269823
1543.01	0.00024395823304977984
1543.015	0.00023906483372594786
1543.02	0.00022681348556845784
1543.0249999999999	0.00023262168879777567
1543.03	0.00024268596985343598
1543.035	0.0002459919638332346
1543.04	0.00024713023562329515
1543.045	0.0002433041939522097
1543.05	0.000238598811680671
1543.0549999999998	0.00024125114081566872
1543.06	0.00024646705201616167
1543.065	0.00024860697081282494
1543.07	0.0002477561412195245
1543.075	0.00024254007335110608
1543.08	0.0002310497452607977
1543.0849999999998	0.00022399273948075872
1543.0900000000001	0.00022719164511063685
1543.095	0.00023726140714232222
1543.1000000000001	0.00024530070271108284
1543.105	0.0002449678368922278
1543.11	0.0002424987468419633
1543.115	0.00024465932498218373
1543.1200000000001	0.0002452471792697502
1543.125	0.00024442525905894594
1543.13	0.00024546439866196426
1543.135	0.0002498015416626074
1543.1399999999999	0.00025205491286799385
1543.145	0.0002449505938608381
1543.15	0.00023471462147801598
1543.155	0.0002297208784436753
1543.16	0.0002317123236429381
1543.165	0.00023729344982001014
1543.1699999999998	0.00024127528126699596
1543.175	0.00023958408044174473
1543.18	0.00023247281015147434
1543.185	0.00022743840441745322
1543.19	0.00023170567562317057
1543.195	0.0002451462559700259
1543.1999999999998	0.0002523493854064183
1543.205	0.00025180734763415274
1543.21	0.0002529139724854535
1543.2150000000001	0.0002488883913615469
1543.22	0.00023510808539591778
1543.225	0.0002311529749551032
1543.23	0.0002396780694334105
1543.2350000000001	0.00024698167329082003
1543.24	0.00024268169938704555
1543.2450000000001	0.00023657293058931836
1543.25	0.00023886085590006979
1543.2549999999999	0.00024461642160006645
1543.26	0.0002451598805290161
1543.265	0.0002425578906205769
1543.27	0.00024581664646409975
1543.275	0.0002497039999608364
1543.28	0.00024132950748715625
1543.2849999999999	0.00023213048737482598
1543.29	0.00023412315479845032
1543.295	0.00024335528665858644
1543.3	0.0002491082007886221
1543.305	0.00024904265281472436
1543.31	0.0002475026581837018
1543.3149999999998	0.00024777234841833975
1543.32	0.0002497396826857199
1543.325	0.00025139051578718655
1543.3300000000002	0.00025151594308458466
1543.335	0.0002493955579582377
1543.34	0.0002473151063901254
1543.345	0.0002472232913068126
1543.35	0.00024925746632589203
1543.355	0.00025325822381541886
1543.3600000000001	0.0002556765549974414
1543.365	0.0002559235906223089
1543.37	0.00025607137524363545
1543.375	0.0002554912237362894
1543.3799999999999	0.00025477229450629967
1543.385	0.000254659006872817
1543.39	0.00024778293411470507
1543.395	0.00024267040934349736
1543.3999999999999	0.00024843112588418434
1543.405	0.0002525035205204684
1543.41	0.000249402304644807
1543.415	0.0002505018148164491
1543.42	0.0002541237354574326
1543.425	0.0002537267298229766
1543.4299999999998	0.00025024878488471794
1543.435	0.00024730135677528717
1543.44	0.0002450600652140034
1543.4450000000002	0.00024359579403247352
1543.45	0.0002440441460152375
1543.455	0.0002488936791152985
1543.46	0.0002514879450759477
1543.465	0.0002471315658553825
1543.47	0.0002413917497234078
1543.4750000000001	0.00023965035068719255
1543.48	0.00024313980228676279
1543.485	0.00024665408981435285
1543.49	0.00024526884476444664
1543.495	0.00024401894529096896
1543.5	0.0002444930752045709
1543.505	0.0002461458589446981
1543.51	0.0002470910881404942
1543.5149999999999	0.0002451209009034977
1543.52	0.00024174633685164175
1543.5249999999999	0.00024083659711968152
1543.53	0.00024313253034382397
1543.535	0.00024728529180432514
1543.54	0.0002484538382158827
1543.545	0.00024252912084314903
1543.55	0.00023464248362269554
1543.555	0.00023451379365817233
1543.5600000000002	0.00024539216073040775
1543.565	0.00024761845925418325
1543.57	0.00024271301272995623
1543.575	0.00024532224869445546
1543.58	0.0002509766544896313
1543.585	0.0002477783652518438
1543.5900000000001	0.0002447006895680188
1543.595	0.0002458023229147893
1543.6	0.00024781703509122046
1543.605	0.00024855719624377974
1543.61	0.0002502606063245808
1543.615	0.00025179247068585106
1543.6200000000001	0.0002492031247302109
1543.625	0.00024486497324195655
1543.6299999999999	0.000244660597139809
1543.635	0.00024809505746287077
1543.6399999999999	0.00025043248683083756
1543.645	0.0002517351613088528
1543.65	0.0002531884871364401
1543.655	0.00025372913063245094
1543.66	0.00025286099851930174
1543.665	0.0002518415784841266
1543.6699999999998	0.00025204502367298973
1543.6750000000002	0.00025330241339242756
1543.68	0.00025423351325661237
1543.685	0.000253756750330464
1543.69	0.00025080507082520296
1543.695	0.0002452743538240774
1543.7	0.00024117186948361077
1543.7050000000002	0.00024005386688741821
1543.71	0.0002429439483407019
1543.715	0.00024741077646139246
1543.72	0.00024530160130231535
1543.725	0.0002436549965700613
1543.73	0.000246506780388616
1543.7350000000001	0.00022948151472877327
1543.74	0.00022228680765893537
1543.745	0.0002384095316260729
1543.75	0.00024291049804772732
1543.7549999999999	0.00023920734273828075
1543.76	0.00024213668541637253
1543.765	0.00024558584424396883
1543.77	0.00024266811700717842
1543.775	0.000239348404295037
1543.78	0.00024074753060984518
1543.7849999999999	0.0002447877586420097
1543.7900000000002	0.0002459434316062003
1543.795	0.00024685478946148763
1543.8	0.0002480310241680038
1543.805	0.0002479687639366422
1543.81	0.00024692430067975766
1543.8149999999998	0.00024645990326496064
1543.8200000000002	0.00024762630093115194
1543.825	0.00024357212285185136
1543.83	0.00023785898480137307
1543.835	0.00023683802688984843
1543.84	0.00024193920337256357
1543.8449999999998	0.00024985363247760146
1543.8500000000001	0.0002547690816749881
1543.855	0.0002545096119258964
1543.86	0.00025381193775075416
1543.865	0.000253882860872065
1543.87	0.0002544849422654474
1543.875	0.0002539684970078079
1543.88	0.0002510207895760617
1543.885	0.00024695137667120467
1543.89	0.00024623075028779056
1543.895	0.0002506272819514528
1543.8999999999999	0.0002565021318488465
1543.905	0.00025520196613207385
1543.91	0.00024860241683200007
1543.915	0.00025035497802841525
1543.92	0.00025741144758091616
1543.925	0.0002579973889782573
1543.9299999999998	0.00025764270480706583
1543.9350000000002	0.0002609523938322188
1543.94	0.0002594927979004561
1543.945	0.0002563548000297501
1543.95	0.0002557364921143483
1543.955	0.0002540752765553309
1543.9599999999998	0.0002515954666016408
1543.9650000000001	0.00025494439064953616
1543.97	0.0002619504787325131
1543.975	0.00026366108139952573
1543.98	0.0002590589430635326
1543.985	0.0002578153645346678
1543.99	0.0002622283482336436
1543.9950000000001	0.0002650975110120508
1544	0.00026028136603126233
1544.005	0.0002542487419096063
1544.01	0.0002530971906138673
1544.0149999999999	0.0002549790410696102
1544.02	0.00025679336969043403
1544.025	0.0002569955832296835
1544.03	0.00025558772678244124
1544.035	0.00025337488248383335
1544.04	0.0002514080589534764
1544.0449999999998	0.00025076522912591953
1544.05	0.000252016425344312
1544.055	0.00025456547776382714
1544.06	0.00025632613746312023
1544.065	0.00025649774477847507
1544.07	0.00025475173452579376
1544.0749999999998	0.0002543343194257617
1544.0800000000002	0.0002552779786818496
1544.085	0.00025547092152044865
1544.09	0.0002570822458478789
1544.095	0.000252018972555462
1544.1	0.00024789451032704627
1544.105	0.00024384014907713472
1544.1100000000001	0.00024110886607580834
1544.115	0.0002475736416770929
1544.1200000000001	0.0002539647391956007
1544.125	0.00025262314159965783
1544.1299999999999	0.00024892547467898497
1544.135	0.00025117751766188704
1544.14	0.0002540992642955825
1544.145	0.00024360180862117634
1544.15	0.00022955887767145324
1544.155	0.00022932318789004708
1544.1599999999999	0.00024060599102707376
1544.165	0.00025226040139244134
1544.17	0.0002545259881284709
1544.175	0.00024940199199148646
1544.18	0.0002512590286683023
1544.185	0.0002538976348597726
1544.1899999999998	0.00025281809525213407
1544.195	0.00024942284619824425
1544.2	0.0002479598244199139
1544.205	0.0002516389851469464
1544.21	0.0002551298017821417
1544.215	0.00025465349424330587
1544.22	0.00025134159661470683
1544.2250000000001	0.0002475290657587894
1544.23	0.00024574933118695695
1544.2350000000001	0.0002477018646743936
1544.24	0.00025244671506970085
1544.245	0.0002563718161977879
1544.25	0.00025821363978736927
1544.255	0.0002583348392948082
1544.26	0.00025688680961036926
1544.265	0.00025258722567165175
1544.27	0.0002473612421840613
1544.2749999999999	0.00024839864309191993
1544.28	0.00025502629979052747
1544.285	0.0002548802630195755
1544.29	0.0002478843359201743
1544.295	0.000247710257531914
1544.3	0.0002536274688349381
1544.3049999999998	0.00025552164719192005
1544.31	0.0002523305048581577
1544.315	0.0002490277570030929
1544.32	0.0002455517328354928
1544.325	0.00024115979513482011
1544.33	0.000241328879902032
1544.335	0.00024911422786879804
1544.34	0.00025651149382119066
1544.345	0.0002515725393439371
1544.3500000000001	0.00024089953409908967
1544.355	0.00024005546911989119
1544.36	0.0002491369943572529
1544.365	0.000255251025435097
1544.37	0.0002560108757530951
1544.375	0.0002553927389716576
1544.38	0.0002563140877749376
1544.385	0.0002580495322890518
1544.3899999999999	0.0002583264306038098
1544.395	0.0002559210042537421
1544.4	0.00025168558736757914
1544.405	0.0002478182977008637
1544.41	0.0002462756797804112
1544.415	0.00024882201327762737
1544.4199999999998	0.00025339914568680053
1544.425	0.00025622172145600746
1544.43	0.00025698077607420205
1544.435	0.00025895170390076195
1544.44	0.00025699368757494534
1544.445	0.0002542224391460233
1544.45	0.00025820710965326416
1544.455	0.000254291358793481
1544.46	0.000251098334708456
1544.4650000000001	0.0002563420416476867
1544.47	0.0002612672501438203
1544.475	0.0002621458239192415
1544.48	0.00026142352621777275
1544.485	0.0002567646221848915
1544.49	0.0002508724722265767
1544.4950000000001	0.0002507399483817341
1544.5	0.00025483964991914425
1544.5049999999999	0.00025559602938325014
1544.51	0.00024905837644737064
1544.5149999999999	0.0002470514120406234
1544.52	0.00025350362872306187
1544.525	0.0002555068570306642
1544.53	0.0002510998902340171
1544.5349999999999	0.0002468285262640979
1544.54	0.0002484739597141761
1544.545	0.0002513791023904653
1544.55	0.00024284254748559785
1544.555	0.00023215641390803872
1544.56	0.0002306614332016521
1544.565	0.00023826205802115837
1544.57	0.0002473643702086526
1544.575	0.0002492545337254742
1544.5800000000002	0.00024205286370492955
1544.585	0.00023424456129015776
1544.59	0.00023359262754214447
1544.595	0.000240327876187446
1544.6	0.00024639307663375877
1544.605	0.0002444373382421934
1544.6100000000001	0.00023871298323378123
1544.615	0.0002417696132625276
1544.62	0.0002516092760947593
1544.625	0.00024592422494277953
1544.6299999999999	0.00023633162240699421
1544.635	0.00023989673241492574
1544.64	0.00023751777949110997
1544.645	0.00022406047012063659
1544.6499999999999	0.0002204979863920775
1544.655	0.000234703258741744
1544.6599999999999	0.0002507466049992339
1544.665	0.00025149333669951277
1544.67	0.00024618701232510256
1544.675	0.0002449678359815672
1544.68	0.00024785336747174224
1544.685	0.0002498608462792253
1544.69	0.00025065076507116603
1544.6950000000002	0.00025364128136260697
1544.7	0.00025835015299856447
1544.705	0.0002610628661035599
1544.71	0.00026134124211200867
1544.715	0.00026117116194408866
1544.72	0.0002598646174726217
1544.7250000000001	0.00025569499677246583
1544.73	0.0002510996420196768
1544.735	0.0002490521875470143
1544.74	0.00025024880667669095
1544.745	0.00025309993845934546
1544.75	0.0002549660395703103
1544.755	0.0002538902692873412
1544.76	0.00024981956898523607
1544.7649999999999	0.00024496497670327194
1544.77	0.00024131987775823256
1544.7749999999999	0.00024136895213334417
1544.7800000000002	0.0002445985444599259
1544.785	0.0002430905882217378
1544.79	0.0002392123950357097
1544.795	0.00024276940048258415
1544.8	0.0002407969337803328
1544.8049999999998	0.0002333348428295331
1544.8100000000002	0.0002376040068773957
1544.815	0.000238785559473043
1544.82	0.00023280714426894832
1544.825	0.00023291463706801737
1544.83	0.00023659764325321492
1544.835	0.00023079437857531832
1544.8400000000001	0.00022409560073141272
1544.845	0.00022429709599048483
1544.85	0.00022709054613821923
1544.855	0.00022480231174544995
1544.86	0.0002202067444528937
1544.865	0.00022600051423238006
1544.8700000000001	0.0002379252313367964
1544.875	0.00023952281497303834
1544.8799999999999	0.00023831866318594415
1544.885	0.0002388374312455337
1544.8899999999999	0.00023825250149245086
1544.8950000000002	0.00023160999628057618
1544.9	0.00022514282332547004
1544.905	0.00023098180356379716
1544.91	0.00023823100151060248
1544.915	0.00023885489421899723
1544.9199999999998	0.00023366416810493776
1544.9250000000002	0.00022794335073860578
1544.93	0.00022894209198668275
1544.935	0.0002361072794183687
1544.94	0.00023851214575058336
1544.945	0.00023327525920297098
1544.9499999999998	0.00022286580286410245
1544.9550000000002	0.0002161691012872309
1544.96	0.000220169577656002
1544.965	0.0002301973538855321
1544.97	0.00023819368459848049
1544.975	0.0002385150162134567
1544.9799999999998	0.00024121517623831333
1544.9850000000001	0.0002442516915601762
1544.99	0.0002397615551952379
1544.995	0.00023785732694218037
1545	0.0002441516840199571
1545.0049999999999	0.0002446890610182157
1545.01	0.00023951811027727134
1545.015	0.00024073134369583985
1545.02	0.0002461378115950322
1545.025	0.00024424174941457404
1545.03	0.00023470298747866241
1545.0349999999999	0.0002288438319545795
1545.04	0.00023042859630816953
1545.045	0.00023375804323490614
1545.05	0.00023600953234967034
1545.055	0.0002418317802821308
1545.06	0.00024851853527631327
1545.0649999999998	0.00024907086001417587
1545.0700000000002	0.0002466696173417102
1545.075	0.0002469802186730529
1545.08	0.00025077566875786057
1545.085	0.00025460821905931086
1545.09	0.0002557190384202325
1545.0949999999998	0.00025417339019318
1545.1000000000001	0.0002517327164841585
1545.105	0.0002496426403509471
1545.1100000000001	0.00024762037839265737
1545.115	0.0002452863492667153
1545.12	0.00024222481317481023
1545.125	0.00023917768204964363
1545.13	0.00023956376078500293
1545.135	0.0002448246446717603
1545.14	0.00024717718837857626
1545.145	0.00023423138285955352
1545.1499999999999	0.00022714943143390903
1545.155	0.00023708442549083577
1545.16	0.00023780179650005913
1545.165	0.00023372815898114031
1545.17	0.00023787775912946513
1545.175	0.0002390771722489286
1545.1799999999998	0.00023620150525226766
1545.185	0.00023417310298023112
1545.19	0.00022780616521787323
1545.195	0.00021794873091991198
1545.2	0.0002161769714167368
1545.205	0.00022553485116387324
1545.2099999999998	0.00022974490833812167
1545.2150000000001	0.00022604401345182454
1545.22	0.00022253018099983488
1545.2250000000001	0.00022432836390161697
1545.23	0.00022869178553731892
1545.235	0.00022072155843340429
1545.24	0.00021276190443781046
1545.2450000000001	0.00021240902907119203
1545.25	0.00022023572369075968
1545.255	0.00023224156204060536
1545.26	0.00023842551577091947
1545.2649999999999	0.00023896452915799207
1545.27	0.00023889338852248795
1545.275	0.0002401236923330498
1545.28	0.00024263852275530244
1545.285	0.000244616414302028
1545.29	0.00024496753132530235
1545.2949999999998	0.00024492687775025764
1545.3	0.00024532755868745377
1545.305	0.0002458328282158488
1545.31	0.000245864587324873
1545.315	0.0002449967222969386
1545.32	0.00024339525124219898
1545.3249999999998	0.00023957428616745922
1545.33	0.0002309927110154391
1545.335	0.00022246697322820941
1545.3400000000001	0.00022851810310276586
1545.345	0.0002428164981294076
1545.35	0.00024721860215859843
1545.355	0.0002459374536173167
1545.3600000000001	0.00025042559686875844
1545.365	0.00024996459059152293
1545.3700000000001	0.00024220702414226057
1545.375	0.00024269863518996647
1545.3799999999999	0.00025025900786257123
1545.385	0.0002511385558273377
1545.39	0.0002436470851077247
1545.395	0.00024254710023869708
1545.4	0.00024875519288898264
1545.405	0.0002489592502937902
1545.4099999999999	0.00024615362396840563
1545.415	0.00024983244352198017
1545.42	0.00025550801413934583
1545.425	0.000254622455525685
1545.43	0.000250023426170193
1545.435	0.00025012172808188543
1545.4399999999998	0.00025647774687310906
1545.445	0.00026218373251916
1545.45	0.0002612900124854539
1545.4550000000002	0.00025532970932164064
1545.46	0.0002505686136973333
1545.465	0.0002504061082137415
1545.47	0.000254548513026805
1545.475	0.0002592684845594738
1545.48	0.00025933639454429674
1545.4850000000001	0.0002514873581836567
1545.49	0.0002405681160825795
1545.495	0.0002439612056672499
1545.5	0.00025655133987381626
1545.5049999999999	0.0002488146046183558
1545.51	0.000237515800289367
1545.515	0.0002480692196723711
1545.52	0.00025865453342123235
1545.5249999999999	0.000259179277031142
1545.53	0.00025856688016676185
1545.535	0.0002570692827963547
1545.54	0.00025439652512581154
1545.545	0.0002524106878260942
1545.55	0.0002508166005081816
1545.5549999999998	0.00024922801343452676
1545.56	0.0002485337378869217
1545.565	0.0002486482081013985
1545.5700000000002	0.0002449949114888084
1545.575	0.00023920867497962366
1545.58	0.00023748273817354186
1545.585	0.0002362596909568726
1545.59	0.00023084716210500065
1545.595	0.00021850784411927808
1545.6000000000001	0.00020798179708293973
1545.605	0.00020924784813340118
1545.61	0.00021791686822126335
1545.615	0.00022783176748282
1545.62	0.0002329810191235745
1545.625	0.00023075381385048258
1545.63	0.00022758719566632005
1545.635	0.00022697436111558807
1545.6399999999999	0.00022885377964931535
1545.645	0.00023182484168383008
1545.6499999999999	0.00023260479788202496
1545.655	0.00023131209421029477
1545.66	0.00023160025590755165
1545.665	0.0002343347336401138
1545.6699999999998	0.00023573520978491363
1545.675	0.0002291418450209358
1545.68	0.0002191842441157528
1545.6850000000002	0.0002197927721203699
1545.69	0.00023007144626973198
1545.695	0.00022850634243417784
1545.7	0.00022311604436596146
1545.705	0.00023058965879313982
1545.71	0.00023841593970776832
1545.7150000000001	0.00023468756260964206
1545.72	0.00023031830643723252
1545.725	0.00023472114919771431
1545.73	0.0002364256363831311
1545.735	0.00023204640483269956
1545.74	0.00023266186114334378
1545.7450000000001	0.0002398975771149004
1545.75	0.0002417551151563739
1545.7549999999999	0.0002382215072141413
1545.76	0.00024045854925231787
1545.7649999999999	0.00024415656043620687
1545.77	0.00024130639637218827
1545.775	0.00023706204452522472
1545.78	0.00023765178336999592
1545.7849999999999	0.00024259660820325865
1545.79	0.000246702083736808
1545.7949999999998	0.00024589699727841773
1545.8000000000002	0.0002414986079805693
1545.805	0.00023945580492372307
1545.81	0.00024131262238347316
1545.815	0.00024588549149933954
1545.82	0.00025020845810068583
1545.825	0.0002503156501361586
1545.8300000000002	0.00024379759948926663
1545.835	0.00023235753909081692
1545.84	0.00022811787831556973
1545.845	0.000236457268477989
1545.85	0.0002543122350137856
1545.855	0.00026336668784893684
1545.8600000000001	0.0002657061990966734
1545.865	0.0002603578132733876
1545.87	0.0002597111181789042
1545.875	0.0002665233114615093
1545.8799999999999	0.00026904956697911496
1545.885	0.00026764256778648673
1545.89	0.00026921162274342323
1545.895	0.0002703842529528201
1545.9	0.0002696557916707603
1545.905	0.00027041460540880503
1545.9099999999999	0.0002705402892125166
1545.9150000000002	0.0002673385087003362
1545.92	0.0002644419699282819
1545.925	0.0002639565354265046
1545.93	0.00026392356044360597
1545.935	0.00026140450221854027
1545.9399999999998	0.0002565090821020348
1545.9450000000002	0.000255676988535564
1545.95	0.0002584606145769633
1545.955	0.0002597462002068095
1545.96	0.0002590897734904933
1545.965	0.0002578009645101487
1545.9699999999998	0.0002563914292683329
1545.9750000000001	0.000253194291219724
1545.98	0.000245489804791788
1545.985	0.00023849505938009283
1545.99	0.00023642266607593754
1545.995	0.0002392319064002403
1546	0.0002443446044014555
1546.005	0.00024775915451117085
1546.01	0.00024492694882318226
1546.015	0.0002365672115953033
1546.02	0.00023080235107784218
1546.0249999999999	0.00023414781806379745
1546.0300000000002	0.0002441080335715966
1546.035	0.000248096117156523
1546.04	0.00024616317555639145
1546.045	0.00024820578547342587
1546.05	0.0002490552292828454
1546.0549999999998	0.00024079256869022705
1546.0600000000002	0.00023716772915193993
1546.065	0.00024331977753101546
1546.07	0.00025051231947129885
1546.075	0.00025179374285816533
1546.08	0.00025180090985389394
1546.0849999999998	0.00025336366640041184
1546.0900000000001	0.00025268602021886175
1546.095	0.00024875487327864087
1546.1	0.0002463234268516217
1546.105	0.00024685644939794436
1546.11	0.00024683621971893056
1546.1149999999998	0.00024518941505991703
1546.1200000000001	0.0002467772042630147
1546.125	0.00025351383887375716
1546.13	0.000257995921511545
1546.135	0.0002556310428032537
1546.1399999999999	0.0002516391453284805
1546.145	0.00025154338852916697
1546.15	0.0002545818797724796
1546.155	0.0002583541882073758
1546.16	0.00026073658529955765
1546.165	0.0002611439484884855
1546.1699999999998	0.00026102616872337666
1546.175	0.0002625051966300402
1546.18	0.00026605927240386663
1546.185	0.0002690956573439543
1546.19	0.0002638355346099212
1546.195	0.00025185968659367336
1546.1999999999998	0.0002495548600729396
1546.2050000000002	0.00026037143541868084
1546.21	0.00026599820158498794
1546.215	0.00026560097467154275
1546.22	0.000266659701034947
1546.225	0.0002669367629412846
1546.23	0.00027079350799178337
1546.2350000000001	0.00027651021976444654
1546.24	0.00027910832321392597
1546.2450000000001	0.00027785477738487995
1546.25	0.0002763857615395726
1546.2549999999999	0.00027622651063426016
1546.26	0.0002764767506968039
1546.265	0.00027620050242972087
1546.27	0.0002755302308447993
1546.275	0.0002745955265816357
1546.28	0.0002731365897394532
1546.2849999999999	0.00027165616233613374
1546.29	0.0002705333935538832
1546.295	0.0002693808226864396
1546.3	0.0002667976851171321
1546.305	0.00026317811448282966
1546.31	0.0002618181747733177
1546.3149999999998	0.00026231180518913926
1546.32	0.00026254187488824055
1546.325	0.0002608938716319417
1546.33	0.00025758269067202707
1546.335	0.00025550926023393164
1546.34	0.00025582925092535044
1546.345	0.00025756001302941684
1546.3500000000001	0.0002589755361734646
1546.355	0.0002586675891389355
1546.3600000000001	0.00025738991467202417
1546.365	0.0002566079311274492
1546.37	0.0002558369835125805
1546.375	0.0002505758274883084
1546.38	0.00024002968178319628
1546.385	0.00023175151459437656
1546.39	0.0002355094031764607
1546.395	0.00024657999520724753
1546.3999999999999	0.0002512205847843562
1546.405	0.0002494766230854885
1546.41	0.0002503794587435167
1546.415	0.000250145570052527
1546.42	0.00024587358624954107
1546.425	0.00024171346786052182
1546.4299999999998	0.000239993274032149
1546.435	0.0002394747862299561
1546.44	0.00024066477091715945
1546.445	0.0002433634521094014
1546.45	0.00024418428083325475
1546.455	0.00024187287186578635
1546.46	0.00024026035029493437
1546.465	0.00024173425915981285
1546.47	0.00024335429456404293
1546.4750000000001	0.00024136293590989896
1546.48	0.00023794130862280505
1546.485	0.00023816274633596855
1546.49	0.00024145805403544507
1546.4950000000001	0.0002426215757554995
1546.5	0.0002395438020345334
1546.505	0.00023626906740462775
1546.51	0.00023408907144065893
1546.5149999999999	0.0002344182136086584
1546.52	0.0002370056970661545
1546.525	0.00024017463570200016
1546.53	0.0002423694155597821
1546.535	0.0002429129077321187
1546.54	0.0002426164735078614
1546.5449999999998	0.0002440015451304151
1546.55	0.0002466238250777032
1546.555	0.0002484709906813609
1546.56	0.00025015748905959445
1546.565	0.00025000345735292165
1546.57	0.0002502743330895124
1546.575	0.00025288573740533157
1546.58	0.00025116610277928247
1546.585	0.00024935931426723967
1546.5900000000001	0.00025374920457774575
1546.595	0.00025628631477986715
1546.6	0.0002483730901547841
1546.605	0.00024040473468190814
1546.61	0.0002452065707360292
1546.615	0.0002561743907388197
1546.6200000000001	0.0002629440704268185
1546.625	0.0002630461895089307
1546.6299999999999	0.00025884714636946764
1546.635	0.0002546600839485815
1546.6399999999999	0.00025247705810833295
1546.645	0.00025331649417783457
1546.65	0.00025673526660905586
1546.655	0.0002608815697987088
1546.6599999999999	0.0002644385802081543
1546.665	0.0002667873142045042
1546.67	0.0002698000300733309
1546.675	0.0002720594210481012
1546.68	0.0002726792591073602
1546.685	0.00027172556703487105
1546.69	0.00026991448156789787
1546.695	0.00026961177826032365
1546.7	0.0002701393602275949
1546.7050000000002	0.00026953600668076175
1546.71	0.0002655056568158111
1546.715	0.00025870344491815033
1546.72	0.00025354080591985566
1546.725	0.0002545604165324663
1546.73	0.000259882355119008
1546.7350000000001	0.0002543369922891265
1546.74	0.00023501746231379634
1546.745	0.0002216209880640924
1546.75	0.00023451738413571798
1546.7549999999999	0.00025851530549944645
1546.76	0.00025685845288593855
1546.765	0.00025250022287349306
1546.77	0.00025902940755585113
1546.7749999999999	0.0002617548706702625
1546.78	0.0002559214554472118
1546.7849999999999	0.00025564808135998676
1546.79	0.00026038165827765386
1546.795	0.00025874353048512905
1546.8	0.00025216736920488593
1546.805	0.0002519617898187408
1546.81	0.0002580023677858069
1546.815	0.0002595276475226894
1546.8200000000002	0.000253789304026798
1546.825	0.0002504722832578145
1546.83	0.00025388728914232597
1546.835	0.000254554268664735
1546.84	0.00024726084431715435
1546.845	0.00024184885230374344
1546.8500000000001	0.0002460357804355423
1546.855	0.00025416599397051905
1546.86	0.00025745497824949026
1546.865	0.00025279077150019573
1546.87	0.0002443421265172203
1546.875	0.00023718307151132466
1546.88	0.00023545069421959582
1546.885	0.0002400048247155908
1546.8899999999999	0.0002471367017340497
1546.895	0.00024818999599813705
1546.8999999999999	0.0002443651379299201
1546.905	0.0002515916412986551
1546.91	0.0002632289473810567
1546.915	0.00026280696299004
1546.92	0.0002626706041829459
1546.925	0.0002413240568074693
1546.9299999999998	0.00023105594968026396
1546.9350000000002	0.00024632264411550534
1546.94	0.000258368462094436
1546.945	0.0002476170874889202
1546.95	0.00024458748325083805
1546.955	0.0002519036552605864
1546.96	0.00025880772908952346
1546.9650000000001	0.00026163030991545306
1546.97	0.0002644606581826213
1546.975	0.00026787381163730295
1546.98	0.00026803221524613333
1546.985	0.00026336667390989486
1546.99	0.0002619644712185391
1546.9950000000001	0.00026451398683920293
1547	0.00026542678432061055
1547.0049999999999	0.0002633087401878506
1547.01	0.0002598687529281032
1547.0149999999999	0.000258386697294077
1547.0200000000002	0.00026073461181973874
1547.025	0.00026476937240568315
1547.03	0.0002665138087169012
1547.035	0.0002659845218194072
1547.04	0.0002642819731441303
1547.0449999999998	0.0002627589505311826
1547.0500000000002	0.00026238050034013786
1547.055	0.00026250379018743586
1547.06	0.000262027056491493
1547.065	0.0002612188418623491
1547.07	0.0002603580593689894
1547.0749999999998	0.0002582137407959854
1547.0800000000002	0.00025287549505448244
1547.085	0.0002448394465967401
1547.09	0.0002418550292210944
1547.095	0.0002461241034335909
1547.1	0.0002501387890268135
1547.1049999999998	0.0002498818930431567
1547.1100000000001	0.0002491793739054815
1547.115	0.0002425681733288724
1547.12	0.00023109766259164267
1547.125	0.00022744860792891535
1547.1299999999999	0.0002366816927899443
1547.135	0.0002443904584146104
1547.14	0.00024280603716014611
1547.145	0.00024099500151836422
1547.15	0.00024408084908169222
1547.155	0.00024230996184236545
1547.1599999999999	0.00023143503487505193
1547.165	0.00022728816428535848
1547.17	0.00023442468676075913
1547.175	0.0002404576416688803
1547.18	0.000237336893692018
1547.185	0.0002327180044404864
1547.1899999999998	0.0002349344362036311
1547.1950000000002	0.00024116731269227797
1547.2	0.00024265788498319696
1547.205	0.00023651442981347478
1547.21	0.00022847166124615557
1547.215	0.00022628523598311963
1547.2199999999998	0.00023036596009614832
1547.2250000000001	0.0002370504438028466
1547.23	0.00023984393904588128
1547.235	0.00023603815690814272
1547.24	0.0002279268222098121
1547.245	0.000221315317194031
1547.25	0.00022730297018080505
1547.255	0.00023996126488750293
1547.26	0.00024358389651374227
1547.265	0.00024076184139667286
1547.27	0.00024626650530587297
1547.2749999999999	0.00024085337560619008
1547.28	0.00023538664171382907
1547.285	0.0002398797074107588
1547.29	0.00024219979632027094
1547.295	0.0002447484569946194
1547.3	0.00024931073739680256
1547.3049999999998	0.0002477207121442196
1547.31	0.00024206561208105193
1547.315	0.0002393052121292886
1547.32	0.0002409829786094789
1547.325	0.00024416030901821205
1547.33	0.000245937307568668
1547.3349999999998	0.00024522980786927616
1547.3400000000001	0.00024297258190876482
1547.345	0.0002403217162394637
1547.3500000000001	0.0002404447186750968
1547.355	0.0002447020267638604
1547.36	0.000250946417842106
1547.365	0.0002558885805407289
1547.3700000000001	0.0002577374949787134
1547.375	0.00025768050970021247
1547.38	0.00025877113875016493
1547.385	0.00026068305593523853
1547.3899999999999	0.0002619336450881191
1547.395	0.0002624461485426677
1547.4	0.00026280128570694303
1547.405	0.0002636169228049904
1547.41	0.0002648107561190951
1547.415	0.00026520092355379333
1547.4199999999998	0.0002639659686534119
1547.425	0.000261862996459719
1547.43	0.0002610251249797152
1547.435	0.0002626167077651871
1547.44	0.0002647762025343281
1547.445	0.00026542734126691966
1547.4499999999998	0.00026396235947366786
1547.455	0.00026055912090322504
1547.46	0.0002567829443738474
1547.4650000000001	0.0002568345871988739
1547.47	0.00026022816085411555
1547.475	0.0002592359061774542
1547.48	0.0002541883380809184
1547.4850000000001	0.0002510047423043381
1547.49	0.0002534885736572898
1547.4950000000001	0.0002575107366209635
1547.5	0.0002579438487973739
1547.5049999999999	0.00025598454534971906
1547.51	0.0002559845452196898
1547.515	0.00025729675124470464
1547.52	0.00025589622375893264
1547.525	0.00025388842592024305
1547.53	0.00025390516154259865
1547.5349999999999	0.00025040527385647416
1547.54	0.00023978862898015786
1547.545	0.0002305581807566506
1547.55	0.00022877496663392837
1547.555	0.0002341069438607041
1547.56	0.00024287400195214436
1547.5649999999998	0.0002487795404382726
1547.57	0.0002498258255316941
1547.575	0.0002481198075826768
1547.5800000000002	0.0002462220696681779
1547.585	0.00024693898055772566
1547.59	0.00024954938037587046
1547.595	0.0002498007722938212
1547.6	0.00024254397992275368
1547.605	0.00023288887479492776
1547.6100000000001	0.00023897355907928516
1547.615	0.00025134433785245676
1547.62	0.0002530699910549917
1547.625	0.00025597858999423594
1547.6299999999999	0.0002529122281049992
1547.635	0.00025019988022036046
1547.64	0.00025662802811610147
1547.645	0.00025445576447382187
1547.6499999999999	0.00024752444403781444
1547.655	0.0002487380471096048
1547.66	0.0002505486678607166
1547.665	0.00024056508467016057
1547.67	0.0002313763968425313
1547.675	0.00024126896444106384
1547.6799999999998	0.0002555278348899714
1547.685	0.0002513470632726585
1547.69	0.0002414973284533065
1547.6950000000002	0.00023964157565854402
1547.7	0.00025040592107603005
1547.705	0.00026386477393836207
1547.71	0.00026514577903586104
1547.715	0.0002650835401575923
1547.72	0.0002670792016625688
1547.7250000000001	0.00026870295515332026
1547.73	0.0002681332001064196
1547.735	0.0002669009760687512
1547.74	0.00026862781978532986
1547.745	0.00026909544246867147
1547.75	0.00026541892218796966
1547.755	0.0002589944214380328
1547.76	0.000253080730655278
1547.7649999999999	0.00025123506077852977
1547.77	0.00025464240422431035
1547.7749999999999	0.0002619959975824367
1547.78	0.0002667621713861212
1547.785	0.00026503367350323156
1547.79	0.0002583820456129278
1547.7949999999998	0.0002557651886549015
1547.8	0.00026187729967685125
1547.805	0.00027036933017080054
1547.8100000000002	0.00027222881912136303
1547.815	0.0002708300745154145
1547.82	0.0002693558042970191
1547.825	0.00026576876050511856
1547.83	0.0002630036331278299
1547.835	0.0002628032711487205
1547.8400000000001	0.0002607486046211136
1547.845	0.0002542103454442687
1547.85	0.0002489427448933139
1547.855	0.00025145695613607374
1547.86	0.000256650916214675
1547.865	0.0002549424801480284
1547.8700000000001	0.00024883800509441895
1547.875	0.00024803718394158006
1547.8799999999999	0.0002514472018982413
1547.885	0.00025232804610570824
1547.8899999999999	0.0002506451498934123
1547.895	0.0002510830515392197
1547.9	0.00025206030510377506
1547.905	0.00024792253850502543
1547.9099999999999	0.0002380756472535522
1547.915	0.00022920022714506923
1547.9199999999998	0.00022628540078323885
1547.9250000000002	0.0002292584042571003
1547.93	0.00023602436094403344
1547.935	0.0002432464977786296
1547.94	0.00024733332966889025
1547.945	0.00024616372547898974
1547.95	0.0002422538162034778
1547.9550000000002	0.0002411292807582207
1547.96	0.0002457920375938429
1547.965	0.00024665857466822254
1547.97	0.00024155990142925779
1547.975	0.0002455930229085663
1547.98	0.00025043086475605035
1547.9850000000001	0.00025008599439036377
1547.99	0.0002452948144905997
1547.995	0.00023621160091674682
1548	0.00023752068458440643
1548.0049999999999	0.0002458146890415107
1548.01	0.0002453894811657449
1548.015	0.0002420603780289849
1548.02	0.00024462485530881876
1548.0249999999999	0.00024804133425334
1548.03	0.00024760962376336147
1548.0349999999999	0.00024541744598817716
1548.0400000000002	0.00024689102495310735
1548.045	0.00025164742943460124
1548.05	0.0002500654860761472
1548.055	0.00024692907245635977
1548.06	0.0002478253184738836
1548.0649999999998	0.0002523460880672926
1548.0700000000002	0.00025549286202596847
1548.075	0.00025003964278341636
1548.08	0.0002450881242122912
1548.085	0.0002467713421605397
1548.09	0.0002527433131976465
1548.095	0.00025928952349179126
1548.1000000000001	0.0002633614081866528
1548.105	0.00026355187128694694
1548.11	0.00026363331174047907
1548.115	0.0002651076515145541
1548.12	0.0002675224821271549
1548.125	0.0002698474772644776
1548.13	0.0002708404632050318
1548.135	0.0002704057775904982
1548.14	0.0002697610711368179
1548.145	0.00027012917748280143
1548.1499999999999	0.00027170160558408066
1548.1550000000002	0.0002739225195724582
1548.16	0.00027556618647673703
1548.165	0.0002746467259247914
1548.17	0.00027406494209113007
1548.175	0.00027736467252479903
1548.1799999999998	0.0002780097169614226
1548.1850000000002	0.00027338451996529456
1548.19	0.0002711884530010209
1548.195	0.00027619035037032124
1548.2	0.0002809038872186418
1548.205	0.00028061794134837825
1548.2099999999998	0.00027879335586300063
1548.2150000000001	0.00028019798630001626
1548.22	0.00028289938206486865
1548.225	0.00028249973350167386
1548.23	0.00028003870441104586
1548.235	0.0002807018400194623
1548.2399999999998	0.00028471885786127306
1548.2450000000001	0.00028737978834604316
1548.25	0.0002872691641674072
1548.255	0.0002867464209333864
1548.26	0.00028460149519803107
1548.2649999999999	0.0002794146530988331
1548.27	0.000271562910794266
1548.275	0.0002648925111158943
1548.28	0.0002599668330674311
1548.285	0.0002586235492449527
1548.29	0.0002621903419329473
1548.2949999999998	0.0002689252678049953
1548.3	0.00027723856991180895
1548.305	0.00028415464308536497
1548.31	0.0002843841765510628
1548.315	0.00028171319085278253
1548.32	0.000281912979915414
1548.3249999999998	0.0002796048344147335
1548.3300000000002	0.0002749579956391044
1548.335	0.00027684449038071075
1548.34	0.0002805667994173703
1548.345	0.0002803207670739948
1548.35	0.00027835885355966054
1548.3549999999998	0.0002743534960586787
1548.3600000000001	0.0002702439594881394
1548.365	0.0002702282289467768
1548.3700000000001	0.00027229878452652087
1548.375	0.0002733844740186663
1548.3799999999999	0.0002723600660634534
1548.385	0.0002700831614857484
1548.39	0.00026690828278962825
1548.395	0.00026425792741535675
1548.4	0.0002667819185875899
1548.405	0.0002721927072177629
1548.4099999999999	0.0002736712923671789
1548.415	0.0002704419335270574
1548.42	0.00026723787060252196
1548.425	0.0002699756016716389
1548.43	0.00027526088237194395
1548.435	0.00027287192714422413
1548.4399999999998	0.00026753757307905755
1548.445	0.0002654709216173478
1548.45	0.0002690149949945098
1548.455	0.0002756132221185139
1548.46	0.00027982244963896174
1548.465	0.00027932068939001827
1548.47	0.00027812201014265923
1548.4750000000001	0.00027893041675994967
1548.48	0.00028060346577219825
1548.4850000000001	0.0002795860893643385
1548.49	0.00027561780911414897
1548.495	0.00027421050379557946
1548.5	0.0002784941312731637
1548.505	0.0002821177499084821
1548.51	0.0002787163396635738
1548.515	0.00027672404525446657
1548.52	0.0002795162287989724
1548.5249999999999	0.0002795279312613936
1548.53	0.00027490034421379285
1548.535	0.00027231497584461395
1548.54	0.0002736698491012438
1548.545	0.0002755312870719865
1548.55	0.0002751122805974478
1548.5549999999998	0.0002741449538422054
1548.56	0.00027446432816737466
1548.565	0.00027551993506769743
1548.57	0.000276111139091772
1548.575	0.00027615936827002553
1548.58	0.000275919926147527
1548.585	0.0002743881236650218
1548.59	0.00027066541335384997
1548.595	0.0002669634925451772
1548.6000000000001	0.00026610315457795613
1548.605	0.0002674521797789677
1548.61	0.0002679892059814316
1548.615	0.0002667479276124462
1548.6200000000001	0.0002658333565657599
1548.625	0.0002662441442542075
1548.63	0.0002676640730954774
1548.635	0.00026891165968550147
1548.6399999999999	0.0002686639416479327
1548.645	0.0002662087127930323
1548.65	0.00026261809889269335
1548.655	0.0002599980957144011
1548.66	0.00026095081035328824
1548.665	0.0002662877465261352
1548.6699999999998	0.00026788939333422814
1548.675	0.0002646066700014713
1548.68	0.0002651408437171402
1548.685	0.00026693510726580604
1548.69	0.00026583958825849067
1548.695	0.0002666972756697644
1548.7	0.00026645245506467694
1548.705	0.00026355910888144104
1548.71	0.0002611492152334075
1548.7150000000001	0.00025907324415461234
1548.72	0.000256672029120361
1548.725	0.00025794791999905216
1548.73	0.00026164824227440064
1548.735	0.00025419933134879615
1548.74	0.0002352310994321802
1548.7450000000001	0.00022028369219263854
1548.75	0.00021833208843659532
1548.7549999999999	0.00022854790643249572
1548.76	0.00024513000497699807
1548.7649999999999	0.0002573888779099765
1548.77	0.00025719284899888834
1548.775	0.0002527377476375857
1548.78	0.00024875809339293316
1548.7849999999999	0.00024797448923938716
1548.79	0.000251553410607909
1548.795	0.0002569590011693398
1548.8	0.000259255573124464
1548.805	0.00025877266122808525
1548.81	0.0002572241458354705
1548.815	0.00025655955839631135
1548.82	0.0002577388356196872
1548.825	0.0002595912679701879
1548.8300000000002	0.00025955241135129235
1548.835	0.00025741841334018194
1548.84	0.00025452627384521515
1548.845	0.00025328201352936845
1548.85	0.0002554246132502979
1548.855	0.0002589469275002185
1548.8600000000001	0.0002594512580701893
1548.865	0.0002584571774530883
1548.87	0.00026074602791991043
1548.875	0.00026088809223807674
1548.8799999999999	0.0002549657180309178
1548.885	0.00025350808892166826
1548.89	0.00025843415397640485
1548.895	0.0002632497481443335
1548.8999999999999	0.0002650260884441041
1548.905	0.00026567247858027063
1548.9099999999999	0.0002665004197525905
1548.915	0.00026710518093844816
1548.92	0.00026631630137018315
1548.925	0.00026269285937753227
1548.93	0.00025672515908246884
1548.935	0.00025219315306811537
1548.94	0.0002534291866836156
1548.9450000000002	0.00026059782576987506
1548.95	0.00026735672301314713
1548.955	0.00026818637679908
1548.96	0.0002663118430112653
1548.965	0.00026627986560730254
1548.97	0.00026805013407925414
1548.9750000000001	0.0002689276991449329
1548.98	0.0002681233026819255
1548.985	0.00026681918723153036
1548.99	0.00026616283843284796
1548.995	0.00026688162873550307
1549	0.00026876518086991433
1549.005	0.00027023003375798235
1549.01	0.00026852585449875104
1549.0149999999999	0.0002657902472739539
1549.02	0.00026744205365332056
1549.0249999999999	0.0002704186687514211
1549.03	0.0002669824199264058
1549.035	0.0002659017834608812
1549.04	0.0002667386590982161
1549.045	0.0002689351558730651
1549.05	0.00027304229318963536
1549.0549999999998	0.00027164253147037725
1549.0600000000002	0.00026725192917699243
1549.065	0.00026722787277262753
1549.07	0.00027152092163500977
1549.075	0.00027565160811025336
1549.08	0.0002776215363135129
1549.085	0.00027849138175636677
1549.0900000000001	0.0002785212619250273
1549.095	0.00027789769760137563
1549.1	0.0002771112466510003
1549.105	0.0002778175778395049
1549.11	0.00027906936593210586
1549.115	0.00027910383407018477
1549.1200000000001	0.0002777625089164642
1549.125	0.0002754183024778746
1549.1299999999999	0.0002732194618903384
1549.135	0.0002729848247988278
1549.1399999999999	0.000273875115645653
1549.145	0.00027475780059657356
1549.15	0.0002743669514596507
1549.155	0.00027122451230781556
1549.16	0.00026590837211845695
1549.165	0.0002608452015041633
1549.1699999999998	0.00025724410385960956
1549.1750000000002	0.0002557688305863509
1549.18	0.0002568568122665023
1549.185	0.00026211407162763615
1549.19	0.00026924735931884705
1549.195	0.0002760491196328967
1549.1999999999998	0.0002768635259540728
1549.2050000000002	0.0002714816659441243
1549.21	0.0002685189735168978
1549.215	0.0002732761753545639
1549.22	0.0002785761524082193
1549.225	0.00027856658164897476
1549.2299999999998	0.000278210780268946
1549.2350000000001	0.00027816223907591644
1549.24	0.00027413900098880096
1549.245	0.0002682553399211092
1549.25	0.00026845196366245675
1549.2549999999999	0.00027412392546071254
1549.26	0.00027859569160607387
1549.265	0.00028011816213331214
1549.27	0.0002806049711267144
1549.275	0.00027973895308541205
1549.28	0.0002764073007150962
1549.2849999999999	0.0002744230412890722
1549.2900000000002	0.0002755109649538864
1549.295	0.00027521145424886235
1549.3	0.00027183519433193585
1549.305	0.0002704291107927755
1549.31	0.000272009971083581
1549.3149999999998	0.00027262364485572036
1549.3200000000002	0.0002702245064257228
1549.325	0.0002673466148155752
1549.33	0.0002657825956018716
1549.335	0.00026621065744799385
1549.34	0.00026879156237583264
1549.3449999999998	0.0002728380219310486
1549.3500000000001	0.00027590435711072824
1549.355	0.00027755204205982944
1549.36	0.00027830190493586876
1549.365	0.0002778261944422656
1549.37	0.00027528937440367035
1549.375	0.0002694771097189099
1549.38	0.00026629702779333814
1549.385	0.0002730462152389037
1549.39	0.0002734087250295336
1549.395	0.0002670154692655326
1549.3999999999999	0.00027173191772258726
1549.405	0.0002748048017505934
1549.41	0.0002726298235854943
1549.415	0.0002739441496045894
1549.42	0.00027709860607763094
1549.425	0.00027683185713808697
1549.4299999999998	0.00027644587036925264
1549.435	0.0002774561834911699
1549.44	0.0002765828954217721
1549.445	0.0002718163471774793
1549.45	0.00027012137521703866
1549.455	0.0002749120508187129
1549.4599999999998	0.00027812787829371974
1549.4650000000001	0.0002789698618957318
1549.47	0.00027913884010566245
1549.475	0.0002790570195829345
1549.48	0.00027582259079337934
1549.485	0.0002690161491430767
1549.49	0.00026418493131510613
1549.4950000000001	0.000263431371650854
1549.5	0.00026725242013003465
1549.505	0.0002737458485025803
1549.51	0.00027891487079691944
1549.5149999999999	0.00028198472919498444
1549.52	0.00028350591254437587
1549.525	0.0002842888554149236
1549.53	0.0002850619222448346
1549.535	0.0002858477758461912
1549.54	0.0002856752398876096
1549.5449999999998	0.0002842440117612268
1549.55	0.0002825202993545332
1549.555	0.00028173322360865773
1549.56	0.0002821880115386311
1549.565	0.00028348836483026266
1549.57	0.00028465990832879097
1549.5749999999998	0.0002833807966163445
1549.58	0.00027925869669469944
1549.585	0.0002768402559441691
1549.5900000000001	0.00027827037836365936
1549.595	0.00027848248299969865
1549.6	0.0002760691991750794
1549.605	0.0002754557522115097
1549.6100000000001	0.0002777165688779273
1549.615	0.0002776944106321339
1549.6200000000001	0.00027503867596159146
1549.625	0.00027494755202298195
1549.6299999999999	0.0002771207050662891
1549.635	0.0002748002454215808
1549.64	0.00026803319460386556
1549.645	0.0002641518941224731
1549.65	0.0002684289878492308
1549.655	0.00027344691665325644
1549.6599999999999	0.00027230294671018267
1549.665	0.00026725992055587745
1549.67	0.0002617740175207117
1549.675	0.00025869549912920794
1549.68	0.00025925428344865235
1549.685	0.00026222081185496994
1549.6899999999998	0.00026622659031941
1549.695	0.00026981743134555226
1549.7	0.0002721774243066298
1549.7050000000002	0.0002732382285007278
1549.71	0.00027361685346605094
1549.715	0.000274453939873648
1549.72	0.00027577154095949667
1549.725	0.000276252098510843
1549.73	0.000275338970866043
1549.7350000000001	0.00027493392313338727
1549.74	0.0002753206967717625
1549.745	0.00027554950799625177
1549.75	0.0002719975868578389
1549.755	0.0002684450044538383
1549.76	0.0002701768242483425
1549.765	0.00027435360178282997
1549.77	0.00027604355538536797
1549.7749999999999	0.00027612703787559424
1549.78	0.00027522815515318997
1549.785	0.0002726751140704427
1549.79	0.000270195611099932
1549.795	0.0002697452202158654
1549.8	0.0002716563169535665
1549.8049999999998	0.00027441514732794983
1549.81	0.00027451943605375255
1549.815	0.00027248622373128074
1549.8200000000002	0.00026846923416511646
1549.825	0.00026281078365614723
1549.83	0.00025644273400833324
1549.835	0.00025119239173764055
1549.84	0.0002528889477391339
1549.845	0.00025957909473114
1549.8500000000001	0.00026598482269982757
1549.855	0.0002702810405992159
1549.86	0.00027251529602899545
1549.865	0.00027371905755219767
1549.87	0.0002749363754400791
1549.875	0.00027526612692484485
1549.88	0.0002738947266294652
1549.885	0.00027075156489769385
1549.8899999999999	0.0002679323754119644
1549.895	0.0002679250124446447
1549.8999999999999	0.00027056898045606356
1549.905	0.0002728822623271977
1549.91	0.0002700558624266931
1549.915	0.00026606402889171513
1549.9199999999998	0.00026949805167130657
1549.925	0.000272470565764598
1549.93	0.00026750351390570254
1549.9350000000002	0.0002651447652810225
1549.94	0.00027022818808251843
1549.945	0.00027312028100220367
1549.95	0.0002708944852350222
1549.955	0.0002719905713956983
1549.96	0.00027539055589604754
1549.9650000000001	0.00027500503320385144
1549.97	0.000271543550408252
1549.975	0.0002717129930903863
1549.98	0.0002759930996199377
1549.985	0.0002773967404333625
1549.99	0.0002764686360707853
1549.9950000000001	0.0002779694051113771
1550	0.00027816834981578666
1550.0049999999999	0.00027425617500498675
1550.01	0.0002698173552454463
1550.0149999999999	0.00026937712705470167
1550.02	0.00027314952101556596
1550.025	0.00027760121976136036
1550.03	0.0002798816551069905
1550.0349999999999	0.0002797221123373921
1550.04	0.00027866682341644343
1550.0449999999998	0.0002783888651145702
1550.0500000000002	0.0002788852550835835
1550.055	0.00027799378643672947
1550.06	0.0002723758537932731
1550.065	0.00026255407975712475
1550.07	0.00025807150326234615
1550.075	0.0002685987884785247
1550.0800000000002	0.00028395801440446347
1550.085	0.00028520105934095214
1550.09	0.00028278099206461037
1550.095	0.00028509784534549396
1550.1	0.0002905051567902738
1550.105	0.0002928619186136319
1550.1100000000001	0.00029291099569221174
1550.115	0.0002919640085944596
1550.12	0.0002878981490058894
1550.125	0.00028066759594595205
1550.1299999999999	0.0002759217885481498
1550.135	0.0002798602274082446
1550.14	0.00028745050014970634
1550.145	0.00029273525260138916
1550.1499999999999	0.0002948417782367413
1550.155	0.00029471322279158384
1550.1599999999999	0.000293574441541665
1550.1650000000002	0.0002875674828636024
1550.17	0.0002806466434883044
1550.175	0.0002774731750655932
1550.18	0.0002793291189668916
1550.185	0.00028391154180416726
1550.1899999999998	0.00028546066593979205
1550.1950000000002	0.00028371098981730554
1550.2	0.000283746145593233
1550.205	0.0002863429245871801
1550.21	0.00029045199907293246
1550.215	0.00029348268695156564
1550.22	0.0002911888200477502
1550.2250000000001	0.00028509750751024677
1550.23	0.00028019780507840725
1550.235	0.00027806165872110324
1550.24	0.0002790139578361597
1550.245	0.0002827622965115856
1550.25	0.00028750236166853586
1550.255	0.0002905838390308339
1550.26	0.0002921891863303654
1550.2649999999999	0.00029406010755808355
1550.27	0.000296048089442288
1550.2749999999999	0.00029693047794223423
1550.2800000000002	0.0002974964282226491
1550.285	0.00029848991343295924
1550.29	0.00029851070428786895
1550.295	0.000295879836823726
1550.3	0.0002909173648854544
1550.3049999999998	0.00028733843146881764
1550.3100000000002	0.00028845726447916745
1550.315	0.0002926042206947679
1550.32	0.00029675264771961623
1550.325	0.00029935699119568507
1550.33	0.00030118756905758113
1550.3349999999998	0.0003010122667984831
1550.3400000000001	0.0002983738956523245
1550.345	0.00029677761500413683
1550.35	0.0002985246878928385
1550.355	0.00030131764930266226
1550.36	0.00030133163166756846
1550.3649999999998	0.0002980605981340902
1550.3700000000001	0.00029499960763820717
1550.375	0.0002958454636964083
1550.38	0.0002996364827772034
1550.385	0.0003024434811096079
1550.3899999999999	0.0003031247793909361
1550.395	0.0003013114211808956
1550.4	0.00029814294189007705
1550.405	0.00029576386996022695
1550.41	0.0002965308003223569
1550.415	0.00030060802802460077
1550.4199999999998	0.000300789756814244
1550.425	0.00029319686175967964
1550.43	0.0002946956736909825
1550.435	0.00030346169997899023
1550.44	0.00029808800323432455
1550.445	0.00029912295544045096
1550.4499999999998	0.0002973703357678155
1550.4550000000002	0.00028896368074735236
1550.46	0.0002920116167875657
1550.465	0.00030095063062894644
1550.47	0.0003043501209854165
1550.475	0.0003040151042380213
1550.4799999999998	0.0003051289738960947
1550.4850000000001	0.00030605694710752487
1550.49	0.0003039764764863105
1550.4950000000001	0.0003033256841710407
1550.5	0.000304113911181167
1550.5049999999999	0.00030478375175573523
1550.51	0.0003039654408044049
1550.515	0.0003027738237334414
1550.52	0.00030256529239620537
1550.525	0.0003008317584985884
1550.53	0.0002977628378209985
1550.5349999999999	0.00029450890392223667
1550.54	0.00029428914614669673
1550.545	0.0002956329471629892
1550.55	0.00029258559037388524
1550.555	0.00028567157541480303
1550.56	0.0002766741985022638
1550.5649999999998	0.000269054075572592
1550.57	0.00026926613890671295
1550.575	0.0002777605111874924
1550.58	0.0002870383607194041
1550.585	0.0002919568072957065
1550.59	0.0002889776257120768
1550.5949999999998	0.0002807103660982738
1550.6000000000001	0.0002744309460915735
1550.605	0.0002768888832100585
1550.6100000000001	0.00028703240750393955
1550.615	0.00028964083407485435
1550.62	0.00027889127763593895
1550.625	0.0002762223224916396
1550.63	0.0002870603118023871
1550.635	0.0002938297920746055
1550.64	0.0002918421588142037
1550.645	0.0002914200043754806
1550.6499999999999	0.0002926917463215338
1550.655	0.00029018501685366125
1550.66	0.0002873156517408728
1550.665	0.00028931086935403405
1550.67	0.00029343251373363576
1550.675	0.00029496314631152114
1550.6799999999998	0.00029422342337830874
1550.685	0.00029200975255789776
1550.69	0.00028524634292774557
1550.695	0.0002745230749297852
1550.7	0.00026907856245713015
1550.705	0.00027360973693479695
1550.71	0.000282903419446454
1550.715	0.00028930941177735
1550.72	0.000290743580546809
1550.7250000000001	0.0002900460348540585
1550.73	0.0002905211743246706
1550.735	0.00029248907546759793
1550.74	0.0002934655628753705
1550.7450000000001	0.0002920081692878338
1550.75	0.00028915526127784856
1550.755	0.00028682282433352825
1550.76	0.00028706741428425237
1550.7649999999999	0.0002907181156183083
1550.77	0.00029250018712531823
1550.775	0.00028947541192664983
1550.78	0.0002877652584270311
1550.785	0.0002867236656253547
1550.79	0.00026808794136724964
1550.7949999999998	0.0002637971590755366
1550.8	0.00028202758237311806
1550.805	0.0002907651813420162
1550.81	0.00029267274086990834
1550.815	0.00029208249966301516
1550.82	0.00028688431042523445
1550.825	0.0002869162287730814
1550.83	0.00029253325896142537
1550.835	0.0002939881072246459
1550.8400000000001	0.00028698538641192553
1550.845	0.00028580943848342035
1550.85	0.0002925958245733506
1550.855	0.0002961692224267956
1550.86	0.00029584897147845316
1550.865	0.00029509553096295654
1550.8700000000001	0.0002979470291708658
1550.875	0.00029652311193366306
1550.8799999999999	0.00028723796354125934
1550.885	0.00028263679043413536
1550.8899999999999	0.00028617746989894255
1550.895	0.0002945563595805357
1550.9	0.0002997023509508474
1550.905	0.0002955063925197409
1550.9099999999999	0.0002907266507599569
1550.915	0.0002900771110527335
1550.92	0.000293794580335261
1550.925	0.00029938172168666305
1550.93	0.0003031680003370766
1550.935	0.0003038522457700608
1550.94	0.00030375906802171686
1550.945	0.0003042374868748389
1550.95	0.00030123343769832006
1550.9550000000002	0.00029263643203929055
1550.96	0.0002858472995222543
1550.965	0.0002891415815324785
1550.97	0.0002997811303817721
1550.975	0.00030369677045797693
1550.98	0.00030160493427205444
1550.9850000000001	0.0003036988556298692
1550.99	0.0003060960793438781
1550.995	0.000304647645141082
1551	0.0003036147687544103
1551.0049999999999	0.0003043990575476716
1551.01	0.0003031616984371641
1551.015	0.0002999380742607672
1551.02	0.00029912742879681397
1551.0249999999999	0.00030174168567492576
1551.03	0.0003042434142336212
1551.0349999999999	0.00030452573405649
1551.04	0.0003042269297661963
1551.045	0.0003029534729558827
1551.05	0.0002972984046811589
1551.055	0.00028883740921570024
1551.06	0.0002851417032821177
1551.065	0.0002892130866311131
1551.0700000000002	0.0002965416160957726
1551.075	0.0002985405589070712
1551.08	0.00029409568994209355
1551.085	0.0002893057141906756
1551.09	0.0002862638081169296
1551.095	0.0002861693845918344
1551.1000000000001	0.0002898454011637802
1551.105	0.00029516527101771506
1551.11	0.0002983938440386564
1551.115	0.00029874889367424663
1551.12	0.00029694160772729747
1551.125	0.00029647300039803735
1551.13	0.0002970717173781793
1551.135	0.0002927164698186465
1551.1399999999999	0.000284699280179089
1551.145	0.0002843388672121812
1551.1499999999999	0.0002910296969373421
1551.155	0.0002959379969225248
1551.16	0.00029447709700015695
1551.165	0.00029037704247071713
1551.17	0.0002893571457999721
1551.175	0.0002913952040594838
1551.1799999999998	0.0002933518585160319
1551.1850000000002	0.00029463212474931864
1551.19	0.00029566858452469104
1551.195	0.0002957696150028332
1551.2	0.000294704851397745
1551.205	0.00029355955677663027
1551.21	0.00029370851988218407
1551.2150000000001	0.00029072890914828256
1551.22	0.00028308217369886956
1551.225	0.0002754618056730224
1551.23	0.0002727791687895834
1551.235	0.00027812977031022
1551.24	0.00028705233677151496
1551.2450000000001	0.0002915270954757413
1551.25	0.00029204705751391955
1551.2549999999999	0.00029076125967045235
1551.26	0.00028969344289506865
1551.2649999999999	0.00028967923745401217
1551.27	0.0002898821049925814
1551.275	0.00029009509091508414
1551.28	0.00029052239545984725
1551.285	0.000291280891058119
1551.29	0.000291978524592506
1551.2949999999998	0.0002919591413256864
1551.3000000000002	0.00028955931492068203
1551.305	0.0002845192757401543
1551.31	0.00028221942079220376
1551.315	0.000285450321263818
1551.32	0.00029051792781165895
1551.3249999999998	0.00029161273418144764
1551.3300000000002	0.0002918048703299866
1551.335	0.0002899816905269829
1551.34	0.00028177001341892594
1551.345	0.0002724225107899254
1551.35	0.00027241579182718317
1551.355	0.00028044295274186657
1551.3600000000001	0.00028802980272349507
1551.365	0.00029093852171247625
1551.37	0.0002909547754500789
1551.375	0.00028823509876405674
1551.3799999999999	0.0002811560088077365
1551.385	0.000272147401536531
1551.39	0.00026779358951154337
1551.395	0.0002708278884144198
1551.4	0.0002779807467142024
1551.405	0.0002826322125846111
1551.4099999999999	0.00028029512415932655
1551.4150000000002	0.00027365142349447823
1551.42	0.0002684687028116884
1551.425	0.00026793658587926863
1551.43	0.0002722919803694925
1551.435	0.0002782186303707117
1551.4399999999998	0.00028150179260625675
1551.4450000000002	0.00028107295504445503
1551.45	0.0002764222976774024
1551.455	0.0002693553158086965
1551.46	0.0002644549948823648
1551.465	0.00026464740900406815
1551.4699999999998	0.0002697059906383487
1551.4750000000001	0.00027631039968115296
1551.48	0.0002785168215522311
1551.485	0.0002770316703209828
1551.49	0.00027122249168824513
1551.495	0.00026552693474032364
1551.5	0.00026707796393284734
1551.505	0.00026901093227154525
1551.51	0.0002686745687070393
1551.515	0.00026728309342072005
1551.52	0.00026219607891473523
1551.5249999999999	0.00025702776096723156
1551.53	0.0002570531126794275
1551.535	0.0002607024259547019
1551.54	0.00025889902788892244
1551.545	0.0002537502547616245
1551.55	0.0002535703432316289
1551.5549999999998	0.0002564570368598416
1551.56	0.00025829322932511975
1551.565	0.0002554465761643185
1551.57	0.0002525203737786056
1551.575	0.00025462608488780516
1551.58	0.000255327797179618
1551.5849999999998	0.00025276629536297716
1551.5900000000001	0.00024754980297468177
1551.595	0.0002464574854014786
1551.6	0.0002501926686925112
1551.605	0.00025408539452227144
1551.61	0.0002560670077244826
1551.615	0.0002549316795530102
1551.6200000000001	0.00025318749168794225
1551.625	0.0002536356789957028
1551.63	0.0002557961420529907
1551.635	0.00025834004041761963
1551.6399999999999	0.00025968489692464777
1551.645	0.0002592462809557771
1551.65	0.00025873755983767046
1551.655	0.00026010185615070306
1551.66	0.00026309262208630205
1551.665	0.0002644246012744066
1551.6699999999998	0.0002639990998565975
1551.675	0.000265402276513684
1551.68	0.0002680310556147148
1551.685	0.0002679425233978249
1551.69	0.00026823684276323863
1551.695	0.00026938258479741734
1551.6999999999998	0.0002656104959264327
1551.705	0.00025824760270450417
1551.71	0.0002571411771637518
1551.715	0.0002656137586590151
1551.72	0.0002713726026822932
1551.725	0.0002667985746950405
1551.73	0.0002615799647395793
1551.7350000000001	0.0002655645444233128
1551.74	0.0002737513739184019
1551.7450000000001	0.0002773346758333577
1551.75	0.000276667660404485
1551.7549999999999	0.00027727397437052364
1551.76	0.0002789353117031818
1551.765	0.00027814122694686216
1551.77	0.0002744812715649865
1551.775	0.0002708749243317691
1551.78	0.00026984450711753453
1551.7849999999999	0.0002706058148159026
1551.79	0.0002716945361713473
1551.795	0.0002723497641232462
1551.8	0.0002726000883206287
1551.805	0.000273348116249477
1551.81	0.0002752852847799037
1551.8149999999998	0.00027747116408804437
1551.82	0.00027992873825046167
1551.825	0.00028007007776646486
1551.83	0.0002793464228129445
1551.835	0.0002784656854172355
1551.84	0.0002756385118781259
1551.845	0.0002741538920122985
1551.85	0.0002721529057909143
1551.855	0.00027155762641632123
1551.8600000000001	0.0002705868270075841
1551.865	0.0002602643515080514
1551.87	0.00024841510308627523
1551.875	0.00025156325631541416
1551.88	0.00026251508868822777
1551.885	0.00026691475826434805
1551.89	0.0002636884206019104
1551.895	0.0002639687630967956
1551.8999999999999	0.0002682962473887866
1551.905	0.00026470726363264814
1551.91	0.000259375533583549
1551.915	0.0002584654531758811
1551.92	0.0002615153229366114
1551.925	0.00026433888309344877
1551.9299999999998	0.00026469982475374324
1551.935	0.0002679023132444119
1551.94	0.0002698451012896081
1551.9450000000002	0.000268241418532013
1551.95	0.00026543415166873296
1551.955	0.0002642493297412622
1551.96	0.00026697305560125146
1551.965	0.0002694196889831527
1551.97	0.00026999809783583495
1551.9750000000001	0.00026897925346209097
1551.98	0.00026745396318167636
1551.985	0.0002673050243293204
1551.99	0.000267594425769493
1551.995	0.00026705946673703925
1552	0.0002653555478482011
1552.005	0.0002633488102751107
1552.01	0.00026294295943828685
1552.0149999999999	0.00026490644180527544
1552.02	0.0002681229505891216
1552.0249999999999	0.0002695844311452336
1552.03	0.0002684717042009844
1552.035	0.0002679429591719049
1552.04	0.00026884518131745555
1552.0449999999998	0.000269727470051789
1552.05	0.00026965927231694845
1552.055	0.0002690351084935214
1552.0600000000002	0.0002669364665098756
1552.065	0.0002610298872430444
1552.07	0.00025376740471263944
1552.075	0.0002503314274431722
1552.08	0.00025262521301008437
1552.085	0.0002552625537805637
1552.0900000000001	0.0002510979454891581
1552.095	0.0002446204603432887
1552.1	0.0002439165621866855
1552.105	0.0002491635935884654
1552.11	0.00025314925933111543
1552.115	0.0002525588372483041
1552.1200000000001	0.000250947527276786
1552.125	0.0002513943937420433
1552.1299999999999	0.0002525383617708206
1552.135	0.0002517912125973557
1552.1399999999999	0.00024946753631571657
1552.145	0.00024754748885286344
1552.15	0.0002465686338138977
1552.155	0.000245961732985971
1552.1599999999999	0.0002438163471956993
1552.165	0.00023966635604041726
1552.1699999999998	0.00023339128013483279
1552.1750000000002	0.0002295840243283623
1552.18	0.00023517106895680807
1552.185	0.00024406528907999284
1552.19	0.0002451748623597982
1552.195	0.00024887053977249097
1552.2	0.0002566857370337036
1552.2050000000002	0.0002568961468265471
1552.21	0.00025992608655079486
1552.215	0.0002619546077807364
1552.22	0.0002591963377647106
1552.225	0.00026043597236288877
1552.23	0.00026447351292741917
1552.2350000000001	0.00026515577175883554
1552.24	0.00026519481808114277
1552.245	0.0002663350609973314
1552.25	0.00026542130528526696
1552.2549999999999	0.000265478328571494
1552.26	0.0002679657769832904
1552.265	0.00027048099228514145
1552.27	0.00026954981979585534
1552.2749999999999	0.0002639463392070419
1552.28	0.00026346117323154634
1552.2849999999999	0.00026749965629045523
1552.2900000000002	0.0002735244727546257
1552.295	0.0002777963781675957
1552.3	0.0002783689050823603
1552.305	0.00027892678151152816
1552.31	0.0002794729518484185
1552.3149999999998	0.00027951940572096284
1552.3200000000002	0.0002780058422413773
1552.325	0.0002759063011988377
1552.33	0.00027415505248002076
1552.335	0.0002732363500567622
1552.34	0.0002731245026874328
1552.345	0.0002732651461043317
1552.3500000000001	0.00027356744918161595
1552.355	0.0002742956639522835
1552.36	0.00027646863582707646
1552.365	0.00028002159034900127
1552.37	0.00028285105242925585
1552.375	0.00028385501768811574
1552.38	0.0002838553546013256
1552.385	0.0002819382063659509
1552.3899999999999	0.0002772756658177144
1552.395	0.00027654907879547124
1552.3999999999999	0.0002783425381333377
1552.4050000000002	0.0002727948263072752
1552.41	0.00026266389036683663
1552.415	0.0002611249281564831
1552.42	0.00026664105828015265
1552.425	0.00026557775631933184
1552.4299999999998	0.00025778285792864297
1552.4350000000002	0.00025684114629190427
1552.44	0.00026623620344906396
1552.445	0.000270945427092498
1552.45	0.00026379566025398527
1552.455	0.0002598507156071473
1552.4599999999998	0.0002648889346482465
1552.4650000000001	0.0002701459628476254
1552.47	0.00026890775806418584
1552.475	0.00026342216509065954
1552.48	0.0002583963518135163
1552.485	0.00025689060393179624
1552.4899999999998	0.0002600286264707254
1552.4950000000001	0.00026561440511662895
1552.5	0.0002713012185411034
1552.5049999999999	0.0002735288063070702
1552.51	0.0002719697906826437
1552.5149999999999	0.00026942164935091944
1552.52	0.00026798789812840056
1552.525	0.00027388577598037053
1552.53	0.000282924279613756
1552.535	0.0002828989623672712
1552.54	0.00027879006682005205
1552.5449999999998	0.00028407625154665083
1552.5500000000002	0.0002850643553158107
1552.555	0.00027970756001594564
1552.56	0.00027929023182822894
1552.565	0.0002835326704421244
1552.57	0.0002875124746877299
1552.5749999999998	0.00028741052901456305
1552.5800000000002	0.0002861103954383494
1552.585	0.0002867210908140955
1552.59	0.00028800209827633367
1552.595	0.00028881538305359795
1552.6	0.0002886956065919782
1552.6049999999998	0.00028746139225112967
1552.6100000000001	0.00028517123170786467
1552.615	0.00028327207034642556
1552.6200000000001	0.0002835866202456946
1552.625	0.00028435891862107625
1552.6299999999999	0.00028360463894647913
1552.635	0.00027866719796507946
1552.64	0.0002750483512408438
1552.645	0.0002764120731978292
1552.65	0.0002800672469914219
1552.655	0.00028326754655036527
1552.6599999999999	0.00028405032465492864
1552.665	0.000283185893179164
1552.67	0.00028249865587233095
1552.675	0.0002805439950261847
1552.68	0.0002755042972645273
1552.685	0.00026699458906646206
1552.6899999999998	0.00025781398331074275
1552.695	0.00025276446872653523
1552.7	0.00025325698361721555
1552.705	0.0002600672244577915
1552.71	0.0002679118888971827
1552.715	0.0002682372883275534
1552.7199999999998	0.0002622868385714124
1552.7250000000001	0.00026180949386546236
1552.73	0.00027026620235152244
1552.7350000000001	0.0002637420501842825
1552.74	0.00024805113893090617
1552.745	0.00024969940090766707
1552.75	0.00026582034198274524
1552.755	0.00027447369313775576
1552.76	0.0002717976775559963
1552.765	0.00027116503372445993
1552.77	0.0002729566550862172
1552.7749999999999	0.00027120748609258484
1552.78	0.00026957296685962864
1552.785	0.000272603895274872
1552.79	0.00027248085829952956
1552.795	0.00026619531183716215
1552.8	0.0002633484738178698
1552.8049999999998	0.00026740904633526573
1552.81	0.00026998468805721675
1552.815	0.00026723992533668256
1552.82	0.00026544243754207837
1552.825	0.0002677752545066573
1552.83	0.00027170807903218776
1552.8349999999998	0.0002732721519335551
1552.84	0.00027152237882898273
1552.845	0.00026811796210880496
1552.8500000000001	0.00026453446877294833
1552.855	0.0002623260301766379
1552.86	0.00026099978436732363
1552.865	0.00025983170286858416
1552.8700000000001	0.0002579681934391421
1552.875	0.0002568397680334924
1552.88	0.00025984216398078596
1552.885	0.0002647820031405713
1552.8899999999999	0.0002643014014836821
1552.895	0.00026399965783734786
1552.9	0.00026561451357211925
1552.905	0.00026343402828043344
1552.91	0.00026094740496912137
1552.915	0.0002592514056629133
1552.9199999999998	0.0002537563292429602
1552.925	0.00024818690793206906
1552.93	0.0002494444981977873
1552.935	0.00025185522602965424
1552.94	0.00024781236484893105
1552.945	0.00024199722140457743
1552.9499999999998	0.00024054820497553312
1552.955	0.00024479039678970726
1552.96	0.00024878235093455975
1552.9650000000001	0.00024994064379133495
1552.97	0.00025099172385592615
1552.975	0.0002480011293869727
1552.98	0.00024090228469034335
1552.985	0.00023372739234860058
1552.99	0.0002390311121929788
1552.9950000000001	0.0002476946208349865
1553	0.0002482323257664491
1553.0049999999999	0.00024175651974782348
1553.01	0.00023424690808901224
1553.015	0.0002342322607513895
1553.02	0.0002354102296424145
1553.025	0.0002299474863142949
1553.03	0.00021825511714988486
1553.0349999999999	0.00020401088741816244
1553.04	0.0001969013224969297
1553.045	0.00020363732321193503
1553.05	0.0002235971003188733
1553.055	0.0002451695341565506
1553.06	0.00025322346790024596
1553.065	0.0002480908935306317
1553.07	0.00024643351890686816
1553.075	0.0002560423668123544
1553.0800000000002	0.00026381599514215703
1553.085	0.0002633329111168507
1553.09	0.00026480151609283465
1553.095	0.000261981802948484
1553.1	0.0002488242023582754
1553.105	0.00023727733237400049
1553.1100000000001	0.00023722115126206749
1553.115	0.0002477612619397997
1553.12	0.00025852408437332744
1553.125	0.0002637595839395852
1553.1299999999999	0.0002657051354462944
1553.135	0.0002669181871786419
1553.14	0.00026616560972114934
1553.145	0.0002644699838428751
1553.1499999999999	0.0002637006910924481
1553.155	0.00025772994432074936
1553.1599999999999	0.00024158147285649362
1553.165	0.00022580523808511405
1553.17	0.00022209801287994478
1553.175	0.00023163098307451787
1553.18	0.000246393928021757
1553.185	0.0002567385955264534
1553.19	0.0002585386433683765
1553.1950000000002	0.00025643725289846377
1553.2	0.000254001488370947
1553.205	0.0002535623794631919
1553.21	0.0002554680161577414
1553.215	0.0002574290952997164
1553.22	0.0002576802275507294
1553.2250000000001	0.00025603013362896025
1553.23	0.00025444957936067447
1553.235	0.0002549925119509282
1553.24	0.00025641143665389133
1553.245	0.00025668901213595527
1553.25	0.0002519310192854331
1553.255	0.00024152510420700235
1553.26	0.00024181343834154675
1553.2649999999999	0.000249168299107863
1553.27	0.00024806544174903975
1553.2749999999999	0.0002451645658941612
1553.28	0.0002480550025541809
1553.285	0.00024942534809724515
1553.29	0.00024746410904044483
1553.295	0.0002472759560890526
1553.3	0.00024864789421962983
1553.3049999999998	0.0002489862688658059
1553.3100000000002	0.0002477790265344187
1553.315	0.0002478447724898265
1553.32	0.0002512466816785104
1553.325	0.00025204426157362386
1553.33	0.00025086005746994156
1553.335	0.00024992569774865363
1553.3400000000001	0.0002513337417370532
1553.345	0.00025264550301153744
1553.35	0.00025089474157315996
1553.355	0.00024951055265462913
1553.36	0.0002499651945704439
1553.365	0.0002523926676344594
1553.3700000000001	0.00025478080391263234
1553.375	0.0002550423903726691
1553.3799999999999	0.0002545422911289169
1553.385	0.0002543573561531646
1553.3899999999999	0.0002550464503828799
1553.395	0.0002559648168601819
1553.4	0.0002555721258822426
1553.405	0.00025241099177890017
1553.41	0.0002484617605452876
1553.415	0.0002489793275607768
1553.4199999999998	0.0002522209386574372
1553.4250000000002	0.00024873244134584674
1553.43	0.00023458336948476325
1553.435	0.00022741317697505116
1553.44	0.00023794551610097092
1553.445	0.0002506463307953285
1553.4499999999998	0.0002557500995594504
1553.4550000000002	0.00025720311992503123
1553.46	0.0002586427363398084
1553.465	0.0002582462152753041
1553.47	0.0002568388787835126
1553.475	0.00025730340858514745
1553.48	0.000259564935153917
1553.4850000000001	0.00026129050251094796
1553.49	0.00026171673380881796
1553.495	0.00026176348909511465
1553.5	0.0002615839690322902
1553.5049999999999	0.00026084175795010745
1553.51	0.00025980697650006805
1553.515	0.0002584472425456314
1553.52	0.0002554622289533159
1553.525	0.0002497863606028934
1553.53	0.0002442956618582507
1553.5349999999999	0.00024163072993549977
1553.5400000000002	0.0002439732735268902
1553.545	0.00024898395436480163
1553.55	0.00025582757918116253
1553.555	0.0002613218497364619
1553.56	0.00026381179322469673
1553.5649999999998	0.00026285997274507465
1553.5700000000002	0.00025960330654297407
1553.575	0.0002586852060836327
1553.58	0.00026334420980251915
1553.585	0.00026896451780515635
1553.59	0.00026795095495943773
1553.5949999999998	0.0002694899544279893
1553.6000000000001	0.000274704848433334
1553.605	0.0002756021874432793
1553.61	0.00027346247917022724
1553.615	0.0002700419628357516
1553.62	0.0002718407813944473
1553.6249999999998	0.000277973128865056
1553.63	0.0002770876244675469
1553.635	0.00027398272931541425
1553.64	0.0002750658214871986
1553.645	0.00027732533408411506
1553.6499999999999	0.00027603964585105884
1553.655	0.00027277458404063735
1553.66	0.0002713684755953055
1553.665	0.0002750029376895245
1553.67	0.0002785045579053649
1553.675	0.0002778696515901665
1553.6799999999998	0.00027637522689154075
1553.685	0.00027603567109093006
1553.69	0.0002779280005145502
1553.695	0.0002793983072525774
1553.7	0.00028104958431580994
1553.705	0.0002833283729274598
1553.7099999999998	0.00028548330814857047
1553.7150000000001	0.000285892203030463
1553.72	0.0002833984272353339
1553.725	0.0002805609884247054
1553.73	0.00027948149886099243
1553.735	0.0002804653455214268
1553.7399999999998	0.00028258043262644627
1553.7450000000001	0.0002838742375373234
1553.75	0.0002832609171102167
1553.755	0.0002816662270166137
1553.76	0.00028079282956212096
1553.7649999999999	0.0002811517333264351
1553.77	0.0002802297520287296
1553.775	0.0002771146011933411
1553.78	0.0002754587330620652
1553.785	0.00027536509847123926
1553.79	0.00026974952464048986
1553.7949999999998	0.0002629823877062189
1553.8	0.00026637360305699473
1553.805	0.0002704348975590242
1553.81	0.00026477987943153197
1553.815	0.00025833084531545823
1553.82	0.00026322825089833494
1553.8249999999998	0.00027072498146715176
1553.83	0.00026766179712663384
1553.835	0.0002605930584379718
1553.84	0.0002610839244080245
1553.845	0.0002640472603312304
1553.85	0.00026134686566800763
1553.855	0.0002601658444311975
1553.8600000000001	0.00026817621564860164
1553.865	0.0002767585999662898
1553.8700000000001	0.00027773414040537967
1553.875	0.0002750992622604153
1553.8799999999999	0.00027413767679996496
1553.885	0.00027621198661211726
1553.89	0.0002792696196612668
1553.895	0.0002811470019978197
1553.9	0.0002814103877042171
1553.905	0.00028111599385738373
1553.9099999999999	0.00028191250976700405
1553.915	0.0002840523236794737
1553.92	0.0002861278831349888
1553.925	0.00028571737965032187
1553.93	0.0002821138895853667
1553.935	0.00028330139077207254
1553.9399999999998	0.00028845510951929545
1553.945	0.0002820738398502983
1553.95	0.0002788417079696646
1553.955	0.0002731858610808202
1553.96	0.0002586818768757324
1553.965	0.0002646269958098087
1553.97	0.00028077351887313055
1553.975	0.00028837300022564115
1553.98	0.0002835509488455852
1553.9850000000001	0.0002837626476980323
1553.99	0.00028967373778248994
1553.995	0.0002915358298088329
1554	0.00029072207573769643
1554.005	0.0002906460707190652
1554.01	0.0002899597716951576
1554.015	0.0002879895527083901
1554.02	0.00028591122012085294
1554.0249999999999	0.0002879437236741538
1554.03	0.0002875476062562384
1554.035	0.0002840397318809047
1554.04	0.0002801249501923008
1554.045	0.0002805232936706841
1554.05	0.0002830625797797252
1554.0549999999998	0.0002790683615849934
1554.06	0.0002701295622155413
1554.065	0.00026047898122213926
1554.07	0.0002570033833104161
1554.075	0.00026256751856045576
1554.08	0.00027030546548582196
1554.085	0.00027722875863956894
1554.09	0.00028022664776977273
1554.095	0.0002789143404615922
1554.1000000000001	0.00027688040741322237
1554.105	0.00027712551294995115
1554.11	0.0002784557454575653
1554.115	0.0002750773983993989
1554.12	0.00026747421997475013
1554.125	0.00026428244011604107
1554.13	0.0002720893961507816
1554.135	0.00027873909664804966
1554.1399999999999	0.0002741755915717193
1554.145	0.0002694797298399615
1554.1499999999999	0.0002727603035469948
1554.155	0.0002741045484430208
1554.16	0.00027300442834756416
1554.165	0.0002740534868432554
1554.1699999999998	0.00027686080833946977
1554.175	0.00027629469282678645
1554.18	0.0002730830097215615
1554.1850000000002	0.000273855885001396
1554.19	0.00027958498087168356
1554.195	0.0002831687991348873
1554.2	0.00028116198342880257
1554.205	0.0002797511249684195
1554.21	0.0002830056196244271
1554.2150000000001	0.0002860274784155275
1554.22	0.0002852529083646152
1554.225	0.0002824078020463232
1554.23	0.0002775020949858959
1554.235	0.00027101119130631984
1554.24	0.00026289400232848697
1554.2450000000001	0.00025523778665673835
1554.25	0.00025124343744923835
1554.2549999999999	0.00025114322945171664
1554.26	0.0002553889695197955
1554.2649999999999	0.000264577663750124
1554.27	0.0002753855932019224
1554.275	0.00028079342396330933
1554.28	0.0002797190327549856
1554.2849999999999	0.00027248374903163713
1554.29	0.00026963139576756954
1554.2949999999998	0.0002674236341802794
1554.3000000000002	0.0002670867876529768
1554.305	0.00027585693783093693
1554.31	0.0002737643670188654
1554.315	0.00026832748359925445
1554.32	0.0002739040371150815
1554.325	0.0002773132744416999
1554.3300000000002	0.0002753040550880424
1554.335	0.00027620472904526394
1554.34	0.00027255836070537903
1554.345	0.000260257520931014
1554.35	0.0002553853065956179
1554.355	0.0002623236081552934
1554.3600000000001	0.00027111479536149984
1554.365	0.00027325899285867577
1554.37	0.00026801461930934216
1554.375	0.0002664289769077132
1554.3799999999999	0.00027137443082907755
1554.385	0.00027136739979896656
1554.39	0.0002677998429745965
1554.395	0.0002648935129041028
1554.3999999999999	0.0002676300124288126
1554.405	0.00027411669293753247
1554.4099999999999	0.0002781816909183419
1554.4150000000002	0.0002794659655856328
1554.42	0.0002788473649115056
1554.425	0.00027784697472749045
1554.43	0.0002767946834898186
1554.435	0.00027506058627321415
1554.4399999999998	0.0002728943563129058
1554.4450000000002	0.00027131616289549464
1554.45	0.0002717378663781051
1554.455	0.00027449516957055625
1554.46	0.00027871679367477497
1554.465	0.0002827251051467666
1554.47	0.0002848083219131847
1554.4750000000001	0.00028503255997678765
1554.48	0.00028299192054323085
1554.485	0.0002797977328590164
1554.49	0.00028185983580215207
1554.495	0.00028563114097169753
1554.5	0.000283654922578059
1554.505	0.00027972368488367305
1554.51	0.0002802121691718994
1554.5149999999999	0.00028483682839071215
1554.52	0.00028726969504216303
1554.5249999999999	0.00028523130654397265
1554.5300000000002	0.0002832609212085178
1554.535	0.0002845357310991209
1554.54	0.0002863521958886222
1554.545	0.0002859349305675567
1554.55	0.00028404871697668247
1554.5549999999998	0.00028284469487738277
1554.5600000000002	0.00028323362520523267
1554.565	0.0002847012113446277
1554.57	0.0002864752283005407
1554.575	0.0002875538513825496
1554.58	0.00028689133517693753
1554.5849999999998	0.00028528559397216483
1554.5900000000001	0.0002841984970244335
1554.595	0.0002842025090813287
1554.6	0.00028484870281925406
1554.605	0.00028548627389418023
1554.61	0.000285384808536559
1554.615	0.0002841760813376158
1554.6200000000001	0.00028253998620409967
1554.625	0.0002814973090623253
1554.6299999999999	0.00028177238387467983
1554.635	0.00028090353195159897
1554.6399999999999	0.00027649153211265956
1554.645	0.0002709744860393162
1554.65	0.00027400388262596015
1554.655	0.00027448216566678605
1554.66	0.00026789278467587727
1554.665	0.00027187013485729104
1554.6699999999998	0.0002725160560075327
1554.6750000000002	0.0002610648458131612
1554.68	0.0002589739556038569
1554.685	0.00026714149603324674
1554.69	0.0002693585837292902
1554.695	0.00026350438774210987
1554.6999999999998	0.00026187997438501827
1554.7050000000002	0.0002676499619511122
1554.71	0.0002704338133963749
1554.715	0.00026992570478833177
1554.72	0.00026852652615613336
1554.725	0.00026771673293301315
1554.7299999999998	0.00026778286926072584
1554.7350000000001	0.0002698086171264602
1554.74	0.0002729223359153485
1554.745	0.00027319641289299314
1554.75	0.00027041277539062387
1554.7549999999999	0.0002668992675136613
1554.76	0.0002664085713562113
1554.765	0.0002693534495975617
1554.77	0.0002713797883966248
1554.775	0.00027109379746905935
1554.78	0.00026893714653090326
1554.7849999999999	0.00026584578502986345
1554.79	0.000262678375659899
1554.795	0.00025990630980173197
1554.8	0.00025651312721255856
1554.805	0.000253103975637877
1554.81	0.00025193232479350314
1554.8149999999998	0.0002554377962454302
1554.82	0.00026308851116728593
1554.825	0.0002727443738580298
1554.83	0.00027639116729343986
1554.835	0.0002747833330981275
1554.84	0.0002737917308328511
1554.8449999999998	0.000274088715635768
1554.8500000000001	0.0002758508779090402
1554.855	0.00027788145970107864
1554.86	0.0002768633496614569
1554.865	0.00027457051138929535
1554.87	0.0002754251231497335
1554.875	0.0002777958003150481
1554.88	0.0002776432975678226
1554.885	0.0002753989157362051
1554.89	0.0002757449009490654
1554.895	0.00027820683789769494
1554.8999999999999	0.00027678532315084814
1554.905	0.00027295748325773846
1554.91	0.0002721467408173958
1554.915	0.00027525383853639894
1554.92	0.0002778032501789246
1554.925	0.0002778568715604856
1554.9299999999998	0.0002771200466028606
1554.935	0.00027733851383572074
1554.94	0.0002774444411952049
1554.945	0.0002754892479378784
1554.95	0.00027119703450827616
1554.955	0.0002650160440285542
1554.9599999999998	0.00026072279451195147
1554.965	0.0002598222188088045
1554.97	0.0002630538779360736
1554.975	0.0002687217757024245
1554.98	0.00027416035509503727
1554.985	0.000273330190822102
1554.99	0.0002705432708257606
1554.9950000000001	0.00027190842139213176
1555	0.0002706186681393623
1555.005	0.00027207622925467026
1555.01	0.00027875325735840907
1555.0149999999999	0.0002772019593768236
1555.02	0.0002770306234295129
1555.025	0.00028292549486288353
1555.03	0.00028572722507685483
1555.035	0.0002858201178932063
1555.04	0.00028539127760568054
1555.0449999999998	0.0002785318488699378
1555.05	0.00026765810697689397
1555.055	0.00026349650250771437
1555.06	0.000270465906536022
1555.065	0.0002808792170024007
1555.07	0.0002808965007395451
1555.0749999999998	0.00027171023448983243
1555.08	0.0002721585564597528
1555.085	0.00027759882297048185
1555.0900000000001	0.00027965115768633796
1555.095	0.0002721675253071235
1555.1	0.00026353302905211053
1555.105	0.0002631625646404272
1555.11	0.00026519327965099447
1555.115	0.00026607260465989893
1555.1200000000001	0.0002640074260180847
1555.125	0.00026129875490510894
1555.1299999999999	0.00026194497598393826
1555.135	0.0002658731320040366
1555.14	0.00027308097444249196
1555.145	0.0002823117282912102
1555.15	0.0002874275042686185
1555.155	0.0002894393952150449
1555.1599999999999	0.0002894930070842796
1555.165	0.0002888579443499597
1555.17	0.0002882370065279529
1555.175	0.00028592109850470365
1555.18	0.0002807994844880082
1555.185	0.0002757357786662404
1555.19	0.00027055307644505714
1555.195	0.0002625793370174969
1555.2	0.0002576452531126585
1555.2050000000002	0.0002629718327383702
1555.21	0.0002751366077882592
1555.215	0.00028428523371385427
1555.22	0.0002875938180931084
1555.225	0.0002876660461666679
1555.23	0.0002866979091275854
1555.2350000000001	0.0002844868973733903
1555.24	0.0002815321008323309
1555.245	0.00028005893756014776
1555.25	0.00028101644313199576
1555.2549999999999	0.0002831735213754149
1555.26	0.0002837448794420029
1555.265	0.0002803369282330303
1555.27	0.00027447840040281186
1555.2749999999999	0.0002720897167471442
1555.28	0.00027475172178114527
1555.2849999999999	0.0002793326894672534
1555.29	0.0002823537868459505
1555.295	0.00028226057802476336
1555.3	0.000280231528659798
1555.305	0.00027798200465180907
1555.31	0.0002763683264628217
1555.315	0.0002759440614445556
1555.3200000000002	0.0002753757291418485
1555.325	0.000271966832438095
1555.33	0.0002637003402568307
1555.335	0.0002518677957223222
1555.34	0.0002476481505914389
1555.345	0.00026229940941546807
1555.3500000000001	0.0002678799869502823
1555.355	0.00025870593719533596
1555.36	0.00026223861818897937
1555.365	0.00026778457707265986
1555.37	0.00027271208357051654
1555.375	0.000277329254805028
1555.38	0.0002763018034950848
1555.385	0.0002739634744538757
1555.3899999999999	0.0002753308562434739
1555.395	0.00027690356694970545
1555.3999999999999	0.0002763398203835978
1555.405	0.00027698700426863104
1555.41	0.00027561558679741626
1555.415	0.00026822543342043575
1555.42	0.00026218160487333057
1555.425	0.00026218812666194217
1555.4299999999998	0.00026752632006596123
1555.4350000000002	0.0002730163188142735
1555.44	0.0002707387336966495
1555.445	0.00026600075000440744
1555.45	0.00026051528867048206
1555.455	0.0002560211397576472
1555.46	0.00025480623673502226
1555.4650000000001	0.0002595472375008605
1555.47	0.0002655944617604522
1555.475	0.0002706804889188513
1555.48	0.0002727501722195894
1555.485	0.0002698672031046028
1555.49	0.0002651820963457512
1555.4950000000001	0.000263299809620888
1555.5	0.0002652219095412684
1555.5049999999999	0.00027049317422661774
1555.51	0.00027561941779383935
1555.5149999999999	0.0002772609350213693
1555.52	0.0002759935079903657
1555.525	0.0002758373433888236
1555.53	0.00027649357727457536
1555.535	0.00027277500903140654
1555.54	0.00026863745159779183
1555.5449999999998	0.0002722245537712941
1555.5500000000002	0.00027380535538258
1555.555	0.00026654796327707134
1555.56	0.00026164551931968477
1555.565	0.00026655973459093683
1555.57	0.00026903645599511943
1555.5749999999998	0.0002570088918654845
1555.5800000000002	0.0002454118352461446
1555.585	0.0002477898102204737
1555.59	0.0002602912595138983
1555.595	0.0002685055803813733
1555.6	0.0002683248525874602
1555.605	0.00026739437776649783
1555.6100000000001	0.00027008421055310205
1555.615	0.0002704800629707371
1555.62	0.0002645247593400523
1555.625	0.00026000912133696604
1555.6299999999999	0.00026240847962521834
1555.635	0.0002663912280444438
1555.64	0.0002665624489717729
1555.645	0.0002614266922775184
1555.65	0.00025406602128289835
1555.655	0.0002486600821944224
1555.6599999999999	0.0002467544196786602
1555.6650000000002	0.00024888094857726544
1555.67	0.000252979828068656
1555.675	0.0002549582149785181
1555.68	0.00025168702847602666
1555.685	0.00024719084338393094
1555.6899999999998	0.00025436428245505596
1555.6950000000002	0.0002636745746055786
1555.7	0.00025315347397767893
1555.705	0.0002536681290694125
1555.71	0.00025594299965754364
1555.715	0.00024919902870343413
1555.7199999999998	0.0002550387152789934
1555.7250000000001	0.0002613944045672743
1555.73	0.0002580251980331142
1555.735	0.0002565754677005256
1555.74	0.0002541321096228753
1555.745	0.0002434776658654068
1555.7499999999998	0.0002354991682422097
1555.755	0.00024217120520202717
1555.76	0.0002479473309678457
1555.765	0.0002442371838972558
1555.77	0.0002401308332673279
1555.7749999999999	0.00024222760224242357
1555.78	0.0002502563854900671
1555.785	0.0002512097057098626
1555.79	0.00024741556298851915
1555.795	0.0002483706501897546
1555.8	0.0002455661564737012
1555.8049999999998	0.00023468675255485785
1555.8100000000002	0.000217732714438227
1555.815	0.00020598247229247307
1555.82	0.00021047452477817728
1555.825	0.00022324008655643298
1555.83	0.00023688394472572464
1555.8349999999998	0.0002442517110218801
1555.8400000000001	0.00024069879743711224
1555.845	0.00023390963968184105
1555.85	0.00023485040753331424
1555.855	0.00024266811478638263
1555.86	0.00024979505713896546
1555.8649999999998	0.00024418034757120254
1555.8700000000001	0.00022998450960162018
1555.875	0.0002262708698098059
1555.88	0.00024069383866622956
1555.885	0.0002530276089903729
1555.8899999999999	0.00025087745907199455
1555.895	0.00025059562628091287
1555.9	0.00025886787053364465
1555.905	0.00026110595168612766
1555.91	0.0002576576023301939
1555.915	0.0002573121685699123
1555.9199999999998	0.0002612632091114486
1555.925	0.00026372344936152097
1555.93	0.00026355279076968456
1555.935	0.0002654453703153808
1555.94	0.00027019855831212275
1555.945	0.00027409032082662877
1555.9499999999998	0.00027530511543752943
1555.955	0.00027468119520803125
1555.96	0.00027173521407804446
1555.965	0.0002689110613583331
1555.97	0.00026941635550871987
1555.975	0.0002726173361536985
1555.9799999999998	0.0002751979896656663
1555.9850000000001	0.000275368083110526
1555.99	0.00027342934401692877
1555.9950000000001	0.0002710665933250145
1556	0.0002698586724202425
1556.0049999999999	0.00027027515805124586
1556.01	0.00027161573976761723
1556.015	0.00027267294172990576
1556.02	0.0002727126627205468
1556.025	0.00027225145605733593
1556.03	0.0002724835037245733
1556.0349999999999	0.00027419015856955945
1556.04	0.0002716278193175231
1556.045	0.0002573202670608635
1556.05	0.0002506563362852538
1556.055	0.00026633605948372425
1556.06	0.00026846940618214995
1556.0649999999998	0.00025994372433487187
1556.07	0.000262007373026587
1556.075	0.00026713969821743635
1556.08	0.0002691421326344222
1556.085	0.00027001056624142836
1556.09	0.00026878297367979593
1556.0949999999998	0.00026457023386358003
1556.1	0.0002607856295235467
1556.105	0.0002607165911692588
1556.1100000000001	0.0002632805432100205
1556.115	0.0002646911439767434
1556.12	0.0002660017117553028
1556.125	0.00026764632516420764
1556.13	0.00026934013609253543
1556.135	0.0002677655033734545
1556.14	0.0002646748774543455
1556.145	0.00026323638138347853
1556.1499999999999	0.00026398633664496973
1556.155	0.0002658726793124867
1556.16	0.00026575352337995935
1556.165	0.0002638528804476487
1556.17	0.0002626016562270122
1556.175	0.0002616942269216171
1556.1799999999998	0.00026025296368358436
1556.185	0.0002574985239025763
1556.19	0.00025387895326827375
1556.195	0.00025092076032406203
1556.2	0.00025021684145944226
1556.205	0.0002511645246478855
1556.21	0.00025217901894127
1556.215	0.00025231810051745695
1556.22	0.0002524340366203341
1556.2250000000001	0.0002536226250786476
1556.23	0.000253491054127202
1556.235	0.00024955779914091167
1556.24	0.00024793794059257106
1556.245	0.00024984959507119204
1556.25	0.0002496553481505366
1556.255	0.00024870966453500803
1556.26	0.00024725706706381134
1556.2649999999999	0.00024007814609257693
1556.27	0.00023500617039340482
1556.275	0.00023878935436081195
1556.28	0.0002467350326383254
1556.285	0.00024696943995873273
1556.29	0.000240308698881426
1556.2949999999998	0.00024020752128057926
1556.3	0.00024396631208834657
1556.305	0.00023795769758818344
1556.3100000000002	0.00022434152875569987
1556.315	0.00021680821113935811
1556.32	0.00022267657001796812
1556.325	0.0002364266198845279
1556.33	0.00024822703811723756
1556.335	0.00025419909122566074
1556.3400000000001	0.00025657342395354703
1556.345	0.00025722848283173854
1556.35	0.00025691975077347685
1556.355	0.00025569330348164355
1556.36	0.0002524983521581399
1556.365	0.00024904927058262433
1556.3700000000001	0.00024496755166809127
1556.375	0.00024353322207928282
1556.3799999999999	0.00024744057028042795
1556.385	0.0002551980716530926
1556.3899999999999	0.0002573303234712102
1556.395	0.0002549442459753954
1556.4	0.00025817768433721223
1556.405	0.00025764687344416394
1556.4099999999999	0.00026109614550692877
1556.415	0.00026169391060859484
1556.4199999999998	0.00025472650005130477
1556.4250000000002	0.00025493946186190536
1556.43	0.00025864783639092557
1556.435	0.00024818098090499576
1556.44	0.0002386944361182211
1556.445	0.00024018294524169568
1556.45	0.0002504206763725852
1556.4550000000002	0.0002614301868418581
1556.46	0.00026767066008676706
1556.465	0.0002693191464036036
1556.47	0.0002699198542353316
1556.475	0.00026839344138037107
1556.48	0.0002661791253493386
1556.4850000000001	0.00026529067425539577
1556.49	0.0002669511128156423
1556.495	0.0002690215593143195
1556.5	0.0002681479473439777
1556.5049999999999	0.0002675311378896847
1556.51	0.000267921207969847
1556.515	0.00026870879192509385
1556.52	0.0002682827244035943
1556.5249999999999	0.0002653132652763248
1556.53	0.0002624808326878121
1556.5349999999999	0.0002618432723532739
1556.5400000000002	0.0002631760234107523
1556.545	0.0002645106578711419
1556.55	0.00026379432831552177
1556.555	0.000260726372053355
1556.56	0.00025785689533571414
1556.5649999999998	0.00025782196076050976
1556.5700000000002	0.0002587605154819333
1556.575	0.00025648034743007875
1556.58	0.00025256970779768175
1556.585	0.0002510537715513731
1556.59	0.0002473511982292117
1556.595	0.00023958964709318628
1556.6000000000001	0.00024160836049982924
1556.605	0.0002506829268057278
1556.61	0.0002506295885666338
1556.615	0.00024092551658492391
1556.62	0.0002351552335352653
1556.625	0.00024062030057637006
1556.63	0.0002478709098379466
1556.635	0.0002446501725763526
1556.6399999999999	0.000234849039712313
1556.645	0.00023330985130101182
1556.6499999999999	0.00024198688248878078
1556.6550000000002	0.0002485408325473717
1556.66	0.00024853752405871153
1556.665	0.00024791473514627454
1556.67	0.00024831778184364767
1556.675	0.0002460581807276241
1556.6799999999998	0.00024021525750513167
1556.6850000000002	0.00023578240751143118
1556.69	0.00023710916654747335
1556.695	0.00024226790948760491
1556.7	0.0002460632563172229
1556.705	0.00024615030732499666
1556.7099999999998	0.00024272459777890856
1556.7150000000001	0.00023815309417181784
1556.72	0.00023640894296588947
1556.725	0.00023932325462875122
1556.73	0.0002458183678987115
1556.735	0.0002512059462147106
1556.74	0.00025076623353231174
1556.7450000000001	0.0002514313070737239
1556.75	0.0002548042874614333
1556.7549999999999	0.0002497424689350279
1556.76	0.00025178404714532813
1556.7649999999999	0.00025863477128916957
1556.77	0.00025711063522176306
1556.775	0.00025713922194040906
1556.78	0.00026000485729871974
1556.785	0.00025877995989872626
1556.79	0.0002581773831135026
1556.7949999999998	0.00026191581750656005
1556.8000000000002	0.00026361692300130456
1556.805	0.00026101428520819783
1556.81	0.00025888459461042743
1556.815	0.0002621706446581871
1556.82	0.0002675249850389912
1556.8249999999998	0.0002672026481888825
1556.8300000000002	0.0002656847833773605
1556.835	0.00026436091112044563
1556.84	0.00026219137736632655
1556.845	0.00025759062257460616
1556.85	0.00025118806614129216
1556.8549999999998	0.0002495110365975391
1556.8600000000001	0.0002521734941271629
1556.865	0.00025661279437668973
1556.87	0.0002608827243564978
1556.875	0.00026398701443710465
1556.8799999999999	0.00026568655885778855
1556.885	0.00026761991483812217
1556.89	0.0002698427679170035
1556.895	0.0002721868681674643
1556.9	0.00027422175761918923
1556.905	0.00027536784675249505
1556.9099999999999	0.00027521158701371344
1556.915	0.0002741896355284877
1556.92	0.0002734949732976323
1556.925	0.00027371922619707665
1556.93	0.0002731048278674779
1556.935	0.00026953336821896717
1556.9399999999998	0.00026607912152947443
1556.945	0.0002673348066071974
1556.95	0.00026970853783503694
1556.955	0.0002685804517419326
1556.96	0.0002667636269268045
1556.965	0.0002688586098069834
1556.9699999999998	0.0002707969529913766
1556.9750000000001	0.0002679700368952835
1556.98	0.0002625114625828734
1556.985	0.00026086594951830273
1556.99	0.0002642896587837784
1556.995	0.0002683162797159181
1557	0.0002692262511252211
1557.005	0.0002671637279833514
1557.01	0.00026507816075073366
1557.015	0.00026524606160423724
1557.02	0.0002670538382179105
1557.0249999999999	0.00026896670023944297
1557.03	0.0002702352388080087
1557.035	0.00027059473333004543
1557.04	0.00027001941669820153
1557.045	0.00026887631485557367
1557.05	0.00026752297378320584
1557.0549999999998	0.00026617296129102146
1557.06	0.0002653460240679102
1557.065	0.0002648653843280264
1557.07	0.000264649447914627
1557.075	0.00026379030039301284
1557.08	0.0002617061022999144
1557.0849999999998	0.000259067891107124
1557.09	0.0002584333415072712
1557.095	0.0002609134079394626
1557.1	0.00025760061459036463
1557.105	0.0002550582276230327
1557.11	0.0002523131442822428
1557.115	0.00023875941630045045
1557.1200000000001	0.0002389960692489353
1557.125	0.0002476880937978838
1557.13	0.00024964457450313613
1557.135	0.00024909765106824645
1557.1399999999999	0.0002482615341538653
1557.145	0.00024278812086429258
1557.15	0.00023747303333853938
1557.155	0.0002384224818387661
1557.16	0.0002439749569154502
1557.165	0.0002456903226000342
1557.1699999999998	0.0002430405952907439
1557.175	0.0002452993391167415
1557.18	0.0002500646556465212
1557.185	0.0002536474696950498
1557.19	0.000250910459076909
1557.195	0.00024828152933372154
1557.1999999999998	0.00024977178705762635
1557.205	0.0002535417050831847
1557.21	0.00025757962714466066
1557.215	0.0002592819471452992
1557.22	0.00025940112287850775
1557.225	0.00025947148206271304
1557.23	0.00025956499290925595
1557.235	0.00025907305115563167
1557.24	0.00025588346307921445
1557.2450000000001	0.00025082933202526833
1557.25	0.0002466895468796017
1557.2549999999999	0.00024568476731726623
1557.26	0.0002506412907943679
1557.265	0.00025906904172999816
1557.27	0.000261622127791213
1557.275	0.0002572435545922106
1557.28	0.0002589673488351149
1557.2849999999999	0.00026208477607308556
1557.29	0.0002523050308298364
1557.295	0.00024758954004614636
1557.3	0.0002595824038612785
1557.305	0.0002690313137818012
1557.31	0.00027143926115026174
1557.3149999999998	0.00027242585538133637
1557.32	0.00027126227325404654
1557.325	0.0002681666532456325
1557.3300000000002	0.00026809624681384936
1557.335	0.00027120560904050027
1557.34	0.0002728206207465789
1557.345	0.00027153757280405145
1557.35	0.00027306502120052746
1557.355	0.000274390487585404
1557.3600000000001	0.0002693405763546167
1557.365	0.0002627965848308289
1557.37	0.00026156136272077935
1557.375	0.0002665197294969436
1557.3799999999999	0.00027162658231101263
1557.385	0.00026994089801784767
1557.39	0.00026071378457989957
1557.395	0.00025256379055288425
1557.3999999999999	0.00024954536640077024
1557.405	0.00025206210854493536
1557.4099999999999	0.00025825324527643036
1557.415	0.0002662273215744613
1557.42	0.0002722107883932777
1557.425	0.0002736265895129235
1557.43	0.0002729401190706572
1557.435	0.000274499195374839
1557.44	0.0002735942026222944
1557.4450000000002	0.00025872963789143403
1557.45	0.00025634312874026755
1557.455	0.00027066110706990844
1557.46	0.00026264006024702825
1557.465	0.0002581722917609454
1557.47	0.0002670159808100073
1557.4750000000001	0.00027135363956052786
1557.48	0.00027060224686626663
1557.485	0.00027040660650408935
1557.49	0.00026874559634526356
1557.495	0.000264518832484525
1557.5	0.00026159966345327404
1557.505	0.0002635999050453622
1557.51	0.0002654565788426678
1557.5149999999999	0.00026552183035098644
1557.52	0.00026527214705938343
1557.5249999999999	0.0002655537757260509
1557.53	0.0002635568891588436
1557.535	0.0002580679148622133
1557.54	0.00025544384337569036
1557.545	0.00025664589884813547
1557.55	0.00026073077351922554
1557.5549999999998	0.0002588036906703789
1557.5600000000002	0.0002510656911037881
1557.565	0.00024446236592412084
1557.57	0.00024245995634878596
1557.575	0.00024635410196723046
1557.58	0.00025459123783538146
1557.585	0.00025989695911811926
1557.5900000000001	0.0002612053435517863
1557.595	0.0002599185445794701
1557.6	0.0002583040144108893
1557.605	0.0002589075464445458
1557.61	0.0002627210988128853
1557.615	0.000266951450422162
1557.6200000000001	0.00026776762614282685
1557.625	0.0002664317331832134
1557.6299999999999	0.0002686056267760595
1557.635	0.0002728606067488608
1557.6399999999999	0.0002737999776191312
1557.645	0.0002756070801272126
1557.65	0.000274887970247845
1557.655	0.0002688898921130726
1557.66	0.00026606115652976235
1557.665	0.00027350032737930556
1557.6699999999998	0.00028239794339650587
1557.6750000000002	0.0002845162524613527
1557.68	0.00028530064999282405
1557.685	0.00028772401380999633
1557.69	0.00028731443187203823
1557.695	0.000283925523020872
1557.6999999999998	0.00028255049195550987
1557.7050000000002	0.00028501391072805116
1557.71	0.00028840938552379604
1557.715	0.00028979048927476984
1557.72	0.0002899183466755744
1557.725	0.0002911256450460101
1557.73	0.00029152462745690944
1557.7350000000001	0.00028963441083715123
1557.74	0.0002857339697450708
1557.745	0.0002827016167941968
1557.75	0.000281799366325301
1557.7549999999999	0.0002828982646401564
1557.76	0.0002857917733062898
1557.765	0.00028899823156493265
1557.77	0.00029029066873451743
1557.775	0.00028960973350440774
1557.78	0.00028738394540870005
1557.7849999999999	0.00028623252728480786
1557.7900000000002	0.00028567287419749694
1557.795	0.0002832019324143485
1557.8	0.0002862419119966134
1557.805	0.000291261412787838
1557.81	0.00029181481743867284
1557.8149999999998	0.000288614308243343
1557.8200000000002	0.0002816179475268409
1557.825	0.0002796677743040288
1557.83	0.0002848182189898113
1557.835	0.00028296117772869583
1557.84	0.0002729205722879895
1557.8449999999998	0.0002673395144031442
1557.8500000000001	0.0002738445917867181
1557.855	0.00028710679155668443
1557.86	0.00029104153222067673
1557.865	0.0002908144757018075
1557.87	0.00029135802453798126
1557.8749999999998	0.000292440738932307
1557.88	0.00029222302678726586
1557.885	0.00028987883252204466
1557.89	0.0002891485131192692
1557.895	0.0002885619980502565
1557.8999999999999	0.00028692863273234047
1557.905	0.0002844285239592246
1557.91	0.00028259668768690187
1557.915	0.0002842399744494452
1557.92	0.0002872887084806438
1557.925	0.00028932494367991555
1557.9299999999998	0.0002889058854864711
1557.9350000000002	0.000285538488200541
1557.94	0.00028202631963599047
1557.945	0.000280665366613528
1557.95	0.0002823907077082389
1557.955	0.0002860384566860065
1557.9599999999998	0.00028911854969466093
1557.9650000000001	0.0002886709021107061
1557.97	0.00028659348888867485
1557.975	0.0002851679691707042
1557.98	0.00027803745665430413
1557.985	0.0002687207672895424
1557.9899999999998	0.0002693166788905286
1557.9950000000001	0.0002731813917416143
1558	0.0002713646840518821
1558.005	0.0002725853257711098
1558.01	0.0002715563210563956
1558.0149999999999	0.00025966668211612257
1558.02	0.000247643157152922
1558.025	0.00025099483599563946
1558.03	0.0002627313219255989
1558.035	0.0002678611106099844
1558.04	0.0002647917674412213
1558.0449999999998	0.00026595976469740167
1558.05	0.00027015214501656984
1558.055	0.00026599934418386126
1558.06	0.0002605509980384783
1558.065	0.0002614652872591437
1558.07	0.0002669374821585139
1558.0749999999998	0.0002716061828840455
1558.08	0.000272403268696164
1558.085	0.0002695706206496507
1558.09	0.00026534437450345937
1558.095	0.0002639737806529465
1558.1	0.0002651620644773553
1558.1049999999998	0.0002684381426822589
1558.1100000000001	0.00027334458502385387
1558.115	0.0002779795987658737
1558.1200000000001	0.00027933496111056863
1558.125	0.0002752229299578759
1558.1299999999999	0.00027057603199744296
1558.135	0.00027475095620995945
1558.14	0.0002812906967734031
1558.145	0.0002765937539969219
1558.15	0.00028074954691902673
1558.155	0.00027889956313306144
1558.1599999999999	0.00027472608381927415
1558.165	0.0002778937050130187
1558.17	0.0002743741538167106
1558.175	0.00027119104561666377
1558.18	0.0002766917435313614
1558.185	0.0002816320614504061
1558.1899999999998	0.0002786339991997205
1558.195	0.00027167396884611726
1558.2	0.0002694213479471616
1558.205	0.00027153649307870727
1558.21	0.0002748778086379174
1558.215	0.0002791009431401541
1558.2199999999998	0.00028246301485386054
1558.225	0.00028368450168015996
1558.23	0.00028284753557175765
1558.2350000000001	0.00028408718218557124
1558.24	0.00028535733652438683
1558.245	0.00028495063217137163
1558.25	0.0002823907502708603
1558.255	0.0002790853866690284
1558.26	0.0002786764113004533
1558.265	0.00028001542399984646
1558.27	0.0002811917180541697
1558.2749999999999	0.0002803125753280141
1558.28	0.0002762400193628856
1558.285	0.00027026620286489173
1558.29	0.00026747529838967954
1558.295	0.00026872725373861905
1558.3	0.0002751504986558591
1558.3049999999998	0.0002838709101799909
1558.31	0.00028993415010073994
1558.315	0.00029091161053750904
1558.32	0.00029110912278845546
1558.325	0.00029258657495036646
1558.33	0.00029244301266712275
1558.3349999999998	0.00029010681845940663
1558.34	0.0002878681545417509
1558.345	0.00028471361653048196
1558.3500000000001	0.00028324303279835797
1558.355	0.00028462300578449784
1558.36	0.0002856996543029738
1558.365	0.00028441853637778386
1558.37	0.00028351553717385485
1558.375	0.000283964088570868
1558.38	0.0002820828910530563
1558.385	0.00027579265539494683
1558.3899999999999	0.0002692384237361725
1558.395	0.000267835281116305
1558.4	0.00027239293717522663
1558.405	0.00027696464234470237
1558.41	0.00027540062328442697
1558.415	0.00027142707669545514
1558.4199999999998	0.00026959283449914126
1558.425	0.0002700712128521657
1558.43	0.00027096795160750904
1558.435	0.0002705203614051594
1558.44	0.00026883886173258484
1558.445	0.00026682392417602885
1558.45	0.0002651096142159963
1558.455	0.0002644159496891064
1558.46	0.0002642961626406759
1558.4650000000001	0.00026411818100084884
1558.47	0.00026377780888093086
1558.475	0.00026425655066363664
1558.48	0.0002669336274754618
1558.485	0.00026821115764280373
1558.49	0.00026502899749916405
1558.4950000000001	0.0002657104002015256
1558.5	0.0002692407775341655
1558.5049999999999	0.00026880519480019073
1558.51	0.00027008485664797383
1558.5149999999999	0.0002723974497299933
1558.52	0.0002720122861372966
1558.525	0.00027277686855017543
1558.53	0.00027550795997135363
1558.5349999999999	0.00027597529191051564
1558.54	0.0002737006415830753
1558.5449999999998	0.0002724660048434635
1558.5500000000002	0.0002749615337420162
1558.555	0.0002772507287150809
1558.56	0.0002775897857854382
1558.565	0.00027921533598875725
1558.57	0.00028175946373914065
1558.575	0.0002835147888132186
1558.5800000000002	0.0002830177026931973
1558.585	0.0002815672345789059
1558.59	0.0002817623903828132
1558.595	0.0002823622121726234
1558.6	0.0002830267938572464
1558.605	0.00028351028009148077
1558.6100000000001	0.0002835486179634771
1558.615	0.00028200623230345914
1558.62	0.000277969501270912
1558.625	0.0002731055977703094
1558.6299999999999	0.00026896661313495555
1558.635	0.0002673454090497474
1558.64	0.0002693978483660403
1558.645	0.0002732313789524235
1558.6499999999999	0.0002758628772374534
1558.655	0.0002729389920627087
1558.6599999999999	0.00026633627924345084
1558.6650000000002	0.00026539647514378623
1558.67	0.00027061978408046667
1558.675	0.00027346848106547095
1558.68	0.0002708024406959832
1558.685	0.0002713386824404973
1558.6899999999998	0.00027090220523165665
1558.6950000000002	0.00026818790127076323
1558.7	0.0002700895470435073
1558.705	0.00027424326939779283
1558.71	0.00027338323501460644
1558.715	0.00027080385359233973
1558.72	0.00027149507497388405
1558.7250000000001	0.00027350079574365416
1558.73	0.0002717272666664545
1558.735	0.0002676227697083121
1558.74	0.00026644901806936885
1558.745	0.00026971341655206203
1558.75	0.00027348587317390256
1558.755	0.0002744054665969014
1558.76	0.0002742463498830537
1558.7649999999999	0.0002759947863180146
1558.77	0.0002776684946914874
1558.7749999999999	0.0002757591710665218
1558.7800000000002	0.0002712314196597537
1558.785	0.00026650867757281024
1558.79	0.0002643449642650791
1558.795	0.00026545028394098935
1558.8	0.0002686736425794619
1558.8049999999998	0.00027304410763843214
1558.8100000000002	0.0002761696329755934
1558.815	0.00027609774415658596
1558.82	0.00027440071269619644
1558.825	0.000272775089345235
1558.83	0.0002638948062163472
1558.8349999999998	0.00023708962334006393
1558.8400000000001	0.00022877915590903557
1558.845	0.00025341062885602414
1558.85	0.0002668966269466492
1558.855	0.0002655437930249306
1558.86	0.000268737566612572
1558.865	0.0002677828581756947
1558.8700000000001	0.0002649389318957626
1558.875	0.0002641567426286508
1558.8799999999999	0.0002639864375180955
1558.885	0.0002646409639787836
1558.8899999999999	0.0002666069797942617
1558.895	0.00026583868972958525
1558.9	0.0002625312857277078
1558.905	0.0002613328192189126
1558.91	0.00026284862605720596
1558.915	0.0002660059422924782
1558.9199999999998	0.000268416360928148
1558.9250000000002	0.00026819657929700187
1558.93	0.00026692773301826244
1558.935	0.00026600917025691316
1558.94	0.00026624416773932434
1558.945	0.0002678234659690846
1558.9499999999998	0.0002696541438464352
1558.9550000000002	0.000270100949745532
1558.96	0.0002702143223506764
1558.965	0.0002704270833577986
1558.97	0.000270970100411894
1558.975	0.0002718103902791985
1558.9799999999998	0.0002725677804704276
1558.9850000000001	0.00027378868364002064
1558.99	0.00027562257774400666
1558.995	0.0002777633025607322
1559	0.00027762872340072716
1559.0049999999999	0.0002732091873845839
1559.01	0.0002669812891236831
1559.015	0.0002649098418669389
1559.02	0.00027139229965664793
1559.025	0.00027805690259581644
1559.03	0.00027824075591962433
1559.0349999999999	0.00027809977495591804
1559.04	0.000279668142556915
1559.045	0.0002800536148283419
1559.05	0.0002798938312667416
1559.055	0.00027911405785772773
1559.06	0.0002734321349959135
1559.0649999999998	0.0002679910968830435
1559.0700000000002	0.00027009892807563693
1559.075	0.0002777710646544742
1559.08	0.00028093285304850343
1559.085	0.0002769949383043169
1559.09	0.0002727277838840242
1559.0949999999998	0.0002723000744854299
1559.1000000000001	0.0002751459247080578
1559.105	0.0002789674672476653
1559.11	0.00028225051644769055
1559.115	0.0002849987065183579
1559.12	0.0002874892151061219
1559.125	0.00028959612233465606
1559.13	0.0002908090244689258
1559.135	0.00029128651446156377
1559.14	0.000291726798522439
1559.145	0.00029198139962369137
1559.1499999999999	0.00029213487699836953
1559.155	0.0002921981213148681
1559.16	0.0002921879100299055
1559.165	0.00029196868041328646
1559.17	0.00029145250618689827
1559.175	0.0002906011593109219
1559.1799999999998	0.00028965995323897603
1559.185	0.0002888165036969098
1559.19	0.0002876826003118404
1559.195	0.0002868571479447643
1559.2	0.00028792332223134495
1559.205	0.0002873417869183172
1559.2099999999998	0.0002835766823278485
1559.215	0.0002806730429594265
1559.22	0.0002804332383353584
1559.225	0.0002826817796148531
1559.23	0.00028503534330251873
1559.235	0.0002833575564102969
1559.24	0.00027520803992581627
1559.2450000000001	0.00026613873890969143
1559.25	0.00026267260659361365
1559.255	0.00026577971807951057
1559.26	0.00027183123593403895
1559.2649999999999	0.0002757435254367662
1559.27	0.0002736283803051463
1559.275	0.00027038898404005814
1559.28	0.0002701589545653164
1559.285	0.00027166934236730984
1559.29	0.0002733131966766509
1559.2949999999998	0.0002741234987785054
1559.3	0.00027454058092213964
1559.305	0.00027453282479804266
1559.31	0.0002732655384478583
1559.315	0.000270306734625989
1559.32	0.0002663398048884141
1559.3249999999998	0.00026277173023253223
1559.33	0.00026034589997842977
1559.335	0.00026014354576227007
1559.34	0.00026066456199251803
1559.345	0.0002607667982254681
1559.35	0.0002599123456475507
1559.355	0.00025917990738794024
1559.36	0.0002614096408737054
1559.365	0.00026615945965333186
1559.3700000000001	0.0002697205741538803
1559.375	0.0002712248409716229
1559.3799999999999	0.00027186419179977764
1559.385	0.00027060623314148756
1559.39	0.00026977113187092724
1559.395	0.0002718553665617923
1559.4	0.00027284868635336814
1559.405	0.00027044285825738424
1559.4099999999999	0.0002693619771566626
1559.415	0.0002719884684693122
1559.42	0.0002737338429460684
1559.425	0.0002710439229260652
1559.43	0.00026862750304573545
1559.435	0.0002708452703074589
1559.4399999999998	0.0002739119441903853
1559.445	0.0002728094908556547
1559.45	0.0002688644747868681
1559.455	0.0002674902395408647
1559.46	0.0002715617964807713
1559.465	0.00027593793373245515
1559.47	0.0002770840584805958
1559.475	0.00027652286245805817
1559.48	0.0002756852402445493
1559.4850000000001	0.00027542282351902114
1559.49	0.00027558141898802684
1559.495	0.0002750614289106441
1559.5	0.000273385609890288
1559.5049999999999	0.0002700820392922964
1559.51	0.0002666513307651026
1559.515	0.0002649226274869766
1559.52	0.0002662985121635449
1559.5249999999999	0.00026773250277626834
1559.53	0.0002634247728342788
1559.535	0.00025939408549231893
1559.54	0.0002621558229892308
1559.545	0.00025510104812659986
1559.55	0.00024716531726825484
1559.5549999999998	0.00025328511157240345
1559.56	0.0002608162055016168
1559.565	0.0002630160954822743
1559.5700000000002	0.0002624887343861923
1559.575	0.00026075930082496054
1559.58	0.00025779865242170314
1559.585	0.000254154211525903
1559.59	0.00025158774226782327
1559.595	0.00025185556352626314
1559.6000000000001	0.000254536718123699
1559.605	0.00025726007995028775
1559.61	0.0002585307587481999
1559.615	0.0002588010932369187
1559.62	0.0002587483542035463
1559.625	0.00025882159812314916
1559.63	0.0002582355614846228
1559.635	0.00025617282201065723
1559.6399999999999	0.0002535852653170076
1559.645	0.00025129727018562115
1559.6499999999999	0.00024961707788922094
1559.655	0.00024819399267962276
1559.66	0.0002473449611856597
1559.665	0.0002475632017224635
1559.6699999999998	0.0002492127010707195
1559.675	0.0002519162025595424
1559.6799999999998	0.0002537017321886713
1559.6850000000002	0.00025221830803492506
1559.69	0.00024569410056166866
1559.695	0.00023645428068624146
1559.7	0.000231828986415337
1559.705	0.00023623927366685186
1559.71	0.00024508880610366117
1559.7150000000001	0.00023949412328263712
1559.72	0.00021687956723280986
1559.725	0.00020905909566450623
1559.73	0.00022052960607028133
1559.735	0.00023676699959791734
1559.74	0.00024483130331032704
1559.7450000000001	0.00024698824816794243
1559.75	0.00024828322608322194
1559.7549999999999	0.0002501133425840508
1559.76	0.0002509702427798505
1559.7649999999999	0.00024639389619182255
1559.77	0.00023682316641628515
1559.775	0.00023234837942717913
1559.78	0.00023830303592086764
1559.785	0.00024772656303962684
1559.79	0.00025124386227169985
1559.7949999999998	0.000249341237256037
1559.8000000000002	0.0002491823458378833
1559.805	0.0002535225115026724
1559.81	0.00025791498928238093
1559.815	0.0002581682624180536
1559.82	0.00025593255269463897
1559.8249999999998	0.00025451884735924946
1559.8300000000002	0.0002553298199768195
1559.835	0.000257547425437291
1559.84	0.0002608467254949169
1559.845	0.000264100581151861
1559.85	0.0002666574787767869
1559.855	0.0002678323131240869
1559.8600000000001	0.00026766845262164523
1559.865	0.0002673797383764377
1559.87	0.0002681053817858881
1559.875	0.0002688975280808914
1559.8799999999999	0.0002680229773786934
1559.885	0.00026763521974267936
1559.89	0.0002676029233183712
1559.895	0.00026722144915731534
1559.9	0.0002644623305389926
1559.905	0.0002585405959834988
1559.9099999999999	0.00025822340727475084
1559.9150000000002	0.0002610122747544048
1559.92	0.00026052675815856996
1559.925	0.0002578904097067313
1559.93	0.00025741302170568777
1559.935	0.0002586612458265829
1559.9399999999998	0.0002588846662317207
1559.9450000000002	0.00025938813724459816
1559.95	0.00026033437544183705
1559.955	0.00025926767355974035
1559.96	0.00025561684192041854
1559.965	0.0002507652102850617
1559.9699999999998	0.0002490642553658025
1559.9750000000001	0.00024879399277725486
1559.98	0.00024919673153557537
1559.985	0.0002503110987703934
1559.99	0.00025331343173030897
1559.995	0.000256958147092576
1560	0.0002587079859796049
1560.005	0.0002583073582922683
1560.01	0.00025616131565712346
1560.015	0.0002538489701308074
1560.02	0.0002533558572354823
1560.0249999999999	0.0002540238151069103
1560.03	0.000255209988687839
1560.035	0.0002558623610130093
1560.04	0.0002553232082395662
1560.045	0.00025398262382838243
1560.05	0.00025310165691903695
1560.0549999999998	0.00025431456581782587
1560.0600000000002	0.0002564612075348662
1560.065	0.0002566018687624261
1560.07	0.0002534317218472588
1560.075	0.0002479871564758354
1560.08	0.00024195645074947373
1560.0849999999998	0.00023948302832520348
1560.0900000000001	0.00024160728682580006
1560.095	0.0002453176900176424
1560.1	0.0002465402951072111
1560.105	0.0002467806065743007
1560.11	0.0002479988122080802
1560.1149999999998	0.0002484882827635666
1560.1200000000001	0.0002475061047710943
1560.125	0.0002458991405264165
1560.13	0.00024394076339100362
1560.135	0.0002412511610576694
1560.1399999999999	0.00023878393784553526
1560.145	0.00023850751496380266
1560.15	0.00024103494829724696
1560.155	0.00024371247664670473
1560.16	0.0002420207905158647
1560.165	0.00023718159023353335
1560.1699999999998	0.00023459876705123964
1560.175	0.00023526586282118594
1560.18	0.00023775838438516914
1560.185	0.00023981813477670736
1560.19	0.00023962642343026286
1560.195	0.0002367571672531347
1560.1999999999998	0.00023235869414288448
1560.205	0.00022869031157586283
1560.21	0.00022824747479947532
1560.215	0.00023218832518743235
1560.22	0.00023923576984170148
1560.225	0.00024294464073204474
1560.2299999999998	0.00024178197672806547
1560.2350000000001	0.00024057784451523453
1560.24	0.00024039805432284636
1560.2450000000001	0.0002432492753694873
1560.25	0.00024901352259972177
1560.2549999999999	0.0002499298989242573
1560.26	0.00024942231351586297
1560.265	0.000249887808944927
1560.27	0.00024818605080975583
1560.275	0.00024811786711815783
1560.28	0.00025104227992266733
1560.2849999999999	0.0002504126119676199
1560.29	0.00024270719006034565
1560.295	0.0002330902963525033
1560.3	0.00022901608925687665
1560.305	0.00023643972533963454
1560.31	0.0002471689994243028
1560.3149999999998	0.0002549126609156389
1560.32	0.00025905260697558905
1560.325	0.00026088303091525045
1560.33	0.00026133721765955194
1560.335	0.0002589566164620596
1560.34	0.00025643493249775137
1560.3449999999998	0.0002548537784408909
1560.35	0.00025445878788462787
1560.355	0.00025442946935378265
1560.3600000000001	0.0002527611894565243
1560.365	0.0002509006379994645
1560.37	0.0002497281944273826
1560.375	0.00024996597689026453
1560.38	0.0002515620356740997
1560.385	0.0002537933632197999
1560.39	0.00025619904022623974
1560.395	0.00025830667637167484
1560.3999999999999	0.00026015744277588004
1560.405	0.0002608067163426199
1560.41	0.0002576432013656333
1560.415	0.00025283773520285195
1560.42	0.00025579239738817745
1560.425	0.0002622197506045218
1560.4299999999998	0.00026488600491019577
1560.435	0.0002643319022312187
1560.44	0.00026300849746214804
1560.445	0.0002559541760889515
1560.45	0.00024374582732918624
1560.455	0.00023538358989595346
1560.4599999999998	0.00023871785344149773
1560.465	0.00024859937197690637
1560.47	0.0002561349513953869
1560.4750000000001	0.0002589728864159421
1560.48	0.0002589000732433797
1560.485	0.00025722555147711574
1560.49	0.00025598391436205584
1560.495	0.0002563854503188279
1560.5	0.00025697504604004477
1560.505	0.0002552383762071237
1560.51	0.0002512811454260061
1560.5149999999999	0.0002493725260903237
1560.52	0.00025022505389263517
1560.525	0.0002515988497248577
1560.53	0.00025140650419275604
1560.535	0.0002485796119675993
1560.54	0.0002438606823822811
1560.5449999999998	0.0002392856373141489
1560.55	0.0002364229381357629
1560.555	0.0002385041349268809
1560.56	0.00024431027545177713
1560.565	0.00025042561620029053
1560.57	0.00024973165629924276
1560.5749999999998	0.0002418724316611286
1560.58	0.0002427461142162413
1560.585	0.0002530933555638964
1560.5900000000001	0.00025598509557508796
1560.595	0.0002558458103488819
1560.6	0.000252177293647857
1560.605	0.00024515221114141625
1560.61	0.00023768226198798184
1560.615	0.00023326994835524194
1560.6200000000001	0.0002366375513838368
1560.625	0.00024618270329172185
1560.6299999999999	0.00024872242503691104
1560.635	0.00024124739418873823
1560.6399999999999	0.0002342332189666933
1560.645	0.0002392286470578244
1560.65	0.00025021080483064175
1560.655	0.00024739291940835954
1560.6599999999999	0.00023765646193083236
1560.665	0.00023012256046007083
1560.6699999999998	0.00023114760738919085
1560.675	0.00024080832363157086
1560.68	0.00025042763297393185
1560.685	0.00025592285647953606
1560.69	0.00025806384019080213
1560.695	0.00025857980035217233
1560.7	0.0002594014437334438
1560.7050000000002	0.0002606736114995627
1560.71	0.0002620141893587827
1560.715	0.00026315134166761606
1560.72	0.00026391313956374143
1560.725	0.0002642677905263027
1560.73	0.0002643827133377936
1560.7350000000001	0.0002642226641750392
1560.74	0.00026417632977111897
1560.745	0.0002640555203360251
1560.75	0.000263720374362724
1560.7549999999999	0.0002629593053649963
1560.76	0.0002620282412052586
1560.765	0.00026080886189437224
1560.77	0.0002580876098330067
1560.7749999999999	0.000255159496286098
1560.78	0.00025579342914600685
1560.7849999999999	0.00025651387825441693
1560.79	0.00025004008441305785
1560.795	0.00024131208769320056
1560.8	0.00024204585313122675
1560.805	0.0002472661285252552
1560.81	0.0002465699856197293
1560.8149999999998	0.00024120812362663085
1560.8200000000002	0.00024100343475744396
1560.825	0.00024532295712048944
1560.83	0.00024540549881124776
1560.835	0.00023896224932859041
1560.84	0.00023491315518871876
1560.845	0.0002404593285699878
1560.8500000000001	0.0002473537661494754
1560.855	0.00024799187258198196
1560.86	0.00024663080920773344
1560.865	0.00024642512609381176
1560.87	0.000246584482863994
1560.875	0.0002453554312343664
1560.88	0.0002419962773953637
1560.885	0.00023689567272334831
1560.8899999999999	0.0002328992225858348
1560.895	0.00023157560221782019
1560.8999999999999	0.00023374840874193097
1560.9050000000002	0.00023776765054517367
1560.91	0.00024315023462761237
1560.915	0.00024542898157548664
1560.92	0.0002446608749704046
1560.925	0.00024638599462398095
1560.9299999999998	0.00024472703128637565
1560.9350000000002	0.00023657938796324497
1560.94	0.00024011298014865626
1560.945	0.00024838975439417203
1560.95	0.0002482627945836587
1560.955	0.00024932811466546755
1560.9599999999998	0.00025207734806795236
1560.9650000000001	0.0002529294416801416
1560.97	0.0002522376163299502
1560.975	0.00024957656638535555
1560.98	0.000242743709430715
1560.985	0.00023313255111226557
1560.99	0.00022927898325312632
1560.9950000000001	0.00023348239496235457
1561	0.0002419971180851752
1561.0049999999999	0.0002505583975813339
1561.01	0.00025417584201911517
1561.0149999999999	0.00025463225027015077
1561.02	0.00025501536128070336
1561.025	0.0002552754354061839
1561.03	0.00025509707571940907
1561.035	0.0002544445031653982
1561.04	0.00025439874570278243
1561.0449999999998	0.00025475236971651225
1561.0500000000002	0.0002553578172581908
1561.055	0.000256014816905046
1561.06	0.00025651934588850114
1561.065	0.0002568229265618047
1561.07	0.00025654760254611195
1561.0749999999998	0.00025543305162974194
1561.0800000000002	0.0002534949081868914
1561.085	0.00025120558270188734
1561.09	0.00024941587957476053
1561.095	0.00024986906018128937
1561.1	0.00025316200505875157
1561.1049999999998	0.0002562152947707565
1561.1100000000001	0.0002561602445293433
1561.115	0.0002538739804786213
1561.12	0.00025482271778343873
1561.125	0.00025644035144326184
1561.1299999999999	0.000254266970513251
1561.135	0.00025134435297535193
1561.14	0.0002503719800416515
1561.145	0.00025160276796773034
1561.15	0.00025391462061823264
1561.155	0.00025629665892207694
1561.1599999999999	0.0002567289715606668
1561.165	0.00025549418977404456
1561.17	0.00025427548781553345
1561.175	0.0002532524600333504
1561.18	0.0002511075260479096
1561.185	0.00024867656175919437
1561.1899999999998	0.0002483947438881957
1561.1950000000002	0.00025060082842637364
1561.2	0.00025308044480532596
1561.205	0.00025365067173840314
1561.21	0.000252708827977695
1561.215	0.00025214436684489045
1561.2199999999998	0.00025066267562742626
1561.2250000000001	0.0002479295729824379
1561.23	0.00024350788393669889
1561.235	0.00023845868470880705
1561.24	0.0002345607340752209
1561.245	0.00023326750852193395
1561.25	0.00023520572260907647
1561.255	0.00024080654610151106
1561.26	0.0002473381274167157
1561.265	0.0002472578981582112
1561.27	0.00023768386036437892
1561.2749999999999	0.0002312502685470965
1561.28	0.00024136537403095977
1561.285	0.00024820549247118345
1561.29	0.00024865183663993383
1561.295	0.0002495633726541652
1561.3	0.00024850605041750894
1561.3049999999998	0.00024893253218042635
1561.31	0.0002516857427282661
1561.315	0.0002521996278649596
1561.32	0.0002518740616118908
1561.325	0.00025186067067348535
1561.33	0.00025156287099897817
1561.3349999999998	0.0002513991403627486
1561.34	0.0002519467111867402
1561.345	0.00025269357254645774
1561.35	0.000250891220832669
1561.355	0.00024710065571989623
1561.36	0.0002466350440928631
1561.365	0.00024855057385770294
1561.3700000000001	0.00025044114345243375
1561.375	0.00024990637496762237
1561.38	0.000248646369953632
1561.385	0.00025019704459900663
1561.3899999999999	0.0002524017556115632
1561.395	0.00025370160450130026
1561.4	0.00025340283562133933
1561.405	0.0002521487421786106
1561.41	0.0002515835770570811
1561.415	0.0002507652212262919
1561.4199999999998	0.0002489262736703037
1561.425	0.00024565556370407886
1561.43	0.0002411427223247699
1561.435	0.00023666121880068096
1561.44	0.00023526773874237068
1561.445	0.00023856792745491326
1561.4499999999998	0.00024463268007988206
1561.455	0.00025055944879102417
1561.46	0.0002532528134098244
1561.465	0.00025287177779880263
1561.47	0.00024896585637425105
1561.475	0.00024352733400710382
1561.48	0.00024077756563272145
1561.485	0.0002433298345254607
1561.49	0.00024805231114361664
1561.4950000000001	0.0002518862017005282
1561.5	0.0002533646741925799
1561.5049999999999	0.0002531363280243355
1561.51	0.0002526526309562403
1561.515	0.00025216141114471895
1561.52	0.00025092343676344123
1561.525	0.0002490017303263314
1561.53	0.0002483541561363915
1561.5349999999999	0.0002501991884641267
1561.54	0.0002529051955799731
1561.545	0.00025279859771818846
1561.55	0.00024990228152388876
1561.555	0.0002478982789678276
1561.56	0.00024736127183600854
1561.5649999999998	0.0002467827935712187
1561.57	0.0002446372112852582
1561.575	0.00024170927052167545
1561.58	0.00023917284742509606
1561.585	0.0002378222207891744
1561.59	0.0002386410042255279
1561.595	0.00024178502740461523
1561.6	0.0002456337353647476
1561.605	0.0002482711742469655
1561.6100000000001	0.00024822527217106024
1561.615	0.00024486763914645463
1561.62	0.00024269292991894342
1561.625	0.00024640028811004377
1561.6299999999999	0.000253081841612723
1561.635	0.00025620392445577423
1561.64	0.00025654598722293795
1561.645	0.0002561428547918089
1561.6499999999999	0.0002559462488906169
1561.655	0.0002537130013262326
1561.66	0.0002499917938408739
1561.665	0.0002476234355951884
1561.67	0.00024911183419830087
1561.675	0.00025230827932251707
1561.6799999999998	0.00025336924765651545
1561.685	0.000251578025100249
1561.69	0.0002519073068592228
1561.695	0.00025477160599519667
1561.7	0.00025277139439168917
1561.705	0.00024649050269500355
1561.71	0.0002417486374551993
1561.715	0.0002434748898137856
1561.72	0.0002510254319320439
1561.7250000000001	0.00025517170198139435
1561.73	0.0002543815136867485
1561.735	0.0002523214715261683
1561.74	0.00025019443245928076
1561.745	0.00024844869053349515
1561.75	0.0002472700405887845
1561.755	0.0002474751510267087
1561.76	0.00024969841586626245
1561.7649999999999	0.00025190293506139987
1561.77	0.00025141358374629937
1561.7749999999999	0.00024565418732400786
1561.78	0.00023648040005588158
1561.785	0.00023165472218617745
1561.79	0.00023633977714025505
1561.7949999999998	0.0002481118957906955
1561.8	0.00025116860588953187
1561.8049999999998	0.00024445929390139626
1561.8100000000002	0.00024362032236676263
1561.815	0.0002517304373166793
1561.82	0.0002555106693943491
1561.825	0.00025419789272997854
1561.83	0.0002540756445686824
1561.835	0.00025239589426686475
1561.8400000000001	0.00024814278876318625
1561.845	0.00024734978065786404
1561.85	0.00025150648202315335
1561.855	0.00025513708438131363
1561.86	0.00025507400351070696
1561.865	0.00025516022858391773
1561.8700000000001	0.0002583151011614607
1561.875	0.0002609976352743797
1561.8799999999999	0.0002603872581384253
1561.885	0.0002597398518430375
1561.8899999999999	0.0002602760931620023
1561.895	0.0002562901122906047
1561.9	0.00024706420121902925
1561.905	0.00023894079447434762
1561.9099999999999	0.0002384695770012182
1561.915	0.0002443219829704768
1561.9199999999998	0.0002515727690697629
1561.9250000000002	0.0002569765815290984
1561.93	0.00025918922334247375
1561.935	0.00025774044128446335
1561.94	0.00025440318155697534
1561.945	0.00025201993425895473
1561.9499999999998	0.00025203593578801095
1561.9550000000002	0.00025486740154962096
1561.96	0.00025930919168633363
1561.965	0.00026178647794160607
1561.97	0.00026061933369553796
1561.975	0.00025621691074082247
1561.98	0.00025448034256896757
1561.9850000000001	0.00025784817528428077
1561.99	0.00025688524741013436
1561.995	0.00024736565224736076
1562	0.0002462158308319054
1562.0049999999999	0.00025420185416133055
1562.01	0.000259134013923126
1562.015	0.0002535718356430681
1562.02	0.00024761769349981367
1562.025	0.00024753644089678585
1562.03	0.00025096567032446013
1562.0349999999999	0.0002547024734554198
1562.0400000000002	0.00025831512391915256
1562.045	0.00025998296409484965
1562.05	0.0002582629230567552
1562.055	0.00025386366310295883
1562.06	0.00025130146066455994
1562.0649999999998	0.0002539826267921757
1562.0700000000002	0.0002573042716190266
1562.075	0.00025884621363893155
1562.08	0.0002591072135596322
1562.085	0.000259105648401647
1562.09	0.0002595236873728191
1562.0949999999998	0.0002598753189054391
1562.1000000000001	0.0002597053103766292
1562.105	0.0002590845989635056
1562.11	0.00025780561011638965
1562.115	0.0002553731213536992
1562.12	0.00025132056349976554
1562.125	0.0002476673984690767
1562.13	0.0002452019526160341
1562.135	0.00024548676204875467
1562.14	0.00024858308906919156
1562.145	0.00025127614187631244
1562.1499999999999	0.00024921270916153485
1562.155	0.000241869458292676
1562.16	0.00023513924273824792
1562.165	0.00023623871231205772
1562.17	0.00024289091725626796
1562.175	0.00024913782051629913
1562.1799999999998	0.0002524217312672964
1562.1850000000002	0.0002520642350575782
1562.19	0.0002492754255411862
1562.195	0.00024723216163698554
1562.2	0.0002483164278949422
1562.205	0.00025061675523520646
1562.2099999999998	0.0002511734621261705
1562.2150000000001	0.00025024030380783516
1562.22	0.00025005702865950823
1562.225	0.00024941833278546954
1562.23	0.00024632687264050017
1562.235	0.00024306133890995634
1562.2399999999998	0.0002437660149688774
1562.2450000000001	0.0002456447124582162
1562.25	0.00024369977469444732
1562.255	0.00023895088872068042
1562.26	0.00023584040833079847
1562.2649999999999	0.0002349526524697735
1562.27	0.0002353157614525115
1562.275	0.00023556931518504352
1562.28	0.00023523560700013799
1562.285	0.00023481528021964082
1562.29	0.00023518090669118224
1562.2949999999998	0.00023721437535905116
1562.3	0.00024110706690518024
1562.305	0.00024567338550688425
1562.31	0.0002483067956043844
1562.315	0.0002453889988972418
1562.32	0.0002396433610450441
1562.3249999999998	0.00023804493579716968
1562.3300000000002	0.00024374057766758685
1562.335	0.00024560462002984275
1562.34	0.00024179609746457272
1562.345	0.00024242285826550186
1562.35	0.00024609489697130396
1562.3549999999998	0.0002447534550853717
1562.3600000000001	0.00024008822760398976
1562.365	0.0002378346587699321
1562.3700000000001	0.00023733628129721365
1562.375	0.00023664178658161926
1562.3799999999999	0.0002374877780195203
1562.385	0.00024088577681158734
1562.39	0.00024427681423418754
1562.395	0.0002443137849885824
1562.4	0.0002423678233162376
1562.405	0.00024290406139239933
1562.4099999999999	0.00024376561040114926
1562.415	0.00024375488289030093
1562.42	0.0002435981452711025
1562.425	0.0002439059003089638
1562.43	0.00024412934041982142
1562.435	0.0002419046195585613
1562.4399999999998	0.00023934347001642572
1562.445	0.00023760965062901874
1562.45	0.00023767668399293684
1562.455	0.00024013441152553162
1562.46	0.00024255433246561618
1562.465	0.00024373461684033785
1562.4699999999998	0.0002435637213316029
1562.475	0.00024264383203937895
1562.48	0.00024266191461269566
1562.4850000000001	0.000244184744632795
1562.49	0.0002453314080963392
1562.495	0.0002437503259031394
1562.5	0.00023966124253951666
1562.505	0.00023703368502573134
1562.51	0.00023717982179394825
1562.515	0.0002382502167322474
1562.52	0.00023919705933511093
1562.5249999999999	0.00024142562922421876
1562.53	0.00024447498788566125
1562.535	0.00024685269494983313
1562.54	0.00024912387747278727
1562.545	0.00025066392852071884
1562.55	0.0002480240021795805
1562.5549999999998	0.00024114587201850535
1562.56	0.00023588941558455598
1562.565	0.0002383421476547146
1562.57	0.0002461651997681375
1562.575	0.0002520582566658827
1562.58	0.00025202040005981773
1562.5849999999998	0.00025004627060150385
1562.59	0.0002518032357957739
1562.595	0.0002536231776882746
1562.6000000000001	0.0002491652970934082
1562.605	0.00024232650643770323
1562.61	0.00023962945380987945
1562.615	0.00024167435421114866
1562.62	0.0002450962152729194
1562.625	0.00024598554314695785
1562.63	0.00024252510345794626
1562.635	0.00023576501253209944
1562.6399999999999	0.00022969987019909677
1562.645	0.00022984070644648316
1562.65	0.00023596768413268368
1562.655	0.0002459693788807852
1562.66	0.0002499429975239427
1562.665	0.0002457009532732244
1562.6699999999998	0.0002452593645103161
1562.675	0.0002486309999409047
1562.68	0.0002449695580788904
1562.685	0.00024586104389647516
1562.69	0.0002438904355935481
1562.695	0.0002362404734150672
1562.6999999999998	0.0002393389967206323
1562.705	0.00024166007020844912
1562.71	0.0002314586140016224
1562.7150000000001	0.00022515185999640686
1562.72	0.00023182727320489115
1562.725	0.00024152772370050751
1562.73	0.00024216961383381866
1562.735	0.00023813971093480935
1562.74	0.00024066677646169038
1562.7450000000001	0.0002452956521147697
1562.75	0.0002477953412956138
1562.7549999999999	0.0002478723383448711
1562.76	0.0002453028035757366
1562.7649999999999	0.00024020323251263748
1562.77	0.00023385782137119252
1562.775	0.00023327143171483698
1562.78	0.00023699655471143575
1562.7849999999999	0.00024146642720202665
1562.79	0.0002442139642735327
1562.795	0.00024435475298655143
1562.8	0.0002431680085162765
1562.805	0.0002434510626428433
1562.81	0.0002453332782369197
1562.8149999999998	0.00024788214417795706
1562.82	0.0002497678272125097
1562.825	0.000250435204705251
1562.8300000000002	0.00025028189528599756
1562.835	0.0002504411562569209
1562.84	0.0002509070391013158
1562.845	0.00024916739790086943
1562.85	0.00024419908038490556
1562.855	0.00023992809506121501
1562.8600000000001	0.00024161182265948456
1562.865	0.0002467727195198218
1562.87	0.00024916057399541365
1562.875	0.0002498714924929844
1562.8799999999999	0.0002511723527794264
1562.885	0.00025260405149924624
1562.89	0.00025359080163687357
1562.895	0.0002543951760414501
1562.8999999999999	0.00025408377298630626
1562.905	0.000252351841296797
1562.9099999999999	0.0002512331184030562
1562.915	0.0002525652751449087
1562.92	0.0002545745248901879
1562.925	0.000254614958637128
1562.93	0.0002525013457650173
1562.935	0.00024971260860001237
1562.9399999999998	0.00024742270296572043
1562.9450000000002	0.00024599436071845183
1562.95	0.0002459541676919404
1562.955	0.00024786110464413433
1562.96	0.00025101264100778055
1562.965	0.0002536674516376647
1562.97	0.00025543433872679804
1562.9750000000001	0.0002563241702278068
1562.98	0.0002566091864418087
1562.985	0.00025625266620995347
1562.99	0.0002550972953245803
1562.995	0.00025239345587521123
1563	0.00024758398978948524
1563.005	0.00024255193267894157
1563.01	0.00024164716047514687
1563.0149999999999	0.00024927406423986404
1563.02	0.0002533033797601991
1563.0249999999999	0.0002474657067945516
1563.03	0.00024655747762500536
1563.035	0.000250948952414242
1563.04	0.000250585694997718
1563.045	0.00024992901106851
1563.05	0.000250348149998611
1563.0549999999998	0.0002488347820999018
1563.0600000000002	0.0002476134665327254
1563.065	0.00024813962030319035
1563.07	0.00024771596636657554
1563.075	0.00024368150012690087
1563.08	0.00024040461920292033
1563.0849999999998	0.00024430720033522007
1563.0900000000001	0.0002470372077016185
1563.095	0.0002442433908247225
1563.1	0.00023982606967221817
1563.105	0.0002394887703581609
1563.11	0.0002458457041132579
1563.115	0.00024707049652486474
1563.1200000000001	0.0002420208258916377
1563.125	0.00023687083961427025
1563.1299999999999	0.00023547124067712836
1563.135	0.00023941494829363697
1563.1399999999999	0.0002432272317750969
1563.145	0.00024500964447727534
1563.15	0.00024573458688007785
1563.155	0.0002464971722996702
1563.16	0.0002483164264862262
1563.165	0.0002492101323599699
1563.1699999999998	0.0002468340615148994
1563.1750000000002	0.00024180119374388472
1563.18	0.00023581235254429585
1563.185	0.00023407343359086198
1563.19	0.00023856683863837387
1563.195	0.0002468998642077868
1563.1999999999998	0.00024940196083357645
1563.2050000000002	0.00024371821955514368
1563.21	0.0002445627899630458
1563.215	0.000250412962619564
1563.22	0.00025051006904603306
1563.225	0.00024709381979594954
1563.2299999999998	0.00024728043948900536
1563.2350000000001	0.00024668071737137854
1563.24	0.00024090077179919617
1563.245	0.00023326150969526127
1563.25	0.0002271845658051057
1563.2549999999999	0.00022330170388666762
1563.26	0.00022525035849928435
1563.265	0.0002337480751569905
1563.27	0.00024262291137640635
1563.275	0.0002440384798509704
1563.28	0.0002384895357801623
1563.2849999999999	0.00023566880801614463
1563.29	0.00023960135819457238
1563.295	0.00024470835284390606
1563.3	0.00024616337336704034
1563.305	0.0002447322884283917
1563.31	0.00024335454189820306
1563.3149999999998	0.00024301398403609874
1563.3200000000002	0.0002436295554859998
1563.325	0.0002445383293059313
1563.33	0.00024477474351876626
1563.335	0.0002436922807153876
1563.34	0.00024162400566219103
1563.3449999999998	0.00023945576071930245
1563.3500000000001	0.00023836932088713364
1563.355	0.00023869787393917757
1563.36	0.0002378951058877208
1563.365	0.0002357995906714914
1563.37	0.0002386057345715732
1563.375	0.00024406827318614196
1563.38	0.0002454386461660008
1563.385	0.0002451641485456382
1563.39	0.0002443653282067314
1563.395	0.0002432128938327717
1563.3999999999999	0.00024288741237757044
1563.405	0.0002432734276104637
1563.41	0.00024329680593486908
1563.415	0.00024204814559369492
1563.42	0.0002385699276981023
1563.425	0.0002330079156543869
1563.4299999999998	0.0002285245240010579
1563.435	0.00023025033096807634
1563.44	0.00023576652242363508
1563.445	0.00023899986643387164
1563.45	0.00023977763232751039
1563.455	0.00023893004424713343
1563.4599999999998	0.00023838228199295246
1563.465	0.00023640313179775453
1563.47	0.00023432635158434926
1563.475	0.00023311355302223295
1563.48	0.0002333382224998667
1563.485	0.0002345950077534668
1563.49	0.00023451206384112258
1563.4950000000001	0.00023346681883412674
1563.5	0.00023228562316972106
1563.505	0.0002321778076215918
1563.51	0.0002335680467862814
1563.5149999999999	0.00023424144913592593
1563.52	0.00023273268267660408
1563.525	0.00022978616395717336
1563.53	0.00022803105915729344
1563.535	0.00022893549809867043
1563.54	0.00022805057057791517
1563.5449999999998	0.00021843579632727924
1563.55	0.00020598384884923268
1563.555	0.00020622726760286306
1563.56	0.00021812871432424412
1563.565	0.00022747399983175174
1563.57	0.00022867401394393967
1563.5749999999998	0.00022884574335842916
1563.58	0.0002292714327660673
1563.585	0.00022779481492605027
1563.59	0.0002272696403238282
1563.595	0.00022829845636444113
1563.6	0.00022836718617944148
1563.605	0.00022747555036684947
1563.61	0.00022548482414333035
1563.615	0.0002187628656626182
1563.6200000000001	0.0002079649337311811
1563.625	0.0002003626068485315
1563.6299999999999	0.00020177938141133632
1563.635	0.00021070604537676356
1563.64	0.00022015130368079161
1563.645	0.00022491199610020373
1563.65	0.0002255106197154244
1563.655	0.00022522329239263385
1563.6599999999999	0.00022586615515994112
1563.665	0.00022682372311720185
1563.67	0.0002270076023488725
1563.675	0.0002263920637863791
1563.68	0.00022492059817294635
1563.685	0.00022395001731703704
1563.6899999999998	0.00022411982930403538
1563.695	0.00022567911675349127
1563.7	0.00022733427277044722
1563.705	0.0002269207472374721
1563.71	0.00022592743967225927
1563.715	0.00022565490669037143
1563.72	0.00021993186200982683
1563.725	0.00021453698296018808
1563.73	0.00021957573286388786
1563.7350000000001	0.0002264124663796359
1563.74	0.00022712824668154444
1563.745	0.00022724210769609678
1563.75	0.00022852433917253383
1563.7549999999999	0.00022924078290675464
1563.76	0.0002290623578619945
1563.765	0.00022700361310010422
1563.77	0.00022259321491638874
1563.7749999999999	0.00021971117787560854
1563.78	0.00022116548115772624
1563.785	0.00022516546552685734
1563.79	0.00022818981682623754
1563.795	0.00022707266629416373
1563.8	0.00022635591457226002
1563.8049999999998	0.00022742181978388062
1563.81	0.0002284315662221201
1563.815	0.00022854672141532872
1563.82	0.000227910291430659
1563.825	0.00022757330724293878
1563.83	0.00022812986048184795
1563.835	0.00022869365960393224
1563.84	0.0002290744672439342
1563.845	0.00022911731510448255
1563.8500000000001	0.00022846476564874948
1563.855	0.00022658297779434253
1563.86	0.0002234352317460728
1563.865	0.0002194775193866789
1563.87	0.00021605408220670341
1563.875	0.0002146869830754795
1563.88	0.00021677164236132246
1563.885	0.00022143252203440586
1563.8899999999999	0.00022511780876629484
1563.895	0.00022547292097520116
1563.8999999999999	0.00022455957071060826
1563.905	0.0002244795410943074
1563.91	0.00022307524643611648
1563.915	0.00022107986644502627
1563.9199999999998	0.00022217102684615975
1563.925	0.00022528686162855523
1563.9299999999998	0.00022561592047545102
1563.935	0.00022359611489717444
1563.94	0.00022305987665069554
1563.945	0.00022423957111734075
1563.95	0.00022442863419127834
1563.955	0.00022301164237732214
1563.96	0.00022260028404370814
1563.9650000000001	0.00022326997375145374
1563.97	0.00022363384613604222
1563.975	0.00022363186388176193
1563.98	0.0002235855079378533
1563.985	0.00022239526705130787
1563.99	0.00021949999263289733
1563.9950000000001	0.00021593998811663263
1564	0.00021347824675437273
1564.0049999999999	0.00021380892225081755
1564.01	0.00021599700342141376
1564.0149999999999	0.00021849527518273687
1564.02	0.0002197662668291583
1564.025	0.00021934133025107143
1564.03	0.00021863073053676266
1564.0349999999999	0.00021848997370994193
1564.04	0.00021996760406911515
1564.0449999999998	0.00022232105097541883
1564.05	0.00022076698205036562
1564.055	0.00021455901147216644
1564.06	0.00021351703295057343
1564.065	0.00021690412697174174
1564.07	0.00020978401288841716
1564.0749999999998	0.00020617288163535122
1564.0800000000002	0.0002135856064830908
1564.085	0.0002172099811933751
1564.09	0.00021588999663763964
1564.095	0.00021635773239551934
1564.1	0.0002140923119310448
1564.105	0.00020451141681009907
1564.1100000000001	0.00019473370041299068
1564.115	0.00019287647339519156
1564.12	0.00020011122876006742
1564.125	0.00021016972868893156
1564.1299999999999	0.00021663992706020028
1564.135	0.0002182758829672609
1564.14	0.00021772435877473676
1564.145	0.00021527541961362243
1564.1499999999999	0.0002117130774757881
1564.155	0.00020772188944541146
1564.1599999999999	0.00020354157014618204
1564.1650000000002	0.00020191354214982348
1564.17	0.00020410786923147275
1564.175	0.00020869497554734496
1564.18	0.0002138468841416016
1564.185	0.0002163861933489207
1564.1899999999998	0.00021419974867063947
1564.1950000000002	0.0002106526425014619
1564.2	0.00020799385659906887
1564.205	0.00020794508266328221
1564.21	0.00021026270638279076
1564.215	0.0002136255060064296
1564.2199999999998	0.00021563234880965892
1564.2250000000001	0.00021615887843572072
1564.23	0.0002170628231371373
1564.235	0.00021818351511274287
1564.24	0.00021416990310770226
1564.245	0.00020131368972424674
1564.25	0.00019325130810299803
1564.255	0.00019885194943302522
1564.26	0.00021156661439710467
1564.265	0.00021298380017243122
1564.27	0.00020636517260643595
1564.2749999999999	0.00020741003501676845
1564.28	0.00021355766769813836
1564.285	0.00021589222897900427
1564.29	0.00021540851050426413
1564.295	0.00021571895677342917
1564.3	0.00021363968462114597
1564.3049999999998	0.00020955910125298262
1564.3100000000002	0.0002098589205700498
1564.315	0.00021299624158908228
1564.32	0.0002129301432353832
1564.325	0.00020906792125377542
1564.33	0.00020632272208061765
1564.3349999999998	0.00020727389725129467
1564.3400000000001	0.00021040384582591976
1564.345	0.00021312890195189336
1564.35	0.00021464980686028136
1564.355	0.00021533334379747043
1564.36	0.0002153745333965508
1564.3649999999998	0.00021493659843894997
1564.3700000000001	0.00021368490489107308
1564.375	0.00021224882293589486
1564.38	0.00021150902875909723
1564.385	0.00021219953999569667
1564.3899999999999	0.00021434788913253584
1564.395	0.0002162686067339381
1564.4	0.0002151704096264039
1564.405	0.00021440864658832384
1564.41	0.00021603377057808384
1564.415	0.00021432125787295843
1564.4199999999998	0.00021218712607741437
1564.425	0.00021377391637855366
1564.43	0.0002141730998164494
1564.435	0.00021108888952518475
1564.44	0.000209305518279052
1564.445	0.00021081986583693237
1564.4499999999998	0.00021327858663975648
1564.4550000000002	0.00021439409360240664
1564.46	0.00021407719434054376
1564.465	0.00021361550603906857
1564.47	0.00021347918665692346
1564.475	0.00021366409630096223
1564.4799999999998	0.0002134773654618479
1564.4850000000001	0.0002129499172833944
1564.49	0.00021226014368180764
1564.4950000000001	0.00021170782179115156
1564.5	0.00021161237072433658
1564.5049999999999	0.00021196077810486594
1564.51	0.00021185517213130327
1564.515	0.00021056423729066647
1564.52	0.00020866188573110108
1564.525	0.00020692097393716389
1564.53	0.00020604143770214966
1564.5349999999999	0.0002060821007707491
1564.54	0.0002065966130897732
1564.545	0.00020729341453212677
1564.55	0.00020796053353278475
1564.555	0.0002085501435226899
1564.56	0.00020912780013173073
1564.5649999999998	0.0002096262032282936
1564.57	0.00020967053726143672
1564.575	0.00020932543427024626
1564.58	0.00020896611063090105
1564.585	0.00020724270603529707
1564.59	0.000203030961512882
1564.5949999999998	0.00019864465603390972
1564.6	0.00019715650910126934
1564.605	0.00019847755001198262
1564.6100000000001	0.0001991777168447262
1564.615	0.00019920437194532857
1564.62	0.000200418929847958
1564.625	0.00020153640266256132
1564.63	0.00020058762508587063
1564.635	0.0001998521710617106
1564.64	0.00020044723648089796
1564.645	0.00019895212846233052
1564.6499999999999	0.00019401465661014885
1564.655	0.00019194890534473527
1564.66	0.00019598292397221542
1564.665	0.00020008093777347142
1564.67	0.00019799622789358641
1564.675	0.0001940139336511493
1564.6799999999998	0.00019499670163412153
1564.685	0.00020032523218727757
1564.69	0.00020414386640733428
1564.695	0.00020314107327224786
1564.7	0.00020073599110847687
1564.705	0.0001986979809287057
1564.7099999999998	0.00019785886150180124
1564.715	0.00019817973600285
1564.72	0.00019886994809415593
1564.7250000000001	0.00019899470501991175
1564.73	0.00019855068974644816
1564.735	0.00019867826913661017
1564.74	0.00020140912365717448
1564.745	0.0002050712546848038
1564.75	0.00020586677679984022
1564.755	0.00020607180789670358
1564.76	0.0002067773192425965
1564.7649999999999	0.00020467581459202277
1564.77	0.00020537074124448554
1564.775	0.0002066529054020056
1564.78	0.00020258492198231543
1564.785	0.00020094028552408008
1564.79	0.00020447485884657495
1564.7949999999998	0.000203355821325802
1564.8	0.00019672545608588425
1564.805	0.0001954484468446292
1564.81	0.00020058587138994716
1564.815	0.00020159723656065111
1564.82	0.00019293530780330718
1564.8249999999998	0.000184566859452825
1564.83	0.0001880831508506571
1564.835	0.00019928540819462505
1564.8400000000001	0.00020293179492075268
1564.845	0.000200262669846723
1564.85	0.00019668485219355244
1564.855	0.00019789154297454698
1564.86	0.00020270609106940905
1564.865	0.00020259892727530666
1564.8700000000001	0.00019911648375528466
1564.875	0.00019499526698943937
1564.8799999999999	0.00019295755414265923
1564.885	0.00019471134918315163
1564.8899999999999	0.00019919484277136393
1564.895	0.0002026061126634469
1564.9	0.00020475107014237482
1564.905	0.00020604209392800565
1564.9099999999999	0.0002068881531033659
1564.915	0.00020678464564828617
1564.92	0.00020420236443366354
1564.925	0.00019904817717061326
1564.93	0.00019456644964877372
1564.935	0.00019195172245940154
1564.9399999999998	0.00018928019110504152
1564.945	0.00018808747705656453
1564.95	0.00019374816273168326
1564.9550000000002	0.0002014636985554994
1564.96	0.0002022806782107603
1564.965	0.0001976123963100533
1564.97	0.00019659213716694736
1564.975	0.00019999980861812246
1564.98	0.0002018734246705438
1564.9850000000001	0.0002004865396322742
1564.99	0.00020010304302414653
1564.995	0.000202484418763522
1565	0.00020502788249963404
1565.0049999999999	0.00020561575751583012
1565.01	0.0002045896352397187
1565.015	0.00020227854242046113
1565.02	0.0001980118562081536
1565.0249999999999	0.0001942899995736683
1565.03	0.0001951055450406788
1565.0349999999999	0.0001996060886228777
1565.04	0.0002027411284687452
1565.045	0.00020208040969478498
1565.05	0.00019935008912969808
1565.0549999999998	0.00019677739146453966
1565.06	0.0001962296870703209
1565.0649999999998	0.00019802061657109375
1565.0700000000002	0.00020014279945970983
1565.075	0.0002000476019580041
1565.08	0.00019586305422530993
1565.085	0.00018953953771348045
1565.09	0.00018925933323174458
1565.095	0.00019769396963021686
1565.1000000000001	0.00020349367798090914
1565.105	0.00020273219220778477
1565.11	0.00020324486233439448
1565.115	0.00019700815017212323
1565.12	0.00019294624782950867
1565.125	0.00019789790744621517
1565.13	0.00020281373712153374
1565.135	0.00020372532348227846
1565.1399999999999	0.00020431500039663774
1565.145	0.0002026651532608777
1565.1499999999999	0.00019770353441590926
1565.155	0.00019440327618801056
1565.16	0.00019669634470661704
1565.165	0.0002015212035321321
1565.1699999999998	0.00020259365543126294
1565.175	0.00020031468038444672
1565.1799999999998	0.00020124035979422297
1565.1850000000002	0.00020344270130865223
1565.19	0.00020462138776784864
1565.195	0.00020358540254488102
1565.2	0.00020218717472894477
1565.205	0.00020323449885418084
1565.2099999999998	0.0002046417243229214
1565.2150000000001	0.0002056513664321515
1565.22	0.00020610108674063766
1565.225	0.00020649028006049477
1565.23	0.00020736935881573906
1565.235	0.00020774303338606142
1565.24	0.00020710177316904843
1565.2450000000001	0.00020573955114338015
1565.25	0.00020425315459923912
1565.2549999999999	0.0002032776412674861
1565.26	0.00020402594971897578
1565.2649999999999	0.00020609004397413025
1565.27	0.0002078425249180947
1565.275	0.00020841714577349133
1565.28	0.00020846517871907715
1565.285	0.000209855375071101
1565.29	0.00021117861677931817
1565.2949999999998	0.00021148291658074078
1565.3000000000002	0.00021116232568290017
1565.305	0.0002107405162805372
1565.31	0.0002101336916309872
1565.315	0.0002103161604018
1565.32	0.00021116444254079978
1565.3249999999998	0.00021065247329296713
1565.3300000000002	0.0002072141918865519
1565.335	0.00020293863819328354
1565.34	0.0002009080954929329
1565.345	0.00020222065285234293
1565.35	0.00020501664610605714
1565.3549999999998	0.00020784609040789474
1565.3600000000001	0.00020996719927377468
1565.365	0.0002109767518667033
1565.37	0.000211136355295268
1565.375	0.00021096234408516984
1565.3799999999999	0.00021063363969738792
1565.385	0.00020964840941627223
1565.39	0.00020840473020671883
1565.395	0.00020735014267771898
1565.4	0.0002065912576372467
1565.405	0.00020661070706459034
1565.4099999999999	0.00020742602279219093
1565.415	0.0002085651650973552
1565.42	0.0002091596519256874
1565.425	0.00020842615710515763
1565.43	0.00020580816858117794
1565.435	0.0002027044831974444
1565.4399999999998	0.00020389533915315516
1565.4450000000002	0.00020860047950459383
1565.45	0.00021010347820373855
1565.455	0.0002090044446767628
1565.46	0.00020514970980180136
1565.465	0.000199805264768439
1565.4699999999998	0.00019818860852948371
1565.4750000000001	0.00020130775903539139
1565.48	0.00020354101862982138
1565.485	0.00020443472587638808
1565.49	0.000205247513501773
1565.495	0.00020341038989067097
1565.5	0.00020007737342206053
1565.505	0.0001989975724587004
1565.51	0.00020007791428259904
1565.515	0.00020092679206662185
1565.52	0.00019926256734622855
1565.5249999999999	0.00019721141525585892
1565.53	0.00019920925481652438
1565.535	0.00020150159506888266
1565.54	0.0002021242352493874
1565.545	0.00020085292559185837
1565.55	0.00019941348953777513
1565.5549999999998	0.00019948672622589194
1565.56	0.0001989939718349668
1565.565	0.00019803683235407104
1565.57	0.00019717056034185016
1565.575	0.00019724707748933014
1565.58	0.0001988679142031112
1565.5849999999998	0.0001999191564705644
1565.59	0.00019901936581363474
1565.595	0.00019642158358380152
1565.6	0.00019349276879332072
1565.605	0.0001928836468600992
1565.61	0.00019561885825995168
1565.615	0.00020002908766200442
1565.6200000000001	0.000202468126589403
1565.625	0.0002010513565615224
1565.63	0.00019999979842216228
1565.635	0.00020276792598304853
1565.6399999999999	0.0002052788453964413
1565.645	0.00020583719386599436
1565.65	0.000206400918037788
1565.655	0.00020646922846218223
1565.66	0.00020540471901030883
1565.665	0.00020454554001519322
1565.6699999999998	0.0002049278505374455
1565.675	0.00020610896382397016
1565.68	0.00020754803813567498
1565.685	0.00020838988668028677
1565.69	0.00020695021173070937
1565.695	0.00020349333681290443
1565.6999999999998	0.00020178380981968814
1565.705	0.00020446565035074703
1565.71	0.0002088139585120716
1565.715	0.0002091615072344699
1565.72	0.00020638134209019534
1565.725	0.00020424281776059444
1565.73	0.00020465083323507587
1565.735	0.00020650592678697307
1565.74	0.00020825758781652036
1565.7450000000001	0.00020913826298049512
1565.75	0.00020921877109785514
1565.7549999999999	0.00020884649077177874
1565.76	0.00020868597371969674
1565.765	0.0002093087310250983
1565.77	0.00021016526507580826
1565.775	0.00020965592767473377
1565.78	0.00020535290467675125
1565.7849999999999	0.00019970852490619096
1565.79	0.0001992105202132886
1565.795	0.00020649515986084953
1565.8	0.00021060573845150718
1565.805	0.00021004271316783248
1565.81	0.00020952114102626242
1565.8149999999998	0.0002095114494535028
1565.82	0.00020671717408715968
1565.825	0.00019899250257391754
1565.83	0.0001916311651891249
1565.835	0.0001912105852222081
1565.84	0.00019664713343931067
1565.845	0.00020294708376382818
1565.85	0.00020560391223420113
1565.855	0.00020372701826465634
1565.8600000000001	0.0002007883453091538
1565.865	0.00019727303921706499
1565.87	0.00019467953113929456
1565.875	0.00019476972355616482
1565.8799999999999	0.00019755863748616788
1565.885	0.0002017371556910824
1565.89	0.0002048724970327267
1565.895	0.00020566746510989136
1565.8999999999999	0.00020577998443605208
1565.905	0.0002055786797786976
1565.91	0.000204754075801572
1565.915	0.00020282989503492356
1565.92	0.00020043176365849779
1565.925	0.00019902771616936793
1565.9299999999998	0.00019834248185230955
1565.935	0.0001975963104937417
1565.94	0.00019585501315777144
1565.945	0.000193426034978894
1565.95	0.0001919919426190924
1565.955	0.0001939004781458285
1565.96	0.0001986297206836153
1565.965	0.0002011511532710861
1565.97	0.00019873944190981307
1565.9750000000001	0.00019608071736929822
1565.98	0.00019850541160475676
1565.985	0.00020174578503292295
1565.99	0.000201726754388937
1565.995	0.0002012448846281046
1566	0.00020003167490158255
1566.005	0.0001954354887652953
1566.01	0.00018958348554962636
1566.0149999999999	0.00018677585187324553
1566.02	0.00018956596888539893
1566.0249999999999	0.00019414043867702343
1566.03	0.00019666347245122536
1566.035	0.00019696734783993075
1566.04	0.00019662154198543162
1566.0449999999998	0.00019410769533067875
1566.05	0.00018861113197422434
1566.055	0.0001848001775711984
1566.06	0.00018557045983705147
1566.065	0.0001882497791995866
1566.07	0.00018958791135320613
1566.075	0.00018942930731757484
1566.08	0.00018867306072454002
1566.085	0.00018833963019550774
1566.0900000000001	0.0001886317232312412
1566.095	0.0001891780680223326
1566.1	0.00018967720038248455
1566.105	0.00018992757788640645
1566.11	0.0001897300419533913
1566.115	0.0001890910648510725
1566.1200000000001	0.00018795451076904386
1566.125	0.00018604325793046558
1566.1299999999999	0.00018353187756422714
1566.135	0.00018140531633625267
1566.1399999999999	0.00017913613994180761
1566.145	0.00017777455835411537
1566.15	0.00017975861209295862
1566.155	0.00018139459994242653
1566.1599999999999	0.000177952601756093
1566.165	0.00017603569418450063
1566.1699999999998	0.00017849389868438692
1566.175	0.00018075284273628853
1566.18	0.00018026527368449454
1566.185	0.0001796515219616106
1566.19	0.00018054669120461128
1566.195	0.00018041872503395082
1566.1999999999998	0.00017720446225688726
1566.2050000000002	0.0001761678683442607
1566.21	0.00017859015754071136
1566.215	0.00018159490939523054
1566.22	0.00018269347504738518
1566.225	0.00018192786469150188
1566.23	0.00018209169500378033
1566.2350000000001	0.00018374508343089763
1566.24	0.00018294371953371684
1566.245	0.00018012728091519928
1566.25	0.00017739542282495824
1566.2549999999999	0.00017687676542900823
1566.26	0.00017925025436955756
1566.265	0.0001827666058433287
1566.27	0.00018502874667324857
1566.2749999999999	0.00018579139488187523
1566.28	0.00018595446411633968
1566.2849999999999	0.00018643988837521426
1566.29	0.0001873181857958282
1566.295	0.0001882404903881254
1566.3	0.00018805280900747746
1566.305	0.00018717677452350593
1566.31	0.000187418277879435
1566.3149999999998	0.00018917711835145815
1566.3200000000002	0.00018927006179068477
1566.325	0.00018713491050422184
1566.33	0.00018701968554215328
1566.335	0.00018909673198203462
1566.34	0.00018900463343447663
1566.3449999999998	0.00018771024139336987
1566.3500000000001	0.0001882808139597652
1566.355	0.00018928786618785653
1566.36	0.00018798732945648748
1566.365	0.0001862188948236738
1566.37	0.00018501013877034506
1566.375	0.0001844060839954281
1566.38	0.00018465988707499494
1566.385	0.00018660751261203923
1566.3899999999999	0.00018896830002161017
1566.395	0.00018914367778532826
1566.3999999999999	0.00018821117197591957
1566.405	0.00018778918460221402
1566.41	0.0001867447007163521
1566.415	0.00018462987716806313
1566.42	0.0001821073919730472
1566.425	0.00018057708416322743
1566.4299999999998	0.00018111895748567595
1566.4350000000002	0.00018286246458062972
1566.44	0.0001847577762705448
1566.445	0.00018537370585183492
1566.45	0.00018436819566799778
1566.455	0.000182417920116518
1566.4599999999998	0.00018087996933542497
1566.4650000000001	0.00018121660776803468
1566.47	0.0001833608007904284
1566.475	0.00018130268668461305
1566.48	0.00017421487937842737
1566.485	0.00017768565039860034
1566.4899999999998	0.00018405789102843482
1566.4950000000001	0.0001728880784550083
1566.5	0.00016795954410333638
1566.505	0.00017500748186692416
1566.51	0.00018438327927201183
1566.5149999999999	0.00018759497110653475
1566.52	0.00018848229340649844
1566.525	0.00018855694929198217
1566.53	0.00018751758700957807
1566.535	0.00018640251733776343
1566.54	0.00018596058162391568
1566.5449999999998	0.000185947416821728
1566.55	0.0001862173037957268
1566.555	0.00018783525096349507
1566.56	0.0001898423475003838
1566.565	0.0001898384814417512
1566.57	0.0001878547248255002
1566.5749999999998	0.00018553313035724473
1566.5800000000002	0.0001854945779574548
1566.585	0.0001885859772863381
1566.59	0.00019156660268146978
1566.595	0.00019280740523274355
1566.6	0.0001925171710160805
1566.6049999999998	0.00019152821242614474
1566.6100000000001	0.00019096219143014922
1566.615	0.00019093955052085218
1566.6200000000001	0.00019060261116309924
1566.625	0.00018922632025049726
1566.6299999999999	0.00018702994367620412
1566.635	0.0001848197840352049
1566.64	0.00018420088689498262
1566.645	0.0001865729713876059
1566.65	0.0001905054414598139
1566.655	0.00019126694602415864
1566.6599999999999	0.00018602364282512717
1566.665	0.00018202500667803968
1566.67	0.00018534910990534287
1566.675	0.00019266159129068645
1566.68	0.00019712748943099653
1566.685	0.00019751733633888163
1566.6899999999998	0.00019731310425266763
1566.695	0.00019709805149712844
1566.7	0.00019620300329033935
1566.705	0.0001958092429459245
1566.71	0.00019629765983289642
1566.715	0.00019599335879465766
1566.7199999999998	0.00019338660660336284
1566.725	0.00019053872923927652
1566.73	0.00019087006163224905
1566.7350000000001	0.00019467804906410228
1566.74	0.0001978635514013004
1566.745	0.00019624163265719033
1566.75	0.00019223643388018775
1566.755	0.00018983596479662618
1566.76	0.0001895082607719517
1566.765	0.0001900250239493071
1566.77	0.00019027819507755317
1566.7749999999999	0.00019016443881554143
1566.78	0.00019015561386202337
1566.785	0.00019070574999658678
1566.79	0.00019210287160221
1566.795	0.00019394841105307883
1566.8	0.00019494788281432512
1566.8049999999998	0.00019476512302234712
1566.81	0.0001931500198472153
1566.815	0.00019211924518458553
1566.82	0.000191768604041244
1566.825	0.00018765443713419466
1566.83	0.00018250768702653567
1566.8349999999998	0.00018456663039384953
1566.84	0.0001888894854039762
1566.845	0.0001892905216727071
1566.8500000000001	0.00018742276032348288
1566.855	0.0001862108386652329
1566.86	0.00018653598489236576
1566.865	0.00018642935668350952
1566.87	0.00018387403477358003
1566.875	0.00018114027529331168
1566.88	0.00018067191868643002
1566.885	0.00018197850036502417
1566.8899999999999	0.0001822775931855611
1566.895	0.00017934082576875624
1566.9	0.00017491692227340386
1566.905	0.00017327069085858345
1566.91	0.00017282084834440806
1566.915	0.00017243746838010134
1566.9199999999998	0.00017198972007712355
1566.925	0.0001727076304654324
1566.93	0.00017569647429451453
1566.935	0.00017859388181735061
1566.94	0.00018016096688284637
1566.945	0.00018036681666654922
1566.9499999999998	0.00017997040835081527
1566.955	0.00018002807618261397
1566.96	0.00018034606882146625
1566.9650000000001	0.0001800773176550944
1566.97	0.000178928249178595
1566.975	0.00017703844590792148
1566.98	0.00017506258169176035
1566.985	0.0001741643887710141
1566.99	0.00017488983618093755
1566.9950000000001	0.00017631331514730207
1567	0.0001767073192747183
1567.0049999999999	0.00017585734909992304
1567.01	0.00017544066689211205
1567.0149999999999	0.00017659683556899353
1567.02	0.0001779922369774527
1567.025	0.0001782688549037731
1567.03	0.00017808480350429133
1567.0349999999999	0.00017801634385250522
1567.04	0.00017799773463251543
1567.045	0.0001779240963647889
1567.05	0.00017791455882770318
1567.055	0.00017794162619503878
1567.06	0.0001776974561324894
1567.0649999999998	0.00017696138197845237
1567.07	0.00017478070880772812
1567.075	0.0001709287747387589
1567.0800000000002	0.00016739387645790829
1567.085	0.000167112266129012
1567.09	0.00017021912323955768
1567.095	0.00017341688534626046
1567.1	0.00017362898671056828
1567.105	0.00017104530739084519
1567.1100000000001	0.00016802290111048992
1567.115	0.0001658925958468956
1567.12	0.00016526538162452812
1567.125	0.00016577270767665633
1567.1299999999999	0.00016726335522706693
1567.135	0.00016971485036228353
1567.14	0.0001725020844162608
1567.145	0.0001748394645504329
1567.1499999999999	0.00017586672241693362
1567.155	0.00017463807468461482
1567.1599999999999	0.00017226332070021403
1567.165	0.00017336793782159532
1567.17	0.00017646126762388065
1567.175	0.00017095642809755173
1567.1799999999998	0.0001657438606989613
1567.185	0.00016992393635308572
1567.1899999999998	0.0001753091727788722
1567.1950000000002	0.0001762045412681529
1567.2	0.0001750377614944814
1567.205	0.00017092665393076266
1567.21	0.00016785354235467076
1567.215	0.0001698243272585806
1567.22	0.00017453593257944303
1567.2250000000001	0.0001773426241469023
1567.23	0.00017657577535155084
1567.235	0.00017615858989037455
1567.24	0.0001777374969458335
1567.245	0.0001759672345559091
1567.25	0.0001727424901330419
1567.255	0.000171990594845956
1567.26	0.0001751599368798883
1567.2649999999999	0.00017950520117473247
1567.27	0.00017708774636579822
1567.2749999999999	0.00017343961003659156
1567.28	0.00017278089708478697
1567.285	0.00017571229840471792
1567.29	0.00018049647886891852
1567.2949999999998	0.00018352926499160444
1567.3	0.0001837851680541851
1567.3049999999998	0.00018342514529064662
1567.3100000000002	0.00018332504546278964
1567.315	0.00018362709076872878
1567.32	0.0001835812365358078
1567.325	0.00018203211240018285
1567.33	0.00017936763213832117
1567.3349999999998	0.0001768640201019143
1567.3400000000001	0.00017773929549959756
1567.345	0.0001818296853701912
1567.35	0.00018607769726794335
1567.355	0.00018586045254085775
1567.36	0.0001833281650500485
1567.365	0.00018211917551001487
1567.3700000000001	0.00018145084367376076
1567.375	0.00018106179499024217
1567.3799999999999	0.00018193894999872146
1567.385	0.00018354787910197033
1567.3899999999999	0.00018458169654115192
1567.395	0.000185111301451718
1567.4	0.0001857431874315882
1567.405	0.00018649441625756042
1567.4099999999999	0.00018750264180187402
1567.415	0.00018862005898064594
1567.4199999999998	0.00018868735060095782
1567.4250000000002	0.00018811934739148571
1567.43	0.00018833450001832936
1567.435	0.0001882524229938216
1567.44	0.00018622808934642092
1567.445	0.00018236072798057763
1567.4499999999998	0.00017823669378734625
1567.4550000000002	0.00017609468053484051
1567.46	0.00017641277553603316
1567.465	0.00017856290891428203
1567.47	0.00018154793295731847
1567.475	0.00018417704953331443
1567.4799999999998	0.0001861031079504092
1567.4850000000001	0.00018734281820948943
1567.49	0.0001878127635566695
1567.495	0.00018799816577819546
1567.5	0.00018782812656444265
1567.5049999999999	0.00018639177787596587
1567.51	0.00018547251239768348
1567.515	0.000187243505479995
1567.52	0.0001852445638413544
1567.525	0.00017774673671141562
1567.53	0.00017756948293641707
1567.5349999999999	0.00018303322290172424
1567.54	0.0001868760967464012
1567.545	0.00018712219738501107
1567.55	0.00018276268463290259
1567.555	0.0001762157461643655
1567.56	0.0001736546566038353
1567.5649999999998	0.00017776069979328707
1567.5700000000002	0.00018277516686037725
1567.575	0.00018224452129671172
1567.58	0.0001774333428309207
1567.585	0.00017908880571346442
1567.59	0.00018281651374268455
1567.5949999999998	0.0001828061019775115
1567.6000000000001	0.00017879769603461868
1567.605	0.00017355169470110464
1567.61	0.0001740482152880018
1567.615	0.00017729000323029223
1567.62	0.00017981568474949923
1567.625	0.00018084985259833461
1567.63	0.00018086745057001893
1567.635	0.00018198815592709264
1567.64	0.00018271049504658103
1567.645	0.00018218225373101043
1567.6499999999999	0.0001800647319983585
1567.655	0.00017681056269310412
1567.66	0.00017361439483095848
1567.665	0.00017185444130290718
1567.67	0.00017037030325021705
1567.675	0.00016930309903391512
1567.6799999999998	0.00016928170161200116
1567.685	0.0001713958689107774
1567.69	0.00017554592419499526
1567.695	0.0001775721011897801
1567.7	0.00017425504233247932
1567.705	0.00017080290930234618
1567.7099999999998	0.0001712819237609594
1567.7150000000001	0.00017221396020369173
1567.72	0.00016963124588978515
1567.725	0.00016924699499194277
1567.73	0.0001718468747092693
1567.735	0.00017269441385900982
1567.74	0.0001702714917650034
1567.7450000000001	0.00016914950896592488
1567.75	0.00017015450694525915
1567.755	0.00016924892801470744
1567.76	0.0001672650392817412
1567.7649999999999	0.0001679977142935518
1567.77	0.0001695242691222395
1567.775	0.0001683387144683524
1567.78	0.00016620261900994804
1567.785	0.00016614176736857078
1567.79	0.00016770092301623984
1567.7949999999998	0.00016818853758645468
1567.8	0.0001664324533041793
1567.805	0.00016450838742408538
1567.81	0.00016421258394212415
1567.815	0.0001646194649949567
1567.82	0.00016452429318987473
1567.8249999999998	0.00016272084713514148
1567.83	0.00015897114819645445
1567.835	0.0001552711332187012
1567.84	0.00015367212596337175
1567.845	0.0001563143806432875
1567.85	0.00016256160249261104
1567.855	0.00016190790408468402
1567.86	0.000154701598696121
1567.865	0.00015774024035190542
1567.8700000000001	0.00016469809942414965
1567.875	0.00016296010809046185
1567.8799999999999	0.00016247299782643328
1567.885	0.0001654306060699223
1567.89	0.00016670621511766888
1567.895	0.00016774205812309116
1567.9	0.0001691916342654031
1567.905	0.00016846965078425952
1567.9099999999999	0.00016671532263755307
1567.915	0.00016683805314152576
1567.92	0.0001692695855639315
1567.925	0.00017243027081978118
1567.93	0.00017410769934054167
1567.935	0.00017475234918516014
1567.9399999999998	0.00017514876417934965
1567.945	0.0001748729893445363
1567.95	0.00017419149036923797
1567.955	0.00017354157533771227
1567.96	0.00017363934601815272
1567.965	0.00017365498933941142
1567.97	0.00017306979830509106
1567.975	0.00017229288005359694
1567.98	0.00017227891930992486
1567.9850000000001	0.00017421107921175496
1567.99	0.00017683662803518363
1567.995	0.0001791675057519315
1568	0.00018049237023987324
1568.0049999999999	0.0001805349172682074
1568.01	0.00018024023001781046
1568.015	0.0001804290469701113
1568.02	0.0001812924037695243
1568.0249999999999	0.00018227921637050174
1568.03	0.00018282494369632616
1568.035	0.0001827485923176938
1568.04	0.00018317846173546612
1568.045	0.0001840535394478505
1568.05	0.00018453155348943645
1568.0549999999998	0.00018527552898160192
1568.06	0.0001861299692934777
1568.065	0.0001848561391100358
1568.07	0.00018259497396434232
1568.075	0.00018306935811599983
1568.08	0.00018563798498251718
1568.085	0.00018618459088471745
1568.09	0.00018446268160321287
1568.095	0.00018316171942366733
1568.1000000000001	0.00018466001195174638
1568.105	0.00018613063077681672
1568.11	0.00018452812031219518
1568.115	0.00018179747099530315
1568.12	0.00018159122558139733
1568.125	0.0001842552051589325
1568.13	0.00018507404186339187
1568.135	0.00018352406769398384
1568.1399999999999	0.00018218377805678855
1568.145	0.00018273850165705061
1568.1499999999999	0.00018409753453265914
1568.155	0.00018476822769266865
1568.16	0.00018401954247249325
1568.165	0.0001822774530461412
1568.1699999999998	0.00018045547729133758
1568.175	0.00017963612042192184
1568.18	0.00018037325683714563
1568.185	0.0001822443219204118
1568.19	0.00018351695700547966
1568.195	0.00018230909686428153
1568.2	0.00018206015144670235
1568.205	0.0001835342729054554
1568.21	0.0001800613782647137
1568.2150000000001	0.0001769128157086816
1568.22	0.00017835773605250483
1568.225	0.00017865265262762066
1568.23	0.000178901112282544
1568.235	0.00017973300178236238
1568.24	0.0001781312462007866
1568.2450000000001	0.00017558899558547776
1568.25	0.00017631827205593248
1568.2549999999999	0.00017873130828075515
1568.26	0.00017926001515675366
1568.2649999999999	0.0001771743312260474
1568.27	0.00017620557724749158
1568.275	0.00017829597220214198
1568.28	0.00017924361971774808
1568.2849999999999	0.00017823113378701485
1568.29	0.00017606438825362876
1568.2949999999998	0.00017380911104511722
1568.3	0.00017247527390721487
1568.305	0.0001733689962105272
1568.31	0.0001758275965233755
1568.315	0.00017613837422588666
1568.32	0.00017339623310300652
1568.3249999999998	0.0001682073693374769
1568.3300000000002	0.00016326992835607692
1568.335	0.00016290364890903124
1568.34	0.00016600003301353523
1568.345	0.00017061946683628434
1568.35	0.00017429845998576652
1568.355	0.00017511046374640407
1568.3600000000001	0.0001736403636368036
1568.365	0.00017140541139196408
1568.37	0.0001700497820731333
1568.375	0.0001702468041576104
1568.3799999999999	0.00017103390754744918
1568.385	0.0001721365448093779
1568.39	0.00017352806446142548
1568.395	0.00017317147587403976
1568.3999999999999	0.00017108756594103925
1568.405	0.00017083731505633512
1568.4099999999999	0.0001718317862793161
1568.415	0.00017114660157916312
1568.42	0.0001693896922309494
1568.425	0.00016933080729513735
1568.43	0.0001699017153572614
1568.435	0.00016757657286156456
1568.4399999999998	0.00016335312607231853
1568.4450000000002	0.00016149762315510705
1568.45	0.0001636700444498265
1568.455	0.0001670411066961453
1568.46	0.00016836483718734354
1568.465	0.00016774765815039314
1568.4699999999998	0.00016715004160913774
1568.4750000000001	0.00016708192661260218
1568.48	0.00016658664995569013
1568.485	0.00016559394226761724
1568.49	0.00016454162193871145
1568.495	0.00016278668742023854
1568.5	0.0001604584657244794
1568.505	0.00015751795765610893
1568.51	0.0001550912664165038
1568.5149999999999	0.00015382828196807062
1568.52	0.0001541734909786784
1568.5249999999999	0.00015603607640278356
1568.53	0.00015904202333410656
1568.535	0.00016093606504030336
1568.54	0.00016022873724532357
1568.545	0.00016013561617469395
1568.55	0.00016253079536275236
1568.5549999999998	0.00015581324687011027
1568.5600000000002	0.00014424625286291762
1568.565	0.00014568151355539004
1568.57	0.00015766712617011652
1568.575	0.0001636122738277611
1568.58	0.0001645962125545183
1568.5849999999998	0.00016531927509229623
1568.5900000000001	0.00016602090406474227
1568.595	0.00016653996129402718
1568.6	0.00016722994031599558
1568.605	0.00016737311512953214
1568.61	0.00016693086607750694
1568.6149999999998	0.00016696637257129155
1568.6200000000001	0.0001681362428266856
1568.625	0.00016880652829529143
1568.6299999999999	0.00016738014647262853
1568.635	0.00016685232575275473
1568.6399999999999	0.0001674030340948573
1568.645	0.0001679244870508553
1568.65	0.00016670211313785693
1568.655	0.00016462166637216938
1568.66	0.00016471257918747992
1568.665	0.00016604643706549433
1568.6699999999998	0.00016740931713659244
1568.675	0.0001676497300004741
1568.68	0.0001669404280753514
1568.685	0.00016705597692081667
1568.69	0.00016791142652912037
1568.695	0.00016864832295187835
1568.6999999999998	0.00016822855933177605
1568.7050000000002	0.00016612126760044167
1568.71	0.00016360060562688173
1568.715	0.0001628336509836791
1568.72	0.00016478517647789475
1568.725	0.00016694459147835423
1568.7299999999998	0.00016632602689165257
1568.7350000000001	0.0001638112883883846
1568.74	0.00016337414779846914
1568.745	0.000165561277604558
1568.75	0.0001670031300803958
1568.7549999999999	0.00016697760194027463
1568.76	0.00016664224939332852
1568.765	0.00016623947697689073
1568.77	0.00016516383831343618
1568.775	0.00016394400363907072
1568.78	0.00016321631856085756
1568.7849999999999	0.00016355484568622
1568.79	0.00016529266983571358
1568.795	0.00016707958994601228
1568.8	0.00016768835326400131
1568.805	0.0001669664943153302
1568.81	0.0001659919984803134
1568.8149999999998	0.00016575887909289007
1568.82	0.00016610840679273759
1568.825	0.00016672723905635016
1568.83	0.00016756236009042794
1568.835	0.00016853778535002038
1568.84	0.00016953411171601664
1568.8449999999998	0.0001702637236778855
1568.85	0.00017033196959646715
1568.855	0.00016976165752354978
1568.8600000000001	0.00016800820869846222
1568.865	0.00016636138073028434
1568.87	0.00016570086476440474
1568.875	0.00016690494427748734
1568.88	0.00016970370734470334
1568.885	0.000171766595065426
1568.89	0.0001714369633254509
1568.895	0.0001743752167690401
1568.8999999999999	0.00017958192656338797
1568.905	0.00018178612963982277
1568.91	0.00018215946924518136
1568.915	0.00017956716076875153
1568.92	0.00017698793841195888
1568.925	0.00017956365722552635
1568.9299999999998	0.0001818762313178324
1568.935	0.00018078751787113014
1568.94	0.00017858669486662428
1568.945	0.00017910432428354638
1568.95	0.00018228098476700893
1568.955	0.00018335052668069817
1568.9599999999998	0.00018243189925443577
1568.965	0.00018229096982336665
1568.97	0.00018301579511463233
1568.9750000000001	0.0001835836721920381
1568.98	0.0001818660459730097
1568.985	0.00018076900366663436
1568.99	0.00018118068258101094
1568.995	0.00018204546016477294
1569	0.00018158780828920245
1569.005	0.0001788499000864355
1569.01	0.00017681562075753926
1569.0149999999999	0.00017649701151612132
1569.02	0.00017784356058571523
1569.025	0.00018008210768587115
1569.03	0.00018148652919333866
1569.035	0.0001819331326424876
1569.04	0.00018191380735243593
1569.0449999999998	0.0001816913932999941
1569.05	0.0001812158561075857
1569.055	0.00018013638009111696
1569.06	0.00017831073276067047
1569.065	0.00017676514107733978
1569.07	0.0001774476163244182
1569.0749999999998	0.00017979962595113507
1569.08	0.00018051549844663161
1569.085	0.00017918357214861296
1569.0900000000001	0.0001791279590661715
1569.095	0.00018004083442930486
1569.1	0.0001761816313762765
1569.105	0.00017096308928887954
1569.11	0.00017002805021587992
1569.115	0.0001750204161872922
1569.1200000000001	0.00017917742952745167
1569.125	0.00017934924479301608
1569.1299999999999	0.00017798486883271092
1569.135	0.00017621356315600532
1569.1399999999999	0.00017290802996427465
1569.145	0.0001700345703315885
1569.15	0.0001705200856042102
1569.155	0.0001731217776992763
1569.1599999999999	0.0001737847257819284
1569.165	0.0001719435828187644
1569.17	0.0001705435304881348
1569.175	0.00017178411276881856
1569.18	0.00017501343207117597
1569.185	0.00017790188811911973
1569.1899999999998	0.00017843497328031812
1569.195	0.0001774315898490583
1569.2	0.00017602461405178738
1569.2050000000002	0.00017480490122410029
1569.21	0.0001743932700154258
1569.215	0.00017450283577855936
1569.22	0.0001746287326297882
1569.225	0.00017460180846975594
1569.23	0.0001745963624238599
1569.2350000000001	0.00017423010350801972
1569.24	0.00017251264569952438
1569.245	0.000172450348014685
1569.25	0.00017377741094675196
1569.2549999999999	0.00017284883965084969
1569.26	0.00017214414334461162
1569.265	0.00017036426247547397
1569.27	0.0001668198096272262
1569.2749999999999	0.00016455215866877795
1569.28	0.0001650530862202414
1569.2849999999999	0.00016462391931402245
1569.29	0.00016228562279587232
1569.295	0.0001610220900324318
1569.3	0.00016184531092776943
1569.3049999999998	0.00016311533566052105
1569.31	0.00016477318107619018
1569.315	0.00016630713270208072
1569.3200000000002	0.00016687342450282593
1569.325	0.00016546350354011612
1569.33	0.00016489211423923288
1569.335	0.00016552211626223747
1569.34	0.00016419430595551596
1569.345	0.0001602863336203128
1569.3500000000001	0.00015449157491636862
1569.355	0.00015147888251827027
1569.36	0.0001531467743623623
1569.365	0.00015742442828853406
1569.37	0.000161852101489948
1569.375	0.00016365452755285042
1569.38	0.0001619824186098235
1569.385	0.00016027115545205165
1569.3899999999999	0.00016024365765239767
1569.395	0.0001615504960395573
1569.3999999999999	0.00016045163562346628
1569.405	0.00015399434490835688
1569.41	0.00014637320719615977
1569.415	0.0001472897874607723
1569.4199999999998	0.00015638610280836295
1569.425	0.0001569746554442285
1569.4299999999998	0.00014376284254893546
1569.4350000000002	0.00013823747996519103
1569.44	0.00014995882004879978
1569.445	0.0001600141417503488
1569.45	0.0001587089284022482
1569.455	0.00015507934057854537
1569.4599999999998	0.00015751850190807954
1569.4650000000001	0.00016251508165213477
1569.47	0.00016359166853728745
1569.475	0.00016212867964453213
1569.48	0.0001630898473735816
1569.485	0.0001639353405711446
1569.49	0.00016107072025830417
1569.4950000000001	0.00015763714757446537
1569.5	0.00015834635312244282
1569.5049999999999	0.00016183024269784987
1569.51	0.0001642191978554673
1569.5149999999999	0.00016421662998854775
1569.52	0.00016332583939474138
1569.525	0.00016351368059045225
1569.53	0.00016495924081511934
1569.5349999999999	0.0001666091480846102
1569.54	0.00016723806030236545
1569.5449999999998	0.0001672133450855975
1569.5500000000002	0.00016689248878788945
1569.555	0.00016678586616616507
1569.56	0.0001660649266588304
1569.565	0.00016230026158811615
1569.57	0.0001560541512231173
1569.5749999999998	0.00015502333296912562
1569.5800000000002	0.00016118808439026462
1569.585	0.000157915737236526
1569.59	0.0001513005062223884
1569.595	0.00015717028054353931
1569.6	0.0001613477480651689
1569.6049999999998	0.00015667212591498193
1569.6100000000001	0.00015648676761504686
1569.615	0.00015908312593176382
1569.62	0.00015572904771311068
1569.625	0.00014920992572150358
1569.6299999999999	0.000149408474014814
1569.635	0.00015504100129990674
1569.64	0.0001568740868576156
1569.645	0.00015077763992945372
1569.6499999999999	0.00015006251214852085
1569.655	0.00015251472874600085
1569.6599999999999	0.0001533660463013249
1569.665	0.00015041593984768345
1569.67	0.00014666807060986843
1569.675	0.00014998163690373078
1569.68	0.00015326546586470755
1569.685	0.00015348860193920155
1569.6899999999998	0.0001510299985488956
1569.6950000000002	0.00014896644719072883
1569.7	0.00015065458484858957
1569.705	0.0001530410246464395
1569.71	0.0001548005333137133
1569.715	0.00015545853405009774
1569.7199999999998	0.00015513224777309224
1569.7250000000001	0.0001546974966321618
1569.73	0.00015405998654690348
1569.735	0.00015245496554728283
1569.74	0.00014982098084603381
1569.745	0.00014658817420106147
1569.7499999999998	0.0001444217613697767
1569.755	0.0001459943155023412
1569.76	0.0001506408815928177
1569.765	0.00015593204594299383
1569.77	0.00015893011887155997
1569.7749999999999	0.00015980230326641717
1569.78	0.00016023128821704077
1569.785	0.00015994792147763862
1569.79	0.00015978570099809954
1569.795	0.00015950519592619437
1569.8	0.00015957537606135463
1569.8049999999998	0.0001605794592874709
1569.81	0.0001623202606973935
1569.815	0.0001627247694111308
1569.82	0.0001619946639097588
1569.825	0.00016210811457431857
1569.83	0.00016263413372906747
1569.8349999999998	0.00016152095472641531
1569.8400000000001	0.0001597894853918036
1569.845	0.00015959218743382924
1569.85	0.00016090323422153632
1569.855	0.00016172721417387757
1569.86	0.00016115718763898499
1569.8649999999998	0.00016060666414623599
1569.8700000000001	0.00016150038561131303
1569.875	0.00016429527911444595
1569.88	0.00016697263035288004
1569.885	0.0001682073913153756
1569.8899999999999	0.00016690119498929257
1569.895	0.0001632476847200453
1569.9	0.00015906857455593427
1569.905	0.00015684856013477947
1569.91	0.00016036878093774048
1569.915	0.000167476387980732
1569.9199999999998	0.0001688407991580071
1569.925	0.0001659354677913637
1569.93	0.00016998575889709034
1569.935	0.0001708588439447483
1569.94	0.00016626546257814394
1569.945	0.00016867714280862942
1569.9499999999998	0.0001709970186228638
1569.955	0.00016778284988035796
1569.96	0.00016497835460940432
1569.965	0.00016605144646681728
1569.97	0.00016753158483800924
1569.975	0.00016701414936811984
1569.98	0.00016818007715568902
1569.985	0.00017111363489234895
1569.99	0.00017326865653348287
1569.9950000000001	0.0001736812209147852
1570	0.00017289647221802853
1570.0049999999999	0.0001725072788981712
1570.01	0.0001708282634466956
1570.015	0.00016903627956201236
1570.02	0.00016844955692997605
1570.025	0.00017063421517466055
1570.03	0.00017257525879953476
1570.0349999999999	0.00017062526649692898
1570.04	0.0001668610189933659
1570.045	0.00016342633166924978
1570.05	0.00016373355897950778
1570.055	0.00016697776979301556
1570.06	0.0001703571465732584
1570.0649999999998	0.0001726778378004421
1570.07	0.00017342856642077944
1570.075	0.00017319023030253257
1570.08	0.0001727731724358499
1570.085	0.0001721430197582116
1570.09	0.00016958068631732633
1570.095	0.00016487427171997532
1570.1	0.00015985235871031838
1570.105	0.00015719831741429057
1570.1100000000001	0.0001608425904502917
1570.115	0.00016482055480611775
1570.12	0.00016555131739345188
1570.125	0.0001665810689080029
1570.1299999999999	0.00016925613130873408
1570.135	0.00016859768163572444
1570.14	0.00016632835841570625
1570.145	0.00016642191627834962
1570.1499999999999	0.00016807233035386225
1570.155	0.0001683834217247439
1570.16	0.00016813808778891426
1570.165	0.00016840162082158488
1570.17	0.00016759905259883994
1570.175	0.00016508121147151163
1570.1799999999998	0.00016333680293357725
1570.185	0.00016397895390679953
1570.19	0.00016536481937248144
1570.195	0.00016484734462195841
1570.2	0.00016337686183809892
1570.205	0.00016336118661713429
1570.21	0.00016458732570018143
1570.215	0.00016565873102305462
1570.22	0.00016578658342402495
1570.2250000000001	0.00016494118625091304
1570.23	0.00016396637385297967
1570.235	0.0001635244833114074
1570.24	0.00016358233017417832
1570.245	0.00016371888073422108
1570.25	0.0001630454818307211
1570.255	0.0001609878276749934
1570.26	0.0001581627321104689
1570.2649999999999	0.00015886500812878338
1570.27	0.0001603050233945368
1570.2749999999999	0.00015786459740719567
1570.28	0.0001591655267785708
1570.285	0.00016065067950324745
1570.29	0.00015847959696824513
1570.2949999999998	0.00015900307290608073
1570.3	0.0001617267945394419
1570.305	0.00016252369100400375
1570.31	0.0001623209012040525
1570.315	0.00016235422732907247
1570.32	0.00016130563377581215
1570.325	0.00016012968584735066
1570.33	0.00016061090502189203
1570.335	0.00016102209232478319
1570.3400000000001	0.00016019431741804685
1570.345	0.00015922808602721806
1570.35	0.00015915546267170443
1570.355	0.00016030056197593074
1570.36	0.00016005812454151122
1570.365	0.00015917669240711894
1570.3700000000001	0.00015832040575618656
1570.375	0.00015804838585983092
1570.3799999999999	0.00015802044163511905
1570.385	0.00015717699002755175
1570.3899999999999	0.00015628215997911377
1570.395	0.00015579345850833665
1570.4	0.00015616305834780628
1570.405	0.0001574142805254722
1570.4099999999999	0.00015822818710731578
1570.415	0.00015819888305663497
1570.4199999999998	0.0001572991812374529
1570.425	0.0001557502786104584
1570.43	0.00015399668974138187
1570.435	0.00015152315594005046
1570.44	0.00014773869566431108
1570.445	0.0001437364584762004
1570.4499999999998	0.00014267694119368497
1570.4550000000002	0.00014576032528751002
1570.46	0.00014854398205910695
1570.465	0.00014786899015953065
1570.47	0.00014815328212116447
1570.475	0.00015116180829789628
1570.48	0.0001518124318361967
1570.4850000000001	0.00014886236926425037
1570.49	0.00014842329946517928
1570.495	0.00015183603339724496
1570.5	0.00014823931217069531
1570.5049999999999	0.0001360650890804154
1570.51	0.0001277682000826372
1570.515	0.00013146738559965
1570.52	0.00014195486594459486
1570.5249999999999	0.00015007504179551453
1570.53	0.00015266845005388856
1570.5349999999999	0.00015295224604229392
1570.54	0.00015375040270092835
1570.545	0.00015382252446062865
1570.55	0.00015134111966588618
1570.555	0.0001485501899735725
1570.56	0.0001474758529677482
1570.5649999999998	0.00014871634345518833
1570.5700000000002	0.00015108374194773338
1570.575	0.0001532516510538923
1570.58	0.0001542383112882913
1570.585	0.00015336401028613093
1570.59	0.00015191541389736085
1570.5949999999998	0.0001512292004939889
1570.6000000000001	0.000152515311264357
1570.605	0.00015473490919909268
1570.61	0.00015268671143967483
1570.615	0.00014756502115366508
1570.62	0.00014616816573597644
1570.625	0.00014727679349752022
1570.63	0.0001505346342305935
1570.635	0.00015389616097565608
1570.6399999999999	0.0001534134385537533
1570.645	0.00015319181033050618
1570.6499999999999	0.00015431622536641785
1570.655	0.00015524568373855087
1570.66	0.00015513213645244281
1570.665	0.0001550705166183028
1570.67	0.00015492381526081283
1570.675	0.00015516789396256668
1570.6799999999998	0.00015591678059621153
1570.6850000000002	0.0001560781893272323
1570.69	0.0001549940791660689
1570.695	0.00015310734251276043
1570.7	0.0001523429889110479
1570.705	0.00015013138083474914
1570.7099999999998	0.000146621977589456
1570.7150000000001	0.00014271680627749698
1570.72	0.00014202620765814015
1570.725	0.0001446519507880461
1570.73	0.00014777119045342264
1570.735	0.00014972594812433617
1570.7399999999998	0.0001480803805930874
1570.7450000000001	0.00014488004576565183
1570.75	0.0001434335884851602
1570.7549999999999	0.0001446706162004203
1570.76	0.0001486877937396253
1570.7649999999999	0.00015401648753156328
1570.77	0.000157074392765561
1570.775	0.00015679938955220213
1570.78	0.0001546338409458971
1570.785	0.00015434436055805317
1570.79	0.00015729904632331287
1570.7949999999998	0.00015946593009145366
1570.8	0.00015816857957807483
1570.805	0.0001566944554050554
1570.81	0.00015889742241157777
1570.815	0.00016119651252309493
1570.82	0.000161633432295119
1570.8249999999998	0.00016101775705408084
1570.8300000000002	0.00015870600127500953
1570.835	0.00015476172615089948
1570.84	0.00015344973363000237
1570.845	0.00015670746651400458
1570.85	0.00016082042193430729
1570.8549999999998	0.00016083092369965189
1570.8600000000001	0.00015843765403207176
1570.865	0.00015793896908838754
1570.87	0.00015979926484296423
1570.875	0.00016106488395464753
1570.8799999999999	0.00016040515324091778
1570.885	0.000159399319311481
1570.89	0.00016005904471372715
1570.895	0.00016195699029984288
1570.9	0.00016294821384915916
1570.905	0.00016166449711172424
1570.9099999999999	0.00015981042974090665
1570.915	0.00015804898652121906
1570.92	0.0001570630448439498
1570.925	0.00015737466464826714
1570.93	0.00015865015646425657
1570.935	0.0001601061665348274
1570.9399999999998	0.00016148349169045392
1570.945	0.00016184151670868373
1570.95	0.0001615033414559332
1570.955	0.00015997322892988695
1570.96	0.00015772887884943124
1570.965	0.00015817216904312283
1570.9699999999998	0.00015860472922213384
1570.9750000000001	0.00015768776227548112
1570.98	0.00015911807970180446
1570.985	0.00016142743624618334
1570.99	0.00016227702950354208
1570.995	0.00016172223635398805
1571	0.0001608266934485446
1571.005	0.00015953232567847894
1571.01	0.00015837110490323682
1571.015	0.00015913368327954107
1571.02	0.00016027444342748336
1571.0249999999999	0.00015983574879222814
1571.03	0.00015768245397428698
1571.035	0.00015576528608465378
1571.04	0.00015714840102160144
1571.045	0.00015727739368214569
1571.05	0.00015528007241204974
1571.0549999999998	0.00015218979574745814
1571.06	0.00015042573390750178
1571.065	0.0001525879607437419
1571.07	0.0001554360502067129
1571.075	0.00015750161904168323
1571.08	0.00015838228541605206
1571.0849999999998	0.00015834822380973474
1571.09	0.0001580361429737855
1571.095	0.0001576054626640423
1571.1000000000001	0.00015708412587903467
1571.105	0.000156616763018727
1571.11	0.00015632881818455414
1571.115	0.00015593855290357394
1571.12	0.00015493307825682206
1571.125	0.00015241588670581797
1571.13	0.0001502251095442763
1571.135	0.000150233526302182
1571.1399999999999	0.00015226366087091938
1571.145	0.00015219520423557194
1571.15	0.00014823145032529184
1571.155	0.0001458895088938037
1571.16	0.0001476541930931482
1571.165	0.00014905409827529006
1571.1699999999998	0.00014840979778450863
1571.175	0.0001486629537170236
1571.18	0.0001496277416943675
1571.185	0.00014841308734695336
1571.19	0.00014484544076199035
1571.195	0.00014255211543780634
1571.1999999999998	0.00014262773473457455
1571.205	0.00014364045430291107
1571.21	0.00014443786263763453
1571.2150000000001	0.00014416052851288767
1571.22	0.00014154987069036294
1571.225	0.00013647222248468845
1571.23	0.0001319217962920959
1571.235	0.00013118153443424042
1571.24	0.00013383076257265824
1571.2450000000001	0.00013679417071220002
1571.25	0.00013811488509211616
1571.2549999999999	0.00013787822558137066
1571.26	0.00013693986708461278
1571.2649999999999	0.00013642633937200292
1571.27	0.0001369261914213381
1571.275	0.00013785250473215174
1571.28	0.00013805738245212072
1571.2849999999999	0.00013585286463935428
1571.29	0.00013147410764397806
1571.295	0.00012919347407190762
1571.3	0.00013325360017194017
1571.305	0.00013858089319818153
1571.31	0.00013935247013924479
1571.3149999999998	0.0001397936778807644
1571.32	0.00013881773360021617
1571.325	0.0001384999710972624
1571.3300000000002	0.0001397630968827567
1571.335	0.00013928246370947805
1571.34	0.00013734540737739666
1571.345	0.00013704361084168138
1571.35	0.00013784536275166895
1571.355	0.00013790710528282653
1571.3600000000001	0.0001375074481485773
1571.365	0.0001390222285310348
1571.37	0.00014024054673910305
1571.375	0.00014029655923737411
1571.3799999999999	0.00013959300775514652
1571.385	0.00013857977702180416
1571.39	0.00013718333885670564
1571.395	0.00013540371372468317
1571.3999999999999	0.00013497417691585466
1571.405	0.0001359544800638874
1571.4099999999999	0.00013799875405609173
1571.415	0.0001393664136039713
1571.42	0.00013941245961763288
1571.425	0.0001391656012019406
1571.4299999999998	0.00013914273178127298
1571.435	0.00013995519166648697
1571.44	0.0001407222632093083
1571.4450000000002	0.00014052832275701706
1571.45	0.000139452578360834
1571.455	0.00013797258112969427
1571.46	0.00013673736364456794
1571.465	0.00013705115003028137
1571.47	0.00013886908778187098
1571.4750000000001	0.00014033930891233686
1571.48	0.0001401243195196244
1571.485	0.000139134668478185
1571.49	0.00013950436644283757
1571.495	0.00013971276135800746
1571.5	0.00013758066115878128
1571.505	0.00013626127573770577
1571.51	0.00013784102659911672
1571.5149999999999	0.00013720456665002357
1571.52	0.00013272750190659248
1571.5249999999999	0.000129427702897541
1571.53	0.0001309157098461904
1571.535	0.00013376923481781897
1571.54	0.0001346956268928312
1571.5449999999998	0.00013532110242840678
1571.55	0.00013737334123422066
1571.5549999999998	0.00013939458804966673
1571.5600000000002	0.000139856404730846
1571.565	0.00013953141749021016
1571.57	0.00013992467509886585
1571.575	0.00014071018089541217
1571.58	0.0001404154674996497
1571.5849999999998	0.0001389729642257074
1571.5900000000001	0.00013802742938532055
1571.595	0.00013781676534563303
1571.6	0.0001382990512807384
1571.605	0.00013913037484970074
1571.61	0.00013980876725626045
1571.615	0.00014006033221617827
1571.6200000000001	0.00013997957577602328
1571.625	0.00014005375556993383
1571.6299999999999	0.00014105561113325903
1571.635	0.00014295788763604676
1571.6399999999999	0.0001434695587908991
1571.645	0.00014035493271940763
1571.65	0.00013845309739632
1571.655	0.00014081967470935103
1571.6599999999999	0.00014440249290033878
1571.665	0.00014595920069774846
1571.6699999999998	0.00014628517764090032
1571.6750000000002	0.00014681328442540416
1571.68	0.00014738193967817317
1571.685	0.00014718826671861144
1571.69	0.0001468103052782175
1571.695	0.00014682812141651424
1571.6999999999998	0.0001460668137181466
1571.7050000000002	0.0001441589035494262
1571.71	0.00014330771973613613
1571.715	0.00014360015959786356
1571.72	0.00014366756401198148
1571.725	0.00014150114521146236
1571.7299999999998	0.0001381776014601499
1571.7350000000001	0.0001380518771889752
1571.74	0.00014038565167960793
1571.745	0.00014404153046365995
1571.75	0.00014649925799617322
1571.7549999999999	0.00014632360772671394
1571.76	0.0001457862830000147
1571.765	0.00014535042484527117
1571.77	0.00014530201226249388
1571.7749999999999	0.00014475203941712362
1571.78	0.000143760315805269
1571.7849999999999	0.00014267649744658368
1571.79	0.00014204453080005216
1571.795	0.00014217366983165935
1571.8	0.00014254605334235057
1571.805	0.00014206023476734722
1571.81	0.00013995937893676255
1571.8149999999998	0.0001377718966168038
1571.8200000000002	0.00013763104224422137
1571.825	0.00013882601650621538
1571.83	0.00013743094265130547
1571.835	0.00013351644498550637
1571.84	0.00013274535044604515
1571.8449999999998	0.0001354106882190851
1571.8500000000001	0.00013531255128246107
1571.855	0.00013324168397473715
1571.86	0.00013406198893868012
1571.865	0.00013693431906376305
1571.87	0.00013760401816842422
1571.8749999999998	0.0001367979276642647
1571.88	0.0001364123874520908
1571.885	0.00013552883517614826
1571.8899999999999	0.00013394539287311005
1571.895	0.00013445539248768302
1571.8999999999999	0.00013608294913260404
1571.905	0.00013576640749492428
1571.91	0.0001337083008424266
1571.915	0.00013262270810345854
1571.92	0.00013350163545395075
1571.925	0.000135515286369779
1571.9299999999998	0.00013719055418062254
1571.935	0.0001379301678168382
1571.94	0.00013836536032055504
1571.945	0.0001386715416881078
1571.95	0.00013883041470344766
1571.955	0.00013835044655513638
1571.9599999999998	0.0001366791648631251
1571.9650000000001	0.0001338165600336747
1571.97	0.00013121553769060134
1571.975	0.00013045251074045793
1571.98	0.00013448290751970468
1571.985	0.00013837195670306552
1571.9899999999998	0.0001335144582187928
1571.9950000000001	0.0001307899532694052
1572	0.00013783306106080254
1572.005	0.00013745554604728904
1572.01	0.00013489593829482812
1572.0149999999999	0.0001388372217387943
1572.02	0.00014260412354889806
1572.025	0.00014156937822676742
1572.03	0.000140658812723691
1572.035	0.0001400464465311487
1572.04	0.0001370587694595728
1572.0449999999998	0.00013631865557640953
1572.05	0.00013877532807626193
1572.055	0.0001411838342376477
1572.06	0.00014121292068182132
1572.065	0.0001394955974943105
1572.07	0.00013894560226137813
1572.0749999999998	0.00013846162345947577
1572.08	0.00013834298946732436
1572.085	0.00013893021759286305
1572.09	0.0001411438773249064
1572.095	0.00014186732953750384
1572.1	0.0001406807413775247
1572.1049999999998	0.00013829341353586297
1572.11	0.000136803892722126
1572.115	0.00013753240094307605
1572.1200000000001	0.00013901973819582212
1572.125	0.0001404817804824111
1572.1299999999999	0.00014102551058007006
1572.135	0.00014069396162118083
1572.14	0.00014045026428117496
1572.145	0.00014018905760506176
1572.15	0.00013917737370779706
1572.155	0.00013574685422629935
1572.1599999999999	0.00013005069429589976
1572.165	0.0001241955934998393
1572.17	0.00012297794523008526
1572.175	0.00012900914858076463
1572.18	0.00013366766876510888
1572.185	0.00013107216225121475
1572.1899999999998	0.0001297214330437995
1572.195	0.00013446790640589293
1572.2	0.0001337783342963413
1572.205	0.000127687938075421
1572.21	0.00012683632189274202
1572.215	0.00013193144555235543
1572.22	0.0001349618721655223
1572.225	0.00013433697714556196
1572.23	0.00013359017786320973
1572.2350000000001	0.00013215934937183728
1572.24	0.00012823608198801785
1572.245	0.0001241176237257794
1572.25	0.00012425723175379426
1572.2549999999999	0.0001298156038355182
1572.26	0.00013538176246971186
1572.265	0.00013525148752723752
1572.27	0.00013294425757935402
1572.2749999999999	0.000131463942216357
1572.28	0.0001317560566903941
1572.285	0.00013329453708158228
1572.29	0.00013499707690462572
1572.295	0.0001363316253941179
1572.3	0.00013686865809126392
1572.3049999999998	0.0001368200673617909
1572.31	0.00013669456467711575
1572.315	0.00013675829882645559
1572.32	0.0001373791132798639
1572.325	0.0001382457593821784
1572.33	0.0001386367511739549
1572.335	0.00013871111011016395
1572.34	0.00013685956977986202
1572.345	0.0001361299822615339
1572.3500000000001	0.00013818177451660563
1572.355	0.00013852422595683395
1572.36	0.0001385431944857091
1572.365	0.0001396815473641186
1572.37	0.00013997134765307768
1572.375	0.0001388834019062515
1572.38	0.00013850586367828834
1572.385	0.00013927399003790727
1572.3899999999999	0.0001402982411414015
1572.395	0.0001409145900198329
1572.3999999999999	0.00014166915936508927
1572.405	0.00014253561224650857
1572.41	0.0001432148439647564
1572.415	0.00014366369250117507
1572.4199999999998	0.0001439831512490372
1572.425	0.00014396919050536496
1572.43	0.00014365014554447282
1572.435	0.0001431331657256609
1572.44	0.00014255266693995658
1572.445	0.0001422914264802627
1572.45	0.00014205327923456925
1572.455	0.00014196083247561855
1572.46	0.00014210494275806077
1572.4650000000001	0.00014257974446710425
1572.47	0.00014321874678091065
1572.475	0.0001432746057890606
1572.48	0.00014248989542598502
1572.485	0.0001403102482115153
1572.49	0.00013714495988415625
1572.4950000000001	0.00013439518715999515
1572.5	0.0001336877702729159
1572.5049999999999	0.00013638805973333927
1572.51	0.00014073314316849156
1572.5149999999999	0.0001433719628237183
1572.52	0.0001433629576566336
1572.525	0.00014289311366155744
1572.53	0.00014262201717059415
1572.5349999999999	0.0001418999545813241
1572.54	0.0001419940541564198
1572.5449999999998	0.00014141697488129058
1572.55	0.00013781599946370506
1572.555	0.0001336550625078917
1572.56	0.00013292795037332387
1572.565	0.00013474910874131002
1572.57	0.00013515650691482353
1572.575	0.0001329220967765733
1572.5800000000002	0.0001312356668688362
1572.585	0.00013321655512354977
1572.59	0.0001370709238705707
1572.595	0.0001389071109920713
1572.6	0.00013827338865964481
1572.605	0.000137449525394158
1572.6100000000001	0.00013654002201036837
1572.615	0.0001348405222089264
1572.62	0.00013310984024328634
1572.625	0.00013216194670680358
1572.6299999999999	0.0001323087995414235
1572.635	0.0001335551922658251
1572.64	0.0001352696744714428
1572.645	0.00013600990220915125
1572.6499999999999	0.00013464794696465255
1572.655	0.00013176628318742448
1572.6599999999999	0.0001287024329307587
1572.665	0.000130273769631899
1572.67	0.00013521380541314736
1572.675	0.00013207125543027368
1572.68	0.0001282718443075885
1572.685	0.00013365113273002563
1572.6899999999998	0.00013427674160867783
1572.6950000000002	0.00013034436040860556
1572.7	0.00013070380607757497
1572.705	0.00013214342054490306
1572.71	0.00013280632624226773
1572.715	0.00013372878977501704
1572.7199999999998	0.00013493616924496797
1572.7250000000001	0.00013535950232971785
1572.73	0.00013618236508270242
1572.735	0.00013788263011480948
1572.74	0.00013929846262690396
1572.745	0.00013975453275013284
1572.75	0.0001394386637001055
1572.755	0.000138713960577884
1572.76	0.00013740219930339967
1572.7649999999999	0.0001362133424540531
1572.77	0.00013635711377972908
1572.7749999999999	0.00013752990977898262
1572.78	0.0001389428631847528
1572.785	0.00013924076167792427
1572.79	0.00013862802720648258
1572.795	0.00013825717742110605
1572.8	0.00013790555004727874
1572.8049999999998	0.00013703938941856685
1572.8100000000002	0.00013510367091471826
1572.815	0.000132070884791927
1572.82	0.00012953384244745466
1572.825	0.000129202630807074
1572.83	0.0001310056142221913
1572.8349999999998	0.0001334007977044216
1572.8400000000001	0.00013395797591176243
1572.845	0.00013074058582663762
1572.85	0.00012697033679061643
1572.855	0.00012797242672277434
1572.86	0.0001327672574443931
1572.8649999999998	0.00013507374493815192
1572.8700000000001	0.00013506052785283173
1572.875	0.00013564642549957474
1572.8799999999999	0.00013505843027177767
1572.885	0.00013312294826106698
1572.8899999999999	0.00013260509179525057
1572.895	0.00013290353686284994
1572.9	0.0001308158400514468
1572.905	0.00012779480340694566
1572.91	0.00012794012040311025
1572.915	0.00013018371637626508
1572.9199999999998	0.00012953215442315503
1572.925	0.00012508881357363392
1572.93	0.00012180681485574991
1572.935	0.00012234486241846437
1572.94	0.00012428811080894244
1572.945	0.00012492183348813374
1572.9499999999998	0.00012572855785219502
1572.9550000000002	0.00012757097139896482
1572.96	0.0001292071591172084
1572.965	0.00012951645409227605
1572.97	0.00012845242347067707
1572.975	0.00012673800432020036
1572.9799999999998	0.00012505544360100096
1572.9850000000001	0.00012463320448153023
1572.99	0.0001254577840545435
1572.995	0.00012652014250731688
1573	0.0001265309576344048
1573.0049999999999	0.00012421479884811506
1573.0099999999998	0.00012174629090228998
1573.015	0.00012290300442097376
1573.02	0.00012338150254837435
1573.025	0.00011809694231020807
1573.03	0.00011937507771913667
1573.0349999999999	0.00012458390300807792
1573.04	0.0001240206949634908
1573.045	0.00012302270630854478
1573.05	0.00012061711179067631
1573.055	0.00011286408241170567
1573.06	0.00010703957531803475
1573.0649999999998	0.00010993430446472698
1573.07	0.0001178283838392825
1573.075	0.00012183736220816149
1573.08	0.0001189806393499274
1573.085	0.00011918195362134512
1573.09	0.00012092661061127636
1573.0949999999998	0.00012134906516796828
1573.1000000000001	0.00012041734550540134
1573.105	0.00011994320701554372
1573.11	0.00012039715747582892
1573.115	0.00011851519170975815
1573.12	0.00011610871332945607
1573.1249999999998	0.00011487793071221393
1573.13	0.00011646912958263102
1573.135	0.00011965300905380268
1573.14	0.00012115948978923739
1573.145	0.00012128430770090254
1573.1499999999999	0.00012058470752589332
1573.155	0.00012022163724095847
1573.16	0.0001208588749883877
1573.165	0.00012155968067823339
1573.17	0.00012172609951629979
1573.175	0.00012134457295022795
1573.1799999999998	0.00012086307788578515
1573.185	0.00012109772428486633
1573.19	0.0001218963674772917
1573.195	0.00012186366211463831
1573.2	0.00012028763682966978
1573.205	0.00011893396780905769
1573.2099999999998	0.00012020174586515643
1573.215	0.00012153151303405004
1573.22	0.00011984673973382657
1573.225	0.00011718552993205823
1573.23	0.00011667923059115862
1573.235	0.00011806554030460526
1573.24	0.00012017216244509457
1573.245	0.00012188767724213967
1573.25	0.00012216883713299918
1573.255	0.00012078726027028039
1573.26	0.00011904622299962744
1573.2649999999999	0.00011862101609387678
1573.27	0.00011947176676910335
1573.275	0.00012014091419741537
1573.28	0.00011996412286741873
1573.285	0.00011964206379970619
1573.29	0.00011989230846073829
1573.2949999999998	0.00012066307643118241
1573.3	0.00012139209419534563
1573.305	0.0001216852637260569
1573.31	0.00012162255007735802
1573.315	0.00012170233872796292
1573.32	0.00012186031433643336
1573.3249999999998	0.00012198931932113492
1573.33	0.00012193686843157045
1573.335	0.00012170213453367613
1573.3400000000001	0.00012144246178515662
1573.345	0.0001212676689531773
1573.35	0.00012110239709194337
1573.355	0.00011906594458874114
1573.36	0.00011319908799270516
1573.365	0.00010985559231942225
1573.3700000000001	0.00011497000873478066
1573.375	0.0001191357620582418
1573.3799999999999	0.00011791197911046866
1573.385	0.0001172254363355432
1573.3899999999999	0.00011606766354312768
1573.395	0.0001163430899144819
1573.4	0.0001172777618641734
1573.405	0.00011585010640785465
1573.4099999999999	0.00011382572910308345
1573.415	0.00011443995261285533
1573.42	0.00011677433170782245
1573.425	0.00011722574006045803
1573.43	0.00011468151123703409
1573.435	0.00011439370395093768
1573.4399999999998	0.00011508566017884287
1573.445	0.00011314862857964001
1573.45	0.00011006384706415855
1573.4550000000002	0.00010846441889316027
1573.46	0.00011172721236838016
1573.465	0.00011639110346995021
1573.47	0.00011811547124183366
1573.475	0.0001175590977586717
1573.48	0.00011613992311522903
1573.4850000000001	0.00011628178119042575
1573.49	0.00011706201089679955
1573.495	0.00011691084665693261
1573.5	0.00011522588701379032
1573.5049999999999	0.00011263886139322929
1573.51	0.00011117852162362449
1573.515	0.00011149132716805218
1573.52	0.00011400803756852995
1573.5249999999999	0.0001179854592078248
1573.53	0.00012112278965451231
1573.5349999999999	0.00012241048237363148
1573.54	0.00012271288142073891
1573.545	0.00012235713628523984
1573.55	0.00012062157505016915
1573.5549999999998	0.00011983212189545052
1573.56	0.00012267007320543115
1573.565	0.00012646736978453771
1573.5700000000002	0.00012622744019653517
1573.575	0.00012511029303568938
1573.58	0.0001255859267993133
1573.585	0.0001261276442011848
1573.59	0.00012598655461376393
1573.595	0.0001266563837081579
1573.6000000000001	0.00012860845869713954
1573.605	0.00012986837480558964
1573.61	0.00012923119411868542
1573.615	0.00012908496059965192
1573.62	0.00013023704399680677
1573.625	0.00013085171094597193
1573.63	0.00013056332411908077
1573.635	0.0001302568340257653
1573.6399999999999	0.00012969348725742116
1573.645	0.0001281880973113585
1573.6499999999999	0.00012534649308420788
1573.655	0.00012159849359749512
1573.66	0.00012011264324638304
1573.665	0.00012079512807057763
1573.6699999999998	0.00012320078683575626
1573.675	0.00012661340034450955
1573.6799999999998	0.0001290729279581272
1573.6850000000002	0.00012841968797352754
1573.69	0.00012492646616315365
1573.695	0.0001207456115622876
1573.7	0.00012036646291574601
1573.705	0.00012314783291810484
1573.7099999999998	0.00011854815342574654
1573.7150000000001	0.0001192337132423209
1573.72	0.00012364108413917497
1573.725	0.0001153673547299449
1573.73	0.00011223307169495933
1573.735	0.00012021642601933792
1573.74	0.00012435902104236308
1573.7450000000001	0.0001233330972844033
1573.75	0.00012339042851746811
1573.7549999999999	0.00012451617799438927
1573.76	0.0001236030311877216
1573.7649999999999	0.00012158143368978867
1573.77	0.00012124172491257231
1573.775	0.00012162042000818665
1573.78	0.00011767676614885776
1573.7849999999999	0.00011364536438019864
1573.79	0.00011288541122989371
1573.7949999999998	0.00011623970358106667
1573.8000000000002	0.0001212650524438053
1573.805	0.00012231734425320763
1573.81	0.00012206316945346102
1573.815	0.00012198205623504918
1573.82	0.00012249924398066424
1573.8249999999998	0.0001230524939386731
1573.8300000000002	0.00012266330075452343
1573.835	0.00012239720749634565
1573.84	0.00012254777582274462
1573.845	0.00012283307420794516
1573.85	0.00012262623429727044
1573.8549999999998	0.00012143772422276341
1573.8600000000001	0.00011900252104479196
1573.865	0.00011746889264352714
1573.87	0.00011802763827511226
1573.875	0.00011967825957015124
1573.8799999999999	0.00011883239579778169
1573.885	0.00011558635421775804
1573.89	0.00011538742189710877
1573.895	0.0001192020810505629
1573.8999999999999	0.00012074222490309398
1573.905	0.00011938998793473251
1573.9099999999999	0.00011948228049882066
1573.915	0.0001192479661312136
1573.92	0.00011668084334193627
1573.925	0.00011578149485875975
1573.93	0.00011792826313993558
1573.935	0.00011633244898031077
1573.9399999999998	0.00010913548142641468
1573.9450000000002	0.00010507798049618419
1573.95	0.00010764773422352055
1573.955	0.00011075119210796509
1573.96	0.00011158837283843333
1573.965	0.00011297233675161817
1573.9699999999998	0.00011575064585466122
1573.9750000000001	0.00011778954025955167
1573.98	0.00011772437948288746
1573.985	0.00011626718633120413
1573.99	0.0001159793790451076
1573.995	0.00011718271861036249
1573.9999999999998	0.00011847088843843732
1574.005	0.00011895440636255455
1574.01	0.0001183115330308763
1574.0149999999999	0.00011653652819391386
1574.02	0.00011383823973865502
1574.0249999999999	0.00011248945828233779
1574.03	0.00011269725393788618
1574.035	0.00011489651135509097
1574.04	0.000118369396176725
1574.045	0.0001189766202661346
1574.05	0.00011977224918698098
1574.0549999999998	0.00012140978612986429
1574.06	0.00011628882256773603
1574.065	0.00011480323509552607
1574.07	0.00011921397039266784
1574.075	0.00012263747054869418
1574.08	0.000122525556411396
1574.0849999999998	0.0001233370624094381
1574.0900000000001	0.00012436376171077052
1574.095	0.00012413425492383587
1574.1	0.00012417797174730385
1574.105	0.00012340999106962727
1574.11	0.00012152639838583814
1574.1149999999998	0.000120249983292252
1574.1200000000001	0.00012033476823198279
1574.125	0.00012042189527529302
1574.1299999999999	0.00011669339900801722
1574.135	0.0001138535998532117
1574.1399999999999	0.00011350365357281325
1574.145	0.00011585791765975953
1574.15	0.00011888588886816578
1574.155	0.00011948242050976143
1574.16	0.00011903556285430826
1574.165	0.00011820961703792224
1574.1699999999998	0.00011843981290298909
1574.175	0.00011892238573216775
1574.18	0.00011881427466663013
1574.185	0.00011791488444657769
1574.19	0.00011637200527716852
1574.195	0.00011559176853987777
1574.1999999999998	0.00011583569713820348
1574.205	0.00011700993237413492
1574.21	0.00011790191516867096
1574.215	0.00011735605519031234
1574.22	0.00011528479015240477
1574.225	0.00011353565531566938
1574.2299999999998	0.00011414678694612888
1574.2350000000001	0.00011410212058916677
1574.24	0.00011124026168285418
1574.245	0.00011011508468738697
1574.25	0.00011331759482623669
1574.2549999999999	0.00011373261246861286
1574.26	0.00011156132158751504
1574.265	0.00011218240910280069
1574.27	0.00011319347905389497
1574.275	0.00011046444341800941
1574.28	0.00010828276177194518
1574.2849999999999	0.00011043681129076589
1574.29	0.00011149002869612739
1574.295	0.00010894064869372773
1574.3	0.00010697820140762837
1574.305	0.00010860798429139391
1574.31	0.00011154531106721608
1574.3149999999998	0.0001123166441911921
1574.32	0.00011058918967949444
1574.325	0.00010957427991725422
1574.33	0.00011030680425962111
1574.335	0.00011146689194408899
1574.34	0.00011241842881066905
1574.3449999999998	0.00011293527493156574
1574.35	0.00011311674050537869
1574.355	0.00011338940393393262
1574.3600000000001	0.00011382054600060315
1574.365	0.00011378041494749998
1574.37	0.0001130621934424136
1574.375	0.00011075081556082837
1574.3799999999999	0.00010754381469905396
1574.385	0.00010782506824856493
1574.39	0.000113647764418343
1574.395	0.00011625128752331551
1574.3999999999999	0.00011480233665608169
1574.405	0.0001158138052076268
1574.41	0.00011387666819076644
1574.415	0.00011311253631709953
1574.42	0.00011551058786214561
1574.425	0.00011679681893309526
1574.4299999999998	0.00011728156612381286
1574.435	0.00011811989293852093
1574.44	0.00011655484348562977
1574.445	0.00011358470033059065
1574.45	0.00011260859512303067
1574.455	0.00011473995514901747
1574.46	0.00011470134387784093
1574.465	0.00010772738621606623
1574.47	0.00010360103343869177
1574.4750000000001	0.00010554553063991053
1574.48	0.00011078516555115077
1574.485	0.00011538739546110112
1574.49	0.00011619861995996398
1574.495	0.00011633171621737938
1574.5	0.00011713064835633002
1574.505	0.00011831090185587905
1574.51	0.00011881192870685477
1574.5149999999999	0.00011762520336313921
1574.52	0.00011639763164417115
1574.5249999999999	0.00011584286673925583
1574.53	0.00011642108763248385
1574.535	0.00011791062629489693
1574.54	0.00011849620692694266
1574.5449999999998	0.0001172639326758873
1574.55	0.00011518909869807028
1574.555	0.00011373236103560144
1574.56	0.00011442809229481656
1574.565	0.00011735778931300432
1574.57	0.00011847366857921534
1574.575	0.00011739285431330845
1574.58	0.00011750445584589049
1574.585	0.00011882542260033949
1574.5900000000001	0.00011836939677779831
1574.595	0.00011755500416169372
1574.6	0.00011774646064087762
1574.605	0.00011839025196031784
1574.61	0.00011844296726283912
1574.615	0.0001181400733809894
1574.6200000000001	0.00011753068489329592
1574.625	0.0001163076506729913
1574.6299999999999	0.00011533827912640329
1574.635	0.00011571458654827303
1574.6399999999999	0.00011640823902106972
1574.645	0.0001164373976250727
1574.65	0.00011575590401209945
1574.655	0.00011491022882424687
1574.6599999999999	0.00011425956299037176
1574.665	0.00011351477760527814
1574.6699999999998	0.00011216314845836445
1574.675	0.00011077468786109173
1574.68	0.00010926366689478211
1574.685	0.00010842840215971596
1574.69	0.0001077251837279063
1574.695	0.00010713405372060808
1574.7	0.00010660461633762538
1574.7050000000002	0.00010633003152690407
1574.71	0.00010671908492738052
1574.715	0.00010808462152716489
1574.72	0.00011046738117726602
1574.725	0.0001125571495291026
1574.73	0.00011236563621132936
1574.7350000000001	0.00011005203262338499
1574.74	0.00010587015540803591
1574.745	0.00010197364770338967
1574.75	0.00010445550977393982
1574.7549999999999	0.00011120041384461013
1574.76	0.0001124927261713798
1574.765	0.0001115771183829232
1574.77	0.00011262769741084075
1574.7749999999999	0.00011365341827307067
1574.78	0.00011252670585122704
1574.7849999999999	0.00011221071325437362
1574.79	0.00011407794485543512
1574.795	0.00011405273290648299
1574.8	0.00011260266779240986
1574.805	0.00011311022004046379
1574.81	0.00011457656833402738
1574.8149999999998	0.0001154930919536965
1574.8200000000002	0.00011456849773278758
1574.825	0.0001140783915749732
1574.83	0.00011462155212257829
1574.835	0.0001148552954348085
1574.84	0.0001143702117438853
1574.8449999999998	0.00011309150137141742
1574.8500000000001	0.00011298920435365284
1574.855	0.0001135000221591368
1574.86	0.00011415955155612787
1574.865	0.00011443367209633328
1574.87	0.00011394492101230163
1574.875	0.00011334782299927566
1574.88	0.00011322460460123068
1574.885	0.00011392692176843157
1574.8899999999999	0.00011511119959289527
1574.895	0.00011608078861141292
1574.8999999999999	0.00011625468434617607
1574.905	0.0001156056776358288
1574.91	0.00011457237078525133
1574.915	0.00011223847142889326
1574.92	0.00010986206805644023
1574.925	0.00011085633218186552
1574.9299999999998	0.00011426438357027632
1574.9350000000002	0.00011353680512894533
1574.94	0.00010906358760066024
1574.945	0.00010906875128201549
1574.95	0.00011241006996269962
1574.955	0.00011304247688310032
1574.9599999999998	0.00011181914553754163
1574.9650000000001	0.0001130657077530136
1574.97	0.00011458513679175596
1574.975	0.00011093136506223681
1574.98	0.00010404158882034576
1574.985	0.00010228405110224448
1574.9899999999998	0.00010700094513683919
1574.9950000000001	0.00011252446873371071
1575	0.00011469511411969729
1575.0049999999999	0.00011410682228459882
1575.01	0.0001132748814932956
1575.0149999999999	0.00011369690945029614
1575.02	0.00011484813859468191
1575.025	0.00011528742155761744
1575.03	0.00011499386269721658
1575.035	0.00011425828453945782
1575.04	0.00011360849454690451
1575.0449999999998	0.00011356475903264893
1575.05	0.00011409636674193235
1575.055	0.00011482151400020541
1575.06	0.0001153722951578784
1575.065	0.00011488244797563437
1575.07	0.00011394572580394206
1575.0749999999998	0.00011409687574034333
1575.0800000000002	0.00011522025533406575
1575.085	0.00011599860516503046
1575.09	0.00011551591710718522
1575.095	0.00011392188151457588
1575.1	0.00011351443110073281
1575.1049999999998	0.0001109851156644421
1575.1100000000001	0.00010462923313961084
1575.115	0.00009983256400681539
1575.12	0.00010226705188120012
1575.125	0.00010842875381292137
1575.1299999999999	0.00011203778078475589
1575.1349999999998	0.0001122102586592403
1575.14	0.00011152812644667635
1575.145	0.00011237561586058723
1575.15	0.00011284444994251156
1575.155	0.00011207299055244319
1575.1599999999999	0.00011230967846520262
1575.165	0.00011274760711137626
1575.17	0.00011225495054315302
1575.175	0.00010981118375423081
1575.18	0.00010803770318015902
1575.185	0.00010849043315749945
1575.1899999999998	0.00011030580264809174
1575.195	0.00011234912380621686
1575.2	0.00011237750004091193
1575.205	0.00011110046968884097
1575.21	0.00011011924207613006
1575.215	0.00010999149418283834
1575.2199999999998	0.00011100412904423963
1575.2250000000001	0.00011253511567785943
1575.23	0.00011306791166637464
1575.235	0.00011250018156400459
1575.24	0.00011183630546205645
1575.245	0.00011223348742819355
1575.2499999999998	0.00011251199788781996
1575.255	0.00011023271564571646
1575.26	0.0001073565816654224
1575.265	0.00010827384077454447
1575.27	0.00011202398977053611
1575.2749999999999	0.00011200610643279334
1575.28	0.00011001847429816355
1575.285	0.00011022423025917485
1575.29	0.00011160665204274757
1575.295	0.00011164095912446231
1575.3	0.00011108843935932093
1575.3049999999998	0.00011049262383534978
1575.31	0.00010874223989647435
1575.315	0.0001065152854673419
1575.32	0.0001064536960721231
1575.325	0.00010877117972464685
1575.33	0.00011047853441954114
1575.3349999999998	0.00010974093142471172
1575.34	0.00010825410246195886
1575.345	0.00010821511107837034
1575.35	0.00010910416472948968
1575.355	0.00010920716426256278
1575.36	0.00010868051485913685
1575.3649999999998	0.00010835493521189196
1575.37	0.00010886084486375219
1575.375	0.0001098182749272463
1575.38	0.00011054550739814366
1575.385	0.00011005667589261692
1575.3899999999999	0.00010841225340651142
1575.395	0.00010644120659486843
1575.4	0.00010506454808435192
1575.405	0.00010608726525838479
1575.41	0.00010779966134786875
1575.415	0.00010791936342587718
1575.4199999999998	0.00010844295845080997
1575.425	0.00010955449830574054
1575.43	0.00010857055727212378
1575.435	0.00010851447921407521
1575.44	0.00010897192275803868
1575.445	0.00010800447311856716
1575.4499999999998	0.0001079277594774077
1575.455	0.00010857570800827086
1575.46	0.00010774689162507966
1575.465	0.00010675997161889534
1575.47	0.00010743025622131227
1575.475	0.00010782923859458163
1575.48	0.00010691127595860716
1575.485	0.0001068285857520334
1575.49	0.00010720336795159855
1575.4950000000001	0.00010696523542512997
1575.5	0.00010469547157456522
1575.5049999999999	0.00010287920471990795
1575.51	0.000103610720769559
1575.5149999999999	0.00010530045161199941
1575.52	0.00010667673780763113
1575.525	0.00010586681003833702
1575.53	0.00010408913686559623
1575.5349999999999	0.00010325341765915315
1575.54	0.00010337331634009725
1575.545	0.00010415197622297788
1575.55	0.00010468262090672584
1575.555	0.00010465525136771886
1575.56	0.00010453459981363261
1575.5649999999998	0.00010469547116983939
1575.57	0.00010529020416232109
1575.575	0.00010618202691075191
1575.5800000000002	0.00010658691041136563
1575.585	0.00010597289861871691
1575.59	0.00010547162446353315
1575.595	0.00010581628047699035
1575.6	0.00010599851524966585
1575.605	0.00010457219104244482
1575.6100000000001	0.00010336772642792592
1575.615	0.00010404183908574886
1575.62	0.00010414339681398997
1575.625	0.00010294134490441007
1575.6299999999999	0.00010295637044274548
1575.635	0.00010420142739981038
1575.64	0.00010402991491780667
1575.645	0.00010286655587541726
1575.6499999999999	0.00010313825440429428
1575.655	0.00010446707385626812
1575.6599999999999	0.00010355018509556717
1575.665	0.00010053933646044422
1575.67	0.0000984960839511221
1575.675	0.00009956296042338551
1575.6799999999998	0.00010231817173862443
1575.685	0.00010426201824143457
1575.69	0.00010440290195241317
1575.6950000000002	0.00010420345837460386
1575.7	0.0001048619835980384
1575.705	0.00010538548760435638
1575.71	0.00010527403909621517
1575.715	0.00010460610116573808
1575.72	0.00010377443313555737
1575.7250000000001	0.00010330564994210471
1575.73	0.00010351129336319
1575.735	0.0001041661127654967
1575.74	0.00010469735758199115
1575.745	0.0001045061856195509
1575.75	0.00010347342225066736
1575.755	0.00010343420745113868
1575.76	0.0001037593029284502
1575.7649999999999	0.00009840702582907673
1575.77	0.00009512074775211416
1575.7749999999999	0.00010027904204852167
1575.78	0.00010254474436935663
1575.785	0.00010152159933223219
1575.79	0.00010252164151751998
1575.7949999999998	0.00010158455866378771
1575.8	0.00009822417685668624
1575.8049999999998	0.00009920132090322762
1575.8100000000002	0.00010153104682479171
1575.815	0.00010040496930125812
1575.82	0.00009770401647823295
1575.825	0.00009752328050913581
1575.83	0.00010010084931596216
1575.8349999999998	0.00010256114688542788
1575.8400000000001	0.00010174315659976608
1575.845	0.0001009811648375456
1575.85	0.00010171909131832618
1575.855	0.00010242219557561189
1575.86	0.00010232682115296845
1575.865	0.00010151382593903696
1575.8700000000001	0.00010151382593903696
1575.875	0.00010212847830618778
1575.8799999999999	0.0001026812353849759
1575.885	0.00010301124521407967
1575.8899999999999	0.00010319724728836824
1575.895	0.00010337306305103976
1575.9	0.00010301718930083322
1575.905	0.00010181801107284873
1575.9099999999999	0.00009946018706913076
1575.915	0.0000968176441813643
1575.9199999999998	0.00009491578207445704
1575.9250000000002	0.00009525976241304298
1575.93	0.00009753895114180979
1575.935	0.00009857885009396715
1575.94	0.00009555706491855964
1575.945	0.0000930653411074405
1575.9499999999998	0.00009621658247198968
1575.9550000000002	0.00010101496443173415
1575.96	0.00010256675026198418
1575.965	0.00010208824228465066
1575.97	0.00010187131934802059
1575.975	0.00010044434120353578
1575.9799999999998	0.00009859007922495883
1575.9850000000001	0.00009930781734724313
1575.99	0.000101550944548394
1575.995	0.00010196205964877013
1576	0.00009990933466340995
1576.0049999999999	0.00009855409283656952
1576.01	0.00009954795808137129
1576.015	0.00010111305849228223
1576.02	0.00010139528905867413
1576.0249999999999	0.00010122595078962231
1576.03	0.00010159065180879582
1576.0349999999999	0.00010190070016338812
1576.04	0.0001017416466130135
1576.045	0.00010107530411265425
1576.05	0.00010021639479792949
1576.055	0.00009983115793177822
1576.06	0.00010004974315928757
1576.0649999999998	0.00010078259419307563
1576.0700000000002	0.00010173091761104423
1576.075	0.0001024720953346524
1576.08	0.00010289364488694204
1576.085	0.00010276285377467066
1576.09	0.00010220019838819748
1576.0949999999998	0.00010175757055584509
1576.1000000000001	0.00010211288575207827
1576.105	0.00010335976533038533
1576.11	0.00010322479859425354
1576.115	0.00010138175568327264
1576.12	0.00010196115080260561
1576.1249999999998	0.00010279839519285977
1576.13	0.00009993610391262656
1576.135	0.00009609787528337555
1576.1399999999999	0.00009561753859230608
1576.145	0.00009728652993431848
1576.1499999999999	0.00009862711165074265
1576.155	0.00010021451693768158
1576.16	0.00010209295695120613
1576.165	0.00010230116674213225
1576.17	0.00010135236813697735
1576.175	0.00010041771648967782
1576.1799999999998	0.00010082786417649838
1576.185	0.00010230762696598474
1576.19	0.00010258799472033728
1576.195	0.00010250287529840673
1576.2	0.00010232838257924485
1576.205	0.00010210651224640049
1576.2099999999998	0.00010080140178579586
1576.2150000000001	0.0000990444091893116
1576.22	0.00009805903530846793
1576.225	0.00009817577194889771
1576.23	0.0000992370726850776
1576.235	0.00009973532352988435
1576.2399999999998	0.00009917474371672916
1576.2450000000001	0.00009788655455904021
1576.25	0.00009682194765051156
1576.2549999999999	0.00009680438867475729
1576.26	0.00009797857324548023
1576.2649999999999	0.00009973284539809162
1576.27	0.00010018490376946245
1576.275	0.00009891659498387039
1576.28	0.00009788578912159801
1576.285	0.00009897048329380954
1576.29	0.00009906220475900484
1576.2949999999998	0.0000961244723032343
1576.3	0.00009557861863385853
1576.305	0.00009774886460751785
1576.31	0.00009737133680755645
1576.315	0.00009517794245435384
1576.32	0.00009504685777172538
1576.3249999999998	0.00009416743626330682
1576.33	0.00009114665779274761
1576.335	0.00009033495443886978
1576.34	0.00009354326889334855
1576.345	0.00009611074827868618
1576.35	0.00009434781220383031
1576.3549999999998	0.00009232897949149707
1576.3600000000001	0.0000932496708933635
1576.365	0.00009587189231028675
1576.37	0.00009706883930893123
1576.375	0.00009716034351191038
1576.3799999999999	0.0000966150231822788
1576.385	0.00009510584672175337
1576.39	0.00009253026645180146
1576.395	0.00008936178097560152
1576.4	0.00008704767807842438
1576.405	0.00008573900615205917
1576.4099999999999	0.00008626024637749645
1576.415	0.00008857437179537566
1576.42	0.00009213063009512298
1576.425	0.00009461877338626964
1576.43	0.00009410308883845804
1576.435	0.00009159352107165803
1576.4399999999998	0.00009217109310878428
1576.445	0.00009175439513121922
1576.45	0.00008620806289290011
1576.455	0.00008829621226393936
1576.46	0.0000926647989013992
1576.465	0.00008924323757581713
1576.4699999999998	0.00008660815386329328
1576.475	0.00009017429456625208
1576.48	0.00009396817297876635
1576.485	0.00009476640523270986
1576.49	0.00009464836297318576
1576.495	0.000094759275334766
1576.5	0.00009397778394655384
1576.5049999999999	0.0000923319213230896
1576.51	0.00009147658131654186
1576.515	0.00009099185455386689
1576.52	0.00008923470214110622
1576.5249999999999	0.00008790148728204193
1576.53	0.00008782229044964232
1576.535	0.00008938864018010762
1576.54	0.00009136857376602765
1576.545	0.00009239949565904681
1576.55	0.00009288158502535885
1576.5549999999998	0.00009304273092389912
1576.56	0.00009318022413524172
1576.565	0.00009259009306083589
1576.57	0.00009127481299512926
1576.575	0.00008955372344474599
1576.58	0.00008819648505988651
1576.5849999999998	0.000087883691642055
1576.59	0.00008869968843628919
1576.595	0.00009023507125115174
1576.6000000000001	0.00009192536818927929
1576.605	0.00009268464463796308
1576.61	0.00009219892368338935
1576.615	0.00009154106446336625
1576.62	0.00009178355374782553
1576.625	0.00009176218506363444
1576.63	0.00009074242235773595
1576.635	0.00009068703879763825
1576.6399999999999	0.00009164842478413833
1576.645	0.00009049509907821135
1576.6499999999999	0.00008896750342639103
1576.655	0.00008939273999383303
1576.66	0.00009081922013327151
1576.665	0.00009131870139637342
1576.6699999999998	0.00009090701155721104
1576.675	0.00008942575484972276
1576.68	0.00008637618380319497
1576.685	0.00008319157426540545
1576.69	0.00008269676078374149
1576.695	0.00008551845195504479
1576.7	0.00008875818901775382
1576.705	0.00008742470548826414
1576.71	0.00008549740856820737
1576.7150000000001	0.00008566723191238749
1576.72	0.00008752380266722687
1576.725	0.00008905659165380582
1576.73	0.00008855364271670802
1576.735	0.00008622112323452605
1576.74	0.00008453118286100219
1576.7450000000001	0.00008421585884953787
1576.75	0.00008502659210632485
1576.7549999999999	0.00008674128181677738
1576.76	0.00008875149038344456
1576.7649999999999	0.0000898954516700907
1576.77	0.00009017729211718506
1576.775	0.0000900339764186115
1576.78	0.00009025853338042761
1576.7849999999999	0.00008905535877400427
1576.79	0.00008663077515987436
1576.7949999999998	0.00008792407371061207
1576.8	0.00008633461552933832
1576.805	0.0000844433289857441
1576.81	0.00008720208063546702
1576.815	0.00008853200558922464
1576.82	0.00008790396803422263
1576.825	0.00008770431948778628
1576.8300000000002	0.00008488656865442078
1576.835	0.0000792692775350672
1576.84	0.00007649857583717449
1576.845	0.00007914868603862293
1576.85	0.0000850574442474688
1576.855	0.00008557877873711758
1576.8600000000001	0.0000823354867303171
1576.865	0.0000817447207575833
1576.87	0.00008392424145382231
1576.875	0.00008744750301072776
1576.8799999999999	0.00008914983456050544
1576.885	0.00008923842829136647
1576.89	0.00008948236058160161
1576.895	0.00008960485399058668
1576.8999999999999	0.00008932744613437884
1576.905	0.00008863232655205736
1576.9099999999999	0.00008830606717661763
1576.915	0.00008868180418253496
1576.92	0.00008937194380046893
1576.925	0.00008973705307041433
1576.93	0.00008928463966838688
1576.935	0.00008817076173369276
1576.9399999999998	0.00008695226463691373
1576.9450000000002	0.0000872439553744108
1576.95	0.00008888307379974982
1576.955	0.00009023327580037362
1576.96	0.00008975612154676165
1576.965	0.00008885247672581609
1576.9699999999998	0.00008961661496565563
1576.9750000000001	0.00009037269780291557
1576.98	0.00008960588911197791
1576.985	0.00008952277560496047
1576.99	0.00009044757737917646
1576.995	0.00008990498537481846
1577	0.00008851951135182456
1577.005	0.00008889869531922571
1577.01	0.00009034756692831813
1577.0149999999999	0.0000906218670884932
1577.02	0.000090133665154263
1577.0249999999999	0.00009030624402418958
1577.03	0.00009019443756306237
1577.035	0.00008767577884638078
1577.04	0.00008487046358399523
1577.045	0.00008497640948460067
1577.05	0.00008604717569914318
1577.0549999999998	0.0000862440910680905
1577.0600000000002	0.00008540458283035989
1577.065	0.00008427395079031624
1577.07	0.00008419946923753943
1577.075	0.00008559129323057878
1577.08	0.00008725004127943237
1577.0849999999998	0.00008850601818791803
1577.0900000000001	0.00008898113525190346
1577.095	0.00008855743070311518
1577.1	0.00008737771933296539
1577.105	0.00008667732757857105
1577.11	0.00008646280408649316
1577.1149999999998	0.00008723522746912915
1577.1200000000001	0.00008845954354242109
1577.125	0.00008861921680048681
1577.1299999999999	0.00008776124757907026
1577.135	0.0000865666367675692
1577.1399999999999	0.00008596531599222224
1577.145	0.00008727891170863301
1577.15	0.00008733047456698009
1577.155	0.00008625256069388069
1577.16	0.00008709547911437859
1577.165	0.00008686752593434406
1577.1699999999998	0.00008395238402468792
1577.175	0.00008224870559835789
1577.18	0.00008383417233155382
1577.185	0.00008570876058684478
1577.19	0.0000862176395481021
1577.195	0.00008582766165254607
1577.1999999999998	0.00008581226243853386
1577.2050000000002	0.00008370364444721388
1577.21	0.00008007569765918703
1577.215	0.00007810113403734403
1577.22	0.00007889141685082931
1577.225	0.00008249379943442221
1577.2299999999998	0.00008506221219392621
1577.2350000000001	0.00008583988218238238
1577.24	0.00008557258950310724
1577.245	0.00008517935862063622
1577.25	0.00008524809962941941
1577.2549999999999	0.00008510063506752048
1577.2599999999998	0.00008473588703957971
1577.265	0.00008428316370242728
1577.27	0.00008418541575935774
1577.275	0.00008475943787102007
1577.28	0.00008531539823200605
1577.2849999999999	0.00008507216229402695
1577.29	0.000083167880776851
1577.295	0.00008022754151844875
1577.3	0.00007796449551180847
1577.305	0.00007855741107258123
1577.31	0.00008128355227565118
1577.3149999999998	0.00008233636115928236
1577.32	0.00008158110364160924
1577.325	0.00008192345547236854
1577.33	0.00008337291881645761
1577.335	0.00008385548559026372
1577.34	0.00008326811059536672
1577.3449999999998	0.00008126211511986589
1577.3500000000001	0.00007873197237087565
1577.355	0.00007789551871394314
1577.36	0.00007968223393124337
1577.365	0.00008239075665546462
1577.37	0.00008312037944661352
1577.3749999999998	0.00008240202293483237
1577.38	0.0000818455520749707
1577.385	0.00008189665091067928
1577.39	0.00008212933839022598
1577.395	0.00008236247940752932
1577.3999999999999	0.00008272780691036866
1577.405	0.00008313139271946714
1577.41	0.00008303731586400312
1577.415	0.00008256817224093279
1577.42	0.00008220729199303303
1577.425	0.00008205516318692773
1577.4299999999998	0.00008197802221751691
1577.435	0.00008171334442617867
1577.44	0.00008096407708127175
1577.445	0.00007977014029819505
1577.45	0.00007842882169660034
1577.455	0.00007747819117605831
1577.4599999999998	0.00007803245773135715
1577.465	0.00008004267522070233
1577.47	0.0000807638643977977
1577.475	0.00008008239092305292
1577.48	0.00008058551300214174
1577.485	0.00007991616281157273
1577.4899999999998	0.00007911003443873827
1577.4950000000001	0.00007982910368397595
1577.5	0.00007876151443718605
1577.505	0.00007571210297402092
1577.51	0.00007548429063371253
1577.5149999999999	0.00007811263738637866
1577.52	0.00007886223116394659
1577.525	0.00007810727420892769
1577.53	0.00007823443180510434
1577.535	0.000079086360413965
1577.54	0.00007883516602531616
1577.5449999999998	0.00007658304902369677
1577.55	0.00007589114066084954
1577.555	0.00007756465629956269
1577.56	0.00007938898017337498
1577.565	0.00008019204645308521
1577.57	0.00007944505537779332
1577.5749999999998	0.00007931166329730738
1577.58	0.00007956430661038602
1577.585	0.00007989458306531175
1577.59	0.0000797078298666696
1577.595	0.0000790890856083754
1577.6	0.00007884905789978804
1577.6049999999998	0.00007919928393019129
1577.61	0.000080121022594222
1577.615	0.00008104357881343389
1577.6200000000001	0.00008110022272483482
1577.625	0.00008031542759835004
1577.6299999999999	0.00007931975430647049
1577.635	0.00007885730774035567
1577.6399999999999	0.0000794338056596184
1577.645	0.00008071628101367997
1577.65	0.00008115571284527245
1577.655	0.00008114890071896632
1577.6599999999999	0.0000817947670430051
1577.665	0.00008197295935333417
1577.67	0.00008043755267312316
1577.675	0.00007994655160603599
1577.68	0.00008079896064087575
1577.685	0.00008188732340527542
1577.6899999999998	0.00008202377683925358
1577.695	0.0000811369902732568
1577.7	0.00007927330448811618
1577.705	0.00007760113721127769
1577.71	0.00007821266801170203
1577.715	0.00008030363406270033
1577.72	0.00008100781767920723
1577.725	0.0000796496995983355
1577.73	0.00007887125390208406
1577.7350000000001	0.00007998871510939638
1577.74	0.00008074374624890109
1577.745	0.00007835536347198822
1577.75	0.00007573398351311518
1577.7549999999999	0.00007466089732135156
1577.76	0.0000755374417393511
1577.765	0.0000776853729698518
1577.77	0.00007987072934507723
1577.7749999999999	0.00008070659575668285
1577.78	0.00007976135454600827
1577.7849999999999	0.00007800896155455988
1577.79	0.00007677562845048517
1577.795	0.00007680654611810119
1577.8	0.00007827805234570745
1577.8049999999998	0.00007821476802702053
1577.81	0.00007497031639312965
1577.815	0.00007343534872982074
1577.82	0.00007758755956770652
1577.825	0.00008020422522457478
1577.83	0.00007965387583994361
1577.835	0.00007992331446501842
1577.84	0.00007997515785973526
1577.845	0.00008054104760154281
1577.8500000000001	0.0000810422882075736
1577.855	0.00007897636778933604
1577.86	0.00007663945566792816
1577.865	0.00007696054704318387
1577.87	0.00007885133861322618
1577.875	0.00007926017682617475
1577.88	0.00007769395887202512
1577.885	0.00007745954183105479
1577.8899999999999	0.00007970908861296898
1577.895	0.0000813746341646033
1577.8999999999999	0.00008205649706108033
1577.905	0.00008201445843455752
1577.91	0.00008185196204784354
1577.915	0.00008109574388120376
1577.9199999999998	0.00008020535409321846
1577.925	0.00007966990835717015
1577.9299999999998	0.00007986901695785206
1577.9350000000002	0.00008077670403890273
1577.94	0.00008124870686302976
1577.945	0.00008103086213803121
1577.95	0.00008026369336116141
1577.955	0.00007945509193831498
1577.96	0.00007914696798864004
1577.9650000000001	0.00007935550088815704
1577.97	0.0000793353158191501
1577.975	0.0000783599279327783
1577.98	0.00007653287353017744
1577.985	0.0000752085069729945
1577.99	0.00007645303575891819
1577.9950000000001	0.00007904523307051685
1578	0.0000798102570918897
1578.0049999999999	0.0000785590490343933
1578.01	0.00007788176053406821
1578.0149999999999	0.00007825835691212108
1578.02	0.0000775779022749453
1578.025	0.00007677770754552972
1578.03	0.00007747806015046496
1578.0349999999999	0.00007810555900879371
1578.04	0.00007711828861877194
1578.0449999999998	0.00007630009845509928
1578.0500000000002	0.00007725692026693246
1578.055	0.00007813309788975188
1578.06	0.00007767133490650315
1578.065	0.00007684248849436724
1578.07	0.00007683470302003902
1578.0749999999998	0.0000776052468293288
1578.0800000000002	0.00007860427064509888
1578.085	0.000079335913401813
1578.09	0.00007954797673593397
1578.095	0.00007937269286359005
1578.1	0.00007908728830640486
1578.1049999999998	0.00007884407806650143
1578.1100000000001	0.00007874030032413136
1578.115	0.0000788311881336491
1578.12	0.00007902025107842515
1578.125	0.0000789773441686996
1578.1299999999999	0.0000784571970165818
1578.135	0.00007740087314998108
1578.14	0.00007577560704961664
1578.145	0.00007515470339708581
1578.1499999999999	0.00007646210458975384
1578.155	0.0000786107361721018
1578.1599999999999	0.00007838642531242858
1578.165	0.00007662817024918657
1578.17	0.00007563350413937742
1578.175	0.00007552978782201833
1578.18	0.00007702587726775365
1578.185	0.00007858095316967521
1578.1899999999998	0.00007814230622662705
1578.1950000000002	0.00007679279724128726
1578.2	0.00007675775851207173
1578.205	0.00007713406586939606
1578.21	0.0000765395003200101
1578.215	0.00007618201124666607
1578.2199999999998	0.00007644495044249068
1578.2250000000001	0.00007626173557450995
1578.23	0.00007471977701072875
1578.235	0.00007219977891054762
1578.24	0.00007161886615022427
1578.245	0.00007178397919063793
1578.2499999999998	0.00007156252621431088
1578.255	0.00007093784233994349
1578.26	0.00007034660921801125
1578.2649999999999	0.00007124693552135693
1578.27	0.00007233645260779068
1578.2749999999999	0.00007318798239827313
1578.28	0.00007342205123223993
1578.285	0.00007295390688003785
1578.29	0.00007252786089777358
1578.295	0.00007246613936773494
1578.3	0.00007262640468026363
1578.3049999999998	0.00007262100681233463
1578.31	0.0000722561041214515
1578.315	0.00007181389739778385
1578.32	0.00007184186969834926
1578.325	0.00007207714920321029
1578.33	0.00007125487728100777
1578.3349999999998	0.00006912367587511904
1578.3400000000001	0.00006801894752079655
1578.345	0.00006994939544202798
1578.35	0.0000708687885007482
1578.355	0.00006878160412485308
1578.36	0.00006711003169246576
1578.3649999999998	0.00006867269712170309
1578.3700000000001	0.00007159546964852678
1578.375	0.00007169054829691559
1578.3799999999999	0.0000711558378964492
1578.385	0.00007215881469470704
1578.3899999999999	0.00007284463556086484
1578.395	0.00007212722875690928
1578.4	0.0000717181962182307
1578.405	0.00007220425270434922
1578.41	0.00007191379471635243
1578.415	0.00007102006458941146
1578.4199999999998	0.00007109155868349403
1578.425	0.00007192601241465545
1578.43	0.00007234053916325178
1578.435	0.00007203890719406824
1578.44	0.00007143055959637258
1578.445	0.00007106898923445061
1578.4499999999998	0.00007133052126445556
1578.455	0.00007213016177109095
1578.46	0.00007327223993415032
1578.465	0.0000737906083578606
1578.47	0.00007354705766996976
1578.475	0.0000729944692968807
1578.4799999999998	0.00007292200686127495
1578.4850000000001	0.00007390490168063848
1578.49	0.00007427215419743439
1578.495	0.00007306563391323156
1578.5	0.00007349031353117295
1578.5049999999999	0.00007506989839933119
1578.51	0.00007527766832249601
1578.515	0.00007555885914665396
1578.52	0.00007583283574112854
1578.525	0.00007516692868703151
1578.53	0.00007475445181141548
1578.5349999999999	0.00007569685867309271
1578.54	0.00007535289764884952
1578.545	0.00007365814134583246
1578.55	0.00007306764464257296
1578.555	0.0000744769811787844
1578.56	0.00007590103684225688
1578.5649999999998	0.00007605603639444444
1578.57	0.00007552952693315755
1578.575	0.00007575650216330021
1578.58	0.0000763316558010138
1578.585	0.00007607200815317486
1578.59	0.00007531570683065253
1578.5949999999998	0.00007447957953063857
1578.6	0.00007396501498882955
1578.605	0.0000734111180865055
1578.61	0.00007325987318483649
1578.615	0.00007372301686614672
1578.62	0.00007499377423214418
1578.625	0.00007594335087534787
1578.6299999999999	0.00007568528977599007
1578.635	0.00007437283971198682
1578.64	0.00007245305619106923
1578.645	0.00007121331619838328
1578.6499999999999	0.00007163082619505801
1578.655	0.00007267631266309982
1578.66	0.00007191063466044192
1578.665	0.00006855767382282448
1578.67	0.00006554038743472966
1578.675	0.00006621962285669883
1578.6799999999998	0.0000697458752774536
1578.685	0.00007229040095285218
1578.69	0.00007209336558648874
1578.695	0.00007225756000724215
1578.7	0.00007336161390939728
1578.705	0.00007002029375164861
1578.7099999999998	0.00006273771284395246
1578.715	0.000058453210627902426
1578.72	0.0000618901282030553
1578.725	0.00006862033523101831
1578.73	0.00007187196035421553
1578.735	0.0000715205534613509
1578.74	0.000070900199525228
1578.745	0.00006987505297218684
1578.75	0.00006857127538506473
1578.755	0.00006843012632250684
1578.76	0.00006894350133716431
1578.7649999999999	0.00006843549629240595
1578.77	0.00006644421987153611
1578.7749999999999	0.00006548777593176455
1578.78	0.00006639604660465219
1578.785	0.0000683136370101439
1578.79	0.00007018674911561003
1578.7949999999998	0.0000710219427290674
1578.8	0.00007029487312585279
1578.805	0.00006849191349160359
1578.81	0.00006737405161001358
1578.815	0.00006768797304149208
1578.82	0.00006944663715934675
1578.8249999999998	0.00007104734558112645
1578.83	0.00006996305902394839
1578.835	0.00006841959428318074
1578.8400000000001	0.00006918320178648209
1578.845	0.00006845024020681311
1578.85	0.00006614660297085104
1578.855	0.00006706459438184083
1578.86	0.00007003187142087502
1578.865	0.00007072886372162153
1578.8700000000001	0.00007036564326360092
1578.875	0.00007007308956191164
1578.8799999999999	0.00006919901723209781
1578.885	0.00006830017488980383
1578.8899999999999	0.00006843423425889538
1578.895	0.00006884634342699645
1578.9	0.00006776431934239595
1578.905	0.00006592434122023607
1578.9099999999999	0.0000663333363630669
1578.915	0.00006760754066445746
1578.9199999999998	0.00006824861852923032
1578.925	0.00006826740576713596
1578.93	0.00006802312827544445
1578.935	0.00006769802245853957
1578.9399999999998	0.00006604031287033909
1578.945	0.00006392732550509998
1578.95	0.00006254412986789563
1578.9550000000002	0.00006240517243365496
1578.96	0.00006344246763288632
1578.965	0.00006481187326833884
1578.97	0.00006563929058187205
1578.975	0.00006596014054873122
1578.98	0.00006602534347807251
1578.9850000000001	0.00006624759885662086
1578.99	0.00006672425220580537
1578.995	0.00006726918607236755
1579	0.00006741618177118206
1579.0049999999999	0.00006730575987287277
1579.01	0.0000674090344444166
1579.015	0.00006758290329405447
1579.02	0.0000672651649054349
1579.0249999999999	0.0000668540178671806
1579.03	0.00006752860170914687
1579.0349999999999	0.00006883581219561636
1579.04	0.00006896769025542189
1579.045	0.00006841675983343616
1579.05	0.00006877027417076336
1579.055	0.00006904665655577427
1579.06	0.00006732158744373453
1579.0649999999998	0.00006522039449978473
1579.0700000000002	0.00006599512779088992
1579.075	0.00006836959293507541
1579.08	0.00006892153678932062
1579.085	0.00006797281786082204
1579.09	0.0000675891707001895
1579.0949999999998	0.00006750774631213318
1579.1000000000001	0.00006677674284433452
1579.105	0.00006548916443812444
1579.11	0.00006490208591814682
1579.115	0.00006610398630273899
1579.12	0.00006778628882422684
1579.125	0.00006862398661630189
1579.13	0.00006853195091205618
1579.135	0.00006790386185849976
1579.1399999999999	0.00006728293405458572
1579.145	0.00006718584134988802
1579.1499999999999	0.00006776456881122881
1579.155	0.00006839539154942882
1579.16	0.00006851443675025333
1579.165	0.00006729531769992056
1579.17	0.00006574345027580157
1579.175	0.00006499826857420108
1579.1799999999998	0.00006504054910553459
1579.1850000000002	0.00006508786718387955
1579.19	0.00006651658242306991
1579.195	0.00006760158317841385
1579.2	0.000067316142381668
1579.205	0.00006712684990587328
1579.2099999999998	0.00006719195940020095
1579.2150000000001	0.00006565774700134373
1579.22	0.00006500210996743273
1579.225	0.00006642178554764127
1579.23	0.00006630804248660912
1579.235	0.00006314307473730368
1579.2399999999998	0.000061526803237792
1579.2450000000001	0.0000628323096428702
1579.25	0.00006436789905539612
1579.2549999999999	0.00006488394779490728
1579.26	0.00006458700449107218
1579.2649999999999	0.00006537982569185979
1579.27	0.00006653070468462886
1579.275	0.00006666206178479128
1579.28	0.00006624622403759173
1579.285	0.00006583704197153877
1579.29	0.00006620012362516934
1579.2949999999998	0.00006660371161481662
1579.3	0.0000668017019052058
1579.305	0.00006680830264954863
1579.31	0.00006683580576932964
1579.315	0.00006717874197061516
1579.32	0.00006757370450241265
1579.3249999999998	0.00006780730285004694
1579.3300000000002	0.00006764440338638619
1579.335	0.00006725849248461122
1579.34	0.00006712310260307889
1579.345	0.00006737410043882117
1579.35	0.00006736922309462933
1579.3549999999998	0.00006622566594381189
1579.3600000000001	0.00006464180703735671
1579.365	0.0000643986819478321
1579.37	0.00006632625189946314
1579.375	0.0000679622334187742
1579.3799999999999	0.00006804682270315337
1579.3849999999998	0.00006796922847639527
1579.39	0.00006843031049168084
1579.395	0.00006805250826777896
1579.4	0.00006695877763158891
1579.405	0.00006685377181511986
1579.4099999999999	0.00006831494790101198
1579.415	0.0000696991148750659
1579.42	0.00006991500374416069
1579.425	0.00006964864671355189
1579.43	0.00006886104834760503
1579.435	0.00006726266038205937
1579.4399999999998	0.00006617967887348862
1579.445	0.00006647996189160644
1579.45	0.0000673730321600032
1579.455	0.00006798843806756053
1579.46	0.00006809174778118795
1579.465	0.000067956146504395
1579.4699999999998	0.00006785937174458875
1579.4750000000001	0.00006779245660097363
1579.48	0.00006766478953040913
1579.485	0.0000673296857425487
1579.49	0.00006712826090553643
1579.495	0.00006721144352109088
1579.4999999999998	0.00006765109886286266
1579.505	0.00006858538439683077
1579.51	0.00006918370719526724
1579.515	0.0000690757232703413
1579.52	0.00006892932018177977
1579.5249999999999	0.00006740663954513248
1579.53	0.00006159883505805197
1579.535	0.000058832535884387295
1579.54	0.00006267788430078006
1579.545	0.00006685380537911322
1579.55	0.00006554116533491349
1579.5549999999998	0.00006466742762606409
1579.56	0.0000660051791154007
1579.565	0.0000652044953052752
1579.57	0.00006304274544867913
1579.575	0.0000629612597397418
1579.58	0.00006596160480416559
1579.5849999999998	0.00006673205380592479
1579.59	0.00006575345631117269
1579.595	0.00006579052242676386
1579.6	0.00006663033613656928
1579.605	0.00006707861822869992
1579.61	0.00006517768768347439
1579.6149999999998	0.00006400422950502498
1579.6200000000001	0.00006405331471311792
1579.625	0.00006526876797641172
1579.63	0.00006657600778799127
1579.635	0.00006715160969907246
1579.6399999999999	0.00006743071465234058
1579.645	0.0000674633407213698
1579.65	0.00006705836546805233
1579.655	0.00006552451535265598
1579.66	0.00006316137293825073
1579.665	0.0000608003686670872
1579.6699999999998	0.000059437449444573654
1579.675	0.000059452770326214
1579.68	0.00006116331934566245
1579.685	0.00006409274114699193
1579.69	0.00006680251793223505
1579.695	0.000067825018020426
1579.6999999999998	0.00006789620088183264
1579.705	0.0000673497051856506
1579.71	0.00006537610547473305
1579.715	0.00006303446056893087
1579.72	0.00006316832646711807
1579.725	0.00006544000201990198
1579.7299999999998	0.00006781161179964147
1579.735	0.00006882509230297132
1579.74	0.00006879276268243494
1579.7450000000001	0.0000679845238121099
1579.75	0.00006612525580939195
1579.7549999999999	0.0000652443489422063
1579.76	0.00006680170164594402
1579.7649999999999	0.00006786916437879364
1579.77	0.0000658418554938715
1579.775	0.00006438561887547382
1579.78	0.0000660212953317976
1579.7849999999999	0.00006661104424051283
1579.79	0.00006393134811308441
1579.795	0.00006114461487200436
1579.8	0.000060495730275913
1579.805	0.00006178885377932527
1579.81	0.00006389680410846219
1579.8149999999998	0.00006551286244505055
1579.82	0.0000658354718742667
1579.825	0.00006509553614871852
1579.83	0.0000639994749111913
1579.835	0.000063366111785149
1579.84	0.00006297086080553666
1579.8449999999998	0.00006238404334218991
1579.85	0.000060906721324511815
1579.855	0.000059457199603147436
1579.8600000000001	0.000060062509273079696
1579.865	0.00006282166538870349
1579.87	0.0000625504195703129
1579.875	0.000060825537216052745
1579.8799999999999	0.00006110259116661884
1579.885	0.00006235591373417098
1579.89	0.00006260355467281633
1579.895	0.00006278528756955281
1579.8999999999999	0.00006214541378034732
1579.905	0.00005991331020278538
1579.9099999999999	0.000058301429545782925
1579.915	0.000059430698072283814
1579.92	0.00006250014083401818
1579.925	0.00006319887088721281
1579.9299999999998	0.00006188069400613985
1579.935	0.00006141847519183746
1579.94	0.00006208686085145933
1579.945	0.00006310050435966684
1579.95	0.00006374114258290672
1579.955	0.0000639988279196805
1579.96	0.00006416906222957214
1579.965	0.0000641660909487235
1579.97	0.00006404251375062212
1579.9750000000001	0.00006381609889227279
1579.98	0.00006345717694720718
1579.985	0.00006246254180592047
1579.99	0.0000613329914271719
1579.995	0.00006037763681718121
1580	0.00006003269806857109
1580.005	0.00006075088060116443
1580.01	0.00006204642959007248
1580.0149999999999	0.00006308829272208991
1580.02	0.00006273689979355349
1580.0249999999999	0.00006133213190739358
1580.03	0.000060869836459168195
1580.035	0.0000620556341536655
1580.04	0.00006331619307014512
1580.0449999999998	0.00006307616294193428
1580.05	0.0000624474175417909
1580.0549999999998	0.00006284698599580837
1580.06	0.00006330944177655139
1580.065	0.00006315531941984695
1580.07	0.00006314288724840837
1580.075	0.00006335790382165231
1580.08	0.00006326220277747548
1580.085	0.0000631527634359917
1580.0900000000001	0.00006335623091736903
1580.095	0.00006264933658046585
1580.1	0.000060290690905375196
1580.105	0.00005817611783835057
1580.11	0.00005849110968638099
1580.115	0.000060490403626567904
1580.1200000000001	0.00006132887758878754
1580.125	0.00005972541962944644
1580.1299999999999	0.000057605000679925884
1580.135	0.00005746878936009363
1580.1399999999999	0.000059410328470366624
1580.145	0.00006138082889774122
1580.15	0.00006212723677772257
1580.155	0.00006183421502479218
1580.1599999999999	0.00006116576538672217
1580.165	0.0000607832811610631
1580.1699999999998	0.000060928582984553804
1580.1750000000002	0.00006137481273205216
1580.18	0.00006158150188771908
1580.185	0.00006107578390534219
1580.19	0.0000606821112159961
1580.195	0.000061247865565499
1580.1999999999998	0.0000618801127878095
1580.2050000000002	0.0000610389934112643
1580.21	0.00006137292352294999
1580.215	0.00006201042329561207
1580.22	0.000059848555041496766
1580.225	0.00005868672126469663
1580.2299999999998	0.000060165191068499914
1580.2350000000001	0.00006132580878641916
1580.24	0.00006030793319526735
1580.245	0.00005992980182039342
1580.25	0.00006117775822465986
1580.2549999999999	0.00006195611027580416
1580.26	0.00005979492597112307
1580.265	0.00005823091980630731
1580.27	0.00005936782946985297
1580.2749999999999	0.00006034071765200463
1580.28	0.00005957040085402117
1580.2849999999999	0.00005837467033423352
1580.2900000000002	0.00005870516824992683
1580.295	0.00006082039888525951
1580.3	0.00006204567014746124
1580.305	0.0000616070584466792
1580.31	0.00006069153733203134
1580.3149999999998	0.00006012263307743838
1580.3200000000002	0.000060474722808025114
1580.325	0.00006139681762051245
1580.33	0.00006221110031899663
1580.335	0.00006280302682185655
1580.34	0.00006308510612665566
1580.3449999999998	0.00006295557565326457
1580.3500000000001	0.00006242247772724801
1580.355	0.00006168834662958912
1580.36	0.000060901155337809536
1580.365	0.00006051983902269535
1580.37	0.00006117126018988326
1580.3749999999998	0.00006233642862855262
1580.38	0.00006309544185198502
1580.385	0.00006315394421856828
1580.3899999999999	0.00006286575233048769
1580.395	0.00006135732488967136
1580.3999999999999	0.00005860399580824102
1580.405	0.000057723122298981024
1580.41	0.000059679560506960224
1580.415	0.0000620147117802286
1580.42	0.00006200945671501289
1580.425	0.00006078993727367967
1580.4299999999998	0.00006083313372638635
1580.435	0.00006136367164801974
1580.44	0.00006077487002353451
1580.445	0.000060098082258252916
1580.45	0.0000610598925569654
1580.455	0.00006267073197622142
1580.4599999999998	0.00006308652636882743
1580.4650000000001	0.00006248602893199844
1580.47	0.00006225348433013867
1580.475	0.00006276052157651478
1580.48	0.00006339991748824104
1580.485	0.00006365142059837788
1580.4899999999998	0.00006354166852194938
1580.4950000000001	0.00006354531399978408
1580.5	0.00006376855438014357
1580.5049999999999	0.00006399129831903831
1580.51	0.00006392530320661667
1580.5149999999999	0.00006349351266158766
1580.52	0.0000628452065254374
1580.525	0.00006260300134773111
1580.53	0.00006315899135930726
1580.535	0.000063643348901384
1580.54	0.00006288457810451413
1580.5449999999998	0.00006285829883368989
1580.55	0.00006347609856208002
1580.555	0.00006242247063273369
1580.56	0.00006197927514431636
1580.565	0.00006276325582949208
1580.57	0.00006142150984241028
1580.5749999999998	0.00005940914576909312
1580.58	0.00006005342225186598
1580.585	0.00006122319471106756
1580.59	0.00005963199736894155
1580.595	0.000057741437728513147
1580.6	0.00005900942968492954
1580.6049999999998	0.00006079470689073807
1580.6100000000001	0.00006098724261461206
1580.615	0.00006047892415325229
1580.62	0.00006030361707398567
1580.625	0.00006075617309970074
1580.6299999999999	0.00005976315502418471
1580.635	0.00005850993396902842
1580.64	0.00005822255802455953
1580.645	0.00005910230426539619
1580.65	0.00006038702237506594
1580.655	0.000060148021399195635
1580.6599999999999	0.00005950069453570058
1580.665	0.00005899746005656042
1580.67	0.00005907883423749729
1580.675	0.00005935812869172726
1580.68	0.00005900604048396872
1580.685	0.00005810322743307358
1580.6899999999998	0.00005711104301401261
1580.695	0.00005658412513515773
1580.7	0.000056912311703557645
1580.705	0.00005781087797765154
1580.71	0.000057643804474811755
1580.715	0.000055806659075200944
1580.7199999999998	0.000053684431101699765
1580.725	0.000053382267119781926
1580.73	0.000055233466966872225
1580.735	0.00005664988652874666
1580.74	0.00005611987268165359
1580.745	0.000055755724697046266
1580.75	0.00005639838510712947
1580.755	0.00005674268138387805
1580.76	0.00005597855941465604
1580.765	0.00005515769028897558
1580.77	0.000055041860775247545
1580.7749999999999	0.00005525482781022566
1580.78	0.00005539067553748419
1580.785	0.00005527124185166435
1580.79	0.000054466954882714826
1580.795	0.000053320347115520075
1580.8	0.000053011591541126695
1580.8049999999998	0.000053983725643617515
1580.81	0.00005527006130572951
1580.815	0.00005559891421629936
1580.82	0.00005476455743128104
1580.825	0.00005349739471697187
1580.83	0.000052906902292041475
1580.8349999999998	0.000053050537491012597
1580.84	0.000053666751333015914
1580.845	0.00005441574495799537
1580.85	0.00005511655642043822
1580.855	0.00005558371478903723
1580.86	0.000055927515583673745
1580.865	0.0000560753466392716
1580.87	0.000055696190379477865
1580.875	0.00005505821546463187
1580.88	0.00005512103364176826
1580.885	0.00005574638147633947
1580.8899999999999	0.00005458924092934307
1580.895	0.000053280641612840506
1580.8999999999999	0.00005438613080621934
1580.905	0.00005567099718263091
1580.91	0.00005529932642318188
1580.915	0.000054650991345175986
1580.9199999999998	0.000054948737593431255
1580.925	0.00005477772528402954
1580.93	0.00005397131365903228
1580.935	0.00005399537729681747
1580.94	0.000054975462063190506
1580.945	0.00005559663955565674
1580.9499999999998	0.000055645246361933065
1580.955	0.000055307224441754994
1580.96	0.0000543611138885184
1580.965	0.000052173460920770406
1580.97	0.000050522348824035915
1580.975	0.00005101412522665243
1580.98	0.000051869114487744325
1580.985	0.00005165313412065596
1580.99	0.000050450873517969187
1580.9950000000001	0.000049662127462119554
1581	0.00005105235507767
1581.0049999999999	0.000052741343843816364
1581.01	0.00005328014467605793
1581.0149999999999	0.000052041440081175716
1581.02	0.0000494931001955331
1581.025	0.00004804465775066139
1581.03	0.00004884543387819022
1581.0349999999999	0.00005096496858716367
1581.04	0.000053100960601849987
1581.0449999999998	0.0000527469435412262
1581.05	0.00005055609786131628
1581.055	0.00004917143849306061
1581.06	0.000050332986247898106
1581.0649999999998	0.000051996448390348114
1581.07	0.00005218723428611004
1581.075	0.00005229905277002579
1581.0800000000002	0.00005326346297167762
1581.085	0.00005386063070264529
1581.09	0.000053537741716619777
1581.095	0.00005349742916144957
1581.1	0.000053452559337708856
1581.105	0.00005186390735478956
1581.1100000000001	0.00004937961461475318
1581.115	0.00004902504752301927
1581.12	0.0000508628308222322
1581.125	0.00005214468264748101
1581.1299999999999	0.00005163779469735716
1581.135	0.00005163426630531372
1581.14	0.00005283942611037891
1581.145	0.00005288565947174173
1581.1499999999999	0.000050464485357980996
1581.155	0.00004876792923649438
1581.1599999999999	0.000048803707168586696
1581.165	0.00005013487070645028
1581.17	0.00005180445265701618
1581.175	0.00005292860437346425
1581.1799999999998	0.00005303074076862934
1581.185	0.00005247663965450092
1581.1899999999998	0.00005215744599252687
1581.1950000000002	0.00005243606788988349
1581.2	0.00005351207018248982
1581.205	0.0000547502785493052
1581.21	0.00005509919016426451
1581.215	0.00005455364102935568
1581.22	0.000054235992138274055
1581.2250000000001	0.00005375934278509145
1581.23	0.0000518088356819073
1581.235	0.00005135114727080917
1581.24	0.000054000940056401406
1581.245	0.00005538072926680351
1581.25	0.00005498595679966107
1581.255	0.00005505354523150273
1581.26	0.00005573147718446311
1581.2649999999999	0.00005533044739358182
1581.27	0.000054614388730505104
1581.2749999999999	0.00005502246809514677
1581.28	0.00005602210697261308
1581.285	0.000056136945180814135
1581.29	0.000055443918413589765
1581.295	0.00005500026969382095
1581.3	0.000055368658091171586
1581.3049999999998	0.000055274581235703996
1581.3100000000002	0.00005449903535691377
1581.315	0.00005450258664051034
1581.32	0.00005513864728894546
1581.325	0.000055713608150105836
1581.33	0.0000556937418614069
1581.3349999999998	0.00005529653232137266
1581.3400000000001	0.00005531270473872663
1581.345	0.000055692897232783995
1581.35	0.00005612247900372852
1581.355	0.0000563482568244503
1581.36	0.00005636243983541971
1581.3649999999998	0.00005634729597787725
1581.3700000000001	0.00005635842409708274
1581.375	0.00005612844148460811
1581.3799999999999	0.000055352956944187724
1581.385	0.000054261009972247686
1581.3899999999999	0.00005361694540670825
1581.395	0.000053958557018997524
1581.4	0.00005500938186763805
1581.405	0.00005534420776608481
1581.41	0.00005445558581407228
1581.415	0.00005440101547029797
1581.4199999999998	0.00005511694418444738
1581.425	0.00005506943657666326
1581.43	0.00005443385024437472
1581.435	0.00005460640026273848
1581.44	0.000055118679236328745
1581.445	0.000054321266303197156
1581.4499999999998	0.00005306128644720745
1581.4550000000002	0.00005326969440614905
1581.46	0.000054353602181270925
1581.465	0.00005410631170101939
1581.47	0.00005281703827684199
1581.475	0.000052729039241112925
1581.4799999999998	0.00005398025217655628
1581.4850000000001	0.00005473647603272782
1581.49	0.00005463529918007821
1581.495	0.00005465922419314871
1581.5	0.00005470422832703177
1581.5049999999999	0.00005432759108075663
1581.5099999999998	0.0000536217561964816
1581.515	0.00005299272346239118
1581.52	0.00005280873284851665
1581.525	0.00005306620348986646
1581.53	0.000053346472659568366
1581.5349999999999	0.000053057107478835684
1581.54	0.00005181075466643183
1581.545	0.000050218398462365783
1581.55	0.00004934930042957038
1581.555	0.00005047520647592196
1581.56	0.0000519144128437686
1581.5649999999998	0.00005120507300299725
1581.57	0.00005059357655592819
1581.575	0.000051428252209734254
1581.58	0.00005200843930546426
1581.585	0.000051851544452558994
1581.59	0.000051635458846192036
1581.5949999999998	0.00005138520854056973
1581.6000000000001	0.00005101034582438058
1581.605	0.000050535984225351606
1581.61	0.00004980382366877293
1581.615	0.000049187981640549434
1581.62	0.000049232379721721764
1581.6249999999998	0.000049656131711904655
1581.63	0.00004890108802764542
1581.635	0.00004688081884389124
1581.64	0.000046293789672109616
1581.645	0.000047073376877760765
1581.6499999999999	0.00004826146676297456
1581.655	0.00004887888996880678
1581.66	0.000048562654463340686
1581.665	0.00004859409884536276
1581.67	0.000048888829295741816
1581.675	0.00004922979889179262
1581.6799999999998	0.00004883710664001914
1581.685	0.00004814460861588279
1581.69	0.000047634833741983905
1581.695	0.00004752962691144422
1581.7	0.000048048555249725794
1581.705	0.00004830456901779657
1581.7099999999998	0.00004809295798913078
1581.715	0.00004749117254404809
1581.72	0.00004674231992358243
1581.725	0.00004649927864081266
1581.73	0.00004715878644309226
1581.735	0.00004815868182420574
1581.7399999999998	0.00004864259796963397
1581.7450000000001	0.00004817045727437066
1581.75	0.000047981256705085926
1581.755	0.00004858766616757642
1581.76	0.00004881629651445781
1581.7649999999999	0.00004845361406698614
1581.77	0.00004836627139594052
1581.775	0.000048547945948069436
1581.78	0.00004817457302688055
1581.785	0.000047533089055561306
1581.79	0.000047670485260560795
1581.7949999999998	0.000048449622369840936
1581.8	0.00004869491878311856
1581.805	0.00004828963950060663
1581.81	0.0000482362483761216
1581.815	0.000048774356469003435
1581.82	0.00004911783370729576
1581.8249999999998	0.00004907223072670612
1581.83	0.00004910473441371998
1581.835	0.00004928053913045652
1581.84	0.00004944071780257969
1581.845	0.00004956614402931847
1581.85	0.00004957477284942528
1581.8549999999998	0.00004940830336263861
1581.86	0.000049050497283877765
1581.865	0.00004843447004386653
1581.8700000000001	0.000047668415649353936
1581.875	0.00004719447364260572
1581.8799999999999	0.00004722722966058578
1581.885	0.000047923137368168254
1581.8899999999999	0.00004867321274790904
1581.895	0.000048480426088355804
1581.9	0.00004662200388888395
1581.905	0.00004584573600024707
1581.9099999999999	0.00004761173043179781
1581.915	0.000049045766796024295
1581.92	0.00004874666207890913
1581.925	0.000048946781301072215
1581.93	0.00004877889199749246
1581.935	0.00004706000437152493
1581.9399999999998	0.000046730195053558735
1581.945	0.00004829875798233669
1581.95	0.00004872264239298596
1581.955	0.00004707991166932656
1581.96	0.00004660073473335333
1581.965	0.00004815836923199862
1581.9699999999998	0.00004922763616729726
1581.975	0.000048889303859889946
1581.98	0.00004904634799578595
1581.9850000000001	0.00004929053638097265
1581.99	0.000049284202035017986
1581.995	0.00004903197777689633
1582	0.00004911709493184229
1582.0049999999999	0.000049032548797338154
1582.01	0.00004837317844726978
1582.015	0.00004747175343114331
1582.02	0.00004670164450732068
1582.0249999999999	0.00004691831370572493
1582.03	0.00004732082189747551
1582.0349999999999	0.00004736009191791027
1582.04	0.000046704012428541674
1582.045	0.00004565627087478084
1582.05	0.000044762548969275016
1582.0549999999998	0.00004473808980720227
1582.06	0.00004573433331389754
1582.065	0.000047217771967155116
1582.07	0.00004826592918579867
1582.075	0.000048551541558045475
1582.08	0.00004852064155722226
1582.0849999999998	0.00004845540544539143
1582.09	0.000047318586917769624
1582.095	0.000045490598762873376
1582.1000000000001	0.000044858452660675094
1582.105	0.00004649466047341778
1582.11	0.000047841821063208544
1582.115	0.000047211346332754026
1582.12	0.00004649886101126939
1582.125	0.000047081946836229726
1582.13	0.00004756736636611281
1582.135	0.00004745063634916956
1582.1399999999999	0.00004770708702561795
1582.145	0.000048245914998915336
1582.1499999999999	0.000048009838858235784
1582.155	0.00004752877465888607
1582.16	0.000047772598811688985
1582.165	0.00004846255602743168
1582.1699999999998	0.000048660932592970295
1582.175	0.000048032393976715635
1582.1799999999998	0.000046889603447110435
1582.185	0.00004595119890595512
1582.19	0.00004557285869322664
1582.195	0.000045588467307191246
1582.1999999999998	0.000045786931841560544
1582.205	0.000046045808380310665
1582.21	0.000046420900546985486
1582.2150000000001	0.000046837970064983994
1582.22	0.000047338408906483834
1582.225	0.000047841604344746154
1582.23	0.00004820316264330265
1582.235	0.00004828585537579
1582.24	0.00004826235354363494
1582.2450000000001	0.00004866711395662044
1582.25	0.00004895077599951714
1582.2549999999999	0.00004871126278254478
1582.26	0.00004851523677686589
1582.2649999999999	0.00004863414988007151
1582.27	0.00004872904304598307
1582.275	0.00004876870391992892
1582.28	0.00004813238260910613
1582.2849999999999	0.00004681914259122326
1582.29	0.000045316657633520615
1582.2949999999998	0.000045316657633520615
1582.3	0.00004702134684442345
1582.305	0.00004776730391655931
1582.31	0.000047235386017713295
1582.315	0.00004649266625338358
1582.32	0.00004625684227918448
1582.3249999999998	0.00004645380527371564
1582.3300000000002	0.000046425440588159716
1582.335	0.00004642487328965219
1582.34	0.00004686726414161038
1582.345	0.000047417324454263136
1582.35	0.000047753435455289925
1582.3549999999998	0.0000474881131134246
1582.3600000000001	0.000047257303165622406
1582.365	0.0000473007166543807
1582.37	0.00004751924627516706
1582.375	0.00004771983471660214
1582.3799999999999	0.00004748871015956768
1582.385	0.00004686869916586752
1582.39	0.000046433349721044435
1582.395	0.00004626236941199605
1582.3999999999999	0.000046460242859774994
1582.405	0.00004678794353361735
1582.4099999999999	0.00004669521700852992
1582.4150000000002	0.00004621853513578229
1582.42	0.0000459692957527519
1582.425	0.000046380866020433005
1582.43	0.00004634980004982392
1582.435	0.00004581356197366827
1582.4399999999998	0.00004572253218857217
1582.4450000000002	0.000045627497382600996
1582.45	0.00004442293258942459
1582.455	0.0000434219665968722
1582.46	0.00004383064164387467
1582.465	0.000044883784177338655
1582.4699999999998	0.000045102166053657345
1582.4750000000001	0.00004475160624545735
1582.48	0.000044582682692049465
1582.485	0.00004414087432145143
1582.49	0.00004326042986616223
1582.495	0.000042716920587620175
1582.4999999999998	0.000042938009441149266
1582.505	0.000043508147587636025
1582.51	0.00004396789703821017
1582.5149999999999	0.00004418602537115734
1582.52	0.00004414051368258907
1582.5249999999999	0.00004387239464450821
1582.53	0.00004355325208494089
1582.535	0.000043153850200711304
1582.54	0.000042866604802838825
1582.545	0.00004277593688497487
1582.55	0.00004285707230066549
1582.5549999999998	0.00004302873273139682
1582.56	0.00004312785115141676
1582.565	0.000042864610391499255
1582.57	0.00004213108772611661
1582.575	0.00004154619900154224
1582.58	0.000042335957289462944
1582.5849999999998	0.00004358178509884044
1582.5900000000001	0.000043558651098159544
1582.595	0.00004317220854192432
1582.6	0.000041917960039995776
1582.605	0.000040850545677183605
1582.61	0.00004158685737413291
1582.6149999999998	0.000043616595814616825
1582.6200000000001	0.00004411696601667693
1582.625	0.00004376929178609928
1582.6299999999999	0.00004387704332044357
1582.635	0.0000436768371143583
1582.6399999999999	0.00004295692339722878
1582.645	0.00004287209538082227
1582.65	0.00004341711339241837
1582.655	0.000043686502805640874
1582.66	0.00004256399354622399
1582.665	0.00004167027088182569
1582.6699999999998	0.00004215092332723572
1582.675	0.000043140162969701946
1582.68	0.000043929053756717874
1582.685	0.00004366781329703273
1582.69	0.0000431391331027622
1582.695	0.00004281236817130858
1582.6999999999998	0.000042715397294011336
1582.705	0.000042662828500248894
1582.71	0.00004249551659144473
1582.715	0.00004242560421807494
1582.72	0.000042600324528669595
1582.725	0.00004311488215460551
1582.7299999999998	0.00004365697678024306
1582.7350000000001	0.00004404140951435898
1582.74	0.00004398798535409867
1582.745	0.00004351134028380969
1582.75	0.00004305661720563999
1582.7549999999999	0.00004276973662698461
1582.76	0.00004254524364079338
1582.765	0.00004215288216048532
1582.77	0.000042004222472257054
1582.775	0.00004269042469670074
1582.78	0.00004326024469568685
1582.7849999999999	0.00004254393802862932
1582.79	0.000041117378703875875
1582.795	0.00004139500125310703
1582.8	0.000042841855584191655
1582.805	0.00004317529686680864
1582.81	0.000042501616463215766
1582.8149999999998	0.000042537183493429154
1582.82	0.000043243965171763224
1582.825	0.000042966522336792195
1582.83	0.000041953221743786076
1582.835	0.00004169575784240129
1582.84	0.00004251239462287597
1582.8449999999998	0.00004355899959472742
1582.85	0.00004406359117807471
1582.855	0.000044241104984560486
1582.86	0.000044364382287099475
1582.865	0.00004428055676892956
1582.87	0.000044124083022469575
1582.875	0.00004391798059045577
1582.88	0.00004384152997849904
1582.885	0.00004396011558744061
1582.89	0.00004421118887254218
1582.895	0.00004450986304225668
1582.8999999999999	0.00004460366391737494
1582.905	0.00004451271097371105
1582.91	0.000044391109348467295
1582.915	0.00004422069523226633
1582.92	0.000043130869196333454
1582.925	0.00004136740639338462
1582.9299999999998	0.00004154611807066821
1582.935	0.00004314938080677199
1582.94	0.00004335046108685463
1582.945	0.00004273136433239082
1582.95	0.00004298265358958146
1582.955	0.000042761386459725874
1582.9599999999998	0.000041572652631934654
1582.965	0.00004108462761616553
1582.97	0.00004168814713777936
1582.975	0.000041959972431240426
1582.98	0.00004119915901695986
1582.985	0.00004081879993129129
1582.99	0.00004162175579347612
1582.995	0.0000421962965893605
1583	0.00004165082631534973
1583.005	0.00004137943327017609
1583.01	0.0000415127361274291
1583.0149999999999	0.0000415746436000031
1583.02	0.00004125856193694442
1583.0249999999999	0.000040941107118100746
1583.03	0.000041125523770770404
1583.035	0.0000414393184698187
1583.04	0.000041595021516142625
1583.0449999999998	0.0000415058832201767
1583.05	0.00004129738100263013
1583.055	0.00004135901338152237
1583.06	0.00004147678527777535
1583.065	0.00004140678083024765
1583.07	0.000040983762732132476
1583.0749999999998	0.00004036208773175472
1583.08	0.00003995879891780028
1583.085	0.00004004853836435396
1583.09	0.000040180868220363386
1583.095	0.00003939324643056873
1583.1	0.00003774922952100982
1583.105	0.000037522530258696805
1583.11	0.00003910486594855127
1583.115	0.00004112212596294687
1583.1200000000001	0.000041879661505824615
1583.125	0.000041831139259688945
1583.1299999999999	0.00004192127751732408
1583.135	0.000041904872035213514
1583.1399999999999	0.00004155929710629301
1583.145	0.00004125295539080095
1583.15	0.00004145577834841054
1583.155	0.00004176731006551909
1583.1599999999999	0.00004191226725367522
1583.165	0.00004212011598860989
1583.1699999999998	0.00004228287969129028
1583.175	0.000041974140966195
1583.18	0.00004090167817393247
1583.185	0.000040311817521053716
1583.1899999999998	0.000040605957503103255
1583.195	0.00004126291899351091
1583.2	0.00004182411475641825
1583.205	0.00004201960341291195
1583.21	0.000041877236941833205
1583.215	0.0000416683532058912
1583.22	0.00004165239807026589
1583.225	0.000041762150125111464
1583.23	0.000041864527633416055
1583.2350000000001	0.00004182259475061626
1583.24	0.00004159100737670994
1583.245	0.00004153153640609419
1583.25	0.00004175964563157877
1583.2549999999999	0.0000419557555945962
1583.26	0.000041477620000872355
1583.265	0.00004093741881661119
1583.27	0.00004119659677481547
1583.2749999999999	0.0000414235998287023
1583.28	0.000041033946582414806
1583.2849999999999	0.00004058846696722637
1583.29	0.00003967827252429789
1583.295	0.0000385582226546561
1583.3	0.000038520248508371965
1583.3049999999998	0.00003935313147660626
1583.31	0.000039713712748448516
1583.3149999999998	0.00003932579668969435
1583.32	0.00003900944659943725
1583.325	0.000038970628367459704
1583.33	0.000038684940746849525
1583.335	0.0000381456292058253
1583.34	0.00003850530476583254
1583.345	0.00003930762299559358
1583.3500000000001	0.00003973522220521103
1583.355	0.00003964255031423433
1583.36	0.00003943852026258714
1583.365	0.00003948107884006004
1583.37	0.000038872113245563795
1583.375	0.000038008764999628124
1583.38	0.00003720247400016653
1583.385	0.00003710768811597618
1583.3899999999999	0.00003772882116627939
1583.395	0.00003828761612555887
1583.3999999999999	0.00003827145593327262
1583.405	0.00003743671497694252
1583.41	0.000036259986478605
1583.415	0.00003536060884502164
1583.4199999999998	0.00003535549120278352
1583.425	0.00003650785360799386
1583.4299999999998	0.000037917380607963714
1583.4350000000002	0.00003854925045224858
1583.44	0.000038030596720869454
1583.445	0.00003782861270156931
1583.45	0.00003830421026544448
1583.455	0.00003816330942550819
1583.4599999999998	0.000037012199824171164
1583.4650000000001	0.00003702292023024809
1583.47	0.000037110212408161774
1583.475	0.00003515026980751375
1583.48	0.00003296376998167021
1583.485	0.00003403680749889531
1583.4899999999998	0.00003647774915818694
1583.4950000000001	0.00003611022937423575
1583.5	0.00003413835167306804
1583.5049999999999	0.00003411568951035082
1583.51	0.000035767748925517446
1583.5149999999999	0.000036595267838174455
1583.52	0.000035914382373403315
1583.525	0.000035724047264431564
1583.53	0.00003631735767169222
1583.535	0.00003691631605503557
1583.54	0.00003713926376244944
1583.5449999999998	0.00003703632868784505
1583.55	0.00003687034976953587
1583.555	0.000036829557887086424
1583.56	0.00003672416336864143
1583.565	0.00003634113617138515
1583.57	0.00003559984024603213
1583.5749999999998	0.000034878411865162927
1583.5800000000002	0.000034745386918519895
1583.585	0.00003537087744411541
1583.59	0.00003631110328642893
1583.595	0.00003639784406987552
1583.6	0.00003620069765020163
1583.6049999999998	0.00003615700492654368
1583.6100000000001	0.000034771763478762954
1583.615	0.00003386602315884699
1583.62	0.00003441325667947955
1583.625	0.00003387255420097682
1583.6299999999999	0.00003260147964783151
1583.6349999999998	0.000032865264938246375
1583.64	0.00003459268080413654
1583.645	0.00003592482655101921
1583.65	0.00003596150782802484
1583.655	0.000035932886343509744
1583.6599999999999	0.000036387325391099565
1583.665	0.00003573445171736714
1583.67	0.00003443779824941487
1583.675	0.00003373999180499492
1583.68	0.000034206429513828927
1583.685	0.00003545252262046809
1583.6899999999998	0.000035963225550143146
1583.695	0.000036064518058156106
1583.7	0.00003627555126536933
1583.705	0.000036620746849376415
1583.71	0.0000367324669048052
1583.715	0.000035999612142633524
1583.7199999999998	0.000035333104511923233
1583.7250000000001	0.00003494949487503616
1583.73	0.00003504244073382318
1583.735	0.000035816990675012304
1583.74	0.000036606831924913176
1583.745	0.000037080063865163426
1583.7499999999998	0.00003722518695820882
1583.755	0.00003718987165174909
1583.76	0.000037232674321757394
1583.765	0.00003728460520815881
1583.77	0.00003710887068371752
1583.7749999999999	0.00003661181117918208
1583.78	0.00003640472827143556
1583.785	0.00003678714598558485
1583.79	0.00003694005142252074
1583.795	0.000036598808989289056
1583.8	0.00003671905259046532
1583.8049999999998	0.00003767394501032836
1583.81	0.000038179815080564845
1583.815	0.00003773485790799596
1583.82	0.000037294077829749135
1583.825	0.000037702149595256985
1583.83	0.000038256969911450445
1583.8349999999998	0.00003844797016226204
1583.84	0.000038470752770081115
1583.845	0.00003806875306753012
1583.85	0.000036787519828712775
1583.855	0.00003528606692612036
1583.86	0.00003504324452838793
1583.8649999999998	0.00003629901007052634
1583.8700000000001	0.00003762740486262919
1583.875	0.00003787706383790316
1583.88	0.000037271865292894394
1583.885	0.00003677491438117642
1583.8899999999999	0.000036926726471255885
1583.895	0.00003747920977640884
1583.9	0.00003783735149665975
1583.905	0.000037702473793104616
1583.91	0.000036917469874093775
1583.915	0.00003579256998843966
1583.9199999999998	0.00003516696906454947
1583.925	0.00003543760066914487
1583.93	0.00003625852425170558
1583.935	0.00003680106422255174
1583.94	0.000037511659545347496
1583.945	0.00003835578032164628
1583.9499999999998	0.00003768959199937092
1583.955	0.0000370765483239666
1583.96	0.00003758635618740281
1583.965	0.000038089166054470075
1583.97	0.00003799591369027372
1583.975	0.000037921113602365536
1583.9799999999998	0.00003766365490640308
1583.985	0.00003714667521850851
1583.99	0.00003718615002829221
1583.9950000000001	0.00003786402919125919
1584	0.00003786139772636733
1584.0049999999999	0.00003696611223692973
1584.01	0.000036392448220197794
1584.015	0.00003670365337911408
1584.02	0.000036962271101577605
1584.025	0.000036028881090947315
1584.03	0.00003458739653345402
1584.0349999999999	0.00003416741748163177
1584.04	0.000034683720663713695
1584.045	0.00003559472619922923
1584.05	0.00003618997290424522
1584.055	0.000036100599891551707
1584.06	0.000036039536869146854
1584.0649999999998	0.00003610537409607789
1584.07	0.00003626687257683682
1584.075	0.00003633523090243028
1584.08	0.00003619724910432068
1584.085	0.000036207110324321714
1584.09	0.000036514458529423174
1584.0949999999998	0.0000369895063153554
1584.1	0.000037140817697894516
1584.105	0.00003664319471135959
1584.1100000000001	0.000035810867894051695
1584.115	0.00003546784864738586
1584.12	0.00003562131239372128
1584.125	0.00003531548912974209
1584.1299999999999	0.000034499646717187835
1584.135	0.00003456135876765045
1584.14	0.00003530781334327924
1584.145	0.000034933700813636777
1584.1499999999999	0.00003325060441457941
1584.155	0.000032162294950511695
1584.1599999999999	0.000032574699084622836
1584.165	0.000032865482213382524
1584.17	0.000032410614698705765
1584.175	0.00003225150062214807
1584.1799999999998	0.000032939614123093685
1584.185	0.000033700935295427084
1584.19	0.00003373237699412591
1584.195	0.00003315310713385055
1584.2	0.0000324772955157637
1584.205	0.00003210869310955213
1584.2099999999998	0.00003201777080196376
1584.215	0.000032126561526250164
1584.22	0.00003233828512134803
1584.2250000000001	0.00003253267983597782
1584.23	0.00003267379511917903
1584.235	0.00003282995861176317
1584.24	0.000032935323934952845
1584.245	0.00003309399132501222
1584.25	0.00003328639567653798
1584.255	0.00003345518486591772
1584.26	0.000033563445178698515
1584.2649999999999	0.0000335642229055872
1584.27	0.00003338150705424422
1584.2749999999999	0.0000332563831848753
1584.28	0.000033056382345849124
1584.285	0.00003282243522082577
1584.29	0.00003306326284610079
1584.2949999999998	0.000033711165745224237
1584.3	0.000033729154126659754
1584.3049999999998	0.00003324185513652797
1584.31	0.000032738762423623866
1584.315	0.000031834280894977275
1584.32	0.00003086088761596749
1584.3249999999998	0.00003076822629135346
1584.33	0.00003190433831499498
1584.335	0.00003323385625978998
1584.3400000000001	0.00003374030636698474
1584.345	0.000033398121195142824
1584.35	0.0000335156023622499
1584.355	0.00003386399741064771
1584.36	0.0000329929771778133
1584.365	0.00003203596407799268
1584.3700000000001	0.00003186893870838398
1584.375	0.00003277371161229615
1584.3799999999999	0.000033595354993567595
1584.385	0.00003251577889504343
1584.3899999999999	0.00003119927253621156
1584.395	0.00003041274429158074
1584.4	0.00003064516148155181
1584.405	0.00003186515478721046
1584.4099999999999	0.000032854955486073814
1584.415	0.00003334540060449985
1584.4199999999998	0.00003346034181644202
1584.425	0.00003340946722094614
1584.43	0.00003339441900607197
1584.435	0.000033385306733694386
1584.4399999999998	0.000032929689121205665
1584.445	0.00003208853142227968
1584.4499999999998	0.00003119106209929765
1584.4550000000002	0.00003113003262980933
1584.46	0.00003192360409075917
1584.465	0.00003264682337387079
1584.47	0.000032719215608200005
1584.475	0.00003294889527298958
1584.48	0.00003352124441622209
1584.4850000000001	0.00003373403160367161
1584.49	0.00003364303717979266
1584.495	0.00003351413729612307
1584.5	0.000033221895033483674
1584.5049999999999	0.00003305480643728235
1584.51	0.000033191957072808654
1584.515	0.00003286834549073888
1584.52	0.000031795495267363846
1584.5249999999999	0.000031390801013576834
1584.53	0.000032470908992567624
1584.5349999999999	0.00003345377362842563
1584.54	0.00003272071156199633
1584.545	0.00003149690309565539
1584.55	0.00003090892790369514
1584.555	0.000031249485946975264
1584.56	0.000032105580247810634
1584.5649999999998	0.00003276880928348058
1584.5700000000002	0.00003286585087352102
1584.575	0.000032610490746829195
1584.58	0.00003254521289765694
1584.585	0.00003279011988894434
1584.59	0.00003332796789566876
1584.5949999999998	0.00003365141580478194
1584.6000000000001	0.00003338220341636946
1584.605	0.00003210588356504922
1584.61	0.00003107074415203414
1584.615	0.00003216703602656076
1584.62	0.00003337491142129697
1584.6249999999998	0.00003200617136776939
1584.63	0.00003196049413735017
1584.635	0.00003346924297697092
1584.6399999999999	0.00003409663000951493
1584.645	0.00003392418215940608
1584.6499999999999	0.000033315631901263745
1584.655	0.000032171532546652895
1584.66	0.000031289872452380934
1584.665	0.00003175354326872881
1584.6699999999998	0.00003280273938209444
1584.675	0.00003271185157257649
1584.6799999999998	0.00003238667184493367
1584.685	0.00003269065325303895
1584.69	0.00003307443715487786
1584.695	0.000032941410759031086
1584.7	0.00003208957802138094
1584.705	0.000031842094612043776
1584.7099999999998	0.00003218170482318866
1584.7150000000001	0.000032673933473765764
1584.72	0.00003296995942689967
1584.725	0.00003283657049052
1584.73	0.000032845113952208524
1584.735	0.00003295449698320403
1584.7399999999998	0.00003309550101917726
1584.7450000000001	0.00003271051331114945
1584.75	0.000031964159256442656
1584.7549999999999	0.00003121373459432958
1584.76	0.00003083241364847645
1584.7649999999999	0.00003100899355334951
1584.77	0.00003160478009940211
1584.775	0.000032214709790423485
1584.78	0.000032112568525107404
1584.785	0.000031501664764497676
1584.79	0.00003120309386399064
1584.7949999999998	0.000031731677412399156
1584.8	0.000032536442810988596
1584.805	0.0000327173730527531
1584.81	0.000032322389032618355
1584.815	0.00003216108598280696
1584.82	0.0000320206427334653
1584.8249999999998	0.00003161319063944074
1584.83	0.00003135594179967002
1584.835	0.00003136645301745094
1584.84	0.000031472733310857566
1584.845	0.00003164630263682759
1584.85	0.0000317412041493488
1584.8549999999998	0.00003117084136184057
1584.8600000000001	0.000029876313981963527
1584.865	0.000028971185420599662
1584.87	0.00002902057726361428
1584.875	0.000029645256160174125
1584.8799999999999	0.0000300658736573558
1584.885	0.00003020712423835183
1584.89	0.000030356077096028596
1584.895	0.00003058436755320929
1584.9	0.00003073815059342404
1584.905	0.00003074867550602667
1584.9099999999999	0.000030568270008725064
1584.915	0.000030468966661286594
1584.92	0.00003058747283680054
1584.925	0.000030790475974134816
1584.93	0.00003096349243395138
1584.935	0.00003053118630645892
1584.9399999999998	0.000029939421393569926
1584.945	0.00002974604686263572
1584.95	0.000030284267149622834
1584.955	0.000030192912154374793
1584.96	0.000028981846701580697
1584.965	0.000028704553190017687
1584.9699999999998	0.000029819540114994122
1584.975	0.000029673429255803214
1584.98	0.0000289019761234596
1584.985	0.000028933968415727992
1584.99	0.000029399301662702116
1584.995	0.000029484557607379525
1585	0.000029432252643240332
1585.005	0.000029514345884590757
1585.01	0.000029470982590624677
1585.015	0.000029299604798108952
1585.02	0.000029315288871190267
1585.0249999999999	0.000029602534040365002
1585.03	0.000029573374419284934
1585.035	0.000028883473224269867
1585.04	0.000028583727989262955
1585.045	0.000028732829817620555
1585.05	0.00002868080935455684
1585.0549999999998	0.000028206364001752917
1585.06	0.000027641648117713657
1585.065	0.000027557860918313084
1585.07	0.00002802187883576045
1585.075	0.00002847894931473051
1585.08	0.000028799808716591297
1585.0849999999998	0.000028915212737890143
1585.09	0.000028839468785914634
1585.095	0.00002874918673338216
1585.1	0.00002864648671766511
1585.105	0.00002851789293812379
1585.11	0.000028383146295154565
1585.115	0.000028318085242062797
1585.12	0.000028369564078358115
1585.125	0.00002842533285729588
1585.13	0.000028207010544830064
1585.135	0.00002773476364579611
1585.1399999999999	0.000027467764830170378
1585.145	0.000027677850530368736
1585.1499999999999	0.000027851271995597318
1585.155	0.000027769794475945214
1585.16	0.000027787808582881403
1585.165	0.000027871998481369472
1585.1699999999998	0.00002738480694286219
1585.175	0.000026416396854347787
1585.18	0.000025966638854263292
1585.185	0.000026763009227414976
1585.19	0.00002774461791638663
1585.195	0.00002767670737039106
1585.1999999999998	0.00002729598777697037
1585.205	0.000027539732357049287
1585.21	0.000027908265672465595
1585.215	0.000027317767936816628
1585.22	0.000026410624521698702
1585.225	0.000025975586117899974
1585.23	0.00002634418878862334
1585.235	0.000027291716768581303
1585.24	0.000028268157020571913
1585.2450000000001	0.00002880515393595295
1585.25	0.000028916878863673652
1585.2549999999999	0.00002891138393359394
1585.26	0.0000288467892695236
1585.2649999999999	0.000028840562797203892
1585.27	0.00002886597243925866
1585.275	0.00002876414739143756
1585.28	0.000028698890522428885
1585.2849999999999	0.00002869975969459191
1585.29	0.000028745536553373217
1585.2949999999998	0.000028329125535908792
1585.3	0.000027919380493079005
1585.305	0.000028498275567122073
1585.31	0.000028230049743073924
1585.3149999999998	0.00002675718081242255
1585.32	0.000026697337654943904
1585.325	0.00002771696190459153
1585.33	0.00002791025989998743
1585.335	0.00002736180622763666
1585.34	0.000027315744757980793
1585.345	0.00002783750209919179
1585.35	0.000028192967874929333
1585.355	0.00002821841299242162
1585.3600000000001	0.000028297172172130486
1585.365	0.000028266884457045526
1585.37	0.00002790211832210271
1585.375	0.00002774460955568439
1585.3799999999999	0.00002760137411446638
1585.385	0.00002721752403735397
1585.39	0.00002642512195346789
1585.395	0.000026021505807953136
1585.3999999999999	0.00002647702046370765
1585.405	0.000027194133183107718
1585.4099999999999	0.00002785416287243774
1585.415	0.000028057283355830237
1585.42	0.000028109005083105582
1585.425	0.000028166704836241338
1585.4299999999998	0.000028201598634435832
1585.435	0.000028074580496938197
1585.4399999999998	0.00002759108714957462
1585.445	0.00002697571628737208
1585.45	0.000026530644450491275
1585.455	0.000026559457414815393
1585.46	0.000026993185540802348
1585.465	0.000027169016136360772
1585.47	0.000026608983705493124
1585.4750000000001	0.00002559681588287762
1585.48	0.000025264962143806444
1585.485	0.000026238686670024422
1585.49	0.000027198378713070953
1585.495	0.00002700857031125056
1585.5	0.000026419139730872288
1585.505	0.000026415736208772148
1585.51	0.000026748880805950622
1585.5149999999999	0.000026832016217521412
1585.52	0.00002717133793412284
1585.5249999999999	0.00002782303656730799
1585.53	0.000027992917476955946
1585.535	0.00002769753184630515
1585.54	0.000027753761626931875
1585.5449999999998	0.00002785884861918872
1585.55	0.00002733162039450559
1585.5549999999998	0.000026788105328613966
1585.56	0.000026971329718773866
1585.565	0.000027641364887026554
1585.57	0.000028138399735807142
1585.575	0.00002803554531201411
1585.58	0.000027724074020669183
1585.5849999999998	0.000027516605286415847
1585.5900000000001	0.000027608754409509713
1585.595	0.000027784400473084226
1585.6	0.00002778184510701874
1585.605	0.00002744573711166656
1585.61	0.00002669455910995818
1585.6149999999998	0.000025910147386203544
1585.6200000000001	0.000025672663495504036
1585.625	0.000026404464117772273
1585.6299999999999	0.000027398315056096772
1585.635	0.000027432017967822337
1585.6399999999999	0.000027076309713725985
1585.645	0.000026984451219674934
1585.65	0.00002648148445505039
1585.655	0.000026361646024879578
1585.66	0.000026725629715091397
1585.665	0.000026927531324145036
1585.6699999999998	0.00002681093257254617
1585.675	0.000026956880591107768
1585.68	0.000026947251177957558
1585.685	0.00002657347405048867
1585.69	0.00002640097229158349
1585.695	0.00002645217230292203
1585.6999999999998	0.000026270396792354905
1585.7050000000002	0.000025838988217244254
1585.71	0.000025640886840118182
1585.715	0.000026179966004488252
1585.72	0.00002650290035162078
1585.725	0.000026522642830313612
1585.7299999999998	0.000026336131521983296
1585.7350000000001	0.000026257272981373088
1585.74	0.000026278270517757566
1585.745	0.00002617999163983211
1585.75	0.000025912136502253533
1585.7549999999999	0.000025452135481971565
1585.7599999999998	0.000025278097209087064
1585.765	0.000025250005991585158
1585.77	0.00002531782262355581
1585.775	0.000025464331783182317
1585.78	0.00002552996570774102
1585.7849999999999	0.000025660363970376118
1585.79	0.00002587439662103092
1585.795	0.000026120259853840587
1585.8	0.000026166824718878662
1585.805	0.00002567266999559339
1585.81	0.00002476068120374953
1585.8149999999998	0.000024135471972418442
1585.82	0.00002456184217711419
1585.825	0.00002577395231439516
1585.83	0.00002615194743526482
1585.835	0.00002581310857562027
1585.84	0.000025726706544856378
1585.8449999999998	0.000025918029228139208
1585.8500000000001	0.000025561443269884785
1585.855	0.000025127104335019328
1585.86	0.00002539466517039867
1585.865	0.000025585844775101946
1585.87	0.00002488691875092844
1585.8749999999998	0.000023922071980005255
1585.88	0.000023824456607962823
1585.885	0.00002448037968053598
1585.89	0.00002500996755049697
1585.895	0.000025292336190695618
1585.8999999999999	0.00002550748895214716
1585.905	0.00002555956597495619
1585.91	0.00002553782747036801
1585.915	0.000025460059493690536
1585.92	0.00002546946204231475
1585.925	0.000025556641031232884
1585.9299999999998	0.00002559475884183723
1585.935	0.000025431195372247536
1585.94	0.00002501681657474859
1585.945	0.00002452299506476948
1585.95	0.000024063968717074747
1585.955	0.000023905923078755047
1585.9599999999998	0.000024268843482518578
1585.965	0.000024618076456380507
1585.97	0.000024544348014980895
1585.975	0.000024849427873628444
1585.98	0.000025002847244160878
1585.985	0.00002437676954474575
1585.9899999999998	0.00002407928970784711
1585.9950000000001	0.000024193276428513563
1586	0.000023858418133727
1586.005	0.000023128039216817916
1586.01	0.000023061950515263325
1586.0149999999999	0.000023576065448446277
1586.02	0.000023998431631632152
1586.025	0.00002416309009544647
1586.03	0.000024190052011652232
1586.035	0.00002389326852430736
1586.04	0.000023044237030314242
1586.0449999999998	0.000021365973056096144
1586.05	0.00002318842891500235
1586.055	0.00002389099116936745
1586.06	0.000024147753785554148
1586.065	0.00002378691721456755
1586.07	0.00002163106266572806
1586.0749999999998	0.000021773880512166566
1586.08	0.000021980158783616426
1586.085	0.000022081203390420714
1586.09	0.000022030525768181543
1586.095	0.00002203642517306576
1586.1	0.00002211910515155096
1586.1049999999998	0.000022179768896809018
1586.11	0.000022108314436047403
1586.115	0.000021830607590487962
1586.1200000000001	0.00002147630547599068
1586.125	0.000021289822008638473
1586.1299999999999	0.000021236010079638182
1586.135	0.00002112045724654737
1586.14	0.00002084472119363486
1586.145	0.00002071273734326682
1586.15	0.00002108424474775129
1586.155	0.000021584168110152174
1586.1599999999999	0.00002135674468285991
1586.165	0.000020681269510708097
1586.17	0.000020844984146402354
1586.175	0.00002163895017272928
1586.18	0.00002186197528619127
1586.185	0.00002144383945745945
1586.1899999999998	0.00002147943013535853
1586.195	0.00002201561515743099
1586.2	0.00002201298944215311
1586.205	0.00002155989955006503
1586.21	0.00002159200041288301
1586.215	0.00002383598788742791
1586.2199999999998	0.000024123997264091727
1586.225	0.000023768223987159678
1586.23	0.000021728287618169583
1586.2350000000001	0.000021852078679402667
1586.24	0.000023691158221281577
1586.245	0.00002391794221254609
1586.25	0.000024006339197643213
1586.2549999999999	0.000024080615208767765
1586.26	0.000024018970285118764
1586.265	0.00002364700572494596
1586.27	0.00002142309160237671
1586.2749999999999	0.00002052214260865591
1586.28	0.000019834157683572132
1586.2849999999999	0.00001959142746890992
1586.29	0.00002000685700534303
1586.295	0.000021279089908029908
1586.3	0.000022137570990701225
1586.3049999999998	0.00002176330294720381
1586.31	0.000021286961141337017
1586.315	0.00002295140629922597
1586.32	0.000023735691285360547
1586.325	0.000023563049583313632
1586.33	0.000023599652467728472
1586.3349999999998	0.0000231078695682766
1586.34	0.000021831554840449818
1586.345	0.000022314832055607726
1586.3500000000001	0.00002311387917216609
1586.355	0.00002311981903723636
1586.36	0.00002244633038026421
1586.365	0.000022240776034090277
1586.37	0.00002284517280209205
1586.375	0.000022936060611610073
1586.38	0.000021975888899509154
1586.385	0.000021214588008988116
1586.3899999999999	0.000021041594363798258
1586.395	0.000020991832965359722
1586.3999999999999	0.00002072665895775208
1586.405	0.000020445280260212188
1586.41	0.00002045884681772022
1586.415	0.000020713020691849587
1586.4199999999998	0.000021138342494211448
1586.425	0.000021549317963924802
1586.4299999999998	0.00002189530649953382
1586.435	0.00002270551628735681
1586.44	0.000022821835807858007
1586.445	0.000022863084890640274
1586.4499999999998	0.00002262375912004253
1586.455	0.00002198501832809749
1586.46	0.00002192097378546879
1586.4650000000001	0.000021981007883747585
1586.47	0.00002241815022066394
1586.475	0.000022781477004673683
1586.48	0.000022882271330288135
1586.485	0.000022744832709250435
1586.49	0.0000226335944639714
1586.4950000000001	0.000022631838825755154
1586.5	0.000021899853062537474
1586.5049999999999	0.000021379740416965183
1586.51	0.000021354365108925406
1586.5149999999999	0.00002227985991652784
1586.52	0.00002289767135034729
1586.525	0.000022787574679990787
1586.53	0.000022519550810117368
1586.5349999999999	0.000022554529805762465
1586.54	0.000022750940890561474
1586.5449999999998	0.000022499244695830045
1586.55	0.000022366947353143326
1586.555	0.00002266261425844215
1586.56	0.00002315512781332011
1586.5649999999998	0.000023310596595010016
1586.57	0.00002327749098786661
1586.5749999999998	0.000023227839317152186
1586.5800000000002	0.000023089320192597824
1586.585	0.00002280514179922151
1586.59	0.00002243995271205626
1586.595	0.000022049621314407507
1586.6	0.00002237610997745268
1586.605	0.000022635389895585767
1586.6100000000001	0.000022996449158170812
1586.615	0.000023301835675334477
1586.62	0.000023466132395523213
1586.625	0.00002357880603363726
1586.6299999999999	0.00002371855399994951
1586.635	0.000023717899491023888
1586.64	0.000023057900692567475
1586.645	0.0000212740927991233
1586.6499999999999	0.00002149474539446014
1586.655	0.00002341066492340814
1586.6599999999999	0.00002378155476126056
1586.665	0.00002392991078097403
1586.67	0.000024063972505374214
1586.675	0.000023872455882682053
1586.6799999999998	0.000023295369165254518
1586.685	0.000021388537467558367
1586.6899999999998	0.000020687349089584185
1586.6950000000002	0.00002061931301251661
1586.7	0.00002136375724672718
1586.705	0.000023360690180247436
1586.71	0.000023498763753570927
1586.715	0.000021537789495348963
1586.7199999999998	0.000021311410261398973
1586.7250000000001	0.00002179679584832565
1586.73	0.000022064082308302888
1586.735	0.00002215057657171722
1586.74	0.000023490336226474438
1586.745	0.00002361408347482063
1586.7499999999998	0.000023737830723163256
1586.755	0.000023489511327463113
1586.76	0.00002199697965919305
1586.7649999999999	0.000021990157848774885
1586.77	0.000022076520479254043
1586.7749999999999	0.00002197825193245515
1586.78	0.00002167663868364513
1586.785	0.000021155948827309175
1586.79	0.0000207211942236749
1586.7949999999998	0.00002060902644622838
1586.8	0.000020852730221907453
1586.8049999999998	0.000021272934867757937
1586.81	0.000021628672371455706
1586.815	0.000021720296529180102
1586.82	0.000021528126175271357
1586.825	0.000021325834757625182
1586.83	0.000021183335471460975
1586.8349999999998	0.000020897003562524292
1586.8400000000001	0.000020472848387716934
1586.845	0.000020579655888584906
1586.85	0.00002107068905655494
1586.855	0.00002124518688744693
1586.86	0.00002097067831173591
1586.8649999999998	0.00002088053981130748
1586.8700000000001	0.00002108467618731016
1586.875	0.000020818675798236676
1586.8799999999999	0.000020279756489980586
1586.885	0.00002018733097947359
1586.8899999999999	0.00002052656175375258
1586.895	0.000020745660271309736
1586.9	0.000020802400367821875
1586.905	0.00002082366195151032
1586.9099999999999	0.000020416858054357593
1586.915	0.000019591803453571245
1586.9199999999998	0.000018840719543112636
1586.925	0.000018577118423465314
1586.93	0.00001882974803930819
1586.935	0.00001933726535715818
1586.94	0.000019798752038537068
1586.945	0.00002005557466551001
1586.9499999999998	0.00002004859860290539
1586.955	0.00001988395011131538
1586.96	0.000019798316277306373
1586.965	0.00001982520529254326
1586.97	0.0000199616759644458
1586.975	0.00002004985854343567
1586.9799999999998	0.00002004157643226844
1586.9850000000001	0.00002027053601921713
1586.99	0.00002014502312494681
1586.995	0.00001942992969212762
1587	0.000019714180430759046
1587.0049999999999	0.000020079685320703166
1587.01	0.000019145911680738417
1587.015	0.000018599031154800967
1587.02	0.00001915972698181966
1587.025	0.000019433045815722623
1587.03	0.000018574148199238202
1587.0349999999999	0.000017877290684855667
1587.04	0.00001829889530090534
1587.045	0.00001947212320680268
1587.05	0.00001999114152701375
1587.055	0.000019559290319872767
1587.06	0.000019481406694729402
1587.0649999999998	0.000019600708681618074
1587.07	0.000019690674033190488
1587.075	0.000019669838931677648
1587.08	0.00001973471333311855
1587.085	0.000019607184210407738
1587.09	0.00001912361135820933
1587.0949999999998	0.000018489728004823717
1587.1	0.000017958808903246035
1587.105	0.000018156817268498696
1587.11	0.00001886620260491611
1587.115	0.00001958862741974216
1587.12	0.000020104676035478983
1587.125	0.000020283566172979253
1587.13	0.00002012289609344393
1587.135	0.0000200297035368227
1587.14	0.000020160446151049488
1587.145	0.000020373214697529767
1587.1499999999999	0.00002043636159842777
1587.155	0.00002032165791469927
1587.16	0.000020341590807751914
1587.165	0.000020559053280469264
1587.17	0.000020328964031888662
1587.175	0.00001945306556534803
1587.1799999999998	0.000019088903712430174
1587.185	0.000019685274060594018
1587.19	0.000020098085500504124
1587.195	0.0000197831379476794
1587.2	0.000019501889607234474
1587.205	0.00002003927085454904
1587.2099999999998	0.00002056343832545544
1587.215	0.000020154369266439363
1587.22	0.00001982240351309302
1587.225	0.00002014614181373771
1587.23	0.000020178631211977
1587.235	0.000019753632415671526
1587.24	0.000019773308673555942
1587.245	0.000020221085845206955
1587.25	0.00002027278698193171
1587.255	0.000019817166755100885
1587.26	0.00001928902150490092
1587.2649999999999	0.00001906010637795137
1587.27	0.00001920260742149387
1587.275	0.000019530955835958723
1587.28	0.000019824424187904676
1587.285	0.00001990632149062739
1587.29	0.00001978935690533697
1587.2949999999998	0.000019719778732956048
1587.3	0.000019794482104597692
1587.305	0.000020084582711320222
1587.31	0.000020514502264279538
1587.315	0.000020558830650056326
1587.32	0.000020423371686616507
1587.3249999999998	0.00002060507524948757
1587.33	0.000020253581981451184
1587.335	0.00001992246225441013
1587.34	0.00002028491098809898
1587.345	0.00001996786349741962
1587.35	0.000018568448202429885
1587.355	0.000018259911438801754
1587.36	0.000019357436125273134
1587.365	0.00001978514139267137
1587.3700000000001	0.000018778367811291832
1587.375	0.000018641401164042465
1587.3799999999999	0.000019463930201863425
1587.385	0.000019655118144827137
1587.3899999999999	0.000019203674761494874
1587.395	0.000018973584211861507
1587.4	0.00001948800040048907
1587.405	0.000020141137418671944
1587.4099999999999	0.00002008048708357231
1587.415	0.00001993646244117348
1587.4199999999998	0.000019847600662863596
1587.425	0.00001979434228207392
1587.43	0.000019090850620825057
1587.435	0.000018494471143641397
1587.4399999999998	0.000018249304560509937
1587.445	0.000018611097418802306
1587.45	0.000019409452555941398
1587.455	0.00001989558594292763
1587.46	0.00001990022806944256
1587.465	0.000019413143417889874
1587.47	0.00001882244479898656
1587.475	0.000018563196351279614
1587.48	0.000018793753594766204
1587.4850000000001	0.000019246014283406216
1587.49	0.000019446638921121827
1587.495	0.000019103275388663066
1587.5	0.00001867724912161428
1587.5049999999999	0.000018993437718000842
1587.51	0.000019646208333100782
1587.515	0.00001973226898987859
1587.52	0.000019138363992213654
1587.5249999999999	0.00001903079464513548
1587.53	0.000019667562917573347
1587.5349999999999	0.00001976830010751822
1587.54	0.00001927299681271669
1587.545	0.000019173762297899975
1587.55	0.00001951150180953062
1587.5549999999998	0.000019516182602409092
1587.56	0.000019227928202924096
1587.5649999999998	0.00001918873161471607
1587.57	0.000019166971937164526
1587.575	0.000018830871604222584
1587.58	0.000018446098129585576
1587.585	0.000018437882786145745
1587.59	0.000018778716963051952
1587.595	0.000019155788482688983
1587.6000000000001	0.000019317344377011294
1587.605	0.00001926181363395941
1587.61	0.000019129422063238792
1587.615	0.000018977965668325127
1587.62	0.000018844805310331357
1587.625	0.000018714325325298263
1587.63	0.00001861127866035198
1587.635	0.000018585625659735262
1587.6399999999999	0.000018584587569924495
1587.645	0.000018430822277239823
1587.6499999999999	0.000017793266407876422
1587.655	0.00001722947514292475
1587.66	0.00001772967783790397
1587.665	0.00001842977870296448
1587.6699999999998	0.000017497764793493555
1587.675	0.000017007260802280933
1587.6799999999998	0.000017651216547045443
1587.685	0.000017914798708986958
1587.69	0.000017761131424382168
1587.695	0.000018053498711279587
1587.7	0.000018505735390036657
1587.705	0.000018395665328859734
1587.7099999999998	0.000018086660402271476
1587.7150000000001	0.00001812385108206082
1587.72	0.000018100215588498828
1587.725	0.000017576459777276435
1587.73	0.00001730559178004458
1587.735	0.000017575884911841435
1587.74	0.000018029924762427194
1587.7450000000001	0.000018294961769817017
1587.75	0.000018222351119429527
1587.7549999999999	0.00001827714600974711
1587.76	0.000018381024104453726
1587.7649999999999	0.000018425816364050325
1587.77	0.00001838114440118998
1587.775	0.000018376536294701066
1587.78	0.000018453325240017204
1587.7849999999999	0.000018489387405309572
1587.79	0.000018413495288030442
1587.7949999999998	0.000018157216734097167
1587.8	0.000017920378369788485
1587.805	0.000017821583883931582
1587.81	0.00001787383299093135
1587.815	0.000018011843404380868
1587.82	0.00001809373144942381
1587.8249999999998	0.000018033984660316575
1587.8300000000002	0.000017910815343834792
1587.835	0.000017966017263422158
1587.84	0.000018125834318373906
1587.845	0.000017883174118365198
1587.85	0.000017036523936451066
1587.8549999999998	0.000016332140473802995
1587.8600000000001	0.000016463916207768346
1587.865	0.00001715433084034445
1587.87	0.000017627613223020603
1587.875	0.00001769747163117776
1587.8799999999999	0.000017667049727766334
1587.8849999999998	0.00001766515150227633
1587.89	0.000017527775526047583
1587.895	0.0000174198593640356
1587.9	0.000017659100466844335
1587.905	0.00001789204047462583
1587.9099999999999	0.000017810015963774276
1587.915	0.00001770039972322561
1587.92	0.000017709047816066247
1587.925	0.000017444019165825422
1587.93	0.00001676204696049364
1587.935	0.00001606098986353863
1587.9399999999998	0.00001582925424247188
1587.945	0.000016107087630180344
1587.95	0.000016632508996463636
1587.955	0.000017206599603874013
1587.96	0.000017413703030101017
1587.965	0.000017224114739922997
1587.9699999999998	0.000016750231016155828
1587.9750000000001	0.000016228857723130237
1587.98	0.00001590170364529948
1587.985	0.000015963617312022002
1587.99	0.000016611968197031694
1587.995	0.00001738095682346216
1587.9999999999998	0.000017784029964821675
1588.005	0.00001779090899834904
1588.01	0.000017547578761381346
1588.015	0.000017288138841776934
1588.02	0.000016896196544351685
1588.0249999999999	0.000016483054499503466
1588.0299999999997	0.00001673829384760201
1588.035	0.000017381166771171036
1588.04	0.00001746343383083493
1588.045	0.00001699289613661746
1588.05	0.000016996790051214365
1588.0549999999998	0.00001743594834377453
1588.06	0.0000173312376406392
1588.065	0.00001697551400303933
1588.07	0.000016984052253475434
1588.075	0.00001724469223969202
1588.08	0.00001736779115490527
1588.0849999999998	0.000017047423113128757
1588.09	0.000017121455491353935
1588.095	0.00001740393593120723
1588.1	0.000017478746690459342
1588.105	0.000017100073496040873
1588.11	0.000016502348148221144
1588.1149999999998	0.000016377020645489203
1588.1200000000001	0.000016623077386780174
1588.125	0.00001712180648557794
1588.13	0.000017393316233585946
1588.135	0.000017232852814870192
1588.1399999999999	0.000016990039443706705
1588.145	0.00001683969460015191
1588.15	0.000016955307859541113
1588.155	0.000017381087726863326
1588.16	0.000017813954739585436
1588.165	0.000017871398075142706
1588.1699999999998	0.00001753694584854542
1588.175	0.000017326006132254016
1588.18	0.000017555062770194225
1588.185	0.000017748704469932747
1588.19	0.000017526430359799966
1588.195	0.000017197642032478283
1588.1999999999998	0.00001740039019976325
1588.205	0.000017768995664177736
1588.21	0.00001787882637855787
1588.215	0.00001783718002789038
1588.22	0.000017796552580540133
1588.225	0.00001766334221697345
1588.2299999999998	0.000017568268065584424
1588.235	0.000017556377520645973
1588.24	0.000017215015292247524
1588.2450000000001	0.00001654178790306079
1588.25	0.000016167814248615825
1588.2549999999999	0.00001647267002692852
1588.26	0.000016987865417630548
1588.265	0.00001714689296267625
1588.27	0.000016949594646736846
1588.275	0.00001672000418680927
1588.28	0.000016702504715292475
1588.2849999999999	0.00001688148808630638
1588.29	0.000017101887036683764
1588.295	0.000017250311785198688
1588.3	0.00001729033385029373
1588.305	0.000017262186274074394
1588.31	0.000017190963034856508
1588.3149999999998	0.00001700732799244268
1588.32	0.00001672758953219576
1588.325	0.000016119719716581494
1588.33	0.000015607435803923532
1588.335	0.000015962291251326686
1588.34	0.000016791120504341974
1588.3449999999998	0.000017003327567073394
1588.35	0.000016939308280339507
1588.355	0.00001687011537326472
1588.3600000000001	0.00001646141153836135
1588.365	0.000016143868295969445
1588.37	0.000016261350163888542
1588.375	0.000016434970631726576
1588.3799999999999	0.000016326095357416403
1588.385	0.000016276552330808475
1588.39	0.00001656980292378505
1588.395	0.00001689175788215289
1588.3999999999999	0.00001683449838936595
1588.405	0.00001673211571456906
1588.4099999999999	0.00001660260518162443
1588.415	0.000016391794650623156
1588.42	0.0000160829191011776
1588.425	0.00001605141140626378
1588.4299999999998	0.00001632241710053633
1588.435	0.0000165482114605741
1588.44	0.000016582486282351515
1588.445	0.000016338946009062273
1588.45	0.000016218692792353477
1588.455	0.00001621161112453607
1588.4599999999998	0.000016305348611760567
1588.465	0.00001633658065981965
1588.47	0.000016216554721703297
1588.4750000000001	0.000016016469485228557
1588.48	0.000015828195411636706
1588.485	0.000015765450382711823
1588.49	0.00001579643327663668
1588.495	0.000015737821172102093
1588.5	0.00001540927369597071
1588.505	0.000014988719675350429
1588.51	0.000014697142483256285
1588.5149999999999	0.00001484164359948697
1588.52	0.00001529496595661714
1588.5249999999999	0.000015617798415424025
1588.53	0.000015714253784648416
1588.535	0.000015656793012424347
1588.54	0.000015459411378511807
1588.5449999999998	0.000014969107803036995
1588.55	0.000014655927888005544
1588.5549999999998	0.000014800926616098507
1588.56	0.000015157165228574425
1588.565	0.000015203905372887121
1588.57	0.000015020760639175615
1588.5749999999998	0.000015046014731764112
1588.58	0.00001523901282708267
1588.585	0.000015346420474891618
1588.5900000000001	0.00001538158855306958
1588.595	0.000015372199349463845
1588.6	0.000015281658461476494
1588.605	0.000015106222998140077
1588.61	0.000014909963280270736
1588.615	0.00001476788222826455
1588.6200000000001	0.000014669824663037932
1588.625	0.000014627505549745408
1588.6299999999999	0.000014623671218537483
1588.635	0.00001468518393593266
1588.6399999999999	0.000014814161449121818
1588.645	0.000015018760519394935
1588.65	0.000015291550696157498
1588.655	0.000015537156719032405
1588.6599999999999	0.000015644632756698327
1588.665	0.000015654555681976493
1588.6699999999998	0.00001566925429236279
1588.675	0.00001561089711007714
1588.68	0.0000153758741437176
1588.685	0.0000153767007223422
1588.6899999999998	0.00001550711198498373
1588.695	0.000015259960636142472
1588.6999999999998	0.000015171098741872832
1588.7050000000002	0.000015639858894000353
1588.71	0.000015615472807197462
1588.715	0.000014871578183067718
1588.72	0.000014471162346655476
1588.725	0.000015025766128149523
1588.73	0.000015689156927250527
1588.7350000000001	0.000015654181983674755
1588.74	0.000015654539749935433
1588.745	0.00001575137841940318
1588.75	0.000015514158757793757
1588.7549999999999	0.000015243659644778751
1588.76	0.000015180551622488856
1588.765	0.000015431786241232217
1588.77	0.000015370259081836473
1588.7749999999999	0.00001515716391437706
1588.78	0.000014986613976376801
1588.7849999999999	0.000015082396949554121
1588.79	0.00001518628897583414
1588.795	0.000015062647336790553
1588.8	0.000014710830179617447
1588.8049999999998	0.000014181826720406853
1588.81	0.000013876440083193824
1588.8149999999998	0.000013861206156551462
1588.8200000000002	0.000014118011060559389
1588.825	0.000014568473991777453
1588.83	0.000014933240663766477
1588.835	0.000015006530520285974
1588.84	0.000014773416073049108
1588.8449999999998	0.0000145737756221429
1588.8500000000001	0.000014642717218523444
1588.855	0.000014933017664036247
1588.86	0.000014921079055945138
1588.865	0.000014661465255845319
1588.87	0.000014622005330295834
1588.8749999999998	0.000014831310301638977
1588.88	0.000014854870653347404
1588.885	0.000014576230567794906
1588.8899999999999	0.000014477137108510445
1588.895	0.000014619792202743314
1588.8999999999999	0.000014542123560850319
1588.905	0.000014251230314371715
1588.91	0.00001420284158681845
1588.915	0.000014484289175631947
1588.9199999999998	0.000014754079026400591
1588.925	0.000014864473585946511
1588.9299999999998	0.000014883513525510412
1588.9350000000002	0.000014544683848408671
1588.94	0.000013727692295150235
1588.945	0.000012870311739451082
1588.95	0.000012553295865273167
1588.955	0.000012819348800900095
1588.9599999999998	0.000013390577876438606
1588.9650000000001	0.000013981258868916192
1588.97	0.00001436958198615983
1588.975	0.000014374717854064745
1588.98	0.000014181319192917283
1588.985	0.000014056311547424519
1588.9899999999998	0.000014144493121328427
1588.9950000000001	0.000014449172372091542
1589	0.000014637422536738944
1589.0049999999999	0.000014397293070626062
1589.01	0.000013999650318583819
1589.0149999999999	0.000014197610751040667
1589.02	0.000014326489726506616
1589.025	0.000014075622608133803
1589.03	0.000014200341969851888
1589.0349999999999	0.000014335432954331628
1589.04	0.000014215414946899373
1589.0449999999998	0.000014272580260105248
1589.05	0.00001434506965065806
1589.055	0.000014111858912083642
1589.06	0.000013988017742328957
1589.065	0.00001417928405532885
1589.07	0.000014194751326937844
1589.0749999999998	0.000013795129891825895
1589.08	0.000013502894549481297
1589.085	0.000013988361599741216
1589.09	0.000014226261454022295
1589.095	0.000013840353916649615
1589.1	0.000013466970703772022
1589.1049999999998	0.000013453939280505078
1589.1100000000001	0.000013779727500888105
1589.115	0.000013481501308306748
1589.12	0.000012946016004354205
1589.125	0.000012628828116450542
1589.1299999999999	0.000012812336962555937
1589.135	0.00001356091149824561
1589.14	0.000014180529969115222
1589.145	0.000014389487293385438
1589.1499999999999	0.000014211969288100673
1589.155	0.000013874015623098562
1589.1599999999999	0.0000137379258098226
1589.165	0.000013935460878826035
1589.17	0.00001428100334533399
1589.175	0.000014387303947223101
1589.18	0.000014164134670958853
1589.185	0.000014086233325709136
1589.1899999999998	0.000014395142679388116
1589.195	0.000014480124940264532
1589.2	0.000014074984842991697
1589.205	0.00001389188818047715
1589.21	0.000014207723975712264
1589.215	0.00001388552935226079
1589.2199999999998	0.000013051227988702311
1589.225	0.00001287625872743054
1589.23	0.000013496514850763921
1589.235	0.000014064384881177553
1589.24	0.000013988922956208687
1589.245	0.000013824491209631085
1589.25	0.000013850469609939351
1589.255	0.000013794491005212378
1589.26	0.000013668938486143416
1589.265	0.000013699277727224084
1589.27	0.000013810904982561373
1589.2749999999999	0.0000137794575226057
1589.28	0.000013573762905427351
1589.285	0.000013403396037516252
1589.29	0.000013394606868889552
1589.295	0.000013473708585814879
1589.3	0.000013430929244197042
1589.3049999999998	0.000013258005558757696
1589.31	0.000013004114162267336
1589.315	0.000012784800103707404
1589.32	0.000012733781099835574
1589.325	0.000012882710531486491
1589.33	0.000013066994293378614
1589.3349999999998	0.000012919553539909497
1589.34	0.000012448952941455416
1589.345	0.000012465497198592458
1589.35	0.000013031826215369273
1589.355	0.00001238629060376546
1589.36	0.000011700929176462666
1589.365	0.000012070099531242993
1589.37	0.000012662403188186822
1589.375	0.000012709721807859305
1589.38	0.000012746494728339887
1589.385	0.000012894769691121323
1589.3899999999999	0.000012598125123931934
1589.395	0.000012150006556504555
1589.4	0.000012185840425345972
1589.405	0.000012461080393154954
1589.41	0.000012547423554935313
1589.415	0.00001251543077461588
1589.4199999999998	0.000012545690050679225
1589.425	0.000012650595211779116
1589.43	0.000012341940876159358
1589.435	0.000012045655289563528
1589.44	0.000011944466182568014
1589.445	0.000012158313799307051
1589.4499999999998	0.000012293540482793126
1589.455	0.000012190041302303034
1589.46	0.000011973557759018666
1589.465	0.000011849142227550366
1589.47	0.000011958514815983512
1589.475	0.000012096505864124956
1589.48	0.000012192114512719195
1589.485	0.000012109890083133036
1589.49	0.000011865500478192191
1589.4950000000001	0.000011672861055254298
1589.5	0.000011628234353431365
1589.5049999999999	0.000011734601318381969
1589.51	0.000011915311248354976
1589.5149999999999	0.000012014414580913559
1589.52	0.000011928896919769238
1589.525	0.000011845035813039428
1589.53	0.000011857678831210265
1589.5349999999999	0.00001179345791950075
1589.54	0.000011506278831972857
1589.5449999999998	0.000011439993062133456
1589.55	0.00001167521885571038
1589.555	0.000011883845996740813
1589.56	0.00001180815735262034
1589.5649999999998	0.000011709683603396521
1589.57	0.000011860668532948887
1589.575	0.00001195281039159639
1589.58	0.0000119186207304182
1589.585	0.000012024679873481584
1589.59	0.000012211903688247294
1589.595	0.000012082817217594987
1589.6	0.000011683985477463693
1589.605	0.000011561103355042584
1589.6100000000001	0.000011676671683266845
1589.615	0.000011778325243895382
1589.62	0.00001181193252510818
1589.625	0.000011866291325589279
1589.6299999999999	0.000012029614682835266
1589.635	0.000012285205436244114
1589.64	0.000012519424627405998
1589.645	0.00001266879239450059
1589.6499999999999	0.000012719452752476246
1589.655	0.000012688618947981716
1589.6599999999999	0.000012654612899053417
1589.665	0.000012672148295157143
1589.67	0.000012738819348441629
1589.675	0.000012643703821173958
1589.6799999999998	0.000012258348792375411
1589.685	0.000011972816198895017
1589.6899999999998	0.000012354523552426462
1589.695	0.000012703067622404926
1589.7	0.000012716018754589319
1589.705	0.000012820797401460623
1589.71	0.00001280465600464277
1589.715	0.000012628082894999806
1589.72	0.000012574160899548398
1589.7250000000001	0.000012617665068118646
1589.73	0.000012543482160945806
1589.735	0.000012449167312276276
1589.74	0.000012355585605031004
1589.745	0.000012173244863292913
1589.75	0.00001200556665461635
1589.755	0.000012062190191919923
1589.76	0.000012285482143152316
1589.7649999999999	0.000011963318896709577
1589.77	0.000011570343206510696
1589.7749999999999	0.000011431595764441459
1589.78	0.000011584642849415543
1589.785	0.000011722179118655445
1589.79	0.00001125730018271372
1589.7949999999998	0.000010748214589404456
1589.8	0.000010395589174039317
1589.8049999999998	0.000010444020466518778
1589.81	0.000010886397839772055
1589.815	0.000011381759479794411
1589.82	0.000011794155702575063
1589.825	0.00001201477615952304
1589.83	0.000011977791326248591
1589.8349999999998	0.000011923946770289738
1589.8400000000001	0.000011943323536858068
1589.845	0.000011982221837615895
1589.85	0.000011920365257197578
1589.855	0.000011709634120128495
1589.86	0.00001152032278194124
1589.865	0.00001162106685408896
1589.8700000000001	0.000011856109720876097
1589.875	0.000011814936154161095
1589.8799999999999	0.000011587905439138321
1589.885	0.000011647532892574227
1589.8899999999999	0.000011962513231910885
1589.895	0.000011919823847056175
1589.9	0.00001145689789274233
1589.905	0.000011211735084856274
1589.9099999999999	0.000011411605072783257
1589.915	0.00001181294699181589
1589.9199999999998	0.000012063871633512723
1589.925	0.000012117351900810491
1589.93	0.00001204069658101087
1589.935	0.000011811109737613405
1589.94	0.000011578420570921181
1589.945	0.000011456889320105208
1589.9499999999998	0.00001139639651014991
1589.9550000000002	0.00001133125778594478
1589.96	0.00001130621952040604
1589.965	0.000011375943464928778
1589.97	0.000011565065446772986
1589.975	0.000011791626959403257
1589.9799999999998	0.000011983513594272431
1589.9850000000001	0.000012089313329076876
1589.99	0.000012128396355921758
1589.995	0.000012122251570618424
1590	0.000012077885768101017
1590.0049999999999	0.000012032938277639794
1590.0099999999998	0.000011916591888003727
1590.015	0.00001163285664688668
1590.02	0.000011436381857346702
1590.0249999999999	0.000011697281532404663
1590.03	0.000011982296163678374
1590.0349999999999	0.00001161442090001762
1590.04	0.000011614439591026487
1590.045	0.000012096768737778402
1590.05	0.000012322837669264856
1590.055	0.00001233706421533691
1590.06	0.000012321937763960907
1590.0649999999998	0.000012049202145352877
1590.07	0.000011705643066131326
1590.075	0.000011868797080470592
1590.08	0.00001235358049386964
1590.085	0.0000121141847566995
1590.09	0.000011575762375274476
1590.0949999999998	0.000011496214876836462
1590.1000000000001	0.000011717074757943635
1590.105	0.000011885161563956075
1590.11	0.000011639578505308143
1590.115	0.000011615630392522174
1590.12	0.000011826180524236218
1590.1249999999998	0.00001191505130132637
1590.13	0.000011677814694574686
1590.135	0.000011106687702052932
1590.14	0.000010853923584452482
1590.145	0.00001092399952626854
1590.1499999999999	0.000011282055119739181
1590.1549999999997	0.000011722670649467627
1590.16	0.000011959445667267254
1590.165	0.000011984263443040236
1590.17	0.000011929189744125535
1590.175	0.000011909957874349231
1590.1799999999998	0.000011965629855572537
1590.185	0.000011984014513622686
1590.19	0.0000118494676578963
1590.195	0.000011589335714075717
1590.2	0.000011492208489303398
1590.205	0.000011645756450106463
1590.2099999999998	0.00001173269093684708
1590.215	0.000011663254705832873
1590.22	0.000011575939395025877
1590.225	0.000011374673726889077
1590.23	0.000011021843082025967
1590.235	0.000010960916474018432
1590.2399999999998	0.000011265572158499146
1590.2450000000001	0.000011341943562073535
1590.25	0.000011003387349684696
1590.255	0.000010808254146017945
1590.26	0.000011034116012866612
1590.2649999999999	0.000011264878283048112
1590.2699999999998	0.00001123087448753652
1590.275	0.000011158032882629278
1590.28	0.000011290615836539287
1590.285	0.000011393047102412663
1590.29	0.000011153976675468455
1590.2949999999998	0.000010763927136850298
1590.3	0.000010574312810044298
1590.305	0.000010658056274806738
1590.31	0.000010888060402075924
1590.315	0.00001111283085503997
1590.32	0.000011238064749675341
1590.3249999999998	0.000011253621824751194
1590.33	0.000011213639130547209
1590.335	0.000011211649905781238
1590.34	0.00001125699019913204
1590.345	0.000011291640520712991
1590.35	0.000011130415154597948
1590.3549999999998	0.000010904002209460116
1590.36	0.000011092506856297679
1590.365	0.000011185151446413145
1590.3700000000001	0.000010884139204613248
1590.375	0.000010963789231891109
1590.3799999999999	0.000011152955559494367
1590.385	0.00001088964394011149
1590.39	0.000010642808296439764
1590.395	0.00001085580326725246
1590.4	0.000010977262205067022
1590.405	0.000010678704177161777
1590.4099999999999	0.000010458213413339398
1590.415	0.000010615943816606066
1590.42	0.000010950929742684851
1590.425	0.000011117266981865444
1590.43	0.000010964934956354333
1590.435	0.000010974099360016119
1590.4399999999998	0.000010992560921049455
1590.445	0.000010930827400711312
1590.45	0.000010800624452806885
1590.455	0.000010820962661343088
1590.46	0.000010976304534047717
1590.465	0.000010945794138325723
1590.4699999999998	0.000010754909569221755
1590.475	0.000010433611840929161
1590.48	0.000010294798808176877
1590.4850000000001	0.000010336628609970713
1590.49	0.000010556595675092916
1590.495	0.00001085590524720579
1590.5	0.000010977982463628493
1590.5049999999999	0.000010909697678708517
1590.51	0.000010742946453838831
1590.515	0.000010644724240608534
1590.52	0.00001079986880002148
1590.5249999999999	0.00001113277540192541
1590.53	0.00001143180415425445
1590.535	0.000011529821241396631
1590.54	0.000011519676916410135
1590.545	0.000011594668219661173
1590.55	0.000011574843260431629
1590.5549999999998	0.000011346375868560104
1590.56	0.000011200915201017314
1590.565	0.000011336099670307804
1590.57	0.000011489972290832766
1590.575	0.00001148286936814184
1590.58	0.000011523171093959604
1590.5849999999998	0.000011595055170352919
1590.59	0.000011287211793134363
1590.595	0.000010728995092161664
1590.6000000000001	0.000010560931442257383
1590.605	0.000010840877661879953
1590.61	0.000011051202371906598
1590.615	0.000011097260038358528
1590.62	0.000011169511822226048
1590.625	0.00001126649734728293
1590.63	0.000011309884941188479
1590.635	0.000011276516566585507
1590.6399999999999	0.000011205810712931554
1590.645	0.000011169026718402546
1590.6499999999999	0.000011179247165113593
1590.655	0.000011167098077688877
1590.66	0.00001109368600691792
1590.665	0.000010944764687109077
1590.6699999999998	0.000010783145307986695
1590.675	0.000010655582162176012
1590.6799999999998	0.000010598210784367578
1590.685	0.000010490295552411527
1590.69	0.000010185064105445973
1590.695	0.000009947596897781732
1590.6999999999998	0.000010254562998941092
1590.705	0.000010304688399694096
1590.71	0.000009774637480121404
1590.7150000000001	0.000009753264612242192
1590.72	0.000010069650858422802
1590.725	0.000009635802453925231
1590.73	0.000009124895640477994
1590.735	0.000009312176412308825
1590.74	0.000009676053750616092
1590.7450000000001	0.000009653957526095421
1590.75	0.000009602908999771723
1590.7549999999999	0.000009820501881724503
1590.76	0.000010005984001941213
1590.7649999999999	0.000009792104761449656
1590.77	0.000009564052887971292
1590.775	0.000009523808742020801
1590.78	0.000009436500646783671
1590.7849999999999	0.000009314179594123987
1590.79	0.00000924725621352182
1590.7949999999998	0.00000947908143920397
1590.8	0.000009707045485255067
1590.805	0.00000979906983614648
1590.81	0.00000972596295295018
1590.8149999999998	0.00000960997206198602
1590.82	0.00000966953582189253
1590.8249999999998	0.000009853287492391866
1590.8300000000002	0.000010110124787402696
1590.835	0.00001033416011160062
1590.84	0.000010401310109402742
1590.845	0.000010382849602683934
1590.85	0.000010380479750527445
1590.855	0.00001041569733401402
1590.8600000000001	0.000010410258866105926
1590.865	0.000010253008022836039
1590.87	0.00001000337243706869
1590.875	0.000010001948019103645
1590.8799999999999	0.000010260504805094832
1590.885	0.00001033877289704966
1590.89	0.00001003812418669989
1590.895	0.000009829583021226734
1590.8999999999999	0.000010110939731977098
1590.905	0.000010451040493669446
1590.9099999999999	0.000010490670339421615
1590.915	0.000010440551890996994
1590.92	0.000010412328938399813
1590.925	0.000010112190961514899
1590.9299999999998	0.000009583286337230249
1590.935	0.000009317199624644434
1590.9399999999998	0.00000960481099688024
1590.9450000000002	0.000010059289920814667
1590.95	0.000010221915573945084
1590.955	0.000010076219285163068
1590.96	0.000010053311985713966
1590.965	0.000010053819722873877
1590.9699999999998	0.000009920523087378869
1590.9750000000001	0.000009669255537249427
1590.98	0.000009442755217606909
1590.985	0.000009386214669317925
1590.99	0.000009502636298121667
1590.995	0.000009707501663938406
1591	0.000009902951250364287
1591.005	0.000009990912213102772
1591.01	0.000009990406855380262
1591.0149999999999	0.000009956945816253124
1591.02	0.000009960489959175438
1591.0249999999999	0.000009984870528743539
1591.03	0.000009829151584414592
1591.035	0.000009624598776750228
1591.04	0.000009798857803833651
1591.0449999999998	0.000009825284048006307
1591.05	0.000009438214815711607
1591.0549999999998	0.000009407927992675503
1591.0600000000002	0.00000966140136500072
1591.065	0.000009676915843627627
1591.07	0.000009638710626047747
1591.075	0.000009783168297556939
1591.08	0.000009880251525925644
1591.0849999999998	0.00000973935940725711
1591.0900000000001	0.000009623140068473598
1591.095	0.000009682812329474144
1591.1	0.000009503227092464564
1591.105	0.00000920344805822212
1591.11	0.00000908314783121747
1591.1149999999998	0.000009211592432853855
1591.1200000000001	0.000009384831304213228
1591.125	0.000009297634920766439
1591.1299999999999	0.000009261230212970418
1591.135	0.000009345100701679445
1591.1399999999999	0.000009480428328064903
1591.1449999999998	0.000009501389338769072
1591.15	0.000009295024496181766
1591.155	0.00000908634657318589
1591.1599999999999	0.000008980989429949947
1591.165	0.000009031447001915099
1591.1699999999998	0.00000921622241195704
1591.175	0.000009379907137342783
1591.18	0.000009451583343704787
1591.185	0.000009477287656707745
1591.19	0.000009479760222073983
1591.195	0.000009426909042982539
1591.1999999999998	0.000009251967072171881
1591.205	0.000009004158371373682
1591.21	0.0000089889061707626
1591.215	0.000009196452419540007
1591.22	0.000009241264478922258
1591.225	0.000008972798919724467
1591.2299999999998	0.000008839295353782125
1591.2350000000001	0.000009058599153355358
1591.24	0.000009123559926341677
1591.245	0.000008823315530795878
1591.25	0.000008574845079526524
1591.2549999999999	0.000008764754878499812
1591.26	0.000009155183698472921
1591.265	0.000009294150242104122
1591.27	0.000009193997034232927
1591.2749999999999	0.00000912634514255406
1591.28	0.000009203780252901204
1591.2849999999999	0.000009300712071390581
1591.29	0.000009326679550517445
1591.295	0.000009371793548868364
1591.3	0.000009461046275492811
1591.305	0.000009470468478193285
1591.31	0.00000936099901731846
1591.3149999999998	0.000009252909614682603
1591.32	0.000009194131152571949
1591.325	0.00000920972309006178
1591.33	0.0000092892648582914
1591.335	0.000009357085359518228
1591.34	0.000009343144927713292
1591.3449999999998	0.000009207930143955561
1591.35	0.00000898677352821748
1591.355	0.000008832921955804126
1591.36	0.000008927756640632596
1591.365	0.000009112946551743753
1591.37	0.000008983396895565786
1591.375	0.000008874287912009758
1591.38	0.00000908756788783514
1591.385	0.000009213573317239257
1591.3899999999999	0.000009067351758981507
1591.395	0.000008957465385950198
1591.3999999999999	0.000008933283174438245
1591.405	0.00000901315496294034
1591.41	0.000009157069559928629
1591.415	0.000009149586679697189
1591.42	0.000008968284947816303
1591.425	0.000008812794662526283
1591.4299999999998	0.000008837622728280302
1591.435	0.000008948007315983061
1591.44	0.000008832755267216794
1591.445	0.00000866051201911338
1591.45	0.000008699948774181545
1591.455	0.000008834150498887802
1591.4599999999998	0.000008899816830270182
1591.465	0.00000869330985713585
1591.47	0.000008523234426332709
1591.475	0.000008508922543761338
1591.48	0.000008631941373255624
1591.485	0.000008758683723203767
1591.49	0.000008668365008196161
1591.495	0.000008509575200644735
1591.5	0.000008374666032702792
1591.505	0.000008334379985351818
1591.51	0.000008448520028905913
1591.5149999999999	0.000008641896177269771
1591.52	0.000008780110418676956
1591.525	0.000008846233145316285
1591.53	0.000008886669233761211
1591.535	0.000008943682822176802
1591.54	0.000008996476595803333
1591.5449999999998	0.000008910666524592305
1591.55	0.000008644765366255015
1591.555	0.000008518949471839578
1591.56	0.00000857779601820605
1591.565	0.000008664357798672775
1591.57	0.000008679343287304966
1591.5749999999998	0.000008692344619528534
1591.58	0.00000877111699275987
1591.585	0.000008797536681473095
1591.59	0.000008778078214656216
1591.595	0.000008761074962372933
1591.6	0.000008706160772165659
1591.605	0.000008600571489082498
1591.61	0.000008503176654721099
1591.615	0.000008438255751743191
1591.6200000000001	0.000008339325816858759
1591.625	0.000008224181351469182
1591.6299999999999	0.00000824494297747628
1591.635	0.0000083940650615055
1591.6399999999999	0.000008539729806320122
1591.645	0.000008595397095219896
1591.65	0.000008582095318499718
1591.655	0.00000856417112456444
1591.6599999999999	0.00000858638780201768
1591.665	0.00000864371100805673
1591.6699999999998	0.000008684127553380176
1591.675	0.000008650772549605856
1591.68	0.000008559698101684745
1591.685	0.000008462394281845696
1591.6899999999998	0.000008450416399136706
1591.695	0.000008555051096367145
1591.7	0.00000865243525643819
1591.705	0.000008483783943732331
1591.71	0.000008293447049317832
1591.715	0.000008491389659790144
1591.72	0.000008609143471202885
1591.725	0.000008557579681361334
1591.73	0.00000847944932735269
1591.7350000000001	0.000008219598454492006
1591.74	0.000007981131452689649
1591.745	0.000008084350966878538
1591.75	0.000008275329981558537
1591.7549999999999	0.000008162409485165268
1591.76	0.000007937124030435662
1591.765	0.000007982759753492606
1591.77	0.00000830864269220969
1591.7749999999999	0.000008422899532215239
1591.78	0.00000818495193200176
1591.7849999999999	0.000008180386600299343
1591.79	0.000008326439027619038
1591.795	0.00000842566349813519
1591.8	0.000008330314920244065
1591.8049999999998	0.000008219084428763926
1591.81	0.000008287209092566632
1591.8149999999998	0.000008387544444539475
1591.82	0.000008444380619745902
1591.825	0.00000840317476978224
1591.83	0.000008355942862509746
1591.835	0.000008367962998711553
1591.84	0.000008415264206125355
1591.845	0.000008463539277222879
1591.8500000000001	0.000008435133225726175
1591.855	0.000008316172176748908
1591.86	0.000008182159237031329
1591.865	0.000008158902892009322
1591.87	0.000008244949680461845
1591.875	0.000008296920002060596
1591.88	0.000008200842324384096
1591.885	0.000008150643086570549
1591.8899999999999	0.000008253395960965798
1591.895	0.000008102000244415805
1591.8999999999999	0.000007394609776975282
1591.905	0.00000701196008782537
1591.91	0.000007269709782047843
1591.915	0.000007819193429963806
1591.9199999999998	0.000007971574652960485
1591.925	0.000007877529346810605
1591.9299999999998	0.000007920126218505215
1591.935	0.000007846259159669113
1591.94	0.000007301879135110809
1591.945	0.000006648950852836581
1591.95	0.000006493287183106387
1591.955	0.000006974236456146223
1591.9599999999998	0.000007672809068743968
1591.9650000000001	0.000007918355086561032
1591.97	0.000007843310202694819
1591.975	0.000007813072860379071
1591.98	0.00000784368603878914
1591.985	0.000007856431188366893
1591.99	0.000007777343064195626
1591.9950000000001	0.000007637761703823798
1592	0.0000075278669965555525
1592.0049999999999	0.000007511699550557424
1592.01	0.0000075935067195719765
1592.0149999999999	0.000007750119974810108
1592.02	0.00000717564147263572
1592.025	0.00000724103677699565
1592.03	0.00000763290911598394
1592.0349999999999	0.000008553112377428205
1592.04	0.000008582382253911469
1592.0449999999998	0.00000844222049585172
1592.05	0.000008302058737791958
1592.055	0.000008161896979732208
1592.06	0.000008076993829235848
1592.065	0.000008025958885998483
1592.07	0.00000797492394276111
1592.0749999999998	0.000007923888999523737
1592.0800000000002	0.000007872854056286384
1592.085	0.000007828154587084026
1592.09	0.000007791518454947021
1592.095	0.00000775488232281003
1592.1	0.00000771824619067304
1592.1049999999998	0.000007681610058536031
1592.1100000000001	0.000007655567666969899
1592.115	0.000007659676721893714
1592.12	0.000007663785776817509
1592.125	0.000007667894831741333
1592.1299999999999	0.00000767200388666513
1592.1349999999998	0.000007686671593964058
1592.14	0.000007822764130234327
1592.145	0.000008175010397020918
1592.1499999999999	0.000008121334783033265
1592.155	0.000008065350631383874
1592.1599999999999	0.000008110560675980426
1592.165	0.00000800959319257864
1592.17	0.000007835346997970393
1592.175	0.000007816615154463065
1592.18	0.000007958676140923899
1592.185	0.000008089584563524568
1592.1899999999998	0.000008101391181329244
1592.1950000000002	0.000008078288500080702
1592.2	0.000008112916346386711
1592.205	0.000008089433449187016
1592.21	0.00000802810190317184
1592.215	0.000007959619101378586
1592.2199999999998	0.00000792015497135523
1592.2250000000001	0.000007894800324112549
1592.23	0.00000781652687423548
1592.235	0.000007691339443467486
1592.24	0.000007561514270026468
1592.245	0.000007498136122016401
1592.2499999999998	0.000007551340020552748
1592.255	0.000007670835329007997
1592.26	0.000007724650878251479
1592.2649999999999	0.000007644994204614187
1592.27	0.000007491798817486038
1592.2749999999999	0.000007398612328836203
1592.2799999999997	0.000007471617169076298
1592.285	0.0000075270888169923
1592.29	0.000007426175292285037
1592.295	0.000007307528661238658
1592.3	0.000007368612027084948
1592.3049999999998	0.000007500038433665458
1592.31	0.000007539489525577255
1592.315	0.000007564989632414347
1592.32	0.000007644197095286775
1592.325	0.000007568085400111702
1592.33	0.000007327235462293628
1592.3349999999998	0.000007227781940733418
1592.34	0.0000073198857835440795
1592.345	0.000007335520465640387
1592.35	0.0000072951230135471056
1592.355	0.000007313124619526805
1592.36	0.000007321812301222627
1592.3649999999998	0.000007153599804495247
1592.3700000000001	0.000006799783719821865
1592.375	0.0000065893906187676495
1592.38	0.000006642319428697217
1592.385	0.000006778356383014252
1592.3899999999999	0.000006873054434486108
1592.3949999999998	0.000006857176571702065
1592.4	0.000006753090165523344
1592.405	0.000006667808241034713
1592.41	0.000006684417075976808
1592.415	0.000006805796430854034
1592.4199999999998	0.00000704889657948002
1592.425	0.000007170827364474397
1592.43	0.000007116367953598734
1592.435	0.0000068702277212247474
1592.44	0.00000677302519883883
1592.445	0.000006964835259624496
1592.4499999999998	0.00000701896604862032
1592.455	0.000006911110380774191
1592.46	0.0000069501282817305305
1592.465	0.0000070026115199251925
1592.47	0.000007081552773600831
1592.475	0.000007260475649032292
1592.4799999999998	0.00000725147850311775
1592.485	0.000007051084819576719
1592.49	0.000006979396349418059
1592.4950000000001	0.000006967422754829158
1592.5	0.0000067840678850663975
1592.5049999999999	0.000006667734774633692
1592.5099999999998	0.000006773350939620741
1592.515	0.000007089098232350323
1592.52	0.00000722988214447876
1592.525	0.00000698736971381118
1592.53	0.000006876798128228835
1592.5349999999999	0.000006930071940120174
1592.54	0.0000070847431929193646
1592.545	0.000006956373612657942
1592.55	0.000006762406512277721
1592.555	0.000006684698115255451
1592.56	0.0000067837704729524434
1592.5649999999998	0.000007050093927745545
1592.57	0.000007183473983044701
1592.575	0.000007195003263538862
1592.58	0.000007083207269071084
1592.585	0.000006966946098890529
1592.59	0.000007001148494573617
1592.5949999999998	0.0000071070027934573006
1592.6	0.000007221532680696345
1592.605	0.000007225620715663911
1592.6100000000001	0.000007084257879585657
1592.615	0.000006937269476025496
1592.62	0.000006935299240722544
1592.625	0.000007051347325819644
1592.6299999999999	0.000006997128968376877
1592.635	0.000006868134085471232
1592.64	0.000006936973145582662
1592.645	0.0000071589580956842016
1592.6499999999999	0.000007255794840362137
1592.655	0.000007159076784135306
1592.66	0.000007133973436583666
1592.665	0.000007191937397619967
1592.67	0.000007150165900924344
1592.675	0.000007017889793231732
1592.6799999999998	0.000006952175318529059
1592.685	0.0000069806683745951175
1592.69	0.000007032345793742609
1592.695	0.000007086963428581667
1592.7	0.000007140915551793357
1592.705	0.000007160401705263648
1592.7099999999998	0.0000071244199691542115
1592.715	0.000007075249412993347
1592.72	0.000007079796886502134
1592.7250000000001	0.000007115412260011553
1592.73	0.000007138637214747343
1592.735	0.000007131916991877854
1592.74	0.000007094863861250674
1592.745	0.000007044159677091568
1592.75	0.000006997608758007588
1592.755	0.00000697073060066275
1592.76	0.0000069596535518419925
1592.7649999999999	0.000006911521400800087
1592.77	0.000006804863426544363
1592.7749999999999	0.000006756395002928525
1592.78	0.000006908312026161084
1592.785	0.00000696861171659494
1592.79	0.000006804082752967009
1592.7949999999998	0.000006748001578597864
1592.8	0.000006788247310207642
1592.8049999999998	0.00000676452589702128
1592.81	0.000006753160584749098
1592.815	0.000006832778186945124
1592.82	0.000006841704834381077
1592.8249999999998	0.000006752936299640061
1592.83	0.000006712574226782977
1592.835	0.000006713542185056602
1592.8400000000001	0.00000667675569315058
1592.845	0.000006649995467357487
1592.85	0.000006664686801343127
1592.855	0.000006672089967705579
1592.86	0.000006548156581190135
1592.865	0.0000063681563914829555
1592.8700000000001	0.000006318947939146947
1592.875	0.000006364351988703811
1592.8799999999999	0.000006458654778874943
1592.885	0.000006500894161463769
1592.8899999999999	0.000006472923068713701
1592.895	0.000006470332433393811
1592.9	0.000006506230335993334
1592.905	0.000006577508386079433
1592.9099999999999	0.000006652268140019744
1592.915	0.000006683917305079175
1592.9199999999998	0.000006689216893776292
1592.925	0.000006680687973407091
1592.93	0.000006664333058558466
1592.935	0.000006633875418433469
1592.9399999999998	0.00000654783478616643
1592.945	0.000006408246865989343
1592.9499999999998	0.0000062954405643396095
1592.9550000000002	0.000006322531937815715
1592.96	0.000006463862054267865
1592.965	0.000006627614401113649
1592.97	0.000006732052250954786
1592.975	0.000006807665171901715
1592.98	0.00000678449264774667
1592.9850000000001	0.0000066517055737853876
1592.99	0.000006563295241840217
1592.995	0.000006591605065266202
1593	0.000006559247287311024
1593.0049999999999	0.000006352484976378766
1593.01	0.000006259792170064821
1593.015	0.000006478109992593096
1593.02	0.000006740165640412784
1593.0249999999999	0.0000067586584333389534
1593.03	0.000006594504363023986
1593.0349999999999	0.000006494744627379741
1593.04	0.000006554112421495103
1593.045	0.000006627297944321734
1593.05	0.000006593007369192159
1593.0549999999998	0.000006557895018401902
1593.06	0.000006566647764587883
1593.0649999999998	0.000006629657762627329
1593.0700000000002	0.000006724453353147658
1593.075	0.000006789887707376194
1593.08	0.000006822078791498504
1593.085	0.000006833476980665159
1593.09	0.000006845456646962722
1593.0949999999998	0.0000068673288430970505
1593.1000000000001	0.000006853903873679227
1593.105	0.000006726712056020284
1593.11	0.000006540265113612826
1593.115	0.000006462447844157486
1593.12	0.000006467758463810929
1593.125	0.000006108435338367111
1593.13	0.00000586676999134658
1593.135	0.000006088082951020487
1593.1399999999999	0.000006462310677521114
1593.145	0.000006454380521410757
1593.1499999999999	0.000006402584205744974
1593.155	0.000006409291494799544
1593.16	0.000006261690724824969
1593.165	0.000006068853008310082
1593.1699999999998	0.000006066712816222371
1593.175	0.0000061716776795301644
1593.1799999999998	0.00000604700935671742
1593.1850000000002	0.000005975367884936443
1593.19	0.000006035382772782215
1593.195	0.0000060428141045661885
1593.2	0.000005845033225906573
1593.205	0.000005563835355816664
1593.2099999999998	0.0000055932687524077
1593.2150000000001	0.000005725435963496265
1593.22	0.000005851906274936423
1593.225	0.000005879262003075853
1593.23	0.000005806031715410494
1593.235	0.000005798783598161636
1593.2399999999998	0.000005852027312584455
1593.2450000000001	0.000005934635129516339
1593.25	0.00000594286858294145
1593.2549999999999	0.00000580570448805913
1593.26	0.000005621164971461514
1593.2649999999999	0.0000054917159780882376
1593.2699999999998	0.000005524828167443279
1593.275	0.000005724344583989229
1593.28	0.000005945838413009348
1593.2849999999999	0.000005935661770234313
1593.29	0.00000567685074848395
1593.2949999999998	0.0000055586303432878126
1593.3	0.00000568312562857472
1593.305	0.000005812564961541136
1593.31	0.000005823619112473613
1593.315	0.000005881105683714315
1593.32	0.000005994412127484018
1593.3249999999998	0.0000059251594395083515
1593.33	0.000005789397195155614
1593.335	0.000005794073448959053
1593.34	0.000005744378392061954
1593.345	0.000005461371338292296
1593.35	0.000005303887522761565
1593.3549999999998	0.000005531091329656098
1593.3600000000001	0.0000058623597402970325
1593.365	0.000005908737759428924
1593.37	0.00000569340650251007
1593.375	0.000005585487976772774
1593.3799999999999	0.000005689083402991489
1593.3849999999998	0.000005794404599411075
1593.39	0.000005709603963057869
1593.395	0.0000055901338409363034
1593.3999999999999	0.000005550997080824934
1593.405	0.000005611139717715971
1593.4099999999999	0.000005739344288688982
1593.415	0.000005890848613864361
1593.42	0.0000059986761193968825
1593.425	0.0000059996879622833915
1593.43	0.000005942967641340454
1593.435	0.0000058901446299114775
1593.4399999999998	0.000005894963606008409
1593.445	0.00000581001541693449
1593.45	0.000005520881443603221
1593.455	0.000005436178751929319
1593.46	0.000005667989006824571
1593.465	0.000005877304969617811
1593.4699999999998	0.000005968798120163082
1593.475	0.000005940784697318046
1593.48	0.000005727839038747224
1593.485	0.0000055560551371005685
1593.49	0.000005575564591601037
1593.495	0.000005696411472928999
1593.4999999999998	0.000005783391842611669
1593.505	0.000005822122557239755
1593.51	0.000005869837540530832
1593.5149999999999	0.0000059644863804069176
1593.52	0.0000060020211627353396
1593.5249999999999	0.000005986991477272289
1593.53	0.000005928961144258331
1593.535	0.000005834630965524382
1593.54	0.000005704885599619494
1593.545	0.000005635012802476474
1593.55	0.000005653473750827662
1593.5549999999998	0.000005733423431532361
1593.56	0.000005840475030294556
1593.565	0.000005864082137063944
1593.57	0.000005864637573016087
1593.575	0.000005856190454486939
1593.58	0.000005859881487151594
1593.5849999999998	0.0000058829436620687115
1593.59	0.000005889353352881729
1593.595	0.000005873969149917603
1593.6	0.000005833820836213665
1593.605	0.000005774123247453458
1593.61	0.000005723709078511098
1593.615	0.0000056873699508499175
1593.62	0.00000564791163126798
1593.625	0.000005614915646244985
1593.6299999999999	0.00000564863171494098
1593.635	0.000005706302483634415
1593.6399999999999	0.000005632108298891922
1593.645	0.000005430962326640881
1593.65	0.000005322706871549803
1593.655	0.000005434331624075849
1593.66	0.0000055647459396938845
1593.665	0.000005552456511599326
1593.6699999999998	0.000005493820476073746
1593.675	0.000005517737004527404
1593.68	0.0000054878104790513046
1593.685	0.000005340322083583671
1593.69	0.000005260972307634514
1593.695	0.000005336790483572678
1593.6999999999998	0.0000054178219450184885
1593.705	0.000005349414380804977
1593.71	0.000005265097985429416
1593.715	0.0000052691516932111385
1593.72	0.000005286733760002472
1593.725	0.000005265918186404729
1593.73	0.000005190752948377639
1593.735	0.000005086287788912687
1593.74	0.000005021680735108028
1593.745	0.00000501210099345498
1593.75	0.000005052626409419998
1593.7549999999999	0.000005126228951003985
1593.76	0.00000520822635789339
1593.7649999999999	0.000005295177079472086
1593.77	0.000005362750322250288
1593.775	0.000005403805995588024
1593.78	0.0000053998113201169955
1593.7849999999999	0.000005297322174106146
1593.79	0.000005129600295785812
1593.7949999999998	0.000005105332537146501
1593.8	0.000005241728986389487
1593.805	0.000005312055094464794
1593.81	0.000005307127700371317
1593.8149999999998	0.000005364738611174986
1593.82	0.000005379675740278739
1593.825	0.000005245130418765517
1593.83	0.0000051186082823077285
1593.835	0.000005129787196512113
1593.84	0.0000052142172182437096
1593.845	0.000005277599017116137
1593.85	0.000005334606585403842
1593.855	0.00000540074186952977
1593.8600000000001	0.000005446769743566775
1593.865	0.000005435308407385602
1593.87	0.000005358437409750256
1593.875	0.000005248989466979288
1593.8799999999999	0.000005188729260313938
1593.885	0.00000519916573461912
1593.89	0.000005256847564241447
1593.895	0.000005323181044813459
1593.8999999999999	0.000005312421296165876
1593.905	0.000005270658447730179
1593.9099999999999	0.0000052442210728421395
1593.915	0.000005255588512297592
1593.92	0.000005319242611678952
1593.925	0.000005340003452344357
1593.9299999999998	0.000005258952842515393
1593.935	0.000005104228845913938
1593.9399999999998	0.000004927591204014214
1593.945	0.000004835771368678491
1593.95	0.000004919635216263818
1593.955	0.000005129800062140529
1593.96	0.000005234713130766944
1593.965	0.000005145074505604312
1593.97	0.000005094380773106817
1593.9750000000001	0.000005190824459482146
1593.98	0.0000052804352725174706
1593.985	0.000005185458752323249
1593.99	0.000005103360004067811
1593.995	0.000005135152010661479
1594	0.000005160507049331754
1594.005	0.0000051187538042020645
1594.01	0.0000051542181151548845
1594.0149999999999	0.000005289123999994665
1594.02	0.000005371432485176013
1594.0249999999999	0.0000053421225314819115
1594.03	0.000005302884529871214
1594.035	0.000005303217124218879
1594.04	0.000005295236530055666
1594.0449999999998	0.000005247521375094238
1594.05	0.000005222832125970112
1594.0549999999998	0.00000524921467248679
1594.06	0.000005259373537390435
1594.065	0.0000052438375657876935
1594.07	0.000005219859120133023
1594.075	0.000005213129276285372
1594.08	0.000005243410663039025
1594.0849999999998	0.000005297235481030335
1594.0900000000001	0.0000053603546470679065
1594.095	0.000005367031595962501
1594.1	0.0000052959923288459664
1594.105	0.0000051545700879209215
1594.11	0.000005057226612250929
1594.115	0.000005116457656231532
1594.1200000000001	0.000005204775873215893
1594.125	0.000004931894509713589
1594.1299999999999	0.000004679703253600626
1594.135	0.000004824670240259572
1594.1399999999999	0.000005039041297856605
1594.145	0.000005012255731982207
1594.15	0.000005018094978591168
1594.155	0.000005086282182911554
1594.1599999999999	0.000005058200085160873
1594.165	0.000004977595845373826
1594.1699999999998	0.000004923116974495007
1594.175	0.00000481804237269809
1594.18	0.0000046029175238510095
1594.185	0.000004558078964716465
1594.19	0.0000046756809929492915
1594.195	0.000004791860637944993
1594.1999999999998	0.000004829677334069133
1594.2050000000002	0.000004788620545674965
1594.21	0.000004778699237455577
1594.215	0.0000047384121331683835
1594.22	0.000004668960361415161
1594.225	0.00000458631239365004
1594.2299999999998	0.000004541867385707437
1594.2350000000001	0.000004510086923223597
1594.24	0.000004428382592338427
1594.245	0.000004298163747119839
1594.25	0.0000041482253742964745
1594.2549999999999	0.000004060330514667315
1594.26	0.000004063696678615955
1594.265	0.000004174947751924296
1594.27	0.0000043444264418661504
1594.2749999999999	0.000004481330036365297
1594.28	0.000004523181775984816
1594.2849999999999	0.0000044595863800316475
1594.29	0.00000439141811126403
1594.295	0.000004420388554856774
1594.3	0.000004546225096097829
1594.305	0.0000046206526879517555
1594.31	0.000004664895096097268
1594.3149999999998	0.0000047268507695827375
1594.3200000000002	0.000004719556954319935
1594.325	0.0000045960502453714745
1594.33	0.000004565710681578805
1594.335	0.000004607517398526911
1594.34	0.000004506467080250092
1594.3449999999998	0.00000434746450213297
1594.3500000000001	0.000004411871037318204
1594.355	0.000004643182225009259
1594.36	0.000004783689937814141
1594.365	0.000004775800044703076
1594.37	0.000004747294820728994
1594.3749999999998	0.0000047635334748619825
1594.38	0.000004760054684574536
1594.385	0.000004643330448166841
1594.3899999999999	0.00000451572653263438
1594.395	0.0000045056144589031966
1594.3999999999999	0.000004585659295032738
1594.4049999999997	0.000004710941205186612
1594.41	0.0000048312888473788165
1594.415	0.0000049094440870987246
1594.42	0.000004941409134047011
1594.425	0.0000049352696450259665
1594.4299999999998	0.000004897201018988965
1594.435	0.00000483158001160976
1594.44	0.0000047240690090208895
1594.445	0.0000046174564743405205
1594.45	0.000004599235891101787
1594.455	0.000004608442865325405
1594.4599999999998	0.000004397458231499609
1594.465	0.000004206684256261123
1594.47	0.000004461053836167397
1594.475	0.00000463112472886442
1594.48	0.000004329939668749095
1594.485	0.000004164028900056359
1594.4899999999998	0.000004324490362420802
1594.4950000000001	0.0000045127503369804056
1594.5	0.000004538751999168067
1594.5049999999999	0.0000045507355713673225
1594.51	0.0000046329471275560395
1594.5149999999999	0.000004733756238764149
1594.5199999999998	0.00000475619925318761
1594.525	0.000004730249207433224
1594.53	0.000004694895800272524
1594.535	0.000004638185419366428
1594.54	0.00000459080057152517
1594.5449999999998	0.000004575602368472461
1594.55	0.00000460636154818703
1594.555	0.000004614398763715944
1594.56	0.0000046018985066766
1594.565	0.000004578794070529198
1594.57	0.000004575056658159587
1594.5749999999998	0.0000045902799066554354
1594.58	0.000004595022444778485
1594.585	0.0000045817702163762405
1594.59	0.000004548571937234242
1594.595	0.000004516566308532974
1594.6	0.000004501482181178796
1594.6049999999998	0.000004513834343064185
1594.61	0.0000045502385241124
1594.615	0.000004585630969842206
1594.62	0.000004592768002479293
1594.625	0.000004563883962530892
1594.6299999999999	0.000004528717461096422
1594.6349999999998	0.0000045056187778470325
1594.64	0.0000044761192470025515
1594.645	0.0000044402187751444525
1594.65	0.000004473758285183057
1594.655	0.0000045574873438469604
1594.6599999999999	0.000004585261254064286
1594.665	0.000004551193868557526
1594.67	0.00000453105541635196
1594.675	0.000004528154794383716
1594.68	0.000004499540149913619
1594.685	0.0000044772161807869215
1594.6899999999998	0.000004497594280786582
1594.695	0.000004515701675189606
1594.7	0.000004500206798836275
1594.705	0.000004480157526562779
1594.71	0.000004490533799461689
1594.715	0.000004500945538304839
1594.7199999999998	0.000004469644415691178
1594.725	0.0000044267470984814856
1594.73	0.000004391841370350571
1594.7350000000001	0.0000043510573620140614
1594.74	0.000004295209412998368
1594.745	0.000004220298694000579
1594.7499999999998	0.000004132318811971523
1594.7549999999999	0.000004068328803276824
1594.76	0.00000405460816421532
1594.765	0.0000041349118134736985
1594.77	0.0000042793726654313815
1594.7749999999999	0.000004382979967602028
1594.78	0.000004319280791353519
1594.785	0.000004064767678759435
1594.79	0.0000039791325155855
1594.795	0.0000041699446760270165
1594.8	0.00000433437188282196
1594.8049999999998	0.000004329146693576595
1594.81	0.000004386515257148335
1594.815	0.000004346479526321235
1594.82	0.000004140974214594918
1594.825	0.0000040906849077234365
1594.83	0.0000041920786008499446
1594.8349999999998	0.00000415110884167351
1594.84	0.000003934625993650014
1594.845	0.000003903200692564916
1594.8500000000001	0.000004168512190970234
1594.855	0.000004432101706096964
1594.86	0.000004433354194613617
1594.8649999999998	0.000004419893672272976
1594.87	0.0000043874820466179565
1594.875	0.000004285050635134756
1594.88	0.000004087434796339492
1594.885	0.000003991078966933041
1594.8899999999999	0.0000041052140580778695
1594.895	0.000004269927151014201
1594.8999999999999	0.000004390861443137163
1594.905	0.00000436884747368697
1594.91	0.000004309618793866694
1594.915	0.000004315356144028338
1594.9199999999998	0.000004385499286331758
1594.925	0.000004471990666105777
1594.9299999999998	0.000004499620596903574
1594.935	0.00000443641187126877
1594.94	0.000004330123300825108
1594.945	0.000004254996057340029
1594.9499999999998	0.000004203362987768522
1594.955	0.000004111916060660262
1594.96	0.000003927024282728037
1594.9650000000001	0.000003841386017554035
1594.97	0.000004011307039264522
1594.975	0.000004303597421779212
1594.98	0.000004339396427345901
1594.985	0.000004149752272393752
1594.99	0.000004137576913357181
1594.9950000000001	0.000004218089715028862
1595	0.000004130350845968911
1595.0049999999999	0.000003979612220839101
1595.01	0.000004055343887506146
1595.0149999999999	0.000004221906536010425
1595.02	0.000004190430166567964
1595.025	0.000004085630414600077
1595.03	0.000004146669747969901
1595.0349999999999	0.000004223689790877549
1595.04	0.00000414212453940432
1595.0449999999998	0.000004026383262021526
1595.05	0.0000040168058342174825
1595.055	0.000004081488571906991
1595.06	0.000004115660123456371
1595.0649999999998	0.000004027420568534852
1595.07	0.000003918766115232097
1595.0749999999998	0.0000038696597919769305
1595.0800000000002	0.00000389185328694189
1595.085	0.000003951949639504011
1595.09	0.000004003963681870703
1595.095	0.000004021980398830158
1595.1	0.000003968645843662121
1595.105	0.0000038932429604627835
1595.1100000000001	0.000003850758347938693
1595.115	0.000003868288871354189
1595.12	0.000003910949367827764
1595.125	0.000003853778233781671
1595.1299999999999	0.000003795091514977424
1595.135	0.000003869565237477319
1595.14	0.000003856108851418473
1595.145	0.0000037938017446679896
1595.1499999999999	0.000003878736947956351
1595.155	0.000003963312263476779
1595.1599999999999	0.0000039201092947035794
1595.165	0.0000038937431738645465
1595.17	0.0000039047087472798535
1595.175	0.000003798009661023216
1595.1799999999998	0.000003583369470408696
1595.185	0.0000034915999651140876
1595.1899999999998	0.0000036696927485480343
1595.1950000000002	0.0000038756333121838785
1595.2	0.000003923340708895438
1595.205	0.000003894355649589791
1595.21	0.000003879167730867314
1595.215	0.000003898255712376797
1595.2199999999998	0.000003829975036731422
1595.2250000000001	0.0000037182102520643476
1595.23	0.0000036622324440217105
1595.235	0.00000368165832275875
1595.24	0.000003773326151638625
1595.245	0.0000038981182626125196
1595.25	0.00000397899232850035
1595.255	0.000004031128954172183
1595.26	0.000004063098487698419
1595.2649999999999	0.0000040728682223656655
1595.27	0.000004058065412047015
1595.2749999999999	0.000004020738468954337
1595.28	0.000003975042119130802
1595.285	0.0000039431749597688
1595.29	0.000003938250017461272
1595.2949999999998	0.0000039334248532123755
1595.3	0.000003896760105526349
1595.3049999999998	0.000003863697200786883
1595.3100000000002	0.000003900660004389732
1595.315	0.000003969064657277511
1595.32	0.000003961840226395704
1595.325	0.0000038903425329546844
1595.33	0.00000386412693695749
1595.3349999999998	0.0000038505757682612404
1595.3400000000001	0.0000037765338180305976
1595.345	0.000003717401349046313
1595.35	0.00000375393599106201
1595.355	0.000003808635481658638
1595.36	0.000003798402854917049
1595.3649999999998	0.0000037838352080034177
1595.3700000000001	0.0000037720472690890095
1595.375	0.000003638148884073715
1595.3799999999999	0.0000034207487330780056
1595.385	0.00000330268172074474
1595.3899999999999	0.0000033625504880592654
1595.3949999999998	0.0000035219917517058793
1595.4	0.0000036750329616603744
1595.405	0.00000374947072614096
1595.4099999999999	0.0000037478031907279755
1595.415	0.0000037605746549010684
1595.4199999999998	0.0000037840911129108317
1595.425	0.0000038063166550943377
1595.43	0.000003792802501894272
1595.435	0.000003722250606533518
1595.44	0.00000361357456987837
1595.445	0.0000035427266964047723
1595.4499999999998	0.000003589029847083528
1595.4550000000002	0.000003636000658520407
1595.46	0.000003520496718369651
1595.465	0.0000035328361039836357
1595.47	0.000003662655143864498
1595.475	0.000003459525429386056
1595.4799999999998	0.0000031585544504428672
1595.4850000000001	0.0000031621320534547727
1595.49	0.000003394366412830787
1595.495	0.00000354262575294624
1595.5	0.000003534685847456704
1595.5049999999999	0.0000035976680195374526
1595.5099999999998	0.0000037220472580019717
1595.515	0.0000037673824502840718
1595.52	0.000003754592481382924
1595.5249999999999	0.0000037598536572279913
1595.53	0.0000037749002407383778
1595.5349999999999	0.0000037382265194313018
1595.54	0.0000037013923693892434
1595.545	0.000003709054400164085
1595.55	0.000003696319715463464
1595.555	0.0000036630565397286056
1595.56	0.0000036286922880981496
1595.5649999999998	0.0000036750850443997374
1595.57	0.00000372629022940097
1595.575	0.0000037457703803178808
1595.58	0.0000037159948220713373
1595.585	0.0000036477372447053208
1595.59	0.0000036097883115937305
1595.5949999999998	0.0000036100584587622062
1595.6	0.000003656302112854672
1595.605	0.000003716586203484759
1595.61	0.0000037324682547146088
1595.615	0.00000370445734958081
1595.62	0.000003663223179163202
1595.6249999999998	0.0000036552758596843753
1595.63	0.0000036970717012395183
1595.635	0.0000037289084339474665
1595.6399999999999	0.0000036907505510320693
1595.645	0.0000035911676750297607
1595.6499999999999	0.0000035045191049536133
1595.655	0.000003508228768371235
1595.66	0.0000035717137116360408
1595.665	0.00000365008889737129
1595.67	0.0000036921705475131342
1595.675	0.0000036626809340509543
1595.6799999999998	0.0000035433450479593263
1595.685	0.0000034280716065175485
1595.69	0.0000034212704906301257
1595.695	0.0000034935468096026804
1595.7	0.0000035242757434678803
1595.705	0.0000034915722869187853
1595.7099999999998	0.0000035079147426546864
1595.715	0.000003566712428290455
1595.72	0.0000035574501992116237
1595.725	0.0000034704717057832884
1595.73	0.000003423327533062263
1595.735	0.0000034251777532289584
1595.7399999999998	0.0000034119720571508005
1595.745	0.0000033430973342959432
1595.75	0.000003226362884004406
1595.7549999999999	0.000003124652858293742
1595.76	0.0000030984752125016014
1595.7649999999999	0.0000031670732523818802
1595.77	0.000003297506323457
1595.775	0.000003432376762682198
1595.78	0.0000034962061353483736
1595.785	0.0000034185837317844094
1595.79	0.0000033378655955141618
1595.7949999999998	0.0000033528116967770405
1595.8	0.000003333044155304261
1595.805	0.000003182506448230242
1595.81	0.000003238670115721036
1595.815	0.0000033878236955580152
1595.82	0.0000032880322078003027
1595.8249999999998	0.0000031802984711142223
1595.83	0.0000032750331530231616
1595.835	0.000003365158383668112
1595.84	0.0000032768219690194687
1595.845	0.0000032553493526279054
1595.85	0.000003338976518585951
1595.855	0.000003285408157786385
1595.86	0.0000031401979422086593
1595.865	0.000003157440657242095
1595.87	0.000003269423509814504
1595.875	0.0000032948282176319916
1595.8799999999999	0.000003177005324942562
1595.885	0.0000031130391746891207
1595.8899999999999	0.0000032491746514766528
1595.895	0.000003309316347077872
1595.9	0.000003279826425287147
1595.905	0.0000031997760478906122
1595.9099999999999	0.000003190273959885318
1595.915	0.000003292164565546779
1595.92	0.0000033589576035631867
1595.925	0.0000033474309420276253
1595.93	0.0000032508641831731897
1595.935	0.0000031409903658990257
1595.9399999999998	0.0000031213662638797526
1595.945	0.0000031892504391769376
1595.95	0.0000032766442832121787
1595.955	0.000003291878101893307
1595.96	0.0000032224636978903
1595.965	0.0000031551176849372964
1595.97	0.000003215282592279584
1595.975	0.0000033242152443784947
1595.98	0.000003261732255272379
1595.985	0.0000030889919230932626
1595.99	0.0000030225865942242066
1595.995	0.0000031281841328592417
1596	0.0000032543926147171343
1596.0049999999999	0.0000032593745862137174
1596.01	0.000003269084532890061
1596.015	0.000003303679573018242
1596.02	0.000003281320444914348
1596.0249999999999	0.0000032324177469523098
1596.03	0.0000032573031472388834
1596.0349999999999	0.0000032881227085705937
1596.04	0.0000032405449632906914
1596.045	0.0000031871884438826992
1596.05	0.0000032089186572059303
1596.0549999999998	0.000003245617185807389
1596.06	0.0000032166914274295795
1596.0649999999998	0.0000031248431440284602
1596.07	0.0000030719683930571764
1596.075	0.0000031050684024911153
1596.08	0.000003146953121657867
1596.085	0.00000316038320874973
1596.09	0.0000031368671680754786
1596.095	0.0000030894325143894073
1596.1000000000001	0.000003052075960861326
1596.105	0.0000030735132091326494
1596.11	0.000003157823282121969
1596.115	0.0000032638166221642472
1596.12	0.0000033345816972623085
1596.125	0.0000032482092578111866
1596.13	0.000003095803563508806
1596.135	0.0000030664360149248223
1596.1399999999999	0.000003161291849273148
1596.145	0.0000032496370151322963
1596.1499999999999	0.0000032989826513086486
1596.155	0.00000329934827914841
1596.16	0.0000032562381265336315
1596.165	0.000003216190000243474
1596.1699999999998	0.0000031968113606942525
1596.175	0.0000031528394682515016
1596.1799999999998	0.0000030810504878296075
1596.185	0.000003071154382498811
1596.19	0.0000031321515911609563
1596.195	0.0000031772486134489972
1596.2	0.0000031275232494151957
1596.205	0.000003043542728448218
1596.2099999999998	0.0000030670929568820905
1596.2150000000001	0.0000031025417940789885
1596.22	0.0000030958724958182865
1596.225	0.0000030725190714627075
1596.23	0.0000030618571289715597
1596.235	0.0000030596558019876745
1596.24	0.000002999429289730512
1596.2450000000001	0.000002940118314563895
1596.25	0.000002900981698421775
1596.2549999999999	0.000002912060904962288
1596.26	0.0000029555512356228326
1596.2649999999999	0.000002982629464738271
1596.27	0.0000029810028294156906
1596.275	0.0000029477491218425606
1596.28	0.0000029189322153099507
1596.2849999999999	0.000002918406866411406
1596.29	0.000002951253068219667
1596.2949999999998	0.0000029891520409710684
1596.3	0.000003001206920774003
1596.305	0.0000029758626763215344
1596.31	0.000002945722012474583
1596.315	0.0000029815306172281146
1596.32	0.0000030439540716302746
1596.3249999999998	0.0000030270513332250204
1596.3300000000002	0.0000029529837038649682
1596.335	0.0000029171972751250476
1596.34	0.0000029579529209385106
1596.345	0.0000029987678010960404
1596.35	0.000003005854373359337
1596.3549999999998	0.000002989619249096699
1596.3600000000001	0.0000029576342738496727
1596.365	0.0000029475961299988164
1596.37	0.0000029898064797878563
1596.375	0.0000030330763173776947
1596.3799999999999	0.0000030079668302390496
1596.385	0.0000029716874321427064
1596.39	0.000002976947273418094
1596.395	0.0000029909219189383924
1596.3999999999999	0.0000029931602901926667
1596.405	0.0000030004603227501245
1596.4099999999999	0.0000030220754624917644
1596.415	0.000003054434141694686
1596.42	0.00000308302273100751
1596.425	0.0000030724120879467164
1596.43	0.0000030326035326011436
1596.435	0.0000029853434837465663
1596.4399999999998	0.0000029396295338363435
1596.4450000000002	0.000002909443670504353
1596.45	0.0000029097820492292733
1596.455	0.000002939489576906244
1596.46	0.000002985307184010507
1596.465	0.000003029540631669059
1596.4699999999998	0.000003081479885813566
1596.4750000000001	0.0000030863487789826888
1596.48	0.0000030193245748033053
1596.485	0.000002976808335726826
1596.49	0.0000030310868343703948
1596.495	0.0000030640076387158887
1596.4999999999998	0.0000030016322895670487
1596.505	0.0000029644580831079385
1596.51	0.000003021885882260587
1596.5149999999999	0.000003087883264608945
1596.52	0.000003117241916457168
1596.5249999999999	0.0000031268105041179128
1596.5299999999997	0.00000310219993653553
1596.535	0.0000030503135892435896
1596.54	0.000003010436147890701
1596.545	0.000002995786388368569
1596.55	0.0000029866648756191153
1596.5549999999998	0.0000029478180831710274
1596.56	0.0000029142929703477865
1596.565	0.0000029104855885463953
1596.57	0.000002924924746009649
1596.575	0.0000029410876465602005
1596.58	0.0000029191360962187943
1596.5849999999998	0.000002898477709984439
1596.59	0.000002887452199282154
1596.595	0.000002891830826324295
1596.6	0.000002908397794157778
1596.605	0.0000029020578495851943
1596.61	0.0000028790771225616107
1596.6149999999998	0.0000028507449248278464
1596.6200000000001	0.000002828333174224843
1596.625	0.00000281323672034548
1596.6299999999999	0.0000027607649863972866
1596.635	0.0000026444065372938246
1596.6399999999999	0.0000025218258969818074
1596.6449999999998	0.0000024972278929580925
1596.65	0.000002608384104452826
1596.655	0.000002729145769963399
1596.66	0.000002743068761726277
1596.665	0.000002659837299815104
1596.6699999999998	0.000002630662457409238
1596.675	0.0000026914546824418405
1596.68	0.0000027552593003754307
1596.685	0.0000027587388860705695
1596.69	0.0000027397577909304996
1596.695	0.000002714940598430325
1596.6999999999998	0.000002651448182544728
1596.705	0.000002589385684376771
1596.71	0.000002599464702876542
1596.715	0.0000026805865284702228
1596.72	0.0000027740889460532485
1596.725	0.0000028265664820796723
1596.7299999999998	0.000002817501915790877
1596.735	0.000002770817410605017
1596.74	0.0000027143828723379987
1596.745	0.000002684888815672852
1596.75	0.0000026890048125605114
1596.7549999999999	0.000002720642887936612
1596.7599999999998	0.0000027640609240229525
1596.765	0.0000028026575192235214
1596.77	0.0000028199008294507446
1596.775	0.000002811924936601414
1596.78	0.000002795565626669554
1596.7849999999999	0.0000027861394292951657
1596.79	0.00000279476937410641
1596.795	0.000002791496458389165
1596.8	0.000002724427376087854
1596.805	0.0000026433519014107588
1596.81	0.0000026637679500059786
1596.8149999999998	0.000002751582852910966
1596.82	0.000002754650458075729
1596.825	0.000002730977761065372
1596.83	0.0000027568335225657785
1596.835	0.000002749896012333816
1596.84	0.0000026773381728404123
1596.8449999999998	0.0000026604061247307596
1596.85	0.0000027105752645135637
1596.855	0.000002738398644327796
1596.86	0.0000027342481216429975
1596.865	0.0000027650692044471886
1596.87	0.0000027808500314334514
1596.8749999999998	0.000002694304668367399
1596.8799999999999	0.000002562637840815858
1596.885	0.0000024975477786308055
1596.89	0.000002563424533768377
1596.895	0.0000027030471965564404
1596.8999999999999	0.0000027589054537383956
1596.905	0.0000027694908658367747
1596.91	0.000002782067010300869
1596.915	0.0000028112336218550562
1596.92	0.00000284944603470737
1596.925	0.000002855017062499479
1596.9299999999998	0.0000028361776682680427
1596.935	0.0000028227014143770367
1596.94	0.0000028236845343324543
1596.945	0.000002838164918599993
1596.95	0.000002846921424851035
1596.955	0.0000028304539560749676
1596.9599999999998	0.000002793189549647057
1596.965	0.00000276864647978342
1596.97	0.0000027929842078389795
1596.9750000000001	0.0000028543221895133768
1596.98	0.0000029144972637192755
1596.985	0.0000029475104659670557
1596.9899999999998	0.0000029319536405086505
1596.995	0.000002884750155126538
1597	0.000002838977565886788
1597.005	0.0000028343310531845816
1597.01	0.0000028495136501107383
1597.0149999999999	0.0000028102120329144786
1597.02	0.000002731430662142258
1597.0249999999999	0.0000027194944636030115
1597.03	0.0000027864305970179787
1597.035	0.00000282941795777563
1597.04	0.0000028089764862063425
1597.0449999999998	0.0000027791642106987636
1597.05	0.0000027593223100253913
1597.0549999999998	0.0000027056700729370574
1597.06	0.0000026236784490474136
1597.065	0.000002571157403757991
1597.07	0.0000025710630984569806
1597.0749999999998	0.0000025848492233046245
1597.08	0.0000025781195383215793
1597.085	0.00000255384271993735
1597.0900000000001	0.0000025268589111675567
1597.095	0.00000251416544221444
1597.1	0.0000025289073143639757
1597.1049999999998	0.0000025629295750099097
1597.11	0.0000025894547332236975
1597.115	0.0000025777430972035258
1597.1200000000001	0.0000025201642069332944
1597.125	0.0000024914647559957697
1597.1299999999999	0.000002510308267711097
1597.135	0.00000249595285613727
1597.1399999999999	0.0000024145677291182965
1597.145	0.0000023874256288867774
1597.15	0.0000024536402224280647
1597.155	0.0000025233296695540154
1597.1599999999999	0.0000025317577772686315
1597.165	0.000002511121929501926
1597.1699999999998	0.0000024542686514511148
1597.175	0.0000023691158560494166
1597.18	0.0000023381732337423987
1597.185	0.0000023819674051297155
1597.1899999999998	0.00000244138229863523
1597.195	0.0000024329181105547463
1597.1999999999998	0.0000024081646322197637
1597.2050000000002	0.0000024348068407544863
1597.21	0.0000024534577934334937
1597.215	0.000002447495684453432
1597.22	0.0000024326051843028757
1597.225	0.0000024379291312018898
1597.23	0.000002430802565198155
1597.2350000000001	0.0000023717549688638487
1597.24	0.0000023129003796209604
1597.245	0.000002283357912159461
1597.25	0.000002319808323871385
1597.2549999999999	0.0000023940758213820563
1597.26	0.000002435987677790325
1597.265	0.0000024371359003096423
1597.27	0.0000024086215977129108
1597.2749999999999	0.0000023829457921457834
1597.28	0.0000023913404363196355
1597.2849999999999	0.000002398665671084564
1597.29	0.000002373278807340118
1597.295	0.0000023147027538733814
1597.3	0.000002259501581388255
1597.3049999999998	0.00000227133875172234
1597.31	0.0000023677629529319568
1597.3149999999998	0.0000024197675294707495
1597.3200000000002	0.000002351310426318128
1597.325	0.000002261628843141016
1597.33	0.0000022624940093419575
1597.335	0.0000023412258613506507
1597.34	0.0000023537463691938867
1597.3449999999998	0.0000022604444784978205
1597.3500000000001	0.000002235181886960867
1597.355	0.000002324199921901113
1597.36	0.0000023896251024578833
1597.365	0.000002379842283031827
1597.37	0.0000024224296606040182
1597.375	0.0000024495955193223
1597.38	0.000002325266527002721
1597.385	0.000002160430957657058
1597.3899999999999	0.000002137034607354499
1597.395	0.000002229788126695698
1597.3999999999999	0.000002319633379841051
1597.405	0.000002324564191430452
1597.41	0.000002312953773540208
1597.415	0.000002352630522579415
1597.4199999999998	0.000002429441268363842
1597.425	0.000002479384477454733
1597.4299999999998	0.0000024719576741545926
1597.4350000000002	0.0000024034541550954735
1597.44	0.000002304200773487721
1597.445	0.0000022413318825886937
1597.45	0.0000022399579617655535
1597.455	0.000002299871582623017
1597.4599999999998	0.0000023444400789700398
1597.4650000000001	0.000002316000756097657
1597.47	0.000002311543865193
1597.475	0.000002380260600272405
1597.48	0.0000023797496276518113
1597.485	0.0000023564282431333455
1597.4899999999998	0.0000023999198771156777
1597.4950000000001	0.000002423962443602322
1597.5	0.0000023744843123487075
1597.5049999999999	0.0000023492240409204634
1597.51	0.000002359555243180375
1597.5149999999999	0.0000023389143476457277
1597.52	0.0000023009628634850498
1597.525	0.000002303765272589084
1597.53	0.000002326548290065369
1597.5349999999999	0.0000023002530522737316
1597.54	0.000002200473648907867
1597.5449999999998	0.0000020958836850975826
1597.55	0.000002030542474147893
1597.555	0.000002013088329460532
1597.56	0.000002050238444296045
1597.565	0.0000021151199668297637
1597.57	0.000002162952601789862
1597.5749999999998	0.0000021280314338928665
1597.5800000000002	0.000002080368421560707
1597.585	0.000002077157427349409
1597.59	0.0000021167816022103862
1597.595	0.000002173368375758571
1597.6	0.0000021885719060450347
1597.6049999999998	0.00000213821753789279
1597.6100000000001	0.0000020714338450614866
1597.615	0.0000020197524470513803
1597.62	0.0000020257217203717513
1597.625	0.0000020948292131789224
1597.6299999999999	0.0000021747681667426597
1597.6349999999998	0.0000022044961913521697
1597.64	0.000002151475536469303
1597.645	0.000002099563354018894
1597.6499999999999	0.0000021355182637458087
1597.655	0.0000021920477540608586
1597.6599999999999	0.0000022010762072214684
1597.665	0.0000022072998971088636
1597.67	0.00000226293898058291
1597.675	0.0000022927365027856804
1597.68	0.000002174862040212523
1597.685	0.000002032713369884895
1597.6899999999998	0.000002010217453913068
1597.695	0.000002081651409933327
1597.7	0.0000021585742014204865
1597.705	0.0000021900004306223078
1597.71	0.000002220297423220654
1597.715	0.0000022623181751092633
1597.7199999999998	0.0000022769154566782984
1597.725	0.000002270255317965402
1597.73	0.000002263037998825422
1597.735	0.000002240756356839379
1597.74	0.0000021891571236968334
1597.745	0.000002135467061681404
1597.7499999999998	0.0000021077863368915487
1597.755	0.000002118898647472851
1597.76	0.00000216126666399159
1597.7649999999999	0.000002215234393891906
1597.77	0.0000022535237730307535
1597.7749999999999	0.0000022569858003124915
1597.78	0.00000221948751377091
1597.785	0.0000021875761856179465
1597.79	0.000002207070743725911
1597.795	0.0000022655117865216075
1597.8	0.000002202278135539448
1597.8049999999998	0.0000020834805859331167
1597.81	0.000002114946149901511
1597.815	0.000002249944858130175
1597.82	0.000002293736977324599
1597.825	0.0000022962660285217612
1597.83	0.000002350160893049328
1597.8349999999998	0.000002355806316326239
1597.84	0.000002241260089245942
1597.845	0.00000218376755758685
1597.85	0.0000022735502887286455
1597.855	0.00000235684484655751
1597.86	0.000002346559373579995
1597.8649999999998	0.0000023560577644918728
1597.87	0.000002367422022906624
1597.875	0.000002309042092897837
1597.8799999999999	0.000002239182022399841
1597.885	0.0000022232894544396593
1597.8899999999999	0.0000022717474451380327
1597.895	0.000002266920987738565
1597.9	0.000002203852887703172
1597.905	0.0000021675553390689312
1597.91	0.0000021897439831632605
1597.915	0.0000022779184286828925
1597.9199999999998	0.0000023451592332589145
1597.925	0.0000023525187826157346
1597.93	0.000002315580259433425
1597.935	0.000002265723396209205
1597.94	0.0000022499310111186712
1597.945	0.0000022762979289624177
1597.9499999999998	0.000002291053853895979
1597.955	0.0000022725056235492416
1597.96	0.0000022266269525166727
1597.965	0.0000022026248330161297
1597.97	0.0000022078689546280985
1597.975	0.00000220050549521659
1597.9799999999998	0.000002159409434834903
1597.985	0.000002141877145789478
1597.99	0.0000021915921283070856
1597.995	0.0000022304185088189937
1598	0.0000021613441413242
1598.0049999999999	0.0000020672602069818945
1598.01	0.000002070285024036664
1598.0149999999999	0.0000020819542638087106
1598.02	0.000001997121764372951
1598.025	0.0000019272291616473176
1598.03	0.0000019785316855271957
1598.0349999999999	0.0000020843334237320634
1598.04	0.000002119526738462441
1598.045	0.0000020876140249302617
1598.05	0.0000020687203714751686
1598.055	0.000002058484641173955
1598.06	0.000002011211598124189
1598.0649999999998	0.0000019470785444465478
1598.07	0.0000019290579512065896
1598.075	0.0000019710753891697255
1598.08	0.0000020156344465881674
1598.085	0.0000020255503799130315
1598.09	0.000002008877741732945
1598.095	0.0000019953658771664964
1598.1	0.000002005081784033122
1598.105	0.0000020300790849401657
1598.11	0.0000020566596905672557
1598.115	0.0000020514946585454783
1598.12	0.0000019893481860351475
1598.125	0.0000019279748157677615
1598.1299999999999	0.000001932527938566323
1598.135	0.000001991941545261918
1598.14	0.00000194453214123305
1598.145	0.0000018813640817725418
1598.1499999999999	0.0000019637816716468658
1598.155	0.000001964107551890953
1598.1599999999999	0.0000018463732810451375
1598.165	0.0000017828194089344965
1598.17	0.0000018250845400633775
1598.175	0.0000018273618992649244
1598.1799999999998	0.000001741849085829324
1598.185	0.0000016689663449049811
1598.1899999999998	0.0000017061151551085865
1598.195	0.0000018347101797105177
1598.2	0.000001954611307973473
1598.205	0.0000020050873004732222
1598.21	0.000002004553804910191
1598.215	0.0000019618086542903708
1598.22	0.0000019023986997027418
1598.225	0.000001857182485063148
1598.23	0.0000018464478636943594
1598.235	0.0000018558103300520748
1598.24	0.0000018466434528191405
1598.245	0.000001837420783510922
1598.25	0.0000018447431283959344
1598.255	0.0000018923935453413535
1598.26	0.00000193978130667068
1598.2649999999999	0.000001952290664531628
1598.27	0.000001927056485934155
1598.2749999999999	0.0000018718309178525906
1598.28	0.0000018287088997418204
1598.285	0.0000018214915806018396
1598.29	0.000001844398633927013
1598.2949999999998	0.0000018680956200968308
1598.3	0.0000018560615228468192
1598.3049999999998	0.0000018265567517389722
1598.31	0.0000018418289498071743
1598.315	0.0000018873739434755575
1598.32	0.0000018836570512929987
1598.325	0.0000018440800812400984
1598.33	0.0000018663972285648985
1598.3349999999998	0.0000019218866767172016
1598.3400000000001	0.000001878963470930753
1598.345	0.00000172412844033946
1598.35	0.0000016575421941138164
1598.355	0.0000017741087962923465
1598.36	0.0000018728539713417605
1598.365	0.0000017961906138965327
1598.3700000000001	0.0000017573483760414754
1598.375	0.0000018644879966269051
1598.3799999999999	0.0000019515491163219413
1598.385	0.0000018737417389396987
1598.3899999999999	0.000001809993982881385
1598.395	0.0000018426068287251849
1598.4	0.0000018895289196723526
1598.405	0.0000018810174607169792
1598.4099999999999	0.0000018416981770959186
1598.415	0.000001822454917530707
1598.4199999999998	0.0000018532681071217298
1598.425	0.000001913293601300374
1598.43	0.0000019566649725348376
1598.435	0.0000019530015782915993
1598.44	0.000001916032466019223
1598.445	0.000001875433055769967
1598.4499999999998	0.0000018514701865843083
1598.4550000000002	0.00000187363759217858
1598.46	0.0000018990982625509483
1598.465	0.0000018949971783733552
1598.47	0.00000189608380149151
1598.475	0.0000018799755532583
1598.4799999999998	0.0000017569219223831066
1598.4850000000001	0.0000016758617056540964
1598.49	0.000001775460677292594
1598.495	0.000001859754047467488
1598.5	0.0000017924057994087514
1598.5049999999999	0.0000017412772709591743
1598.51	0.0000018052013309188608
1598.515	0.00000184565839981298
1598.52	0.0000017936251744070465
1598.5249999999999	0.0000017614224674924595
1598.53	0.000001789394931086757
1598.5349999999999	0.0000017809584944469255
1598.54	0.0000017488246282706517
1598.545	0.0000017528100922086716
1598.55	0.0000017911413224222388
1598.555	0.0000017920018043282055
1598.56	0.0000016978096921557635
1598.5649999999998	0.0000016376428456619013
1598.5700000000002	0.0000016541693434838136
1598.575	0.0000017094752466829774
1598.58	0.0000017583464601105943
1598.585	0.0000017603660517729196
1598.59	0.000001749580505980985
1598.5949999999998	0.0000017582021838697041
1598.6000000000001	0.0000017797176879523754
1598.605	0.0000017965420560824031
1598.61	0.0000017728664527992476
1598.615	0.0000017081110616287905
1598.62	0.0000016553145035144455
1598.6249999999998	0.00000164629364025832
1598.63	0.0000016928051083766383
1598.635	0.0000017749207031844899
1598.6399999999999	0.0000018116357091801027
1598.645	0.0000017898266608889722
1598.6499999999999	0.000001782077291716877
1598.6549999999997	0.0000018136073532236935
1598.66	0.0000018465474475619842
1598.665	0.0000018470049729285979
1598.67	0.0000018422023022643037
1598.675	0.0000018425472967958095
1598.6799999999998	0.000001779329189632051
1598.685	0.0000016874848302751298
1598.69	0.0000016636844334438745
1598.695	0.0000017325661859478284
1598.7	0.0000017866391462083753
1598.705	0.0000017774022030795287
1598.7099999999998	0.0000017882196880848119
1598.7150000000001	0.0000018331903110486747
1598.72	0.0000018183034343600934
1598.725	0.0000017364397866746754
1598.73	0.0000016659579805272455
1598.735	0.0000016732034270391528
1598.7399999999998	0.000001740807979502591
1598.7450000000001	0.0000018023008910119839
1598.75	0.000001825763876177472
1598.7549999999999	0.0000018227619332869483
1598.76	0.000001813851255784803
1598.7649999999999	0.0000018151104172425968
1598.7699999999998	0.0000018390245711117914
1598.775	0.0000018531509752669103
1598.78	0.0000018353901607945147
1598.785	0.0000017919303007245475
1598.79	0.0000017555642138228898
1598.7949999999998	0.000001767722388196764
1598.8	0.000001778672856398766
1598.805	0.0000016982506687527407
1598.81	0.0000016246362456365916
1598.815	0.0000017018786862194266
1598.82	0.000001813557487498018
1598.8249999999998	0.0000018196186693725575
1598.83	0.000001785608843155057
1598.835	0.000001799549403915749
1598.84	0.0000018129751724346325
1598.845	0.0000017868966894733387
1598.85	0.0000017740704043090125
1598.8549999999998	0.0000017963739277472597
1598.86	0.0000018162760048172128
1598.865	0.0000018196906452689306
1598.87	0.0000018256419619666192
1598.875	0.0000018353033115525228
1598.8799999999999	0.0000018357699681698987
1598.8849999999998	0.0000018199244533125888
1598.89	0.0000018039439977386066
1598.895	0.0000017889721827151163
1598.9	0.0000017711039270919111
1598.905	0.0000017604146271478826
1598.9099999999999	0.000001766223364107954
1598.915	0.000001786523141487044
1598.92	0.000001793515867057273
1598.925	0.0000017792592702499064
1598.93	0.0000017543077367492548
1598.935	0.0000017391937084890834
1598.9399999999998	0.0000017512670611769716
1598.945	0.0000017809287112140798
1598.95	0.0000017995502121160741
1598.955	0.0000017824965942632958
1598.96	0.0000017382028564873069
1598.965	0.000001707213807229668
1598.9699999999998	0.0000017062298041010906
1598.975	0.0000016996169147517228
1598.98	0.0000016278050910476283
1598.985	0.0000015531111088235598
1598.99	0.0000015512371511263888
1598.995	0.0000016410866810498126
1598.9999999999998	0.0000016968355183151232
1599.0049999999999	0.0000016086873214947331
1599.01	0.000001517491539619531
1599.015	0.0000015319795896733496
1599.02	0.0000015753424035194287
1599.0249999999999	0.0000015288378371006453
1599.03	0.0000014640812708248427
1599.035	0.000001484432755763247
1599.04	0.0000015069280362197472
1599.045	0.0000014484053455084199
1599.05	0.0000013955028686184133
1599.0549999999998	0.000001429105625777357
1599.06	0.0000015091921604397666
1599.065	0.0000015446788625641735
1599.07	0.0000015110780387653415
1599.075	0.0000014514248574197254
1599.08	0.0000014273309462417245
1599.0849999999998	0.0000014496597318555359
1599.09	0.0000014888473781139301
1599.095	0.0000015148616583611549
1599.1	0.0000015339080124820213
1599.105	0.0000015436206205914443
1599.11	0.0000015531046289107485
1599.1149999999998	0.0000015576256365702852
1599.12	0.0000015556392047179192
1599.125	0.0000015345194946784853
1599.13	0.0000015192702134134974
1599.135	0.0000015231385756331266
1599.1399999999999	0.0000014880812047617045
1599.145	0.000001411425063774897
1599.1499999999999	0.0000014200617267965164
1599.155	0.0000014611659710278204
1599.16	0.0000014634745870095396
1599.165	0.0000014698137887535073
1599.1699999999998	0.0000015120540311472909
1599.175	0.000001496869657337448
1599.18	0.0000014126070127900698
1599.185	0.0000013866506590021452
1599.19	0.0000014258237575524803
1599.195	0.0000014391208353973141
1599.1999999999998	0.0000014368803476059523
1599.205	0.0000014627183675487173
1599.21	0.000001501223370778808
1599.2150000000001	0.000001479617004891118
1599.22	0.0000013823596915773731
1599.225	0.0000013468048613783316
1599.2299999999998	0.000001369570910029455
1599.235	0.0000014200533390861812
1599.24	0.0000014131123334387104
1599.2450000000001	0.000001355317891314207
1599.25	0.0000013197730397623008
1599.2549999999999	0.0000013231542793170598
1599.26	0.0000013829537256400241
1599.2649999999999	0.0000014493585611504464
1599.27	0.0000014767503630576178
1599.275	0.0000014602984113626587
1599.28	0.0000014168343743151338
1599.2849999999999	0.000001390726008667069
1599.29	0.0000014019874026349947
1599.2949999999998	0.0000014531302538401697
1599.3	0.0000014884899360990414
1599.305	0.0000014761440302230572
1599.31	0.0000014447109251250833
1599.3149999999998	0.0000014667281587952624
1599.32	0.0000015158562075800374
1599.3249999999998	0.0000015222252058307753
1599.3300000000002	0.000001490483010893578
1599.335	0.000001496493725566507
1599.34	0.0000015453705891050035
1599.3449999999998	0.0000015366181874172404
1599.35	0.0000014833961291343613
1599.355	0.0000014755061860563814
1599.3600000000001	0.000001512453594288259
1599.365	0.0000015286313105367526
1599.37	0.0000015298331674953765
1599.375	0.0000015508150228086493
1599.3799999999999	0.0000015595179243018341
1599.385	0.000001528670634057045
1599.39	0.0000014952618116684114
1599.395	0.0000014932919199939963
1599.3999999999999	0.000001495201454961503
1599.405	0.0000014659905849603466
1599.4099999999999	0.0000014202312538232084
1599.415	0.0000014042347661972644
1599.42	0.0000014196110917745329
1599.425	0.0000014560769531190266
1599.4299999999998	0.0000014830753329400644
1599.435	0.0000014710948525652195
1599.4399999999998	0.0000014281910816695695
1599.4450000000002	0.0000013748686881843007
1599.45	0.0000013363632099338204
1599.455	0.0000013586515346670498
1599.46	0.0000014404011623871461
1599.465	0.0000015052879413196916
1599.4699999999998	0.0000014923716336887314
1599.4750000000001	0.0000014814457233719648
1599.48	0.0000014962617645057299
1599.485	0.000001491813058435188
1599.49	0.0000014889627511684771
1599.495	0.0000015069230662153045
1599.5	0.0000014971368511150006
1599.505	0.0000014614137684739228
1599.51	0.000001462294014938682
1599.5149999999999	0.0000014990474817397377
1599.52	0.0000015132160636274933
1599.5249999999999	0.0000014963926492180973
1599.53	0.000001483469053908121
1599.535	0.0000014652820579865272
1599.54	0.0000014150183552992754
1599.5449999999998	0.000001359488669334448
1599.55	0.0000013822390011672503
1599.5549999999998	0.0000014452361645388254
1599.5600000000002	0.0000014816206051710683
1599.565	0.000001483754371507327
1599.57	0.000001463249537461201
1599.575	0.0000014560373911687429
1599.58	0.000001459874535320749
1599.5849999999998	0.0000014500481432465458
1599.5900000000001	0.0000014313020576070439
1599.595	0.0000014141946041360278
1599.6	0.0000014146273475828292
1599.605	0.0000014405543365411219
1599.61	0.0000014756175025975373
1599.6149999999998	0.0000015006386146902552
1599.6200000000001	0.0000015100654048187544
1599.625	0.0000015123881591525526
1599.6299999999999	0.0000015091683520466093
1599.635	0.0000014862340839307913
1599.6399999999999	0.0000014302972059062838
1599.645	0.0000013604130402000836
1599.65	0.0000013565317921782877
1599.655	0.0000014072608700344963
1599.6599999999999	0.0000014519761742484828
1599.665	0.0000014449664767195143
1599.6699999999998	0.0000014426752467652186
1599.675	0.0000014641502937778233
1599.68	0.0000014526234730786593
1599.685	0.0000013955062507770545
1599.69	0.0000013676228199946995
1599.695	0.0000013988389106860064
1599.6999999999998	0.0000014358221427945279
1599.7050000000002	0.000001449201225198975
1599.71	0.0000014659428829021745
1599.715	0.0000014699949132784337
1599.72	0.0000014436237558166013
1599.725	0.000001409547060162835
1599.7299999999998	0.0000013949185442163059
1599.7350000000001	0.0000014006205102368563
1599.74	0.0000013993472147806449
1599.745	0.0000013641807928410667
1599.75	0.0000013249397739126687
1599.7549999999999	0.0000013132465832672962
1599.7599999999998	0.0000013348192618587004
1599.765	0.000001382806898659603
1599.77	0.0000014262642049207294
1599.7749999999999	0.0000014332001156916496
1599.78	0.0000013929563349535675
1599.7849999999999	0.0000013138505695417108
1599.79	0.0000012677188140709568
1599.795	0.0000013044949373990693
1599.8	0.0000013555300690721732
1599.805	0.0000012624364716658069
1599.81	0.000001148539653844408
1599.8149999999998	0.0000012136998462678354
1599.82	0.000001350266715114847
1599.825	0.0000014075974321930476
1599.83	0.0000014186656043965108
1599.835	0.0000014356244223464243
1599.84	0.000001414149378643579
1599.8449999999998	0.0000013696024646555982
1599.85	0.0000013502502082195455
1599.855	0.000001332721539346667
1599.86	0.0000012767302707993697
1599.865	0.0000012353432873095275
1599.87	0.0000012787325451798746
1599.8749999999998	0.0000013712534172354174
1599.88	0.0000014223843485066944
1599.885	0.0000013741819000717825
1599.8899999999999	0.0000013464974624056338
1599.895	0.0000013515568288925123
1599.8999999999999	0.00000134399343249605
1599.905	0.0000013153974869904934
1599.91	0.0000012829784417655444
1599.915	0.0000013015970287254926
1599.92	0.0000013399119082292788
1599.925	0.00000137424839467227
1599.9299999999998	0.0000013804815339294308
1599.935	0.0000013615111680977972
1599.94	0.0000013524920848622362
1599.945	0.0000013578808549313474
1599.95	0.0000013756324375097775
1599.955	0.000001370180313603479
1599.9599999999998	0.0000013223507098168691
1599.965	0.0000012463335847145717
1599.97	0.0000011930865178246903
1599.975	0.0000012049482616803309
1599.98	0.0000012612687402439197
1599.985	0.0000012865387730115273
1599.9899999999998	0.000001243386591733127
1599.995	0.0000012037987529846448
1600	0.00000123259845905376
1600.0049999999999	0.0000012946933710454601
1600.01	0.000001316123149467095
1600.0149999999999	0.000001305666535948712
1600.02	0.0000012940374043660709
1600.025	0.0000012573833581092522
1600.03	0.0000011913228217467601
1600.035	0.0000011704951282117648
1600.04	0.000001216996111050844
1600.0449999999998	0.00000124589758049141
1600.05	0.000001241876435055772
1600.055	0.0000012672995727534975
1600.06	0.0000012931866462497352
1600.065	0.000001256943082933546
1600.07	0.0000012000333821529705
1600.0749999999998	0.0000011740469242833356
1600.08	0.0000011802710519371044
1600.085	0.0000011864988464338463
1600.09	0.0000011603431042187732
1600.095	0.0000010935647556884529
1600.1	0.0000010125105692868815
1600.1049999999998	9.479406359286256e-7
1600.11	9.464379466635123e-7
1600.115	0.0000010094278841814535
1600.12	0.0000011107262604105702
1600.125	0.0000012209944007108517
1600.1299999999999	0.0000012170991440231693
1600.135	0.0000011811375002954594
1600.1399999999999	0.0000012037439620397062
1600.145	0.0000012239754270418565
1600.15	0.0000012008509499304624
1600.155	0.0000011781735390839148
1600.1599999999999	0.000001119073823836899
1600.165	0.0000010588422680750998
1600.17	0.0000010996650312724686
1600.175	0.0000012083136344096711
1600.18	0.0000011941890475304064
1600.185	0.0000010820170635113135
1600.1899999999998	0.0000010526854350118418
1600.195	0.0000011317108095370416
1600.2	0.000001190179863878548
1600.205	0.0000011909929086917729
1600.21	0.000001215111116197166
1600.215	0.0000012400732841347607
1600.2199999999998	0.0000012294445489179024
1600.225	0.000001181993218272021
1600.23	0.0000011661884677826929
1600.235	0.0000012012626335765572
1600.24	0.0000011877360496427598
1600.245	0.0000011337427348519083
1600.25	0.0000010614327035757536
1600.2549999999999	0.0000010371184640659649
1600.26	0.0000010780479837139306
1600.265	0.0000011386573383730253
1600.27	0.0000011844436649306728
1600.2749999999999	0.0000011892037717714967
1600.28	0.0000011567485633589604
1600.2849999999999	0.0000011305714190846351
1600.29	0.0000011396764986843846
1600.295	0.0000011693206765628864
1600.3	0.0000011759285414167012
1600.3049999999998	0.0000011318485265496939
1600.31	0.0000010673621284534394
1600.3149999999998	0.000001060740153346825
1600.32	0.0000011285576588066494
1600.325	0.0000011860854302730335
1600.33	0.0000011891784000396542
1600.335	0.0000011718594685002556
1600.34	0.0000011886200588029013
1600.345	0.0000012017963438161104
1600.35	0.0000011516746620182194
1600.355	0.0000010948822785315244
1600.36	0.0000011083379997451808
1600.365	0.0000011373367449137226
1600.37	0.0000011282755024871072
1600.375	0.0000011368281374932838
1600.38	0.000001181375411680975
1600.385	0.0000011768803195409025
1600.3899999999999	0.0000010757444445912976
1600.395	9.933130645323342e-7
1600.3999999999999	0.000001005864889218687
1600.405	0.0000010676634572403073
1600.41	0.0000011180077840964834
1600.415	0.000001132921301498885
1600.4199999999998	0.0000011231376286702049
1600.425	0.0000011174587670583336
1600.4299999999998	0.000001132173472413039
1600.435	0.0000011673276106664568
1600.44	0.00000118781563245015
1600.445	0.000001191205368549872
1600.45	0.0000011735834384909207
1600.455	0.0000011627261999259552
1600.4599999999998	0.0000011733569960124666
1600.465	0.0000011851620911329508
1600.47	0.0000011381605323658009
1600.475	0.000001087690493935826
1600.48	0.0000011119312061747186
1600.485	0.0000011554422715842123
1600.49	0.0000011440232240368406
1600.4950000000001	0.000001142763420623237
1600.5	0.0000011600277177008283
1600.5049999999999	0.0000011378640576672783
1600.51	0.000001097096372828668
1600.5149999999999	0.000001110954872087041
1600.52	0.00000115087266096344
1600.525	0.0000011410469867089979
1600.53	0.0000011157595366840563
1600.5349999999999	0.000001124715266553583
1600.54	0.0000011440514842445663
1600.5449999999998	0.000001134226618353668
1600.55	0.0000011198824559765992
1600.555	0.0000011534915857919867
1600.56	0.0000011566033517685774
1600.565	0.0000011139740367259414
1600.57	0.0000010543753819644834
1600.5749999999998	0.0000010242640929384365
1600.5800000000002	0.0000010583858855084856
1600.585	0.0000010980877550426217
1600.59	0.0000011225000277308872
1600.595	0.0000011234319389508706
1600.6	0.000001111324115831007
1600.6049999999998	0.0000011153595310729755
1600.6100000000001	0.000001132594491908073
1600.615	0.0000011485997357214333
1600.62	0.0000011478164400813052
1600.625	0.0000011243184952203224
1600.6299999999999	0.000001094295294457215
1600.635	0.000001096376893281968
1600.64	0.0000011218130116622234
1600.645	0.0000011285897927297688
1600.6499999999999	0.000001091048871935643
1600.655	0.000001053291206347033
1600.6599999999999	0.0000010702745414299902
1600.665	0.0000010840687730543054
1600.67	0.0000010268885347260006
1600.675	9.6934281715843e-7
1600.68	0.0000010063744438142265
1600.685	0.0000010770990549034083
1600.6899999999998	0.000001038913587805672
1600.6950000000002	9.694176078707338e-7
1600.7	9.787080321552808e-7
1600.705	0.0000010161429848602492
1600.71	0.0000010101322150225696
1600.715	0.0000010083108137672142
1600.7199999999998	0.0000010417640637949278
1600.7250000000001	0.000001078201322035087
1600.73	0.000001076182643782944
1600.735	0.0000010411763911134098
1600.74	0.000001018818306380945
1600.745	0.0000010222920406926075
1600.7499999999998	0.0000010259416038354365
1600.755	0.0000010175506016300742
1600.76	9.991466690285036e-7
1600.7649999999999	9.81948253166489e-7
1600.77	9.794682395211023e-7
1600.7749999999999	9.989300220875274e-7
1600.78	0.0000010336466208036827
1600.785	0.0000010649652093946512
1600.79	0.0000010680775297979685
1600.795	0.000001054223707520556
1600.8	0.0000010485967860029102
1600.8049999999998	0.0000010267946674215832
1600.81	9.831578960222303e-7
1600.815	9.904995355114126e-7
1600.82	0.0000010334020297346782
1600.825	0.0000010409081050957693
1600.83	0.0000010295611230885695
1600.8349999999998	0.0000010525521631409417
1600.8400000000001	0.0000010764841541356637
1600.845	0.0000010408186083793693
1600.85	9.939888368962884e-7
1600.855	9.909155630597717e-7
1600.86	0.0000010056909908855182
1600.8649999999998	0.0000010029808073763354
1600.8700000000001	9.949025506856687e-7
1600.875	0.0000010170008219200718
1600.8799999999999	0.000001068929118706958
1600.885	0.0000010805321157768253
1600.8899999999999	0.0000010626400881144601
1600.8949999999998	0.0000010389769385180904
1600.9	0.0000010294886714761216
1600.905	0.0000010163534008276442
1600.91	9.76978135172294e-7
1600.915	9.406877879205616e-7
1600.9199999999998	9.222952643687512e-7
1600.925	9.367197403190327e-7
1600.93	9.734862390894374e-7
1600.935	0.000001013929413782706
1600.94	0.0000010429905472114714
1600.945	0.0000010556541847992147
1600.9499999999998	0.0000010585633584611423
1600.955	0.000001060259792182244
1600.96	0.0000010647256274720043
1600.965	0.0000010637131711058862
1600.97	0.000001046550401273432
1600.975	0.0000010254363504877943
1600.9799999999998	0.000001015070320335917
1600.985	0.000001007877186313476
1600.99	9.882980087317724e-7
1600.995	9.676632588629739e-7
1601	9.801593070608867e-7
1601.0049999999999	0.000001005139254338799
1601.0099999999998	0.0000010082369112763122
1601.015	0.0000010001449492627315
1601.02	0.000001012736936869712
1601.025	0.00000101479786807038
1601.03	9.481746880211609e-7
1601.0349999999999	8.603098512606559e-7
1601.04	8.624155200594909e-7
1601.045	9.214427191561152e-7
1601.05	9.505473982206107e-7
1601.055	9.435923344115916e-7
1601.06	9.57365755923123e-7
1601.0649999999998	9.83964959028658e-7
1601.07	9.9236531216723e-7
1601.075	9.743578731428438e-7
1601.08	9.485248172582394e-7
1601.085	9.389683368708176e-7
1601.09	9.498471592966302e-7
1601.0949999999998	9.65018667789824e-7
1601.1	9.707869940610714e-7
1601.105	9.596582056290685e-7
1601.11	9.364913692201245e-7
1601.115	9.16420638903267e-7
1601.12	9.118575698198315e-7
1601.1249999999998	9.260849731992325e-7
1601.1299999999999	9.34752278275199e-7
1601.135	9.350537594479736e-7
1601.14	9.63697608081554e-7
1601.145	9.880333524540893e-7
1601.1499999999999	9.440020794869759e-7
1601.155	9.173566230603336e-7
1601.16	9.462952108972167e-7
1601.165	9.6597033807967e-7
1601.17	9.304594728220728e-7
1601.175	9.232302885096609e-7
1601.1799999999998	9.643096017415964e-7
1601.185	9.79596017127304e-7
1601.19	9.553216441397223e-7
1601.195	9.395112543183998e-7
1601.2	9.315709656582481e-7
1601.205	9.200917065594601e-7
1601.2099999999998	9.252870785831792e-7
1601.215	9.433031307534299e-7
1601.22	9.585118883423569e-7
1601.225	9.444372714605161e-7
1601.23	9.214957095231474e-7
1601.235	9.203220423194042e-7
1601.2399999999998	9.231728623764176e-7
1601.245	9.174325856964498e-7
1601.25	8.882640411934383e-7
1601.255	8.675322821111203e-7
1601.26	8.672667910038962e-7
1601.2649999999999	8.930500989636697e-7
1601.27	9.357738088659922e-7
1601.2749999999999	9.635130118904782e-7
1601.28	9.6190374342826e-7
1601.285	9.456313562096253e-7
1601.29	9.325111929336495e-7
1601.2949999999998	9.365193978832114e-7
1601.3	9.483143135394491e-7
1601.305	9.427116871419009e-7
1601.31	9.022459011825286e-7
1601.315	8.758675955687279e-7
1601.32	8.897253011158703e-7
1601.3249999999998	9.123233959921547e-7
1601.33	9.066279134881591e-7
1601.335	8.919453595329154e-7
1601.34	9.210852780951454e-7
1601.345	9.757121862055584e-7
1601.35	9.812162644583896e-7
1601.3549999999998	9.439935290477134e-7
1601.36	9.268821941077485e-7
1601.365	9.116266027192935e-7
1601.3700000000001	8.643952939009911e-7
1601.375	8.36629230222146e-7
1601.3799999999999	8.662025109815084e-7
1601.385	9.308172610756381e-7
1601.3899999999999	9.731217635802099e-7
1601.395	9.635403130149366e-7
1601.4	9.514671498055394e-7
1601.405	9.604662196407352e-7
1601.4099999999999	9.64340523461622e-7
1601.415	9.485004856268983e-7
1601.4199999999998	9.130075050292815e-7
1601.425	8.750440791754853e-7
1601.43	8.639869937260191e-7
1601.435	8.807353386587809e-7
1601.4399999999998	9.090021471757499e-7
1601.445	9.539801255616895e-7
1601.4499999999998	9.60955833476302e-7
1601.4550000000002	9.33895416381576e-7
1601.46	9.049766578383218e-7
1601.465	9.273766656581144e-7
1601.4699999999998	9.732079815285228e-7
1601.475	9.7134197901557e-7
1601.48	9.667312699366292e-7
1601.4850000000001	9.754955830735085e-7
1601.49	9.371785951177983e-7
1601.495	8.891808517365217e-7
1601.5	9.000525515554665e-7
1601.5049999999999	9.356676038131062e-7
1601.51	9.222007841661533e-7
1601.515	9.050046239720848e-7
1601.52	9.469149423238534e-7
1601.5249999999999	9.610178008188886e-7
1601.53	8.923159894429535e-7
1601.5349999999999	8.407364270751294e-7
1601.54	8.414746090415008e-7
1601.545	8.750753174646808e-7
1601.55	9.050750430849964e-7
1601.5549999999998	9.124565670484033e-7
1601.56	9.248251984697012e-7
1601.5649999999998	9.288496585213575e-7
1601.5700000000002	9.203396917028323e-7
1601.575	9.018776462384857e-7
1601.58	8.944714816679947e-7
1601.5849999999998	9.005341202384786e-7
1601.59	8.974366805749553e-7
1601.5949999999998	8.799619957132302e-7
1601.6000000000001	8.484543007994021e-7
1601.605	8.239488940248376e-7
1601.61	8.248741450263487e-7
1601.615	8.422393862947547e-7
1601.62	8.602028889784165e-7
1601.625	8.622265943146973e-7
1601.63	8.382861623202449e-7
1601.635	8.132957868553585e-7
1601.6399999999999	8.124557461549977e-7
1601.645	8.388111836850064e-7
1601.6499999999999	8.510437496788552e-7
1601.655	8.089659319668443e-7
1601.66	7.80955161770688e-7
1601.665	8.031344281878178e-7
1601.6699999999998	8.417778159191443e-7
1601.675	8.310028080206162e-7
1601.6799999999998	8.181702987471522e-7
1601.6850000000002	8.462061021912412e-7
1601.69	8.428119911766105e-7
1601.695	7.663421679263801e-7
1601.7	7.229840093868295e-7
1601.705	7.60807571568493e-7
1601.7099999999998	8.095854305760598e-7
1601.7150000000001	8.158539018832793e-7
1601.72	8.319866906083235e-7
1601.725	8.552878197782386e-7
1601.73	8.557104959331483e-7
1601.735	8.331757933843324e-7
1601.7399999999998	8.118300443174563e-7
1601.7450000000001	8.087318158058756e-7
1601.75	8.204034075590199e-7
1601.7549999999999	8.253904036340032e-7
1601.76	8.158311479426388e-7
1601.7649999999999	7.951005229601636e-7
1601.77	7.82545622846444e-7
1601.775	7.887095653189208e-7
1601.78	8.135694371653899e-7
1601.7849999999999	8.433667441223908e-7
1601.79	8.23718849967021e-7
1601.7949999999998	7.723002845782452e-7
1601.8	7.719967488372484e-7
1601.805	8.389785016354713e-7
1601.81	8.510045269752135e-7
1601.815	8.294361429154767e-7
1601.82	8.374108306392779e-7
1601.8249999999998	8.495406067260399e-7
1601.8300000000002	8.52306848543831e-7
1601.835	8.777913945059582e-7
1601.84	8.949102699553205e-7
1601.845	8.596293164220788e-7
1601.85	8.23144113983408e-7
1601.8549999999998	8.218512863030755e-7
1601.8600000000001	8.436888612530327e-7
1601.865	8.476628045318373e-7
1601.87	8.268914858170831e-7
1601.875	8.442210290153688e-7
1601.8799999999999	8.584965016016026e-7
1601.8849999999998	8.473395936677455e-7
1601.89	8.132800631702585e-7
1601.895	8.051145472419565e-7
1601.8999999999999	8.347853482076818e-7
1601.905	8.53747303172566e-7
1601.9099999999999	8.468885173732959e-7
1601.915	8.01135496677082e-7
1601.92	7.672362447166899e-7
1601.925	7.556440780285482e-7
1601.93	7.736120574107148e-7
1601.935	8.097977033424266e-7
1601.9399999999998	8.259257545534213e-7
1601.945	8.234271756925545e-7
1601.95	8.074340642250759e-7
1601.955	7.995374852018286e-7
1601.96	8.098752415037213e-7
1601.965	8.276750618237348e-7
1601.9699999999998	8.182861973451734e-7
1601.9750000000001	7.71824122185331e-7
1601.98	7.385383506937127e-7
1601.985	7.59644289131414e-7
1601.99	8.136835487276373e-7
1601.995	8.27477419073121e-7
1601.9999999999998	7.898548989883631e-7
1602.005	7.67386481761709e-7
1602.01	7.889439443658422e-7
1602.0149999999999	7.96076959401277e-7
1602.02	7.730427798050748e-7
1602.0249999999999	7.81322560144467e-7
1602.03	8.206856411804455e-7
1602.035	8.273776325584578e-7
1602.04	8.10851953487769e-7
1602.045	8.009721026714499e-7
1602.05	7.781268462441857e-7
1602.0549999999998	7.365892621252663e-7
1602.06	7.099703234401701e-7
1602.065	7.210374300078159e-7
1602.07	7.659045775533596e-7
1602.075	7.956638748663036e-7
1602.08	7.864368813372888e-7
1602.0849999999998	7.596133770316985e-7
1602.09	7.400308061351621e-7
1602.095	7.397100629702455e-7
1602.1	7.561582287061323e-7
1602.105	7.790704591749628e-7
1602.11	7.847423208384582e-7
1602.1149999999998	7.61627371219574e-7
1602.12	7.179128754404361e-7
1602.125	6.999617398118559e-7
1602.1299999999999	7.370931354023619e-7
1602.135	7.57155875486958e-7
1602.1399999999999	7.390748200897848e-7
1602.145	7.613907963943584e-7
1602.15	7.807160538718959e-7
1602.155	7.383610225499775e-7
1602.16	7.206462006342858e-7
1602.165	7.633861116655897e-7
1602.1699999999998	7.829477082834317e-7
1602.175	7.652856412577489e-7
1602.18	7.720370114986778e-7
1602.185	7.706635237598217e-7
1602.19	7.174912113365105e-7
1602.195	6.574081452994042e-7
1602.1999999999998	6.665059951569101e-7
1602.205	7.390321993131593e-7
1602.21	7.532278957831616e-7
1602.215	7.462708037049831e-7
1602.22	7.605497791873586e-7
1602.225	7.937904825464185e-7
1602.2299999999998	8.002184074054557e-7
1602.235	7.370476703638702e-7
1602.24	6.902506517394098e-7
1602.245	6.708650864500254e-7
1602.25	6.891590211669724e-7
1602.2549999999999	7.214984032518887e-7
1602.26	7.515376382006074e-7
1602.2649999999999	7.728684035997523e-7
1602.27	7.834360530298114e-7
1602.275	7.933889689407271e-7
1602.28	7.994986593083049e-7
1602.2849999999999	7.923835647018138e-7
1602.29	7.623016329362683e-7
1602.295	7.301146916673893e-7
1602.3	7.11701694034796e-7
1602.305	7.18019083050053e-7
1602.31	7.557092809216057e-7
1602.3149999999998	7.804729627438601e-7
1602.32	7.796266085422327e-7
1602.325	7.769940568596549e-7
1602.33	7.871534689509862e-7
1602.335	7.872721198218257e-7
1602.34	7.827787149417363e-7
1602.3449999999998	8.012541235885045e-7
1602.35	8.17554299438836e-7
1602.355	7.895254871844187e-7
1602.36	7.57825840857135e-7
1602.365	7.583028005147689e-7
1602.37	7.669117425157376e-7
1602.375	7.633249807946568e-7
1602.3799999999999	7.666199045826547e-7
1602.385	7.874874188116691e-7
1602.39	7.941218010172404e-7
1602.395	7.819877553768749e-7
1602.3999999999999	7.69504823582396e-7
1602.405	7.678720862147614e-7
1602.4099999999999	7.768152703264865e-7
1602.415	7.744035010091889e-7
1602.42	7.550296290667494e-7
1602.425	7.272055891941128e-7
1602.4299999999998	7.007974824402724e-7
1602.435	6.842768504771126e-7
1602.44	6.860655233905243e-7
1602.445	7.148361749532215e-7
1602.45	7.417410848439648e-7
1602.455	7.533381862470559e-7
1602.4599999999998	7.322013769755492e-7
1602.465	7.114772359387177e-7
1602.47	7.242537358150778e-7
1602.475	7.083686786246209e-7
1602.48	6.699970255993978e-7
1602.485	6.96477049651167e-7
1602.49	7.371845491914407e-7
1602.495	6.909603611666391e-7
1602.5	6.292902229568294e-7
1602.505	6.496006765433727e-7
1602.51	6.830644174669287e-7
1602.5149999999999	6.626738582896669e-7
1602.52	6.459292077162273e-7
1602.5249999999999	6.972247088958924e-7
1602.53	7.262867171538779e-7
1602.535	6.87861580054014e-7
1602.54	6.476765930269343e-7
1602.5449999999998	6.377617622627025e-7
1602.55	6.561817586524693e-7
1602.5549999999998	6.656798566867956e-7
1602.56	6.628807616766913e-7
1602.565	6.616702849055933e-7
1602.57	6.608140115324549e-7
1602.5749999999998	6.529544614847643e-7
1602.58	6.460665750635461e-7
1602.5849999999998	6.490131983050551e-7
1602.59	6.602385133289891e-7
1602.595	6.753218721031278e-7
1602.6	6.691509258762824e-7
1602.605	6.444597117103842e-7
1602.61	6.057362668311618e-7
1602.615	5.708108134139289e-7
1602.6200000000001	5.589251023221689e-7
1602.625	5.746499520965234e-7
1602.6299999999999	6.201192896030207e-7
1602.635	6.597869088104312e-7
1602.6399999999999	6.683626941586554e-7
1602.645	6.595408584388066e-7
1602.65	6.68455005488199e-7
1602.655	6.88770776761116e-7
1602.6599999999999	6.753374830772061e-7
1602.665	6.369280180336484e-7
1602.6699999999998	6.205486519887515e-7
1602.675	6.435117888169665e-7
1602.68	6.557237739798016e-7
1602.685	6.580160826745115e-7
1602.69	6.787672348481587e-7
1602.695	6.728243773026249e-7
1602.6999999999998	6.362619960940844e-7
1602.705	6.23856618700882e-7
1602.71	6.498713154913845e-7
1602.715	6.533819337317826e-7
1602.72	6.448491611381683e-7
1602.725	6.495544025415666e-7
1602.7299999999998	6.648668696684562e-7
1602.7350000000001	6.709222099909309e-7
1602.74	6.554911324905169e-7
1602.745	6.293697806216916e-7
1602.75	6.083012973175729e-7
1602.7549999999999	6.053136177013181e-7
1602.76	6.208399501035236e-7
1602.765	6.455632604399593e-7
1602.77	6.634580825947486e-7
1602.7749999999999	6.673980548730114e-7
1602.78	6.635094317016934e-7
1602.7849999999999	6.715699112030135e-7
1602.79	6.893231678366853e-7
1602.795	6.859144622563904e-7
1602.8	6.839636967814116e-7
1602.805	7.005924172203657e-7
1602.81	6.508712758713171e-7
1602.8149999999998	5.772106114080974e-7
1602.82	5.909811792774558e-7
1602.825	6.511504233952672e-7
1602.83	6.355947921973636e-7
1602.835	6.07267120416029e-7
1602.84	6.512197186071458e-7
1602.8449999999998	7.045746857549811e-7
1602.8500000000001	6.909613276092338e-7
1602.855	6.746896807330836e-7
1602.86	6.806915457722761e-7
1602.865	6.862712721513365e-7
1602.87	6.646251402708335e-7
1602.8749999999998	6.355611002073798e-7
1602.88	6.534557993359097e-7
1602.885	6.777494784501974e-7
1602.8899999999999	6.864559385864815e-7
1602.895	6.572292943206515e-7
1602.8999999999999	6.40918787406985e-7
1602.905	6.426454507056501e-7
1602.91	6.671750100414736e-7
1602.915	6.932506070794664e-7
1602.92	6.996511983237332e-7
1602.925	6.881469258860906e-7
1602.9299999999998	6.672378175950227e-7
1602.935	6.589974043418103e-7
1602.94	6.621487017743774e-7
1602.945	6.725755331078328e-7
1602.95	6.817946199316299e-7
1602.955	6.769126254505686e-7
1602.9599999999998	6.619086531319933e-7
1602.9650000000001	6.540841425708284e-7
1602.97	6.641737507938403e-7
1602.975	6.78211649041834e-7
1602.98	6.714817483430067e-7
1602.985	6.537875064023606e-7
1602.9899999999998	6.544688992979679e-7
1602.9950000000001	6.735236613542479e-7
1603	6.758249592258684e-7
1603.0049999999999	6.555936849057176e-7
1603.01	6.443634933543602e-7
1603.0149999999999	6.568426124945777e-7
1603.0199999999998	6.700640468534105e-7
1603.025	6.714678304564653e-7
1603.03	6.817318789490027e-7
1603.035	6.833294645734967e-7
1603.04	6.66106564563583e-7
1603.0449999999998	6.528557320340415e-7
1603.05	6.594852362581139e-7
1603.055	6.567335627086897e-7
1603.06	6.343186278561461e-7
1603.065	6.143853416196983e-7
1603.07	6.089878090656502e-7
1603.0749999999998	6.178951174685595e-7
1603.08	6.302064919763923e-7
1603.085	6.311679578039695e-7
1603.09	6.186153141933917e-7
1603.095	5.99986274655848e-7
1603.1	5.852968809709504e-7
1603.1049999999998	5.824552060439108e-7
1603.11	6.026898444882222e-7
1603.115	6.277100640874415e-7
1603.12	6.286125362177624e-7
1603.125	6.032970450618607e-7
1603.1299999999999	6.071901485169383e-7
1603.1349999999998	6.219187866918216e-7
1603.14	5.890628113799671e-7
1603.145	5.620993901465946e-7
1603.15	5.962863858738058e-7
1603.155	6.135043173580248e-7
1603.1599999999999	5.80676906657897e-7
1603.165	5.641421710536589e-7
1603.17	5.845861895224281e-7
1603.175	5.854879116067994e-7
1603.18	5.735060392948011e-7
1603.185	5.931326481368721e-7
1603.1899999999998	6.154891981525843e-7
1603.195	5.95071254858593e-7
1603.2	5.393811203265533e-7
1603.205	5.138393207135011e-7
1603.21	5.488454581649063e-7
1603.215	5.705454840692292e-7
1603.2199999999998	5.799575340689604e-7
1603.225	5.886827314962244e-7
1603.23	6.126201073377829e-7
1603.235	6.261037185088854e-7
1603.24	6.139675870667016e-7
1603.245	5.917342539808913e-7
1603.2499999999998	5.733148991802798e-7
1603.2549999999999	5.7730495737855e-7
1603.26	5.857982575113416e-7
1603.265	5.849781707622515e-7
1603.27	5.682084109595759e-7
1603.2749999999999	5.421823455896016e-7
1603.28	5.258104775101925e-7
1603.285	5.353429237873009e-7
1603.29	5.689922642344239e-7
1603.295	6.07788640714168e-7
1603.3	6.183598743532497e-7
1603.3049999999998	6.080510126009412e-7
1603.31	6.046685814457471e-7
1603.315	6.106998041970919e-7
1603.32	5.951879983326785e-7
1603.325	5.508357708618603e-7
1603.33	5.367799626178319e-7
1603.3349999999998	5.644140989381876e-7
1603.34	6.051840969371972e-7
1603.345	6.075110983675611e-7
1603.35	6.176084235169807e-7
1603.355	6.376441930912879e-7
1603.36	6.318516004699461e-7
1603.3649999999998	6.159731957250821e-7
1603.37	6.134598661623228e-7
1603.375	6.033191685585494e-7
1603.38	5.869639494818293e-7
1603.385	5.827305207211944e-7
1603.3899999999999	5.957696725774944e-7
1603.395	6.110260893778575e-7
1603.3999999999999	6.102927160886433e-7
1603.405	5.92997224463661e-7
1603.41	5.772651858296136e-7
1603.415	5.707047074494991e-7
1603.4199999999998	5.768593368583454e-7
1603.425	5.94766928026958e-7
1603.43	6.12260461685525e-7
1603.435	6.219187866918216e-7
1603.44	6.198439926030608e-7
1603.445	6.073246789098743e-7
1603.4499999999998	6.021407714643545e-7
1603.455	6.082673729630291e-7
1603.46	5.959991787838478e-7
1603.465	5.698678805215443e-7
1603.47	5.754195389359768e-7
1603.475	5.899954075433935e-7
1603.4799999999998	5.844893728735206e-7
1603.485	5.832436715531751e-7
1603.49	6.04284468033162e-7
1603.4950000000001	5.970726895798237e-7
1603.5	5.534584211734104e-7
1603.5049999999999	5.304284506968174e-7
1603.51	5.478192658254298e-7
1603.5149999999999	5.48688010649177e-7
1603.52	5.343866203496718e-7
1603.525	5.323411362326877e-7
1603.53	5.538007732053508e-7
1603.5349999999999	5.804452564480714e-7
1603.54	5.717893571704096e-7
1603.5449999999998	5.639611322405322e-7
1603.55	5.599260870596718e-7
1603.555	5.521432542276357e-7
1603.56	5.308390095853455e-7
1603.5649999999998	5.190343068753212e-7
1603.57	5.221020342804245e-7
1603.5749999999998	5.340973671616652e-7
1603.58	5.405778464387273e-7
1603.585	5.312107027771411e-7
1603.59	5.22295260221622e-7
1603.5949999999998	5.199415392555347e-7
1603.6	5.303711008468276e-7
1603.605	5.414151913135459e-7
1603.6100000000001	5.38579902153805e-7
1603.615	5.158886455194929e-7
1603.62	4.81099136868522e-7
1603.625	4.519859115189823e-7
1603.6299999999999	4.4847723357150364e-7
1603.635	4.782683654698859e-7
1603.64	5.136257751544704e-7
1603.645	5.220540703677559e-7
1603.6499999999999	5.074695167699596e-7
1603.655	5.113161514620884e-7
1603.6599999999999	5.428223173755926e-7
1603.665	5.423268650409187e-7
1603.67	4.888710724004892e-7
1603.675	4.546278033394017e-7
1603.6799999999998	4.934090524258714e-7
1603.685	5.413767893412338e-7
1603.6899999999998	5.588261704853192e-7
1603.695	5.857673379055584e-7
1603.7	5.908261005674389e-7
1603.705	5.542294608596094e-7
1603.7099999999998	5.30325346545339e-7
1603.715	5.395755986511102e-7
1603.7199999999998	5.418491936582759e-7
1603.7250000000001	5.292251566689874e-7
1603.73	5.163557984205221e-7
1603.735	5.204663843619303e-7
1603.74	5.480539407062714e-7
1603.745	5.886050526521104e-7
1603.75	6.099879605111591e-7
1603.755	6.156621452646506e-7
1603.76	6.117318754333597e-7
1603.7649999999999	6.055351045366395e-7
1603.77	6.034958346390341e-7
1603.7749999999999	6.029396889651418e-7
1603.78	5.938134632458326e-7
1603.785	5.656016247288249e-7
1603.79	5.451882105971571e-7
1603.7949999999998	5.628688517491701e-7
1603.8	5.686928152895056e-7
1603.8049999999998	5.498117452684268e-7
1603.8100000000002	5.755502682605161e-7
1603.815	6.027839273632074e-7
1603.82	5.666428912380235e-7
1603.8249999999998	5.171071802296341e-7
1603.83	5.301540848808681e-7
1603.8349999999998	5.502841486985503e-7
1603.8400000000001	5.361991002690288e-7
1603.845	5.494793494599832e-7
1603.85	5.861979987734923e-7
1603.855	5.73390156743347e-7
1603.86	5.402082118676152e-7
1603.8649999999998	5.295401152757405e-7
1603.8700000000001	5.385722843664995e-7
1603.875	5.456561307975598e-7
1603.8799999999999	5.413186334329834e-7
1603.885	5.494505926331238e-7
1603.8899999999999	5.55957091697251e-7
1603.895	5.526909171529708e-7
1603.9	5.290539619030198e-7
1603.905	5.136933606156945e-7
1603.9099999999999	5.112810467134401e-7
1603.915	5.245708344521975e-7
1603.9199999999998	5.457802508972864e-7
1603.925	5.557255267483416e-7
1603.93	5.501011508746985e-7
1603.935	5.300723253706621e-7
1603.9399999999998	5.071345389338884e-7
1603.945	5.017204445625542e-7
1603.9499999999998	5.132817058938184e-7
1603.9550000000002	5.312804543181947e-7
1603.96	5.287933426706371e-7
1603.965	4.99188599433838e-7
1603.97	4.6410684266425475e-7
1603.975	4.6553658583286815e-7
1603.9799999999998	4.990702941214167e-7
1603.9850000000001	5.340973798263724e-7
1603.99	5.347020453180981e-7
1603.995	5.243007866849733e-7
1604	5.295138960922272e-7
1604.0049999999999	5.102742666318497e-7
1604.0099999999998	4.5831474827088754e-7
1604.015	4.569853944350484e-7
1604.02	4.898751024163192e-7
1604.0249999999999	5.099981062860523e-7
1604.03	5.098018074581547e-7
1604.0349999999999	5.166410495472786e-7
1604.04	5.114862185596912e-7
1604.045	4.801015229500263e-7
1604.05	4.5807511810812615e-7
1604.055	4.5713469755008205e-7
1604.06	4.709370175839113e-7
1604.0649999999998	4.846655662331901e-7
1604.07	4.82661215479588e-7
1604.075	4.686517048915358e-7
1604.08	4.5867710209359444e-7
1604.085	4.566187141998638e-7
1604.09	4.669989272818583e-7
1604.0949999999998	4.831806596670223e-7
1604.1000000000001	4.966985728291655e-7
1604.105	5.008283596283732e-7
1604.11	4.881022820177521e-7
1604.115	4.834049584751096e-7
1604.12	4.960167356201083e-7
1604.1249999999998	4.814205461213071e-7
1604.13	4.5196207980649644e-7
1604.135	4.676952630209207e-7
1604.1399999999999	4.77175763679703e-7
1604.145	4.380923894531204e-7
1604.1499999999999	4.2849825002654263e-7
1604.155	4.602447761968993e-7
1604.16	4.7236334171265035e-7
1604.165	4.482930430662707e-7
1604.17	4.4718774909596514e-7
1604.175	4.667576343797288e-7
1604.1799999999998	4.806030923523129e-7
1604.185	4.804056900846738e-7
1604.19	4.87216402330447e-7
1604.195	4.840419724359414e-7
1604.2	4.320676913030453e-7
1604.205	3.915442119327884e-7
1604.2099999999998	3.885376775870968e-7
1604.215	4.2663033525103526e-7
1604.22	4.523921120422528e-7
1604.225	4.3477955207974423e-7
1604.23	4.1581741508687204e-7
1604.235	4.1285150697818536e-7
1604.2399999999998	4.449676941284372e-7
1604.245	4.810959695570634e-7
1604.25	4.998619142542787e-7
1604.2549999999999	4.983080777363217e-7
1604.26	4.844158959727579e-7
1604.2649999999999	4.811526612625841e-7
1604.27	4.859112265411552e-7
1604.275	4.870860910851135e-7
1604.28	4.666686527555764e-7
1604.285	4.291125178905084e-7
1604.29	3.934177032462438e-7
1604.2949999999998	3.8572964870025515e-7
1604.3	4.2269561889510813e-7
1604.305	4.7647749828445036e-7
1604.31	5.030400078305351e-7
1604.315	5.0198044634342e-7
1604.32	5.114268239830425e-7
1604.3249999999998	5.24692391778113e-7
1604.33	4.985054117262482e-7
1604.335	4.778817018143967e-7
1604.34	4.908807607549556e-7
1604.345	4.848899479222791e-7
1604.35	4.458255183363686e-7
1604.3549999999998	4.403059407243055e-7
1604.36	4.816899280276286e-7
1604.365	5.090370814982479e-7
1604.37	4.95318625808126e-7
1604.375	4.919185972442514e-7
1604.3799999999999	5.060371072343942e-7
1604.385	5.115341590405209e-7
1604.3899999999999	5.048318179716745e-7
1604.395	4.949887706919347e-7
1604.4	4.90122070429086e-7
1604.405	4.878536622118035e-7
1604.4099999999999	4.796548904187225e-7
1604.415	4.606530744252569e-7
1604.42	4.348937982248639e-7
1604.425	4.1084330058512983e-7
1604.43	4.0094207593086565e-7
1604.435	4.157902431515945e-7
1604.4399999999998	4.578047066431532e-7
1604.445	5.047876297286477e-7
1604.45	4.98852215285371e-7
1604.455	4.862519643607653e-7
1604.46	4.948885522435765e-7
1604.465	4.6708769740250274e-7
1604.4699999999998	4.2587221740308105e-7
1604.475	4.3022699105061286e-7
1604.48	4.718505726250033e-7
1604.485	4.826334151577376e-7
1604.49	4.792104691573658e-7
1604.495	4.966958565709219e-7
1604.5	5.132425473350423e-7
1604.5049999999999	4.957580437276676e-7
1604.51	4.7376404366455116e-7
1604.515	4.577232039938918e-7
1604.52	4.3096296289671724e-7
1604.5249999999999	4.1138768562170784e-7
1604.53	4.2125900568349915e-7
1604.5349999999999	4.6770873266517376e-7
1604.54	4.880691769802685e-7
1604.545	4.7393452760819064e-7
1604.55	4.4001423250944763e-7
1604.5549999999998	4.221278478804469e-7
1604.56	4.3264288694042873e-7
1604.565	4.4498676608412227e-7
1604.57	4.5386911597005934e-7
1604.575	4.470973594812528e-7
1604.58	4.4184161351352015e-7
1604.5849999999998	4.437095776611256e-7
1604.59	4.5872222064800326e-7
1604.595	4.761536885934952e-7
1604.6	4.751438509041773e-7
1604.605	4.610983317712211e-7
1604.61	4.4262001823862177e-7
1604.615	4.3870182352385576e-7
1604.62	4.5473520654133424e-7
1604.625	4.7212753244548726e-7
1604.63	4.5666802663033107e-7
1604.635	4.2398714963652653e-7
1604.6399999999999	4.1470567890012304e-7
1604.645	4.4218260049734007e-7
1604.6499999999999	4.723909255317681e-7
1604.655	4.786145680990914e-7
1604.66	4.815119216444087e-7
1604.665	4.920467439074162e-7
1604.6699999999998	4.849941158810793e-7
1604.675	4.6548093999808674e-7
1604.6799999999998	4.582013098567977e-7
1604.685	4.386933328092643e-7
1604.69	3.994882805517172e-7
1604.695	3.8116913456127553e-7
1604.6999999999998	4.1200084724477504e-7
1604.705	4.6253919218777597e-7
1604.7099999999998	4.857114284227868e-7
1604.715	4.6512250646355033e-7
1604.72	4.3454318692361017e-7
1604.725	4.233734376646353e-7
1604.73	4.344755454032104e-7
1604.735	4.454361836296015e-7
1604.74	4.491196786220617e-7
1604.7450000000001	4.464992345865705e-7
1604.75	4.457328072522585e-7
1604.7549999999999	4.527518296579271e-7
1604.76	4.654046272218841e-7
1604.7649999999999	4.77948285607981e-7
1604.77	4.666776385684087e-7
1604.775	4.4079941237241e-7
1604.78	4.372933693298646e-7
1604.7849999999999	4.5219351250808473e-7
1604.79	4.1785377025615157e-7
1604.7949999999998	3.9090012820413486e-7
1604.8	4.165831947404994e-7
1604.805	4.46744559265854e-7
1604.81	4.446112254654615e-7
1604.8149999999998	4.5511645395998327e-7
1604.82	4.6952842693631906e-7
1604.8249999999998	4.466227071568024e-7
1604.83	4.1931553476082127e-7
1604.835	4.2305104266287103e-7
1604.84	4.228885681186863e-7
1604.845	4.067404276591149e-7
1604.85	4.045659150181892e-7
1604.8549999999998	4.2499780329528493e-7
1604.8600000000001	4.499503898720217e-7
1604.865	4.2766627870437546e-7
1604.87	4.0912128562596185e-7
1604.875	4.181550710180899e-7
1604.8799999999999	4.387150457505935e-7
1604.885	4.535547433304435e-7
1604.89	4.342931322207996e-7
1604.895	4.2186340529445916e-7
1604.8999999999999	4.21505081994785e-7
1604.905	4.3322155312102966e-7
1604.9099999999999	4.3707256357175477e-7
1604.915	4.2290073014327484e-7
1604.92	4.0631161740999034e-7
1604.925	3.950806677185933e-7
1604.93	3.9941185151601125e-7
1604.935	4.2036580870876015e-7
1604.9399999999998	4.5257296651792046e-7
1604.945	4.722817377585505e-7
1604.95	4.6582159974146067e-7
1604.955	4.5086551857548414e-7
1604.96	4.5306885307245985e-7
1604.965	4.5611353554178195e-7
1604.9699999999998	4.3840442290230805e-7
1604.9750000000001	4.1107742756848096e-7
1604.98	4.1225773399907827e-7
1604.985	4.3452823494080893e-7
1604.99	4.4676533223054085e-7
1604.995	4.4734767357113025e-7
1604.9999999999998	4.5934392144142605e-7
1605.005	4.6974173322062864e-7
1605.01	4.4886815796108123e-7
1605.0149999999999	4.2147966119703487e-7
1605.02	4.2406012837070994e-7
1605.0249999999999	4.2983982691069006e-7
1605.03	4.1978331016340897e-7
1605.035	4.115585821376683e-7
1605.04	4.2202159541273346e-7
1605.045	4.438004335472101e-7
1605.05	4.5899515808255785e-7
1605.0549999999998	4.502058166999396e-7
1605.06	4.35791072835414e-7
1605.065	4.303579343248403e-7
1605.07	4.28389882072272e-7
1605.075	4.2391787961136507e-7
1605.08	4.1193491102275267e-7
1605.0849999999998	3.895761206482005e-7
1605.0900000000001	3.6011460797438006e-7
1605.095	3.402143634601457e-7
1605.1	3.407799365582838e-7
1605.105	3.742879193066542e-7
1605.11	4.084612109775672e-7
1605.1149999999998	3.874361322338538e-7
1605.1200000000001	3.597503006415371e-7
1605.125	3.819660548361023e-7
1605.1299999999999	4.0903912776350377e-7
1605.135	3.9294020223564596e-7
1605.1399999999999	3.955302645748836e-7
1605.1449999999998	3.9808144005542185e-7
1605.15	3.729944697561415e-7
1605.155	3.6501914180516567e-7
1605.16	3.95384415187147e-7
1605.165	4.0079794701420496e-7
1605.1699999999998	3.7105285784196347e-7
1605.175	3.5694215162642617e-7
1605.18	3.725669839599588e-7
1605.185	3.772063349765421e-7
1605.19	3.2506290340864313e-7
1605.195	3.1777497518949166e-7
1605.1999999999998	3.471528469079812e-7
1605.205	3.9230318690150945e-7
1605.21	4.218421278912118e-7
1605.215	4.024714324024294e-7
1605.22	3.9293853772624415e-7
1605.225	3.930180763008675e-7
1605.2299999999998	4.014435067023606e-7
1605.2350000000001	3.85916135190145e-7
1605.24	3.630387181529474e-7
1605.245	3.3870450129116816e-7
1605.25	3.3050730133566017e-7
1605.2549999999999	3.5131137711092363e-7
1605.2599999999998	3.856597292334481e-7
1605.265	4.139080325265907e-7
1605.27	4.1915991465830464e-7
1605.275	3.959477797638639e-7
1605.28	3.8214725867650793e-7
1605.2849999999999	3.9591528032474957e-7
1605.29	4.204619257627545e-7
1605.295	4.1052965960916756e-7
1605.3	3.6051045290330795e-7
1605.305	3.4348517782870955e-7
1605.31	3.70437738400456e-7
1605.3149999999998	4.0863663126501643e-7
1605.32	4.219626973123163e-7
1605.325	4.288865839969706e-7
1605.33	4.505688117716369e-7
1605.335	4.459415973490073e-7
1605.34	4.1747754263559873e-7
1605.3449999999998	4.08259655583999e-7
1605.35	4.100435141069231e-7
1605.355	3.9364967538174205e-7
1605.36	3.756000967461919e-7
1605.365	3.8803662544197016e-7
1605.37	4.178358708850272e-7
1605.3749999999998	4.325575847435307e-7
1605.3799999999999	4.295103176632683e-7
1605.385	4.2979273538788837e-7
1605.39	4.4271292552215875e-7
1605.395	4.5460270787971734e-7
1605.3999999999999	4.417386432903506e-7
1605.405	4.0839844420690013e-7
1605.41	3.7033370375682425e-7
1605.415	3.486331583440364e-7
1605.42	3.445561622867177e-7
1605.425	3.645545199623729e-7
1605.4299999999998	3.970777819084521e-7
1605.435	4.129725452405168e-7
1605.44	3.976921535974396e-7
1605.445	4.0842414048841236e-7
1605.45	4.291089595120889e-7
1605.455	4.2341096789066967e-7
1605.4599999999998	4.333507728489862e-7
1605.465	4.34875054839258e-7
1605.47	3.900418396031814e-7
1605.475	3.5567135741177925e-7
1605.48	3.741123968787998e-7
1605.485	4.0021337611151954e-7
1605.4899999999998	4.035633864321652e-7
1605.495	4.051582488493889e-7
1605.5	4.2590223219781e-7
1605.505	4.2650843599822246e-7
1605.51	3.653240747178187e-7
1605.5149999999999	3.3094309179890137e-7
1605.52	3.367605967672633e-7
1605.5249999999999	3.6765558252572155e-7
1605.53	3.8902028654356323e-7
1605.535	3.79054823168543e-7
1605.54	3.8417094811540853e-7
1605.5449999999998	3.999769779607534e-7
1605.55	4.2156838217992895e-7
1605.555	4.204695244273913e-7
1605.56	4.1028853613562436e-7
1605.565	3.9526800379261524e-7
1605.57	3.937126360417886e-7
1605.5749999999998	3.9290468812312973e-7
1605.58	3.8992149514971155e-7
1605.585	3.7955061933318957e-7
1605.59	3.657685996639476e-7
1605.595	3.5894792640957396e-7
1605.6	3.6106399423153944e-7
1605.6049999999998	3.69426242148884e-7
1605.61	3.7773475019377833e-7
1605.615	3.7365742219898995e-7
1605.6200000000001	3.621278361573572e-7
1605.625	3.6228532514911425e-7
1605.6299999999999	3.7859225101529653e-7
1605.635	3.848245625495422e-7
1605.6399999999999	3.5547924395315327e-7
1605.645	3.3267075443328203e-7
1605.65	3.4291489636110377e-7
1605.655	3.6306082222434905e-7
1605.6599999999999	3.4833003770216355e-7
1605.665	3.4009141757621415e-7
1605.6699999999998	3.631346325104228e-7
1605.675	3.757483008100422e-7
1605.68	3.555268443295513e-7
1605.685	3.394477223218691e-7
1605.6899999999998	3.398604158105705e-7
1605.695	3.243714834527317e-7
1605.7	2.9455456057737553e-7
1605.705	2.8823504248864776e-7
1605.71	3.1388772650504765e-7
1605.715	3.4820578410642077e-7
1605.7199999999998	3.6713807696318705e-7
1605.725	3.6513405823109895e-7
1605.73	3.512363404866762e-7
1605.7350000000001	3.3948783984407397e-7
1605.74	3.3609418973228284e-7
1605.745	3.3779086656710844e-7
1605.75	3.370824540535465e-7
1605.7549999999999	3.2788518885753327e-7
1605.76	3.1207045470163886e-7
1605.765	3.04114148710775e-7
1605.77	3.158490039032381e-7
1605.7749999999999	3.478914126551036e-7
1605.78	3.5639604553758713e-7
1605.7849999999999	3.4951151086736797e-7
1605.79	3.7204165174866087e-7
1605.795	3.862597060370254e-7
1605.8	3.573598454162662e-7
1605.8049999999998	3.3689687121990525e-7
1605.81	3.435798232247219e-7
1605.8149999999998	3.334632732468158e-7
1605.82	3.2109217002879383e-7
1605.825	3.508182133654186e-7
1605.83	3.82754186541375e-7
1605.8349999999998	3.7870744752249766e-7
1605.84	3.617698705614539e-7
1605.8449999999998	3.6558779340892307e-7
1605.8500000000001	3.651918391848428e-7
1605.855	3.289992791248952e-7
1605.86	3.2237050228157277e-7
1605.865	3.419566837094209e-7
1605.87	3.6952610019523235e-7
1605.875	3.7777132691881313e-7
1605.88	3.7040701494908354e-7
1605.885	3.7659298826826063e-7
1605.8899999999999	3.8877737348997e-7
1605.895	3.967866960480679e-7
1605.8999999999999	3.7810405499924013e-7
1605.905	3.5322835518941166e-7
1605.91	3.322036195411843e-7
1605.915	3.263745962667549e-7
1605.9199999999998	3.367578718678575e-7
1605.925	3.5102232699024774e-7
1605.9299999999998	3.5789888554458435e-7
1605.935	3.523305925418855e-7
1605.94	3.5041855130348404e-7
1605.945	3.6518386516877124e-7
1605.9499999999998	3.8526682490830744e-7
1605.955	3.7556704291907795e-7
1605.9599999999998	3.337959464149789e-7
1605.9650000000001	3.084411794988571e-7
1605.97	3.2059626522050237e-7
1605.975	3.603419311140486e-7
1605.98	3.657305011415851e-7
1605.985	3.45879778184589e-7
1605.9899999999998	3.5208040305597474e-7
1605.9950000000001	3.7011326022534315e-7
1606	3.5419647279958306e-7
1606.0049999999999	3.4783784576428147e-7
1606.01	3.6517582329420083e-7
1606.0149999999999	3.5161162279731224e-7
1606.02	3.14722274080592e-7
1606.025	3.0824441046873556e-7
1606.03	3.3277467187369663e-7
1606.0349999999999	3.498425306588986e-7
1606.04	3.447992573197882e-7
1606.0449999999998	3.307454685204677e-7
1606.05	3.2437943974568596e-7
1606.055	3.355576980646337e-7
1606.06	3.5073845794097016e-7
1606.0649999999998	3.591301953210454e-7
1606.07	3.5587225789173263e-7
1606.0749999999998	3.471849099051294e-7
1606.0800000000002	3.425225460355836e-7
1606.085	3.4748394637462076e-7
1606.09	3.6020737645368e-7
1606.095	3.59193360732252e-7
1606.1	3.328502895830104e-7
1606.1049999999998	2.922138020723985e-7
1606.1100000000001	2.871618624483003e-7
1606.115	3.1950590513238167e-7
1606.12	3.310669564386838e-7
1606.125	3.150808818889034e-7
1606.1299999999999	3.3491689431041237e-7
1606.1349999999998	3.410387927350976e-7
1606.14	2.8393816257672434e-7
1606.145	2.5053824209149157e-7
1606.1499999999999	2.838065432390811e-7
1606.155	3.2108512732871594e-7
1606.1599999999999	3.004317428719766e-7
1606.165	2.952364572368544e-7
1606.17	3.3822997625912913e-7
1606.175	3.483668390705857e-7
1606.1799999999998	3.2398036606552506e-7
1606.185	3.009963275552242e-7
1606.1899999999998	3.106351469767051e-7
1606.195	3.191299222302357e-7
1606.2	2.89475773604924e-7
1606.205	2.7782906190191573e-7
1606.21	2.898971557883794e-7
1606.215	3.335610100186894e-7
1606.2199999999998	3.5539891037515257e-7
1606.2250000000001	3.5131887534402375e-7
1606.23	3.290351413776511e-7
1606.235	3.195656965415332e-7
1606.24	3.284038395719735e-7
1606.245	3.4152934626730186e-7
1606.2499999999998	3.532174250205466e-7
1606.255	3.5261286154029964e-7
1606.26	3.458429791539105e-7
1606.2649999999999	3.4403198877012225e-7
1606.27	3.503145713033132e-7
1606.2749999999999	3.6277006421979926e-7
1606.28	3.711028775863852e-7
1606.285	3.6453707342029164e-7
1606.29	3.5472351616101973e-7
1606.295	3.5898454907599536e-7
1606.3	3.7542736537090174e-7
1606.3049999999998	3.801233318331936e-7
1606.31	3.537437008183264e-7
1606.315	3.2192325286412957e-7
1606.32	3.2385857702552366e-7
1606.325	3.5634816572119937e-7
1606.33	3.7451162367403043e-7
1606.3349999999998	3.835835782180436e-7
1606.34	3.7664404791616167e-7
1606.345	3.525000520031662e-7
1606.35	3.425332897037972e-7
1606.355	3.618513043614973e-7
1606.36	3.6855628612934e-7
1606.3649999999998	3.432210295649516e-7
1606.37	3.1949922947684866e-7
1606.375	3.174465960432566e-7
1606.3799999999999	3.3508854880818827e-7
1606.385	3.548626935614729e-7
1606.3899999999999	3.570238215430419e-7
1606.395	3.4530349595365764e-7
1606.4	3.3850726794565423e-7
1606.405	3.4122030687207106e-7
1606.41	3.5314241604220254e-7
1606.415	3.687502672565248e-7
1606.4199999999998	3.7030502593192295e-7
1606.425	3.504526680308743e-7
1606.43	3.147907185198848e-7
1606.435	3.0744659573177516e-7
1606.44	3.356794617982863e-7
1606.445	3.527310070694515e-7
1606.4499999999998	3.4146009397772993e-7
1606.455	3.500996411171856e-7
1606.46	3.61934068286258e-7
1606.465	3.521213042364276e-7
1606.47	3.5649754341226314e-7
1606.475	3.552844103082421e-7
1606.4799999999998	3.187605962847921e-7
1606.485	2.8855898738382606e-7
1606.49	3.02022057484501e-7
1606.495	3.2482794724546776e-7
1606.5	3.3085624599315775e-7
1606.5049999999999	3.3296067480309126e-7
1606.51	3.498281866608135e-7
1606.5149999999999	3.4322394335469455e-7
1606.52	3.268955571785005e-7
1606.525	3.1834837065600664e-7
1606.53	3.2178590458897874e-7
1606.5349999999999	3.2178590458897874e-7
1606.54	3.054015268818371e-7
1606.545	2.9304107890600293e-7
1606.55	2.896136526620217e-7
1606.555	3.0555526590855255e-7
1606.56	3.1886667740105926e-7
1606.5649999999998	3.2388120960375837e-7
1606.57	3.1341829386105945e-7
1606.575	2.991651618531183e-7
1606.58	2.945904597297423e-7
1606.585	2.9940590348000073e-7
1606.59	3.1093271171215347e-7
1606.5949999999998	3.2017011402654737e-7
1606.6	3.1597045763725354e-7
1606.605	3.0461446549268473e-7
1606.61	3.0166435563504017e-7
1606.615	3.0892314181203127e-7
1606.62	3.0577749410866336e-7
1606.625	2.8552542117495233e-7
1606.6299999999999	2.6808410040914137e-7
1606.635	2.7778511591653e-7
1606.64	3.108268393028025e-7
1606.645	2.972159030698167e-7
1606.6499999999999	2.5903734208313773e-7
1606.655	2.5508647914884675e-7
1606.6599999999999	2.770582816103637e-7
1606.665	2.6456049322635497e-7
1606.67	2.4699263122754146e-7
1606.675	2.6770687500318934e-7
1606.6799999999998	3.086749943602535e-7
1606.685	3.022894740186124e-7
1606.69	2.751618885168562e-7
1606.695	2.653681673881872e-7
1606.7	2.7879961829712605e-7
1606.705	2.900677419989087e-7
1606.7099999999998	2.778048765343779e-7
1606.715	2.6081295755153084e-7
1606.72	2.602777761195634e-7
1606.725	2.7496982126641946e-7
1606.73	2.990413747424447e-7
1606.735	3.217552032149212e-7
1606.74	3.3253433701678235e-7
1606.745	3.2843973356348e-7
1606.75	3.16585084223083e-7
1606.755	3.1132307673054485e-7
1606.76	3.2188400387956127e-7
1606.7649999999999	3.294771701364124e-7
1606.77	2.943071117758115e-7
1606.7749999999999	2.679485873398614e-7
1606.78	2.981655277660367e-7
1606.785	3.176060325477482e-7
1606.79	2.9623020238661203e-7
1606.7949999999998	3.061897538517953e-7
1606.8	3.2887274301627156e-7
1606.8049999999998	3.16725805000641e-7
1606.81	2.899903431620215e-7
1606.815	2.9688434546137735e-7
1606.82	3.0400861653009486e-7
1606.8249999999998	2.8487597144043304e-7
1606.83	2.6801065682984355e-7
1606.8349999999998	2.9518597520416755e-7
1606.84	3.4913395533815027e-7
1606.845	3.5223349859310476e-7
1606.85	3.449237089516269e-7
1606.855	3.4008939357027096e-7
1606.86	3.3402798189374477e-7
1606.865	3.060313623788839e-7
1606.8700000000001	2.812676924561948e-7
1606.875	2.74201569039222e-7
1606.8799999999999	2.8707236576470997e-7
1606.885	3.1195561356139323e-7
1606.8899999999999	3.267295534379876e-7
1606.895	3.312838347291919e-7
1606.9	3.266658849305539e-7
1606.905	3.250398186455412e-7
1606.9099999999999	3.309136376100494e-7
1606.915	3.410313329315509e-7
1606.9199999999998	3.4616525652094785e-7
1606.925	3.371148606010377e-7
1606.93	3.220802623743934e-7
1606.935	3.1600197184934294e-7
1606.9399999999998	3.2411916038324137e-7
1606.945	3.2585746988584507e-7
1606.9499999999998	3.0577020236373396e-7
1606.955	2.852260594123027e-7
1606.96	2.9588635304066387e-7
1606.965	3.2366293627586893e-7
1606.97	3.2575842526546476e-7
1606.975	3.0665546917249455e-7
1606.9799999999998	3.138665843177791e-7
1606.9850000000001	3.271705996123304e-7
1606.99	3.0498927187394004e-7
1606.995	2.8337144234135276e-7
1607	2.962072716554101e-7
1607.0049999999999	3.033977434277638e-7
1607.01	2.88420725147114e-7
1607.015	2.9150540105404466e-7
1607.02	3.14694684364426e-7
1607.0249999999999	3.202748939122867e-7
1607.03	3.1314505688681383e-7
1607.0349999999999	3.0708784444405956e-7
1607.04	3.068455265931332e-7
1607.045	3.065123244537435e-7
1607.05	2.931474952011666e-7
1607.0549999999998	2.6380751524296316e-7
1607.06	2.375631340860208e-7
1607.0649999999998	2.1843420584685934e-7
1607.07	2.1150699448923879e-7
1607.075	2.262472911874142e-7
1607.08	2.575471413137746e-7
1607.085	2.9535521291785095e-7
1607.09	3.0033183354339183e-7
1607.0949999999998	2.8586592888825185e-7
1607.1000000000001	2.9434706084867917e-7
1607.105	2.9457065115907427e-7
1607.11	2.405064752667241e-7
1607.115	2.2204208656933602e-7
1607.12	2.599437622546543e-7
1607.1249999999998	2.949593778555235e-7
1607.13	2.880899264470739e-7
1607.135	2.9466997811480346e-7
1607.1399999999999	3.070892124800439e-7
1607.145	2.742073274446423e-7
1607.1499999999999	2.417906875158043e-7
1607.155	2.4682898472866307e-7
1607.16	2.7064318946505054e-7
1607.165	2.888767483000264e-7
1607.17	2.9167377062017606e-7
1607.175	3.0721280443218026e-7
1607.1799999999998	3.218481813754194e-7
1607.185	3.1487399267711273e-7
1607.19	2.9544599011405264e-7
1607.195	2.8150388773991117e-7
1607.2	2.879216630719063e-7
1607.205	2.866530344196443e-7
1607.2099999999998	2.7370309938078534e-7
1607.2150000000001	2.479269495395444e-7
1607.22	2.3673752865663185e-7
1607.225	2.4200966427853697e-7
1607.23	2.6449022954711276e-7
1607.235	3.0547859780043406e-7
1607.2399999999998	3.2743843176332184e-7
1607.2450000000001	3.3274401964341255e-7
1607.25	3.28036931211287e-7
1607.2549999999999	3.218132649689246e-7
1607.26	3.2254395522058657e-7
1607.2649999999999	3.214970714900215e-7
1607.2699999999998	3.03649998493274e-7
1607.275	2.754940510074347e-7
1607.28	2.6669644731874337e-7
1607.285	2.894677799296337e-7
1607.29	3.0890033604015187e-7
1607.2949999999998	3.031813640212232e-7
1607.2999999999997	2.9604376809072316e-7
1607.305	3.1398841739239166e-7
1607.31	3.3385024522708803e-7
1607.315	3.0256528417200585e-7
1607.32	2.7247416794050555e-7
1607.3249999999998	2.825972231930715e-7
1607.33	3.0131056309405186e-7
1607.335	3.0108717184143667e-7
1607.34	2.9752142537919316e-7
1607.345	3.1136201077446154e-7
1607.35	3.2068968963060516e-7
1607.3549999999998	3.0218588271529616e-7
1607.3600000000001	2.916889905275753e-7
1607.365	2.994896972581057e-7
1607.37	3.1645849004888914e-7
1607.375	3.285867651624434e-7
1607.3799999999999	3.25758135365649e-7
1607.3849999999998	3.1197854514676903e-7
1607.39	3.030675056304144e-7
1607.395	3.022585281743932e-7
1607.4	3.0836372852481835e-7
1607.405	3.131371442048388e-7
1607.4099999999999	3.096940651286791e-7
1607.415	2.948971930640664e-7
1607.42	2.742704408785526e-7
1607.425	2.7471470910542626e-7
1607.43	3.01493728027648e-7
1607.435	3.143190256356002e-7
1607.4399999999998	3.0430591236617605e-7
1607.445	3.0923391636863376e-7
1607.45	3.0491600240008713e-7
1607.455	2.8116678612169593e-7
1607.46	2.8362310515157626e-7
1607.465	2.8981010227066284e-7
1607.4699999999998	2.624566806143963e-7
1607.475	2.490890403281031e-7
1607.48	2.7169798296535394e-7
1607.485	2.9128522462639214e-7
1607.49	2.409391138087025e-7
1607.495	2.0963760951096328e-7
1607.4999999999998	2.2871438397065278e-7
1607.5049999999999	2.600755255782964e-7
1607.51	2.73992452137697e-7
1607.515	2.678578260157317e-7
1607.52	2.695854413273089e-7
1607.5249999999999	2.881502435477624e-7
1607.53	2.967614150950319e-7
1607.535	2.951215588439683e-7
1607.54	2.843075772296035e-7
1607.545	2.7969972911987435e-7
1607.55	2.788157662232319e-7
1607.5549999999998	2.774011564206261e-7
1607.56	2.7358825732896815e-7
1607.565	2.6833592542646915e-7
1607.57	2.691108581125939e-7
1607.575	2.753474419829436e-7
1607.58	2.802590978544352e-7
1607.5849999999998	2.744885801770081e-7
1607.59	2.595479676497527e-7
1607.595	2.425573998960483e-7
1607.6	2.4022298806461104e-7
1607.605	2.578129141446092e-7
1607.61	2.7276026263503544e-7
1607.6149999999998	2.710474395177964e-7
1607.62	2.6318632891157737e-7
1607.625	2.673351371500386e-7
1607.63	2.8011125058737846e-7
1607.635	2.737148671314722e-7
1607.6399999999999	2.707472282345944e-7
1607.645	2.809814928053013e-7
1607.6499999999999	2.697073182359795e-7
1607.655	2.3107959242232235e-7
1607.66	2.0806323884559886e-7
1607.665	2.2055429580446572e-7
1607.6699999999998	2.4310187047312286e-7
1607.675	2.536393992613739e-7
1607.68	2.5780532078770953e-7
1607.685	2.7337794794116e-7
1607.69	2.9810428842639326e-7
1607.695	3.0525869586319645e-7
1607.6999999999998	2.8645396538490263e-7
1607.705	2.715190586224738e-7
1607.71	2.6536446455192083e-7
1607.715	2.663658901830985e-7
1607.72	2.695591945212073e-7
1607.725	2.6916382322494025e-7
1607.7299999999998	2.625742748250802e-7
1607.735	2.514964742653871e-7
1607.74	2.445214219654607e-7
1607.7450000000001	2.5251585121669964e-7
1607.75	2.7499860834969575e-7
1607.7549999999999	2.89779854090515e-7
1607.76	2.6979044614294106e-7
1607.7649999999999	2.603084744225585e-7
1607.77	2.8193586640606636e-7
1607.775	2.7762582100801416e-7
1607.78	2.512471669886232e-7
1607.7849999999999	2.6042354132418326e-7
1607.79	2.765093183870701e-7
1607.7949999999998	2.690429189245471e-7
1607.8	2.718763785725614e-7
1607.805	2.965660171632674e-7
1607.81	3.045456427578283e-7
1607.8149999999998	2.8203794036244333e-7
1607.82	2.68887166155098e-7
1607.825	2.8006750873268853e-7
1607.83	2.577094823180382e-7
1607.835	2.3461896220360016e-7
1607.84	2.3971334311372166e-7
1607.8449999999998	2.6402800932029375e-7
1607.85	2.895446856738913e-7
1607.855	2.74076457676668e-7
1607.8600000000001	2.595850350071046e-7
1607.865	2.5520731147434465e-7
1607.87	2.7128032363838474e-7
1607.875	2.7962078444105963e-7
1607.8799999999999	2.7304483174344703e-7
1607.885	2.510422867758347e-7
1607.89	2.3223452358582027e-7
1607.895	2.2712077649715373e-7
1607.8999999999999	2.361691085833416e-7
1607.905	2.558842166837934e-7
1607.9099999999999	2.7858362791752485e-7
1607.915	2.8766356563742536e-7
1607.92	2.808315602374595e-7
1607.925	2.775372406952206e-7
1607.9299999999998	2.864174910690158e-7
1607.935	2.966738456128709e-7
1607.9399999999998	2.921314461459749e-7
1607.945	2.813106303409047e-7
1607.95	2.851554798900912e-7
1607.955	2.88054834646024e-7
1607.9599999999998	2.59261570720288e-7
1607.965	2.283226671554282e-7
1607.9699999999998	2.36824842546274e-7
1607.9750000000001	2.6741498754774367e-7
1607.98	2.545970085237238e-7
1607.985	2.363134509467321e-7
1607.99	2.57465805986884e-7
1607.995	2.8204840766723115e-7
1608	2.7034349125905876e-7
1608.005	2.543304546186851e-7
1608.01	2.556654189149232e-7
1608.0149999999999	2.5848256647360154e-7
1608.02	2.419857242676014e-7
1608.0249999999999	2.342505237882868e-7
1608.03	2.471906036228532e-7
1608.035	2.660883752477499e-7
1608.04	2.7907847977354746e-7
1608.0449999999998	2.789904323623699e-7
1608.05	2.6580150670477966e-7
1608.0549999999998	2.4844275364046025e-7
1608.06	2.4242268277204423e-7
1608.065	2.487181035745813e-7
1608.07	2.645813961116774e-7
1608.0749999999998	2.7142481379289893e-7
1608.08	2.499019164140473e-7
1608.0849999999998	2.1786575462946815e-7
1608.0900000000001	2.2245211604791171e-7
1608.095	2.630633716962245e-7
1608.1	2.508020090384752e-7
1608.105	2.2926858769335986e-7
1608.11	2.5506930749641985e-7
1608.1149999999998	2.5886805356981825e-7
1608.1200000000001	2.3808807218871196e-7
1608.125	2.4084366837618654e-7
1608.1299999999999	2.563191849212383e-7
1608.135	2.5186017371950465e-7
1608.1399999999999	2.495510561302115e-7
1608.145	2.6369727814949807e-7
1608.15	2.735923671923938e-7
1608.155	2.462442727577375e-7
1608.1599999999999	2.170002849271153e-7
1608.165	2.248802778400353e-7
1608.1699999999998	2.437811802602577e-7
1608.175	2.567074067602568e-7
1608.18	2.484516435079558e-7
1608.185	2.502920303098187e-7
1608.1899999999998	2.66881688737588e-7
1608.195	2.870417558278444e-7
1608.1999999999998	2.9375070033868993e-7
1608.2050000000002	2.792688086056908e-7
1608.21	2.6431718166265094e-7
1608.215	2.5437540764299377e-7
1608.22	2.552138480711886e-7
1608.225	2.602687188508708e-7
1608.2299999999998	2.591910641691978e-7
1608.2350000000001	2.4938875297353563e-7
1608.24	2.3546252124273323e-7
1608.245	2.3250046433929682e-7
1608.25	2.449629817205711e-7
1608.2549999999999	2.697318221392155e-7
1608.2599999999998	2.853065748916329e-7
1608.265	2.737324043689314e-7
1608.27	2.6294714137593775e-7
1608.2749999999999	2.7354492927006215e-7
1608.28	2.7995251056890636e-7
1608.2849999999999	2.592981199470966e-7
1608.29	2.3879249555301154e-7
1608.295	2.440936323666328e-7
1608.3	2.684356435767191e-7
1608.3049999999998	2.7418615694620444e-7
1608.31	2.7577374101663557e-7
1608.3149999999998	2.8157108652091147e-7
1608.32	2.68304942957154e-7
1608.325	2.4624572871856096e-7
1608.33	2.40816928697028e-7
1608.335	2.5324792438122646e-7
1608.34	2.5410740680719376e-7
1608.3449999999998	2.3207791088503226e-7
1608.3500000000001	2.2798593777117048e-7
1608.355	2.4182804418850214e-7
1608.36	2.619886460071907e-7
1608.365	2.7236233534904585e-7
1608.37	2.640253007219789e-7
1608.3749999999998	2.4408503718826917e-7
1608.38	2.3419843337232633e-7
1608.385	2.3635886640926117e-7
1608.3899999999999	2.47151654097533e-7
1608.395	2.6472125146005175e-7
1608.3999999999999	2.7939669932237896e-7
1608.405	2.748562630374027e-7
1608.41	2.549446732456447e-7
1608.415	2.424498165680199e-7
1608.4199999999998	2.587379307777743e-7
1608.425	2.7105179891579994e-7
1608.4299999999998	2.657061445065082e-7
1608.435	2.7955573649188774e-7
1608.44	2.7876252995746297e-7
1608.445	2.48241176086679e-7
1608.45	2.4107824774550904e-7
1608.455	2.646939822412152e-7
1608.4599999999998	2.7397531939430277e-7
1608.465	2.6147319712985e-7
1608.47	2.5961432760856623e-7
1608.475	2.735705510380131e-7
1608.48	2.6856977535001387e-7
1608.485	2.6427125222216537e-7
1608.4899999999998	2.7170140977292287e-7
1608.4950000000001	2.6995950339685845e-7
1608.5	2.491059473935699e-7
1608.5049999999999	2.206251858690643e-7
1608.51	2.2190280937868198e-7
1608.5149999999999	2.3725014199275103e-7
1608.52	2.42023447292129e-7
1608.525	2.3069863671025634e-7
1608.53	2.1057748751905447e-7
1608.535	2.109967309914878e-7
1608.54	2.2709381039677292e-7
1608.5449999999998	2.497034037951118e-7
1608.55	2.6817889088997424e-7
1608.555	2.645959114757788e-7
1608.56	2.4782558032046673e-7
1608.565	2.3561084346507426e-7
1608.57	2.360295004033631e-7
1608.5749999999998	2.4520072479431174e-7
1608.58	2.437029643960245e-7
1608.585	2.2447947945530652e-7
1608.59	2.1566680826468402e-7
1608.595	2.330286501264998e-7
1608.6	2.559415615655185e-7
1608.6049999999998	2.4863024673164394e-7
1608.61	2.3038562346755493e-7
1608.615	2.3654139906170939e-7
1608.62	2.44788538094524e-7
1608.625	2.2212604964131978e-7
1608.6299999999999	2.0266261204904436e-7
1608.635	2.174835388836169e-7
1608.6399999999999	2.397810488239434e-7
1608.645	2.375342700774789e-7
1608.65	2.3484799782246434e-7
1608.655	2.522278597325781e-7
1608.6599999999999	2.5308419346018173e-7
1608.665	2.3113775318656903e-7
1608.67	2.199750624858237e-7
1608.675	2.2328716366347896e-7
1608.68	2.2760944611538006e-7
1608.685	2.191237742425941e-7
1608.6899999999998	1.9882327504231422e-7
1608.695	1.9119818369491432e-7
1608.7	1.9714628841467286e-7
1608.705	2.1248190227190096e-7
1608.71	2.3350051295536168e-7
1608.715	2.5481320928110264e-7
1608.7199999999998	2.595122923377482e-7
1608.725	2.4662267310205485e-7
1608.73	2.251890027644759e-7
1608.735	2.1185015891588664e-7
1608.74	2.1655601050578302e-7
1608.745	2.3343751428228568e-7
1608.75	2.2480833832934252e-7
1608.7549999999999	2.1403511955005253e-7
1608.76	2.331225683481538e-7
1608.765	2.52764265743874e-7
1608.77	2.575476383562401e-7
1608.7749999999999	2.70113179304479e-7
1608.78	2.6127897534834495e-7
1608.7849999999999	2.2508037636620875e-7
1608.79	2.046362270425861e-7
1608.795	2.1825458149455435e-7
1608.8	2.3463941455698606e-7
1608.8049999999998	2.2674775716846152e-7
1608.81	2.1875077643605196e-7
1608.815	2.436991909194908e-7
1608.82	2.58459084238444e-7
1608.825	2.420912254836749e-7
1608.83	2.2206585394807953e-7
1608.8349999999998	2.1979984571948878e-7
1608.84	2.4020240314074096e-7
1608.845	2.4256060335534307e-7
1608.85	2.3517432881445906e-7
1608.855	2.248780653323209e-7
1608.86	2.2863599199130723e-7
1608.865	2.4332416786134776e-7
1608.87	2.550938503334196e-7
1608.875	2.5841940681826e-7
1608.88	2.510123540695942e-7
1608.885	2.4506460164384304e-7
1608.8899999999999	2.452757548417467e-7
1608.895	2.5301875932394274e-7
1608.8999999999999	2.6420650434057324e-7
1608.905	2.653316780688899e-7
1608.91	2.5400292729550656e-7
1608.915	2.4008079097242826e-7
1608.9199999999998	2.3907587191473555e-7
1608.925	2.5313504630308033e-7
1608.9299999999998	2.5583427483243897e-7
1608.935	2.3896729659025386e-7
1608.94	2.2681711422074272e-7
1608.945	2.3968872284287854e-7
1608.9499999999998	2.5992363331671505e-7
1608.955	2.6168770783052825e-7
1608.96	2.6253606213256317e-7
1608.965	2.643714367422944e-7
1608.97	2.515833269536557e-7
1608.975	2.3466691036717458e-7
1608.98	2.3494555945472112e-7
1608.985	2.3611021049418929e-7
1608.99	2.3121498101627053e-7
1608.9950000000001	2.332875411490871e-7
1609	2.4739802912876256e-7
1609.0049999999999	2.5620338035897834e-7
1609.01	2.4612763418990875e-7
1609.0149999999999	2.2555643907234772e-7
1609.02	2.1378151215376602e-7
1609.025	2.1333388566930233e-7
1609.03	2.197495273011768e-7
1609.0349999999999	2.2708932098505956e-7
1609.04	2.2971684626926806e-7
1609.0449999999998	2.264237903974453e-7
1609.05	2.2033012319641594e-7
1609.055	2.203100339643636e-7
1609.06	2.27493300655754e-7
1609.0649999999998	2.3156664736888908e-7
1609.07	2.074646169074075e-7
1609.0749999999998	1.7243937167552373e-7
1609.08	1.71810176746001e-7
1609.085	2.0585018744375137e-7
1609.09	2.1634581540582255e-7
1609.095	2.0470683159099342e-7
1609.1	2.1753269698784823e-7
1609.1049999999998	2.3420113410877587e-7
1609.1100000000001	2.2655394024874374e-7
1609.115	2.2466149165778036e-7
1609.12	2.3132554446354672e-7
1609.125	2.1477257701127326e-7
1609.1299999999999	1.9551062064634734e-7
1609.135	1.9969512278371057e-7
1609.14	2.1541024897000481e-7
1609.145	2.263739157896223e-7
1609.1499999999999	2.322403294713135e-7
1609.155	2.4028222803443677e-7
1609.1599999999999	2.4556556543828365e-7
1609.165	2.3731180994301382e-7
1609.17	2.2823383677905876e-7
1609.175	2.22418614973432e-7
1609.1799999999998	2.2350311850416395e-7
1609.185	2.1698236738040984e-7
1609.1899999999998	2.073610857642704e-7
1609.195	1.9930114089015526e-7
1609.2	1.9943756509542326e-7
1609.205	2.126512324442974e-7
1609.21	2.2972435433769934e-7
1609.215	2.431570977744929e-7
1609.2199999999998	2.4663002196912036e-7
1609.2250000000001	2.3954521099781237e-7
1609.23	2.3122938032268696e-7
1609.235	2.286393989976962e-7
1609.24	2.32220642521722e-7
1609.245	2.3174953911637512e-7
1609.2499999999998	2.2246799281058562e-7
1609.255	2.1463716835360965e-7
1609.26	2.213551700065737e-7
1609.2649999999999	2.3636641784910947e-7
1609.27	2.377574338563491e-7
1609.2749999999999	2.3400813960177796e-7
1609.28	2.43442625648757e-7
1609.285	2.5803765486470546e-7
1609.29	2.49517461464899e-7
1609.2949999999998	2.2403133540844887e-7
1609.3	2.1985649935024144e-7
1609.3049999999998	2.3082645574731858e-7
1609.31	2.2923996495537207e-7
1609.315	2.238752341913095e-7
1609.32	2.339108123187148e-7
1609.325	2.52043336456115e-7
1609.33	2.575005335348157e-7
1609.3349999999998	2.434781584613104e-7
1609.3400000000001	2.3332001069184718e-7
1609.345	2.396944012949198e-7
1609.35	2.501687105865449e-7
1609.355	2.541049107988337e-7
1609.36	2.4873699171758326e-7
1609.3649999999998	2.3693346309032866e-7
1609.3700000000001	2.2935536825331432e-7
1609.375	2.3001797321651101e-7
1609.3799999999999	2.374610098134181e-7
1609.385	2.440440524833503e-7
1609.3899999999999	2.453597979122293e-7
1609.3949999999998	2.384988398672822e-7
1609.4	2.3235377000219183e-7
1609.405	2.423716860312681e-7
1609.41	2.479045855693845e-7
1609.415	2.0862400046629662e-7
1609.4199999999998	1.8091207869514762e-7
1609.425	1.9788755021812466e-7
1609.43	2.27143751288369e-7
1609.435	2.1567946827151687e-7
1609.44	2.072094892429198e-7
1609.445	2.2790255236784395e-7
1609.4499999999998	2.468984354528021e-7
1609.455	2.4033963529192185e-7
1609.46	2.3682484683168474e-7
1609.465	2.4752453838873167e-7
1609.47	2.35598234696017e-7
1609.475	2.1363213075089281e-7
1609.4799999999998	2.068142893335628e-7
1609.4850000000001	2.1481347899928928e-7
1609.49	2.259636205407261e-7
1609.495	2.2068687392364203e-7
1609.5	2.1942037052650767e-7
1609.5049999999999	2.2762725445750822e-7
1609.5099999999998	2.3238957205626338e-7
1609.515	2.2472931068157593e-7
1609.52	2.034897672242917e-7
1609.525	1.9246465987878512e-7
1609.53	1.932091458470067e-7
1609.5349999999999	2.0231609845781536e-7
1609.5399999999997	2.1124171199080384e-7
1609.545	2.0522991473769534e-7
1609.55	1.898963107913708e-7
1609.555	1.729593712705953e-7
1609.56	1.6863435305703608e-7
1609.5649999999998	1.803302005689352e-7
1609.57	1.978021391769251e-7
1609.575	2.0501336311660195e-7
1609.58	1.8769240742659835e-7
1609.585	1.7908261845423543e-7
1609.59	1.9096713940269754e-7
1609.5949999999998	2.0222153784595498e-7
1609.6	1.860551252002394e-7
1609.605	1.7590448089338257e-7
1609.61	1.9072988016680257e-7
1609.615	2.0891862771851e-7
1609.62	2.027768048081469e-7
1609.6249999999998	2.0433280629171438e-7
1609.6299999999999	2.0969790951888226e-7
1609.635	1.9358112846449506e-7
1609.64	1.7448176613647282e-7
1609.645	1.7794799861066495e-7
1609.6499999999999	1.9107629966998716e-7
1609.655	1.9321865283310292e-7
1609.66	1.8895670860723113e-7
1609.665	1.9566197075837922e-7
1609.67	2.1324585614161164e-7
1609.675	2.1923293580603916e-7
1609.6799999999998	2.1055663527441506e-7
1609.685	1.9452345599676803e-7
1609.69	1.8231813967324114e-7
1609.695	1.7984350370241195e-7
1609.7	1.8432812778690106e-7
1609.705	1.9161793973901153e-7
1609.7099999999998	1.9545794764911152e-7
1609.715	1.9142672693512786e-7
1609.72	1.8544064866507004e-7
1609.725	1.880426514917808e-7
1609.73	2.1348882304414813e-7
1609.735	2.3100607009879307e-7
1609.7399999999998	2.177711232129583e-7
1609.745	2.1228454088765974e-7
1609.75	2.180814166268607e-7
1609.755	2.0362650136596788e-7
1609.76	1.9430951569514174e-7
1609.7649999999999	2.061962627861038e-7
1609.77	2.1007575002884057e-7
1609.7749999999999	2.0367489438702094e-7
1609.78	2.0814262629838052e-7
1609.785	2.2498443219524525e-7
1609.79	2.2920521070785584e-7
1609.7949999999998	2.0940966286164364e-7
1609.8	1.9855965199007355e-7
1609.805	2.0901204002219296e-7
1609.81	2.1121508599412966e-7
1609.815	2.0723988066335294e-7
1609.82	2.0437838799636423e-7
1609.8249999999998	2.1919500690647785e-7
1609.83	2.2610920529334911e-7
1609.835	2.2194004601021355e-7
1609.84	2.0801287105643837e-7
1609.845	2.024890282355416e-7
1609.85	2.0910950801935525e-7
1609.8549999999998	2.1957661262204014e-7
1609.86	2.292965077199699e-7
1609.865	2.2347393698636236e-7
1609.8700000000001	2.1389098034039806e-7
1609.875	2.0739628056523567e-7
1609.8799999999999	2.0908361378773568e-7
1609.885	2.1691530392549239e-7
1609.8899999999999	2.206809311116344e-7
1609.895	2.0743737440343082e-7
1609.9	1.8745931566386084e-7
1609.905	1.7711278336068702e-7
1609.9099999999999	1.8874921511224862e-7
1609.915	2.1691418095212877e-7
1609.9199999999998	2.2874152274860162e-7
1609.925	2.1098508675292436e-7
1609.93	1.9508987579650492e-7
1609.935	2.0565140624771633e-7
1609.9399999999998	2.1617048166831567e-7
1609.945	2.0079020643685652e-7
1609.95	1.927789489767183e-7
1609.955	2.1615291683425496e-7
1609.96	2.270973843187102e-7
1609.965	2.1265147861884362e-7
1609.9699999999998	2.118054510669244e-7
1609.975	2.2964094979034396e-7
1609.98	2.2815038902909807e-7
1609.9850000000001	2.135672160252956e-7
1609.99	2.1005587341910346e-7
1609.995	2.1508384341220242e-7
1610	2.20300313529541e-7
1610.0049999999999	2.210088114420533e-7
1610.01	2.2094987918765971e-7
1610.015	2.2652146609536028e-7
1610.02	2.325349436041573e-7
1610.0249999999999	2.3344721057756297e-7
1610.03	2.268015352835437e-7
1610.0349999999999	2.1428457006008634e-7
1610.04	2.0290550123519754e-7
1610.045	1.9642004696378857e-7
1610.05	1.9717038400629264e-7
1610.0549999999998	2.0639759678655406e-7
1610.06	2.0408831000909336e-7
1610.0649999999998	1.8057175315210376e-7
1610.07	1.7128256130313267e-7
1610.075	1.9783223599406633e-7
1610.08	2.1756882346588686e-7
1610.0849999999998	2.0668715005495054e-7
1610.09	2.0806419598038518e-7
1610.0949999999998	2.0523241188427093e-7
1610.1000000000001	1.850387650510057e-7
1610.105	1.7976678739683098e-7
1610.11	2.0034894362375222e-7
1610.115	2.009888381103488e-7
1610.12	1.9070389746745915e-7
1610.125	1.9565661134655258e-7
1610.13	2.0523532019691755e-7
1610.135	1.9641657652989585e-7
1610.1399999999999	1.7624814793254035e-7
1610.145	1.6757430573002997e-7
1610.1499999999999	1.7979772504370898e-7
1610.155	1.788128040331304e-7
1610.16	1.7225783235838383e-7
1610.165	1.7139321005107122e-7
1610.1699999999998	1.8485569342294448e-7
1610.175	2.0920898818772544e-7
1610.1799999999998	2.18022633770057e-7
1610.185	2.1140322122724617e-7
1610.19	1.9463601551178268e-7
1610.195	1.8280836697404605e-7
1610.1999999999998	1.8486124958045408e-7
1610.205	1.9015983894510123e-7
1610.2099999999998	1.8892233232766645e-7
1610.2150000000001	1.7434297324347382e-7
1610.22	1.5488352547774794e-7
1610.225	1.471983957549521e-7
1610.23	1.6435235486142862e-7
1610.235	2.0279209389868917e-7
1610.2399999999998	2.1335693648526812e-7
1610.2450000000001	1.9491169736628945e-7
1610.25	1.8799505025162996e-7
1610.2549999999999	2.0529758060970422e-7
1610.26	2.089216162556237e-7
1610.2649999999999	1.8098470464017169e-7
1610.27	1.6612947423110899e-7
1610.275	1.8592122711717676e-7
1610.28	2.081336290345981e-7
1610.2849999999999	2.0136310298268083e-7
1610.29	2.0731307232977065e-7
1610.2949999999998	2.2805119947120262e-7
1610.3	2.235382179129821e-7
1610.305	2.0181936262758074e-7
1610.31	2.031134484999413e-7
1610.3149999999998	2.077736452581261e-7
1610.32	1.9546792888651486e-7
1610.3249999999998	1.7767224195147958e-7
1610.3300000000002	1.6609681972902425e-7
1610.335	1.7163318827070213e-7
1610.34	1.8839917749523642e-7
1610.345	2.064389290436261e-7
1610.35	2.167278046392437e-7
1610.3549999999998	2.1529058194780965e-7
1610.3600000000001	2.0609976845578552e-7
1610.365	1.9916114713096556e-7
1610.37	1.9997962344753648e-7
1610.375	2.1032476972462772e-7
1610.3799999999999	2.1476535679216618e-7
1610.3849999999998	1.9825098720967708e-7
1610.39	1.7200968738134238e-7
1610.395	1.766677534966908e-7
1610.3999999999999	1.9923423191239704e-7
1610.405	1.8889908738989602e-7
1610.4099999999999	1.6238033692169898e-7
1610.415	1.770260590287691e-7
1610.42	2.084526535622167e-7
1610.425	1.918181023277888e-7
1610.4299999999998	1.7287365248583298e-7
1610.435	1.8763812503995275e-7
1610.4399999999998	2.080286588438808e-7
1610.445	1.8119856514205975e-7
1610.45	1.661278981199384e-7
1610.455	1.8233730918777096e-7
1610.46	1.98584364317141e-7
1610.465	2.0200642721430776e-7
1610.4699999999998	2.0021556925283565e-7
1610.4750000000001	2.1025778092080809e-7
1610.48	2.179993455240492e-7
1610.485	2.123073895001695e-7
1610.49	2.0485018286110217e-7
1610.495	2.0196734486924803e-7
1610.4999999999998	2.0250218205206097e-7
1610.505	1.9262785088311963e-7
1610.51	1.787840805711774e-7
1610.5149999999999	1.6589466815834866e-7
1610.52	1.69761945660532e-7
1610.5249999999999	1.8211460809289844e-7
1610.53	1.975293846850137e-7
1610.535	2.0586025367693095e-7
1610.54	1.952499959952437e-7
1610.5449999999998	1.778005211201677e-7
1610.55	1.6853096353674078e-7
1610.5549999999998	1.7227009591798638e-7
1610.56	1.8417642862596398e-7
1610.565	1.848763973697431e-7
1610.57	1.6623272727442668e-7
1610.575	1.4933491676768406e-7
1610.58	1.5398069920490031e-7
1610.5849999999998	1.7888199546135167e-7
1610.59	1.902084384877234e-7
1610.595	1.7091354048011436e-7
1610.6	1.665709411606662e-7
1610.605	1.82832978718499e-7
1610.61	1.8797934366346811e-7
1610.6149999999998	1.75686289322839e-7
1610.6200000000001	1.8033637070360372e-7
1610.625	1.880440466366632e-7
1610.6299999999999	1.8044132587244545e-7
1610.635	1.7809702278240384e-7
1610.6399999999999	1.923663448983462e-7
1610.645	1.9979026470839427e-7
1610.65	1.902694357600783e-7
1610.655	1.8053689882071955e-7
1610.6599999999999	1.7794675711584334e-7
1610.665	1.766200156141053e-7
1610.6699999999998	1.701719571117041e-7
1610.675	1.599345931965677e-7
1610.68	1.5203430536556443e-7
1610.685	1.5225667627685042e-7
1610.69	1.6388211612798555e-7
1610.695	1.8202975598939683e-7
1610.6999999999998	1.9740103711972558e-7
1610.705	1.9793749779874472e-7
1610.71	1.7813806370726925e-7
1610.715	1.622236207818174e-7
1610.72	1.649222393875932e-7
1610.725	1.716157871908412e-7
1610.7299999999998	1.4305362017829017e-7
1610.735	1.402241845937253e-7
1610.74	1.721175931503637e-7
1610.745	2.0570192931726353e-7
1610.75	1.996813093326869e-7
1610.7549999999999	2.0313608743576833e-7
1610.76	2.0884794459675284e-7
1610.7649999999999	1.931143174229749e-7
1610.77	1.7864651178148152e-7
1610.775	1.8168324306243465e-7
1610.78	1.9318205766120695e-7
1610.7849999999999	1.8871071777181698e-7
1610.79	1.9428031286941093e-7
1610.795	2.0931252225882815e-7
1610.8	2.1162294923633507e-7
1610.805	1.9618879663446949e-7
1610.81	1.7590755366646033e-7
1610.8149999999998	1.7965830248185477e-7
1610.82	1.9084079047337817e-7
1610.825	1.914663368675773e-7
1610.83	1.7687790125566066e-7
1610.835	1.6007584790460775e-7
1610.84	1.5877027639497703e-7
1610.8449999999998	1.703435291307625e-7
1610.85	1.902243003640603e-7
1610.855	2.0828657281211015e-7
1610.86	2.0549975431300243e-7
1610.865	1.9227547839330657e-7
1610.87	1.8375481516806932e-7
1610.875	1.8940087822183308e-7
1610.8799999999999	2.0522558479159267e-7
1610.885	2.169673494957379e-7
1610.89	2.071939956903102e-7
1610.895	1.8553005639382568e-7
1610.8999999999999	1.8177797997671333e-7
1610.905	1.8920992067028664e-7
1610.9099999999999	1.8621081214587348e-7
1610.915	1.787436269184851e-7
1610.92	1.8794225123327614e-7
1610.925	2.0971567625191203e-7
1610.9299999999998	2.067434407531868e-7
1610.935	1.7912144339793624e-7
1610.94	1.7657322058558665e-7
1610.945	1.9575555491268027e-7
1610.95	1.99143415312059e-7
1610.955	1.7425889187334227e-7
1610.9599999999998	1.647619392736903e-7
1610.965	1.7779290001325312e-7
1610.97	1.8528326655723565e-7
1610.975	1.6532148195124354e-7
1610.98	1.5708012914927065e-7
1610.985	1.6873116010190524e-7
1610.99	1.9093742474489611e-7
1610.995	2.0529948642300635e-7
1611	1.9916162571317893e-7
1611.005	1.7926295883464164e-7
1611.01	1.6297305607480275e-7
1611.0149999999999	1.6120332936817628e-7
1611.02	1.6735603883189013e-7
1611.0249999999999	1.7471519790286066e-7
1611.03	1.767765214804507e-7
1611.035	1.6992972640262395e-7
1611.04	1.631193022757054e-7
1611.0449999999998	1.7535861934933986e-7
1611.05	2.00704283635577e-7
1611.0549999999998	1.8754008410246506e-7
1611.06	1.5993753283405088e-7
1611.065	1.6133525159855852e-7
1611.07	1.735254287435191e-7
1611.0749999999998	1.5214508782263905e-7
1611.08	1.398456531283601e-7
1611.085	1.6100297217414448e-7
1611.09	1.8673512117504418e-7
1611.095	1.8313091327849014e-7
1611.1	1.8068957388042288e-7
1611.105	1.8009133616299695e-7
1611.11	1.6217913565288508e-7
1611.115	1.4699009121323187e-7
1611.1200000000001	1.5032300002433268e-7
1611.125	1.645818618806923e-7
1611.1299999999999	1.6576220930771533e-7
1611.135	1.4891988325550244e-7
1611.1399999999999	1.5412795125667864e-7
1611.145	1.7025450530400993e-7
1611.15	1.8405230103407732e-7
1611.155	1.8301693534168044e-7
1611.1599999999999	1.7035956753856723e-7
1611.165	1.661661822149674e-7
1611.1699999999998	1.6470720911990975e-7
1611.175	1.6173405182250429e-7
1611.18	1.5008149546180168e-7
1611.185	1.3946101183727533e-7
1611.1899999999998	1.3547043120559174e-7
1611.195	1.437487452859421e-7
1611.1999999999998	1.6353506469204856e-7
1611.205	1.8522318397491056e-7
1611.21	1.90344086842371e-7
1611.215	1.6545822420234526e-7
1611.22	1.4571433553164182e-7
1611.225	1.4536746803876611e-7
1611.2299999999998	1.6179335232511417e-7
1611.2350000000001	1.712864454007577e-7
1611.24	1.5497950991501546e-7
1611.245	1.491219227353371e-7
1611.25	1.690617661580437e-7
1611.2549999999999	1.905562730547934e-7
1611.26	1.8480937956920767e-7
1611.265	1.8256476018423713e-7
1611.27	1.9528412942416547e-7
1611.2749999999999	1.867551494137126e-7
1611.28	1.6175450677657875e-7
1611.2849999999999	1.5731967607407205e-7
1611.29	1.7239183651483074e-7
1611.295	1.8056342934170907e-7
1611.3	1.7797811283311198e-7
1611.3049999999998	1.8428948756797504e-7
1611.31	2.0148604635473276e-7
1611.3149999999998	2.0659687874688812e-7
1611.32	1.9200527786694198e-7
1611.325	1.8088404363562712e-7
1611.33	1.7822852718464874e-7
1611.335	1.8264103016134652e-7
1611.34	1.8902189964794382e-7
1611.3449999999998	1.8941109603477907e-7
1611.3500000000001	1.7430874528568548e-7
1611.355	1.566632832843533e-7
1611.36	1.4522651409671424e-7
1611.365	1.489883643629403e-7
1611.37	1.7171784972407128e-7
1611.3749999999998	1.8717334297562952e-7
1611.38	1.7980167610524885e-7
1611.385	1.7708462660590394e-7
1611.3899999999999	1.9165277939191428e-7
1611.395	1.8076426503818033e-7
1611.3999999999999	1.5681063833091624e-7
1611.405	1.5544166772043668e-7
1611.41	1.7482683692932974e-7
1611.415	1.7315985100578247e-7
1611.4199999999998	1.5546451995488597e-7
1611.425	1.59026926395422e-7
1611.4299999999998	1.7777502477953575e-7
1611.435	1.7898314461846222e-7
1611.44	1.6470547395532673e-7
1611.445	1.6783114722814035e-7
1611.45	1.8101355068122984e-7
1611.455	1.760556048569818e-7
1611.4599999999998	1.605946049640594e-7
1611.4650000000001	1.5063869540871408e-7
1611.47	1.5972898312952508e-7
1611.475	1.6813218151031242e-7
1611.48	1.6448096360976467e-7
1611.485	1.5886766521676216e-7
1611.4899999999998	1.5943182823121316e-7
1611.4950000000001	1.7250336592927635e-7
1611.5	1.8095075419404045e-7
1611.5049999999999	1.788582798577834e-7
1611.51	1.6717406372505123e-7
1611.5149999999999	1.5589482442706224e-7
1611.5199999999998	1.5485174769097414e-7
1611.525	1.6166253695242502e-7
1611.53	1.6824133126038144e-7
1611.5349999999999	1.6597427899873023e-7
1611.54	1.569862554613429e-7
1611.5449999999998	1.516466157470347e-7
1611.55	1.5724286175651133e-7
1611.555	1.6985430594815423e-7
1611.56	1.6975165864708081e-7
1611.565	1.5669342423209864e-7
1611.57	1.5454395769808508e-7
1611.5749999999998	1.6384833754177652e-7
1611.58	1.597633796151088e-7
1611.585	1.3581203029723824e-7
1611.59	1.242781041634814e-7
1611.595	1.426727497869287e-7
1611.6	1.5784302752144975e-7
1611.6049999999998	1.4440977361262887e-7
1611.6100000000001	1.3322147308812176e-7
1611.615	1.449914202654144e-7
1611.62	1.566491762534066e-7
1611.625	1.4813975564871454e-7
1611.6299999999999	1.362348146676705e-7
1611.6349999999998	1.4251347461284083e-7
1611.64	1.568886020525838e-7
1611.645	1.5863048411023514e-7
1611.6499999999999	1.5153799353091656e-7
1611.655	1.5356869101402836e-7
1611.6599999999999	1.6385780611803464e-7
1611.6649999999997	1.743554888948203e-7
1611.67	1.7475922406707262e-7
1611.675	1.625967174262005e-7
1611.68	1.474875513621658e-7
1611.685	1.3978481834684936e-7
1611.6899999999998	1.4136567637771474e-7
1611.695	1.506499610444945e-7
1611.7	1.5478727539438072e-7
1611.705	1.4417280398421213e-7
1611.71	1.465242450097384e-7
1611.715	1.7525760241389956e-7
1611.7199999999998	1.8051675638724003e-7
1611.725	1.5251372595889854e-7
1611.73	1.444938436236047e-7
1611.735	1.611730782789448e-7
1611.74	1.6512888042846935e-7
1611.745	1.5116037664859287e-7
1611.7499999999998	1.557781282511808e-7
1611.755	1.758752345115471e-7
1611.76	1.8288496361699824e-7
1611.765	1.7954647498780017e-7
1611.77	1.880048939110283e-7
1611.7749999999999	1.9559491438891955e-7
1611.7799999999997	1.8509788552548983e-7
1611.785	1.7068364970763548e-7
1611.79	1.7471735433481455e-7
1611.795	1.764208523476381e-7
1611.8	1.639527495045418e-7
1611.8049999999998	1.574917488475967e-7
1611.81	1.6481084397156709e-7
1611.815	1.866619213526273e-7
1611.82	1.9723152445765706e-7
1611.825	1.9203778955602442e-7
1611.83	1.8411962909904149e-7
1611.8349999999998	1.811083106290374e-7
1611.84	1.8781601169027934e-7
1611.845	1.9414778317874717e-7
1611.85	1.9105314062338024e-7
1611.855	1.796328672603365e-7
1611.86	1.6573389538562094e-7
1611.8649999999998	1.5915902870898373e-7
1611.87	1.666992014670206e-7
1611.875	1.7943306929720864e-7
1611.88	1.804230656705375e-7
1611.885	1.677416359348984e-7
1611.8899999999999	1.609616088351682e-7
1611.8949999999998	1.7062039497491044e-7
1611.8999999999999	1.9550676445429728e-7
1611.905	1.9905474763511868e-7
1611.91	1.8436831987583862e-7
1611.915	1.7904392108515027e-7
1611.9199999999998	1.829081959491018e-7
1611.925	1.7004323859137093e-7
1611.93	1.47035897097053e-7
1611.935	1.5465763507033265e-7
1611.94	1.8109755500295868e-7
1611.945	1.938499240315386e-7
1611.9499999999998	1.8734168305870108e-7
1611.955	1.8901704143672777e-7
1611.96	1.9029500330002948e-7
1611.965	1.691918696042078e-7
1611.97	1.5065448272815327e-7
1611.975	1.4770428924007119e-7
1611.9799999999998	1.555575451151939e-7
1611.985	1.6054870958241395e-7
1611.99	1.5324511852218078e-7
1611.9950000000001	1.3445579527493455e-7
1612	1.2253164160313785e-7
1612.0049999999999	1.1913239682966733e-7
1612.01	1.2525610530990503e-7
1612.0149999999999	1.4159874867838428e-7
1612.02	1.6313272884111563e-7
1612.025	1.7064457656839408e-7
1612.03	1.5230873236575134e-7
1612.0349999999999	1.3973877713521517e-7
1612.04	1.4685580808862632e-7
1612.0449999999998	1.4996469586167707e-7
1612.05	1.2863058466095006e-7
1612.055	1.205886629781453e-7
1612.06	1.416950078971713e-7
1612.0649999999998	1.5157379854161988e-7
1612.07	1.3151912114913576e-7
1612.075	1.1984768377715203e-7
1612.08	1.279524853294409e-7
1612.085	1.3956187986252735e-7
1612.09	1.3950019583156088e-7
1612.0949999999998	1.3812852590436726e-7
1612.1	1.4437290954244393e-7
1612.105	1.4834517549295859e-7
1612.1100000000001	1.4211291756609093e-7
1612.115	1.4273094273736588e-7
1612.12	1.5269551207874898e-7
1612.125	1.4658519196591695e-7
1612.1299999999999	1.3414482274737285e-7
1612.135	1.2843283654896752e-7
1612.14	1.3292712589818697e-7
1612.145	1.3753854825310506e-7
1612.1499999999999	1.316978331747787e-7
1612.155	1.2971324952402505e-7
1612.1599999999999	1.351849441242095e-7
1612.165	1.4890308443975656e-7
1612.17	1.5983416411420607e-7
1612.175	1.5260586712112392e-7
1612.1799999999998	1.3600413185429591e-7
1612.185	1.1768740920069013e-7
1612.1899999999998	1.0732719877127698e-7
1612.195	1.0753306217235915e-7
1612.2	1.1703157805597909e-7
1612.205	1.2973758769803536e-7
1612.2099999999998	1.360102283254296e-7
1612.215	1.3424669015426192e-7
1612.22	1.4154727030239803e-7
1612.2250000000001	1.5679792051915748e-7
1612.23	1.588042957088197e-7
1612.235	1.4578756108500966e-7
1612.24	1.435453822144085e-7
1612.245	1.5551276437734022e-7
1612.25	1.468299251576836e-7
1612.255	1.2330574999609944e-7
1612.26	1.1883987664024774e-7
1612.2649999999999	1.4041346820816253e-7
1612.27	1.5831128966648635e-7
1612.2749999999999	1.6014055575474135e-7
1612.28	1.6579876428083738e-7
1612.285	1.6939308977725897e-7
1612.29	1.5823594998728079e-7
1612.2949999999998	1.4579544375916104e-7
1612.3	1.4440165539537303e-7
1612.3049999999998	1.5051503877483366e-7
1612.31	1.5208979837139156e-7
1612.315	1.4391689080987083e-7
1612.32	1.3660437159285572e-7
1612.3249999999998	1.3701871564551925e-7
1612.33	1.4597149173489297e-7
1612.3349999999998	1.5790616883571925e-7
1612.3400000000001	1.6399482568189456e-7
1612.345	1.5525139096915607e-7
1612.35	1.399965120253261e-7
1612.355	1.310136818596823e-7
1612.36	1.394832392073728e-7
1612.3649999999998	1.5647435148564582e-7
1612.3700000000001	1.459626918794262e-7
1612.375	1.2962985904274316e-7
1612.3799999999999	1.3979152061513461e-7
1612.385	1.568274787530691e-7
1612.3899999999999	1.4755965138946883e-7
1612.395	1.4176761867284588e-7
1612.4	1.5823397935541922e-7
1612.405	1.7105753628397286e-7
1612.4099999999999	1.643709327444966e-7
1612.415	1.5828229876051127e-7
1612.4199999999998	1.6108553942013367e-7
1612.425	1.5264698512388625e-7
1612.43	1.3294197311418248e-7
1612.435	1.334545396861205e-7
1612.4399999999998	1.5081640811070863e-7
1612.445	1.6089749861467375e-7
1612.4499999999998	1.6212754723072834e-7
1612.4550000000002	1.6089511228333887e-7
1612.46	1.6791203881039e-7
1612.465	1.5981611339867476e-7
1612.47	1.4327387512958629e-7
1612.475	1.2515451170051198e-7
1612.4799999999998	1.2128423844443361e-7
1612.4850000000001	1.3061402457200293e-7
1612.49	1.3954361240459306e-7
1612.495	1.4368103665077282e-7
1612.5	1.3501267762896618e-7
1612.5049999999999	1.272240288424193e-7
1612.5099999999998	1.264096461781567e-7
1612.515	1.336835078977663e-7
1612.52	1.4639132781390792e-7
1612.5249999999999	1.5653291255345354e-7
1612.53	1.4815285364371138e-7
1612.5349999999999	1.3471959133785577e-7
1612.54	1.2990721706910684e-7
1612.545	1.385946351295552e-7
1612.55	1.4425007736406042e-7
1612.5549999999998	1.332295596807239e-7
1612.56	1.1857447213115187e-7
1612.5649999999998	1.1874138418323102e-7
1612.57	1.3746385798243186e-7
1612.575	1.4355813013151578e-7
1612.58	1.2678251750842065e-7
1612.585	1.1856256155823141e-7
1612.59	1.3151465620519814e-7
1612.5949999999998	1.3648211449890345e-7
1612.6000000000001	1.208442328948211e-7
1612.605	1.1900678208212731e-7
1612.61	1.3451403265666348e-7
1612.615	1.371144230666947e-7
1612.62	1.2941670730181597e-7
1612.6249999999998	1.312290629926361e-7
1612.63	1.4009810021637976e-7
1612.635	1.39224088001925e-7
1612.6399999999999	1.2192125431160173e-7
1612.645	1.0038725165129456e-7
1612.6499999999999	9.323246525836666e-8
1612.6549999999997	9.865691691175157e-8
1612.66	1.0975573742843811e-7
1612.665	1.2417647947179127e-7
1612.6699999999998	1.3008567852219868e-7
1612.675	1.2374357527349169e-7
1612.6799999999998	1.1555844085960316e-7
1612.685	1.1637760920950669e-7
1612.69	1.3352706872929329e-7
1612.695	1.5436388515576173e-7
1612.7	1.450679138336739e-7
1612.705	1.2053760653921772e-7
1612.7099999999998	1.2400105497766688e-7
1612.715	1.3590916416654774e-7
1612.72	1.2569474972899e-7
1612.725	1.2368061367047566e-7
1612.73	1.4605101414595427e-7
1612.735	1.659229098626593e-7
1612.7399999999998	1.6632097630676986e-7
1612.7450000000001	1.6823035639069806e-7
1612.75	1.6157061431246192e-7
1612.7549999999999	1.3852093443702172e-7
1612.76	1.24121005254091e-7
1612.7649999999999	1.320238491853522e-7
1612.7699999999998	1.439888516372299e-7
1612.775	1.4512206532811612e-7
1612.78	1.4196709919032603e-7
1612.7849999999999	1.5909469570623631e-7
1612.79	1.6652027675414772e-7
1612.7949999999998	1.5360438310449717e-7
1612.8	1.3497489926705218e-7
1612.805	1.250434777382196e-7
1612.81	1.3412460743235804e-7
1612.815	1.4596800594179033e-7
1612.82	1.4835691968231737e-7
1612.8249999999998	1.3846784681156094e-7
1612.83	1.2535092865337834e-7
1612.835	1.2329916079036676e-7
1612.84	1.3251078708640113e-7
1612.845	1.505064105410495e-7
1612.85	1.6355170316967398e-7
1612.8549999999998	1.6183389137194492e-7
1612.86	1.558814957795157e-7
1612.865	1.5986569268714254e-7
1612.87	1.7123359902743557e-7
1612.875	1.6493405926436342e-7
1612.8799999999999	1.4587724216214459e-7
1612.885	1.3816911370438986e-7
1612.8899999999999	1.4640989024780118e-7
1612.895	1.5436846279084987e-7
1612.8999999999999	1.405713460829629e-7
1612.905	1.3709620467150765e-7
1612.9099999999999	1.5288916606473903e-7
1612.915	1.5705140011183221e-7
1612.92	1.3762133715921238e-7
1612.925	1.3032908029498555e-7
1612.93	1.5103053714541341e-7
1612.935	1.5129261607128316e-7
1612.9399999999998	1.3087150277941097e-7
1612.945	1.2229258315501973e-7
1612.95	1.313979092710465e-7
1612.955	1.3750043964401488e-7
1612.96	1.3306681914824682e-7
1612.965	1.2422591231057462e-7
1612.9699999999998	1.2686493792064453e-7
1612.975	1.4072861581558954e-7
1612.98	1.5349305346528707e-7
1612.985	1.5321063478414406e-7
1612.99	1.3796262866681833e-7
1612.995	1.1725569852390758e-7
1613	1.0496571148137e-7
1613.0049999999999	1.0329688161098936e-7
1613.01	1.1396882680269246e-7
1613.0149999999999	1.2907853917183925e-7
1613.02	1.304577973161731e-7
1613.0249999999999	1.1588911710109805e-7
1613.03	1.1837823681944299e-7
1613.0349999999999	1.4098144796186993e-7
1613.04	1.4783570820591088e-7
1613.045	1.2660855660943623e-7
1613.05	1.2649784923686816e-7
1613.0549999999998	1.3354085023338844e-7
1613.06	1.2007535786447846e-7
1613.065	1.086022148199049e-7
1613.07	1.209346274925792e-7
1613.075	1.2986417451455642e-7
1613.08	1.1941587449453694e-7
1613.0849999999998	1.154510684485372e-7
1613.09	1.254137899059457e-7
1613.095	1.2765794816161726e-7
1613.1	1.10288638994397e-7
1613.105	9.620002958438095e-8
1613.11	1.1221144543366246e-7
1613.115	1.2147862665406062e-7
1613.12	1.2099990710128144e-7
1613.125	1.1057321306887012e-7
1613.13	1.1399251189977171e-7
1613.135	1.2744511600450686e-7
1613.1399999999999	1.3871106210203151e-7
1613.145	1.3809274995514684e-7
1613.1499999999999	1.2020559484884244e-7
1613.155	1.1003389308561068e-7
1613.16	1.0785489138155548e-7
1613.165	1.1413590292441185e-7
1613.1699999999998	1.2030406928505814e-7
1613.175	1.1301057740584183e-7
1613.1799999999998	1.018251871826584e-7
1613.185	9.460471343257195e-8
1613.19	9.695305133632726e-8
1613.195	1.1378162614568716e-7
1613.1999999999998	1.3832181299538547e-7
1613.205	1.4471061669610474e-7
1613.21	1.2680591945500585e-7
1613.215	1.1531644561573555e-7
1613.22	1.2047159431077322e-7
1613.225	1.2542848044758412e-7
1613.23	1.0877561948797484e-7
1613.235	9.53430736759228e-8
1613.24	1.0949888578120231e-7
1613.2450000000001	1.3658442699958094e-7
1613.25	1.371976636125534e-7
1613.2549999999999	1.2862871191179422e-7
1613.26	1.3998236602163928e-7
1613.2649999999999	1.4124283227058805e-7
1613.27	1.2169936505646286e-7
1613.275	1.2043787869006222e-7
1613.28	1.3133242466285779e-7
1613.2849999999999	1.2987008965112234e-7
1613.29	1.2295206187484928e-7
1613.2949999999998	1.2275865019537958e-7
1613.3	1.3319101266193286e-7
1613.305	1.4868331564152606e-7
1613.31	1.5645278595429203e-7
1613.3149999999998	1.483770003617804e-7
1613.32	1.368177212474616e-7
1613.3249999999998	1.2743827634471636e-7
1613.33	1.2594804790097282e-7
1613.335	1.3205491952881857e-7
1613.34	1.3799306180472852e-7
1613.345	1.3197621652425406e-7
1613.35	1.2262992410324145e-7
1613.3549999999998	1.2659448354530497e-7
1613.3600000000001	1.453746976139278e-7
1613.365	1.3617597821259573e-7
1613.37	1.1732540196643976e-7
1613.375	1.2293338911896577e-7
1613.3799999999999	1.4240771803454046e-7
1613.385	1.3897695598419562e-7
1613.39	1.2778227257136963e-7
1613.395	1.3795739300143322e-7
1613.3999999999999	1.2987240221915235e-7
1613.405	1.122705542171274e-7
1613.4099999999999	1.1612481079028705e-7
1613.415	1.388141217279073e-7
1613.42	1.3899647706111752e-7
1613.425	1.2126611719079163e-7
1613.4299999999998	1.2807541082786797e-7
1613.435	1.3526649147731278e-7
1613.4399999999998	1.3231433976823936e-7
1613.445	1.1643236909470859e-7
1613.45	1.1629524527813282e-7
1613.455	1.288122341805402e-7
1613.46	1.3675865322618633e-7
1613.465	1.349423100596433e-7
1613.4699999999998	1.2327721669198435e-7
1613.4750000000001	1.206325636077611e-7
1613.48	1.2695765456046882e-7
1613.485	1.4204400727875438e-7
1613.49	1.469352058360299e-7
1613.495	1.3600201914103063e-7
1613.4999999999998	1.2004739937979502e-7
1613.505	1.0743181967199168e-7
1613.51	1.0708870594232843e-7
1613.5149999999999	1.1764744940489377e-7
1613.52	1.281648229983368e-7
1613.5249999999999	1.2288877946465935e-7
1613.53	1.0650573445603044e-7
1613.535	1.011207276313451e-7
1613.54	1.1196949545030851e-7
1613.5449999999998	1.3351341453801363e-7
1613.55	1.4280530135182185e-7
1613.5549999999998	1.2905492385611507e-7
1613.56	1.211180412603871e-7
1613.565	1.273992939318774e-7
1613.57	1.207418569178213e-7
1613.575	1.0100868403782004e-7
1613.58	1.0293531033432733e-7
1613.5849999999998	1.3164452548510192e-7
1613.5900000000001	1.3400300438693005e-7
1613.595	1.1869759217127564e-7
1613.6	1.2281035267291638e-7
1613.605	1.2980188648929297e-7
1613.61	1.0695362081561674e-7
1613.6149999999998	8.833651968932954e-8
1613.6200000000001	8.494025914975994e-8
1613.625	9.559715633469811e-8
1613.6299999999999	1.149412461234714e-7
1613.635	1.304148085898969e-7
1613.6399999999999	1.315184428338835e-7
1613.6449999999998	1.2967033899013287e-7
1613.65	1.305613029202878e-7
1613.655	1.3630341957415338e-7
1613.6599999999999	1.451410745394223e-7
1613.665	1.5233597277465234e-7
1613.6699999999998	1.4453161261042973e-7
1613.675	1.2685172588825395e-7
1613.68	1.1468166379226643e-7
1613.685	1.16186054114618e-7
1613.69	1.2467649372890834e-7
1613.695	1.223129081874201e-7
1613.6999999999998	1.1984768377715203e-7
1613.705	1.3839749116947075e-7
1613.71	1.5587063066605416e-7
1613.715	1.4549548690930115e-7
1613.72	1.3478871151532115e-7
1613.725	1.4232534083680462e-7
1613.7299999999998	1.3656999864514146e-7
1613.7350000000001	1.1337302792682369e-7
1613.74	1.1220769242963993e-7
1613.745	1.348030967218911e-7
1613.75	1.439879182814428e-7
1613.7549999999999	1.335038357141199e-7
1613.7599999999998	1.4182021176315623e-7
1613.765	1.5722379496490957e-7
1613.77	1.5012973910344328e-7
1613.7749999999999	1.3677360963650234e-7
1613.78	1.3257528970985882e-7
1613.7849999999999	1.434444510070707e-7
1613.7899999999997	1.4155942200716968e-7
1613.795	1.3412927186232978e-7
1613.8	1.2842740080169335e-7
1613.805	1.3339540084502244e-7
1613.81	1.4894216335446197e-7
1613.8149999999998	1.565644034650555e-7
1613.82	1.5410874477027013e-7
1613.825	1.4225772618146512e-7
1613.83	1.3185317311299451e-7
1613.835	1.3295254477882017e-7
1613.84	1.4244707191506753e-7
1613.8449999999998	1.5077118381315605e-7
1613.85	1.4673751872686028e-7
1613.855	1.3137687716854476e-7
1613.86	1.247804559653909e-7
1613.865	1.3358978401948655e-7
1613.87	1.4559174274607286e-7
1613.8749999999998	1.3923030127413217e-7
1613.88	1.251063400088876e-7
1613.885	1.2548836480732236e-7
1613.8899999999999	1.4517375945715467e-7
1613.895	1.482204262953419e-7
1613.8999999999999	1.2881374402943334e-7
1613.9049999999997	1.278783354630599e-7
1613.91	1.3698600438431377e-7
1613.915	1.190984385040498e-7
1613.92	1.069170369094625e-7
1613.925	1.2126369904970997e-7
1613.9299999999998	1.2994799854815728e-7
1613.935	1.1810885830210308e-7
1613.94	1.0887697641312123e-7
1613.945	1.1677821541901782e-7
1613.95	1.367406602709169e-7
1613.955	1.429095432996672e-7
1613.9599999999998	1.2590618147475676e-7
1613.965	1.112831377738471e-7
1613.97	1.0493882752282001e-7
1613.975	1.0789791377392843e-7
1613.98	1.1749249703873019e-7
1613.985	1.247239490449831e-7
1613.9899999999998	1.2170893034186658e-7
1613.995	1.1225570426259569e-7
1614	1.0863381197109518e-7
1614.005	1.2142943818794972e-7
1614.01	1.4143482060878744e-7
1614.0149999999999	1.3438315032506563e-7
1614.0199999999998	1.1448161744601551e-7
1614.0249999999999	1.0948723452850138e-7
1614.03	1.1971128541032145e-7
1614.035	1.1902980609414097e-7
1614.04	1.1357018684710932e-7
1614.0449999999998	1.237337157786306e-7
1614.05	1.257350509410398e-7
1614.055	1.0247475457711816e-7
1614.06	8.873575807236847e-8
1614.065	1.0243690127674827e-7
1614.07	1.1633105694384323e-7
1614.0749999999998	1.0172710000747868e-7
1614.08	9.775759976854102e-8
1614.085	1.0997037292215365e-7
1614.09	1.1560578848597006e-7
1614.095	1.1057448100306488e-7
1614.1	1.0428626660944663e-7
1614.1049999999998	1.1635345982011176e-7
1614.11	1.2039340094802874e-7
1614.115	1.1460754245629414e-7
1614.1200000000001	9.94081956342084e-8
1614.125	9.698122526353386e-8
1614.1299999999999	1.0223715778162179e-7
1614.1349999999998	1.0977481633053053e-7
1614.1399999999999	1.0870709330614954e-7
1614.145	9.696119268659767e-8
1614.15	8.904035056167162e-8
1614.155	8.834205782928747e-8
1614.1599999999999	9.574524323104876e-8
1614.165	1.1229056241971554e-7
1614.1699999999998	1.2957927729991552e-7
1614.175	1.2330395935993724e-7
1614.18	1.0421778791095202e-7
1614.185	9.203035335987495e-8
1614.1899999999998	9.211515801179577e-8
1614.195	1.04107886832553e-7
1614.2	1.1206874110300296e-7
1614.205	1.0530145964631203e-7
1614.21	9.864807987090134e-8
1614.215	1.0804236001835655e-7
1614.2199999999998	1.321674605298369e-7
1614.225	1.3442063078463737e-7
1614.23	1.1693112822443151e-7
1614.2350000000001	1.2003079874822066e-7
1614.24	1.236709567624162e-7
1614.245	1.0271559150951768e-7
1614.25	9.90008645752358e-8
1614.2549999999999	1.2012793114396118e-7
1614.26	1.2263781739980978e-7
1614.265	1.1653371244682767e-7
1614.27	1.2306741770008758e-7
1614.2749999999999	1.3601564401768088e-7
1614.28	1.3799837929214303e-7
1614.2849999999999	1.2381145645024313e-7
1614.29	1.0707907466224522e-7
1614.295	1.0100460918818917e-7
1614.3	1.0343398344143635e-7
1614.3049999999998	1.1328906828630334e-7
1614.31	1.2443294081472095e-7
1614.3149999999998	1.2776690356039017e-7
1614.32	1.2245919273981e-7
1614.325	1.182130921684247e-7
1614.33	1.2466882442102835e-7
1614.3349999999998	1.406391181794277e-7
1614.34	1.4732201189565877e-7
1614.345	1.2962561602322226e-7
1614.3500000000001	1.1591282896190452e-7
1614.355	1.267030138759916e-7
1614.36	1.3827032940138838e-7
1614.365	1.1494769215236377e-7
1614.37	1.0210411810418525e-7
1614.375	1.2038427989466736e-7
1614.38	1.3607025296441966e-7
1614.385	1.308648762210157e-7
1614.3899999999999	1.3800126217236593e-7
1614.395	1.4876952707079632e-7
1614.3999999999999	1.3888126412185208e-7
1614.405	1.2099732249566688e-7
1614.41	1.2325482494132171e-7
1614.415	1.3235271213563632e-7
1614.4199999999998	1.1984781747595027e-7
1614.425	1.125737714405146e-7
1614.4299999999998	1.2273901549559215e-7
1614.435	1.3612392382085578e-7
1614.44	1.3840436329071104e-7
1614.445	1.258279345034745e-7
1614.4499999999998	1.2756702630279965e-7
1614.455	1.3689106253328132e-7
1614.4599999999998	1.4080995549282065e-7
1614.4650000000001	1.2758647951090437e-7
1614.47	1.0412825471284582e-7
1614.475	9.4512558307238e-8
1614.48	9.619306205532346e-8
1614.485	1.0766863817437358e-7
1614.4899999999998	1.2000047695250482e-7
1614.4950000000001	1.1959099477711928e-7
1614.5	1.077301310519466e-7
1614.5049999999999	1.0204249868481881e-7
1614.51	1.1198564982225136e-7
1614.5149999999999	1.3131134370995192e-7
1614.52	1.308069232073812e-7
1614.525	1.0835785475998979e-7
1614.53	8.955724859130226e-8
1614.5349999999999	9.010463944539061e-8
1614.54	1.0653986411171991e-7
1614.5449999999998	1.0643242706600556e-7
1614.55	8.625706156694313e-8
1614.555	8.479033591109461e-8
1614.56	1.1195645576864252e-7
1614.5649999999998	1.260347768928685e-7
1614.57	1.1122034240736634e-7
1614.5749999999998	1.082550449827422e-7
1614.5800000000002	1.1175807965336075e-7
1614.585	1.0548782117942749e-7
1614.59	9.350279955580652e-8
1614.595	9.605885107404541e-8
1614.6	1.0947314001237634e-7
1614.6049999999998	1.1423017016387857e-7
1614.6100000000001	1.0903506289050028e-7
1614.615	1.0439852456591231e-7
1614.62	1.0564169744713105e-7
1614.625	1.12692996824134e-7
1614.6299999999999	1.2129109418064978e-7
1614.6349999999998	1.2159342409316206e-7
1614.64	1.1237798440025705e-7
1614.645	9.698896894768066e-8
1614.6499999999999	8.851445653516403e-8
1614.655	9.182522075779159e-8
1614.6599999999999	1.0338255324501339e-7
1614.665	1.0584614139706369e-7
1614.67	9.546436338081261e-8
1614.675	9.96773172400337e-8
1614.6799999999998	1.2163617214040514e-7
1614.685	1.2690583544644232e-7
1614.6899999999998	1.0524415308900954e-7
1614.695	9.778226987931727e-8
1614.7	1.0478728143105643e-7
1614.705	9.811568997016802e-8
1614.71	8.253414065617782e-8
1614.715	8.683411294673443e-8
1614.7199999999998	1.1278762559526025e-7
1614.7250000000001	1.207655107301518e-7
1614.73	1.0867346794508478e-7
1614.735	1.0409186150501253e-7
1614.74	1.1486452732050982e-7
1614.745	1.2149726838941168e-7
1614.7499999999998	1.0542939819148029e-7
1614.755	1.0366467788580044e-7
1614.76	1.134646601872354e-7
1614.7649999999999	1.2348755661335324e-7
1614.77	1.2575520199870216e-7
1614.7749999999999	1.245168899816646e-7
1614.7799999999997	1.317176001493848e-7
1614.785	1.3566819154205826e-7
1614.79	1.326209667790037e-7
1614.7949999999998	1.181214433118423e-7
1614.8	1.0757192213267246e-7
1614.8049999999998	1.045056065960527e-7
1614.81	1.095940246669735e-7
1614.815	1.1964952719891192e-7
1614.82	1.2123545858509373e-7
1614.825	1.114311364884767e-7
1614.83	9.916262986175205e-8
1614.8349999999998	9.730693776967933e-8
1614.84	1.0891422514316884e-7
1614.845	1.2611141031284192e-7
1614.85	1.2032470591284225e-7
1614.855	1.032261787882859e-7
1614.86	9.889523680319016e-8
1614.8649999999998	1.1047070807396952e-7
1614.8700000000001	1.2914817150936252e-7
1614.875	1.1329965467193397e-7
1614.8799999999999	9.777298889681804e-8
1614.885	1.0410728025279013e-7
1614.8899999999999	1.094558517312545e-7
1614.8949999999998	9.312960802633862e-8
1614.9	9.121796458236955e-8
1614.905	1.1229077444821443e-7
1614.9099999999999	1.321152718241179e-7
1614.915	1.2340569968466666e-7
1614.9199999999998	1.2026854131544834e-7
1614.925	1.2789310374055307e-7
1614.93	1.2242770696150694e-7
1614.935	1.0915382513560297e-7
1614.94	1.0079101780810247e-7
1614.945	1.027282979993102e-7
1614.9499999999998	1.124902143413733e-7
1614.955	1.2286324778798602e-7
1614.96	1.2158528592468463e-7
1614.965	1.1244288539599959e-7
1614.97	1.072552206956455e-7
1614.975	1.0904437677399771e-7
1614.9799999999998	1.1859534235758959e-7
1614.985	1.3063323370354753e-7
1614.99	1.2193755732540872e-7
1614.995	1.0267646453135565e-7
1615	1.0305975991517966e-7
1615.0049999999999	1.1021436630744575e-7
1615.0099999999998	9.580802783249255e-8
1615.0149999999999	8.636965957818822e-8
1615.02	1.0137212341205388e-7
1615.0249999999999	1.2355345457077845e-7
1615.03	1.1125028062676992e-7
1615.0349999999999	9.656805117323906e-8
1615.04	1.0333736283041358e-7
1615.045	1.0065062057626501e-7
1615.05	8.264392903356573e-8
1615.055	8.264392903356573e-8
1615.06	1.0335984117594081e-7
1615.0649999999998	1.0749323748395547e-7
1615.07	9.72642952497576e-8
1615.075	8.913669535080646e-8
1615.08	9.36535612650955e-8
1615.085	1.0586172308326965e-7
1615.09	9.860960743509969e-8
1615.0949999999998	8.994863643290072e-8
1615.1	8.545851732810981e-8
1615.105	9.2560015802357e-8
1615.11	1.0373380563863059e-7
1615.115	1.0850048850615099e-7
1615.12	1.057289063899037e-7
1615.125	1.008243278544257e-7
1615.1299999999999	1.0438903863063621e-7
1615.135	1.1145845364089876e-7
1615.1399999999999	1.1573396108133241e-7
1615.145	1.1109025659514319e-7
1615.1499999999999	9.632719567249614e-8
1615.155	8.325140406468252e-8
1615.1599999999999	8.03587570783076e-8
1615.165	8.785694901622582e-8
1615.17	9.986607022779578e-8
1615.175	9.90643227448291e-8
1615.1799999999998	9.349509261834474e-8
1615.185	9.954832201097167e-8
1615.19	1.1741481823770326e-7
1615.195	1.1623093589456753e-7
1615.2	9.526808357076955e-8
1615.205	8.428669789918645e-8
1615.2099999999998	9.281946853309557e-8
1615.215	1.024940136350221e-7
1615.22	9.323455344847666e-8
1615.225	9.427010833663274e-8
1615.23	1.1202787029299848e-7
1615.235	1.1735359387497511e-7
1615.24	1.033203644086388e-7
1615.245	9.952830782765865e-8
1615.25	1.1383807009134784e-7
1615.2549999999999	1.1596932823532171e-7
1615.26	9.71711802714427e-8
1615.2649999999999	7.920949358346167e-8
1615.27	7.077000583607689e-8
1615.2749999999999	7.370649396931356e-8
1615.28	8.615415734686275e-8
1615.285	1.0515843486337762e-7
1615.29	1.15418332729448e-7
1615.2949999999998	1.1353593257617923e-7
1615.3	1.087506074840387e-7
1615.3049999999998	1.0734375882741402e-7
1615.31	1.1690079882807842e-7
1615.315	1.2968515724439913e-7
1615.32	1.1691953876182001e-7
1615.3249999999998	9.491862950707754e-8
1615.33	9.917172025949115e-8
1615.335	1.1147828907106305e-7
1615.34	9.265523511360268e-8
1615.345	8.064130649592871e-8
1615.35	9.633705931902824e-8
1615.355	1.157804715372716e-7
1615.36	1.0741047671290768e-7
1615.365	9.876031454612153e-8
1615.3700000000001	1.1460525972130107e-7
1615.375	1.2154190075521587e-7
1615.3799999999999	9.978357004120609e-8
1615.385	8.931480442746702e-8
1615.3899999999999	9.999368054753846e-8
1615.395	1.0974666695375124e-7
1615.4	1.0872747836367981e-7
1615.405	1.0724541220159891e-7
1615.4099999999999	1.2170285371854783e-7
1615.415	1.2282124798463107e-7
1615.4199999999998	1.105552456840882e-7
1615.425	1.0212879113038894e-7
1615.43	1.0430323859464118e-7
1615.435	1.1778902392243296e-7
1615.4399999999998	1.1961472446848175e-7
1615.445	1.0616068778297286e-7
1615.4499999999998	9.087741161591651e-8
1615.455	8.253660818155632e-8
1615.46	8.479693095384332e-8
1615.465	9.837692898481204e-8
1615.47	1.1132159461620933e-7
1615.475	1.0660464885412542e-7
1615.48	9.530755465548947e-8
1615.4850000000001	9.16742600140468e-8
1615.49	1.0617655856935568e-7
1615.495	1.2506025720045354e-7
1615.5	1.1808472724799173e-7
1615.5049999999999	9.76501867568296e-8
1615.51	9.081903388964441e-8
1615.515	1.0039086118061002e-7
1615.52	1.0372405581558708e-7
1615.5249999999999	9.61634117032109e-8
1615.53	9.9073964446591e-8
1615.5349999999999	1.1563643345146954e-7
1615.54	1.158712393038809e-7
1615.545	9.891277285415602e-8
1615.55	1.0065446407671884e-7
1615.5549999999998	1.0638647255880512e-7
1615.56	9.522274644301551e-8
1615.5649999999998	8.399356674363313e-8
1615.57	9.045919131562362e-8
1615.575	1.066359655529745e-7
1615.58	1.0724187786010905e-7
1615.585	9.859288671710742e-8
1615.59	9.534308986758354e-8
1615.5949999999998	9.95995228845854e-8
1615.6000000000001	1.0742415465692308e-7
1615.605	1.1217158608737046e-7
1615.61	1.0444088112243359e-7
1615.615	9.090049094934817e-8
1615.62	8.186363030117027e-8
1615.6249999999998	8.069487033556022e-8
1615.63	8.775945946083895e-8
1615.635	9.874186853979687e-8
1615.6399999999999	9.715080310848766e-8
1615.645	8.747346796140002e-8
1615.6499999999999	8.801879626436882e-8
1615.655	1.0764142202369497e-7
1615.66	1.184814933969495e-7
1615.665	1.0166169333916885e-7
1615.6699999999998	9.52039964824416e-8
1615.675	9.807114427347718e-8
1615.6799999999998	8.9665485420469e-8
1615.685	8.297305606739206e-8
1615.69	9.336090270603849e-8
1615.695	1.1151589236177478e-7
1615.7	1.1113383184616146e-7
1615.705	9.713506702620007e-8
1615.7099999999998	9.493273634027995e-8
1615.7150000000001	1.0524649940620754e-7
1615.72	9.959795890169755e-8
1615.725	8.711556185305468e-8
1615.73	8.78250616687797e-8
1615.735	9.96874919707988e-8
1615.7399999999998	1.1307344429483248e-7
1615.7450000000001	1.0961158840335114e-7
1615.75	1.0571727065229259e-7
1615.7549999999999	1.1063747952564118e-7
1615.76	1.1874724745614664e-7
1615.7649999999999	1.2458840695521895e-7
1615.7699999999998	1.1124049578758356e-7
1615.775	9.982599206508853e-8
1615.78	9.39275710070161e-8
1615.7849999999999	9.647688257336185e-8
1615.79	1.0418759295258141e-7
1615.7949999999998	1.0295418876918573e-7
1615.8	9.118696292332715e-8
1615.805	8.083756605095057e-8
1615.81	7.891696828360236e-8
1615.815	8.71508728235157e-8
1615.82	1.0694633280193756e-7
1615.8249999999998	1.1564878132231036e-7
1615.83	1.004676599494576e-7
1615.835	9.184221163083624e-8
1615.84	1.0000653378255128e-7
1615.845	1.1206239308152307e-7
1615.85	1.0107566401338617e-7
1615.8549999999998	8.63918099679789e-8
1615.8600000000001	8.989846681717218e-8
1615.865	1.0477303681367431e-7
1615.87	1.0085190359077847e-7
1615.875	8.780805031761526e-8
1615.8799999999999	9.154923428227555e-8
1615.8849999999998	1.084303725210038e-7
1615.89	1.0132248480891263e-7
1615.895	8.744604769870573e-8
1615.8999999999999	8.920110973070744e-8
1615.905	1.0005806145100156e-7
1615.9099999999999	1.0045899900381266e-7
1615.9149999999997	9.426994478231627e-8
1615.92	9.266601620580735e-8
1615.925	9.97109112089744e-8
1615.93	1.0980545200719226e-7
1615.935	1.1108280483386309e-7
1615.9399999999998	1.003179277185442e-7
1615.945	9.122910452490224e-8
1615.95	8.852573039424759e-8
1615.955	9.286115382401542e-8
1615.96	1.0482286326123483e-7
1615.965	1.0476180031753084e-7
1615.9699999999998	8.382264292711591e-8
1615.975	6.584121237756209e-8
1615.98	7.021778483754795e-8
1615.985	9.276167323683421e-8
1615.99	9.488698219691541e-8
1615.995	8.859088577471001e-8
1615.9999999999998	1.0108353855600509e-7
1616.005	1.0909978657045599e-7
1616.01	9.32084352936861e-8
1616.0149999999999	8.214702341776532e-8
1616.02	8.966531728987487e-8
1616.0249999999999	8.586342803171693e-8
1616.0299999999997	7.152859933572059e-8
1616.035	7.14541652703731e-8
1616.04	9.133276777650217e-8
1616.045	9.971154472764749e-8
1616.05	9.126158991267597e-8
1616.0549999999998	8.77256974687527e-8
1616.06	9.120493408029452e-8
1616.065	9.027514317251187e-8
1616.07	7.889650846006094e-8
1616.075	7.605686389132202e-8
1616.08	8.525546038959583e-8
1616.0849999999998	9.69078582877689e-8
1616.09	1.0379970625803152e-7
1616.095	9.848973157586839e-8
1616.1	9.400151532968105e-8
1616.105	9.432282091501578e-8
1616.11	9.754787716851698e-8
1616.1149999999998	9.947672437052658e-8
1616.12	9.09785625158763e-8
1616.125	7.857263466946801e-8
1616.1299999999999	7.178268828651253e-8
1616.135	7.380021392981146e-8
1616.1399999999999	8.50818510038697e-8
1616.1449999999998	9.502394219742022e-8
1616.1499999999999	9.132439038827132e-8
1616.155	8.751768349354477e-8
1616.16	9.193633919266768e-8
1616.165	1.0325918849464211e-7
1616.1699999999998	1.0340011667213971e-7
1616.175	8.851816111572488e-8
1616.18	7.939952580078367e-8
1616.185	8.411476941331508e-8
1616.19	8.920478078594985e-8
1616.195	8.431950390329908e-8
1616.1999999999998	8.455654156207706e-8
1616.205	1.0007005276020818e-7
1616.21	1.1094632832066585e-7
1616.215	1.0384271695068837e-7
1616.22	9.692498587249619e-8
1616.225	9.896905050478342e-8
1616.2299999999998	9.712312325251832e-8
1616.235	8.561711919101678e-8
1616.24	7.94593927677344e-8
1616.2450000000001	8.352076036928372e-8
1616.25	9.368194446745326e-8
1616.2549999999999	1.0380433891678478e-7
1616.2599999999998	1.0772199212169705e-7
1616.2649999999999	1.0351929193316484e-7
1616.27	1.006396428716369e-7
1616.275	1.0258751766331979e-7
1616.28	1.094508687784577e-7
1616.2849999999999	1.1599458645104205e-7
1616.29	1.1183254469834633e-7
1616.2949999999998	9.580454860760465e-8
1616.3	8.521395233500685e-8
1616.305	8.935347784796311e-8
1616.31	9.859031180825029e-8
1616.3149999999998	8.843616070428472e-8
1616.32	7.995154846650455e-8
1616.325	8.976792777429655e-8
1616.33	1.07326700927313e-7
1616.335	9.623784799484666e-8
1616.34	8.160575807922612e-8
1616.3449999999998	8.587808559490701e-8
1616.35	9.804087782370573e-8
1616.355	9.40329583381264e-8
1616.3600000000001	8.192846000993362e-8
1616.365	8.601685135500384e-8
1616.37	9.639743883157223e-8
1616.3749999999998	9.242996407646504e-8
1616.3799999999999	8.50841702623337e-8
1616.385	9.595156142655836e-8
1616.39	1.0298967572427881e-7
1616.395	1.0039608919990457e-7
1616.3999999999999	9.120144998540852e-8
1616.405	9.106147306646869e-8
1616.4099999999999	9.734997334603307e-8
1616.415	9.426467953356508e-8
1616.42	8.429149590044632e-8
1616.425	7.155434988261957e-8
1616.4299999999998	7.033479706314513e-8
1616.435	7.650114237413141e-8
1616.4399999999998	8.64697484333167e-8
1616.445	9.436503474508654e-8
1616.45	9.306633349901957e-8
1616.455	8.654880197500678e-8
1616.4599999999998	8.536917414146306e-8
1616.465	9.280765317149192e-8
1616.47	1.0461370153378137e-7
1616.4750000000001	1.033374997064346e-7
1616.48	8.41797456347272e-8
1616.485	7.09819427117639e-8
1616.49	7.216071139595804e-8
1616.495	8.389573088197061e-8
1616.5	8.926189238219287e-8
1616.505	8.144531848105968e-8
1616.51	8.408361059432649e-8
1616.5149999999999	9.977569873623087e-8
1616.52	9.570052369983554e-8
1616.5249999999999	7.595080788885043e-8
1616.53	7.726181923062555e-8
1616.535	8.482931066104455e-8
1616.54	7.68445635812195e-8
1616.5449999999998	6.921782015125826e-8
1616.55	7.929193131048148e-8
1616.5549999999998	9.028872285610019e-8
1616.56	8.780171196410593e-8
1616.565	7.859518424344508e-8
1616.57	7.754612415342861e-8
1616.5749999999998	8.43352361965821e-8
1616.58	9.127368553391026e-8
1616.5849999999998	8.456687265115175e-8
1616.5900000000001	7.361132338558068e-8
1616.595	6.496936568208516e-8
1616.6	6.414443310911006e-8
1616.605	7.081292754446183e-8
1616.61	8.257653214672793e-8
1616.6149999999998	8.825542190427265e-8
1616.6200000000001	8.2411205242133e-8
1616.625	8.169315315195395e-8
1616.6299999999999	9.184507071247623e-8
1616.635	8.864302564173112e-8
1616.6399999999999	7.247118812025572e-8
1616.645	6.837632135348717e-8
1616.65	7.942876277140766e-8
1616.655	8.310920824602286e-8
1616.6599999999999	7.800436958107472e-8
1616.665	8.184245240040564e-8
1616.6699999999998	9.424782754809816e-8
1616.675	9.387037240559248e-8
1616.68	8.020379865299135e-8
1616.685	7.525067235952686e-8
1616.6899999999998	8.091487720686696e-8
1616.695	8.306448469658768e-8
1616.6999999999998	7.612422999684205e-8
1616.7050000000002	7.958617757125689e-8
1616.71	9.578021444979937e-8
1616.715	1.0017256474796264e-7
1616.72	9.398493255577164e-8
1616.725	8.601457672091992e-8
1616.7299999999998	8.931665464827268e-8
1616.7350000000001	9.474668021367745e-8
1616.74	9.38144382504009e-8
1616.745	8.545874737105756e-8
1616.75	7.734106990087725e-8
1616.7549999999999	7.857094341306201e-8
1616.7599999999998	8.579157360510046e-8
1616.765	9.559356277189304e-8
1616.77	1.0274848762942348e-7
1616.7749999999999	1.0106382700719571e-7
1616.78	9.865692888020048e-8
1616.7849999999999	1.0111329349013611e-7
1616.79	1.0760540064936854e-7
1616.795	1.0921563635655047e-7
1616.8	9.853161975578663e-8
1616.8049999999998	8.418394424493906e-8
1616.81	7.90583931322804e-8
1616.8149999999998	8.475424264929226e-8
1616.82	9.516391649380052e-8
1616.825	9.002595482262746e-8
1616.83	7.92620153166377e-8
1616.835	8.013996367534261e-8
1616.84	9.347103412853208e-8
1616.8449999999998	1.0507503011621718e-7
1616.8500000000001	1.0129603153004515e-7
1616.855	9.960550204523114e-8
1616.86	1.0667881639607177e-7
1616.865	1.0048429147537413e-7
1616.87	8.603850607010089e-8
1616.8749999999998	8.387909184541087e-8
1616.88	9.232916120119441e-8
1616.885	9.268098403739758e-8
1616.8899999999999	8.58342733322875e-8
1616.895	8.452062842482088e-8
1616.8999999999999	9.144240500186701e-8
1616.9049999999997	1.012181124358291e-7
1616.91	1.0428624943079094e-7
1616.915	9.532329851241509e-8
1616.9199999999998	8.589266526824934e-8
1616.925	8.299171248087497e-8
1616.9299999999998	8.641956487441778e-8
1616.935	9.293722476673265e-8
1616.94	9.435525476480873e-8
1616.945	8.46988999611331e-8
1616.95	7.294268003370757e-8
1616.955	7.298519119866641e-8
1616.9599999999998	8.663519368539252e-8
1616.965	9.909941385322944e-8
1616.97	9.030367291838097e-8
1616.975	8.766565715975854e-8
1616.98	9.651693395019583e-8
1616.985	9.260938907490091e-8
1616.9899999999998	7.538751648870489e-8
1616.9950000000001	7.355761919578674e-8
1617	8.375509723079351e-8
1617.0049999999999	8.574181603091674e-8
1617.01	7.923115254849616e-8
1617.0149999999999	8.400336028076813e-8
1617.0199999999998	9.25790205072352e-8
1617.025	8.551445282520633e-8
1617.03	7.12087584391845e-8
1617.0349999999999	6.982099497186282e-8
1617.04	7.642665273042947e-8
1617.0449999999998	7.244845735206631e-8
1617.05	6.751536584393035e-8
1617.055	6.884568976176838e-8
1617.06	7.91526971003171e-8
1617.065	8.89613957562695e-8
1617.07	8.423054627290563e-8
1617.0749999999998	7.789941616091874e-8
1617.08	7.496101622807828e-8
1617.085	7.759332568714848e-8
1617.09	7.986408492913688e-8
1617.095	7.459456180565949e-8
1617.1	6.53547636857103e-8
1617.1049999999998	5.92125981219221e-8
1617.11	6.059948697123765e-8
1617.115	6.878731928177886e-8
1617.12	7.686300423821225e-8
1617.125	7.323272580518855e-8
1617.1299999999999	6.504438375466404e-8
1617.1349999999998	6.433698486264027e-8
1617.14	7.338664197320012e-8
1617.145	8.157083958004926e-8
1617.1499999999999	7.212653667778587e-8
1617.155	5.7113230862191525e-8
1617.1599999999999	5.8101393642241e-8
1617.165	6.877074982017759e-8
1617.17	6.642129567685502e-8
1617.175	6.058283408184445e-8
1617.18	6.869227753757754e-8
1617.185	8.947361062266713e-8
1617.1899999999998	8.635238841946932e-8
1617.195	7.338639117737809e-8
1617.2	7.377031331127006e-8
1617.205	7.371862786645372e-8
1617.21	6.50731228139118e-8
1617.215	6.283754301937018e-8
1617.2199999999998	6.902315176464234e-8
1617.225	7.97638593155291e-8
1617.23	8.836737919182268e-8
1617.235	8.800967086325328e-8
1617.24	8.204783835414252e-8
1617.245	7.890587432796157e-8
1617.2499999999998	7.989088575905434e-8
1617.2549999999999	8.358027938609954e-8
1617.26	8.642871353842135e-8
1617.2649999999999	8.383311959478311e-8
1617.27	7.431680111589824e-8
1617.2749999999999	6.51340038156165e-8
1617.28	6.719737075114703e-8
1617.2849999999999	8.059389924985555e-8
1617.29	8.657885820847408e-8
1617.295	7.967298866385343e-8
1617.3	8.593210706089902e-8
1617.3049999999998	9.59932937952562e-8
1617.31	8.533513867332933e-8
1617.315	7.201845578952028e-8
1617.32	7.787440182148569e-8
1617.325	8.873583312124874e-8
1617.33	8.278070816736824e-8
1617.3349999999998	7.31537163238608e-8
1617.34	8.15905667035554e-8
1617.345	9.1253810871234e-8
1617.35	8.295828446643785e-8
1617.355	7.578534825454464e-8
1617.36	8.003409870931378e-8
1617.365	8.83184523387458e-8
1617.37	8.262782322612821e-8
1617.375	7.232782560545781e-8
1617.3799999999999	7.206947722134746e-8
1617.385	7.943507935065591e-8
1617.3899999999999	9.064697709543073e-8
1617.395	8.4393678363626e-8
1617.3999999999999	7.756722847620844e-8
1617.405	7.317154069000683e-8
1617.41	7.693078545725623e-8
1617.415	8.585806140768422e-8
1617.4199999999998	8.967156915885858e-8
1617.425	8.705210855779789e-8
1617.4299999999998	8.108620341776963e-8
1617.435	7.949898847051673e-8
1617.44	8.530791483287146e-8
1617.445	9.39835746515805e-8
1617.4499999999998	9.101462492633161e-8
1617.455	7.577539591484609e-8
1617.46	6.390844951710753e-8
1617.465	6.092626661012753e-8
1617.47	6.80683162900879e-8
1617.475	7.712441705363356e-8
1617.48	7.238131070184947e-8
1617.485	6.330931563600626e-8
1617.49	6.395280018446678e-8
1617.495	8.023565809768882e-8
1617.5	9.647916928039826e-8
1617.5049999999999	8.578896375997625e-8
1617.51	7.978163552024855e-8
1617.5149999999999	8.281511563542164e-8
1617.52	7.190429993895732e-8
1617.525	6.418664552899481e-8
1617.53	7.473412339437881e-8
1617.5349999999999	8.919480224131866e-8
1617.54	8.493665968812056e-8
1617.5449999999998	7.761930766303151e-8
1617.55	7.813430003266097e-8
1617.555	8.225614600229216e-8
1617.56	8.235771312641353e-8
1617.5649999999998	7.450539792071702e-8
1617.57	6.481710034918066e-8
1617.5749999999998	6.13972606325894e-8
1617.58	6.432974733739738e-8
1617.585	7.33642180169471e-8
1617.59	8.33102872616859e-8
1617.595	8.500028925158626e-8
1617.6	7.698685077769317e-8
1617.605	7.316853971042458e-8
1617.6100000000001	7.85488607485942e-8
1617.615	8.411065067274356e-8
1617.62	7.05409846905286e-8
1617.625	6.134049994271803e-8
1617.6299999999999	6.862688267978282e-8
1617.635	7.907094546587797e-8
1617.64	7.969454369835776e-8
1617.645	8.317629184297614e-8
1617.6499999999999	9.027555555349156e-8
1617.655	8.180944167299882e-8
1617.6599999999999	6.830416176663991e-8
1617.665	6.759141446492309e-8
1617.67	6.909937019934854e-8
1617.675	6.065379156949858e-8
1617.6799999999998	5.734250824085802e-8
1617.685	6.621518758482182e-8
1617.6899999999998	8.117418873277203e-8
1617.695	9.087141002906118e-8
1617.7	8.227991393958905e-8
1617.705	7.920105072794784e-8
1617.71	7.847386748058848e-8
1617.715	7.381251032191227e-8
1617.7199999999998	6.656875011127417e-8
1617.7250000000001	6.15381963601146e-8
1617.73	6.74071875585332e-8
1617.735	7.730048110183503e-8
1617.74	8.427924707630114e-8
1617.745	8.409427652797835e-8
1617.7499999999998	7.724677618370278e-8
1617.755	7.29541637769443e-8
1617.76	7.328524520483182e-8
1617.7649999999999	8.007535906002561e-8
1617.77	8.667657567523067e-8
1617.7749999999999	8.318040377652236e-8
1617.78	7.012751508203104e-8
1617.785	6.110459759768859e-8
1617.79	6.114426960198003e-8
1617.7949999999998	7.12391818489279e-8
1617.8	8.016134147826187e-8
1617.8049999999998	7.684377484014027e-8
1617.81	7.24665700011292e-8
1617.815	7.965686133915334e-8
1617.82	8.991026742941091e-8
1617.825	8.158770625101475e-8
1617.83	7.380174051744108e-8
1617.8349999999998	7.783410108581662e-8
1617.8400000000001	7.64422050487014e-8
1617.845	6.437444877939352e-8
1617.85	6.020195138993226e-8
1617.855	7.023668594828752e-8
1617.86	8.067608321423698e-8
1617.8649999999998	7.778238577323108e-8
1617.8700000000001	7.305658207423768e-8
1617.875	7.444535421054173e-8
1617.8799999999999	8.087314211424441e-8
1617.885	8.355615148436112e-8
1617.8899999999999	7.473074951252494e-8
1617.8949999999998	6.45309043552494e-8
1617.9	5.842560888785273e-8
1617.905	5.707244579100444e-8
1617.9099999999999	5.96450979894852e-8
1617.915	6.751512928509073e-8
1617.9199999999998	7.471164024483243e-8
1617.925	7.238731051923865e-8
1617.93	6.752771803449378e-8
1617.935	7.225015722179659e-8
1617.94	8.286635922383218e-8
1617.945	7.843821835230434e-8
1617.9499999999998	7.19473616621215e-8
1617.955	7.703931700148492e-8
1617.96	7.721855575372126e-8
1617.965	6.09969985877586e-8
1617.97	5.360157757209681e-8
1617.975	5.982569264648624e-8
1617.9799999999998	7.173318520209495e-8
1617.9850000000001	6.920823180467885e-8
1617.99	6.577528305821791e-8
1617.995	7.612693456214301e-8
1618	8.31184683785195e-8
1618.0049999999999	6.896639300051621e-8
1618.0099999999998	6.101020640373973e-8
1618.015	6.251576537804165e-8
1618.02	6.622896576559426e-8
1618.0249999999999	6.404203157245996e-8
1618.03	5.957031968287025e-8
1618.0349999999999	6.495004223351404e-8
1618.0399999999997	7.408822510704473e-8
1618.045	8.138083696061941e-8
1618.05	7.436364807955623e-8
1618.055	6.69635224037836e-8
1618.06	6.421541295560858e-8
1618.0649999999998	6.599261023531265e-8
1618.07	7.039535165464497e-8
1618.075	6.94197888370612e-8
1618.08	6.343089900912952e-8
1618.085	5.824684490412523e-8
1618.09	5.790743548484642e-8
1618.0949999999998	6.386643182306345e-8
1618.1	7.296239454492339e-8
1618.105	7.580061473534428e-8
1618.11	7.168396789047475e-8
1618.115	6.908281548965252e-8
1618.12	7.161525107330769e-8
1618.1249999999998	7.541483148389877e-8
1618.13	6.735784820302306e-8
1618.135	5.658602979349729e-8
1618.1399999999999	5.4557173684850684e-8
1618.145	6.469472994551364e-8
1618.1499999999999	6.985501296741857e-8
1618.1549999999997	6.929730530083784e-8
1618.16	7.791700851928728e-8
1618.165	8.157072452103094e-8
1618.17	6.447295145692106e-8
1618.175	5.810569543570754e-8
1618.1799999999998	6.334722044550572e-8
1618.185	6.65180970340987e-8
1618.19	6.008468416734547e-8
1618.195	6.07253222186155e-8
1618.2	6.96904895660323e-8
1618.205	8.083016815671113e-8
1618.2099999999998	8.279117142878538e-8
1618.215	7.421815174579799e-8
1618.22	6.46162713987769e-8
1618.225	6.034077505894353e-8
1618.23	6.121931673643038e-8
1618.235	6.687252277623542e-8
1618.2399999999998	7.266718895234624e-8
1618.245	7.044254006480599e-8
1618.25	6.272424994878826e-8
1618.2549999999999	6.131059053022851e-8
1618.26	7.31398132849969e-8
1618.2649999999999	7.787255536926936e-8
1618.2699999999998	6.70824782403523e-8
1618.2749999999999	6.807507114480122e-8
1618.28	7.964377945831154e-8
1618.285	7.435099567779014e-8
1618.29	5.756195066465482e-8
1618.2949999999998	5.486757112457351e-8
1618.3	6.565833245557113e-8
1618.305	7.173278982703925e-8
1618.31	6.690711594771591e-8
1618.315	6.689708843793145e-8
1618.32	7.554895957723562e-8
1618.3249999999998	7.828527938197527e-8
1618.33	6.972087520049678e-8
1618.335	6.218209491330267e-8
1618.34	6.752870514023461e-8
1618.345	7.192892712590174e-8
1618.35	6.597243352946522e-8
1618.3549999999998	6.063757999988942e-8
1618.36	6.204055757275001e-8
1618.365	7.154267610917763e-8
1618.37	7.32163146724558e-8
1618.375	6.743198729392603e-8
1618.3799999999999	6.091984657840255e-8
1618.3849999999998	5.962031723201143e-8
1618.3899999999999	6.548943076050742e-8
1618.395	7.243696621158027e-8
1618.4	7.271415875471168e-8
1618.405	6.67248646022096e-8
1618.4099999999999	5.8608617462463094e-8
1618.415	5.5713778034946926e-8
1618.4199999999998	5.975245227485165e-8
1618.425	6.881747962404713e-8
1618.43	7.482295124532646e-8
1618.435	6.800610027159713e-8
1618.4399999999998	5.8609118845510905e-8
1618.445	5.731135215995236e-8
1618.45	6.4395429804446e-8
1618.455	7.326863076212955e-8
1618.46	7.209094914375369e-8
1618.465	6.779818123084982e-8
1618.4699999999998	7.288034283190015e-8
1618.475	7.351295069792273e-8
1618.48	5.8291848476011236e-8
1618.4850000000001	4.931127495911261e-8
1618.49	5.295207004201147e-8
1618.495	6.43248541054107e-8
1618.4999999999998	6.223258351310192e-8
1618.5049999999999	5.8298207144014474e-8
1618.51	6.691023181735729e-8
1618.515	7.568751375996346e-8
1618.52	6.566526224959223e-8
1618.5249999999999	5.7122652640481445e-8
1618.53	5.544726951654374e-8
1618.5349999999999	5.809143681975719e-8
1618.54	6.071470208571874e-8
1618.545	5.8685096560722315e-8
1618.55	5.287988761559851e-8
1618.5549999999998	4.915536077707377e-8
1618.56	4.938497265808821e-8
1618.5649999999998	5.360356828653614e-8
1618.57	6.250316418405984e-8
1618.575	7.037162146895152e-8
1618.58	6.920690360874511e-8
1618.5849999999998	6.34771251061854e-8
1618.59	6.363161678241243e-8
1618.595	6.470612670923933e-8
1618.6000000000001	5.4054381820323386e-8
1618.605	4.963629892334018e-8
1618.61	5.742367756048085e-8
1618.6149999999998	6.304543448247259e-8
1618.62	5.798362536387831e-8
1618.625	5.764052524717973e-8
1618.63	6.611850916556842e-8
1618.635	6.452757091233272e-8
1618.6399999999999	5.4424450306372435e-8
1618.645	5.303277496785365e-8
1618.6499999999999	6.125203760183797e-8
1618.655	6.348902013808127e-8
1618.66	6.386326093409275e-8
1618.665	6.924446574187904e-8
1618.6699999999998	7.756007964193616e-8
1618.675	7.533335792231794e-8
1618.6799999999998	6.696747359312823e-8
1618.685	6.583620148833647e-8
1618.69	6.51977923511004e-8
1618.695	6.21432435091481e-8
1618.6999999999998	5.457551791761534e-8
1618.705	5.2683827387597246e-8
1618.7099999999998	5.592571269342049e-8
1618.7150000000001	6.401317391700959e-8
1618.72	7.567633256919661e-8
1618.725	7.879965286643784e-8
1618.73	7.226996836147428e-8
1618.735	6.431721930627103e-8
1618.74	6.125749364848479e-8
1618.7450000000001	6.405903079239827e-8
1618.75	6.877424738504798e-8
1618.7549999999999	6.695372227444743e-8
1618.76	5.867602638881911e-8
1618.7649999999999	5.523264009054223e-8
1618.77	5.987380347674096e-8
1618.775	6.9969987727368e-8
1618.78	7.43990140892463e-8
1618.7849999999999	6.879951171270228e-8
1618.79	6.708247468623075e-8
1618.7949999999998	7.344356503974362e-8
1618.8	6.77503719621814e-8
1618.805	5.630993996973059e-8
1618.81	5.587341785705362e-8
1618.8149999999998	6.676567593812797e-8
1618.82	6.439935245423611e-8
1618.8249999999998	5.899994222592891e-8
1618.8300000000002	6.391040860544273e-8
1618.835	7.333940937307407e-8
1618.84	7.011377435271266e-8
1618.845	6.446724653725171e-8
1618.85	6.268459000134957e-8
1618.8549999999998	6.58804342936757e-8
1618.8600000000001	7.115507325090744e-8
1618.865	6.910274627230027e-8
1618.87	6.38835151087973e-8
1618.875	5.980280220930737e-8
1618.8799999999999	5.8362177878799724e-8
1618.8849999999998	5.937749893524001e-8
1618.89	6.273000331962834e-8
1618.895	6.52047099758613e-8
1618.8999999999999	6.048815068833478e-8
1618.905	5.351058000871545e-8
1618.9099999999999	5.1213256390761536e-8
1618.915	5.74784407767679e-8
1618.92	6.827819485804144e-8
1618.925	6.540232911113122e-8
1618.9299999999998	5.851576094957519e-8
1618.935	6.21613690372527e-8
1618.9399999999998	6.327762281408405e-8
1618.945	5.494351411127959e-8
1618.95	5.0098325687024735e-8
1618.955	5.5798901365409207e-8
1618.96	5.888232567084319e-8
1618.965	5.4369275326329694e-8
1618.9699999999998	5.449983842796352e-8
1618.9750000000001	6.137488638785988e-8
1618.98	6.019302431050375e-8
1618.985	5.235905947633422e-8
1618.99	4.6457541911768076e-8
1618.995	4.731516898353173e-8
1618.9999999999998	4.9911629664431604e-8
1619.005	4.571073064236251e-8
1619.01	4.482036030592622e-8
1619.0149999999999	4.802523965656661e-8
1619.02	5.608239970531588e-8
1619.0249999999999	6.055411159504892e-8
1619.0299999999997	5.72725756603574e-8
1619.035	5.1989092101805154e-8
1619.04	4.905841929780581e-8
1619.0449999999998	4.947118997015163e-8
1619.05	5.0707628548721066e-8
1619.0549999999998	4.981431520806687e-8
1619.06	4.662511841962056e-8
1619.065	4.3472407895705936e-8
1619.07	4.3577024075478015e-8
1619.075	4.8807905631443404e-8
1619.08	5.606146812409314e-8
1619.0849999999998	5.875589709003778e-8
1619.09	5.3150989147937074e-8
1619.095	4.917052236662975e-8
1619.1	4.999050168710253e-8
1619.105	5.324593452042417e-8
1619.11	5.176105555485678e-8
1619.1149999999998	4.23027403630846e-8
1619.1200000000001	4.0901038069134865e-8
1619.125	4.846744935022822e-8
1619.1299999999999	5.600123724147539e-8
1619.135	5.184053925103994e-8
1619.1399999999999	5.184312185420931e-8
1619.1449999999998	5.970447284941215e-8
1619.15	6.000108353502884e-8
1619.155	5.0366048114725906e-8
1619.1599999999999	4.7708859700119905e-8
1619.165	5.13424165806087e-8
1619.1699999999998	5.198497592144059e-8
1619.175	4.973245992800919e-8
1619.18	5.0422375026212894e-8
1619.185	5.6171680819493715e-8
1619.19	6.526694906046024e-8
1619.195	6.905337641841796e-8
1619.1999999999998	6.644315726487678e-8
1619.205	6.029952582933989e-8
1619.21	5.5213671943102734e-8
1619.215	5.4445135024731895e-8
1619.22	5.646577180783107e-8
1619.225	5.755912755421136e-8
1619.2299999999998	5.2609180073302446e-8
1619.235	5.173316791600162e-8
1619.24	6.011205081452099e-8
1619.245	7.142725672674228e-8
1619.25	6.756591949411846e-8
1619.2549999999999	6.44798420967422e-8
1619.2599999999998	6.69163832319214e-8
1619.265	5.8159845303034904e-8
1619.27	5.03605371448544e-8
1619.2749999999999	5.300939433540121e-8
1619.28	6.169429086100088e-8
1619.2849999999999	6.400978713136348e-8
1619.29	6.121774653017647e-8
1619.295	6.55407752824785e-8
1619.3	7.069212777189645e-8
1619.305	6.597352273915054e-8
1619.31	5.7684700498712274e-8
1619.3149999999998	6.13498284447258e-8
1619.32	6.295494248278235e-8
1619.325	5.987296379379795e-8
1619.33	5.6212993928395514e-8
1619.335	5.8139373667831386e-8
1619.34	6.695079915678923e-8
1619.3449999999998	6.962556708053632e-8
1619.35	6.675883465426131e-8
1619.355	5.794469875986255e-8
1619.36	5.540431320723509e-8
1619.365	5.676453021068301e-8
1619.37	6.1350794225379e-8
1619.3749999999998	6.688707253940799e-8
1619.3799999999999	6.590755417453677e-8
1619.385	6.156904363324659e-8
1619.3899999999999	5.76621928686426e-8
1619.395	5.809642695313563e-8
1619.3999999999999	6.295814841949484e-8
1619.405	6.850983522297113e-8
1619.4099999999999	6.863516982575303e-8
1619.415	6.351337601484241e-8
1619.42	6.087131804640932e-8
1619.425	6.400144628181353e-8
1619.4299999999998	6.86262164635872e-8
1619.435	6.6666997926984e-8
1619.44	6.185818130416557e-8
1619.445	6.259390006638594e-8
1619.45	6.731252752955315e-8
1619.455	6.323047620959355e-8
1619.4599999999998	5.5366920711046304e-8
1619.465	5.7225311336100504e-8
1619.47	6.335771678977591e-8
1619.475	6.287540260593701e-8
1619.48	6.101517588099182e-8
1619.485	6.499613044353844e-8
1619.4899999999998	6.496068164963708e-8
1619.495	5.885469611707951e-8
1619.5	5.2312366069278325e-8
1619.5049999999999	5.0281300766644936e-8
1619.51	5.289049280461269e-8
1619.5149999999999	5.6849031219579635e-8
1619.52	5.670839814363149e-8
1619.5249999999999	5.334816483684706e-8
1619.53	4.9834973641545736e-8
1619.535	4.8617365679566485e-8
1619.54	5.0540850947432114e-8
1619.5449999999998	5.5308949390874004e-8
1619.55	6.09970270650959e-8
1619.5549999999998	6.070308656920945e-8
1619.56	5.419038510804565e-8
1619.565	4.99849957786401e-8
1619.57	5.268842396798282e-8
1619.5749999999998	5.3394481559840894e-8
1619.58	4.5627831276220884e-8
1619.585	4.3210165629119584e-8
1619.59	4.9106367360868174e-8
1619.595	5.569748610438553e-8
1619.6	5.342910258514793e-8
1619.605	5.328436099769267e-8
1619.61	5.673752620891733e-8
1619.615	5.008289670833926e-8
1619.62	4.131227283151029e-8
1619.625	4.028852275781904e-8
1619.6299999999999	4.691634746459376e-8
1619.635	5.0844921137817364e-8
1619.6399999999999	4.9580975445628223e-8
1619.645	5.0226443655997935e-8
1619.65	5.6756399068291085e-8
1619.655	5.5049403151259145e-8
1619.6599999999999	4.90113134047993e-8
1619.665	4.57499599915293e-8
1619.6699999999998	4.6691715748057165e-8
1619.675	4.75047488905377e-8
1619.68	4.275695188883045e-8
1619.685	3.8984548387309894e-8
1619.6899999999998	3.767938074825326e-8
1619.695	4.027052917542549e-8
1619.6999999999998	4.9661061971164666e-8
1619.705	5.729893546556557e-8
1619.71	5.668474803091622e-8
1619.715	5.093174844037371e-8
1619.72	4.5618873068077086e-8
1619.725	4.448717151013083e-8
1619.73	4.708298708169583e-8
1619.735	4.819038195542703e-8
1619.74	4.3532133225645595e-8
1619.745	3.877064623777119e-8
1619.75	3.9626742849411805e-8
1619.7549999999999	5.103961030087029e-8
1619.76	5.7813565089140445e-8
1619.765	5.156711159247236e-8
1619.77	4.833379590914074e-8
1619.7749999999999	5.284493107151664e-8
1619.78	5.0388511593273485e-8
1619.7849999999999	4.189919098107536e-8
1619.79	4.177126546515048e-8
1619.795	5.044046992004328e-8
1619.8	5.2649525127351896e-8
1619.8049999999998	4.955374508470814e-8
1619.81	5.329342002440705e-8
1619.8149999999998	5.9560943994963584e-8
1619.82	5.821102168303271e-8
1619.825	5.279855181742116e-8
1619.83	4.907883160669241e-8
1619.835	4.90015705215704e-8
1619.84	5.1150904234700774e-8
1619.8449999999998	5.2365139007153095e-8
1619.8500000000001	4.9447882372671404e-8
1619.855	4.429191998662236e-8
1619.86	4.265093903291526e-8
1619.865	4.401313270953526e-8
1619.87	5.0099654141761566e-8
1619.8749999999998	5.393109461413307e-8
1619.88	4.788888143304802e-8
1619.885	4.3937341086606715e-8
1619.8899999999999	4.773839072936495e-8
1619.895	5.273752049613996e-8
1619.8999999999999	4.795653607863417e-8
1619.905	4.2757091703417846e-8
1619.91	4.4744213022803025e-8
1619.915	5.072218324695564e-8
1619.9199999999998	5.078379995843532e-8
1619.925	4.764959363933641e-8
1619.9299999999998	5.0546696885401235e-8
1619.935	5.536504665376328e-8
1619.94	5.396553631363284e-8
1619.945	5.16999833420602e-8
1619.95	5.4680971897361255e-8
1619.955	5.353195279476976e-8
1619.9599999999998	4.741916962095663e-8
1619.9650000000001	4.49582422012468e-8
1619.97	4.6554124710338255e-8
1619.975	5.0269060761450245e-8
1619.98	4.593311592709735e-8
1619.985	4.45456116437981e-8
1619.9899999999998	4.656094766011141e-8
1619.9950000000001	5.2858878225253144e-8
1620	5.722976945412908e-8