1525	0.00002942765422631056
1525.0049999999999	0.000029411119681273345
1525.01	0.00002931666182670399
1525.015	0.000029258138406127156
1525.02	0.000029308700337718707
1525.025	0.000029274401770507798
1525.03	0.000029219668750580157
1525.0349999999999	0.000029116770673117978
1525.04	0.000028974469275972747
1525.045	0.000028860000384168247
1525.05	0.000028662875648714326
1525.055	0.000028658861992880665
1525.06	0.000028658861992880665
1525.065	0.00002860732709843846
1525.07	0.000028622042223369777
1525.075	0.000028656715876415084
1525.0800000000002	0.00002887305591305483
1525.085	0.0000289570726454082
1525.09	0.000029059552687980432
1525.095	0.00002913712251027277
1525.1	0.000029102167900436437
1525.105	0.00002903391247279426
1525.1100000000001	0.000028962793294340375
1525.115	0.000028980261684099944
1525.12	0.0000290326954034706
1525.125	0.000029108741558885068
1525.13	0.000029186100483485635
1525.135	0.000029210648077131615
1525.14	0.00002927224452900109
1525.145	0.000029270245873961083
1525.1499999999999	0.000029266739147715257
1525.155	0.000029206602432040117
1525.16	0.000029177346732467427
1525.165	0.000029211150566930816
1525.17	0.000029262511948615416
1525.175	0.000029310164141562645
1525.18	0.0000293740158667788
1525.185	0.000029380400519551603
1525.19	0.00002944424704761531
1525.1950000000002	0.000029414239179476944
1525.2	0.000029450956519965577
1525.205	0.000029393772517076402
1525.21	0.00002938486639839702
1525.215	0.000029425093089210277
1525.22	0.000029445523978211013
1525.2250000000001	0.00002945479732090901
1525.23	0.000029497846736758856
1525.235	0.00002958080489709948
1525.24	0.00002966936097845414
1525.245	0.000029821680072902714
1525.25	0.00002985605897263052
1525.255	0.000029924142906446134
1525.26	0.000029911457968423853
1525.2649999999999	0.000029962905803847448
1525.27	0.000029982273538701064
1525.275	0.00003000434229215152
1525.28	0.000030067018878507344
1525.285	0.000030169031298105145
1525.29	0.000030287398460587476
1525.295	0.00003040503361252122
1525.3	0.000030493774987787327
1525.305	0.000030529536952186394
1525.3100000000002	0.000030575481165767004
1525.315	0.00003056024876932913
1525.32	0.00003057070910773548
1525.325	0.00003055403067264707
1525.33	0.00003056315936765051
1525.335	0.00003064806776807721
1525.3400000000001	0.00003074426145762038
1525.345	0.00003072136954866483
1525.35	0.00003074754375336211
1525.355	0.00003074360918027079
1525.36	0.00003079926476485235
1525.365	0.00003074530241937704
1525.3700000000001	0.00003061036772618954
1525.375	0.000030574599942141534
1525.3799999999999	0.000030509836780737243
1525.385	0.000030500392313115282
1525.3899999999999	0.00003044641294462861
1525.3950000000002	0.00003042886964976784
1525.4	0.00003040205410802418
1525.405	0.000030379246133971374
1525.41	0.000030375231290236112
1525.415	0.000030279628054440712
1525.4199999999998	0.000030210673602905585
1525.4250000000002	0.000030030660789173222
1525.43	0.000029863898332145608
1525.435	0.000029720866587114635
1525.44	0.000029641405692323725
1525.445	0.000029517442130486003
1525.45	0.000029410969000415858
1525.4550000000002	0.00002926836102502844
1525.46	0.000029248854843899597
1525.465	0.000029161088274425476
1525.47	0.000029165156196294677
1525.475	0.000029117204989758142
1525.48	0.00002907007001351745
1525.4850000000001	0.000029000940978507102
1525.49	0.00002892936786151888
1525.495	0.00002877973494621249
1525.5	0.000028845995418654976
1525.5049999999999	0.00002887197129891411
1525.5100000000002	0.00002896152104103782
1525.515	0.000029019687314105523
1525.52	0.000029101363906956436
1525.525	0.000029141592676751343
1525.53	0.00002915492469748016
1525.5349999999999	0.000029165725087971628
1525.5400000000002	0.000029125526375721334
1525.545	0.000029155826422937914
1525.55	0.000029118771259426053
1525.555	0.000029105824069119983
1525.56	0.000029115085583570096
1525.5649999999998	0.00002918142254500867
1525.5700000000002	0.000029298524842086678
1525.575	0.000029386889072976433
1525.58	0.000029453400638702404
1525.585	0.0000295735470715022
1525.59	0.000029734451090640332
1525.595	0.000029843610625962177
1525.6000000000001	0.000029812593960937067
1525.605	0.00002986440709443235
1525.61	0.000029949721647298702
1525.615	0.000030015249929047652
1525.62	0.00003006252946380522
1525.625	0.000030076791657802966
1525.63	0.000030068371192798345
1525.635	0.000030236675229048452
1525.64	0.00003034384895330443
1525.645	0.00003033907980547164
1525.6499999999999	0.00003033541262009388
1525.6550000000002	0.00003036182170023507
1525.66	0.00003039108328676072
1525.665	0.000030358882987365973
1525.67	0.00003043032959290089
1525.675	0.00003045587562842949
1525.6799999999998	0.00003054709237868128
1525.6850000000002	0.00003062804258657776
1525.69	0.00003064578324377209
1525.695	0.00003065579221597925
1525.7	0.00003059180881729803
1525.705	0.00003064241104327105
1525.7099999999998	0.000030811893408581246
1525.7150000000001	0.000030774641826081364
1525.72	0.00003090472847119079
1525.725	0.000030986151442597535
1525.73	0.000031124045455710236
1525.735	0.00003125703020460137
1525.74	0.000031341415014893596
1525.7450000000001	0.00003139934211491982
1525.75	0.000031438855598055376
1525.755	0.00003143500504726943
1525.76	0.000031467233873932585
1525.7649999999999	0.000031471815115501155
1525.77	0.00003148898865800486
1525.775	0.000031490395343263225
1525.78	0.000031528073013595726
1525.785	0.000031587849804718
1525.79	0.00003162006214547774
1525.7949999999998	0.00003161376199308815
1525.8000000000002	0.00003165417907021267
1525.805	0.00003159417893704465
1525.81	0.00003148536250752391
1525.815	0.00003147316535714973
1525.82	0.000031383110475568093
1525.8249999999998	0.00003134864156106934
1525.8300000000002	0.00003131559308108367
1525.835	0.00003129872778166766
1525.84	0.00003130066540067221
1525.845	0.000031304938602261225
1525.85	0.000031320920320517384
1525.855	0.00003130569963651405
1525.8600000000001	0.000031252030214222175
1525.865	0.00003128566615995397
1525.8700000000001	0.000031249196777918394
1525.875	0.000031144023523937645
1525.8799999999999	0.0000311615571548127
1525.885	0.000031178442372474595
1525.89	0.000031119973176667125
1525.895	0.000031134446544372826
1525.9	0.00003113285492877007
1525.905	0.00003115393077925281
1525.9099999999999	0.00003114434341511262
1525.915	0.000031048053643114295
1525.92	0.00003091715464935362
1525.925	0.000030840092222415166
1525.93	0.00003075882639038491
1525.935	0.000030691097587683175
1525.9399999999998	0.00003056853069557019
1525.945	0.000030459230985633707
1525.95	0.000030453897488669535
1525.9550000000002	0.00003039805488588607
1525.96	0.000030434315229303398
1525.965	0.00003051065481890406
1525.97	0.000030466906189031192
1525.9750000000001	0.00003053468672243136
1525.98	0.00003051826206506827
1525.9850000000001	0.00003044496610553708
1525.99	0.000030357361538335684
1525.995	0.000030357361538335684
1526	0.00003034085295024902
1526.005	0.000030401553508168637
1526.01	0.000030489446302813468
1526.015	0.00003058589810132336
1526.02	0.00003077634344446983
1526.0249999999999	0.00003096167056319924
1526.03	0.000031085226024702696
1526.035	0.0000312057950806622
1526.04	0.00003123382048227893
1526.045	0.00003121554618701345
1526.05	0.000031247098163046364
1526.0549999999998	0.00003131065925095439
1526.06	0.00003138136240750552
1526.065	0.00003143146750506403
1526.0700000000002	0.00003150823209139621
1526.075	0.000031573130399920094
1526.08	0.00003160888445532066
1526.085	0.00003168966590968219
1526.09	0.000031725739453033634
1526.095	0.00003176979953423148
1526.1000000000001	0.00003176979953423148
1526.105	0.00003178571985859929
1526.11	0.00003180280215853541
1526.115	0.00003193336832435746
1526.1200000000001	0.00003201562321894833
1526.125	0.000032127369194845864
1526.13	0.000032233900735022676
1526.135	0.00003222893444185707
1526.1399999999999	0.000032357186379827196
1526.145	0.00003234520483261711
1526.15	0.00003238124772870044
1526.155	0.000032470718962173697
1526.16	0.00003250461973918004
1526.165	0.00003256615218573685
1526.1699999999998	0.00003253342519107135
1526.175	0.00003254169638693948
1526.18	0.000032635528542030294
1526.1850000000002	0.0000327745889075847
1526.19	0.00003291566893197042
1526.195	0.00003296524532322636
1526.2	0.00003302093366238709
1526.205	0.00003300902547663664
1526.21	0.00003306506519889035
1526.2150000000001	0.00003311816362825492
1526.22	0.00003314646892249585
1526.225	0.00003313931811146991
1526.23	0.000033116566324006305
1526.235	0.000033165015338334835
1526.24	0.00003319812094547821
1526.2450000000001	0.00003311007146459272
1526.25	0.00003317280048045238
1526.2549999999999	0.000033096661874890314
1526.26	0.00003305870235292856
1526.265	0.00003308308342550346
1526.27	0.00003313184027862449
1526.275	0.00003320498481937107
1526.28	0.00003322792461519906
1526.2849999999999	0.000033269678930475055
1526.29	0.0000332540768323082
1526.295	0.00003327063637287763
1526.3000000000002	0.00003324049800922964
1526.305	0.00003325010254257032
1526.31	0.000033200114558250954
1526.315	0.00003310440932258512
1526.32	0.00003299923606860328
1526.325	0.00003289406281462257
1526.3300000000002	0.000032798379983122766
1526.335	0.000032757696859177315
1526.34	0.000032651948401279504
1526.345	0.00003265917389093661
1526.35	0.00003256330897016952
1526.355	0.00003259223012704156
1526.3600000000001	0.00003257901002832137
1526.365	0.000032624940046166144
1526.37	0.00003260154999636143
1526.375	0.00003258575669206915
1526.3799999999999	0.00003258271379417328
1526.385	0.000032563078844601956
1526.39	0.00003260215776705678
1526.395	0.00003268161769131447
1526.3999999999999	0.00003281260781065899
1526.405	0.00003291832684225658
1526.4099999999999	0.000032981003428810575
1526.4150000000002	0.000033073058844384294
1526.42	0.00003307350086804741
1526.425	0.00003304125577680551
1526.43	0.00003307462337143995
1526.435	0.0000330577513867083
1526.44	0.0000330900802508405
1526.4450000000002	0.000033031916246100376
1526.45	0.000033021322451531914
1526.455	0.0000330685688820258
1526.46	0.0000331633758662798
1526.465	0.000033234893502951125
1526.47	0.00003329470584296186
1526.4750000000001	0.00003335572330771229
1526.48	0.00003334704008666011
1526.485	0.00003335366023307354
1526.49	0.000033314088795787075
1526.495	0.00003335518496393238
1526.5	0.00003334202938235385
1526.505	0.000033414660720154657
1526.51	0.00003343363225959878
1526.515	0.00003347595338725875
1526.52	0.00003345041477587077
1526.5249999999999	0.000033438739982330586
1526.5300000000002	0.000033433269946685614
1526.535	0.0000334682990796864
1526.54	0.00003346136434971848
1526.545	0.00003345786656904254
1526.55	0.00003344207588196404
1526.5549999999998	0.00003345756558665119
1526.5600000000002	0.00003357517222499676
1526.565	0.000033714228063285165
1526.57	0.00003386997171448977
1526.575	0.0000338640206283711
1526.58	0.00003391265515052693
1526.585	0.00003389120320223515
1526.5900000000001	0.00003387390689509149
1526.595	0.00003395515523136303
1526.6	0.00003399328508545398
1526.605	0.000034074550917495616
1526.61	0.000034254364682271564
1526.615	0.000034375574737202887
1526.6200000000001	0.00003451143355228017
1526.625	0.00003461522234504781
1526.63	0.000034663541868169126
1526.635	0.000034718063362459595
1526.6399999999999	0.000034674097493992385
1526.6450000000002	0.00003466618363745511
1526.65	0.000034675434139353755
1526.655	0.000034698909247252426
1526.66	0.00003473263948849384
1526.665	0.000034798755153862966
1526.6699999999998	0.000034929306700439294
1526.6750000000002	0.00003506934102375032
1526.68	0.000035262500579460054
1526.685	0.000035305967435317066
1526.69	0.00003539096556184756
1526.695	0.0000354528601747006
1526.6999999999998	0.00003545182838802784
1526.7050000000002	0.00003543394436422924
1526.71	0.00003538236901852655
1526.715	0.00003531125956250923
1526.72	0.00003529121542168324
1526.725	0.00003525321092979373
1526.73	0.00003518466837704184
1526.7350000000001	0.00003517195582430312
1526.74	0.000035061507111706924
1526.7450000000001	0.00003489145601695109
1526.75	0.00003474485323235608
1526.7549999999999	0.00003462168064733874
1526.76	0.000034476667255470075
1526.765	0.00003434317121861707
1526.77	0.000034216661315736
1526.775	0.00003412711260585669
1526.78	0.00003407044772234575
1526.7849999999999	0.00003404548377431283
1526.7900000000002	0.00003406403334749603
1526.795	0.00003411856003467283
1526.8	0.000034166238037693626
1526.805	0.00003423113149486181
1526.81	0.00003433121145288811
1526.8149999999998	0.000034392269916992625
1526.8200000000002	0.00003436568099137415
1526.825	0.00003432243445211903
1526.83	0.00003432097834667923
1526.835	0.000034389748179446984
1526.84	0.000034451630199328065
1526.8449999999998	0.000034453693212875364
1526.8500000000001	0.000034505268558578034
1526.855	0.00003457538881666136
1526.8600000000001	0.00003476952697275211
1526.865	0.00003475627739804674
1526.87	0.000034841392770847226
1526.875	0.0000349150314847034
1526.88	0.00003493324372084819
1526.885	0.000034881853934972735
1526.89	0.00003489480320474567
1526.895	0.00003488461737465523
1526.8999999999999	0.00003496061315814057
1526.905	0.00003489822309947851
1526.91	0.00003496390285240504
1526.915	0.00003500588354654612
1526.92	0.00003497370053116481
1526.925	0.00003493980393229644
1526.9299999999998	0.00003494805949877935
1526.9350000000002	0.000035011593779571
1526.94	0.00003502376785036176
1526.945	0.0000351435889388191
1526.95	0.000035306545417781384
1526.955	0.000035430068165437424
1526.9599999999998	0.000035468626746651024
1526.9650000000001	0.000035487211539819774
1526.97	0.000035473092004561424
1526.9750000000001	0.000035442259104648765
1526.98	0.000035396941398046056
1526.985	0.00003544888211166422
1526.99	0.00003551684494568397
1526.9950000000001	0.00003556966961054868
1527	0.000035629268677089055
1527.005	0.000035687921316575845
1527.01	0.0000357318871850446
1527.0149999999999	0.00003581660486510114
1527.02	0.00003586790626267504
1527.025	0.000035881952499039485
1527.03	0.000035930254645070916
1527.035	0.00003599192242098065
1527.04	0.00003597063710870182
1527.0449999999998	0.000036024983273819116
1527.05	0.00003604822530124352
1527.055	0.00003613716199046272
1527.06	0.00003619551716858915
1527.065	0.00003617152077473032
1527.07	0.00003621065367798217
1527.075	0.00003633138183813231
1527.08	0.00003634250839262754
1527.085	0.00003631945925393051
1527.0900000000001	0.00003638435446180573
1527.095	0.00003640602456739987
1527.1	0.00003645940067005076
1527.105	0.000036489829653874026
1527.1100000000001	0.00003647917950985481
1527.115	0.0000364810952704836
1527.1200000000001	0.00003654389103393828
1527.125	0.000036490647207691484
1527.1299999999999	0.00003648317773627133
1527.135	0.0000364571846467259
1527.14	0.00003640267217062467
1527.145	0.00003640043723862618
1527.15	0.00003636468318291007
1527.155	0.00003636468318291007
1527.1599999999999	0.000036379743649181356
1527.165	0.00003630540353150801
1527.17	0.000036264622937416044
1527.175	0.000036308221751221964
1527.18	0.00003635840798868953
1527.185	0.000036354956631510265
1527.19	0.00003637880237033581
1527.195	0.00003634742639872945
1527.2	0.00003633058373395835
1527.2050000000002	0.000036296750477281935
1527.21	0.000036262221468944305
1527.215	0.000036242038477328775
1527.22	0.00003622445778923603
1527.225	0.000036221652408130447
1527.23	0.000036221652408130447
1527.2350000000001	0.00003628316189813959
1527.24	0.0000363700525480008
1527.245	0.000036352409641307176
1527.25	0.00003631735436285447
1527.255	0.00003638290931348489
1527.26	0.000036370642192443435
1527.265	0.00003636468318291007
1527.27	0.000036259738567213775
1527.2749999999999	0.00003613059701382612
1527.28	0.00003610799675265566
1527.285	0.000036180526876104935
1527.29	0.00003625613421025569
1527.295	0.00003626038718129342
1527.3	0.00003646708368582141
1527.305	0.000036575172006809635
1527.31	0.000036571565385021494
1527.315	0.000036664654746661294
1527.3200000000002	0.0000366615406057213
1527.325	0.000036718955487929225
1527.33	0.000036687137513102166
1527.335	0.000036719073769915454
1527.34	0.00003684498813556378
1527.345	0.00003693866190158344
1527.3500000000001	0.00003704045390058259
1527.355	0.00003713903073499885
1527.36	0.000037183603646145046
1527.365	0.000037166160523528134
1527.37	0.000037135325516950223
1527.375	0.00003708845750778268
1527.38	0.000037092930921989706
1527.385	0.00003709772136062382
1527.3899999999999	0.00003703414997224948
1527.395	0.000037047119133935016
1527.4	0.00003713988759363461
1527.405	0.00003721737336372357
1527.41	0.000037327399834342146
1527.415	0.00003743123054928572
1527.42	0.00003747002012668633
1527.425	0.00003758604088930398
1527.43	0.00003761049272699804
1527.4350000000002	0.00003764042442816093
1527.44	0.000037673200797955686
1527.445	0.00003776152152472346
1527.45	0.000037912928938939814
1527.455	0.000037991674616932855
1527.46	0.000038084955555879794
1527.4650000000001	0.000038253631866683164
1527.47	0.000038338973102280265
1527.475	0.00003844486048319434
1527.48	0.0000383880418517854
1527.485	0.00003849455753525072
1527.49	0.000038593465975607514
1527.4950000000001	0.00003854081400470177
1527.5	0.00003862619335836799
1527.5049999999999	0.00003869406052067437
1527.51	0.000038799870763865234
1527.5149999999999	0.00003881410520989449
1527.52	0.00003882181686871032
1527.525	0.000038842848666711455
1527.53	0.00003881410520989449
1527.535	0.000038816854402366256
1527.54	0.00003883002553443644
1527.5449999999998	0.00003881443011435253
1527.5500000000002	0.00003883067534335316
1527.555	0.00003893665508916643
1527.56	0.000038998629809591586
1527.565	0.0000390107743442059
1527.57	0.000038998626515326836
1527.575	0.0000390269297681624
1527.5800000000002	0.00003907978418242349
1527.585	0.000039033655194450645
1527.59	0.00003898133976098463
1527.595	0.00003890421270707549
1527.6	0.00003880627628021404
1527.605	0.000038815883453524644
1527.6100000000001	0.00003871465166237695
1527.615	0.00003864460566574357
1527.62	0.00003848370670469779
1527.625	0.000038395055526484155
1527.6299999999999	0.00003834012943381329
1527.6350000000002	0.000038190573833553935
1527.64	0.00003808677293176409
1527.645	0.00003795201938406832
1527.65	0.000037763518302589586
1527.655	0.00003762748668268973
1527.6599999999999	0.0000375116550185945
1527.6650000000002	0.0000374467484152938
1527.67	0.00003736085763388988
1527.675	0.00003730315015409081
1527.68	0.00003726807733782843
1527.685	0.000037295060980360926
1527.6899999999998	0.00003740638038634439
1527.6950000000002	0.00003748403365249346
1527.7	0.00003751549884303951
1527.705	0.000037545591961080754
1527.71	0.00003759029059402364
1527.715	0.00003768385310263575
1527.72	0.00003779037922719028
1527.7250000000001	0.000037885358583489264
1527.73	0.00003795936323749961
1527.735	0.00003802550729948581
1527.74	0.00003810433472039398
1527.745	0.00003817151117954242
1527.75	0.00003822409780653499
1527.755	0.000038241617171426393
1527.76	0.000038310685411309446
1527.765	0.00003834781411540422
1527.77	0.000038279195516300514
1527.7749999999999	0.00003834924427732781
1527.7800000000002	0.00003842392185226825
1527.785	0.000038581667466655665
1527.79	0.00003878407637018083
1527.795	0.000038875493424566915
1527.8	0.00003906373315508593
1527.8049999999998	0.000039114532638287804
1527.8100000000002	0.00003914723537442455
1527.815	0.00003906404296720704
1527.82	0.000038847308524724244
1527.825	0.00003868040253041384
1527.83	0.000038597888115772164
1527.8349999999998	0.000038619127907543746
1527.8400000000001	0.00003876330579588329
1527.845	0.000039011605153728475
1527.85	0.00003937484606259875
1527.855	0.00003945773642044514
1527.86	0.00003959182777054459
1527.865	0.000039568451029771946
1527.8700000000001	0.00003954924571150917
1527.875	0.000039426117348573206
1527.88	0.00003934743427640751
1527.885	0.00003934575009742848
1527.8899999999999	0.000039411193628973104
1527.895	0.00003947326413725565
1527.9	0.00003958458079660004
1527.905	0.00003969227049357606
1527.91	0.000039807963354857414
1527.915	0.00003990436979429815
1527.9199999999998	0.0000399140128867377
1527.9250000000002	0.00003995620587282465
1527.93	0.00003996049694343827
1527.935	0.00003993904392638784
1527.94	0.00004000198212405731
1527.945	0.00004001304178583926
1527.9499999999998	0.00004005167953328292
1527.9550000000002	0.000040159580712447306
1527.96	0.00004019292711777166
1527.965	0.00004020501052830484
1527.97	0.00004026959014637984
1527.975	0.00004034183535654465
1527.98	0.000040406073215284515
1527.9850000000001	0.00004040175117587252
1527.99	0.0000404764471252912
1527.9950000000001	0.000040424399454061846
1528	0.00004048876095630416
1528.0049999999999	0.00004054835881106552
1528.01	0.000040542002534845976
1528.015	0.000040507658033186355
1528.02	0.000040483279154022386
1528.025	0.000040447525098307264
1528.03	0.00004037743783683629
1528.0349999999999	0.00004025816451819677
1528.04	0.00004019938933227012
1528.045	0.000040139169115241386
1528.05	0.00003998251755891066
1528.055	0.000039902762827671695
1528.06	0.0000398702591406566
1528.0649999999998	0.00003982298325657353
1528.0700000000002	0.00003974705733516915
1528.075	0.000039666865373037066
1528.08	0.00003961708270074482
1528.085	0.000039571177632433825
1528.09	0.000039509528694464256
1528.095	0.00003945522838523359
1528.1000000000001	0.00003943798462169991
1528.105	0.000039343882236560105
1528.1100000000001	0.00003930398670520566
1528.115	0.00003923344854551576
1528.12	0.00003919638772721688
1528.125	0.00003920949893622668
1528.13	0.00003915905921751041
1528.135	0.000039090866921634916
1528.14	0.00003902759236454032
1528.145	0.000038921374653995235
1528.1499999999999	0.00003886774356942623
1528.155	0.000038801331599289494
1528.16	0.00003873272793032869
1528.165	0.00003867361686343962
1528.17	0.000038668401836023125
1528.175	0.000038677031019255635
1528.1799999999998	0.00003865813685380931
1528.185	0.00003863911099868645
1528.19	0.0000387306629099771
1528.1950000000002	0.00003883197496086104
1528.2	0.00003890917849556079
1528.205	0.00003880038376967325
1528.21	0.00003876046685036272
1528.215	0.00003864155063178441
1528.22	0.00003856379771605135
1528.2250000000001	0.00003854992825612244
1528.23	0.000038574963582151116
1528.235	0.00003865647737838327
1528.24	0.00003883303724976635
1528.2450000000001	0.00003899221378672841
1528.25	0.000039118382186853034
1528.255	0.00003926006018231761
1528.26	0.000039391727812433005
1528.2649999999999	0.00003945017614062966
1528.27	0.00003945773642044514
1528.275	0.00003944914519373604
1528.28	0.000039439866668544655
1528.285	0.0000394960548787633
1528.29	0.00003963215003238009
1528.2949999999998	0.00003973431576332436
1528.3	0.000039789048783254076
1528.305	0.00003978685946352107
1528.3100000000002	0.000039801092720257525
1528.315	0.00003986385542779303
1528.32	0.00003986609750462311
1528.325	0.00003984091345776689
1528.33	0.000039852834614471566
1528.335	0.00003991628438833037
1528.3400000000001	0.000039967651245939614
1528.345	0.00004004402338243518
1528.35	0.00004015463723786598
1528.355	0.00004028314863873357
1528.36	0.00004047802940260561
1528.365	0.0000406922453749421
1528.3700000000001	0.000040828178941214794
1528.375	0.00004095998985155245
1528.3799999999999	0.000041027512633777155
1528.385	0.000041094663254442724
1528.39	0.000041126985293592536
1528.395	0.000041144317946977744
1528.4	0.00004116696654802663
1528.405	0.00004114681346898931
1528.4099999999999	0.00004109805132396073
1528.415	0.00004104960264985518
1528.42	0.00004100211061069938
1528.4250000000002	0.00004095464878665368
1528.43	0.00004089299131825241
1528.435	0.000040902242823026954
1528.44	0.000040977451134450723
1528.445	0.00004107154866895415
1528.45	0.00004115113447954137
1528.4550000000002	0.00004124947112456734
1528.46	0.0000413707894040271
1528.465	0.00004138454208241766
1528.47	0.00004145605635165973
1528.475	0.000041427178075184476
1528.48	0.00004146018181927506
1528.4850000000001	0.00004146018181927506
1528.49	0.00004124091466112919
1528.495	0.00004114848611093449
1528.5	0.00004103445895094003
1528.5049999999999	0.00004085813914486624
1528.51	0.0000407629049739462
1528.515	0.00004073205305847681
1528.52	0.00004059098808899778
1528.5249999999999	0.000040431228665042196
1528.53	0.00004029010758983199
1528.535	0.0000402312067786801
1528.5400000000002	0.000040072624436785427
1528.545	0.00003985399015097113
1528.55	0.000039585330262582515
1528.555	0.00003930496115555809
1528.56	0.00003918955917555332
1528.565	0.00003912043014034747
1528.5700000000002	0.000039087051603531324
1528.575	0.00003902052545116502
1528.58	0.00003916140462269622
1528.585	0.000039223123909042234
1528.59	0.000039242832548248144
1528.595	0.0000392253132306109
1528.6000000000001	0.000039207793865995455
1528.605	0.00003908719073234664
1528.61	0.00003909879104359288
1528.615	0.00003913241551521638
1528.62	0.000039287719254358565
1528.625	0.0000394785464508791
1528.63	0.00003960276350134886
1528.635	0.0000397759897146121
1528.6399999999999	0.00003991446785795671
1528.645	0.000040070504339078307
1528.6499999999999	0.00004022654320579029
1528.6550000000002	0.000040209939731059205
1528.66	0.00004015738262012304
1528.665	0.000040170099465646626
1528.67	0.00004015080904451678
1528.675	0.00004037518302904325
1528.6799999999998	0.00004051515876357487
1528.6850000000002	0.00004064612012337255
1528.69	0.00004085344002137746
1528.695	0.00004103755085325521
1528.7	0.000041164607341739686
1528.705	0.00004117023680727502
1528.71	0.00004112048191018403
1528.7150000000001	0.00004106062925164539
1528.72	0.00004092302018307914
1528.725	0.000040807193397622065
1528.73	0.00004082588698457377
1528.735	0.00004095673681323769
1528.74	0.00004115055608768866
1528.7450000000001	0.000041272665160745874
1528.75	0.000041341272368238765
1528.755	0.000041311069272144395
1528.76	0.000041282129634173806
1528.7649999999999	0.00004121345991793936
1528.7700000000002	0.000041202945237757494
1528.775	0.000041281726022462486
1528.78	0.000041395373824139727
1528.785	0.000041519466320341635
1528.79	0.00004162987859541489
1528.7949999999998	0.000041667639692495846
1528.8000000000002	0.0000417447021194316
1528.805	0.00004167072219129857
1528.81	0.00004159473080146717
1528.815	0.00004156745853833847
1528.82	0.00004153754906167033
1528.8249999999998	0.00004150212659534879
1528.8300000000002	0.000041513820178806775
1528.835	0.00004152344627034151
1528.84	0.00004155386646723611
1528.845	0.00004156307870903935
1528.85	0.00004156854963417527
1528.855	0.0000416108814537941
1528.8600000000001	0.00004158008275299597
1528.865	0.00004156745853833847
1528.8700000000001	0.000041545193560063786
1528.875	0.000041452085463696655
1528.8799999999999	0.00004139581724425677
1528.885	0.000041301104736457574
1528.89	0.000041314962911818746
1528.895	0.00004129928129259501
1528.9	0.000041302458137149133
1528.905	0.00004133928901074212
1528.9099999999999	0.0000413886737078428
1528.9150000000002	0.000041400586875531364
1528.92	0.00004131878350621109
1528.925	0.00004112860915719176
1528.93	0.000040969329847566565
1528.935	0.00004069809923207327
1528.9399999999998	0.00004062325120533198
1528.9450000000002	0.00004050332119372263
1528.95	0.000040470772940245585
1528.955	0.00004054835881106552
1528.96	0.000040549683034579384
1528.965	0.00004061589424886613
1528.9699999999998	0.00004057319434978233
1528.9750000000001	0.000040580741215282485
1528.98	0.00004058411286678163
1528.9850000000001	0.000040489001550319326
1528.99	0.00004036570916452598
1528.995	0.00004026765498670793
1529	0.00004012291664356311
1529.005	0.00004006935402404344
1529.01	0.00003999265472807208
1529.015	0.00003993041961384084
1529.02	0.000040030223315960824
1529.0249999999999	0.0000400042259096427
1529.03	0.00004013164344827485
1529.035	0.000040172904846258434
1529.04	0.00004013680210487994
1529.045	0.00004013039293582234
1529.05	0.00004002367327878014
1529.0549999999998	0.00003992157816962322
1529.0600000000002	0.000039840862809837816
1529.065	0.00003972022201100974
1529.07	0.00003959339317198735
1529.075	0.00003945926437314467
1529.08	0.00003936477587653759
1529.0849999999998	0.00003944820200415488
1529.0900000000001	0.00003945932581200715
1529.095	0.000039529259083792527
1529.1000000000001	0.00003952597421188388
1529.105	0.00003951137477997689
1529.11	0.000039463210912784035
1529.115	0.00003933330153726762
1529.1200000000001	0.000039381757233267824
1529.125	0.000039391482119794306
1529.13	0.00003949968735182611
1529.135	0.00003960901924990977
1529.1399999999999	0.00003966250245921869
1529.145	0.0000397290227382153
1529.15	0.00003978091578646163
1529.155	0.00003984837626894178
1529.16	0.000039851074689067893
1529.165	0.00003975825166107158
1529.1699999999998	0.00003970029460820445
1529.175	0.00003974414254754501
1529.18	0.00003982528841438055
1529.185	0.00003990015886893141
1529.19	0.00003992259735241533
1529.195	0.00004000112062679816
1529.1999999999998	0.00004008099960562495
1529.205	0.00004005614235821609
1529.21	0.0000400656329771392
1529.2150000000001	0.000040071102914304374
1529.22	0.00004007894622554441
1529.225	0.00004009796031528891
1529.23	0.000040116983383874846
1529.2350000000001	0.00004011926648672672
1529.24	0.0000401892848449076
1529.2450000000001	0.00004031593561944246
1529.25	0.00004053558311882988
1529.2549999999999	0.00004065677615235259
1529.26	0.00004067350528202951
1529.265	0.000040655247893308985
1529.27	0.00004058297905489766
1529.275	0.000040632308177570716
1529.28	0.00004066375285148565
1529.2849999999999	0.00004076528906101048
1529.29	0.000040775101132336834
1529.295	0.00004090936798486304
1529.3	0.00004103185610100953
1529.305	0.000041171145916983374
1529.31	0.00004124005560323628
1529.315	0.00004118127253696079
1529.32	0.00004112770245923998
1529.325	0.000041014966259757866
1529.3300000000002	0.00004099533543922012
1529.335	0.000041022838558562616
1529.34	0.00004103108949493617
1529.345	0.00004106719223626884
1529.35	0.00004109607750859214
1529.355	0.00004110261215828362
1529.3600000000001	0.00004112364395531349
1529.365	0.00004108753523390698
1529.37	0.000041137311340778966
1529.375	0.00004119982259022783
1529.38	0.00004107318364085988
1529.385	0.000040936374485711445
1529.39	0.00004091887007829254
1529.395	0.000041045320077993065
1529.3999999999999	0.00004113907401822842
1529.405	0.00004116956152537836
1529.41	0.00004120057827048074
1529.415	0.00004119665070925814
1529.42	0.00004120549805942284
1529.425	0.00004119601615072645
1529.43	0.000040992780245030345
1529.435	0.00004078623201222948
1529.44	0.000040578424063829066
1529.4450000000002	0.00004030470086837011
1529.45	0.000040098134462678115
1529.455	0.00004000801709376348
1529.46	0.000040057679547460294
1529.465	0.00004013877134313327
1529.47	0.000040160028147746776
1529.4750000000001	0.00004019077944814169
1529.48	0.00004026163218399111
1529.485	0.00004036417412020256
1529.49	0.00004039926664451519
1529.495	0.000040392999050740284
1529.5	0.00004043769300132875
1529.505	0.000040434309176585415
1529.51	0.000040619256492286976
1529.5149999999999	0.000040821243215725494
1529.52	0.00004095510510894731
1529.525	0.00004104641681829647
1529.53	0.00004113453490132499
1529.535	0.00004123835511678427
1529.54	0.00004134413743287619
1529.545	0.00004140654345974325
1529.55	0.00004143301982835615
1529.555	0.000041541170074775824
1529.5600000000002	0.00004159936518062306
1529.565	0.000041674735257402076
1529.57	0.00004168455009528178
1529.575	0.00004176307051691591
1529.58	0.00004190680349246631
1529.585	0.000042063947499065664
1529.5900000000001	0.00004201583728585069
1529.595	0.00004204690524323378
1529.6	0.00004188623124628783
1529.605	0.000041808256202063135
1529.61	0.00004170349870169613
1529.615	0.00004159964640388463
1529.6200000000001	0.000041618257290878964
1529.625	0.000041575994229073034
1529.6299999999999	0.000041579245920121794
1529.635	0.00004159924153780584
1529.6399999999999	0.00004168267251736249
1529.645	0.00004164014693743327
1529.65	0.00004156969862736478
1529.655	0.00004131861544458178
1529.66	0.000041150038337661995
1529.665	0.000040959573069881566
1529.6699999999998	0.00004084944317607635
1529.6750000000002	0.000040851584634197315
1529.68	0.00004093889169893926
1529.685	0.00004094884468694184
1529.69	0.000041107519577211616
1529.695	0.00004115308932653281
1529.7	0.000041267019410715836
1529.7050000000002	0.00004130208553177324
1529.71	0.0000413308281337938
1529.715	0.000041262811910623096
1529.72	0.00004124421248079071
1529.725	0.00004117376959733646
1529.73	0.000041156235966144414
1529.7350000000001	0.000041174849943813466
1529.74	0.00004121279361679469
1529.745	0.000041291248930072906
1529.75	0.0000414575277949698
1529.7549999999999	0.00004164890786871804
1529.76	0.00004182848885177635
1529.765	0.00004194768520628911
1529.77	0.0000419973354012626
1529.775	0.00004205098795870904
1529.78	0.00004210382758174089
1529.7849999999999	0.00004217184354849438
1529.7900000000002	0.00004217772026729564
1529.795	0.00004214037617258993
1529.8	0.00004212171188555658
1529.805	0.00004210899674653105
1529.81	0.00004202953132447744
1529.8149999999998	0.00004192861670359953
1529.8200000000002	0.00004179868976651521
1529.825	0.000041652384730657096
1529.83	0.000041519663219798105
1529.835	0.00004141155455880093
1529.84	0.0000413707894040271
1529.845	0.00004139197699212735
1529.8500000000001	0.00004135291237753799
1529.855	0.00004129928129259501
1529.86	0.00004127533299896279
1529.865	0.00004120432628274559
1529.87	0.00004117504506835372
1529.875	0.00004122128503346754
1529.88	0.00004113497762646386
1529.885	0.000040994715981463734
1529.89	0.00004088071286252981
1529.895	0.00004079965664477875
1529.8999999999999	0.0000407450279453769
1529.9050000000002	0.000040760918635849094
1529.91	0.00004081373295872509
1529.915	0.00004081170269745014
1529.92	0.00004086124045204733
1529.925	0.00004076551370585206
1529.9299999999998	0.000040806528415226196
1529.9350000000002	0.00004070435734091056
1529.94	0.00004063354315508241
1529.945	0.000040608301003974324
1529.95	0.00004053819786697182
1529.955	0.000040410590694652033
1529.9599999999998	0.00004033452540327257
1529.9650000000001	0.000040250021436505975
1529.97	0.00004027484194183604
1529.975	0.000040252538878849014
1529.98	0.000040311956155828634
1529.985	0.000040412238540898926
1529.99	0.00004045896639581766
1529.9950000000001	0.00004045896639581766
1530	0.00004048836417437704
1530.005	0.00004057815337096739
1530.01	0.00004036117634107142
1530.0149999999999	0.00004043582371333869
1530.02	0.0000405234633361281
1530.025	0.00004062723389935771
1530.03	0.0000407986623335536
1530.035	0.00004091104658710575
1530.04	0.000041027013680325744
1530.0449999999998	0.00004110196641657122
1530.0500000000002	0.00004112743691697711
1530.055	0.00004115624566639296
1530.06	0.000041225012793242715
1530.065	0.00004130909613089626
1530.07	0.00004138246805571738
1530.0749999999998	0.000041513820178806775
1530.0800000000002	0.000041568599777468284
1530.085	0.00004177592338922252
1530.09	0.0000419972838015768
1530.095	0.0000421614748429634
1530.1	0.000042161041640568453
1530.105	0.00004206807352602481
1530.1100000000001	0.000042014435168108255
1530.115	0.000041969563622292966
1530.1200000000001	0.00004195343953061384
1530.125	0.0000419411671287836
1530.1299999999999	0.00004196079680696129
1530.135	0.000042010459258374066
1530.14	0.00004206211209111855
1530.145	0.000042165409667998906
1530.15	0.000042226479583070744
1530.155	0.00004221621271502668
1530.1599999999999	0.00004225476072395583
1530.165	0.0000422591725093528
1530.17	0.000042400923504854356
1530.175	0.00004261014598816071
1530.18	0.000042922070932694824
1530.185	0.00004313401091885374
1530.1899999999998	0.000043315384944642915
1530.1950000000002	0.000043402110279919395
1530.2	0.000043419509037019566
1530.205	0.00004344572530035836
1530.21	0.00004343963935047013
1530.215	0.00004340898885857309
1530.22	0.000043424315142593224
1530.2250000000001	0.00004348625848827558
1530.23	0.00004353414988071398
1530.2350000000001	0.00004361396453669226
1530.24	0.00004365163476855556
1530.245	0.00004362289889490253
1530.25	0.000043605657992884584
1530.255	0.00004355299487776438
1530.26	0.00004349123337331293
1530.265	0.00004348051152192052
1530.27	0.000043468366988472636
1530.2749999999999	0.000043436338754428936
1530.28	0.000043463683802919385
1530.285	0.00004339777389450753
1530.29	0.00004355845623566109
1530.295	0.000043623171963027394
1530.3	0.00004376145911127405
1530.3049999999998	0.000043843920955015625
1530.31	0.00004389355100320437
1530.315	0.000043984837854027976
1530.32	0.00004399005774816261
1530.325	0.00004396324220579117
1530.33	0.000043923297200582225
1530.335	0.00004380455902865807
1530.34	0.00004374107842591429
1530.345	0.00004368705924086317
1530.3500000000001	0.000043600994421625525
1530.355	0.000043569903937168426
1530.36	0.00004355668510422012
1530.365	0.00004364063952986478
1530.3700000000001	0.00004357767719220679
1530.375	0.00004365557166697103
1530.38	0.00004364066717303017
1530.385	0.00004360454022419177
1530.3899999999999	0.000043584125316616725
1530.395	0.000043554209547815254
1530.4	0.00004356479621550421
1530.405	0.00004354817221970213
1530.41	0.0000436431739694314
1530.415	0.000043787606578153015
1530.4199999999998	0.00004395412186285409
1530.425	0.00004405334416871262
1530.43	0.000044270034995288515
1530.4350000000002	0.00004430434366377023
1530.44	0.000044320811866782646
1530.445	0.00004431971780063232
1530.45	0.00004429837714902993
1530.455	0.00004425190976053634
1530.46	0.00004429399177512659
1530.4650000000001	0.00004443380515849663
1530.47	0.00004452490467383127
1530.475	0.000044528493445286216
1530.48	0.00004440264903819211
1530.485	0.00004447363059085997
1530.49	0.00004437478766573578
1530.4950000000001	0.000044391659650467485
1530.5	0.00004419802198567204
1530.5049999999999	0.00004401389014969987
1530.51	0.00004377585981680545
1530.515	0.0000436560067301234
1530.52	0.00004358011938284543
1530.525	0.000043521852907664524
1530.53	0.00004351626557763663
1530.5349999999999	0.000043588965975665956
1530.54	0.000043605657992884584
1530.545	0.00004357176415912832
1530.5500000000002	0.00004344296321710402
1530.555	0.000043360715789893345
1530.56	0.00004335714329587714
1530.565	0.00004334489618210672
1530.57	0.00004342814437481665
1530.575	0.00004350987520643353
1530.5800000000002	0.000043605657991310547
1530.585	0.0000437333640396948
1530.59	0.00004393130698498489
1530.595	0.00004404177109529307
1530.6	0.00004407050437293949
1530.605	0.00004412861484599986
1530.6100000000001	0.00004421629553324659
1530.615	0.00004425586815370572
1530.62	0.00004429490678366554
1530.625	0.00004439707607625038
1530.6299999999999	0.000044549311275717275
1530.635	0.0000447269287924892
1530.64	0.000044831442064903
1530.645	0.00004491775696589973
1530.6499999999999	0.00004505210467008005
1530.655	0.00004510141695948116
1530.66	0.00004514324245974416
1530.6650000000002	0.00004519485672770303
1530.67	0.00004528913879856775
1530.675	0.00004527137995437076
1530.68	0.000045292244371966225
1530.685	0.000045239350583557903
1530.69	0.00004526606441977227
1530.6950000000002	0.000045305349824594125
1530.7	0.00004534560701455847
1530.705	0.00004532998718853803
1530.71	0.0000452584661427399
1530.715	0.00004521554238582704
1530.72	0.000045057741736711466
1530.7250000000001	0.00004483419512342774
1530.73	0.00004468252546693307
1530.735	0.00004459862248156842
1530.74	0.000044521342968226155
1530.745	0.000044352532022914207
1530.75	0.000044285057812209474
1530.755	0.00004425067891192252
1530.76	0.000044119766452178846
1530.7649999999999	0.00004413721398974127
1530.77	0.00004412694811376014
1530.7749999999999	0.00004406407592008493
1530.7800000000002	0.000043964289089484835
1530.785	0.00004393069277315145
1530.79	0.00004395622875271582
1530.795	0.00004394974461829397
1530.8	0.000043919917516765266
1530.8049999999998	0.00004395773430470053
1530.8100000000002	0.00004402650133902231
1530.815	0.000044052634621038986
1530.82	0.000044094698214797145
1530.825	0.00004417400430883631
1530.83	0.00004427265334087616
1530.835	0.000044269730488209383
1530.8400000000001	0.00004418909832561613
1530.845	0.00004413801219320161
1530.85	0.00004408950129290355
1530.855	0.00004404540046213615
1530.86	0.00004411870600838784
1530.865	0.00004417245601921778
1530.8700000000001	0.000044110936554399066
1530.875	0.00004426795108500366
1530.8799999999999	0.00004430682842461229
1530.885	0.0000443072127886895
1530.8899999999999	0.000044162944950995336
1530.8950000000002	0.000044099799546923046
1530.9	0.000044009267438721564
1530.905	0.00004402402322428044
1530.91	0.00004416867268956517
1530.915	0.00004436860454776906
1530.9199999999998	0.00004467701588289987
1530.9250000000002	0.00004487994142509717
1530.93	0.00004506107340878477
1530.935	0.000045175246717770115
1530.94	0.000045112507539397646
1530.945	0.00004509280967953259
1530.9499999999998	0.00004508961865212767
1530.9550000000002	0.00004508096495698629
1530.96	0.000045103389772063913
1530.965	0.00004518708456281391
1530.97	0.000045244752394612836
1530.975	0.00004531987536169336
1530.98	0.00004537535122361555
1530.9850000000001	0.00004541335043224794
1530.99	0.00004542133449729744
1530.9950000000001	0.00004537813120229062
1531	0.00004525636043959764
1531.0049999999999	0.00004512244955571971
1531.01	0.00004508216685920135
1531.015	0.000045111869716807337
1531.02	0.000045211481139955315
1531.025	0.00004536473121831378
1531.03	0.00004559278051741195
1531.0349999999999	0.000045743841280167145
1531.0400000000002	0.00004587963666926105
1531.045	0.00004605209626826397
1531.05	0.000046120023732318864
1531.055	0.00004615093131749255
1531.06	0.00004627116994765858
1531.0649999999998	0.000046426650518606985
1531.0700000000002	0.00004653198076187748
1531.075	0.00004665530355567084
1531.08	0.00004688873352103048
1531.085	0.000046998922655500795
1531.09	0.00004707532098678643
1531.0949999999998	0.000047098262276894656
1531.1000000000001	0.00004712526112564168
1531.105	0.0000471318270118159
1531.1100000000001	0.00004709981061232296
1531.115	0.00004713514941209785
1531.12	0.00004717461891840313
1531.125	0.00004718911285101868
1531.13	0.000047276577117194805
1531.135	0.00004738302046470094
1531.14	0.00004741800512357731
1531.145	0.00004745384064115491
1531.1499999999999	0.000047508745074843056
1531.155	0.00004760635938393016
1531.16	0.00004774541720732394
1531.165	0.00004770830917558782
1531.17	0.000047761235949921736
1531.175	0.000047781302748356436
1531.1799999999998	0.000047722925805077425
1531.1850000000002	0.000047813417634365904
1531.19	0.00004783795913616119
1531.195	0.00004783509881366206
1531.2	0.00004781457177673551
1531.205	0.00004782437259760316
1531.2099999999998	0.000047759908435448103
1531.2150000000001	0.000047714832971603386
1531.22	0.00004762841854244468
1531.2250000000001	0.00004756451396396923
1531.23	0.000047481819638780934
1531.235	0.00004742760109818956
1531.24	0.000047413879656232866
1531.2450000000001	0.00004742777641372814
1531.25	0.00004735051935087057
1531.255	0.00004737889558807219
1531.26	0.00004725452416763694
1531.2649999999999	0.000047077271191183323
1531.27	0.00004700425831506699
1531.275	0.00004695636692262848
1531.28	0.0000469004940660215
1531.285	0.000046772788017112635
1531.29	0.0000467548596679707
1531.2949999999998	0.000046778705405519036
1531.3	0.00004686363761771358
1531.305	0.00004694714382370375
1531.31	0.00004699733261401836
1531.315	0.00004701238695443427
1531.32	0.00004696972993142125
1531.3249999999998	0.000046844251574676145
1531.3300000000002	0.00004670095404703735
1531.335	0.00004659846828531412
1531.3400000000001	0.00004658538117417812
1531.345	0.000046530984005261154
1531.35	0.00004652567596407733
1531.355	0.00004662078984062483
1531.3600000000001	0.000046692869196466754
1531.365	0.00004675820029456514
1531.3700000000001	0.000046975837902090014
1531.375	0.000047079433557224885
1531.3799999999999	0.000047163572162389776
1531.385	0.00004713802909890225
1531.39	0.000047006944371755184
1531.395	0.000046825729447449336
1531.4	0.00004653081440037631
1531.405	0.000046350463337983746
1531.4099999999999	0.00004623191837683288
1531.415	0.00004617362371636825
1531.42	0.00004629238107494968
1531.425	0.00004648019643382996
1531.43	0.00004674242194473501
1531.435	0.00004696262760806172
1531.4399999999998	0.00004716585464469001
1531.445	0.000047207700692318495
1531.45	0.00004712489822068363
1531.4550000000002	0.00004709100261914295
1531.46	0.00004699407494729032
1531.465	0.00004696023796423518
1531.47	0.0000470397955277478
1531.475	0.00004718043865261531
1531.48	0.00004734699258411389
1531.4850000000001	0.000047462882420109145
1531.49	0.000047548477182678136
1531.495	0.00004766119915459592
1531.5	0.00004773636114510104
1531.505	0.00004776582365427156
1531.51	0.000047847936606759704
1531.515	0.00004789661034010351
1531.52	0.00004792395538512898
1531.5249999999999	0.00004800282819131185
1531.53	0.00004809958473199624
1531.535	0.000048232585561639435
1531.54	0.00004836294647104359
1531.545	0.00004851019091282604
1531.55	0.000048660927857443654
1531.555	0.00004877419609534149
1531.56	0.000048782362683406665
1531.565	0.00004881490523410249
1531.5700000000002	0.000048796510479824724
1531.575	0.00004882320733766758
1531.58	0.00004886167427925671
1531.585	0.0000488489565509411
1531.59	0.000048875484936101605
1531.595	0.000048918618755104955
1531.6000000000001	0.0000490051024826243
1531.605	0.00004903087866151731
1531.61	0.00004902506466497319
1531.615	0.000048931548175456114
1531.62	0.00004881858959653545
1531.625	0.000048640595125007185
1531.63	0.00004851764764335838
1531.635	0.00004849314091989286
1531.6399999999999	0.00004844775629406784
1531.645	0.0000484286624831894
1531.65	0.000048397827476610376
1531.655	0.00004836849030546481
1531.66	0.00004837259776159189
1531.665	0.00004836351545890523
1531.67	0.00004833388700746296
1531.675	0.00004830350321657823
1531.68	0.00004827268075475375
1531.6850000000002	0.000048211639987090886
1531.69	0.00004822582634634917
1531.695	0.00004821445165629589
1531.7	0.00004827171163254061
1531.705	0.000048394410528428944
1531.71	0.000048460317295903155
1531.7150000000001	0.000048516166147547734
1531.72	0.000048558125854469775
1531.725	0.00004858877634454598
1531.73	0.0000486117642140016
1531.735	0.0000485903117812821
1531.74	0.00004857601015828547
1531.7450000000001	0.000048607120405746846
1531.75	0.00004858897876946637
1531.7549999999999	0.00004860920723279577
1531.76	0.000048690729877339
1531.7649999999999	0.00004883450613237833
1531.77	0.000049054355662313485
1531.775	0.00004917077571293247
1531.78	0.00004921632860758235
1531.785	0.00004924376235070801
1531.79	0.000049330892377238534
1531.795	0.000049338840957508506
1531.8000000000002	0.00004939048731794916
1531.805	0.00004951853960375349
1531.81	0.00004970452573113476
1531.815	0.0000499248719104751
1531.82	0.00005003248197984934
1531.825	0.00005004903586134121
1531.8300000000002	0.00005004307011639105
1531.835	0.00004997188457408148
1531.84	0.000049857328122684155
1531.845	0.000049829189029308747
1531.85	0.00004984610495670126
1531.855	0.000049880483856429075
1531.8600000000001	0.00004993270632850649
1531.865	0.00004996846066990771
1531.87	0.00005018063865220707
1531.875	0.00005021908291346466
1531.8799999999999	0.0000502366516119255
1531.885	0.000050207896457838235
1531.89	0.000050157762542248225
1531.895	0.000050163793695131964
1531.9	0.00005012675120492761
1531.905	0.000050164485749588484
1531.9099999999999	0.000050255950793039094
1531.9150000000002	0.000050337256419448875
1531.92	0.00005050517895533865
1531.925	0.00005070360493481247
1531.93	0.00005085926043843317
1531.935	0.000051017434511084634
1531.9399999999998	0.00005110449144638858
1531.9450000000002	0.000051291223235408736
1531.95	0.00005139611797089109
1531.955	0.00005142241306160541
1531.96	0.00005148736411957295
1531.965	0.00005162843444308086
1531.97	0.00005186374602793198
1531.9750000000001	0.00005203907778824856
1531.98	0.00005227889366475829
1531.985	0.0000523663475178182
1531.99	0.000052381238977351585
1531.995	0.00005230759520138753
1532	0.000052200684062449685
1532.005	0.00005210727739706828
1532.01	0.000052113632521182946
1532.015	0.00005211604002397502
1532.02	0.00005222128908186873
1532.0249999999999	0.000052306752572948096
1532.0300000000002	0.00005234099040832574
1532.035	0.00005239234676162004
1532.04	0.000052416783417571694
1532.045	0.00005241022656756802
1532.05	0.00005244859203467205
1532.0549999999998	0.00005235442303069599
1532.0600000000002	0.000052398128363785044
1532.065	0.00005229879806835526
1532.07	0.000052278940630904245
1532.075	0.00005232323133322738
1532.08	0.00005229920468473896
1532.0849999999998	0.0000524049665519895
1532.0900000000001	0.00005246815093374454
1532.095	0.000052555719310201464
1532.1	0.00005263154525735907
1532.105	0.00005258088640520145
1532.11	0.00005264860513680575
1532.115	0.0000525668202742801
1532.1200000000001	0.000052586850265517344
1532.125	0.00005251583872492706
1532.13	0.000052421971086140176
1532.135	0.00005228734449364702
1532.1399999999999	0.0000522363172273786
1532.145	0.000052153880081569816
1532.15	0.00005208539438479886
1532.155	0.000052026647608727176
1532.16	0.000051946190075091666
1532.165	0.00005181209417060014
1532.1699999999998	0.000051720797934594436
1532.1750000000002	0.00005153097656125861
1532.18	0.000051390224862088694
1532.185	0.00005128467091926955
1532.19	0.000051222415745907724
1532.195	0.00005123444954464876
1532.1999999999998	0.0000513001136062338
1532.2050000000002	0.00005138896651251429
1532.21	0.000051465780415334443
1532.215	0.000051494661711659105
1532.22	0.00005149490607577735
1532.225	0.000051434536170423383
1532.23	0.00005141339206716774
1532.2350000000001	0.00005135782079793688
1532.24	0.00005128931894509042
1532.2450000000001	0.00005126004350779337
1532.25	0.00005127572512719776
1532.2549999999999	0.00005130199697325065
1532.26	0.000051459626289562356
1532.265	0.00005158324201827171
1532.27	0.000051693604770226426
1532.275	0.00005179422441869971
1532.28	0.000051797377903953274
1532.2849999999999	0.000051788742210506453
1532.29	0.000051641674527324664
1532.295	0.000051494746006101855
1532.3	0.00005138524162974922
1532.305	0.00005133393854208967
1532.31	0.000051414288822983114
1532.3149999999998	0.00005147588388223583
1532.3200000000002	0.00005185891668424659
1532.325	0.00005215928593858909
1532.33	0.000052448256524259215
1532.335	0.00005249149398878215
1532.34	0.00005236955912976264
1532.345	0.00005217757979772342
1532.3500000000001	0.000052049242891002595
1532.355	0.00005199982115337662
1532.3600000000001	0.00005199087900109584
1532.365	0.000052052985039761424
1532.37	0.00005220825065809398
1532.375	0.00005230715584301115
1532.38	0.00005246129324163707
1532.385	0.00005262048320131306
1532.39	0.00005271514058514183
1532.395	0.00005269966277549376
1532.3999999999999	0.000052585598930314495
1532.405	0.00005247233743285252
1532.41	0.000052437855629250434
1532.415	0.00005244360415477816
1532.42	0.000052479474898410015
1532.425	0.000052576985959455416
1532.4299999999998	0.00005275570340831789
1532.435	0.00005297052271552606
1532.44	0.00005307786529745223
1532.445	0.00005324915812108464
1532.45	0.0000533598070435413
1532.455	0.00005346005379244433
1532.46	0.00005353015725523351
1532.465	0.000053591051253461384
1532.47	0.00005360948289057275
1532.4750000000001	0.000053665918733355223
1532.48	0.00005374301690608258
1532.485	0.00005378771856903162
1532.49	0.000053851853209556924
1532.4950000000001	0.00005386817792896181
1532.5	0.00005394763785142839
1532.505	0.000053992547136984666
1532.51	0.00005396570222172016
1532.5149999999999	0.00005384036437140168
1532.52	0.00005374301690608258
1532.525	0.0000536715055648573
1532.53	0.00005361191546670811
1532.535	0.00005361190900139653
1532.54	0.0000536278061585769
1532.5449999999998	0.000053650963038001344
1532.55	0.00005365362449083488
1532.555	0.00005365362449083488
1532.56	0.00005349942815650303
1532.565	0.000053441231140200084
1532.57	0.00005340474774209582
1532.575	0.000053317500280350544
1532.58	0.0000530736293932458
1532.585	0.00005309795495042629
1532.5900000000001	0.000053065721124428056
1532.595	0.00005311403714465852
1532.6	0.000053133737060359944
1532.605	0.000053168704782327195
1532.61	0.000053328456484328305
1532.615	0.000053261776276025215
1532.6200000000001	0.000053325104093130215
1532.625	0.00005321335751077062
1532.6299999999999	0.000053099377383023615
1532.635	0.00005297124880892236
1532.64	0.0000528365158772758
1532.645	0.0000527140277600003
1532.65	0.000052681947557653204
1532.655	0.0000527247048772392
1532.6599999999999	0.00005282404696589549
1532.665	0.000052941253586290143
1532.67	0.0000530866640847197
1532.6750000000002	0.000053225728330781014
1532.68	0.000053476918551364874
1532.685	0.00005359084244852011
1532.69	0.00005377750182159861
1532.695	0.000054002266546985434
1532.7	0.0000541725021291098
1532.7050000000002	0.00005441571919808387
1532.71	0.00005462707609503768
1532.715	0.00005477702102491752
1532.72	0.000054747632964749824
1532.725	0.00005465854588637052
1532.73	0.000054576860721261355
1532.7350000000001	0.00005440023182841115
1532.74	0.00005436940936658776
1532.745	0.00005444431409328681
1532.75	0.00005452248513756334
1532.7549999999999	0.000054589496293815033
1532.76	0.00005468795252488432
1532.765	0.00005479854169215662
1532.77	0.00005488795225874075
1532.7749999999999	0.00005495878576766699
1532.78	0.00005493565079284941
1532.785	0.000054840795929843135
1532.7900000000002	0.00005478035731844007
1532.795	0.0000547310191876372
1532.8	0.00005483054393682239
1532.805	0.00005483228569130641
1532.81	0.00005494488922643925
1532.815	0.000054994554374154156
1532.8200000000002	0.00005502828461576252
1532.825	0.00005517036414413105
1532.83	0.00005523474142277842
1532.835	0.000055297830839044146
1532.84	0.00005536405175460817
1532.845	0.00005538789264392103
1532.8500000000001	0.000055374380059276106
1532.855	0.00005538550806961849
1532.86	0.00005540536528976405
1532.865	0.000055505376493576025
1532.87	0.000055500150852448447
1532.875	0.00005557561962681872
1532.88	0.00005558921807385729
1532.885	0.00005549180241749334
1532.8899999999999	0.00005546759772706886
1532.895	0.0000554083784079169
1532.8999999999999	0.00005534605472473562
1532.9050000000002	0.000055253796747495516
1532.91	0.00005518806346257875
1532.915	0.00005506193646268742
1532.92	0.00005506205209597936
1532.925	0.00005503285917557569
1532.9299999999998	0.00005506497138835917
1532.9350000000002	0.0000550974402762484
1532.94	0.000055101816542446634
1532.945	0.000055087593679116294
1532.95	0.000055113133773949037
1532.955	0.00005508916092454521
1532.96	0.00005505380121498028
1532.9650000000001	0.000055033169920045055
1532.97	0.000055015580181225045
1532.975	0.000054954937215734656
1532.98	0.000054982985316122336
1532.985	0.00005498114114784164
1532.99	0.00005487489817728582
1532.9950000000001	0.000054760018021393586
1533	0.00005470103678905246
1533.0049999999999	0.00005461909459206995
1533.01	0.00005440998369993918
1533.0149999999999	0.000054172123787970145
1533.0200000000002	0.000053919253076597496
1533.025	0.00005372514230959033
1533.03	0.00005357274841124155
1533.035	0.00005347890493966123
1533.04	0.00005345338140567289
1533.0449999999998	0.00005347289571381145
1533.0500000000002	0.00005338544724744694
1533.055	0.000053334856743635056
1533.06	0.00005309267181050871
1533.065	0.00005287798326550654
1533.07	0.000052616305486205226
1533.0749999999998	0.00005237184982656907
1533.0800000000002	0.000052183171576253014
1533.085	0.000052265947976284584
1533.09	0.00005234132007142554
1533.095	0.00005252009696450885
1533.1	0.000052617586331990265
1533.105	0.0000527785146612706
1533.1100000000001	0.00005286412973154779
1533.115	0.000052805786257261264
1533.12	0.00005263675848751509
1533.125	0.0000524209210350098
1533.1299999999999	0.00005219320398430611
1533.135	0.00005200640205357386
1533.14	0.00005188833934511816
1533.145	0.00005175158842976043
1533.15	0.00005185346326532376
1533.155	0.000051989509158844474
1533.1599999999999	0.000052400704864044566
1533.1650000000002	0.00005270920432976806
1533.17	0.000052960913373616216
1533.175	0.00005300999328028408
1533.18	0.00005298334216171821
1533.185	0.0000528215720085945
1533.1899999999998	0.00005272358304569366
1533.1950000000002	0.000052625060885659136
1533.2	0.000052536018571100515
1533.205	0.000052465034243053034
1533.21	0.000052483104659396505
1533.215	0.00005261236393900089
1533.2199999999998	0.00005281013662449036
1533.2250000000001	0.000053024461690075296
1533.23	0.000053140247471427895
1533.235	0.00005318791954984779
1533.24	0.000052989556510546695
1533.245	0.00005259494564281175
1533.25	0.000052183636519684046
1533.255	0.000052084755832913474
1533.26	0.00005208028596825904
1533.265	0.00005222831444888093
1533.27	0.000052290533784400086
1533.2749999999999	0.00005259532861223325
1533.28	0.000052846323406319935
1533.285	0.00005317365026711799
1533.29	0.00005333868298349441
1533.295	0.00005341982950127126
1533.3	0.000053451456970903047
1533.3049999999998	0.00005342119645145623
1533.3100000000002	0.00005334658719711342
1533.315	0.000053234750286917704
1533.32	0.00005326029592074705
1533.325	0.00005338470024357445
1533.33	0.00005342120130080725
1533.3349999999998	0.000053460893685542385
1533.3400000000001	0.00005350028004529161
1533.345	0.00005341432300564583
1533.3500000000001	0.0000533562225222234
1533.355	0.00005336034631027689
1533.36	0.0000533574017102346
1533.365	0.000053320244679556365
1533.3700000000001	0.00005329605482984336
1533.375	0.000053305766651048755
1533.38	0.00005332545002148956
1533.385	0.00005341286240368232
1533.3899999999999	0.000053578532723321755
1533.395	0.00005365243252581381
1533.4	0.00005360811734667505
1533.405	0.00005350733938267835
1533.41	0.00005332286492020136
1533.415	0.000053081501398367794
1533.4199999999998	0.00005287852272077021
1533.425	0.000052786145535676676
1533.43	0.000052686212640926145
1533.435	0.00005254066127593148
1533.44	0.00005242500398965282
1533.445	0.00005245323062435376
1533.4499999999998	0.000052327765032441994
1533.4550000000002	0.00005215818341427598
1533.46	0.000051930743878947805
1533.4650000000001	0.000051700354176830337
1533.47	0.00005152734018001762
1533.475	0.000051383004760705975
1533.48	0.00005125278856483957
1533.4850000000001	0.0000511856741047032
1533.49	0.000051149248501318374
1533.4950000000001	0.00005123240127496356
1533.5	0.00005131698092452389
1533.5049999999999	0.0000513850648587972
1533.51	0.00005143664020449988
1533.515	0.00005141944376024801
1533.52	0.00005137107736141927
1533.525	0.000051321412213704596
1533.53	0.000051218778096225346
1533.5349999999999	0.00005119825558074377
1533.54	0.00005124998220528137
1533.545	0.000051380812521325354
1533.55	0.00005153296705043357
1533.555	0.000051728544789259844
1533.56	0.00005187410049773991
1533.5649999999998	0.000052037370425482324
1533.57	0.00005217938640560565
1533.575	0.00005240365609671391
1533.5800000000002	0.000052437855629250434
1533.585	0.000052437855629250434
1533.59	0.000052443817063352
1533.595	0.00005250238198187638
1533.6	0.00005264696474857099
1533.605	0.000052887164352599046
1533.6100000000001	0.000053041853747666776
1533.615	0.00005312930383697029
1533.62	0.00005308686290163536
1533.625	0.00005295561426167719
1533.63	0.00005270317954273283
1533.635	0.00005252582137837233
1533.64	0.000052424887877692577
1533.645	0.00005234918557289797
1533.6499999999999	0.00005229167935946921
1533.655	0.00005220123036238603
1533.66	0.00005227798660553238
1533.665	0.00005237597360798442
1533.67	0.00005248904184481623
1533.675	0.00005248202839861321
1533.6799999999998	0.00005236669391360827
1533.685	0.000052142499488182304
1533.69	0.00005189097725512779
1533.6950000000002	0.000051755602182326425
1533.7	0.000051683291310073916
1533.705	0.0000516111345514377
1533.71	0.000051579670980572626
1533.715	0.00005154792583041847
1533.72	0.000051570734283718616
1533.7250000000001	0.000051597555284388357
1533.73	0.0000516482068614017
1533.735	0.00005164167731157063
1533.74	0.000051588800915580894
1533.745	0.00005146783796739838
1533.75	0.00005138604536581431
1533.755	0.000051419948188385145
1533.76	0.000051452532188159414
1533.7649999999999	0.00005155185709399203
1533.77	0.000051602017266357755
1533.775	0.000051535884567459666
1533.78	0.00005143408322876328
1533.785	0.000051334836791556626
1533.79	0.00005117292026944367
1533.795	0.00005097825713775049
1533.8	0.00005086728999881117
1533.805	0.00005088238685857509
1533.8100000000002	0.00005088238685857509
1533.815	0.0000509205700963815
1533.82	0.00005095568994797546
1533.825	0.000050978634923231096
1533.83	0.000050981785566150994
1533.835	0.000050957673616102534
1533.8400000000001	0.0000510047248086741
1533.845	0.00005096171146639858
1533.85	0.000050806407675770076
1533.855	0.000050616805415020327
1533.86	0.00005046948807332492
1533.865	0.00005039751820825314
1533.8700000000001	0.00005029344089358158
1533.875	0.000050277664898607506
1533.8799999999999	0.00005035496724168721
1533.885	0.00005043035796753997
1533.8899999999999	0.00005051738775667972
1533.895	0.00005056664516736076
1533.9	0.00005059908289514818
1533.905	0.00005062314449148921
1533.91	0.00005051621366070991
1533.915	0.0000503835015948596
1533.92	0.000050187496371214624
1533.9250000000002	0.000049916508909805526
1533.93	0.00004957641498140779
1533.935	0.00004934063953363899
1533.94	0.000049164303904450906
1533.945	0.000049079164803336636
1533.95	0.000049155791716890445
1533.9550000000002	0.00004927709357163066
1533.96	0.00004923343142820874
1533.965	0.000049241626890872924
1533.97	0.00004912690201554749
1533.975	0.00004896023179599145
1533.98	0.00004880168455486697
1533.9850000000001	0.00004877929313894541
1533.99	0.00004877631538285061
1533.995	0.0000488689427267836
1534	0.00004901369286494528
1534.0049999999999	0.00004920492195833592
1534.01	0.0000494080673996636
1534.015	0.000049532526942859416
1534.02	0.00004973367079853021
1534.025	0.0000496710927138985
1534.03	0.00004955934613153923
1534.0349999999999	0.00004947740065494339
1534.0400000000002	0.00004952806557164009
1534.045	0.000049610435129678573
1534.05	0.000049699029655205307
1534.055	0.000049900833975817346
1534.06	0.00005018511242942712
1534.0649999999998	0.0000503996561747044
1534.0700000000002	0.00005047818400934798
1534.075	0.00005062143417686284
1534.08	0.00005056057125329969
1534.085	0.00005048190166410816
1534.09	0.000050326200641044075
1534.095	0.00005017373802586782
1534.1000000000001	0.00005022168889399132
1534.105	0.000050465896485735174
1534.11	0.00005079794797106207
1534.115	0.00005101648275290133
1534.12	0.000051161753312967236
1534.125	0.000051181868914459824
1534.13	0.00005108112740529213
1534.135	0.00005094198827494502
1534.14	0.000050769921985738544
1534.145	0.00005074630947082975
1534.1499999999999	0.00005086219930682946
1534.1550000000002	0.00005104894526693265
1534.16	0.000051295424220531204
1534.165	0.00005145420586992868
1534.17	0.00005158391076330387
1534.175	0.00005172207653062252
1534.1799999999998	0.00005180927263125045
1534.1850000000002	0.00005178732375199334
1534.19	0.00005161480696750985
1534.195	0.000051526970838755214
1534.2	0.0000514834455159756
1534.205	0.00005146167241080958
1534.2099999999998	0.00005144541977356234
1534.2150000000001	0.000051481501376569335
1534.22	0.00005159961325680719
1534.225	0.00005171042821304101
1534.23	0.000051759509537591865
1534.235	0.000051857478235126516
1534.24	0.000051887905573916744
1534.2450000000001	0.000051901486585847986
1534.25	0.000051883974397284604
1534.255	0.0000518392745279259
1534.26	0.00005185624676124426
1534.2649999999999	0.00005182997847441586
1534.27	0.000051847857926065334
1534.275	0.00005191043237369709
1534.28	0.00005191708562234402
1534.285	0.00005190000380427867
1534.29	0.00005190000380836001
1534.2949999999998	0.00005184562087481191
1534.3000000000002	0.00005175275146395094
1534.305	0.00005160531778639162
1534.31	0.000051452231193867444
1534.315	0.00005122589411278929
1534.32	0.00005117130989723624
1534.3249999999998	0.00005113957013330874
1534.3300000000002	0.000051132694352418144
1534.335	0.00005101200804773273
1534.34	0.00005094728112544768
1534.345	0.00005085020675682184
1534.35	0.000050774792379495364
1534.3549999999998	0.000050713180309210285
1534.3600000000001	0.0000506499636685476
1534.365	0.00005062460735582467
1534.3700000000001	0.00005052968441860219
1534.375	0.000050455244754558435
1534.3799999999999	0.000050487748441572186
1534.385	0.000050472230000413016
1534.39	0.00005053839646081721
1534.395	0.000050594135986701606
1534.4	0.000050733634848839985
1534.405	0.000050846632799759066
1534.4099999999999	0.00005088543099433905
1534.415	0.0000509154918470169
1534.42	0.00005090771992296359
1534.425	0.00005092261562977682
1534.43	0.00005089803137855264
1534.435	0.000050918145766483407
1534.4399999999998	0.000050918143821909686
1534.4450000000002	0.000051025417630107675
1534.45	0.00005116487445332677
1534.455	0.0000513492329896199
1534.46	0.00005147438657762112
1534.465	0.00005150733605520819
1534.47	0.0000515715444002043
1534.4750000000001	0.00005147835893153891
1534.48	0.00005149369918893155
1534.4850000000001	0.00005162941575265645
1534.49	0.00005181855892570205
1534.495	0.000052135268862761266
1534.5	0.000052431480841122175
1534.505	0.00005270093970198075
1534.51	0.000052799905717865874
1534.515	0.000052902716561220546
1534.52	0.000052902716561220546
1534.5249999999999	0.00005283716212546452
1534.53	0.0000527018783078026
1534.535	0.0000525594427051004
1534.54	0.00005245605726870084
1534.545	0.00005239527487460163
1534.55	0.00005235431466728859
1534.5549999999998	0.000052500601102371805
1534.56	0.00005253993175747525
1534.565	0.00005269531160088931
1534.57	0.00005270860024912362
1534.575	0.000052737423433957026
1534.58	0.00005261068994328499
1534.585	0.000052450728840082783
1534.5900000000001	0.00005238850833999826
1534.595	0.00005228747100428371
1534.6000000000001	0.00005221258470758264
1534.605	0.00005214107514095885
1534.61	0.00005226265202104225
1534.615	0.00005230850279779692
1534.6200000000001	0.0000525644433137897
1534.625	0.000052779050741819394
1534.63	0.000053120985578322276
1534.635	0.00005327891540113115
1534.6399999999999	0.000053306772803859616
1534.645	0.00005319075588057118
1534.65	0.00005307593545035076
1534.655	0.000052981540978180505
1534.66	0.000053045747332817474
1534.665	0.00005308001103412631
1534.6699999999998	0.00005316791672233049
1534.675	0.00005328710903783116
1534.68	0.000053472853047343205
1534.685	0.00005360942317922649
1534.69	0.00005362827584871245
1534.695	0.00005364127785035476
1534.7	0.00005368939309846605
1534.705	0.000053695243761198706
1534.71	0.000053727795601805807
1534.7150000000001	0.000053760901208950483
1534.72	0.00005387467072569662
1534.725	0.0000538551066720937
1534.73	0.00005401292386540144
1534.735	0.000053975098271284845
1534.74	0.00005404009089437118
1534.7450000000001	0.00005403767398195663
1534.75	0.000054069847099804365
1534.7549999999999	0.000054082716815173565
1534.76	0.00005393324827875788
1534.765	0.000053872466669932354
1534.77	0.00005380023969594939
1534.775	0.000053792100230311405
1534.78	0.00005369081249640326
1534.7849999999999	0.000053780302313726045
1534.79	0.000053814539569430074
1534.795	0.00005388138410613209
1534.8	0.00005388604768086225
1534.805	0.00005395562639870457
1534.81	0.000053939686040393995
1534.815	0.00005392856255754269
1534.82	0.0000538750244524717
1534.825	0.00005374691113076788
1534.8300000000002	0.0000536041733702617
1534.835	0.000053674546114420383
1534.84	0.00005382154930903628
1534.845	0.00005390015464180187
1534.85	0.00005395172998750464
1534.855	0.00005400330533320741
1534.8600000000001	0.0000540778485352449
1534.865	0.00005411035222698455
1534.87	0.00005405996952634226
1534.875	0.00005403721033187199
1534.8799999999999	0.00005400307682609214
1534.885	0.00005410060111614756
1534.89	0.00005440941920915742
1534.895	0.000054806009166529735
1534.8999999999999	0.00005506931946329273
1534.905	0.000055353757810480935
1534.91	0.0000556113783529152
1534.9150000000002	0.00005579000597820719
1534.92	0.000055919151622643475
1534.925	0.00005605835030516612
1534.93	0.0000562642985196596
1534.935	0.0000565479139716934
1534.94	0.00005664903884965906
1534.9450000000002	0.000056819260108916454
1534.95	0.00005699045672075066
1534.955	0.00005727755509678695
1534.96	0.000057480418034984015
1534.965	0.000057514796934710306
1534.97	0.00005753335426507941
1534.9750000000001	0.00005730093108241924
1534.98	0.00005713966556365302
1534.985	0.0000571236676931511
1534.99	0.00005715595793704323
1534.995	0.00005716505983900424
1535	0.00005729238340425714
1535.005	0.00005741893546128593
1535.01	0.00005759772255541001
1535.0149999999999	0.000057843259927918404
1535.02	0.000058145709763355876
1535.0249999999999	0.00005810665164504489
1535.0300000000002	0.000058137747816758823
1535.035	0.00005805185355993246
1535.04	0.00005810549191664906
1535.045	0.00005812337061695678
1535.05	0.00005834479144121762
1535.055	0.000058516699932075786
1535.0600000000002	0.000058688622415159754
1535.065	0.00005887702662079785
1535.07	0.00005907492163967301
1535.075	0.0000592767308133618
1535.08	0.00005934757036539899
1535.085	0.00005943273957369154
1535.0900000000001	0.000059476800378811694
1535.095	0.00005949493580709557
1535.1	0.00005950004560872918
1535.105	0.00005955258217822016
1535.11	0.000059612899953968265
1535.115	0.00005969783523773494
1535.1200000000001	0.00005994366710258842
1535.125	0.00006002890528019548
1535.1299999999999	0.0000600967058028126
1535.135	0.00006006287876676858
1535.1399999999999	0.000060186805267317626
1535.1450000000002	0.00006017121602941608
1535.15	0.000060088259345266973
1535.155	0.00005999737097537035
1535.16	0.000059982776292599744
1535.165	0.00005996712752731917
1535.1699999999998	0.000059964891988784136
1535.1750000000002	0.000060077494391217954
1535.18	0.000060336779758863306
1535.185	0.000060465512800217245
1535.19	0.00006039955834281096
1535.195	0.00006031373438890906
1535.1999999999998	0.000060146434968972295
1535.2050000000002	0.00006000402758722432
1535.21	0.00005988279008107291
1535.215	0.000059888657529175984
1535.22	0.00005976792565238495
1535.225	0.000059698502444928074
1535.23	0.00005972829749135799
1535.2350000000001	0.00005974507576657761
1535.24	0.00005977896022630587
1535.245	0.000059770658699384986
1535.25	0.00005969883981778139
1535.2549999999999	0.000059625813804252427
1535.26	0.00005941003148197202
1535.265	0.00005933605556177433
1535.27	0.00005928420154948819
1535.275	0.0000593441008141144
1535.28	0.000059431179206863684
1535.2849999999999	0.00005955534207263562
1535.2900000000002	0.00005973888618774349
1535.295	0.00005988857334738124
1535.3	0.000060062546522790716
1535.305	0.000060356169478680665
1535.31	0.00006048063312848175
1535.3149999999998	0.000060573474354431905
1535.3200000000002	0.00006050126103218643
1535.325	0.00006049438525433316
1535.33	0.000060420098020937884
1535.335	0.00006025431140016303
1535.34	0.00006003094135180616
1535.3449999999998	0.00005996936670612312
1535.3500000000001	0.00005989775041780558
1535.355	0.000060074615074549135
1535.36	0.000060306265363680914
1535.365	0.000060492328133757616
1535.37	0.00006068981283801385
1535.375	0.000060975261850704874
1535.38	0.00006112225527976143
1535.385	0.00006120820005397371
1535.39	0.00006137018731713538
1535.395	0.0000615456066166295
1535.3999999999999	0.00006166900115059609
1535.405	0.00006181180039762267
1535.41	0.00006207818979780316
1535.415	0.00006225585307110763
1535.42	0.00006237855995628469
1535.425	0.00006248583667581752
1535.4299999999998	0.0000625011524253328
1535.4350000000002	0.00006237053265462314
1535.44	0.00006217853842999022
1535.445	0.00006211548093719694
1535.45	0.00006200747127171105
1535.455	0.00006203886005096148
1535.4599999999998	0.0000620680494054153
1535.4650000000001	0.00006221764488145721
1535.47	0.00006222479569149683
1535.475	0.00006226799539682797
1535.48	0.00006234900412590861
1535.485	0.00006243219831958414
1535.49	0.00006238002080036507
1535.4950000000001	0.00006220998849802584
1535.5	0.0000620958508131536
1535.505	0.00006195145122652167
1535.51	0.00006190476415150281
1535.5149999999999	0.00006194783252771206
1535.52	0.00006206630191281747
1535.525	0.00006226779045835549
1535.53	0.00006246795236913345
1535.535	0.00006255376404372261
1535.54	0.00006273725102164594
1535.5449999999998	0.00006295440682553724
1535.55	0.00006312363584125482
1535.555	0.00006310488909329815
1535.56	0.00006324585108482675
1535.565	0.0000633728284531317
1535.57	0.00006356750479277981
1535.5749999999998	0.0000635228061582894
1535.5800000000002	0.0000635197236660179
1535.585	0.0000633655988121466
1535.5900000000001	0.00006333098700514698
1535.595	0.00006330553299281719
1535.6	0.00006327523294560061
1535.605	0.0000632546289125458
1535.6100000000001	0.00006325713694740999
1535.615	0.00006327958869769915
1535.6200000000001	0.00006363409091532172
1535.625	0.00006375115761786038
1535.6299999999999	0.00006398765737964396
1535.635	0.00006424896463068903
1535.64	0.00006446668208723916
1535.645	0.00006465262076904963
1535.65	0.00006463543133105527
1535.655	0.00006452403613366178
1535.6599999999999	0.00006449984628689877
1535.665	0.00006447039777413019
1535.67	0.00006440143417418483
1535.675	0.00006427015003563937
1535.68	0.00006422009028028702
1535.685	0.00006425365530988577
1535.6899999999998	0.0000643541788990507
1535.695	0.00006449423441290563
1535.7	0.00006453893365805233
1535.7050000000002	0.00006439850265027987
1535.71	0.00006416416603941416
1535.715	0.00006380109573262936
1535.72	0.00006350181661090176
1535.725	0.00006343496826843151
1535.73	0.00006341319765421259
1535.7350000000001	0.00006340480661230128
1535.74	0.00006366195471916943
1535.745	0.00006410808774796198
1535.75	0.00006441410341219153
1535.755	0.00006462837416010509
1535.76	0.00006462005020667237
1535.765	0.00006470282096153193
1535.77	0.00006457511491930463
1535.7749999999999	0.0000645873898103375
1535.78	0.00006456072636408621
1535.785	0.00006458895452267253
1535.79	0.0000646312983008102
1535.795	0.00006472385075762148
1535.8	0.00006495848617360987
1535.8049999999998	0.00006527599178888816
1535.81	0.00006560065134940308
1535.815	0.00006582681088942837
1535.8200000000002	0.00006601286010393212
1535.825	0.00006592256573870276
1535.83	0.000065978179914798
1535.835	0.00006595512114478102
1535.84	0.0000662062065315331
1535.845	0.00006622875377452002
1535.8500000000001	0.00006629937443027487
1535.855	0.00006647750420845841
1535.86	0.00006667749418088065
1535.865	0.00006693451108117167
1535.87	0.00006717946366561576
1535.875	0.00006725473989047973
1535.88	0.00006744480130157964
1535.885	0.00006754556670524082
1535.8899999999999	0.00006767072773072874
1535.895	0.00006768819138066463
1535.9	0.00006778443901107088
1535.905	0.00006782322410174835
1535.91	0.0000678372452904849
1535.915	0.00006800341247140589
1535.9199999999998	0.0000680532024774917
1535.925	0.00006794361214467085
1535.93	0.00006775395440112435
1535.9350000000002	0.00006769229693272101
1535.94	0.00006768859748262923
1535.945	0.000067613325789422
1535.95	0.00006757079635124778
1535.955	0.0000676496508354978
1535.96	0.0000678476269312594
1535.9650000000001	0.00006809782859049446
1535.97	0.00006836732954863899
1535.975	0.0000686858493923318
1535.98	0.00006879338821430856
1535.985	0.00006902952735944198
1535.99	0.00006904639935127766
1535.9950000000001	0.00006909496485715508
1536	0.00006905651760214365
1536.0049999999999	0.00006899208282032023
1536.01	0.00006901434669765754
1536.0149999999999	0.0000690776578244767
1536.02	0.00006916783041352069
1536.025	0.00006919800272589675
1536.03	0.00006926195471065663
1536.035	0.000069315588916652
1536.04	0.00006938487179407723
1536.045	0.00006944744654780785
1536.0500000000002	0.00006950033841357042
1536.055	0.00006936256961186095
1536.06	0.00006926195055712014
1536.065	0.000069266015170961
1536.07	0.0000692465725702818
1536.075	0.00006911567636417722
1536.0800000000002	0.00006905946336337186
1536.085	0.00006913524070113034
1536.09	0.00006915467383805656
1536.095	0.00006907288929104889
1536.1	0.0000689952947630455
1536.105	0.00006879710418363507
1536.1100000000001	0.00006852891238818632
1536.115	0.00006837944530307423
1536.12	0.00006806020974813877
1536.125	0.00006786739687136866
1536.1299999999999	0.00006778144262242876
1536.135	0.00006769547494446286
1536.14	0.00006753044167668108
1536.145	0.0000673282797551926
1536.15	0.00006722306044911565
1536.155	0.00006706834001172314
1536.1599999999999	0.00006685723425982734
1536.1650000000002	0.00006669167662510122
1536.17	0.00006658852747793155
1536.175	0.00006639952917650468
1536.18	0.00006632979784626512
1536.185	0.00006632979784626512
1536.1899999999998	0.00006641919857267953
1536.1950000000002	0.00006658631098348749
1536.2	0.00006686325382358124
1536.205	0.00006719246022944958
1536.21	0.00006737869746568059
1536.215	0.0000674651182610338
1536.22	0.00006745731584453855
1536.2250000000001	0.00006745617429260164
1536.23	0.00006727662842853082
1536.235	0.00006724833201958162
1536.24	0.00006715768382441876
1536.245	0.00006721422024089784
1536.25	0.00006742586643579063
1536.255	0.00006786506537901915
1536.26	0.00006824285082119032
1536.265	0.00006852295517920786
1536.27	0.00006873750801595628
1536.2749999999999	0.00006880827277138427
1536.2800000000002	0.00006878318823608039
1536.285	0.00006870770448904766
1536.29	0.00006871843360808588
1536.295	0.00006884211090950607
1536.3	0.0000689348847165647
1536.3049999999998	0.00006907709954455134
1536.3100000000002	0.00006927406834965596
1536.315	0.00006945771056062817
1536.32	0.00006963953550819028
1536.325	0.00006980981872649012
1536.33	0.00006992510117596853
1536.3349999999998	0.0000699496538031412
1536.3400000000001	0.00006991761540891075
1536.345	0.00006988631046718807
1536.35	0.00006987842410557184
1536.355	0.00006999535907600452
1536.36	0.00006973253213560906
1536.365	0.00006978731723783993
1536.3700000000001	0.00006965597668300537
1536.375	0.0000696731731289817
1536.38	0.00006944967530826815
1536.385	0.00006940835435715622
1536.3899999999999	0.00006929455797928863
1536.395	0.00006918543135176436
1536.4	0.00006906458864163672
1536.405	0.00006903233274867291
1536.41	0.00006904621938331898
1536.415	0.00006898442171670275
1536.4199999999998	0.00006913029176789059
1536.4250000000002	0.00006934463816613209
1536.43	0.00006958283483506078
1536.435	0.00006961953477002686
1536.44	0.00006962400221279766
1536.445	0.00006954364944115318
1536.4499999999998	0.00006950603679545055
1536.4550000000002	0.00006946140169290496
1536.46	0.00006946563314450087
1536.465	0.0000695411374414603
1536.47	0.00006971717923361025
1536.475	0.00006986882307725147
1536.4799999999998	0.00007002829092778561
1536.4850000000001	0.00007020128395757727
1536.49	0.00007030442625364657
1536.4950000000001	0.00007041995334778845
1536.5	0.0000705368278109984
1536.5049999999999	0.00007053636567919362
1536.51	0.00007037373322115939
1536.515	0.00007022559234336152
1536.52	0.00007021245641485883
1536.525	0.00007032396387571652
1536.53	0.00007044925913865434
1536.5349999999999	0.00007054412187991162
1536.54	0.00007065650424920024
1536.545	0.00007069024272450418
1536.55	0.00007072296998702071
1536.555	0.00007067438855301585
1536.56	0.00007065249653606296
1536.5649999999998	0.00007056027057934531
1536.5700000000002	0.00007041812448346754
1536.575	0.00007022208685662852
1536.58	0.00007011323925507484
1536.585	0.00007013546564412823
1536.59	0.0000701886771511151
1536.5949999999998	0.00007011741463499284
1536.6000000000001	0.00006998167528502898
1536.605	0.00006984245246911753
1536.6100000000001	0.00006961878717940647
1536.615	0.00006925301205143489
1536.62	0.00006902886229634308
1536.625	0.00006887469004979281
1536.63	0.00006879975262450099
1536.635	0.00006883285823164558
1536.64	0.0000689983997368149
1536.645	0.00006925089453216295
1536.6499999999999	0.00006921626482267263
1536.655	0.00006915369023808562
1536.66	0.00006922262254655453
1536.665	0.00006932453106581497
1536.67	0.00006931201497074551
1536.675	0.00006924247957318468
1536.6799999999998	0.00006931201496123406
1536.685	0.00006947649428370149
1536.69	0.00006977296777401152
1536.695	0.00007003302372815026
1536.7	0.00007029760658206257
1536.705	0.00007054823718289125
1536.71	0.00007066743758531581
1536.7150000000001	0.00007079852791637501
1536.72	0.00007092734287454658
1536.7250000000001	0.00007102646878086113
1536.73	0.00007109507186585555
1536.735	0.00007113889167785778
1536.74	0.0000712412532687015
1536.7450000000001	0.0000713701753409894
1536.75	0.00007148350692480956
1536.755	0.0000716547486501785
1536.76	0.00007182053856994851
1536.7649999999999	0.00007198525603237023
1536.77	0.0000721838283700996
1536.775	0.00007228920591403995
1536.78	0.00007236528084993024
1536.785	0.00007249803456459989
1536.79	0.00007261723091980808
1536.7949999999998	0.00007268874874080288
1536.8	0.00007266237491456518
1536.805	0.00007279095440501784
1536.81	0.00007287387864345464
1536.815	0.00007295376309160875
1536.82	0.00007303966968805039
1536.825	0.00007314168760665931
1536.83	0.00007311005230744033
1536.835	0.00007300690161603484
1536.8400000000001	0.00007294501119758942
1536.845	0.00007296221595265257
1536.85	0.00007294669922623811
1536.855	0.000072805692258861
1536.86	0.00007282558537429008
1536.865	0.0000728764789482587
1536.8700000000001	0.00007297332801326867
1536.875	0.0000729941784739961
1536.8799999999999	0.00007318617878959893
1536.885	0.00007329243387352482
1536.89	0.00007334322501641546
1536.895	0.00007341189418218775
1536.9	0.00007325134325005209
1536.905	0.00007314644851224783
1536.9099999999999	0.00007319849714751261
1536.915	0.00007334519691436003
1536.92	0.00007339198782574395
1536.925	0.00007340986848896019
1536.93	0.00007350078815660848
1536.935	0.00007360131985347731
1536.94	0.00007363887066432523
1536.945	0.00007367691556303667
1536.95	0.00007365788971193401
1536.9550000000002	0.00007353541409484226
1536.96	0.00007334029152173867
1536.965	0.00007334351862707452
1536.97	0.00007330725961773135
1536.975	0.00007341547261526896
1536.98	0.00007339738466553352
1536.9850000000001	0.00007340616029232212
1536.99	0.00007327830277865638
1536.995	0.00007316332822385644
1537	0.00007301835211684519
1537.0049999999999	0.00007280016711584012
1537.01	0.00007254335852367074
1537.015	0.00007234371228099815
1537.02	0.00007215552027554943
1537.0249999999999	0.00007196102022165441
1537.03	0.00007184736959011462
1537.035	0.00007186333641357853
1537.04	0.00007189015741460023
1537.045	0.00007184188551354107
1537.05	0.00007175343960615865
1537.055	0.00007164756500817402
1537.06	0.00007143424592130145
1537.065	0.00007108561113944743
1537.0700000000002	0.00007078376874464531
1537.075	0.00007061431825140903
1537.08	0.00007051685446331616
1537.085	0.00007044938601846536
1537.09	0.0000704479267934615
1537.095	0.00007055969502117253
1537.1000000000001	0.00007070550257419959
1537.105	0.0000709999391405583
1537.11	0.00007129456266858811
1537.115	0.0000716409740475608
1537.12	0.00007185731204390363
1537.125	0.00007201530803792978
1537.13	0.00007193272523899412
1537.135	0.00007171988615507331
1537.1399999999999	0.00007146463257952269
1537.145	0.00007131437616315652
1537.1499999999999	0.00007132453273489496
1537.1550000000002	0.00007146737633332935
1537.16	0.00007165806973747793
1537.165	0.00007178153614985286
1537.17	0.00007187329229155897
1537.175	0.00007194817644610946
1537.18	0.00007203583771527615
1537.1850000000002	0.00007204577452051167
1537.19	0.00007197954983222933
1537.195	0.00007189677907796473
1537.2	0.00007189015741460023
1537.205	0.00007195067658880401
1537.21	0.00007210891463792576
1537.2150000000001	0.00007229553094983631
1537.22	0.00007244651051253412
1537.225	0.00007262670259693345
1537.23	0.00007272771472096176
1537.235	0.00007273607850868412
1537.24	0.00007267202342758554
1537.2450000000001	0.00007256551098091931
1537.25	0.0000724760393520506
1537.2549999999999	0.00007243529989067285
1537.26	0.00007245176803705782
1537.2649999999999	0.00007250483846097912
1537.2700000000002	0.00007254186208415207
1537.275	0.00007252853481499316
1537.28	0.00007248987663992273
1537.285	0.00007247044508790372
1537.29	0.00007235858906966814
1537.2949999999998	0.00007212957818693176
1537.3000000000002	0.00007197836530826898
1537.305	0.00007182188578730284
1537.31	0.00007167560397647323
1537.315	0.0000716995709760188
1537.32	0.0000718946284763508
1537.3249999999998	0.00007221793626805578
1537.3300000000002	0.00007241054906393967
1537.335	0.00007260782411126929
1537.34	0.00007268183951574231
1537.345	0.00007268839873555157
1537.35	0.0000725810031878756
1537.355	0.00007252188031268114
1537.3600000000001	0.00007246293428684246
1537.365	0.00007261425585667381
1537.37	0.00007286700498388328
1537.375	0.00007315956462503582
1537.3799999999999	0.00007341497672420969
1537.385	0.0000736029614861976
1537.39	0.00007389132717048003
1537.395	0.00007402094888558756
1537.4	0.00007407138764150459
1537.405	0.00007412266392436101
1537.4099999999999	0.00007416315119581088
1537.4150000000002	0.00007421374875418761
1537.42	0.00007423092029309348
1537.425	0.00007423230047557348
1537.43	0.00007444546924488643
1537.435	0.00007459262381423854
1537.4399999999998	0.00007459917571657849
1537.4450000000002	0.00007455595067517715
1537.45	0.00007469965290445366
1537.455	0.00007470481588573633
1537.46	0.00007464053245174463
1537.465	0.00007460662133182018
1537.4699999999998	0.00007452172152224294
1537.4750000000001	0.00007444266521395979
1537.48	0.00007437207585114643
1537.485	0.00007440318518544906
1537.49	0.0000743079723494176
1537.495	0.00007401525821180743
1537.5	0.0000738223326453725
1537.505	0.00007341402350019524
1537.51	0.0000730597723504146
1537.515	0.00007278445817922302
1537.52	0.00007263522499091031
1537.5249999999999	0.00007250960763043332
1537.53	0.00007237976667622592
1537.535	0.00007230137514558158
1537.54	0.00007214939978085225
1537.545	0.00007224285985381246
1537.55	0.00007232022524581824
1537.5549999999998	0.0000723364837038321
1537.5600000000002	0.00007217820126451985
1537.565	0.00007212920172728359
1537.57	0.00007213582823646997
1537.575	0.00007222547005415606
1537.58	0.0000721712110733585
1537.5849999999998	0.00007219633334483523
1537.5900000000001	0.00007247250010302433
1537.595	0.00007256955723278233
1537.6	0.00007282772915106834
1537.605	0.00007302017896178632
1537.61	0.00007334514199524256
1537.615	0.00007351312538848026
1537.6200000000001	0.00007363318410409712
1537.625	0.00007378322119675803
1537.63	0.00007386104598463842
1537.635	0.0000739006577252002
1537.6399999999999	0.0000740043433276322
1537.645	0.00007416573513473426
1537.65	0.00007422773837356487
1537.655	0.00007455031964520597
1537.66	0.00007476866645763009
1537.665	0.00007519180426141405
1537.6699999999998	0.00007550739939810828
1537.675	0.00007578959404087987
1537.68	0.00007584855484577879
1537.685	0.00007581994868681182
1537.69	0.00007587001309462513
1537.695	0.00007586183554937594
1537.6999999999998	0.00007576110549265997
1537.7050000000002	0.00007573629158354734
1537.71	0.00007575170908683684
1537.715	0.00007573664321198162
1537.72	0.00007564190922618836
1537.725	0.00007549919195759282
1537.73	0.00007536113794536886
1537.7350000000001	0.00007521187971039723
1537.74	0.00007497792508682787
1537.7450000000001	0.0000746428457555833
1537.75	0.0000744546060196532
1537.7549999999999	0.00007437735731050694
1537.76	0.00007441108755174831
1537.765	0.00007456289422522072
1537.77	0.00007485738627013864
1537.775	0.00007513587030691949
1537.78	0.00007536407572462757
1537.7849999999999	0.00007554387617088699
1537.79	0.00007568645620374257
1537.795	0.00007576591882632822
1537.8	0.00007578777149319654
1537.805	0.00007585928687518598
1537.81	0.00007588519389629601
1537.8149999999998	0.00007586077663149986
1537.82	0.00007583629381786317
1537.825	0.00007586456856052141
1537.8300000000002	0.00007583683209407811
1537.835	0.00007594867201423576
1537.84	0.00007600515560879128
1537.845	0.00007596737190009266
1537.8500000000001	0.00007576591678768076
1537.855	0.00007567236554435546
1537.8600000000001	0.00007556637680443265
1537.865	0.00007547659581631852
1537.87	0.00007550617010353322
1537.875	0.00007553403934470887
1537.88	0.00007552308642244218
1537.885	0.00007544946800063334
1537.89	0.00007549854618273657
1537.895	0.00007547961386102421
1537.8999999999999	0.0000753733329522541
1537.905	0.00007516880171326466
1537.91	0.00007489668613923338
1537.915	0.00007463708258954546
1537.92	0.00007442932111014642
1537.925	0.00007429960875844068
1537.9299999999998	0.00007417178606968592
1537.935	0.00007409031883164893
1537.94	0.00007403773220465733
1537.9450000000002	0.00007402883755207715
1537.95	0.000073796545635731
1537.955	0.00007362126352344562
1537.96	0.0000735028376289038
1537.965	0.00007332193045813793
1537.97	0.00007305586770010632
1537.9750000000001	0.00007277389196943663
1537.98	0.0000725410960707992
1537.985	0.00007241651532513985
1537.99	0.0000723907724022865
1537.995	0.00007251117850563246
1538	0.000072693612006136
1538.005	0.00007290159451069175
1538.01	0.00007313721288464095
1538.0149999999999	0.00007313986342414165
1538.02	0.00007309534168961289
1538.025	0.00007303083548597008
1538.03	0.00007287058706754311
1538.035	0.00007264326031670895
1538.04	0.00007248978643723512
1538.0449999999998	0.00007254480106287549
1538.05	0.00007262182379181177
1538.055	0.00007280198824984912
1538.0600000000002	0.000072906661342899
1538.065	0.00007296352276312378
1538.07	0.00007285817577403962
1538.075	0.00007259510416492883
1538.08	0.0000724246768700995
1538.085	0.00007215645312504858
1538.0900000000001	0.00007210941469731658
1538.095	0.00007195212273782302
1538.1	0.00007193085033897545
1538.105	0.00007207822016001599
1538.11	0.00007235964476489217
1538.115	0.00007269768844980147
1538.1200000000001	0.00007300031170088807
1538.125	0.000073250713539164
1538.1299999999999	0.000073473361251833
1538.135	0.00007330581138860914
1538.1399999999999	0.00007314205007994033
1538.145	0.00007289102359956478
1538.15	0.00007268453820181398
1538.155	0.0000724856598465992
1538.1599999999999	0.00007247946660413565
1538.165	0.00007263866735315478
1538.17	0.00007274628323777022
1538.1750000000002	0.00007299212105287398
1538.18	0.00007328025037628625
1538.185	0.00007350145386134744
1538.19	0.0000736123792490004
1538.195	0.00007374286724805783
1538.2	0.0000736222270483901
1538.2050000000002	0.0000734051000846471
1538.21	0.00007311933223204675
1538.215	0.00007305228791665287
1538.22	0.00007308032614766882
1538.225	0.00007331755773489877
1538.23	0.00007361675105581355
1538.2350000000001	0.00007390224984824718
1538.24	0.00007404036919576973
1538.245	0.0000742018336977773
1538.25	0.00007424819341783187
1538.2549999999999	0.00007421243935694065
1538.26	0.00007421906048095723
1538.265	0.00007425155937715606
1538.27	0.00007439005775080029
1538.2749999999999	0.00007444719941190336
1538.28	0.00007456358391035974
1538.2849999999999	0.000074814700704055
1538.2900000000002	0.00007501431061889283
1538.295	0.00007507146368934954
1538.3	0.00007500769772702654
1538.305	0.00007497166856315412
1538.31	0.0000749219681421127
1538.315	0.00007488487972588209
1538.3200000000002	0.00007487024072770267
1538.325	0.00007482588262345412
1538.33	0.00007480442582163969
1538.335	0.00007497964105748681
1538.34	0.00007504221430351523
1538.345	0.00007501022365252467
1538.3500000000001	0.00007500109495595104
1538.355	0.00007498511323839666
1538.36	0.00007482580796987807
1538.365	0.00007464310025267751
1538.37	0.00007442449715010975
1538.375	0.00007427618270319494
1538.38	0.00007424943487274873
1538.385	0.00007434103165756711
1538.39	0.00007426878943342862
1538.395	0.00007415275690453882
1538.3999999999999	0.00007408032980151036
1538.4050000000002	0.00007395773511093318
1538.41	0.00007377215586007545
1538.415	0.00007344339532911921
1538.42	0.00007332047053542614
1538.425	0.00007302248815903096
1538.4299999999998	0.00007288115999718135
1538.4350000000002	0.00007274269592576018
1538.44	0.00007271578163197807
1538.445	0.00007272153016012611
1538.45	0.00007268155618829519
1538.455	0.00007267481287967028
1538.4599999999998	0.00007270179927587035
1538.4650000000001	0.00007263180655472498
1538.47	0.00007257882411324361
1538.475	0.0000724661809548696
1538.48	0.00007249704153793351
1538.485	0.00007244738986421623
1538.49	0.00007247553003121751
1538.4950000000001	0.00007260830089270799
1538.5	0.00007284767989360186
1538.505	0.00007315889954610867
1538.51	0.00007341261795580409
1538.5149999999999	0.00007366877279753782
1538.52	0.00007383160717466121
1538.525	0.00007393729901488502
1538.53	0.00007404402113177753
1538.535	0.00007411794618981795
1538.54	0.0000741016684020194
1538.5449999999998	0.00007416822699360857
1538.5500000000002	0.00007440994320453444
1538.555	0.0000746415686865063
1538.56	0.00007488409818010178
1538.565	0.00007517912802852656
1538.57	0.00007563306145107045
1538.5749999999998	0.00007564831612542025
1538.5800000000002	0.00007569400043416166
1538.585	0.00007559968450070765
1538.59	0.00007564044964750559
1538.595	0.0000755157325742369
1538.6	0.00007542125677349797
1538.6049999999998	0.00007555428857501408
1538.6100000000001	0.00007561860435721863
1538.615	0.0000757135029912414
1538.6200000000001	0.00007578913937046573
1538.625	0.00007576645461852617
1538.6299999999999	0.00007564271663548059
1538.635	0.00007550369466851016
1538.64	0.00007529444594777236
1538.645	0.00007502129437300993
1538.65	0.0000747497559655698
1538.655	0.00007458987238351258
1538.6599999999999	0.00007460319794180568
1538.665	0.00007460039770102273
1538.67	0.00007467197338432365
1538.675	0.00007495818600734606
1538.68	0.00007519740532702743
1538.685	0.00007541924661512547
1538.6899999999998	0.0000754897834304356
1538.6950000000002	0.00007557321805506939
1538.7	0.00007557321805506939
1538.705	0.00007551510983676104
1538.71	0.00007539138599698515
1538.715	0.00007527003788474467
1538.7199999999998	0.00007527232036120314
1538.7250000000001	0.00007541658819208525
1538.73	0.00007560403281151637
1538.7350000000001	0.00007577750031103463
1538.74	0.00007584140985041547
1538.745	0.00007593675279468458
1538.75	0.00007577280322610547
1538.755	0.00007550878309224399
1538.76	0.00007533409098110574
1538.765	0.00007528683124661617
1538.77	0.0000752179227254782
1538.7749999999999	0.00007523871925977713
1538.78	0.00007536874723685158
1538.785	0.00007537654892075815
1538.79	0.00007535065805407919
1538.795	0.00007530880005600725
1538.8	0.00007522057321882034
1538.8049999999998	0.00007501301298857073
1538.81	0.00007468057316014285
1538.815	0.000074403477717211
1538.82	0.00007422450104919374
1538.825	0.00007409447307212439
1538.83	0.0000739780177099099
1538.8349999999998	0.00007399497011432956
1538.8400000000001	0.00007413825397887011
1538.845	0.00007414509844090377
1538.8500000000001	0.00007437890627257517
1538.855	0.00007438140494210198
1538.86	0.00007430746148169955
1538.865	0.00007412667819359414
1538.8700000000001	0.00007393332554720464
1538.875	0.00007374716790208764
1538.88	0.00007353266449469703
1538.885	0.00007330462390154393
1538.8899999999999	0.00007313494307385898
1538.895	0.00007304871687909715
1538.9	0.00007296980601167547
1538.905	0.00007299783695994924
1538.91	0.00007297752216389413
1538.915	0.00007297940446549153
1538.9199999999998	0.00007291063733788688
1538.925	0.00007263098723175059
1538.93	0.00007218597670146417
1538.935	0.00007194577807652808
1538.94	0.00007185241686484915
1538.945	0.00007175882190427221
1538.95	0.00007173296212391519
1538.955	0.00007200114486441479
1538.96	0.0000721866817835678
1538.9650000000001	0.00007248555889798321
1538.97	0.00007270159010928236
1538.975	0.00007277569680842398
1538.98	0.00007276966565699762
1538.985	0.00007269746297429307
1538.99	0.0000726360688008151
1538.9950000000001	0.00007256883837112223
1539	0.00007245656161619973
1539.0049999999999	0.00007253522984092645
1539.01	0.00007274902297332647
1539.015	0.00007279625355915026
1539.02	0.00007291364357497245
1539.025	0.00007309648317448532
1539.03	0.00007319498866358235
1539.0349999999999	0.0000731827396413785
1539.04	0.00007304102905691151
1539.045	0.0000728605866438265
1539.05	0.0000728413941427629
1539.055	0.00007270472590324843
1539.06	0.00007264070777984224
1539.065	0.00007273739545247889
1539.07	0.00007293526206403373
1539.075	0.00007328471637973602
1539.0800000000002	0.00007367223197956874
1539.085	0.00007402668778313329
1539.09	0.00007422582680430888
1539.095	0.00007433006805814541
1539.1	0.00007422224098805828
1539.105	0.00007426805677586404
1539.1100000000001	0.00007434647117431615
1539.115	0.00007441047461374583
1539.12	0.00007449484352251605
1539.125	0.00007457940353177227
1539.1299999999999	0.00007469230848735617
1539.135	0.00007479518360434357
1539.14	0.00007468018798149663
1539.145	0.00007469533183903908
1539.1499999999999	0.00007476381462942898
1539.155	0.00007483045894006691
1539.16	0.00007477760664787322
1539.165	0.0000747592566708753
1539.17	0.000074944264777725
1539.175	0.00007521498852271747
1539.18	0.00007540483545730327
1539.185	0.00007553486343437277
1539.19	0.00007564895812326861
1539.1950000000002	0.00007589569764776127
1539.2	0.00007586921856688894
1539.205	0.00007588908192424308
1539.21	0.00007584934657924833
1539.215	0.00007582418792914708
1539.22	0.00007577135396915882
1539.2250000000001	0.00007573413313066492
1539.23	0.00007576076996978896
1539.235	0.00007575201743748043
1539.24	0.00007580448689452355
1539.245	0.00007593994215756664
1539.25	0.00007609886524065198
1539.255	0.00007606230631235686
1539.26	0.00007608456557281662
1539.2649999999999	0.00007587796007576903
1539.27	0.00007547190861227342
1539.2749999999999	0.00007506307221969532
1539.28	0.00007488681940244584
1539.285	0.0000747368819836584
1539.29	0.000074649342582064
1539.295	0.00007467014693861247
1539.3	0.00007479020116985945
1539.305	0.00007490946063154842
1539.3100000000002	0.00007491430854697384
1539.315	0.0000748212535467163
1539.32	0.0000746542465715705
1539.325	0.00007444894993333601
1539.33	0.00007420985997030018
1539.335	0.0000739407327249912
1539.3400000000001	0.00007381062583809826
1539.345	0.0000737971364829651
1539.35	0.00007387877052659907
1539.355	0.00007403205206326417
1539.36	0.00007415798095176769
1539.365	0.00007422657799679828
1539.3700000000001	0.00007420109428937224
1539.375	0.00007408196718946035
1539.3799999999999	0.00007389760751721439
1539.385	0.0000737010393302612
1539.3899999999999	0.0000734974390311836
1539.395	0.00007324225226787955
1539.4	0.0000732634160735512
1539.405	0.00007340035579138489
1539.41	0.0000736879449727254
1539.415	0.00007413136455540213
1539.4199999999998	0.00007460547139719059
1539.4250000000002	0.00007504598388043319
1539.43	0.00007545477576558637
1539.435	0.00007560592921404579
1539.44	0.00007555235940675595
1539.445	0.0000754301872802899
1539.4499999999998	0.00007547488347997721
1539.4550000000002	0.00007561962658803281
1539.46	0.0000758969445738421
1539.465	0.0000765550379201219
1539.47	0.00007700134070318881
1539.475	0.00007721130357147696
1539.48	0.00007713653286369952
1539.4850000000001	0.00007707165762630973
1539.49	0.0000769021152691495
1539.495	0.00007663038748257485
1539.5	0.0000763598946034114
1539.5049999999999	0.00007616062818015862
1539.5100000000002	0.00007608594492669119
1539.515	0.00007617245840980491
1539.52	0.00007625168271786926
1539.525	0.00007647675113738202
1539.53	0.00007669704167149837
1539.5349999999999	0.00007694670471858381
1539.5400000000002	0.00007711466562892785
1539.545	0.00007709959554912961
1539.55	0.00007704001619393016
1539.555	0.00007679425386826382
1539.56	0.00007657444803044197
1539.5649999999998	0.00007657444803044197
1539.5700000000002	0.0000766193204243467
1539.575	0.0000767490264969206
1539.58	0.0000769450808153202
1539.585	0.00007733482154160614
1539.59	0.00007759285904998418
1539.5949999999998	0.00007781806505344453
1539.6000000000001	0.00007796472060814598
1539.605	0.00007802740179465918
1539.61	0.00007794238433530762
1539.615	0.00007785337899586773
1539.62	0.0000777442356199569
1539.625	0.0000776684624041258
1539.63	0.00007793068822905146
1539.635	0.00007862605342082369
1539.64	0.00007903949666811028
1539.645	0.00007949089476379471
1539.6499999999999	0.00007964291216197836
1539.655	0.00007972624319620394
1539.66	0.00007965275456064384
1539.665	0.00007966844254644698
1539.67	0.00007968413053224955
1539.675	0.00007967095262553277
1539.6799999999998	0.00007975465684113272
1539.6850000000002	0.00007983479501993418
1539.69	0.00007996760878555803
1539.695	0.00008013905243674864
1539.7	0.00008030151477299889
1539.705	0.00008044023183406981
1539.7099999999998	0.00008039142566830267
1539.7150000000001	0.00008029747337826796
1539.72	0.0000800664205016801
1539.725	0.00007998552378383055
1539.73	0.00007982841635385348
1539.735	0.00007968690423856728
1539.74	0.00007963174721226092
1539.7450000000001	0.00007951702295558385
1539.75	0.00007927635232967268
1539.755	0.00007918551576181114
1539.76	0.00007911869350728117
1539.7649999999999	0.00007904729928856037
1539.77	0.00007885580126855275
1539.775	0.00007867899969809169
1539.78	0.00007845464787655926
1539.785	0.00007821764116894067
1539.79	0.00007800933050516556
1539.7949999999998	0.00007780498456199579
1539.8	0.00007768216576223663
1539.805	0.00007772021567287642
1539.81	0.00007767283577100293
1539.815	0.00007773756967454722
1539.82	0.00007781868043531998
1539.8249999999998	0.00007794648478230832
1539.8300000000002	0.00007795112470045526
1539.835	0.00007789429400733298
1539.84	0.00007791536336299037
1539.845	0.00007789340784657497
1539.85	0.00007778830071801579
1539.855	0.0000777563644612026
1539.8600000000001	0.00007793779394115658
1539.865	0.00007831032931166099
1539.8700000000001	0.00007854828303318869
1539.875	0.0000787686778718175
1539.8799999999999	0.00007892470827646983
1539.885	0.0000790794804600505
1539.89	0.0000792503269607563
1539.895	0.00007930197547771136
1539.9	0.00007938487620841261
1539.905	0.00007937730474178362
1539.9099999999999	0.00007928056775510938
1539.915	0.00007947702117061176
1539.92	0.00007958191277692159
1539.925	0.00007977179241090333
1539.93	0.00008000186988834824
1539.935	0.00008050210901572267
1539.9399999999998	0.00008078843718068111
1539.945	0.00008105173118113996
1539.95	0.00008115495564626204
1539.955	0.00008128256821065377
1539.96	0.00008131858308217199
1539.965	0.00008139165393675999
1539.97	0.00008133101927975565
1539.9750000000001	0.00008132905446991705
1539.98	0.0000813532817813592
1539.9850000000001	0.00008159008866290454
1539.99	0.00008172636022332958
1539.995	0.0000819560082163662
1540	0.00008199623698107286
1540.005	0.00008195677112004703
1540.01	0.00008186438086452431
1540.015	0.00008208357141017729
1540.02	0.00008232321767557231
1540.0249999999999	0.00008250216327501714
1540.03	0.0000827832571563397
1540.035	0.00008317447630075871
1540.04	0.00008354591031583903
1540.045	0.00008369397584096579
1540.05	0.00008389885058289229
1540.0549999999998	0.00008400177185998779
1540.06	0.00008419087679682206
1540.065	0.00008412210501659985
1540.07	0.00008411935414187603
1540.075	0.00008416577195071585
1540.08	0.00008406317009379326
1540.085	0.0000843207769870218
1540.09	0.00008445029795081852
1540.095	0.00008449263274222068
1540.1000000000001	0.00008436037373667304
1540.105	0.00008446942956094878
1540.11	0.00008439455711326248
1540.115	0.00008425595763311513
1540.12	0.00008406357956995854
1540.125	0.0000840642862013954
1540.13	0.00008388108762439074
1540.135	0.00008371780016013684
1540.1399999999999	0.00008374315529924617
1540.145	0.0000839867528343612
1540.15	0.00008423576078937737
1540.155	0.00008435839464936575
1540.16	0.00008447771941649003
1540.165	0.00008426588783919991
1540.1699999999998	0.0000837971404777638
1540.175	0.00008351991024131193
1540.18	0.0000833386471325249
1540.1850000000002	0.00008312873063672131
1540.19	0.00008299165696856073
1540.195	0.00008311389054234951
1540.2	0.00008318964682645655
1540.205	0.00008335353776775978
1540.21	0.00008341016170124587
1540.2150000000001	0.0000834399615983148
1540.22	0.00008334686774159169
1540.225	0.00008306450726528142
1540.23	0.00008277279752742285
1540.235	0.00008253754156456461
1540.24	0.00008218185089336266
1540.2450000000001	0.00008185302258053326
1540.25	0.0000817053309900072
1540.2549999999999	0.00008177976788726697
1540.26	0.00008165388195373788
1540.2649999999999	0.00008193921469663791
1540.27	0.00008218734118998653
1540.275	0.00008265179346928742
1540.28	0.00008274122510413306
1540.2849999999999	0.00008291789387943566
1540.29	0.00008292146958410736
1540.295	0.00008278404786564638
1540.3000000000002	0.00008265829820284938
1540.305	0.00008254411365730884
1540.31	0.00008243836334728362
1540.315	0.0000822766859745529
1540.32	0.00008251191505880042
1540.325	0.00008279461636021429
1540.3300000000002	0.00008306067389524442
1540.335	0.00008335679856977391
1540.34	0.00008367834701923845
1540.345	0.00008370814612135291
1540.35	0.00008367635666038889
1540.355	0.00008354057397509333
1540.3600000000001	0.00008340591544362958
1540.365	0.00008323837777155903
1540.37	0.00008321578374555242
1540.375	0.00008328606496286532
1540.3799999999999	0.00008337580776381285
1540.385	0.0000834990938606298
1540.39	0.00008363662345176155
1540.395	0.00008351393084498245
1540.3999999999999	0.00008349395037011475
1540.405	0.00008342208457510963
1540.4099999999999	0.00008331480785760518
1540.4150000000002	0.00008304381153644983
1540.42	0.00008290358528666993
1540.425	0.00008329899158195164
1540.43	0.00008349990820566331
1540.435	0.0000837053871248066
1540.44	0.00008396007812625478
1540.4450000000002	0.00008421642164135136
1540.45	0.00008440867504846034
1540.455	0.00008447693835478277
1540.46	0.00008446081397831253
1540.465	0.00008437948475555471
1540.47	0.00008427649188144404
1540.4750000000001	0.00008421786946984548
1540.48	0.0000842241947315473
1540.485	0.00008432741080852134
1540.49	0.00008465653873077467
1540.495	0.00008529271361488337
1540.5	0.00008591294017299156
1540.505	0.00008619128989773063
1540.51	0.0000861708628467244
1540.515	0.00008594515619704242
1540.52	0.0000855031929759165
1540.5249999999999	0.0000854084652476611
1540.5300000000002	0.0000855986642812183
1540.535	0.00008601717933489456
1540.54	0.00008653202204056732
1540.545	0.00008723658346909353
1540.55	0.00008788401370008507
1540.5549999999998	0.00008832656021048384
1540.5600000000002	0.00008846771378819376
1540.565	0.00008852416373524427
1540.57	0.00008854737582854905
1540.575	0.00008853389207711904
1540.58	0.00008849417738078534
1540.5849999999998	0.00008845181400976202
1540.5900000000001	0.00008846969440693578
1540.595	0.00008865837842807415
1540.6	0.00008902359557115696
1540.605	0.00008929346495753183
1540.61	0.000089479076745296
1540.615	0.00008939702162087645
1540.6200000000001	0.00008952509070968651
1540.625	0.00008952055856059362
1540.63	0.00008942666038665704
1540.635	0.00008921485764100614
1540.6399999999999	0.00008910277029075867
1540.645	0.00008903197371005774
1540.65	0.00008887990779011272
1540.655	0.00008868222176751942
1540.66	0.00008858463116015375
1540.665	0.00008845306571744539
1540.6699999999998	0.00008833024248958773
1540.6750000000002	0.00008828516001992685
1540.68	0.00008809498369039193
1540.685	0.0000879562660963245
1540.69	0.00008780325508046651
1540.695	0.0000874955707481655
1540.6999999999998	0.00008710355292683231
1540.7050000000002	0.00008686621071009094
1540.71	0.00008680282454512033
1540.715	0.0000867919105753891
1540.72	0.0000869214418165501
1540.725	0.00008729465799741253
1540.7299999999998	0.000087461677408111
1540.7350000000001	0.00008744484512135386
1540.74	0.00008744484512135386
1540.7450000000001	0.00008742894796317549
1540.75	0.00008728128429667746
1540.7549999999999	0.00008718316332518309
1540.76	0.00008721895153960235
1540.765	0.0000874151542603703
1540.77	0.00008778454221122074
1540.775	0.00008825513060819779
1540.78	0.00008884424578179775
1540.7849999999999	0.00008928190708371824
1540.79	0.00008964581621466633
1540.795	0.00008996131023670246
1540.8	0.00009003729792311782
1540.805	0.00008995741100998507
1540.81	0.00008985925221299213
1540.8149999999998	0.0000898710577706209
1540.8200000000002	0.00008984296057686115
1540.825	0.00008993507387030462
1540.83	0.0000902140939677505
1540.835	0.00009075074295756812
1540.84	0.00009139865034836633
1540.8449999999998	0.00009201248825280737
1540.8500000000001	0.00009249412365922259
1540.855	0.00009266305244645902
1540.8600000000001	0.00009267547013130551
1540.865	0.00009272079664671742
1540.87	0.00009274297270278361
1540.875	0.00009288666909371707
1540.88	0.0000930230792852517
1540.885	0.00009315353236006081
1540.89	0.00009319368651618621
1540.895	0.00009331489903718386
1540.8999999999999	0.00009312587645719586
1540.905	0.0000928502462090368
1540.91	0.00009249671195556952
1540.915	0.00009218101188915252
1540.92	0.00009206208779407583
1540.925	0.00009192799189524749
1540.9299999999998	0.00009180730922358071
1540.935	0.00009179240805538986
1540.94	0.00009183213815152777
1540.945	0.00009196720860218734
1540.95	0.00009215949542142691
1540.955	0.00009226406603020897
1540.9599999999998	0.00009237538269835475
1540.9650000000001	0.0000923645934126013
1540.97	0.00009237740568913612
1540.9750000000001	0.00009236965500246016
1540.98	0.00009250458969564216
1540.985	0.00009253831994165402
1540.99	0.00009254034375771886
1540.9950000000001	0.00009281594932922032
1541	0.00009294626026679152
1541.005	0.00009323528816740118
1541.01	0.00009353738431610971
1541.0149999999999	0.00009387815540330532
1541.02	0.00009408048242614282
1541.025	0.00009418903729345377
1541.03	0.00009420308924745778
1541.035	0.00009417116165551686
1541.04	0.0000941622809310479
1541.0449999999998	0.0000942555285235373
1541.05	0.00009410773152649235
1541.055	0.00009443416322943203
1541.06	0.00009440043298819208
1541.065	0.00009444934856082498
1541.07	0.00009426718055931152
1541.0749999999998	0.00009415180747929648
1541.08	0.000094038865500003
1541.085	0.00009397131137103807
1541.0900000000001	0.00009391172245001985
1541.095	0.0000938900386568231
1541.1	0.00009383106394510198
1541.105	0.00009371760377654601
1541.1100000000001	0.00009381818612987372
1541.115	0.00009408308715755393
1541.1200000000001	0.00009410037127167037
1541.125	0.00009408004253892822
1541.1299999999999	0.00009395523960396551
1541.135	0.00009386408755330801
1541.14	0.00009365599342228149
1541.145	0.00009331128328538352
1541.15	0.00009302938741733655
1541.155	0.00009276276339277482
1541.1599999999999	0.00009246524780778454
1541.165	0.00009219031490109265
1541.17	0.00009209337004942311
1541.175	0.00009194040095855788
1541.18	0.0000919194598345334
1541.185	0.00009193246660288438
1541.1899999999998	0.00009183017950461719
1541.195	0.00009169009637510116
1541.2	0.0000915334319393408
1541.2050000000002	0.00009110565784838228
1541.21	0.00009077195434383528
1541.215	0.00009085782158504003
1541.22	0.00009102733746944248
1541.225	0.00009107426740229142
1541.23	0.00009119409777177311
1541.2350000000001	0.00009149649400462946
1541.24	0.00009159276669379329
1541.245	0.00009136583826746409
1541.25	0.00009112014959989975
1541.2549999999999	0.00009085972125542831
1541.26	0.00009055220290558923
1541.265	0.00009029398124386697
1541.27	0.00009016914528582591
1541.2749999999999	0.00009029746382442152
1541.28	0.00009057489107035096
1541.285	0.0000908813032209741
1541.29	0.00009106933830994525
1541.295	0.00009116613338927016
1541.3	0.00009119181103730404
1541.305	0.00009118154412135478
1541.31	0.00009113278462994395
1541.315	0.00009088687756713232
1541.3200000000002	0.00009035596261918727
1541.325	0.00009019293978962997
1541.33	0.00009016794052645065
1541.335	0.00009046252883706163
1541.34	0.00009081753259097292
1541.345	0.00009139280819750468
1541.3500000000001	0.00009211196154442759
1541.355	0.00009258230996731705
1541.36	0.0000931661142969434
1541.365	0.00009344570787736657
1541.37	0.00009351176171841979
1541.375	0.000093339949522347
1541.38	0.0000931868271564121
1541.385	0.00009297567310663442
1541.3899999999999	0.00009298975650189936
1541.395	0.00009330705707766714
1541.3999999999999	0.00009394086758191654
1541.405	0.00009452024631451621
1541.41	0.00009515067502810985
1541.415	0.00009539525315804285
1541.42	0.00009532803205035928
1541.425	0.00009512157732156891
1541.43	0.00009503624402852788
1541.4350000000002	0.00009489871175070554
1541.44	0.00009501260177788202
1541.445	0.00009509537253274143
1541.45	0.00009551884618405352
1541.455	0.00009583006854042846
1541.46	0.00009625022943299792
1541.4650000000001	0.00009666301859365741
1541.47	0.00009690349318440133
1541.475	0.00009719161942016928
1541.48	0.0000973214682726477
1541.485	0.00009739758328765712
1541.49	0.0000973386110423603
1541.4950000000001	0.0000973576079532105
1541.5	0.00009731127228250861
1541.5049999999999	0.00009736318679224498
1541.51	0.00009728568323385018
1541.5149999999999	0.00009723082005774751
1541.52	0.00009724706828916482
1541.525	0.00009714954184308216
1541.53	0.00009696205962457998
1541.535	0.00009674820639208443
1541.54	0.00009662945522189149
1541.5449999999998	0.00009650867497806314
1541.5500000000002	0.00009631524352946316
1541.555	0.0000959373428680304
1541.56	0.00009569826268226478
1541.565	0.00009534164599543176
1541.57	0.00009510700988988105
1541.575	0.00009501335968584355
1541.5800000000002	0.00009492682758806163
1541.585	0.00009477594500434065
1541.59	0.00009455351421785722
1541.595	0.00009436782811101062
1541.6	0.00009415133652206756
1541.605	0.0000939311430625817
1541.6100000000001	0.00009379438211935869
1541.615	0.00009368460451325024
1541.62	0.00009365322853780201
1541.625	0.00009386463670602366
1541.6299999999999	0.00009420591230055011
1541.6350000000002	0.00009460536964757017
1541.64	0.00009498841353828759
1541.645	0.00009525198158934106
1541.65	0.00009536622822137936
1541.655	0.0000954188581090419
1541.6599999999999	0.00009543089169917949
1541.6650000000002	0.00009552680420708768
1541.67	0.00009571867288065908
1541.675	0.0000960625038546017
1541.68	0.00009665284484120353
1541.685	0.0000971007806202388
1541.6899999999998	0.00009750622846550462
1541.6950000000002	0.00009782861556941464
1541.7	0.00009830598430668016
1541.705	0.0000986370650899759
1541.71	0.00009870858047736483
1541.715	0.00009869070345831836
1541.7199999999998	0.000098619188067404
1541.7250000000001	0.00009858051652217999
1541.73	0.00009855192357091885
1541.735	0.00009859756154761699
1541.74	0.00009873954730496165
1541.745	0.00009889631618340657
1541.75	0.00009914124965274527
1541.755	0.0000990143162352911
1541.76	0.00009894255882969166
1541.765	0.00009851463762874578
1541.77	0.00009822784278721997
1541.7749999999999	0.0000977602868992354
1541.78	0.0000974019948776335
1541.785	0.0000971280841710993
1541.79	0.00009704368944614286
1541.795	0.00009726143786787654
1541.8	0.0000974732129802687
1541.8049999999998	0.00009758746669537047
1541.8100000000002	0.00009757807799155772
1541.815	0.00009783182871542904
1541.82	0.00009767598756722686
1541.825	0.00009750519475311912
1541.83	0.00009723013557085554
1541.8349999999998	0.00009720809982936074
1541.8400000000001	0.00009715740278163979
1541.845	0.00009692282882831115
1541.85	0.0000969995636048078
1541.855	0.00009704225958380093
1541.86	0.00009720325190716796
1541.865	0.00009750796964087615
1541.8700000000001	0.00009778509061154221
1541.875	0.00009815433076356108
1541.88	0.00009830996151358675
1541.885	0.00009846326970035547
1541.8899999999999	0.00009850541788715506
1541.895	0.00009862276200711357
1541.9	0.00009888300004632986
1541.905	0.00009919766808015688
1541.91	0.00009934998645549825
1541.915	0.0000994684369214426
1541.9199999999998	0.00009960923367592446
1541.925	0.00009966771571129786
1541.93	0.0000996720635850242
1541.935	0.00009987833402489404
1541.94	0.0000999893649144298
1541.945	0.00010007267754673923
1541.9499999999998	0.00010020511344930836
1541.9550000000002	0.00010042119613902792
1541.96	0.00010056360016496633
1541.965	0.0001006980786825459
1541.97	0.00010078097310519998
1541.975	0.00010082970201334416
1541.98	0.00010084233861011688
1541.9850000000001	0.00010062100824934753
1541.99	0.00010031275854159356
1541.9950000000001	0.00010015708565652404
1542	0.00010002116681058807
1542.0049999999999	0.00009993295491729224
1542.01	0.0000998963500855968
1542.015	0.00009992434933915126
1542.02	0.00009994365653435381
1542.025	0.00009989145561480411
1542.03	0.00009984461445218373
1542.0349999999999	0.00009978560964184607
1542.04	0.00009958254769614981
1542.045	0.00009921706400175116
1542.05	0.00009888421982562015
1542.055	0.00009860025604332682
1542.06	0.00009822292785018969
1542.0649999999998	0.00009790617333587734
1542.07	0.00009763840562470776
1542.075	0.00009744282965488279
1542.08	0.00009749281160951425
1542.085	0.00009776457152955928
1542.09	0.00009796077716487673
1542.095	0.00009796482336442032
1542.1000000000001	0.00009777015083008846
1542.105	0.00009748642476274479
1542.1100000000001	0.00009659928344890991
1542.115	0.0000959541307396437
1542.12	0.00009548255094848698
1542.125	0.00009526122701717141
1542.13	0.00009525794302480068
1542.135	0.00009542145416004215
1542.14	0.00009564134637145497
1542.145	0.00009584404945438159
1542.1499999999999	0.00009597082891892336
1542.155	0.00009600921476427056
1542.16	0.00009583150271997197
1542.165	0.00009533226196901197
1542.17	0.0000948338501901698
1542.175	0.00009429590664743454
1542.1799999999998	0.00009390485054488284
1542.185	0.00009372529785033447
1542.19	0.00009388887065438305
1542.195	0.00009419852426622087
1542.2	0.00009458301699025221
1542.205	0.00009506584131763245
1542.21	0.00009547363180827364
1542.215	0.00009564420209453018
1542.22	0.00009573382470932644
1542.2250000000001	0.00009563713078457355
1542.23	0.00009553868848961884
1542.235	0.00009543316167764299
1542.24	0.00009552613482191018
1542.245	0.0000955224717069418
1542.25	0.00009569285779921187
1542.255	0.00009588080154910195
1542.26	0.00009576645904502651
1542.2649999999999	0.00009545628260619177
1542.27	0.00009520877939622848
1542.275	0.00009474966871274684
1542.28	0.00009462100206576947
1542.285	0.00009471263425475853
1542.29	0.00009520007691615957
1542.2949999999998	0.00009566021875077554
1542.3	0.00009611288522461435
1542.305	0.0000966493103426712
1542.31	0.00009707138190553648
1542.315	0.000097310834190325
1542.32	0.00009747775728326003
1542.325	0.00009741012842225336
1542.33	0.00009729837750896947
1542.335	0.00009718044103673985
1542.3400000000001	0.00009732616774508227
1542.345	0.00009733527093851842
1542.35	0.0000974803260665434
1542.355	0.00009756601131965071
1542.36	0.000097708369130085
1542.365	0.0000977997944282032
1542.3700000000001	0.0000976351776899939
1542.375	0.00009750804747115525
1542.3799999999999	0.00009751168626603754
1542.385	0.00009735382903817165
1542.3899999999999	0.00009704715707572665
1542.395	0.00009677449570521972
1542.4	0.00009667279357039122
1542.405	0.00009658924486760537
1542.4099999999999	0.00009652559688934406
1542.415	0.00009651968316754795
1542.42	0.00009663276402326954
1542.4250000000002	0.00009661152853559885
1542.43	0.00009658755568067757
1542.435	0.00009659730953805637
1542.44	0.00009651066276499522
1542.445	0.00009639986599377742
1542.45	0.00009625916573386195
1542.4550000000002	0.00009611277802068225
1542.46	0.00009579507219977235
1542.465	0.00009538347654197983
1542.47	0.00009510150843742837
1542.475	0.00009480911256524092
1542.48	0.00009469587712662119
1542.4850000000001	0.00009457891156433949
1542.49	0.000094368467834408
1542.495	0.00009439537973735157
1542.5	0.00009445011275728115
1542.5049999999999	0.00009440087585047655
1542.51	0.00009416733520398566
1542.515	0.00009391432407493844
1542.52	0.00009382133888879166
1542.5249999999999	0.0000937100973134987
1542.53	0.00009357934474614822
1542.5349999999999	0.00009367267192796693
1542.5400000000002	0.000094008100974831
1542.545	0.00009428122682563087
1542.55	0.00009447988067606316
1542.555	0.00009470094383808573
1542.56	0.00009493337318112886
1542.565	0.000095195199552784
1542.5700000000002	0.00009540372802790407
1542.575	0.00009556955030546642
1542.58	0.00009576329897177384
1542.585	0.00009578664737032181
1542.59	0.00009587240120429087
1542.595	0.00009607727215629344
1542.6000000000001	0.00009626115529283062
1542.605	0.00009645699805523531
1542.61	0.00009658565407963617
1542.615	0.00009654756318219882
1542.62	0.00009649859155659254
1542.625	0.00009636127927597174
1542.63	0.00009636643517195743
1542.635	0.0000960278768141946
1542.6399999999999	0.0000960332077749496
1542.645	0.00009593126015499202
1542.6499999999999	0.00009581814649669963
1542.6550000000002	0.00009575523803251699
1542.66	0.00009562015368310073
1542.665	0.00009545461217338175
1542.67	0.0000952228459788366
1542.675	0.00009499161238461657
1542.6799999999998	0.00009475733290566734
1542.6850000000002	0.00009460104700210727
1542.69	0.00009452861082571735
1542.695	0.00009454179800338663
1542.7	0.00009460357542362618
1542.705	0.00009448915079701699
1542.7099999999998	0.00009448782630671022
1542.7150000000001	0.00009442160161842543
1542.72	0.00009436722175731278
1542.725	0.00009429540095890264
1542.73	0.00009406480181548875
1542.735	0.00009409509744541015
1542.74	0.00009407862957074359
1542.7450000000001	0.00009399379419128265
1542.75	0.00009397173824347964
1542.7549999999999	0.00009421780977994177
1542.76	0.00009423884330317377
1542.7649999999999	0.00009447548311085993
1542.7700000000002	0.00009447617591177223
1542.775	0.00009459186106066514
1542.78	0.00009464768129968601
1542.785	0.00009468542250339672
1542.79	0.00009466793562751262
1542.7949999999998	0.00009466302144691205
1542.8000000000002	0.00009475079883425811
1542.805	0.00009499063924194845
1542.81	0.0000948865119531655
1542.815	0.00009539303167865968
1542.82	0.00009569101609220418
1542.8249999999998	0.00009592475247076738
1542.8300000000002	0.0000958800014367447
1542.835	0.00009593802239028963
1542.84	0.00009600370657908793
1542.845	0.00009600413778425049
1542.85	0.00009606148605669642
1542.8549999999998	0.000096138825027092
1542.8600000000001	0.00009616632815049389
1542.865	0.00009614312037561832
1542.8700000000001	0.0000962949270535374
1542.875	0.00009625774255632156
1542.8799999999999	0.00009618108269437682
1542.885	0.00009586364541928681
1542.89	0.00009580234444274101
1542.895	0.00009561187473862778
1542.9	0.000095154247545271
1542.905	0.00009500727649999902
1542.9099999999999	0.00009483600617858497
1542.915	0.00009476591075858281
1542.92	0.00009482456022131129
1542.925	0.00009479524101967553
1542.93	0.00009479955460963018
1542.935	0.00009471822340954733
1542.9399999999998	0.00009472462585921295
1542.9450000000002	0.00009479841955420691
1542.95	0.00009471200764106176
1542.955	0.00009446087203731982
1542.96	0.00009429165221124528
1542.965	0.00009408292698878026
1542.9699999999998	0.00009390599085330846
1542.9750000000001	0.00009382877621170431
1542.98	0.0000938584355100136
1542.9850000000001	0.00009360190779684964
1542.99	0.00009352271418896126
1542.995	0.0000934739520439336
1543	0.00009324975067723282
1543.005	0.0000929938145225765
1543.01	0.00009277554235987688
1543.015	0.0000924870102678033
1543.02	0.00009219879726895604
1543.0249999999999	0.00009206008238742182
1543.03	0.00009199194186012534
1543.035	0.00009213822829520851
1543.04	0.00009226704916827647
1543.045	0.00009234335315490974
1543.05	0.00009251369045853975
1543.0549999999998	0.00009261489486502491
1543.06	0.00009262973617296651
1543.065	0.00009259535727690358
1543.07	0.00009253495104028379
1543.075	0.000092435820717933
1543.08	0.00009222058334620985
1543.0849999999998	0.0000920108532945417
1543.0900000000001	0.00009201978760254578
1543.095	0.00009212438735524155
1543.1000000000001	0.000092160144978588
1543.105	0.00009218205056881841
1543.11	0.00009225173146920234
1543.115	0.00009220064384862794
1543.1200000000001	0.00009213562986877819
1543.125	0.00009196463992688652
1543.13	0.00009177353512264207
1543.135	0.00009147841979221933
1543.1399999999999	0.00009118154413692328
1543.145	0.00009087344929785953
1543.15	0.00009063223749545044
1543.155	0.0000907695521746698
1543.16	0.0000909951489498288
1543.165	0.00009129109864391363
1543.1699999999998	0.00009170550957760323
1543.175	0.0000919905687424436
1543.18	0.00009211526034047159
1543.185	0.00009207147689332795
1543.19	0.00009196691549194082
1543.195	0.00009177837082855145
1543.1999999999998	0.00009158381808236313
1543.205	0.00009147996209987798
1543.21	0.00009145994408926127
1543.2150000000001	0.0000914375985797173
1543.22	0.00009148548997215597
1543.225	0.00009174090205882037
1543.23	0.0000917856034764283
1543.2350000000001	0.00009182788308367522
1543.24	0.00009184305963572116
1543.2450000000001	0.00009195438754399636
1543.25	0.00009209405889875111
1543.2549999999999	0.00009197658585893575
1543.26	0.00009192118664892696
1543.265	0.00009188376754004097
1543.27	0.00009190431112076421
1543.275	0.00009193087688591823
1543.28	0.00009207629158778936
1543.2849999999999	0.00009211283661451451
1543.29	0.00009228191628093258
1543.295	0.00009257529280930775
1543.3	0.0000928524161833355
1543.305	0.00009293368202634165
1543.31	0.00009310532476396627
1543.3149999999998	0.00009318010320768133
1543.32	0.00009327338193006501
1543.325	0.0000933034390629209
1543.3300000000002	0.00009344761077286154
1543.335	0.00009351227701543949
1543.34	0.00009347994048735332
1543.345	0.00009353591788361454
1543.35	0.0000935989672568854
1543.355	0.00009351921939879565
1543.3600000000001	0.00009340746848551195
1543.365	0.00009358610973095564
1543.37	0.00009356559440219949
1543.375	0.00009360882389870709
1543.3799999999999	0.0000937717531921197
1543.385	0.00009391144020962318
1543.39	0.00009403961856844255
1543.395	0.0000940887204760448
1543.3999999999999	0.00009402090379243553
1543.405	0.00009389318196543497
1543.41	0.00009379125600055228
1543.415	0.0000936960429118213
1543.42	0.00009340640099933094
1543.425	0.00009329698688427681
1543.4299999999998	0.00009334132018559432
1543.435	0.00009312816508380834
1543.44	0.000093509529504238
1543.4450000000002	0.00009358753490005957
1543.45	0.00009389257868852493
1543.455	0.00009406110534885741
1543.46	0.00009417188708025789
1543.465	0.00009425493686290711
1543.47	0.00009400712545972091
1543.4750000000001	0.00009388796934725079
1543.48	0.0000938039135839711
1543.485	0.00009376729031121966
1543.49	0.00009380646104117476
1543.495	0.00009406213397735427
1543.5	0.00009427169270624132
1543.505	0.0000945663526660276
1543.51	0.00009485837381548035
1543.5149999999999	0.00009511414904169024
1543.52	0.0000949472960333301
1543.5249999999999	0.00009488477124148701
1543.53	0.00009451485707981147
1543.535	0.00009428801605593934
1543.54	0.00009418808700678901
1543.545	0.00009421544064496863
1543.55	0.00009446360800888846
1543.555	0.00009475050873825206
1543.5600000000002	0.0000949867802031727
1543.565	0.00009519487581646777
1543.57	0.00009529369708616288
1543.575	0.00009530211094360107
1543.58	0.00009533506590330624
1543.585	0.00009521166796115012
1543.5900000000001	0.00009482954893192582
1543.595	0.00009447492587642982
1543.6	0.00009411187190425007
1543.605	0.0000941133264928072
1543.61	0.00009423118068338763
1543.615	0.00009424066613425951
1543.6200000000001	0.00009457639591594598
1543.625	0.0000948536590357474
1543.6299999999999	0.00009504340414423509
1543.635	0.00009509107943917913
1543.6399999999999	0.000095221371428377
1543.645	0.00009513398108756638
1543.65	0.00009499094806008176
1543.655	0.00009490035881754004
1543.66	0.00009474338270475077
1543.665	0.00009499827515054918
1543.6699999999998	0.00009568540947543318
1543.6750000000002	0.00009626273690200772
1543.68	0.00009667403817042768
1543.685	0.00009702677099126722
1543.69	0.00009735253057976064
1543.695	0.00009756062188758137
1543.7	0.00009777681238051544
1543.7050000000002	0.00009807077897343806
1543.71	0.00009833052356366167
1543.715	0.00009857065949222542
1543.72	0.00009882625334021201
1543.725	0.00009903267649549269
1543.73	0.00009916855963768066
1543.7350000000001	0.00009924592503087322
1543.74	0.00009926218348888775
1543.745	0.00009929461520913529
1543.75	0.00009928428044166919
1543.7549999999999	0.00009930653646146477
1543.76	0.00009933922476675042
1543.765	0.00009930256379502012
1543.77	0.00009923700795404463
1543.775	0.00009923104813081894
1543.78	0.00009930379084866556
1543.7849999999999	0.00009935785245136769
1543.7900000000002	0.00009925389410427023
1543.795	0.00009919544251708244
1543.8	0.00009906090632128574
1543.805	0.00009897127110252954
1543.81	0.000098833741511398
1543.8149999999998	0.00009857080838339275
1543.8200000000002	0.000098340567121174
1543.825	0.00009782581221316907
1543.83	0.0000974309838807934
1543.835	0.00009718849954996749
1543.84	0.0000970614892201639
1543.8449999999998	0.00009701119990776708
1543.8500000000001	0.00009716912517617839
1543.855	0.00009732451965683664
1543.86	0.00009755101586069789
1543.865	0.00009778353989291868
1543.87	0.00009808396241007128
1543.875	0.00009809053651289497
1543.88	0.00009821040457679398
1543.885	0.00009816387610707984
1543.89	0.00009839447737994144
1543.895	0.0000985946520786621
1543.8999999999999	0.0000991555570777812
1543.905	0.0000996288224589953
1543.91	0.00010010208783534407
1543.915	0.00010041748383476647
1543.92	0.00010064579609925714
1543.925	0.00010069314157590274
1543.9299999999998	0.00010054680106086175
1543.9350000000002	0.00010032165868001373
1543.94	0.00010005253910262841
1543.945	0.00009987336670932032
1543.95	0.00009989129370040179
1543.955	0.00010006738009851582
1543.9599999999998	0.00010047896705092673
1543.9650000000001	0.00010091030343129393
1543.97	0.0001013189092353643
1543.975	0.00010182398604778363
1543.98	0.00010206221485696508
1543.985	0.00010209329230150547
1543.99	0.00010199421619717626
1543.9950000000001	0.00010170713776008552
1544	0.00010140233888044714
1544.005	0.00010121965719901054
1544.01	0.00010121418537065545
1544.0149999999999	0.00010136116840063086
1544.02	0.00010165741645966441
1544.025	0.00010235231502542115
1544.03	0.00010283691793527773
1544.035	0.00010293508240372993
1544.04	0.00010272261666598894
1544.0449999999998	0.00010230682784960154
1544.05	0.0001016258266154425
1544.055	0.00010105519598456527
1544.06	0.00010109876923068154
1544.065	0.00010153867179123972
1544.07	0.00010180651256501636
1544.0749999999998	0.00010227670590755594
1544.0800000000002	0.00010260001500973109
1544.085	0.00010285584931823341
1544.09	0.00010303652278870002
1544.095	0.0001030297380984259
1544.1	0.00010282505186935377
1544.105	0.0001025168021615999
1544.1100000000001	0.00010234428536947739
1544.115	0.00010224476293926387
1544.1200000000001	0.00010230294215599361
1544.125	0.00010232013300992554
1544.1299999999999	0.0001026072448446058
1544.135	0.00010312541606922646
1544.14	0.00010365425838955912
1544.145	0.0001039675493789508
1544.15	0.00010416166040968228
1544.155	0.00010430536513280311
1544.1599999999999	0.00010439037907276409
1544.165	0.00010441197082400311
1544.17	0.00010454791645105815
1544.175	0.00010463417441288203
1544.18	0.00010478523545253695
1544.185	0.00010500416159785824
1544.1899999999998	0.0001052092242154106
1544.195	0.00010544406804357894
1544.2	0.00010572905171941384
1544.205	0.00010589307268529779
1544.21	0.00010594001958925199
1544.215	0.00010586373390885972
1544.22	0.00010601074123137649
1544.2250000000001	0.0001060723785279413
1544.23	0.00010614014839719987
1544.2350000000001	0.00010641003044548971
1544.24	0.00010671763503513338
1544.245	0.00010701156337238097
1544.25	0.00010708233649897761
1544.255	0.00010711168579291558
1544.26	0.0001070540044806535
1544.265	0.00010684075937410819
1544.27	0.00010651618449792725
1544.2749999999999	0.00010624937624964357
1544.28	0.00010601213525532384
1544.285	0.00010585741479065838
1544.29	0.00010604109382155161
1544.295	0.00010611690577996022
1544.3	0.00010659391873649053
1544.3049999999998	0.00010691287109978551
1544.31	0.00010732413945930205
1544.315	0.00010757479336276559
1544.32	0.00010757868700631806
1544.325	0.0001078061656772461
1544.33	0.00010776368048327036
1544.335	0.00010761152827035914
1544.34	0.00010752290836535402
1544.345	0.00010752290836535402
1544.3500000000001	0.00010754036964600568
1544.355	0.00010774070157041822
1544.36	0.00010822641796768416
1544.365	0.00010862734182554595
1544.37	0.00010890680539062271
1544.375	0.00010923927766270938
1544.38	0.00010922406193788915
1544.385	0.00010910573504511171
1544.3899999999999	0.00010895321611315012
1544.395	0.00010896744669520095
1544.4	0.00010896088290302462
1544.405	0.0001089319722224591
1544.41	0.00010920764850149575
1544.415	0.00010943055406819746
1544.4199999999998	0.00010955388727445459
1544.425	0.00010951825794306487
1544.43	0.00010962614283182384
1544.435	0.00010938632678826585
1544.44	0.00010926856615637029
1544.445	0.00010917238903786375
1544.45	0.0001091907988108134
1544.455	0.00010936171130094062
1544.46	0.00010955262625744962
1544.4650000000001	0.00010982535134666117
1544.47	0.00011027256548078163
1544.475	0.00011058616896646287
1544.48	0.00011079635466978234
1544.485	0.00011087630940854781
1544.49	0.00011080305402793916
1544.4950000000001	0.00011057284173326146
1544.5	0.00011014654737734638
1544.5049999999999	0.00010969782621421516
1544.51	0.00010953797283863798
1544.5149999999999	0.0001096355990600176
1544.52	0.00010994969470506396
1544.525	0.00011062415670287751
1544.53	0.00011150298038410145
1544.5349999999999	0.00011217653806533627
1544.54	0.00011263445418366506
1544.545	0.00011291467893242712
1544.55	0.00011309566289660359
1544.555	0.00011309756664902831
1544.56	0.000112984926100665
1544.565	0.00011291519913242062
1544.57	0.00011299697000811868
1544.575	0.0001133820914846382
1544.5800000000002	0.00011408447778774741
1544.585	0.0001145792640024503
1544.59	0.00011506927886830177
1544.595	0.0001151972665591314
1544.6	0.00011532652050034423
1544.605	0.00011539214290368351
1544.6100000000001	0.0001155103244336103
1544.615	0.00011566302802865098
1544.62	0.00011563228534364623
1544.625	0.00011569684111593187
1544.6299999999999	0.00011577810694797341
1544.635	0.00011596631612133982
1544.64	0.00011592799435952586
1544.645	0.0001159207146234389
1544.6499999999999	0.00011586972956887385
1544.655	0.00011608245765627088
1544.6599999999999	0.00011637298544193674
1544.665	0.00011650781803903515
1544.67	0.00011662776159181315
1544.675	0.00011633350067676987
1544.68	0.00011655215625029104
1544.685	0.00011658939214114282
1544.69	0.00011672162053445136
1544.6950000000002	0.00011664481622658735
1544.7	0.00011672698426472483
1544.705	0.00011669553558753669
1544.71	0.00011658967473236516
1544.715	0.00011638768192146036
1544.72	0.00011627286151380887
1544.7250000000001	0.00011577891104640409
1544.73	0.00011522106904115738
1544.735	0.00011472768513665255
1544.74	0.00011473204463942681
1544.745	0.00011501418052006821
1544.75	0.00011552645789499992
1544.755	0.00011627893112943873
1544.76	0.00011676865874243386
1544.7649999999999	0.00011715432781984421
1544.77	0.00011711229450151732
1544.7749999999999	0.00011687265559842525
1544.7800000000002	0.0001167158267997508
1544.785	0.00011652824955072716
1544.79	0.0001164981367764994
1544.795	0.00011659348867740186
1544.8	0.00011685102117479901
1544.8049999999998	0.00011726965364186835
1544.8100000000002	0.00011776851418595032
1544.815	0.00011823987717821386
1544.82	0.00011851713846665934
1544.825	0.00011872195092540538
1544.83	0.0001186681081428602
1544.835	0.00011841573235691578
1544.8400000000001	0.0001181823304768439
1544.845	0.00011800354035474672
1544.85	0.00011788640296424982
1544.855	0.00011785044097182387
1544.86	0.00011785044094802764
1544.865	0.00011818850838918329
1544.8700000000001	0.00011864361292343314
1544.875	0.0001190574801741434
1544.8799999999999	0.00011919128466753767
1544.885	0.00011965163223875118
1544.8899999999999	0.00011973203205876216
1544.8950000000002	0.00011971706582803818
1544.9	0.00011925904096588553
1544.905	0.00011867221914236887
1544.91	0.00011811439570896848
1544.915	0.00011787725121963357
1544.9199999999998	0.00011794836542404805
1544.9250000000002	0.00011824458519186835
1544.93	0.00011879070466558548
1544.935	0.00011937255472973375
1544.94	0.00011936460541306292
1544.945	0.00011946157367320513
1544.9499999999998	0.00011906321329270817
1544.9550000000002	0.00011876842418452675
1544.96	0.00011835545166954347
1544.965	0.00011789475350973843
1544.97	0.00011782363506922457
1544.975	0.00011796623419081961
1544.9799999999998	0.00011838505561134092
1544.9850000000001	0.00011889796090340637
1544.99	0.0001192232971542213
1544.995	0.00011947676537887308
1545	0.00011977323286688644
1545.0049999999999	0.00011988148247542974
1545.01	0.00011969846674775097
1545.015	0.0001194084357678948
1545.02	0.00011906022825164087
1545.025	0.00011892967449966811
1545.03	0.00011891078338200991
1545.0349999999999	0.00011868775927842563
1545.04	0.00011910772322046809
1545.045	0.00011953828545983068
1545.05	0.0001199779641637147
1545.055	0.00012028380800863949
1545.06	0.00012064915916076915
1545.0649999999998	0.00012084350188671984
1545.0700000000002	0.00012093363856676848
1545.075	0.00012091185198626354
1545.08	0.00012090957202680093
1545.085	0.00012097176246983182
1545.09	0.00012129902174182133
1545.0949999999998	0.00012159769538156163
1545.1000000000001	0.00012202272771070104
1545.105	0.0001224217590914579
1545.1100000000001	0.00012267492686466946
1545.115	0.00012244764060295466
1545.12	0.00012190341154693214
1545.125	0.0001215605369426738
1545.13	0.00012128968957581589
1545.135	0.00012109715317522666
1545.14	0.00012106965004523765
1545.145	0.00012113789440926749
1545.1499999999999	0.00012121386629790755
1545.155	0.00012128968955948943
1545.16	0.00012128968955948943
1545.165	0.00012127428460187053
1545.17	0.00012096109780161976
1545.175	0.00012062943165561361
1545.1799999999998	0.00012038169787407568
1545.185	0.00012014320238436795
1545.19	0.00011982553147923257
1545.195	0.00011953124211734663
1545.2	0.00011954470827043757
1545.205	0.00011978962020810802
1545.2099999999998	0.00011994769940010807
1545.2150000000001	0.00012027304453953798
1545.22	0.0001203368532381646
1545.2250000000001	0.00012071399977741707
1545.23	0.00012083221016412558
1545.235	0.00012074546247439527
1545.24	0.00012083485200593514
1545.2450000000001	0.00012052304811087569
1545.25	0.00012032637897656424
1545.255	0.00012011206970040629
1545.26	0.00011974853405975366
1545.2649999999999	0.00011972389861721997
1545.27	0.00011990570584218284
1545.275	0.00012011903194761669
1545.28	0.00012044106617605339
1545.285	0.00012094749650148028
1545.29	0.00012135170211027367
1545.2949999999998	0.00012091575766195347
1545.3	0.00012086821255837862
1545.305	0.00012044977067652185
1545.31	0.00012017386119102105
1545.315	0.00011991972496329659
1545.32	0.00011997112829403671
1545.3249999999998	0.00012019461712782258
1545.33	0.00012049490229534597
1545.335	0.00012077375970417232
1545.3400000000001	0.00012101533276315024
1545.345	0.0001211571972249596
1545.35	0.00012114048428258994
1545.355	0.00012107040051018843
1545.3600000000001	0.00012097073051449601
1545.365	0.00012075040627561716
1545.3700000000001	0.00012077477876168945
1545.375	0.00012100363089882966
1545.3799999999999	0.00012139332114596905
1545.385	0.00012171485809573357
1545.39	0.0001219433513858548
1545.395	0.00012219498938254795
1545.4	0.00012224429092587782
1545.405	0.00012207911866195508
1545.4099999999999	0.00012192107176567484
1545.415	0.00012191144508815404
1545.42	0.00012190354269299562
1545.425	0.00012198040393832752
1545.43	0.00012213547773188188
1545.435	0.0001225730132358675
1545.4399999999998	0.0001230299191184433
1545.445	0.00012322062684688712
1545.45	0.00012311179909284313
1545.4550000000002	0.00012278087728009437
1545.46	0.00012250099281781713
1545.465	0.0001220847436916964
1545.47	0.00012181340360618995
1545.475	0.00012174206412857491
1545.48	0.00012176771063751254
1545.4850000000001	0.00012183045080613636
1545.49	0.00012179097393927731
1545.495	0.00012180753401185905
1545.5	0.00012194482924455628
1545.5049999999999	0.00012202436019947712
1545.51	0.00012198535313023995
1545.515	0.00012192543335734131
1545.52	0.00012181797076844007
1545.5249999999999	0.00012160051009839973
1545.53	0.00012120992605126063
1545.535	0.00012096993752669004
1545.54	0.00012098575825802983
1545.545	0.00012098365479613633
1545.55	0.00012094002772107891
1545.5549999999998	0.00012133542004849795
1545.56	0.00012199608456669791
1545.565	0.00012237610984826243
1545.5700000000002	0.00012303683204180802
1545.575	0.0001231599773122139
1545.58	0.00012326568306238387
1545.585	0.0001232406865157558
1545.59	0.00012298641000407686
1545.595	0.00012276863913423644
1545.6000000000001	0.00012263217396575336
1545.605	0.00012270135502078132
1545.61	0.00012296634990428799
1545.615	0.00012313122957013323
1545.62	0.00012342921073701948
1545.625	0.00012377685600752647
1545.63	0.00012393577586289437
1545.635	0.00012382189523079526
1545.6399999999999	0.00012367102070630462
1545.645	0.0001238456024879143
1545.6499999999999	0.00012360178672791134
1545.655	0.0001239178963969704
1545.66	0.00012399156460816363
1545.665	0.00012409450648525597
1545.6699999999998	0.00012399502812175903
1545.675	0.0001241292946670937
1545.68	0.0001239715347861226
1545.6850000000002	0.00012386425806398024
1545.69	0.00012339099270997092
1545.695	0.00012307233200736708
1545.7	0.00012273359987630236
1545.705	0.0001224339451918714
1545.71	0.0001224328772503204
1545.7150000000001	0.00012243395030964169
1545.72	0.00012269665453364958
1545.725	0.00012301752108976753
1545.73	0.00012338152735126903
1545.735	0.00012348880409263072
1545.74	0.00012348771002730283
1545.7450000000001	0.00012347531179106666
1545.75	0.00012348950232067576
1545.7549999999999	0.00012312264825350004
1545.76	0.00012259170164675946
1545.7649999999999	0.00012232417592064935
1545.77	0.00012201185428592734
1545.775	0.00012212573789203643
1545.78	0.0001222742063236294
1545.7849999999999	0.00012262789378194683
1545.79	0.0001230433927181936
1545.7949999999998	0.00012340550086237392
1545.8000000000002	0.00012356222128916193
1545.805	0.00012342375147482312
1545.81	0.0001231696434530186
1545.815	0.0001229223847402294
1545.82	0.00012232820034641822
1545.825	0.0001222473432149498
1545.8300000000002	0.0001222403765366623
1545.835	0.00012261789572447698
1545.84	0.00012295244102287562
1545.845	0.0001232418707035403
1545.85	0.00012339152774009242
1545.855	0.00012333274196655949
1545.8600000000001	0.0001231419524132698
1545.865	0.0001229775832298312
1545.87	0.0001229018269457241
1545.875	0.00012269957682530672
1545.8799999999999	0.00012261368331616015
1545.885	0.00012281834640669683
1545.89	0.0001230727970455682
1545.895	0.00012337031153139864
1545.9	0.00012367320366894676
1545.905	0.0001239400676907587
1545.9099999999999	0.0001243375308275417
1545.9150000000002	0.00012450930908919713
1545.92	0.00012455741612632813
1545.925	0.0001248297339770943
1545.93	0.00012480168473790428
1545.935	0.0001247403270099313
1545.9399999999998	0.0001247403270099313
1545.9450000000002	0.00012478571330141
1545.95	0.0001249641640070989
1545.955	0.00012502937745303885
1545.96	0.00012514127841066735
1545.965	0.00012508003419958404
1545.9699999999998	0.00012492521592679065
1545.9750000000001	0.0001245554555340454
1545.98	0.00012402185195893033
1545.985	0.00012336490066456153
1545.99	0.00012305240076637006
1545.995	0.0001230239577125758
1546	0.0001233881348716586
1546.005	0.00012374063114379785
1546.01	0.00012427677466380843
1546.015	0.0001247309036916012
1546.02	0.00012516974976783707
1546.0249999999999	0.00012535894214421776
1546.0300000000002	0.00012559364998089903
1546.035	0.00012543827676476688
1546.04	0.00012516810590561568
1546.045	0.0001247840377582847
1546.05	0.00012437215710974354
1546.0549999999998	0.00012400083090162735
1546.0600000000002	0.00012370820242175613
1546.065	0.00012357287763278263
1546.07	0.0001235983127059065
1546.075	0.000123668354598013
1546.08	0.00012377673646468462
1546.0849999999998	0.00012400356837634753
1546.0900000000001	0.000123755870869665
1546.095	0.00012377523537281877
1546.1	0.00012354755435025816
1546.105	0.0001233990499245619
1546.11	0.00012313049378702813
1546.1149999999998	0.0001228332427554623
1546.1200000000001	0.00012272548486989913
1546.125	0.00012252744001128144
1546.13	0.00012261730882668574
1546.135	0.00012283934195182956
1546.1399999999999	0.00012297655298613232
1546.145	0.00012314369626370577
1546.15	0.00012331467555623806
1546.155	0.00012323611494400636
1546.16	0.00012283350101100705
1546.165	0.00012267414675923413
1546.1699999999998	0.00012279051340897875
1546.175	0.00012266156298304257
1546.18	0.00012304554640819138
1546.185	0.00012340216141034223
1546.19	0.00012379871135371058
1546.195	0.00012410198675347965
1546.1999999999998	0.00012425031712951152
1546.2050000000002	0.00012426097731677358
1546.21	0.00012421488726434076
1546.215	0.0001242039579665289
1546.22	0.00012424174351607684
1546.225	0.00012432879076805777
1546.23	0.00012427613734413063
1546.2350000000001	0.00012442645268121385
1546.24	0.00012485687947007715
1546.2450000000001	0.00012499527520903428
1546.25	0.0001250383138519456
1546.2549999999999	0.00012487830883193833
1546.26	0.0001248297339770943
1546.265	0.00012468804775706363
1546.27	0.00012464756596041615
1546.275	0.00012469816818638923
1546.28	0.0001249816995965437
1546.2849999999999	0.00012541095886511313
1546.29	0.00012568138088829943
1546.295	0.00012594369375153912
1546.3	0.00012623559628458983
1546.305	0.00012642810526385123
1546.31	0.00012656653833143942
1546.3149999999998	0.00012633232265622926
1546.32	0.00012602800185643849
1546.325	0.00012590247206389904
1546.33	0.0001260085979324316
1546.335	0.00012615391459875366
1546.34	0.00012628500067662338
1546.345	0.00012652138203063295
1546.3500000000001	0.0001269634134713588
1546.355	0.00012671362589239873
1546.3600000000001	0.00012725968198561976
1546.365	0.00012729585683920677
1546.37	0.00012753528485222071
1546.375	0.00012758595287206583
1546.38	0.0001275013575234355
1546.385	0.00012728450821992453
1546.39	0.0001269871200974101
1546.395	0.00012682488159252635
1546.3999999999999	0.00012679177598538173
1546.405	0.00012676264304691513
1546.41	0.00012679574865405988
1546.415	0.0001273317878216315
1546.42	0.00012759894338692992
1546.425	0.0001279009366856036
1546.4299999999998	0.00012800206055537267
1546.435	0.00012798715179313652
1546.44	0.00012782317313219933
1546.445	0.0001274400489920272
1546.45	0.0001271861704412334
1546.455	0.00012717473029285272
1546.46	0.00012726547377312655
1546.465	0.00012735960044099343
1546.47	0.0001279621195342344
1546.4750000000001	0.00012840517548273308
1546.48	0.00012899553010542938
1546.485	0.0001293048221794129
1546.49	0.00012946247656100423
1546.4950000000001	0.00012927625623111318
1546.5	0.0001288768433119285
1546.505	0.00012849186403374893
1546.51	0.00012812706640430416
1546.5149999999999	0.0001279585412793688
1546.52	0.00012836041946827072
1546.525	0.00012911459104457707
1546.53	0.0001295170618699142
1546.535	0.00012999227085450085
1546.54	0.000130141673453873
1546.5449999999998	0.00012996317750615884
1546.55	0.000129384885548639
1546.555	0.00012889311873219098
1546.56	0.0001285217297914129
1546.565	0.00012814058309851853
1546.57	0.0001279254329789321
1546.575	0.00012776805353124918
1546.58	0.00012767115550071305
1546.585	0.00012760494428642633
1546.5900000000001	0.00012800556009792902
1546.595	0.00012825033393253264
1546.6	0.00012859691836006126
1546.605	0.00012855068781279276
1546.61	0.0001284405519322873
1546.615	0.00012820885085931258
1546.6200000000001	0.00012774256585097203
1546.625	0.00012754696292773842
1546.6299999999999	0.0001272777148006438
1546.635	0.0001271840100953318
1546.6399999999999	0.00012724102860797634
1546.645	0.00012735099935115237
1546.65	0.00012760727199783974
1546.655	0.00012787638021232662
1546.6599999999999	0.0001280844766957766
1546.665	0.00012847004043061455
1546.67	0.0001286527017821719
1546.675	0.00012877313477243304
1546.68	0.00012864062739065092
1546.685	0.00012832963926447143
1546.69	0.00012818580726669946
1546.695	0.0001283065765063093
1546.7	0.00012866838432293317
1546.7050000000002	0.00012858001690034762
1546.71	0.00012889313880402441
1546.715	0.00012913692307113552
1546.72	0.0001292935016262615
1546.725	0.00012927562218581097
1546.73	0.00012931497250954287
1546.7350000000001	0.00012915812210343057
1546.74	0.00012902385568819562
1546.745	0.00012890578588889854
1546.75	0.00012890087878092446
1546.7549999999999	0.0001289132796285291
1546.76	0.00012884301923589352
1546.765	0.00012896870610215884
1546.77	0.00012909386714799118
1546.7749999999999	0.0001290579158967039
1546.78	0.00012894688873883324
1546.7849999999999	0.00012890827841367626
1546.79	0.00012892401719442084
1546.795	0.00012887175454835925
1546.8	0.00012884478600735315
1546.805	0.00012888516468798373
1546.81	0.00012897936987376856
1546.815	0.0001289783383768068
1546.8200000000002	0.00012897449263329596
1546.825	0.00012908947789873248
1546.83	0.00012889490626885543
1546.835	0.00012865582937543753
1546.84	0.00012831072201433035
1546.845	0.0001279768391366984
1546.8500000000001	0.0001278450546858915
1546.855	0.0001279907197472802
1546.86	0.00012840395259101372
1546.865	0.00012882085192340314
1546.87	0.0001291963193129806
1546.875	0.00012962234335683182
1546.88	0.00012943170138066083
1546.885	0.0001295497640891166
1546.8899999999999	0.00012930595338733481
1546.895	0.00012904752195713593
1546.8999999999999	0.0001287744698208439
1546.905	0.00012885919930613027
1546.91	0.00012922827224167078
1546.915	0.00012970254965023853
1546.92	0.00013022150125498318
1546.925	0.00013078086856510373
1546.9299999999998	0.00013126991687075466
1546.9350000000002	0.00013159927521874397
1546.94	0.0001316214984388942
1546.945	0.00013171814089306334
1546.95	0.0001315569220356841
1546.955	0.0001313471216773695
1546.96	0.00013115424103704178
1546.9650000000001	0.00013108470765295477
1546.97	0.00013124389091364653
1546.975	0.0001314306311495826
1546.98	0.00013164488585653793
1546.985	0.00013218298551059037
1546.99	0.00013269902125241694
1546.9950000000001	0.0001331286697026556
1547	0.0001334905176128521
1547.0049999999999	0.00013377230282388833
1547.01	0.00013386131309192295
1547.0149999999999	0.0001337147968410759
1547.0200000000002	0.00013361590359844847
1547.025	0.00013344090289626464
1547.03	0.00013326121616787104
1547.035	0.00013336033177432203
1547.04	0.00013348662657488702
1547.0449999999998	0.0001336619316134601
1547.0500000000002	0.0001336309405690391
1547.055	0.0001333687163759781
1547.06	0.00013304411162647686
1547.065	0.00013267778885780307
1547.07	0.00013236623251691412
1547.0749999999998	0.00013218870969721643
1547.0800000000002	0.00013215800258445143
1547.085	0.00013235186603759516
1547.09	0.00013253108980071254
1547.095	0.00013271402036769972
1547.1	0.00013295411293073558
1547.1049999999998	0.0001331118266004643
1547.1100000000001	0.00013309310265189635
1547.115	0.00013286730812225845
1547.12	0.0001327348587456938
1547.125	0.00013240774841207436
1547.1299999999999	0.0001320806690346708
1547.135	0.00013147878397929468
1547.14	0.00013137341011696323
1547.145	0.00013147728170144807
1547.15	0.00013128554563161495
1547.155	0.00013151348320629793
1547.1599999999999	0.0001316248733856877
1547.165	0.0001318237555011648
1547.17	0.00013197802079536778
1547.175	0.00013204734733128392
1547.18	0.00013193169285839014
1547.185	0.00013191723943721398
1547.1899999999998	0.0001319704233078747
1547.1950000000002	0.0001320583862200526
1547.2	0.00013196541566874517
1547.205	0.0001319813192756979
1547.21	0.00013213881173918465
1547.215	0.00013267262931888977
1547.2199999999998	0.0001332831526630016
1547.2250000000001	0.00013382915420640822
1547.23	0.00013410995426177383
1547.235	0.00013416969450073452
1547.24	0.00013417354337267386
1547.245	0.00013415708593429149
1547.25	0.00013412828794566673
1547.255	0.00013403740013614873
1547.26	0.00013423436892235702
1547.265	0.00013425738513332547
1547.27	0.00013442256888502257
1547.2749999999999	0.0001346813504451979
1547.28	0.00013495113565589707
1547.285	0.00013518164632841934
1547.29	0.00013514723573534597
1547.295	0.00013485441002295188
1547.3	0.0001344664779281213
1547.3049999999998	0.00013426406901202682
1547.31	0.00013402996658811434
1547.315	0.00013401704856225358
1547.32	0.0001342501462027869
1547.325	0.00013406157059335725
1547.33	0.00013454957443298453
1547.3349999999998	0.0001347164676312558
1547.3400000000001	0.00013496871527513606
1547.345	0.00013508234717822
1547.3500000000001	0.00013504953703877225
1547.355	0.00013499128673797432
1547.36	0.0001348650845490744
1547.365	0.00013463954733938682
1547.3700000000001	0.00013444359356779326
1547.375	0.00013426900644737688
1547.38	0.00013399471938024948
1547.385	0.00013418406951437798
1547.3899999999999	0.00013447095590903593
1547.395	0.00013463593557786746
1547.4	0.0001345737546216697
1547.405	0.00013459241269748895
1547.41	0.00013463813232064066
1547.415	0.0001342708750701319
1547.4199999999998	0.00013403596007974597
1547.425	0.0001338836306476882
1547.43	0.00013357524119242815
1547.435	0.00013353947310713714
1547.44	0.00013384881334030846
1547.445	0.0001339837617617177
1547.4499999999998	0.00013415567025012925
1547.455	0.00013409778454242987
1547.46	0.00013412138334919902
1547.4650000000001	0.00013390008772683323
1547.47	0.00013361276798722174
1547.475	0.0001332746656354342
1547.48	0.00013306957037854277
1547.4850000000001	0.00013290325901383596
1547.49	0.00013274606098524958
1547.4950000000001	0.00013265281282438774
1547.5	0.00013253006351188012
1547.5049999999999	0.00013262701336041744
1547.51	0.000133006711931944
1547.515	0.0001332857045066155
1547.52	0.0001335725246462971
1547.525	0.00013363378076979804
1547.53	0.00013379660245511226
1547.5349999999999	0.00013385236203990224
1547.54	0.00013394310900165452
1547.545	0.00013415797254672773
1547.55	0.0001342956319569125
1547.555	0.00013430151207159072
1547.56	0.00013471240653836213
1547.5649999999998	0.0001350678536369559
1547.57	0.0001351124469229077
1547.575	0.0001352313815905121
1547.5800000000002	0.00013559674854211992
1547.585	0.0001354852068892156
1547.59	0.00013532923129134388
1547.595	0.0001352626200362142
1547.6	0.0001353851047935764
1547.605	0.00013552683230038558
1547.6100000000001	0.00013545567424649442
1547.615	0.0001353256415069819
1547.62	0.00013510437723685966
1547.625	0.00013480716683338044
1547.6299999999999	0.00013455958407623713
1547.635	0.00013438901169531556
1547.64	0.00013408301439176166
1547.645	0.00013365144974720067
1547.6499999999999	0.00013353644837493195
1547.655	0.00013329523874447348
1547.66	0.00013320281704174537
1547.665	0.0001330412243527753
1547.67	0.0001328759255704656
1547.675	0.0001329020797029851
1547.6799999999998	0.00013274244600808635
1547.685	0.00013252214558471704
1547.69	0.00013233013025038443
1547.6950000000002	0.00013198459236147931
1547.7	0.0001317197011623457
1547.705	0.0001317488910943978
1547.71	0.0001317189604922342
1547.715	0.00013174923618633624
1547.72	0.00013183469767083085
1547.7250000000001	0.00013196708844965478
1547.73	0.00013215572165633407
1547.735	0.00013233889087145955
1547.74	0.00013258919350934187
1547.745	0.0001324978204473788
1547.75	0.00013226341174135963
1547.755	0.00013199323439172728
1547.76	0.00013191629445678503
1547.7649999999999	0.00013201007283220704
1547.77	0.00013214221689850084
1547.7749999999999	0.00013245738053002865
1547.78	0.00013292674670958428
1547.785	0.0001332617113898306
1547.79	0.00013364730293718646
1547.7949999999998	0.00013396424949892988
1547.8	0.00013420850982510458
1547.805	0.00013467778229602569
1547.8100000000002	0.000134674749217238
1547.815	0.00013478635758055573
1547.82	0.00013468883329050024
1547.825	0.00013490949100350224
1547.83	0.00013497702052800927
1547.835	0.00013497110446847739
1547.8400000000001	0.00013491131656819273
1547.845	0.000135037882896961
1547.85	0.0001352460123453989
1547.855	0.0001353783203058365
1547.86	0.00013533360470821684
1547.865	0.00013517715707387254
1547.8700000000001	0.00013516374747268842
1547.875	0.00013506280854779884
1547.8799999999999	0.00013499057340890565
1547.885	0.00013503430992934154
1547.8899999999999	0.00013485767879919502
1547.895	0.0001345538980549843
1547.9	0.0001344426399386235
1547.905	0.00013430954810181677
1547.9099999999999	0.00013445027382192324
1547.915	0.0001346885157461363
1547.9199999999998	0.00013491304164841566
1547.9250000000002	0.0001349670928902925
1547.93	0.00013487099083702044
1547.935	0.00013467921503770158
1547.94	0.00013380645644786866
1547.945	0.00013356727569911162
1547.95	0.00013327938084995212
1547.9550000000002	0.00013310858740021034
1547.96	0.0001330085935406525
1547.965	0.00013301556611449426
1547.97	0.00013314343522224925
1547.975	0.00013329009958953035
1547.98	0.0001333810120633113
1547.9850000000001	0.00013332968568546054
1547.99	0.00013330436195246873
1547.995	0.00013316671952423662
1548	0.00013290122888809502
1548.0049999999999	0.00013275617757645047
1548.01	0.00013273761702843463
1548.015	0.00013269573313675996
1548.02	0.00013286669489564727
1548.0249999999999	0.00013314563023033828
1548.03	0.00013348714764889458
1548.0349999999999	0.0001336980384039582
1548.0400000000002	0.00013381091410608867
1548.045	0.0001340459659525526
1548.05	0.0001342103404375994
1548.055	0.00013408189000254468
1548.06	0.00013388425450761428
1548.0649999999998	0.00013378479561656592
1548.0700000000002	0.0001337847402743851
1548.075	0.0001339617118851788
1548.08	0.00013436502462441465
1548.085	0.00013504899577165076
1548.09	0.00013553214915345082
1548.095	0.00013572979779438748
1548.1000000000001	0.00013563068731220167
1548.105	0.00013541685315303286
1548.11	0.0001352295784911565
1548.115	0.00013477935867001737
1548.12	0.00013473199709392316
1548.125	0.00013466090726225197
1548.13	0.00013501429461740486
1548.135	0.00013528962152233642
1548.14	0.00013570906242099936
1548.145	0.00013612527804901658
1548.1499999999999	0.00013601372427252706
1548.1550000000002	0.00013589574362632246
1548.16	0.00013563862421641097
1548.165	0.0001353826082948188
1548.17	0.00013505918127681535
1548.175	0.00013502443237499304
1548.1799999999998	0.00013486859071768964
1548.1850000000002	0.00013484395842176732
1548.19	0.00013473601068912688
1548.195	0.000134809551087311
1548.2	0.00013506592179917719
1548.205	0.00013503378937616326
1548.2099999999998	0.0001349043420508083
1548.2150000000001	0.00013490068925183836
1548.22	0.00013473752886301643
1548.225	0.00013462293283449033
1548.23	0.00013459848171707992
1548.235	0.00013471911812906555
1548.2399999999998	0.00013489443113430988
1548.2450000000001	0.00013497241579641715
1548.25	0.0001351011815003966
1548.255	0.00013499019285710461
1548.26	0.00013483001870970063
1548.2649999999999	0.00013490004493320952
1548.27	0.00013467913775233264
1548.275	0.0001345737546281994
1548.28	0.00013449775722904734
1548.285	0.00013472079428557168
1548.29	0.00013495207412751994
1548.2949999999998	0.0001353162847594417
1548.3	0.00013599739868424787
1548.305	0.00013663567528216823
1548.31	0.0001366804822890281
1548.315	0.00013653148684588374
1548.32	0.000136721188145636
1548.3249999999998	0.0001367818040285663
1548.3300000000002	0.00013677983533032237
1548.335	0.00013678104683684196
1548.34	0.00013689437614729732
1548.345	0.00013714680305482418
1548.35	0.0001372377155286054
1548.3549999999998	0.00013736103046317632
1548.3600000000001	0.00013745712733327325
1548.365	0.00013746803141234288
1548.3700000000001	0.0001373769911604338
1548.375	0.00013721388921108147
1548.3799999999999	0.00013703176054596835
1548.385	0.00013677461541123298
1548.39	0.00013649931643281444
1548.395	0.00013643422384367008
1548.4	0.00013638310831052479
1548.405	0.0001366399958864615
1548.4099999999999	0.00013685046810477528
1548.415	0.00013703593569088966
1548.42	0.00013720962618330622
1548.425	0.0001371733553266628
1548.43	0.00013713715998422282
1548.435	0.00013702068084466088
1548.4399999999998	0.00013670051976549794
1548.445	0.00013623081034907497
1548.45	0.00013563670901348008
1548.455	0.0001351624576926949
1548.46	0.00013503598448280293
1548.465	0.00013539874423308882
1548.47	0.00013574522174561888
1548.4750000000001	0.00013652100959492494
1548.48	0.0001370387288256622
1548.4850000000001	0.00013750143986101485
1548.49	0.00013773118842904538
1548.495	0.0001378644826845184
1548.5	0.00013789924560114733
1548.505	0.00013773344903559814
1548.51	0.00013748565163085818
1548.515	0.0001373410093442798
1548.52	0.00013733351929962973
1548.5249999999999	0.00013739594152584176
1548.53	0.00013751038202448776
1548.535	0.00013775918704988239
1548.54	0.00013784559753258046
1548.545	0.00013787688659115695
1548.55	0.0001377949471766527
1548.5549999999998	0.00013774198038554473
1548.56	0.00013757406731020478
1548.565	0.0001373887834278604
1548.57	0.00013732639258044735
1548.575	0.00013723631342478217
1548.58	0.00013696953831647562
1548.585	0.00013676375193572157
1548.59	0.00013665393067094082
1548.595	0.00013662284016877915
1548.6000000000001	0.0001367137845760694
1548.605	0.00013687298437887817
1548.61	0.00013701270527759923
1548.615	0.00013736882411262365
1548.6200000000001	0.00013753655782813468
1548.625	0.00013718895343230416
1548.63	0.00013683949842009552
1548.635	0.00013685249590637372
1548.6399999999999	0.00013655443733931973
1548.645	0.00013689007995594307
1548.65	0.00013722513726741582
1548.655	0.0001379024919478382
1548.66	0.0001384843754315192
1548.665	0.00013884312796569068
1548.6699999999998	0.00013914318521978807
1548.675	0.00013940106146037587
1548.68	0.00013940568545365716
1548.685	0.00013945192541877104
1548.69	0.0001395005362328278
1548.695	0.00013961959564650378
1548.7	0.00013978725393238716
1548.705	0.00014015912889933237
1548.71	0.0001404592411528589
1548.7150000000001	0.00014070136713723776
1548.72	0.00014093435418437386
1548.725	0.00014100222000879194
1548.73	0.00014103547656531956
1548.735	0.00014097580260220014
1548.74	0.0001404916984029115
1548.7450000000001	0.0001404916984029115
1548.75	0.000140493522434549
1548.7549999999999	0.0001405853673274893
1548.76	0.0001407036782040407
1548.7649999999999	0.00014108242951915874
1548.77	0.00014139514258010115
1548.775	0.00014170822178744414
1548.78	0.0001418337521839443
1548.7849999999999	0.00014183489840483417
1548.79	0.00014145674653946779
1548.795	0.00014098010303078222
1548.8	0.00014065616999468596
1548.805	0.00014057830880976458
1548.81	0.00014066787055175723
1548.815	0.00014098505969855835
1548.82	0.00014140575510002178
1548.825	0.00014227661685684833
1548.8300000000002	0.0001427220065073342
1548.835	0.0001430778236649002
1548.84	0.00014290395171700506
1548.845	0.00014253795964561542
1548.85	0.00014231428471106448
1548.855	0.00014173339169099868
1548.8600000000001	0.00014153007571471722
1548.865	0.000141336480753397
1548.87	0.00014144375296348463
1548.875	0.00014159344201779097
1548.8799999999999	0.00014200297351577473
1548.885	0.00014248840839548767
1548.89	0.00014290130389023537
1548.895	0.00014307333666771274
1548.8999999999999	0.00014295189132894717
1548.905	0.0001427348011612748
1548.9099999999999	0.0001421883994035151
1548.915	0.00014138921107785955
1548.92	0.00014102269200792357
1548.925	0.0001406561670541594
1548.93	0.00014068946075379758
1548.935	0.00014081088856727708
1548.94	0.00014134018476170976
1548.9450000000002	0.0001419890540527828
1548.95	0.00014266399370825185
1548.955	0.00014337565258758735
1548.96	0.00014390928779233627
1548.965	0.00014405892895887474
1548.97	0.00014398999629313222
1548.9750000000001	0.00014361895942584962
1548.98	0.00014329033245074179
1548.985	0.0001432352926605346
1548.99	0.00014365544877738815
1548.995	0.00014423832175989914
1549	0.00014505280860713934
1549.005	0.0001456301018820894
1549.01	0.0001456801546838846
1549.0149999999999	0.00014536548991001417
1549.02	0.00014519385877065352
1549.0249999999999	0.00014504711928322016
1549.03	0.0001449022323658095
1549.035	0.00014491087219568841
1549.04	0.00014487548735504278
1549.045	0.00014514209375983154
1549.05	0.00014546768698677967
1549.0549999999998	0.00014603160832848546
1549.0600000000002	0.00014654009981660435
1549.065	0.00014687219834118
1549.07	0.00014709402572703388
1549.075	0.0001473007001774463
1549.08	0.00014757604917639224
1549.085	0.00014766830720049743
1549.0900000000001	0.00014777215251788483
1549.095	0.00014810812717239947
1549.1	0.0001484537812030642
1549.105	0.00014878751659256912
1549.11	0.0001489893005675087
1549.115	0.00014918999227344444
1549.1200000000001	0.00014927499863173692
1549.125	0.0001493698557301275
1549.1299999999999	0.00014942557936459798
1549.135	0.00014944420278444339
1549.1399999999999	0.0001492974546175596
1549.145	0.00014949491834989983
1549.15	0.0001494848111223154
1549.155	0.00014976235077656175
1549.16	0.00015003780619649726
1549.165	0.00015038033920345865
1549.1699999999998	0.0001500748040166896
1549.1750000000002	0.00014967114032780662
1549.18	0.0001494022435698569
1549.185	0.00014915106457670285
1549.19	0.00014875816592983191
1549.195	0.00014893948776407339
1549.1999999999998	0.00014929409692938087
1549.2050000000002	0.0001498535560742053
1549.21	0.00015052177328461294
1549.215	0.00015107569972318296
1549.22	0.00015169284594312226
1549.225	0.00015212142411293842
1549.2299999999998	0.00015238012407097255
1549.2350000000001	0.0001525589203523174
1549.24	0.0001522378183715738
1549.245	0.00015178205866392977
1549.25	0.0001513263269187913
1549.2549999999999	0.0001512369490292526
1549.26	0.0001512719877495685
1549.265	0.00015123766381549297
1549.27	0.000151489640773587
1549.275	0.00015169903500176254
1549.28	0.0001517970365625491
1549.2849999999999	0.00015209548574697084
1549.2900000000002	0.00015244259035907478
1549.295	0.00015268056153943378
1549.3	0.00015289134461225388
1549.305	0.00015306773710004954
1549.31	0.00015321524261279195
1549.3149999999998	0.00015311064781651487
1549.3200000000002	0.00015309544105388217
1549.325	0.00015329217420601183
1549.33	0.00015343438094402565
1549.335	0.00015338440103886445
1549.34	0.00015316551491294472
1549.3449999999998	0.00015301303059909535
1549.3500000000001	0.00015299041691435155
1549.355	0.00015297281631081105
1549.36	0.00015282025179889227
1549.365	0.00015270302538671193
1549.37	0.0001527923983845572
1549.375	0.00015310337239548405
1549.38	0.00015335231339156578
1549.385	0.00015356716658949837
1549.39	0.00015384172075913615
1549.395	0.0001540310745155887
1549.3999999999999	0.00015409380092912554
1549.405	0.00015402386698766166
1549.41	0.00015403326700640639
1549.415	0.00015403339577055612
1549.42	0.00015393122678523773
1549.425	0.00015370869734648163
1549.4299999999998	0.00015346783686400449
1549.435	0.00015339730532749427
1549.44	0.0001534776545418097
1549.445	0.0001531702137565127
1549.45	0.0001536762360162433
1549.455	0.00015366951769449258
1549.4599999999998	0.00015381675420159257
1549.4650000000001	0.0001538135648645819
1549.47	0.0001539845845985761
1549.475	0.0001542818107235565
1549.48	0.00015451433588781392
1549.485	0.00015462578575892012
1549.49	0.00015453914544531988
1549.4950000000001	0.00015430967987134592
1549.5	0.00015410131756642167
1549.505	0.00015398624369866484
1549.51	0.00015395454829558727
1549.5149999999999	0.0001542215390521956
1549.52	0.00015480571698370368
1549.525	0.00015528784183582446
1549.53	0.000155238842119244
1549.535	0.000155305896141391
1549.54	0.00015512560644345084
1549.5449999999998	0.0001544242887479047
1549.55	0.00015372560673657026
1549.555	0.0001535747910397028
1549.56	0.00015374209883860958
1549.565	0.00015443210685935264
1549.57	0.00015496435768333909
1549.5749999999998	0.00015577302442067536
1549.58	0.00015634377574435602
1549.585	0.0001566131447972356
1549.5900000000001	0.00015650596472436542
1549.595	0.00015611144834881793
1549.6	0.00015550962954323183
1549.605	0.00015507625927700409
1549.6100000000001	0.0001549386500707213
1549.615	0.0001547155596267814
1549.6200000000001	0.0001554346077338395
1549.625	0.00015631299734402153
1549.6299999999999	0.00015749456353878502
1549.635	0.00015831932372331115
1549.64	0.00015892254237848884
1549.645	0.00015901922845933212
1549.65	0.00015893731261763967
1549.655	0.00015865327319638126
1549.6599999999999	0.00015811372676446857
1549.665	0.00015758047242688395
1549.67	0.00015750252125781427
1549.675	0.00015748214256107527
1549.68	0.00015802512842974888
1549.685	0.00015880472796051196
1549.6899999999998	0.00015978956990420645
1549.695	0.00015997974552005992
1549.7	0.00016003515978158246
1549.7050000000002	0.00015969222357684304
1549.71	0.00015917160785009401
1549.715	0.00015869590036300652
1549.72	0.00015871034701308537
1549.725	0.0001588444283600004
1549.73	0.00015903214805666223
1549.7350000000001	0.0001592830664905956
1549.74	0.00015946926951600495
1549.745	0.00015986999915397222
1549.75	0.0001601116849024264
1549.755	0.00016022944413914193
1549.76	0.00016022503239740554
1549.765	0.00015996736780585243
1549.77	0.00015927110402839273
1549.7749999999999	0.0001584046633789606
1549.78	0.00015787001759929778
1549.785	0.0001575671331661428
1549.79	0.00015740586941352533
1549.795	0.00015732839954242587
1549.8	0.00015769812248817705
1549.8049999999998	0.00015804916399492176
1549.81	0.00015820278752452744
1549.815	0.00015838487510082104
1549.8200000000002	0.00015866950993471724
1549.825	0.00015884764515438225
1549.83	0.0001589192870556006
1549.835	0.00015892487135715766
1549.84	0.00015875353590824029
1549.845	0.00015830977162824853
1549.8500000000001	0.00015804298805629854
1549.855	0.00015831955183722343
1549.86	0.00015886102582638787
1549.865	0.00015949700234452096
1549.87	0.00016027412690816973
1549.875	0.00016050638676076636
1549.88	0.00016087541119248546
1549.885	0.00016090674334949531
1549.8899999999999	0.00016115975447936046
1549.895	0.00016124410068717602
1549.8999999999999	0.0001612491614650934
1549.905	0.0001614004409244219
1549.91	0.00016147045216168888
1549.915	0.00016170523219550314
1549.9199999999998	0.00016201269016199337
1549.925	0.00016238110399026024
1549.93	0.00016269391521873676
1549.9350000000002	0.0001629595790099419
1549.94	0.00016300129937008037
1549.945	0.00016301805226111746
1549.95	0.00016291412734278828
1549.955	0.00016306422060461062
1549.96	0.0001634850581246039
1549.9650000000001	0.00016323335216733264
1549.97	0.0001636613982178604
1549.975	0.00016359129222626238
1549.98	0.00016364387884421668
1549.985	0.000163448246909194
1549.99	0.000163357774374707
1549.9950000000001	0.00016330218777878874
1550	0.00016325451147856194
1550.0049999999999	0.00016350231230813142
1550.01	0.0001638923171698477
1550.0149999999999	0.00016423244214095785
1550.02	0.0001647936514403386
1550.025	0.00016504738933763918
1550.03	0.00016485831200491267
1550.0349999999999	0.0001642140754386438
1550.04	0.00016350590698607775
1550.0449999999998	0.0001627465172118327
1550.0500000000002	0.00016221317812925814
1550.055	0.00016217438676817511
1550.06	0.0001624700615240971
1550.065	0.0001629122281794867
1550.07	0.00016346142866947727
1550.075	0.00016427798522034926
1550.0800000000002	0.00016459252217321295
1550.085	0.00016501510978344502
1550.09	0.00016495307985929858
1550.095	0.00016482361362657775
1550.1	0.00016443479973957898
1550.105	0.0001641218201413712
1550.1100000000001	0.0001640120889155189
1550.115	0.00016403501186002523
1550.12	0.00016409696468448946
1550.125	0.0001641583550826239
1550.1299999999999	0.00016440934045606394
1550.135	0.0001648043163803415
1550.14	0.00016467560675718264
1550.145	0.00016500551022714994
1550.1499999999999	0.00016475553959622164
1550.155	0.00016478202539891066
1550.1599999999999	0.00016461113651998707
1550.1650000000002	0.0001646326403378054
1550.17	0.0001646600068680809
1550.175	0.0001644695383169416
1550.18	0.00016449306773402497
1550.185	0.00016452903189741733
1550.1899999999998	0.00016442192041649217
1550.1950000000002	0.00016421704639271967
1550.2	0.000164308685881436
1550.205	0.00016429452807088755
1550.21	0.0001642349270917798
1550.215	0.00016407135928242275
1550.22	0.00016419241953464285
1550.2250000000001	0.00016401044303727453
1550.23	0.00016382876555984835
1550.235	0.00016350733466166545
1550.24	0.0001630114952520591
1550.245	0.00016225546803980262
1550.25	0.00016197396269135338
1550.255	0.00016163892115335943
1550.26	0.00016145830764248352
1550.2649999999999	0.00016129301436061251
1550.27	0.00016129908221710406
1550.2749999999999	0.0001612855983452911
1550.2800000000002	0.00016124501976870785
1550.285	0.00016116815866481552
1550.29	0.00016092457206654757
1550.295	0.00016047678484391913
1550.3	0.00015994247444421197
1550.3049999999998	0.00015952402327109794
1550.3100000000002	0.00015924442586095163
1550.315	0.00015916179109038043
1550.32	0.00015953167490024702
1550.325	0.00016000261992469203
1550.33	0.00016034681380936897
1550.3349999999998	0.00016052325953592203
1550.3400000000001	0.00016066629904184872
1550.345	0.00016052663092722274
1550.35	0.00016002016030005386
1550.355	0.00015936383794888675
1550.36	0.00015854476527228184
1550.3649999999998	0.00015767258927492067
1550.3700000000001	0.00015729431370702253
1550.375	0.00015772983626054975
1550.38	0.00015876030695319393
1550.385	0.00016006749889429327
1550.3899999999999	0.0001610544535490475
1550.395	0.00016134568723052476
1550.4	0.00016102109973157235
1550.405	0.0001605207525788256
1550.41	0.00016021183287080387
1550.415	0.00016012278501875685
1550.4199999999998	0.00016016032895222785
1550.425	0.00016036473868839712
1550.43	0.00016109478402220724
1550.435	0.00016172473547010745
1550.44	0.00016227527517597654
1550.445	0.00016256707852306516
1550.4499999999998	0.0001626022037461298
1550.4550000000002	0.00016242187877981145
1550.46	0.00016201723441949147
1550.465	0.00016146684959645393
1550.47	0.00016104319017658066
1550.475	0.00016096659065266403
1550.4799999999998	0.00016114782761168016
1550.4850000000001	0.00016152449063910293
1550.49	0.000161979032467848
1550.4950000000001	0.00016201478391340555
1550.5	0.0001623543979619773
1550.5049999999999	0.00016215284864935352
1550.51	0.00016189279269520458
1550.515	0.0001613564355787096
1550.52	0.000160975017961521
1550.525	0.00016053546073821243
1550.53	0.00016026724946572443
1550.5349999999999	0.0001602453786666478
1550.54	0.00016058428867315785
1550.545	0.0001613427953626272
1550.55	0.000162149198761163
1550.555	0.00016308172774940412
1550.56	0.00016376496858825593
1550.5649999999998	0.00016405700823848423
1550.57	0.00016400089294095976
1550.575	0.00016365050581826265
1550.58	0.00016319722093065551
1550.585	0.00016285044149654603
1550.59	0.00016268931819771632
1550.5949999999998	0.0001625728979747256
1550.6000000000001	0.00016271950323472253
1550.605	0.00016315432147905517
1550.6100000000001	0.00016334885030551828
1550.615	0.0001635779666560952
1550.62	0.00016367438022115487
1550.625	0.0001637128612694868
1550.63	0.0001634756113549188
1550.635	0.00016330969812381
1550.64	0.00016313904723692048
1550.645	0.0001630033388964708
1550.6499999999999	0.00016280874841737513
1550.655	0.00016295864544957624
1550.66	0.00016315714381433334
1550.665	0.00016287818680130585
1550.67	0.00016298133749271152
1550.675	0.00016283176900969812
1550.6799999999998	0.0001628709662568086
1550.685	0.00016281302840815548
1550.69	0.00016260794992460623
1550.695	0.00016254214686612666
1550.7	0.00016228045042881672
1550.705	0.00016207633696911072
1550.71	0.00016185378297810796
1550.715	0.00016158721967822107
1550.72	0.00016140030030091772
1550.7250000000001	0.00016119875630737777
1550.73	0.0001606883941946269
1550.735	0.00016004592804535713
1550.74	0.00015966096979622615
1550.7450000000001	0.00015962217003107068
1550.75	0.00015940761660991506
1550.755	0.00015985459318715648
1550.76	0.00016029871819888235
1550.7649999999999	0.0001610469855032172
1550.77	0.00016166586166719722
1550.775	0.00016217006431966496
1550.78	0.00016236893133118692
1550.785	0.0001623896929129702
1550.79	0.0001622992996723904
1550.7949999999998	0.00016216007535893657
1550.8	0.00016202318938781721
1550.805	0.00016189461141609846
1550.81	0.00016192492379544634
1550.815	0.00016234900722463764
1550.82	0.00016265519452120664
1550.825	0.00016304789872263612
1550.83	0.0001634048405943134
1550.835	0.00016370149145922183
1550.8400000000001	0.00016390483752700034
1550.845	0.00016345123975218152
1550.85	0.00016323107469341398
1550.855	0.00016267682023545706
1550.86	0.0001625443708588921
1550.865	0.00016209248232937015
1550.8700000000001	0.00016213972823461137
1550.875	0.0001623546072971552
1550.8799999999999	0.00016263338103630242
1550.885	0.0001629297689800276
1550.8899999999999	0.00016315412813439634
1550.895	0.00016334956859599052
1550.9	0.00016336388188029153
1550.905	0.0001635166078919075
1550.9099999999999	0.00016328541605274558
1550.915	0.00016287494156489902
1550.92	0.0001624348366227288
1550.925	0.00016224635257861385
1550.93	0.0001619455288403607
1550.935	0.00016190940263931171
1550.94	0.0001620425836128519
1550.945	0.00016205251579525345
1550.95	0.00016204903972168318
1550.9550000000002	0.00016232643177894974
1550.96	0.00016214099355904885
1550.965	0.000162158528935789
1550.97	0.00016186183907025277
1550.975	0.00016186012924786406
1550.98	0.00016153762018259753
1550.9850000000001	0.0001612811191644916
1550.99	0.00016109202821988313
1550.995	0.0001609197760786331
1551	0.00016070778134061157
1551.0049999999999	0.00016066059945621136
1551.01	0.0001610882370389823
1551.015	0.00016098597553587416
1551.02	0.00016144581601033038
1551.0249999999999	0.00016125171546490347
1551.03	0.000161359712096117
1551.0349999999999	0.00016099777972173167
1551.04	0.0001606913318460559
1551.045	0.00016059848999435197
1551.05	0.00016042233769544473
1551.055	0.0001602129245340618
1551.06	0.0001602319627737959
1551.065	0.0001602976813005223
1551.0700000000002	0.00016071122771768026
1551.075	0.0001613496098384418
1551.08	0.0001616833531782904
1551.085	0.00016152244230486145
1551.09	0.0001612507674861342
1551.095	0.00016064872766363513
1551.1000000000001	0.00015967761349788977
1551.105	0.0001591019322204463
1551.11	0.00015901427833106977
1551.115	0.00015953439019255217
1551.12	0.00015994557904032146
1551.125	0.00016071819787084486
1551.13	0.0001612590453055079
1551.135	0.0001616057859920996
1551.1399999999999	0.00016164028174692018
1551.145	0.00016121213070777743
1551.1499999999999	0.00016066552060138854
1551.155	0.00015967580846693128
1551.16	0.00015879811630582031
1551.165	0.00015831537368199343
1551.17	0.00015822760178707548
1551.175	0.00015844377443265996
1551.1799999999998	0.00015873935473362436
1551.1850000000002	0.00015921737139329184
1551.19	0.00015956654614099426
1551.195	0.00015959940818733898
1551.2	0.00015948580135551765
1551.205	0.00015904033121470542
1551.21	0.00015866153746203884
1551.2150000000001	0.0001580691225979602
1551.22	0.00015758397362183437
1551.225	0.00015740518574602905
1551.23	0.00015738696400512928
1551.235	0.00015750704638479966
1551.24	0.0001579015703643097
1551.2450000000001	0.00015847141246504496
1551.25	0.00015893959010821013
1551.2549999999999	0.00015903096581856678
1551.26	0.00015861932880429424
1551.2649999999999	0.00015779733082531551
1551.27	0.0001568783482409525
1551.275	0.00015650190408388387
1551.28	0.0001564710037157403
1551.285	0.00015676153367774493
1551.29	0.00015761716551460843
1551.2949999999998	0.0001585001757023557
1551.3000000000002	0.00015943740917054284
1551.305	0.00015998148645311966
1551.31	0.0001602514909103833
1551.315	0.00015989349652327677
1551.32	0.00015927480340806481
1551.3249999999998	0.0001584392294602185
1551.3300000000002	0.00015764306270126267
1551.335	0.0001569895801028316
1551.34	0.00015694979465012766
1551.345	0.0001574445108000623
1551.35	0.0001581143781131257
1551.355	0.00015894633014478624
1551.3600000000001	0.00015960290547793114
1551.365	0.00016009333651581992
1551.37	0.00016005126234471385
1551.375	0.00016008140168176282
1551.3799999999999	0.0001597571684626536
1551.385	0.00015942513308138192
1551.39	0.00015871288623328837
1551.395	0.0001581400337352413
1551.4	0.0001578390410831924
1551.405	0.0001577907368358747
1551.4099999999999	0.0001578167908752433
1551.4150000000002	0.00015783000739505185
1551.42	0.0001578882903463116
1551.425	0.00015819145416515458
1551.43	0.00015808418572257552
1551.435	0.0001578361744828525
1551.4399999999998	0.00015745656980186183
1551.4450000000002	0.00015747596388302997
1551.45	0.00015756643700213903
1551.455	0.00015760666256498613
1551.46	0.0001581739633832634
1551.465	0.00015855958915100019
1551.4699999999998	0.00015887651103824583
1551.4750000000001	0.0001589056270076157
1551.48	0.00015919637557732929
1551.485	0.00015921890412508823
1551.49	0.00015922377428417785
1551.495	0.0001591605647670287
1551.5	0.00015929396403370496
1551.505	0.00015954877168527669
1551.51	0.00015980222605034583
1551.515	0.00016015131184297457
1551.52	0.00016058796475216112
1551.5249999999999	0.00016081550379028084
1551.53	0.00016110165595390383
1551.535	0.00016115585564169916
1551.54	0.00016129814104165973
1551.545	0.00016124700663008198
1551.55	0.0001611001595654138
1551.5549999999998	0.0001610642718137215
1551.56	0.00016116475743518265
1551.565	0.00016112261410321813
1551.57	0.00016095081240755495
1551.575	0.00016098937209937388
1551.58	0.0001610392372864441
1551.5849999999998	0.00016107187516479465
1551.5900000000001	0.00016117763394234575
1551.595	0.00016110991327136445
1551.6	0.00016085465147381688
1551.605	0.00016042750215949485
1551.61	0.00016005563733437764
1551.615	0.00015967701426464144
1551.6200000000001	0.00015918513333894403
1551.625	0.0001593117194301047
1551.63	0.00015959593195622707
1551.635	0.00015999039721479178
1551.6399999999999	0.00016028506349311894
1551.645	0.00016041227521125973
1551.65	0.00016021079280114075
1551.655	0.00015976924874118835
1551.66	0.0001593523915888317
1551.665	0.00015893460789576203
1551.6699999999998	0.00015857304868209027
1551.675	0.0001583553031560726
1551.68	0.00015838723941288596
1551.685	0.00015856661911437024
1551.69	0.00015878253658596628
1551.695	0.00015944100466847028
1551.6999999999998	0.000159877729026712
1551.705	0.00016035819009768365
1551.71	0.0001604326777577562
1551.715	0.00016048928591185145
1551.72	0.00015981197598631964
1551.725	0.00015947366033616797
1551.73	0.00015917519342640207
1551.7350000000001	0.0001593174802495894
1551.74	0.00015930875429380365
1551.7450000000001	0.00015945768795880863
1551.75	0.00015980305832249793
1551.7549999999999	0.00015986079587624626
1551.76	0.00016016318871853126
1551.765	0.0001602844593154396
1551.77	0.00016036220453495827
1551.775	0.00016019429313018918
1551.78	0.00016015568558421008
1551.7849999999999	0.00016016583883468152
1551.79	0.00016018698278034776
1551.795	0.0001603489755418006
1551.8	0.0001604484580173518
1551.805	0.00016018201533609733
1551.81	0.00016000727192556926
1551.8149999999998	0.00015999288913080693
1551.82	0.0001600085307784632
1551.825	0.00015984072125717024
1551.83	0.00015959904353377916
1551.835	0.00015947156019047444
1551.84	0.00015928549987406456
1551.845	0.00015936124382604004
1551.85	0.00015921810555989064
1551.855	0.00015921730959809842
1551.8600000000001	0.00015929417286767876
1551.865	0.00015941932636623476
1551.87	0.00015974235371669256
1551.875	0.00016025767542639731
1551.88	0.00016057785688876797
1551.885	0.00016078023833621623
1551.89	0.0001605781743825816
1551.895	0.00016060339882417962
1551.8999999999999	0.00016009471869735825
1551.905	0.00015964003757967565
1551.91	0.00015920049125592463
1551.915	0.00015919071891694708
1551.92	0.0001592864325467165
1551.925	0.00015940165999923166
1551.9299999999998	0.00015980460348810578
1551.935	0.00016029634810001386
1551.94	0.00016103012597049895
1551.9450000000002	0.00016162156722727297
1551.95	0.0001617651513923036
1551.955	0.00016139137471589542
1551.96	0.00016104665906476322
1551.965	0.00016076397814629483
1551.97	0.0001604299733325116
1551.9750000000001	0.00016042090095060032
1551.98	0.00016076796502832125
1551.985	0.0001610473774607444
1551.99	0.0001614100515670617
1551.995	0.00016166356972430887
1552	0.00016181912795898556
1552.005	0.0001614399611773327
1552.01	0.00016101809779262583
1552.0149999999999	0.0001604311838088712
1552.02	0.00016018797304205573
1552.0249999999999	0.00016005951330230316
1552.03	0.0001600393346327679
1552.035	0.00016008595497311602
1552.04	0.00016055361923703968
1552.0449999999998	0.00016141776558467683
1552.05	0.0001621788425337571
1552.055	0.00016259741864449662
1552.0600000000002	0.0001626633695630896
1552.065	0.00016267982997169106
1552.07	0.000162296708161676
1552.075	0.0001617384455987689
1552.08	0.00016121450430311873
1552.085	0.0001609829616708744
1552.0900000000001	0.0001609475356947138
1552.095	0.00016124240676243363
1552.1	0.00016207072512694094
1552.105	0.000162705005701035
1552.11	0.00016314771656129672
1552.115	0.00016322178999642737
1552.1200000000001	0.00016279746200681348
1552.125	0.00016185028564376917
1552.1299999999999	0.00016091706017376533
1552.135	0.00016044756678643861
1552.1399999999999	0.00016057887048618493
1552.145	0.00016144836461803974
1552.15	0.00016261144433928214
1552.155	0.0001637296190739771
1552.1599999999999	0.00016471766858830567
1552.165	0.00016484312148445782
1552.1699999999998	0.00016428409492664895
1552.1750000000002	0.00016336842721070998
1552.18	0.00016239340773992295
1552.185	0.00016143188032329816
1552.19	0.00016058023504987148
1552.195	0.00016013448877910485
1552.2	0.00016005741380741196
1552.2050000000002	0.00016053336877024956
1552.21	0.0001612551082848599
1552.215	0.00016213600377729885
1552.22	0.00016307695002433907
1552.225	0.00016377885156295432
1552.23	0.0001639488618820906
1552.2350000000001	0.00016381898690978237
1552.24	0.00016324333358048684
1552.245	0.00016265443303436223
1552.25	0.00016146942047418276
1552.2549999999999	0.00016081505923468313
1552.26	0.00016055045065032402
1552.265	0.00016080428715928305
1552.27	0.00016086738251506073
1552.2749999999999	0.00016133998749764
1552.28	0.00016180831163354622
1552.2849999999999	0.00016231031961891807
1552.2900000000002	0.00016269733896479013
1552.295	0.00016268331665336098
1552.3	0.00016232904167508302
1552.305	0.00016179280442986686
1552.31	0.00016126373836907024
1552.3149999999998	0.00016074233432682275
1552.3200000000002	0.00016034328051894156
1552.325	0.00016003833187974866
1552.33	0.0001602362709579782
1552.335	0.0001604681911179073
1552.34	0.0001607664258945493
1552.345	0.0001611762518645596
1552.3500000000001	0.00016143809667738774
1552.355	0.00016146850920792282
1552.36	0.00016143240644512003
1552.365	0.00016153852630475216
1552.37	0.00016153025269910205
1552.375	0.00016186410946837486
1552.38	0.0001619821996332699
1552.385	0.0001622857855176828
1552.3899999999999	0.00016238481083261953
1552.395	0.0001624880635834201
1552.3999999999999	0.00016268576418322398
1552.4050000000002	0.00016293048565581451
1552.41	0.00016314936002871026
1552.415	0.00016329785470616776
1552.42	0.00016378148945928787
1552.425	0.00016399356530693917
1552.4299999999998	0.00016462935633853568
1552.4350000000002	0.00016499851087281242
1552.44	0.00016559336786034541
1552.445	0.00016598335296779887
1552.45	0.00016656869423130677
1552.455	0.00016693614570628755
1552.4599999999998	0.00016728995372696564
1552.4650000000001	0.00016750599606250445
1552.47	0.00016753180534739975
1552.475	0.00016742294539122431
1552.48	0.0001674868663742331
1552.485	0.00016756041440607166
1552.4899999999998	0.00016794336257688742
1552.4950000000001	0.00016845110401370156
1552.5	0.0001689549729357217
1552.5049999999999	0.00016908012912608672
1552.51	0.00016891921407469497
1552.5149999999999	0.00016861885438986898
1552.52	0.00016822915460919209
1552.525	0.00016764384545033055
1552.53	0.0001669806287281096
1552.535	0.0001665112972334169
1552.54	0.0001661122369438467
1552.5449999999998	0.00016622600642124491
1552.5500000000002	0.0001665651652433218
1552.555	0.00016691059464016262
1552.56	0.00016697040216159153
1552.565	0.0001667654880810799
1552.57	0.00016630821095806766
1552.5749999999998	0.00016570239010639615
1552.5800000000002	0.00016487958598716723
1552.585	0.00016401968639587281
1552.59	0.00016343038277576743
1552.595	0.00016310030613637244
1552.6	0.00016318952642904586
1552.6049999999998	0.00016369693644147703
1552.6100000000001	0.00016427517082900624
1552.615	0.00016523549350806713
1552.6200000000001	0.00016567435281331674
1552.625	0.00016632028003430534
1552.6299999999999	0.00016636803271887355
1552.635	0.00016633418492176
1552.64	0.00016632676124572746
1552.645	0.00016628706886404727
1552.65	0.00016612612204176724
1552.655	0.0001658940881995616
1552.6599999999999	0.00016592588312369018
1552.665	0.000166204862464517
1552.67	0.0001666088523536378
1552.675	0.00016705330922613216
1552.68	0.00016735597644740015
1552.685	0.00016759342707900682
1552.6899999999998	0.00016776585778108895
1552.695	0.0001679719906719465
1552.7	0.00016834920066497805
1552.705	0.00016877550040571718
1552.71	0.00016908784392954376
1552.715	0.00016910430926032985
1552.7199999999998	0.00016928100032272294
1552.7250000000001	0.00016961271126700358
1552.73	0.00017015706154831686
1552.7350000000001	0.0001705791527095098
1552.74	0.00017098424716339473
1552.745	0.00017173791216063263
1552.75	0.0001721501404788007
1552.755	0.0001726236022072396
1552.76	0.0001725290146415023
1552.765	0.00017248905681723872
1552.77	0.0001721889540990213
1552.7749999999999	0.0001718629261279333
1552.78	0.00017170941608756653
1552.785	0.0001717723898550594
1552.79	0.0001720361202749832
1552.795	0.00017238326830575434
1552.8	0.00017302339284897377
1552.8049999999998	0.00017334426953284404
1552.81	0.0001737311614867146
1552.815	0.0001738034188864101
1552.82	0.00017343662334187983
1552.825	0.00017268311634146118
1552.83	0.0001720251122467749
1552.8349999999998	0.00017155635645030526
1552.84	0.00017154743545532306
1552.845	0.00017228047357440378
1552.8500000000001	0.00017280631132815524
1552.855	0.00017327237754035415
1552.86	0.00017365232015126837
1552.865	0.0001738430879101178
1552.8700000000001	0.00017387169646099194
1552.875	0.00017346210718937832
1552.88	0.0001732558271851175
1552.885	0.0001731360987263402
1552.8899999999999	0.0001730850199005238
1552.895	0.00017336470147557664
1552.9	0.0001737011999186575
1552.905	0.00017451532760454888
1552.91	0.0001752681211610386
1552.915	0.00017579909967108486
1552.9199999999998	0.00017617149081783796
1552.925	0.00017623495660728172
1552.93	0.0001759201959155614
1552.935	0.0001753253796785103
1552.94	0.00017483267249912787
1552.945	0.00017453426003325993
1552.9499999999998	0.0001743407491832069
1552.955	0.00017456895630812053
1552.96	0.0001749833297591851
1552.9650000000001	0.00017577231787604947
1552.97	0.00017660119914660906
1552.975	0.00017728656160435517
1552.98	0.0001777563667610913
1552.985	0.00017779574287940473
1552.99	0.00017769092589301234
1552.9950000000001	0.0001772390115543451
1553	0.00017651701055248028
1553.0049999999999	0.00017604282072882543
1553.01	0.00017629568655468412
1553.015	0.0001770402278301713
1553.02	0.0001778813330182267
1553.025	0.0001791431871534863
1553.03	0.00018022070865918814
1553.0349999999999	0.00018067284254193072
1553.04	0.0001805036524294617
1553.045	0.0001798874171982242
1553.05	0.00017900431375175165
1553.055	0.00017834830328767063
1553.06	0.00017801823787011418
1553.065	0.0001779778879473485
1553.07	0.00017846320403461444
1553.075	0.0001789820886267581
1553.0800000000002	0.00017997347425688376
1553.085	0.00018066289660929218
1553.09	0.00018149086992238147
1553.095	0.00018182290290853626
1553.1	0.0001815775176713594
1553.105	0.0001811305410599135
1553.1100000000001	0.00018031668275923028
1553.115	0.0001798067724009674
1553.12	0.00017865229942165445
1553.125	0.00017809769027075402
1553.1299999999999	0.00017789773857657714
1553.135	0.00017835419356075817
1553.14	0.0001787329377266381
1553.145	0.00017929996645842642
1553.1499999999999	0.00017988740651650893
1553.155	0.000180221629550775
1553.1599999999999	0.00018058619534681416
1553.165	0.00018070713916220967
1553.17	0.00018053337701773786
1553.175	0.00018004479754319978
1553.18	0.00017968233708371876
1553.185	0.00017959783012808263
1553.19	0.00017984324947428921
1553.1950000000002	0.00018095061243737683
1553.2	0.000181426066399358
1553.205	0.00018194335057540782
1553.21	0.00018180032201936164
1553.215	0.00018181855023211046
1553.22	0.0001812556875406729
1553.2250000000001	0.00018096780623890295
1553.23	0.0001809656796571307
1553.235	0.00018103598760425637
1553.24	0.0001813487195651678
1553.245	0.00018183781094613141
1553.25	0.00018211634540466477
1553.255	0.0001828561597569796
1553.26	0.00018324237955087447
1553.2649999999999	0.000183891914402096
1553.27	0.0001842756120535407
1553.2749999999999	0.00018449242943663468
1553.28	0.00018470763460851048
1553.285	0.00018484041354849707
1553.29	0.00018511821308512627
1553.295	0.000185636046808213
1553.3	0.000185636046808213
1553.3049999999998	0.00018631742616779853
1553.3100000000002	0.00018650613491249176
1553.315	0.0001869915183206741
1553.32	0.00018713786266744112
1553.325	0.00018714880085567045
1553.33	0.0001871657273449123
1553.335	0.00018706869236906527
1553.3400000000001	0.00018695946795688944
1553.345	0.00018690156234591688
1553.35	0.00018681207051710302
1553.355	0.0001869509987112685
1553.36	0.00018745838452272672
1553.365	0.00018806716213351865
1553.3700000000001	0.00018869730405945693
1553.375	0.000189528764747179
1553.3799999999999	0.0001899162598286896
1553.385	0.0001901164186319116
1553.3899999999999	0.0001899255845015517
1553.395	0.00018987645363901417
1553.4	0.0001896290004950433
1553.405	0.00018963817497353482
1553.41	0.0001898053342853669
1553.415	0.000189779130437172
1553.4199999999998	0.00018974818522110592
1553.4250000000002	0.00018972435888817566
1553.43	0.00018982307481978607
1553.435	0.00018966901035367338
1553.44	0.0001894821970114209
1553.445	0.00018920123933870153
1553.4499999999998	0.00018883934781208832
1553.4550000000002	0.00018822482961420713
1553.46	0.0001878190853648314
1553.465	0.00018771764839394425
1553.47	0.0001876484887967334
1553.475	0.00018790982462391038
1553.48	0.00018797531840241346
1553.4850000000001	0.0001880548120998355
1553.49	0.000187827329402782
1553.495	0.0001879021044764265
1553.5	0.00018779939274311735
1553.5049999999999	0.00018774865529730194
1553.51	0.0001875267262511702
1553.515	0.00018715371040045658
1553.52	0.00018690504237515562
1553.525	0.0001871487474607936
1553.53	0.00018759663869472666
1553.5349999999999	0.00018791832488129924
1553.5400000000002	0.00018832682686355286
1553.545	0.00018901095545915798
1553.55	0.00018911528168697787
1553.555	0.00018942707007112735
1553.56	0.00018967983228957675
1553.5649999999998	0.00019027905581848768
1553.5700000000002	0.00019055409059569515
1553.575	0.00019066791998354805
1553.58	0.0001909189347407439
1553.585	0.00019128675190859646
1553.59	0.00019171582622849043
1553.5949999999998	0.0001921663205966975
1553.6000000000001	0.00019256029707343376
1553.605	0.00019292511381990732
1553.61	0.000193233931919074
1553.615	0.00019375666156541075
1553.62	0.0001939363428297203
1553.6249999999998	0.00019406297359429148
1553.63	0.00019388816309405922
1553.635	0.00019364250303540126
1553.64	0.00019348490363624372
1553.645	0.00019324033355261208
1553.6499999999999	0.00019309156532838122
1553.655	0.0001934051240282078
1553.66	0.00019383972701311574
1553.665	0.00019449453544726427
1553.67	0.00019486668890737182
1553.675	0.0001952855690863651
1553.6799999999998	0.00019538006745278822
1553.685	0.00019538006745278822
1553.69	0.00019526683417969563
1553.695	0.00019474536391158004
1553.7	0.00019388121056181947
1553.705	0.00019326768668673363
1553.7099999999998	0.0001930716541613014
1553.7150000000001	0.00019310292950513463
1553.72	0.00019324810643951235
1553.725	0.00019407245079008941
1553.73	0.00019436691648954172
1553.735	0.0001949639673360559
1553.7399999999998	0.00019508506737036176
1553.7450000000001	0.000195096691180609
1553.75	0.00019474983128749137
1553.755	0.00019464568557101762
1553.76	0.00019454371604549252
1553.7649999999999	0.00019478472203662828
1553.77	0.0001949415508353087
1553.775	0.0001950689102212293
1553.78	0.0001954578548046846
1553.785	0.00019581631056205217
1553.79	0.00019633728118433408
1553.7949999999998	0.00019663159037593145
1553.8	0.00019659582176245763
1553.805	0.0001965486200151843
1553.81	0.00019650493898539217
1553.815	0.00019644385612597174
1553.82	0.0001963440396777016
1553.8249999999998	0.00019665458650421698
1553.83	0.0001972912826799785
1553.835	0.0001982071207947431
1553.84	0.00019904597578091867
1553.845	0.00020015374629527225
1553.85	0.0002009517243140516
1553.855	0.00020154062843180106
1553.8600000000001	0.00020163332360616422
1553.865	0.00020137546504086427
1553.8700000000001	0.00020084228669363152
1553.875	0.00020034325817625166
1553.8799999999999	0.00020043702547120358
1553.885	0.00020088678215553338
1553.89	0.00020182624566680458
1553.895	0.00020305054225336634
1553.9	0.0002038134812275229
1553.905	0.00020390516888431473
1553.9099999999999	0.0002035185637066186
1553.915	0.00020279456450020072
1553.92	0.00020181991185264244
1553.925	0.00020105238413445332
1553.93	0.00020084222889670415
1553.935	0.00020102353094520348
1553.9399999999998	0.0002012980070381844
1553.945	0.00020174495872019287
1553.95	0.0002024402707669955
1553.955	0.00020312392782008938
1553.96	0.00020332825455518223
1553.965	0.0002033041596892022
1553.97	0.00020310377781973603
1553.975	0.00020263260166885486
1553.98	0.00020180736658387694
1553.9850000000001	0.0002011852137774742
1553.99	0.00020108041286618625
1553.995	0.00020126864764397892
1554	0.0002018475095920766
1554.005	0.00020265612203017308
1554.01	0.0002033049806228665
1554.015	0.00020390799101633003
1554.02	0.0002038163201881627
1554.0249999999999	0.00020364786483707608
1554.03	0.00020294519509870765
1554.035	0.00020214028587886324
1554.04	0.00020108421458702675
1554.045	0.00019993350604061182
1554.05	0.00019875918197805994
1554.0549999999998	0.00019862381404411026
1554.06	0.00019914088468485868
1554.065	0.00020023689697839844
1554.07	0.00020137150795221745
1554.075	0.0002028867787258331
1554.08	0.00020320508820873524
1554.085	0.00020317002444079956
1554.09	0.00020269461341457432
1554.095	0.00020229394950087296
1554.1000000000001	0.00020184261330626616
1554.105	0.00020186102152351885
1554.11	0.00020208905221137706
1554.115	0.00020256327556300037
1554.12	0.00020340670450247158
1554.125	0.0002040692288162816
1554.13	0.00020496317294195046
1554.135	0.00020494599056649412
1554.1399999999999	0.0002048443369520817
1554.145	0.00020385228493757419
1554.1499999999999	0.0002024013275008281
1554.155	0.0002006833538612174
1554.16	0.0001996311185238489
1554.165	0.00019890795641160677
1554.1699999999998	0.0001985549137905777
1554.175	0.00019859628808372552
1554.18	0.00019885750950401215
1554.1850000000002	0.00019946276355039264
1554.19	0.00020027736585192228
1554.195	0.0002012093540501193
1554.2	0.00020205386057501538
1554.205	0.00020272132893737351
1554.21	0.0002033410656876463
1554.2150000000001	0.00020373668130509927
1554.22	0.00020350228169981288
1554.225	0.00020322077161547821
1554.23	0.00020322232168734538
1554.235	0.0002034477403412514
1554.24	0.00020369637420757894
1554.2450000000001	0.00020410497999963966
1554.25	0.00020434215847787122
1554.2549999999999	0.000204261525388454
1554.26	0.00020422803596094563
1554.2649999999999	0.00020408214240642835
1554.27	0.0002038398431874893
1554.275	0.00020339249104774342
1554.28	0.00020326866391754715
1554.2849999999999	0.0002034000561813543
1554.29	0.00020335599609203742
1554.2949999999998	0.00020340388748447564
1554.3000000000002	0.0002036133165544258
1554.305	0.00020389639761729625
1554.31	0.00020396610333615805
1554.315	0.00020385938575376812
1554.32	0.00020370882704211885
1554.325	0.00020361705153589533
1554.3300000000002	0.00020360403899209555
1554.335	0.00020332030812284592
1554.34	0.0002035102724820405
1554.345	0.00020327411960868508
1554.35	0.00020352873026448218
1554.355	0.00020385713099046996
1554.3600000000001	0.0002041901701170323
1554.365	0.00020427641106825312
1554.37	0.00020420841540183873
1554.375	0.00020440051891523062
1554.3799999999999	0.00020414284107214586
1554.385	0.00020378877299990093
1554.39	0.00020322355621796236
1554.395	0.00020267048476303083
1554.3999999999999	0.0002018663174709654
1554.405	0.00020131140086026317
1554.4099999999999	0.00020111919729970417
1554.4150000000002	0.00020117196607276314
1554.42	0.00020142054117694704
1554.425	0.00020202480893505677
1554.43	0.0002022342073808741
1554.435	0.00020272262119442355
1554.4399999999998	0.00020273529754721606
1554.4450000000002	0.00020294322454815516
1554.45	0.0002026417921390436
1554.455	0.000202569163816799
1554.46	0.00020270306883330365
1554.465	0.00020281672021975596
1554.47	0.0002031604328746136
1554.4750000000001	0.0002033122395525326
1554.48	0.00020349314176032156
1554.485	0.0002034110761842295
1554.49	0.00020326296755455333
1554.495	0.00020298756137854235
1554.5	0.0002028322125266872
1554.505	0.0002027755044431815
1554.51	0.00020301735757829117
1554.5149999999999	0.00020277302250756057
1554.52	0.00020285917535345385
1554.5249999999999	0.00020293643406746464
1554.5300000000002	0.00020314408829307464
1554.535	0.00020320691132338502
1554.54	0.00020321103511378166
1554.545	0.00020343820931489166
1554.55	0.0002033923977296078
1554.5549999999998	0.00020311289286682914
1554.5600000000002	0.00020261373249898056
1554.565	0.00020253583552900717
1554.57	0.00020225971147013654
1554.575	0.000202236862254077
1554.58	0.0002019595267554886
1554.5849999999998	0.0002018351914802406
1554.5900000000001	0.0002017660934237799
1554.595	0.00020212774154895088
1554.6	0.00020230873958172765
1554.605	0.00020255390793632309
1554.61	0.00020256604481810056
1554.615	0.00020243144290143172
1554.6200000000001	0.00020204890598148656
1554.625	0.0002017655711789598
1554.6299999999999	0.0002017400291729693
1554.635	0.00020170042399289545
1554.6399999999999	0.00020153376756713875
1554.645	0.0002011679131299088
1554.65	0.00020093116058753698
1554.655	0.00020085793170447115
1554.66	0.0002007895448594408
1554.665	0.0002006439497568694
1554.6699999999998	0.0002004673207621461
1554.6750000000002	0.000200315343922144
1554.68	0.00020013114862864882
1554.685	0.00020006265353862617
1554.69	0.00020039430449751195
1554.695	0.00020032518707074876
1554.6999999999998	0.00020085199238757234
1554.7050000000002	0.00020091929367008492
1554.71	0.0002012866263048442
1554.715	0.00020142315770499392
1554.72	0.00020162428593251914
1554.725	0.00020187662500225013
1554.7299999999998	0.0002020623348905101
1554.7350000000001	0.00020226802702661282
1554.74	0.00020237833674968786
1554.745	0.00020241486762664915
1554.75	0.00020239172306804807
1554.7549999999999	0.00020271856649933627
1554.76	0.00020303551254026623
1554.765	0.00020351173584369644
1554.77	0.0002038856851414905
1554.775	0.00020433508577591912
1554.78	0.00020428496068222526
1554.7849999999999	0.0002036907948470586
1554.79	0.00020302244747613524
1554.795	0.00020239618389788802
1554.8	0.00020161771859291994
1554.805	0.00020093146867751873
1554.81	0.00020052025504802394
1554.8149999999998	0.00020030536184085786
1554.82	0.00020047522856188405
1554.825	0.00020092324114139398
1554.83	0.0002016390767571676
1554.835	0.00020191956576714714
1554.84	0.00020184384162887938
1554.8449999999998	0.0002013979161795885
1554.8500000000001	0.00020075215360624307
1554.855	0.00019938495837082848
1554.86	0.0001984734663072604
1554.865	0.00019795708442657352
1554.87	0.0001975248090835252
1554.875	0.00019750764477066677
1554.88	0.0001974025858919191
1554.885	0.0001979435368651146
1554.89	0.00019835302173480007
1554.895	0.00019939687787539194
1554.8999999999999	0.00019945725344610796
1554.905	0.00019906963288177903
1554.91	0.00019817625187892627
1554.915	0.0001974007972280928
1554.92	0.00019664691013970124
1554.925	0.0001965584564092688
1554.9299999999998	0.00019694649173624356
1554.935	0.00019798323620950973
1554.94	0.0001988858658597128
1554.945	0.00019971881656472536
1554.95	0.00020000414462085128
1554.955	0.00019977097725427552
1554.9599999999998	0.00019916324532690685
1554.965	0.00019867586211411089
1554.97	0.00019860063031355656
1554.975	0.00019916558577261876
1554.98	0.0002004630903228486
1554.985	0.00020167642398141765
1554.99	0.00020280116583663879
1554.9950000000001	0.0002031335586139821
1555	0.0002025376037894185
1555.005	0.00020115625295091433
1555.01	0.00019925885918687934
1555.0149999999999	0.0001972601766097743
1555.02	0.0001955499175396984
1555.025	0.00019421858976816236
1555.03	0.00019353178530052287
1555.035	0.00019394469225406889
1555.04	0.00019505453658310781
1555.0449999999998	0.00019669501233764353
1555.05	0.0001991206285594013
1555.055	0.0002007262187785714
1555.06	0.00020219193538650854
1555.065	0.00020219193538650854
1555.07	0.00020210606254519672
1555.0749999999998	0.00020124435335326703
1555.08	0.00020031537519633733
1555.085	0.00019908099795523182
1555.0900000000001	0.00019808288837900256
1555.095	0.00019734830510714142
1555.1	0.0001974104986394716
1555.105	0.00019817851964898365
1555.11	0.00019884143249750334
1555.115	0.0001995190296359001
1555.1200000000001	0.0001997989440557823
1555.125	0.0001990965571044033
1555.1299999999999	0.00019780436401525787
1555.135	0.00019645394070899009
1555.14	0.0001955219418925128
1555.145	0.00019466416301874232
1555.15	0.00019464702927507447
1555.155	0.00019482825995150943
1555.1599999999999	0.00019569837425185787
1555.165	0.0001964440358869061
1555.17	0.00019723054712986621
1555.175	0.00019772987119171586
1555.18	0.00019785437845618823
1555.185	0.00019775925745203882
1555.19	0.00019745064689172855
1555.195	0.00019689015780234868
1555.2	0.00019633170016361508
1555.2050000000002	0.0001958719061980046
1555.21	0.00019596648635501944
1555.215	0.0001960272842217942
1555.22	0.00019639559902016572
1555.225	0.00019676902260683344
1555.23	0.00019729724137164124
1555.2350000000001	0.0001978992709060487
1555.24	0.00019841328651478717
1555.245	0.00019903165171216163
1555.25	0.00019910327474201674
1555.2549999999999	0.00019916593495401276
1555.26	0.00019908771357563762
1555.265	0.00019882043376365054
1555.27	0.00019844331677766242
1555.2749999999999	0.00019830909464623806
1555.28	0.00019855656296250882
1555.2849999999999	0.00019878501187521803
1555.29	0.00019882526628655704
1555.295	0.00019870710601070798
1555.3	0.00019847352137613317
1555.305	0.00019805296677433807
1555.31	0.0001974592229310806
1555.315	0.00019685806457487445
1555.3200000000002	0.0001963357764351248
1555.325	0.00019616735669664427
1555.33	0.00019618915690190674
1555.335	0.00019624553049839237
1555.34	0.00019654249612544112
1555.345	0.00019676977730989385
1555.3500000000001	0.00019679250544868415
1555.355	0.00019637730486269224
1555.36	0.0001957184383506886
1555.365	0.0001950165348025718
1555.37	0.00019437885208167547
1555.375	0.00019375737180340222
1555.38	0.00019305159844472798
1555.385	0.00019260347123127683
1555.3899999999999	0.0001924423142738858
1555.395	0.00019254238353069624
1555.3999999999999	0.00019301802964347432
1555.405	0.00019339989276293812
1555.41	0.00019374413385143927
1555.415	0.000193912929649393
1555.42	0.0001941321068026388
1555.425	0.00019450398394837954
1555.4299999999998	0.00019452452628859835
1555.4350000000002	0.0001946661491174903
1555.44	0.00019495013548318985
1555.445	0.00019530273042339362
1555.45	0.00019579511296963505
1555.455	0.00019627402066796617
1555.46	0.0001965046941298426
1555.4650000000001	0.00019647880980115697
1555.47	0.00019646756625713957
1555.475	0.00019639916718006137
1555.48	0.00019637506225232693
1555.485	0.00019645100109085364
1555.49	0.00019662507903193586
1555.4950000000001	0.00019679249573400874
1555.5	0.00019717673681008974
1555.5049999999999	0.00019760898105668584
1555.51	0.00019790100239925874
1555.5149999999999	0.00019819531232318776
1555.52	0.00019809416800118678
1555.525	0.00019788557231202727
1555.53	0.0001974976540383394
1555.535	0.00019724377081568547
1555.54	0.00019728309823165233
1555.5449999999998	0.000197423520982619
1555.5500000000002	0.00019766119770253286
1555.555	0.00019789480180401562
1555.56	0.00019816356864343204
1555.565	0.0001981695341340781
1555.57	0.00019839809415721284
1555.5749999999998	0.00019836860771267647
1555.5800000000002	0.0001983837193603631
1555.585	0.00019793675168724146
1555.59	0.00019789565768156954
1555.595	0.0001976460258974449
1555.6	0.00019758772333273924
1555.605	0.00019757678575800294
1555.6100000000001	0.00019777908360042682
1555.615	0.00019810763103483112
1555.62	0.00019839917312488526
1555.625	0.00019841590547720677
1555.6299999999999	0.00019815725381364541
1555.635	0.00019795537508359218
1555.64	0.000197765574698738
1555.645	0.0001972194980679514
1555.65	0.00019714000730538825
1555.655	0.0001971600027466286
1555.6599999999999	0.00019753853711970318
1555.6650000000002	0.0001978008774908196
1555.67	0.00019830213746787088
1555.675	0.0001988556084012968
1555.68	0.00019917788234480888
1555.685	0.0001995126471344436
1555.6899999999998	0.00019966253219688032
1555.6950000000002	0.00019974095936105553
1555.7	0.0001996195591331854
1555.705	0.00019921744123885872
1555.71	0.00019889437338595103
1555.715	0.00019863654510348722
1555.7199999999998	0.0001983987811024383
1555.7250000000001	0.00019816164411875253
1555.73	0.0001979211562256082
1555.735	0.00019793202914928596
1555.74	0.00019781396644083009
1555.745	0.0001977124248222253
1555.7499999999998	0.00019759362197426116
1555.755	0.0001976245682854707
1555.76	0.00019776533863116697
1555.765	0.00019782304181393057
1555.77	0.00019785823007982908
1555.7749999999999	0.00019759705176825395
1555.78	0.0001972495684839286
1555.785	0.0001969712903038831
1555.79	0.0001964379719522379
1555.795	0.00019563659877985985
1555.8	0.00019534392356213996
1555.8049999999998	0.00019581638271277664
1555.8100000000002	0.00019681457470559156
1555.815	0.0001981777337578919
1555.82	0.0001994762426257492
1555.825	0.0002001700978249011
1555.83	0.0002001246939759299
1555.8349999999998	0.00019967416534417558
1555.8400000000001	0.00019917505215587514
1555.845	0.00019864385893339018
1555.85	0.0001987805130540979
1555.855	0.00019953658697144378
1555.86	0.00020078744581940864
1555.8649999999998	0.00020221632165149514
1555.8700000000001	0.00020318101802058226
1555.875	0.00020364610182585375
1555.88	0.00020334699236020218
1555.885	0.00020248847606688176
1555.8899999999999	0.00020133830987907706
1555.895	0.00020011646577890586
1555.9	0.00019920273919223048
1555.905	0.00019908844471308901
1555.91	0.0001999912700084289
1555.915	0.00020154674247957444
1555.9199999999998	0.00020367394909487593
1555.925	0.00020535456497979853
1555.93	0.00020638455597290727
1555.935	0.00020662744273554966
1555.94	0.00020631341870940316
1555.945	0.00020541948700897336
1555.9499999999998	0.0002044374755716066
1555.955	0.00020379458926056938
1555.96	0.00020364242448383944
1555.965	0.00020423480780098582
1555.97	0.00020534269415852484
1555.975	0.00020614597400048684
1555.9799999999998	0.00020614041073962303
1555.9850000000001	0.00020521881993480857
1555.99	0.00020351973371062133
1555.9950000000001	0.000201658855506328
1556	0.00020050291901818704
1556.0049999999999	0.00020030571609979078
1556.01	0.00020081799380476854
1556.015	0.00020166509772764137
1556.02	0.00020295254762420909
1556.025	0.00020396770402908044
1556.03	0.0002047647001161736
1556.0349999999999	0.00020523851850522555
1556.04	0.00020520097269323116
1556.045	0.00020469857657977742
1556.05	0.00020395236901178885
1556.055	0.00020297861201295673
1556.06	0.00020228706653643535
1556.0649999999998	0.000201738219349103
1556.07	0.000201537291748443
1556.075	0.00020197463494411733
1556.08	0.0002033433409828285
1556.085	0.00020455911279572628
1556.09	0.0002060573663034712
1556.0949999999998	0.00020693652736275537
1556.1	0.0002075198717143638
1556.105	0.00020745935876994567
1556.1100000000001	0.00020711708933725948
1556.115	0.00020661331118169803
1556.12	0.00020589359230731766
1556.125	0.00020487377779981417
1556.13	0.00020380944933547256
1556.135	0.00020290444181752086
1556.14	0.00020223062187581673
1556.145	0.00020243533332723652
1556.1499999999999	0.0002030262977064198
1556.155	0.00020464135727384132
1556.16	0.00020643819859872503
1556.165	0.00020788638349144233
1556.17	0.00020874161006870215
1556.175	0.00020891610688021474
1556.1799999999998	0.0002087590255731395
1556.185	0.0002082454981298061
1556.19	0.00020771755299019867
1556.195	0.00020752305967808063
1556.2	0.00020726533843367495
1556.205	0.00020711790991113094
1556.21	0.0002073370241763843
1556.215	0.00020772740341936654
1556.22	0.0002082325250194932
1556.2250000000001	0.00020840997103494348
1556.23	0.00020840881628812955
1556.235	0.00020798788280526614
1556.24	0.0002073829243599783
1556.245	0.000206470273293238
1556.25	0.00020573610587929785
1556.255	0.00020520032207098197
1556.26	0.00020462678501473845
1556.2649999999999	0.00020466189015366947
1556.27	0.00020479431258224828
1556.275	0.00020530963814582512
1556.28	0.0002056220578442763
1556.285	0.00020596171387735415
1556.29	0.00020629095892486636
1556.2949999999998	0.00020663665720686337
1556.3	0.00020702738332281843
1556.305	0.00020720400626498658
1556.3100000000002	0.00020710377300038827
1556.315	0.0002068741861015511
1556.32	0.00020670949559345125
1556.325	0.0002066373020599051
1556.33	0.00020681421315283806
1556.335	0.00020718326689007536
1556.3400000000001	0.0002073084829580766
1556.345	0.00020751987171078865
1556.35	0.0002080701523917276
1556.355	0.00020862709575429018
1556.36	0.00020920942911406847
1556.365	0.00020970875208774608
1556.3700000000001	0.00021032685331603154
1556.375	0.00021122081715553104
1556.3799999999999	0.00021154456249539342
1556.385	0.00021148965144887185
1556.3899999999999	0.00021128941181274902
1556.395	0.0002112747902909142
1556.4	0.00021122975160191559
1556.405	0.0002111314097419379
1556.4099999999999	0.00021111792313985406
1556.415	0.00021128703433875945
1556.4199999999998	0.0002118240512210677
1556.4250000000002	0.0002123501616709581
1556.43	0.00021310461238306842
1556.435	0.00021334842310820703
1556.44	0.00021368575296839458
1556.445	0.00021376940563908097
1556.45	0.00021376266563906892
1556.4550000000002	0.0002133170454077503
1556.46	0.0002125488688086265
1556.465	0.00021201472713688966
1556.47	0.00021144197677265986
1556.475	0.00021110188899633737
1556.48	0.0002111713266143359
1556.4850000000001	0.0002116199736882222
1556.49	0.0002118807116466279
1556.495	0.00021212724397933692
1556.5	0.00021236983009261887
1556.5049999999999	0.00021245121553520595
1556.51	0.00021214726839480772
1556.515	0.0002116558569416371
1556.52	0.00021115255169796556
1556.5249999999999	0.00021117314461080209
1556.53	0.00021144469853047395
1556.5349999999999	0.0002117714213523773
1556.5400000000002	0.00021240082133457708
1556.545	0.00021296273320627957
1556.55	0.00021325400387202197
1556.555	0.00021352045145919837
1556.56	0.00021369115476943922
1556.5649999999998	0.00021370295282690288
1556.5700000000002	0.0002135315806965315
1556.575	0.0002133224069658046
1556.58	0.00021321513022858
1556.585	0.00021326876858356834
1556.59	0.00021336629287362383
1556.595	0.00021349871529895124
1556.6000000000001	0.00021384145429826414
1556.605	0.00021366883863644837
1556.61	0.00021360490679649653
1556.615	0.0002134521125284007
1556.62	0.00021356952669564604
1556.625	0.0002135680572696009
1556.63	0.00021373554741593327
1556.635	0.00021361212567825915
1556.6399999999999	0.00021373577327241428
1556.645	0.00021367022419112344
1556.6499999999999	0.00021372013847475202
1556.6550000000002	0.00021360557408354412
1556.66	0.00021328174626393054
1556.665	0.00021317456429441076
1556.67	0.000213053595132425
1556.675	0.00021308023133315154
1556.6799999999998	0.00021342191022291575
1556.6850000000002	0.0002137032684474276
1556.69	0.0002132316497099539
1556.695	0.00021218121633301005
1556.7	0.00021081854369298735
1556.705	0.0002093860399907003
1556.7099999999998	0.00020824696183908536
1556.7150000000001	0.00020779832505101337
1556.72	0.00020779699740558488
1556.725	0.00020846745264651133
1556.73	0.0002096457139456798
1556.735	0.00021107242583665319
1556.74	0.00021261715868374853
1556.7450000000001	0.00021406234838699286
1556.75	0.00021501570802568876
1556.7549999999999	0.00021557630206165456
1556.76	0.00021551750408500337
1556.7649999999999	0.00021504346217363594
1556.77	0.00021424235408330658
1556.775	0.00021374553652944093
1556.78	0.00021343886245753297
1556.785	0.0002140421069950143
1556.79	0.00021510768556296463
1556.7949999999998	0.00021606242508122542
1556.8000000000002	0.000216677464740715
1556.805	0.000217013600295506
1556.81	0.00021722008342744614
1556.815	0.00021689896211141426
1556.82	0.00021597102396956515
1556.8249999999998	0.0002147216540574231
1556.8300000000002	0.0002133468605130132
1556.835	0.000212297729733223
1556.84	0.00021235042563444141
1556.845	0.0002134129411942895
1556.85	0.00021513077064588503
1556.8549999999998	0.00021661131166900778
1556.8600000000001	0.00021685984040761908
1556.865	0.00021590265742805462
1556.87	0.0002145007920791048
1556.875	0.00021344300582543953
1556.8799999999999	0.0002125924407805229
1556.885	0.00021209034797747543
1556.89	0.00021269262974091998
1556.895	0.000213631730918062
1556.9	0.00021516037484417078
1556.905	0.0002166642626981181
1556.9099999999999	0.00021763522699163397
1556.915	0.00021797484904450802
1556.92	0.00021747166124502933
1556.925	0.00021633565704159407
1556.93	0.00021502259898351677
1556.935	0.00021390552059864475
1556.9399999999998	0.00021331156286692808
1556.945	0.000213222909364453
1556.95	0.00021359032996203436
1556.955	0.00021464807694431014
1556.96	0.00021575531475794064
1556.965	0.0002168069815707668
1556.9699999999998	0.00021748572070223797
1556.9750000000001	0.00021783812377959447
1556.98	0.00021797310428636575
1556.985	0.00021759243224905777
1556.99	0.00021692420714359634
1556.995	0.00021588087234691562
1557	0.0002147455283671757
1557.005	0.00021419382707639807
1557.01	0.00021475515139035887
1557.015	0.0002158815163575937
1557.02	0.00021746134212777417
1557.0249999999999	0.00021921309495908056
1557.03	0.00022055076545543278
1557.035	0.00022111515320458753
1557.04	0.0002212421281115984
1557.045	0.00022068672930933026
1557.05	0.00021985375268426618
1557.0549999999998	0.0002188927631228821
1557.06	0.00021846932791941298
1557.065	0.00021798690589527336
1557.07	0.00021805568496463326
1557.075	0.00021845269882373803
1557.08	0.00021909872825491366
1557.0849999999998	0.00021984070183733901
1557.09	0.00022048403422750352
1557.095	0.00022105489776798085
1557.1	0.00022170047688159462
1557.105	0.00022173299379762211
1557.11	0.00022163807034400148
1557.115	0.000221297401038953
1557.1200000000001	0.0002210503296110805
1557.125	0.00022068450380898034
1557.13	0.00022031258928484676
1557.135	0.00022004188681869246
1557.1399999999999	0.000220037243471741
1557.145	0.00022025452136583998
1557.15	0.0002203204619235239
1557.155	0.00022029511698267538
1557.16	0.00021999860288796042
1557.165	0.00021968011945706957
1557.1699999999998	0.00021942559873195432
1557.175	0.0002189445280408449
1557.18	0.0002180550437434845
1557.185	0.00021739740690098887
1557.19	0.00021709405704340684
1557.195	0.00021673918770645308
1557.1999999999998	0.00021662024664692592
1557.205	0.00021679393947074155
1557.21	0.0002169487912897181
1557.215	0.00021697784541174772
1557.22	0.00021704268816701488
1557.225	0.0002170167469677905
1557.23	0.00021683620907450351
1557.235	0.00021702708576122915
1557.24	0.00021725661859502254
1557.2450000000001	0.00021740531240399
1557.25	0.00021743077217052087
1557.2549999999999	0.00021734126335363376
1557.26	0.00021733668473341815
1557.265	0.00021726613341497035
1557.27	0.0002171538071841234
1557.275	0.00021701265360640868
1557.28	0.00021666674878281702
1557.2849999999999	0.0002164037190210386
1557.29	0.00021642864897950052
1557.295	0.000216858641455034
1557.3	0.00021718956948933618
1557.305	0.0002176400804339418
1557.31	0.00021813485153124193
1557.3149999999998	0.00021873069182940986
1557.32	0.00021916838315406953
1557.325	0.0002195277580729991
1557.3300000000002	0.00021945347351863637
1557.335	0.00021951467302301397
1557.34	0.00021943293211408894
1557.345	0.00021920673710080043
1557.35	0.00021859994481654131
1557.355	0.00021823850175969206
1557.3600000000001	0.00021829233508780392
1557.365	0.00021844749764074288
1557.37	0.000218357618805355
1557.375	0.0002186839434902786
1557.3799999999999	0.00021881191241134696
1557.385	0.0002188522098978756
1557.39	0.00021859811267496064
1557.395	0.00021857011940168986
1557.3999999999999	0.0002184773954148055
1557.405	0.00021810681796014517
1557.4099999999999	0.00021787667172313053
1557.415	0.00021780774643038247
1557.42	0.0002178426121139517
1557.425	0.0002179273093650158
1557.43	0.0002180499539172434
1557.435	0.00021824818776988754
1557.44	0.00021840501656856794
1557.4450000000002	0.00021900756027529226
1557.45	0.00021946748161521046
1557.455	0.0002197801245513408
1557.46	0.00021998014712553405
1557.465	0.00022014787974826538
1557.47	0.0002202511142206586
1557.4750000000001	0.0002201493444815155
1557.48	0.00022019317836897046
1557.485	0.00022049353920394526
1557.49	0.000220949512055649
1557.495	0.0002211068058506393
1557.5	0.00022137167855925885
1557.505	0.00022165627842574918
1557.51	0.00022198654789242893
1557.5149999999999	0.00022231341676941084
1557.52	0.00022228943747339545
1557.5249999999999	0.00022185067069196486
1557.53	0.0002213045373153905
1557.535	0.0002209885380481062
1557.54	0.00022080392227508136
1557.545	0.0002210286924945641
1557.55	0.0002220048839070343
1557.5549999999998	0.00022273725087189702
1557.5600000000002	0.00022367498110036725
1557.565	0.00022402811491871693
1557.57	0.00022425455970405858
1557.575	0.00022367613541735581
1557.58	0.00022328227169496876
1557.585	0.0002225632081542378
1557.5900000000001	0.00022223033595066994
1557.595	0.00022211851690335483
1557.6	0.00022235046080423053
1557.605	0.00022288555861546864
1557.61	0.0002235078099488822
1557.615	0.00022421711561699203
1557.6200000000001	0.0002251749648660976
1557.625	0.00022522002109326406
1557.6299999999999	0.00022510238116311
1557.635	0.00022431966037894923
1557.6399999999999	0.00022385301075137346
1557.645	0.00022316256067202454
1557.65	0.0002225532091998268
1557.655	0.00022230861821837967
1557.66	0.0002226819376669133
1557.665	0.00022342056372145274
1557.6699999999998	0.0002241258420974034
1557.6750000000002	0.00022528088519409244
1557.68	0.00022587341262128235
1557.685	0.00022621687386019485
1557.69	0.00022589739760234124
1557.695	0.00022481422178770915
1557.6999999999998	0.00022324143752872335
1557.7050000000002	0.0002220415095317043
1557.71	0.00022159616281412417
1557.715	0.0002218146394295297
1557.72	0.00022256591206027
1557.725	0.0002230541306561516
1557.73	0.000222986179135034
1557.7350000000001	0.00022246970329514357
1557.74	0.00022142030996410558
1557.745	0.00022007179137919494
1557.75	0.00021860331175116172
1557.7549999999999	0.000217903305326156
1557.76	0.0002176830288466499
1557.765	0.0002178673093230299
1557.77	0.00021869127227597555
1557.775	0.00021955591845212918
1557.78	0.00022082611933734115
1557.7849999999999	0.00022186390240038634
1557.7900000000002	0.0002223942229437988
1557.795	0.00022234727141935646
1557.8	0.00022176376776954115
1557.805	0.00022076816833913363
1557.81	0.00021954931670198471
1557.8149999999998	0.00021851816792401555
1557.8200000000002	0.00021801516979533378
1557.825	0.00021750114286087538
1557.83	0.0002180951122873026
1557.835	0.0002188372599639148
1557.84	0.00021990310376970718
1557.8449999999998	0.0002210316216256465
1557.8500000000001	0.00022204301584950525
1557.855	0.000223066034641903
1557.86	0.00022351862400243262
1557.865	0.00022364669712260355
1557.87	0.0002232546501315663
1557.8749999999998	0.00022229093006489206
1557.88	0.00022159358682829577
1557.885	0.0002215515923641445
1557.89	0.000222118032903403
1557.895	0.000223316701930404
1557.8999999999999	0.0002247544184962757
1557.905	0.00022633994685554768
1557.91	0.00022769798549462678
1557.915	0.00022859271025684667
1557.92	0.00022897461720807472
1557.925	0.00022895638112775213
1557.9299999999998	0.00022910712752731202
1557.9350000000002	0.00022881817135011787
1557.94	0.00022866826140052646
1557.945	0.0002287386736128982
1557.95	0.0002291637187934943
1557.955	0.0002296810045600143
1557.9599999999998	0.00023019369319968606
1557.9650000000001	0.0002308633690571786
1557.97	0.00023145514593367407
1557.975	0.00023179610513050862
1557.98	0.00023210892069624743
1557.985	0.0002322380479971159
1557.9899999999998	0.00023226434358134397
1557.9950000000001	0.00023207124905425585
1558	0.00023198739237932528
1558.005	0.00023187403666767703
1558.01	0.00023181697458306928
1558.0149999999999	0.00023205624700500465
1558.02	0.00023257462499321472
1558.025	0.00023298306618249368
1558.03	0.00023331600756635795
1558.035	0.00023357416487826638
1558.04	0.00023363906834287742
1558.0449999999998	0.00023308675742190276
1558.05	0.00023204435697041226
1558.055	0.00023083560078239812
1558.06	0.0002296337444734642
1558.065	0.00022926424858362075
1558.07	0.00022959664115360022
1558.0749999999998	0.00023029764985914623
1558.08	0.00023116478400368986
1558.085	0.00023173690709232936
1558.09	0.00023204978788271554
1558.095	0.00023196549905071746
1558.1	0.00023173641268299533
1558.1049999999998	0.00023137261716066505
1558.1100000000001	0.00023086371307332078
1558.115	0.00023080311297888787
1558.1200000000001	0.000231121853722985
1558.125	0.00023185312523291027
1558.1299999999999	0.00023264595163415442
1558.135	0.00023330490215299908
1558.14	0.0002338982328987923
1558.145	0.00023407073691843124
1558.15	0.0002338480415990187
1558.155	0.0002332715182448444
1558.1599999999999	0.00023271294040293704
1558.165	0.00023213253413250122
1558.17	0.00023152443581234356
1558.175	0.00023125962059094557
1558.18	0.0002316241319767975
1558.185	0.00023254443532717627
1558.1899999999998	0.00023366976291143242
1558.195	0.0002347810555585645
1558.2	0.0002358018565648175
1558.205	0.0002363150287654777
1558.21	0.00023654895936069145
1558.215	0.00023631281331298963
1558.2199999999998	0.00023570698522249874
1558.225	0.000234757273031156
1558.23	0.00023404626220211328
1558.2350000000001	0.00023384624080222463
1558.24	0.0002344715678056091
1558.245	0.00023567070185791955
1558.25	0.0002383277892049945
1558.255	0.00024010292159748188
1558.26	0.00024143798963908132
1558.265	0.0002414727014280735
1558.27	0.0002409398286224366
1558.2749999999999	0.00024005686728269783
1558.28	0.00023942697660290493
1558.285	0.0002390112093047371
1558.29	0.0002388889625841402
1558.295	0.00023923029759933442
1558.3	0.00024009667842311632
1558.3049999999998	0.00024140047684322676
1558.31	0.00024237891526749468
1558.315	0.00024333691703043743
1558.32	0.00024375943056580458
1558.325	0.00024376925715897312
1558.33	0.00024294701880051337
1558.3349999999998	0.00024215649638009332
1558.34	0.00024085628151352515
1558.345	0.00024070469044823117
1558.3500000000001	0.00024070320068858572
1558.355	0.00024116060616367473
1558.36	0.00024142728940544953
1558.365	0.00024179673607400688
1558.37	0.0002423484426367928
1558.375	0.0002424658330494804
1558.38	0.00024233600957002937
1558.385	0.0002415061304982664
1558.3899999999999	0.00024002785839100904
1558.395	0.00023832447439441418
1558.4	0.0002372704418769365
1558.405	0.00023743178045450132
1558.41	0.00023871824489101566
1558.415	0.00024063763925980875
1558.4199999999998	0.00024273113927734505
1558.425	0.00024466004818573405
1558.43	0.000245712015990452
1558.435	0.0002459389215940115
1558.44	0.0002456346594898233
1558.445	0.00024489365053737894
1558.45	0.0002443542010040752
1558.455	0.00024374544865505922
1558.46	0.00024385020136254864
1558.4650000000001	0.0002443563580844646
1558.47	0.00024520556111258285
1558.475	0.00024626258676337885
1558.48	0.0002474401919994438
1558.485	0.00024897507861277695
1558.49	0.00025027587493412737
1558.4950000000001	0.0002509175974342117
1558.5	0.0002509632722438092
1558.5049999999999	0.00025046196500686185
1558.51	0.000250304205125891
1558.5149999999999	0.0002493401265551207
1558.52	0.0002492871672808709
1558.525	0.0002491741264487464
1558.53	0.00024961379727693955
1558.5349999999999	0.0002499371645952182
1558.54	0.0002505881557016002
1558.5449999999998	0.00025154356718227143
1558.5500000000002	0.00025230117446755355
1558.555	0.00025302145098997906
1558.56	0.0002534794261639451
1558.565	0.0002539240832298753
1558.57	0.0002535335254533811
1558.575	0.0002528929763559671
1558.5800000000002	0.000252187842574316
1558.585	0.00025177385544956
1558.59	0.0002517559726937464
1558.595	0.00025165256136829104
1558.6	0.00025180286400433235
1558.605	0.00025223160681995247
1558.6100000000001	0.0002524370410804504
1558.615	0.0002521920080068422
1558.62	0.0002517124362177452
1558.625	0.0002515106808932368
1558.6299999999999	0.00025147157973356396
1558.635	0.0002513047132208853
1558.64	0.00025111085887133926
1558.645	0.0002511704589055887
1558.6499999999999	0.00025153013830199407
1558.655	0.00025198619377426513
1558.6599999999999	0.00025244123785318534
1558.6650000000002	0.000252777571570431
1558.67	0.0002533071954110523
1558.675	0.00025367678212352994
1558.68	0.00025415127249530604
1558.685	0.0002546803289683173
1558.6899999999998	0.00025463365617706666
1558.6950000000002	0.00025514938164966205
1558.7	0.00025541757347190383
1558.705	0.0002556469537977939
1558.71	0.00025558407590072033
1558.715	0.00025564573233507164
1558.72	0.0002557171586299847
1558.7250000000001	0.0002557417778697099
1558.73	0.0002559610991382981
1558.735	0.00025626703085291643
1558.74	0.00025655384397851053
1558.745	0.0002570780299405256
1558.75	0.0002575227333983577
1558.755	0.0002580074835250227
1558.76	0.00025829002026016675
1558.7649999999999	0.00025893294769023935
1558.77	0.0002589329442868077
1558.7749999999999	0.0002593127847824215
1558.7800000000002	0.00025947410903677016
1558.785	0.00025976704038094885
1558.79	0.0002599429345604998
1558.795	0.0002601248467538385
1558.8	0.0002603611127095937
1558.8049999999998	0.0002603493437188887
1558.8100000000002	0.00026006829361029663
1558.815	0.0002600839943609373
1558.82	0.00026011534480130675
1558.825	0.00026037599868027354
1558.83	0.00026049331062935203
1558.8349999999998	0.0002607859690048921
1558.8400000000001	0.0002612097046181501
1558.845	0.00026157275375959837
1558.85	0.00026185188884253377
1558.855	0.00026210601818382376
1558.86	0.00026254662545576336
1558.865	0.0002626157165334275
1558.8700000000001	0.00026276886794875413
1558.875	0.0002626831410285273
1558.8799999999999	0.0002627760906316551
1558.885	0.0002628708192404671
1558.8899999999999	0.0002632770851486636
1558.895	0.0002637153089774218
1558.9	0.00026430340942184324
1558.905	0.00026483332332644235
1558.91	0.00026540185590336106
1558.915	0.0002653442008886116
1558.9199999999998	0.00026525457700689786
1558.9250000000002	0.00026474041776802684
1558.93	0.0002641629461891253
1558.935	0.00026348610189416526
1558.94	0.00026367896901121653
1558.945	0.00026424018881946
1558.9499999999998	0.00026583385758873585
1558.9550000000002	0.0002669588180157872
1558.96	0.00026776719712645104
1558.965	0.0002675976102741802
1558.97	0.000266920627510193
1558.975	0.00026604288148735427
1558.9799999999998	0.00026533324170983935
1558.9850000000001	0.00026485279560661693
1558.99	0.0002650153272706999
1558.995	0.00026551445277677555
1559	0.0002663773785863882
1559.0049999999999	0.0002675533490047795
1559.01	0.00026818075102605967
1559.015	0.00026833144810399734
1559.02	0.00026751214967694556
1559.025	0.00026621828308779597
1559.03	0.0002642698470489216
1559.0349999999999	0.0002631304122289618
1559.04	0.00026286208931532574
1559.045	0.0002635808414588081
1559.05	0.0002648009359850555
1559.055	0.00026645415156628394
1559.06	0.0002684835202699342
1559.0649999999998	0.0002701369601781543
1559.0700000000002	0.00027122758319572476
1559.075	0.00027130005768892203
1559.08	0.00026996666583305184
1559.085	0.00026712206327727687
1559.09	0.00026382821994667515
1559.0949999999998	0.0002613230257056578
1559.1000000000001	0.0002612323859909848
1559.105	0.00026383089175873207
1559.11	0.00026810782523519595
1559.115	0.00027158122481475304
1559.12	0.00027368307679711157
1559.125	0.0002741128899338025
1559.13	0.00027286478755169145
1559.135	0.000270740476981492
1559.14	0.0002685049744760307
1559.145	0.0002666869612609828
1559.1499999999999	0.00026551406594353243
1559.155	0.00026564178498522266
1559.16	0.00026697466778691296
1559.165	0.0002694070331340124
1559.17	0.00027191984198568297
1559.175	0.00027369052648556043
1559.1799999999998	0.0002742859393176001
1559.185	0.0002733427458569131
1559.19	0.000270947638025228
1559.195	0.0002682255259965895
1559.2	0.00026617356147758543
1559.205	0.000264678540524796
1559.2099999999998	0.00026376313599727136
1559.215	0.0002641977469357362
1559.22	0.0002648203090518738
1559.225	0.00026638162013951694
1559.23	0.0002678015332199081
1559.235	0.00026951852869070564
1559.24	0.0002712082698510247
1559.2450000000001	0.0002722953018769072
1559.25	0.00027258205801580765
1559.255	0.00027200713189981816
1559.26	0.0002706705625965038
1559.2649999999999	0.0002686829857679673
1559.27	0.0002665530535293471
1559.275	0.0002648333216682239
1559.28	0.0002637169848493627
1559.285	0.0002632891860063419
1559.29	0.0002640490458760578
1559.2949999999998	0.0002643880485833249
1559.3	0.00026620529560034763
1559.305	0.0002672296079260978
1559.31	0.00026827812869792314
1559.315	0.00026839881321426534
1559.32	0.0002682424835661219
1559.3249999999998	0.00026784078135971617
1559.33	0.0002674942277754376
1559.335	0.0002674888406963262
1559.34	0.0002679373112607443
1559.345	0.0002687031079314311
1559.35	0.00026957062911913153
1559.355	0.0002701051325706438
1559.36	0.0002705803845896416
1559.365	0.0002709525632429035
1559.3700000000001	0.0002714039196506214
1559.375	0.00027162233600574396
1559.3799999999999	0.0002713412826850185
1559.385	0.0002709299407127938
1559.39	0.0002706872724392685
1559.395	0.0002704158185706164
1559.4	0.00027002618860418363
1559.405	0.00027014261314113185
1559.4099999999999	0.00027037084910461054
1559.415	0.0002708848085664454
1559.42	0.0002713887607921901
1559.425	0.0002716504420008163
1559.43	0.0002714013486911183
1559.435	0.00027128320148021704
1559.4399999999998	0.0002711852594944871
1559.445	0.00027096998061246983
1559.45	0.0002708240141790421
1559.455	0.0002709919650646808
1559.46	0.00027098226711676313
1559.465	0.0002714203324215547
1559.47	0.0002718301079927846
1559.475	0.00027202506651065946
1559.48	0.00027149784792128195
1559.4850000000001	0.00027095577223426863
1559.49	0.000270501342619907
1559.495	0.00027003175832674044
1559.5	0.0002695979415995769
1559.5049999999999	0.0002692019065041284
1559.51	0.0002691007048149931
1559.515	0.0002688546018598072
1559.52	0.0002685500054650789
1559.5249999999999	0.00026836127370295196
1559.53	0.0002679061913817347
1559.535	0.00026746765706094837
1559.54	0.0002666087479620733
1559.545	0.0002664107199280118
1559.55	0.0002658746654401137
1559.5549999999998	0.00026560858870412036
1559.56	0.0002653961402222369
1559.565	0.00026569658910787397
1559.5700000000002	0.00026621119634131547
1559.575	0.00026653185367825745
1559.58	0.0002669385658843722
1559.585	0.00026681122601120285
1559.59	0.0002666068755333369
1559.595	0.00026645436551846224
1559.6000000000001	0.0002663390644538538
1559.605	0.0002659001056731254
1559.61	0.00026535936957585885
1559.615	0.0002653046394698322
1559.62	0.00026572984888222843
1559.625	0.00026656394185445135
1559.63	0.0002675923340841396
1559.635	0.0002682688015947741
1559.6399999999999	0.00026884670588615876
1559.645	0.00026894445996361176
1559.6499999999999	0.0002681546086395694
1559.655	0.0002669651907169367
1559.66	0.0002667313732654211
1559.665	0.0002665306264748234
1559.6699999999998	0.0002665996280875886
1559.675	0.0002666681522741692
1559.6799999999998	0.00026717746361519843
1559.6850000000002	0.00026768558151171084
1559.69	0.00026801173109153716
1559.695	0.0002681877151206955
1559.7	0.0002682475140299985
1559.705	0.00026814949440317825
1559.71	0.0002678219159344419
1559.7150000000001	0.0002676581950254188
1559.72	0.0002673327817834539
1559.725	0.00026737748033629777
1559.73	0.00026720203826494923
1559.735	0.0002669006038746716
1559.74	0.0002665144420881605
1559.7450000000001	0.0002660811047651517
1559.75	0.0002661506525094819
1559.7549999999999	0.0002654603292764747
1559.76	0.00026483446711610023
1559.7649999999999	0.0002645832529553426
1559.77	0.0002645656414438349
1559.775	0.00026485329918087724
1559.78	0.00026507578439311744
1559.785	0.0002652164244539845
1559.79	0.0002648934209348873
1559.7949999999998	0.00026417905536985797
1559.8000000000002	0.0002630506729423439
1559.805	0.0002624341429830078
1559.81	0.00026208001306615703
1559.815	0.0002624024020944231
1559.82	0.000263171312136887
1559.8249999999998	0.00026394393033725433
1559.8300000000002	0.00026494397966775524
1559.835	0.0002655952505769077
1559.84	0.0002656893509585092
1559.845	0.00026560634077068255
1559.85	0.00026482820497418
1559.855	0.0002642487962161674
1559.8600000000001	0.00026354488505782086
1559.865	0.00026317472309866355
1559.87	0.00026348098612795226
1559.875	0.00026426765848543425
1559.8799999999999	0.0002651994649771544
1559.885	0.0002656184032808406
1559.89	0.0002652510011752437
1559.895	0.0002639374187259031
1559.9	0.000262171256785543
1559.905	0.0002604135086784197
1559.9099999999999	0.0002586846017776619
1559.9150000000002	0.0002572027630535025
1559.92	0.0002566821668093944
1559.925	0.00025723887024610003
1559.93	0.0002585627830279797
1559.935	0.0002604920893383314
1559.9399999999998	0.0002623649344520352
1559.9450000000002	0.00026373867106179724
1559.95	0.0002641563200456684
1559.955	0.00026309614948161257
1559.96	0.0002610851954842738
1559.965	0.0002589337626321667
1559.9699999999998	0.00025798125401248505
1559.9750000000001	0.000258051222111577
1559.98	0.0002594333387731783
1559.985	0.0002610792482168362
1559.99	0.0002626149377950927
1559.995	0.00026338940306735645
1560	0.0002629982453810727
1560.005	0.0002616573301408264
1560.01	0.00025951007289216844
1560.015	0.0002576555931734032
1560.02	0.0002566597995602719
1560.0249999999999	0.0002566676691289246
1560.03	0.0002574200139489679
1560.035	0.0002590516446203042
1560.04	0.00026087171332234534
1560.045	0.00026238266782054607
1560.05	0.0002628147502296769
1560.0549999999998	0.0002623532424836462
1560.0600000000002	0.0002611290647670041
1560.065	0.00025937894821588753
1560.07	0.00025751471487932395
1560.075	0.0002557731750118497
1560.08	0.0002545529740292967
1560.0849999999998	0.00025370855207872465
1560.0900000000001	0.0002537949801650883
1560.095	0.00025519855427954505
1560.1	0.00025687635823823954
1560.105	0.00025889066219982135
1560.11	0.000260471366236842
1560.1149999999998	0.0002611341845649572
1560.1200000000001	0.0002606335747636096
1560.125	0.00025898727864756197
1560.13	0.0002567979793264369
1560.135	0.0002545627360200322
1560.1399999999999	0.0002531547653424898
1560.145	0.00025270325585579126
1560.15	0.0002530947524908251
1560.155	0.0002545815634568472
1560.16	0.00025620211365148896
1560.165	0.00025743576453493593
1560.1699999999998	0.0002577460608299255
1560.175	0.00025746866308041984
1560.18	0.0002561989932487816
1560.185	0.0002543728362418323
1560.19	0.0002525176156338909
1560.195	0.00025100279957593374
1560.1999999999998	0.000249988869945665
1560.205	0.00024947580339773677
1560.21	0.00024949348172480164
1560.215	0.00025008102782449676
1560.22	0.00025086708214189696
1560.225	0.0002519792669215359
1560.2299999999998	0.0002527893617171151
1560.2350000000001	0.00025337427094608225
1560.24	0.0002533822616112015
1560.2450000000001	0.00025286313087716363
1560.25	0.00025218344695759264
1560.2549999999999	0.00025115908173030626
1560.26	0.00025012034370610307
1560.265	0.0002489487072175536
1560.27	0.0002482203030164258
1560.275	0.00024811069906377774
1560.28	0.00024802283617666847
1560.2849999999999	0.00024828423115675317
1560.29	0.00024885636573570934
1560.295	0.0002494405381895307
1560.3	0.00025008965160431315
1560.305	0.0002508058957024055
1560.31	0.0002512815931760436
1560.3149999999998	0.0002516887650272773
1560.32	0.0002516877793675205
1560.325	0.0002514384816368204
1560.33	0.00025098848116203454
1560.335	0.00025082423743063626
1560.34	0.00025078692124225194
1560.3449999999998	0.0002505696561126895
1560.35	0.00025004003563785154
1560.355	0.00025010226389356015
1560.3600000000001	0.00024984389610372863
1560.365	0.00024985372175224626
1560.37	0.00024964060365995826
1560.375	0.000249708463965879
1560.38	0.00024977256378667625
1560.385	0.00024996946144982654
1560.39	0.0002501446618151998
1560.395	0.00025019692839123287
1560.3999999999999	0.00025005732573699893
1560.405	0.00024978570156993207
1560.41	0.0002492726953464258
1560.415	0.00024819563211948885
1560.42	0.00024689844961093795
1560.425	0.00024598852696929474
1560.4299999999998	0.0002453973798508906
1560.435	0.00024484440297255433
1560.44	0.0002451493606157817
1560.445	0.00024556018162722956
1560.45	0.0002461562689222989
1560.455	0.0002466203642096463
1560.4599999999998	0.00024686915616882016
1560.465	0.00024678204794844813
1560.47	0.00024616416910778425
1560.4750000000001	0.0002447856937150686
1560.48	0.000243063231841058
1560.485	0.00024182794213087284
1560.49	0.00024166468776242977
1560.495	0.0002418610699878649
1560.5	0.00024370321092337543
1560.505	0.0002449635575350309
1560.51	0.0002458409922476092
1560.5149999999999	0.0002456591212538962
1560.52	0.0002458310297447546
1560.525	0.0002453338602743762
1560.53	0.00024511899911351144
1560.535	0.0002448493062646811
1560.54	0.0002446599093613518
1560.5449999999998	0.0002447370587909915
1560.55	0.00024509797657803133
1560.555	0.00024541978984285744
1560.56	0.0002461412329523975
1560.565	0.00024642101476492954
1560.57	0.0002464656240350839
1560.5749999999998	0.0002462049108392576
1560.58	0.00024608476087451003
1560.585	0.0002458251576585028
1560.5900000000001	0.00024574816163371645
1560.595	0.00024560304144156887
1560.6	0.0002456657892345121
1560.605	0.0002458841330698662
1560.61	0.0002459063192584206
1560.615	0.00024591305704316143
1560.6200000000001	0.0002460159418525014
1560.625	0.0002460058191930726
1560.6299999999999	0.0002461261010329811
1560.635	0.00024621031933471505
1560.6399999999999	0.00024603274178684574
1560.645	0.000245755386372332
1560.65	0.00024561462819547406
1560.655	0.00024551139782559106
1560.6599999999999	0.00024494591046322434
1560.665	0.00024438055767552635
1560.6699999999998	0.00024357405670148125
1560.675	0.0002424453292813258
1560.68	0.0002417857907477713
1560.685	0.00024154013406216525
1560.69	0.0002413835757958673
1560.695	0.00024095746682142047
1560.7	0.00024115612741227175
1560.7050000000002	0.00024135139271340785
1560.71	0.0002416420076775434
1560.715	0.00024168621643367344
1560.72	0.0002416474658478862
1560.725	0.00024135984030441065
1560.73	0.00024084524576342033
1560.7350000000001	0.00024038702209725317
1560.74	0.00024019167337263302
1560.745	0.00024042320528571255
1560.75	0.00024118761025042132
1560.7549999999999	0.00024204131420160695
1560.76	0.00024338330445801274
1560.765	0.00024405076767775884
1560.77	0.00024499630666645605
1560.7749999999999	0.0002454724917256251
1560.78	0.00024530613195503586
1560.7849999999999	0.00024427278319722975
1560.79	0.00024349827123117625
1560.795	0.00024264618393799033
1560.8	0.00024282016055530555
1560.805	0.00024410786638468098
1560.81	0.0002462035395981422
1560.8149999999998	0.00024820936939712427
1560.8200000000002	0.00024932042821897295
1560.825	0.00024861483855042536
1560.83	0.00024641875175034094
1560.835	0.0002442892565793476
1560.84	0.00024272694188853084
1560.845	0.00024304849846492027
1560.8500000000001	0.00024485078843309704
1560.855	0.00024707737962969016
1560.86	0.00024918676498345764
1560.865	0.0002505670488585529
1560.87	0.0002511636052699606
1560.875	0.00025061739508262023
1560.88	0.00024929189123191575
1560.885	0.0002477511541289195
1560.8899999999999	0.00024652170189998896
1560.895	0.0002458617474456074
1560.8999999999999	0.0002456986434127601
1560.9050000000002	0.00024613652009044574
1560.91	0.0002476127887571944
1560.915	0.0002488738681250944
1560.92	0.0002501669097319856
1560.925	0.0002507368626039242
1560.9299999999998	0.0002508530248746173
1560.9350000000002	0.0002504799599084284
1560.94	0.000249356617076365
1560.945	0.0002477237846877581
1560.95	0.00024649913958419133
1560.955	0.00024576724164873025
1560.9599999999998	0.0002453345926889807
1560.9650000000001	0.00024571378153475043
1560.97	0.0002466300792430461
1560.975	0.00024798906024914145
1560.98	0.0002494345887012097
1560.985	0.00025064961296238254
1560.99	0.0002511080014790825
1560.9950000000001	0.0002510247868630179
1561	0.00024991818398611087
1561.0049999999999	0.00024816945683433557
1561.01	0.000246263554705121
1561.0149999999999	0.0002452794275537155
1561.02	0.0002449809323292437
1561.025	0.00024559658952377897
1561.03	0.00024672482385475496
1561.035	0.00024764023850519246
1561.04	0.00024786028933705554
1561.0449999999998	0.00024755083726283954
1561.0500000000002	0.000246833689866871
1561.055	0.00024562119312164017
1561.06	0.0002443762010478763
1561.065	0.00024333588233131683
1561.07	0.00024271127766859837
1561.0749999999998	0.0002428053800537414
1561.0800000000002	0.0002430582096058973
1561.085	0.0002439343585151659
1561.09	0.0002449442027291102
1561.095	0.00024622314995459844
1561.1	0.0002475425850867814
1561.1049999999998	0.0002484437655839519
1561.1100000000001	0.00024897274945143773
1561.115	0.00024843049121131203
1561.12	0.0002480775184210768
1561.125	0.0002472349831584801
1561.1299999999999	0.00024616969326666887
1561.135	0.00024499948161708424
1561.14	0.00024411808416616027
1561.145	0.0002437502342702756
1561.15	0.00024413908116115293
1561.155	0.0002448791029803589
1561.1599999999999	0.000246167797181914
1561.165	0.0002474129864843513
1561.17	0.0002490669740249996
1561.175	0.00024977432489384807
1561.18	0.0002497201527062413
1561.185	0.0002494427502754137
1561.1899999999998	0.00024905080080927133
1561.1950000000002	0.0002484934137347877
1561.2	0.00024822058738400076
1561.205	0.0002484923490002357
1561.21	0.00024921357812633497
1561.215	0.0002499608553236639
1561.2199999999998	0.00025064019919022703
1561.2250000000001	0.0002516026986000642
1561.23	0.00025207240482651193
1561.235	0.0002523469447348689
1561.24	0.0002523054694340974
1561.245	0.00025220414100386273
1561.25	0.0002521026562950358
1561.255	0.0002519311965443194
1561.26	0.0002519311965443194
1561.265	0.00025204475536668894
1561.27	0.0002519371385905375
1561.2749999999999	0.0002519962853283563
1561.28	0.00025222961935674756
1561.285	0.00025282407459399083
1561.29	0.0002529537893150429
1561.295	0.0002532363383679426
1561.3	0.0002533518636556371
1561.3049999999998	0.00025327245273669863
1561.31	0.0002528743886064246
1561.315	0.00025268008036321654
1561.32	0.0002528135710357803
1561.325	0.00025296341910003786
1561.33	0.0002532674441681416
1561.3349999999998	0.00025357676807195834
1561.34	0.00025383350242788827
1561.345	0.0002538965913879266
1561.35	0.0002540184508234577
1561.355	0.0002542018191888927
1561.36	0.00025410588307725083
1561.365	0.00025392170864775565
1561.3700000000001	0.0002534583051711986
1561.375	0.0002534756284123614
1561.38	0.00025349067423089517
1561.385	0.00025378987343229636
1561.3899999999999	0.00025380226161772154
1561.395	0.00025384836211563846
1561.4	0.0002536899539769588
1561.405	0.00025339129694877476
1561.41	0.00025313436508730486
1561.415	0.00025300116977461574
1561.4199999999998	0.00025306113411614615
1561.425	0.00025306327503040366
1561.43	0.00025310689580923664
1561.435	0.0002532087795184754
1561.44	0.00025317972419640615
1561.445	0.0002528452791816306
1561.4499999999998	0.00025278714017802585
1561.455	0.0002528430195525289
1561.46	0.00025281601060783324
1561.465	0.00025290632522039234
1561.47	0.0002531513294661508
1561.475	0.00025359898137331557
1561.48	0.000253769991722546
1561.485	0.00025457181612065287
1561.49	0.00025510388181319377
1561.4950000000001	0.0002552983932830649
1561.5	0.00025563628467868894
1561.5049999999999	0.00025601588865337637
1561.51	0.0002565489476168271
1561.515	0.00025726545775259533
1561.52	0.0002586114224015328
1561.525	0.00025991833945237283
1561.53	0.00026056946463534706
1561.5349999999999	0.0002612523010294857
1561.54	0.00026136531497265
1561.545	0.00026188402366509044
1561.55	0.0002618361322726523
1561.555	0.0002618664199793102
1561.56	0.0002614548079142067
1561.5649999999998	0.00026164187597921116
1561.57	0.00026193304648943676
1561.575	0.0002620713795096621
1561.58	0.0002623341736656902
1561.585	0.0002621115122632987
1561.59	0.00026153124826114934
1561.595	0.00026090055901457074
1561.6	0.00025992754683389703
1561.605	0.000259122102259916
1561.6100000000001	0.00025844455227654864
1561.615	0.00025807738920338464
1561.62	0.0002579229016324728
1561.625	0.0002578222992799909
1561.6299999999999	0.0002581428436922122
1561.635	0.0002583365684230444
1561.64	0.0002593485854860613
1561.645	0.0002600465404036105
1561.6499999999999	0.00026086102736826877
1561.655	0.00026121722137118365
1561.66	0.0002611107359438415
1561.665	0.0002613693320989174
1561.67	0.0002612181440203109
1561.675	0.00026162356429717794
1561.6799999999998	0.00026235859113996
1561.685	0.0002638109668312168
1561.69	0.0002653411846479355
1561.695	0.00026673962015851194
1561.7	0.0002675588765953704
1561.705	0.0002675045113732683
1561.71	0.00026679049165903834
1561.715	0.00026517693325708733
1561.72	0.0002633029113907545
1561.7250000000001	0.00026250895941708446
1561.73	0.0002630740566161535
1561.735	0.000265016111837091
1561.74	0.00026709699361334723
1561.745	0.0002701071858521325
1561.75	0.00027264910335759757
1561.755	0.0002740964494980288
1561.76	0.0002745048190752654
1561.7649999999999	0.0002740441350320107
1561.77	0.0002729256273983164
1561.7749999999999	0.00027133712694138874
1561.78	0.00026983098855438276
1561.785	0.00026890061449876755
1561.79	0.0002684056531008437
1561.7949999999998	0.00026880294733457136
1561.8	0.00026954704357491687
1561.8049999999998	0.0002715622829357672
1561.8100000000002	0.00027249386688480136
1561.815	0.0002738805817163993
1561.82	0.00027413802909563204
1561.825	0.00027344280353383755
1561.83	0.0002720271151074631
1561.835	0.00027084352798489663
1561.8400000000001	0.00027009022505141344
1561.845	0.00026980857746771277
1561.85	0.00027065879537457123
1561.855	0.00027213360760979194
1561.86	0.000273946385203464
1561.865	0.0002758975314063444
1561.8700000000001	0.00027688476125838345
1561.875	0.0002765567043751277
1561.8799999999999	0.00027482556426592806
1561.885	0.0002727352917909742
1561.8899999999999	0.00027113541376041887
1561.895	0.00027069407283175146
1561.9	0.00027175647971052814
1561.905	0.00027368842892595146
1561.9099999999999	0.00027571370425099207
1561.915	0.00027746899516431186
1561.9199999999998	0.00027864960350617863
1561.9250000000002	0.0002790259753007998
1561.93	0.0002788290064956949
1561.935	0.0002778611157855104
1561.94	0.00027672743742623455
1561.945	0.0002754169115438551
1561.9499999999998	0.00027430637804533206
1561.9550000000002	0.0002737719666918309
1561.96	0.0002739485797661077
1561.965	0.0002747646955921059
1561.97	0.0002763070658888921
1561.975	0.00027802943355377226
1561.98	0.00027904426329184177
1561.9850000000001	0.0002790178033079466
1561.99	0.00027854793944314434
1561.995	0.0002778503975573622
1562	0.0002765049355297101
1562.0049999999999	0.00027473105013888367
1562.01	0.00027361593962782
1562.015	0.000272919986950213
1562.02	0.0002729557275682166
1562.025	0.0002736781974200159
1562.03	0.0002750508456742144
1562.0349999999999	0.000276946948963505
1562.0400000000002	0.0002793887685671659
1562.045	0.00028135203798727274
1562.05	0.0002820214616229236
1562.055	0.0002813718457655455
1562.06	0.00028009214770205156
1562.0649999999998	0.0002779847899517117
1562.0700000000002	0.0002769813902857194
1562.075	0.0002762048258829173
1562.08	0.000276800807655495
1562.085	0.00027764574356480644
1562.09	0.00027887674877350745
1562.0949999999998	0.0002807328708127444
1562.1000000000001	0.000281974834285597
1562.105	0.0002830047886724969
1562.11	0.00028362034209538576
1562.115	0.00028340960474134975
1562.12	0.0002827811302428952
1562.125	0.00028187315577869575
1562.13	0.0002810626511782511
1562.135	0.0002804506714117804
1562.14	0.00028021932980313593
1562.145	0.00028040615486038723
1562.1499999999999	0.0002816135183715241
1562.155	0.0002828368712299722
1562.16	0.0002843099717522589
1562.165	0.00028558693482448193
1562.17	0.00028649329623571496
1562.175	0.0002871481462206828
1562.1799999999998	0.00028702255629860885
1562.1850000000002	0.00028692421508658123
1562.19	0.0002864515060078674
1562.195	0.00028601350363007455
1562.2	0.0002855654657036816
1562.205	0.0002855939859531125
1562.2099999999998	0.00028589284361703153
1562.2150000000001	0.0002869095593801339
1562.22	0.00028804666615017525
1562.225	0.0002891905184139529
1562.23	0.0002897960113880941
1562.235	0.00029007938974953175
1562.2399999999998	0.0002886934490498171
1562.2450000000001	0.00028781149581633706
1562.25	0.0002866138816177608
1562.255	0.00028599951965527855
1562.26	0.0002856975603750743
1562.2649999999999	0.00028600051769426583
1562.27	0.00028726197081894376
1562.275	0.00028875856063043646
1562.28	0.0002902477570440832
1562.285	0.00029152246718189495
1562.29	0.0002919773849551388
1562.2949999999998	0.0002915749845962603
1562.3	0.0002905958772647528
1562.305	0.0002893963718792969
1562.31	0.0002882748690016864
1562.315	0.00028791728972638823
1562.32	0.0002880590115635028
1562.3249999999998	0.00028881644366993836
1562.3300000000002	0.0002900441272689252
1562.335	0.0002910148861493155
1562.34	0.00029180966195601726
1562.345	0.00029252796010928006
1562.35	0.0002925374378077078
1562.3549999999998	0.000291498678094381
1562.3600000000001	0.000289867269398071
1562.365	0.0002880395198432134
1562.3700000000001	0.00028612129538420843
1562.375	0.0002843266439125515
1562.3799999999999	0.0002831071986706515
1562.385	0.0002827066644199268
1562.39	0.0002834713253378798
1562.395	0.0002856305188660596
1562.4	0.00028798652161985116
1562.405	0.0002901092346875875
1562.4099999999999	0.00029193938541677793
1562.415	0.0002917678022887374
1562.42	0.00029136871915173184
1562.425	0.00028995465334622845
1562.43	0.00028903692930863753
1562.435	0.00028797156986446544
1562.4399999999998	0.0002885261875580866
1562.445	0.00028942118437701116
1562.45	0.0002911602878864479
1562.455	0.0002926951854657047
1562.46	0.00029398645238515813
1562.465	0.0002948360223530677
1562.4699999999998	0.00029500752699840386
1562.475	0.00029526768884449814
1562.48	0.0002949135557787812
1562.4850000000001	0.00029451677202828064
1562.49	0.00029404848247161354
1562.495	0.00029391621799271705
1562.5	0.00029418986752400406
1562.505	0.0002945370727308608
1562.51	0.00029507379854963855
1562.515	0.00029606517066371914
1562.52	0.0002967894706967545
1562.5249999999999	0.000297068533433592
1562.53	0.0002976554247769676
1562.535	0.00029782446604674566
1562.54	0.0002976330315128093
1562.545	0.00029715355917555637
1562.55	0.00029650142213797205
1562.5549999999998	0.0002962709695566448
1562.56	0.0002965333310397061
1562.565	0.00029719329769828916
1562.57	0.0002981307782336612
1562.575	0.00029931894778259267
1562.58	0.0003005148855536347
1562.5849999999998	0.00029995403028078115
1562.59	0.0003006376562722191
1562.595	0.00030041989908131955
1562.6000000000001	0.00030021481591605405
1562.605	0.0002998383392211767
1562.61	0.00030006563531553187
1562.615	0.00030062391299002
1562.62	0.0003013188115581149
1562.625	0.00030211359490451347
1562.63	0.0003030683677507061
1562.635	0.00030413186185877995
1562.6399999999999	0.0003043886405693216
1562.645	0.0003038930606400736
1562.65	0.0003033778630590724
1562.655	0.0003027826227961537
1562.66	0.00030187340052122906
1562.665	0.0003010684935495103
1562.6699999999998	0.0003008847945695014
1562.675	0.00030161572875236697
1562.68	0.0003025292991984004
1562.685	0.00030442652312509663
1562.69	0.0003059291239994027
1562.695	0.0003075890388583614
1562.6999999999998	0.00030846099419572817
1562.705	0.0003085073896823737
1562.71	0.00030800713632073764
1562.7150000000001	0.00030693218769179537
1562.72	0.00030541367731040257
1562.725	0.0003039695048115926
1562.73	0.00030290408245714804
1562.735	0.0003021150115516513
1562.74	0.0003026142718143101
1562.7450000000001	0.00030374688045110637
1562.75	0.00030558635014704927
1562.7549999999999	0.00030751246614804125
1562.76	0.0003092055953287242
1562.7649999999999	0.00030891496967065804
1562.77	0.0003082176915800599
1562.775	0.00030740758272363095
1562.78	0.0003064639718650771
1562.7849999999999	0.0003057587536878445
1562.79	0.0003065348179198119
1562.795	0.0003076747040933697
1562.8	0.00030904261429870884
1562.805	0.00031038984202969304
1562.81	0.000311551061404404
1562.8149999999998	0.00031220778252890544
1562.82	0.00031205165904609893
1562.825	0.0003113672487383922
1562.8300000000002	0.0003105204972504583
1562.835	0.0003096980675579585
1562.84	0.0003091386079634349
1562.845	0.00030998749431803297
1562.85	0.00031080327647991314
1562.855	0.0003124149502148026
1562.8600000000001	0.00031337517425768875
1562.865	0.0003137029484540347
1562.87	0.000313216088389642
1562.875	0.0003119799991949975
1562.8799999999999	0.0003100351583363217
1562.885	0.0003077447966313708
1562.89	0.0003052007702156139
1562.895	0.0003031286065186407
1562.8999999999999	0.00030208600570121486
1562.905	0.00030316309270699243
1562.9099999999999	0.000306578192578879
1562.915	0.00031062736205187183
1562.92	0.0003142114772416922
1562.925	0.00031611660942226875
1562.93	0.0003157676060150256
1562.935	0.00031373657661016224
1562.9399999999998	0.0003114988318388023
1562.9450000000002	0.00031049315215836247
1562.95	0.00030982597671307295
1562.955	0.00030996349231197874
1562.96	0.0003121227338067699
1562.965	0.0003144131981086679
1562.97	0.00031671389648623517
1562.9750000000001	0.00031747800472671235
1562.98	0.00031737203035914755
1562.985	0.000316296730152338
1562.99	0.0003145871527301387
1562.995	0.00031287499868750936
1563	0.00031163387897747817
1563.005	0.0003111475554523695
1563.01	0.0003115226857206934
1563.0149999999999	0.00031281992146777203
1563.02	0.0003150879183000082
1563.0249999999999	0.00031654470900946673
1563.03	0.00031895339848811134
1563.035	0.000319786957981684
1563.04	0.0003202311339392787
1563.045	0.00031974742449242184
1563.05	0.00031839068011914594
1563.0549999999998	0.0003166351042584348
1563.0600000000002	0.0003143668154737334
1563.065	0.00031232706079907974
1563.07	0.00031122243872642216
1563.075	0.00031103898073924435
1563.08	0.0003121148326674255
1563.0849999999998	0.00031439029495439896
1563.0900000000001	0.00031682757437758433
1563.095	0.0003193709594750308
1563.1	0.0003209283900661702
1563.105	0.0003210960918121523
1563.11	0.0003198540509320151
1563.115	0.00031819354160965066
1563.1200000000001	0.00031707984097482304
1563.125	0.0003165632150636318
1563.1299999999999	0.0003166734074210675
1563.135	0.00031883420854618503
1563.1399999999999	0.0003210217518767483
1563.145	0.00032383540273717604
1563.15	0.0003257671088977747
1563.155	0.000326347076591133
1563.16	0.0003254423375960013
1563.165	0.00032309648603386185
1563.1699999999998	0.0003201022976424749
1563.1750000000002	0.00031680727944588576
1563.18	0.0003134983485683244
1563.185	0.00031030329430308743
1563.19	0.00030863106709347836
1563.195	0.0003084688034132778
1563.1999999999998	0.0003077941436755622
1563.2050000000002	0.00031029220524405617
1563.21	0.0003121009227434556
1563.215	0.00031517814481280416
1563.22	0.000317620990507516
1563.225	0.00031937022907539594
1563.2299999999998	0.0003204816203999543
1563.2350000000001	0.00031963343672666074
1563.24	0.0003177972396165396
1563.245	0.0003155141682828927
1563.25	0.00031230403465579425
1563.2549999999999	0.00030979925364012375
1563.26	0.0003086531528771811
1563.265	0.00030914870000192765
1563.27	0.0003111283777297386
1563.275	0.0003147041808518489
1563.28	0.0003170681623636261
1563.2849999999999	0.00031838025542045724
1563.29	0.0003171610979167184
1563.295	0.0003159621200242638
1563.3	0.00031389558782290164
1563.305	0.0003126093038370629
1563.31	0.00031259319570432336
1563.3149999999998	0.0003130703969148595
1563.3200000000002	0.0003144541665048315
1563.325	0.0003163027987281053
1563.33	0.0003175945958346154
1563.335	0.00031965471853326457
1563.34	0.0003204528910835305
1563.3449999999998	0.00032125256860797923
1563.3500000000001	0.0003210199076532674
1563.355	0.0003203236646571725
1563.36	0.00031917748290059497
1563.365	0.0003182255955947011
1563.37	0.00031802035925566436
1563.375	0.00031756116288127764
1563.38	0.0003182055881004507
1563.385	0.00031941582564888897
1563.39	0.00032092568775193007
1563.395	0.0003221253928728041
1563.3999999999999	0.0003233167224959366
1563.405	0.00032454636409469655
1563.41	0.0003251834268356816
1563.415	0.0003253032931651258
1563.42	0.0003248872784217736
1563.425	0.00032358716021042025
1563.4299999999998	0.00032234062811040316
1563.435	0.0003213419516110916
1563.44	0.00032057740991798736
1563.445	0.0003204433208497115
1563.45	0.00032203372240242656
1563.455	0.0003223369349970711
1563.4599999999998	0.0003241446470393646
1563.465	0.0003245683374205372
1563.47	0.0003251564788110072
1563.475	0.0003246544936772203
1563.48	0.0003243175407414824
1563.485	0.0003238562236172636
1563.49	0.0003235575783886577
1563.4950000000001	0.0003236403356695217
1563.5	0.000323580083211952
1563.505	0.00032374378058706697
1563.51	0.0003235453187141059
1563.5149999999999	0.00032378290215317855
1563.52	0.00032378914231581235
1563.525	0.0003239785325124179
1563.53	0.0003239368682566265
1563.535	0.0003238169705698271
1563.54	0.0003240051556731624
1563.5449999999998	0.00032383155638408806
1563.55	0.00032407136475501617
1563.555	0.0003246148401819859
1563.56	0.0003252063933217032
1563.565	0.0003256305639013644
1563.57	0.0003261065551554031
1563.5749999999998	0.00032676752227518024
1563.58	0.0003272470020799625
1563.585	0.0003273772977523288
1563.59	0.0003272106980868821
1563.595	0.00032696696413002174
1563.6	0.0003266416486290543
1563.605	0.0003261442696532726
1563.61	0.0003255426319457459
1563.615	0.0003257354982299122
1563.6200000000001	0.00032698312433095697
1563.625	0.0003276870366344898
1563.6299999999999	0.00032864097351187696
1563.635	0.00032949800433049826
1563.64	0.00032983788557439716
1563.645	0.00033003377505964144
1563.65	0.0003294891196370806
1563.655	0.0003298454466153556
1563.6599999999999	0.000329343584247727
1563.665	0.0003293488783779881
1563.67	0.0003293412924680792
1563.675	0.0003298042329759245
1563.68	0.00033068308193272717
1563.685	0.00033136096730722575
1563.6899999999998	0.0003315877539467754
1563.695	0.00033159383276177976
1563.7	0.0003303704343830825
1563.705	0.0003291506888462219
1563.71	0.0003273790593122785
1563.715	0.0003264758131049348
1563.72	0.0003260430081266798
1563.725	0.00032564377550589206
1563.73	0.00032584633439426404
1563.7350000000001	0.00032676229417442145
1563.74	0.00032820528179911505
1563.745	0.0003296257293155497
1563.75	0.00033092037410052796
1563.7549999999999	0.00033140906537149436
1563.76	0.0003301741562944597
1563.765	0.00032753488040181085
1563.77	0.0003237212682721744
1563.7749999999999	0.0003203583913592395
1563.78	0.0003181974813335891
1563.785	0.0003183425418472474
1563.79	0.0003202695835920894
1563.795	0.00032317257163844913
1563.8	0.0003263658222285888
1563.8049999999998	0.0003279066180188473
1563.81	0.0003275602245236923
1563.815	0.00032583329683513864
1563.82	0.0003227783091325535
1563.825	0.000319877865152086
1563.83	0.0003189308347926945
1563.835	0.0003190376319973613
1563.84	0.00032078784018817376
1563.845	0.00032270820417306485
1563.8500000000001	0.00032474221507680103
1563.855	0.0003260973704242516
1563.86	0.00032586560445768746
1563.865	0.0003243528580282978
1563.87	0.0003221782535934187
1563.875	0.0003193891215216784
1563.88	0.0003166064147044557
1563.885	0.00031456551778385984
1563.8899999999999	0.00031362607267002165
1563.895	0.0003132943551603009
1563.8999999999999	0.000315365336984057
1563.905	0.0003180092319474553
1563.91	0.00032094703787269844
1563.915	0.00032341915748140224
1563.9199999999998	0.00032549295066649765
1563.925	0.0003263838970227675
1563.9299999999998	0.00032619101575570597
1563.935	0.0003251734636465432
1563.94	0.0003236521887668083
1563.945	0.00032284505633343536
1563.95	0.00032324020228739064
1563.955	0.0003247210517947871
1563.96	0.00032698740485636896
1563.9650000000001	0.0003293835382160688
1563.97	0.0003314936330250217
1563.975	0.0003312042616353913
1563.98	0.00033028120768647515
1563.985	0.0003282027771414887
1563.99	0.00032639194999736006
1563.9950000000001	0.0003249633807586862
1564	0.00032490047860347525
1564.0049999999999	0.00032599990413607454
1564.01	0.00032775642242283874
1564.0149999999999	0.0003304348799812429
1564.02	0.00033260131801234933
1564.025	0.0003344182922501237
1564.03	0.000335165224450437
1564.0349999999999	0.00033464877383624443
1564.04	0.00033349401836766155
1564.0449999999998	0.00033147585034737636
1564.05	0.00032882484264596784
1564.055	0.00032576794138123064
1564.06	0.0003233438297620493
1564.065	0.00032222845215253084
1564.07	0.00032221469711567126
1564.0749999999998	0.00032334644626269164
1564.0800000000002	0.0003252787285673568
1564.085	0.00032758679957756094
1564.09	0.0003296024046667262
1564.095	0.00033130356051010753
1564.1	0.0003325008763519345
1564.105	0.0003324905032657178
1564.1100000000001	0.0003313712894370708
1564.115	0.0003290819659034311
1564.12	0.00032568560163777604
1564.125	0.00032190614506570885
1564.1299999999999	0.0003187635213154762
1564.135	0.0003173536679143539
1564.14	0.000317736785022893
1564.145	0.00032016237004699487
1564.1499999999999	0.00032272498403168164
1564.155	0.00032434838227668656
1564.1599999999999	0.0003245249403718131
1564.1650000000002	0.000322893853315548
1564.17	0.0003200517411778473
1564.175	0.00031708107024773274
1564.18	0.00031413686610487577
1564.185	0.0003119120310356237
1564.1899999999998	0.00031074213381821896
1564.1950000000002	0.00031073125855736797
1564.2	0.00031212410615621294
1564.205	0.00031448791529834847
1564.21	0.00031750043927110275
1564.215	0.0003205924188026765
1564.2199999999998	0.00032207576906826053
1564.2250000000001	0.0003223815352762011
1564.23	0.00032145347318434785
1564.235	0.00031970925109882803
1564.24	0.00031745449091894525
1564.245	0.0003159268191979777
1564.25	0.0003149332855933494
1564.255	0.0003149470600755402
1564.26	0.000315244506717789
1564.265	0.0003165026545291938
1564.27	0.00031850709506909836
1564.2749999999999	0.0003204354832229769
1564.28	0.0003230991182040028
1564.285	0.0003244263384174197
1564.29	0.0003249110661614893
1564.295	0.0003238164743709247
1564.3	0.00032215175476808463
1564.3049999999998	0.0003202248062671119
1564.3100000000002	0.00031884539216624105
1564.315	0.0003191235643844088
1564.32	0.0003199441427508374
1564.325	0.00032178861564372777
1564.33	0.00032347147186721607
1564.3349999999998	0.00032445138423879244
1564.3400000000001	0.0003248951771898625
1564.345	0.00032463913843882805
1564.35	0.0003237407156601544
1564.355	0.00032283270114052054
1564.36	0.0003215875769082461
1564.3649999999998	0.00032078940430609493
1564.3700000000001	0.00031982113735155946
1564.375	0.0003190348604763737
1564.38	0.0003186117504310567
1564.385	0.0003190578645857384
1564.3899999999999	0.0003197701141179942
1564.395	0.00032024252976666667
1564.4	0.0003205327084008364
1564.405	0.0003208345459236771
1564.41	0.0003208751676448596
1564.415	0.00032059476637769926
1564.4199999999998	0.0003201214960346805
1564.425	0.00031951842875359727
1564.43	0.00031940495964490924
1564.435	0.0003190158599692747
1564.44	0.000318422248977035
1564.445	0.0003184825958626506
1564.4499999999998	0.0003182196196424406
1564.4550000000002	0.0003182978543918578
1564.46	0.00031815191428073795
1564.465	0.0003179930541455651
1564.47	0.0003181190695415361
1564.475	0.00031800637616503257
1564.4799999999998	0.00031791641957750025
1564.4850000000001	0.00031810408105478516
1564.49	0.0003187779052452573
1564.4950000000001	0.00031928374602487324
1564.5	0.0003199485534665827
1564.5049999999999	0.0003209234878171478
1564.51	0.00032161034787973544
1564.515	0.0003217725472795529
1564.52	0.0003220854290681426
1564.525	0.0003222332821918831
1564.53	0.00032244577031529184
1564.5349999999999	0.00032278117488222145
1564.54	0.0003229656482554492
1564.545	0.00032314970143969306
1564.55	0.00032344630877727997
1564.555	0.0003241290686284519
1564.56	0.0003253063864585876
1564.5649999999998	0.0003264675092718642
1564.57	0.0003271991455949663
1564.575	0.00032761003514238514
1564.58	0.000327915697148855
1564.585	0.0003271850482335211
1564.59	0.00032679213340924146
1564.5949999999998	0.00032561607034861667
1564.6	0.0003242000924064635
1564.605	0.00032256163078603047
1564.6100000000001	0.00032219802196070164
1564.615	0.0003216847768160006
1564.62	0.00032226548375439317
1564.625	0.00032278545390620984
1564.63	0.0003238947258854707
1564.635	0.0003243862011315538
1564.64	0.00032369106893420185
1564.645	0.0003218454958020135
1564.6499999999999	0.0003192417083198839
1564.655	0.00031657476603955494
1564.66	0.0003147596745930616
1564.665	0.0003133565552951366
1564.67	0.000314008629041894
1564.675	0.0003153586122969542
1564.6799999999998	0.0003167569335738284
1564.685	0.00031737806022211706
1564.69	0.00031635342259157394
1564.695	0.00031421799399844214
1564.7	0.00031135401895465665
1564.705	0.0003087646561768945
1564.7099999999998	0.00030648602592669847
1564.715	0.00030528135920464944
1564.72	0.00030514045606499466
1564.7250000000001	0.0003059822847228778
1564.73	0.0003078104747215384
1564.735	0.0003105715486619116
1564.74	0.00031232693296685517
1564.745	0.00031372479953094864
1564.75	0.0003133932643146162
1564.755	0.00031213364624228216
1564.76	0.0003095560929698503
1564.7649999999999	0.00030600151438051786
1564.77	0.0003026226597485081
1564.775	0.000301276721577349
1564.78	0.00030153335434629584
1564.785	0.0003027901037237867
1564.79	0.0003057696575392958
1564.7949999999998	0.00030869238158479686
1564.8	0.00031261232831187886
1564.805	0.00031512969269152945
1564.81	0.0003164424904751507
1564.815	0.00031589581798580237
1564.82	0.0003137323264263099
1564.8249999999998	0.0003114293506565356
1564.83	0.00030995045210703125
1564.835	0.0003104968078388273
1564.8400000000001	0.00031326084688273125
1564.845	0.0003168700131002953
1564.85	0.0003203666957606005
1564.855	0.00032199282634816313
1564.86	0.000322311145967849
1564.865	0.00032202114886544983
1564.8700000000001	0.0003213217117938115
1564.875	0.0003202576974461397
1564.8799999999999	0.00031948551108840006
1564.885	0.00031918691815493625
1564.8899999999999	0.00031964989635104485
1564.895	0.0003204896043784334
1564.9	0.00032166713724774755
1564.905	0.0003238581991504002
1564.9099999999999	0.00032482092042511863
1564.915	0.0003249119730763399
1564.92	0.00032360566255817475
1564.925	0.0003224949344774389
1564.93	0.0003198390101050444
1564.935	0.0003180886591732093
1564.9399999999998	0.00031648750316681486
1564.945	0.00031611374812622083
1564.95	0.00031618513685113266
1564.9550000000002	0.00031751118131700766
1564.96	0.0003190666415508036
1564.965	0.0003210258689388977
1564.97	0.0003231739099118572
1564.975	0.0003248822845472168
1564.98	0.0003251296446428309
1564.9850000000001	0.0003238411603244877
1564.99	0.0003214573166427352
1564.995	0.0003188401747217062
1565	0.00031742700738821776
1565.0049999999999	0.0003183018592759896
1565.01	0.0003197464013266419
1565.015	0.00032135233658288646
1565.02	0.00032267818164357536
1565.0249999999999	0.0003230491675327156
1565.03	0.00032225787124387013
1565.0349999999999	0.0003204287645703627
1565.04	0.00031851967661374953
1565.045	0.00031632569869586696
1565.05	0.00031435254906054383
1565.0549999999998	0.00031323276371775043
1565.06	0.00031309412009362806
1565.0649999999998	0.0003138378254743337
1565.0700000000002	0.0003153535745026534
1565.075	0.0003173416488950809
1565.08	0.0003192454166788366
1565.085	0.0003202856670554897
1565.09	0.00032024338991525503
1565.095	0.0003192798413816396
1565.1000000000001	0.00031766692441428636
1565.105	0.00031523435081857
1565.11	0.00031300602042975175
1565.115	0.0003113914103677068
1565.12	0.00031062709160067806
1565.125	0.00031031765239930657
1565.13	0.0003111686173443165
1565.135	0.00031302684164051715
1565.1399999999999	0.00031544253417443047
1565.145	0.0003183282787323273
1565.1499999999999	0.0003207856885515419
1565.155	0.00032270053614446285
1565.16	0.00032277963044721026
1565.165	0.0003216017160864225
1565.1699999999998	0.0003191536971694595
1565.175	0.00031626198165422554
1565.1799999999998	0.0003143039903139521
1565.1850000000002	0.0003138893597211669
1565.19	0.00031476159101135616
1565.195	0.0003164463784772205
1565.2	0.00031823476797400414
1565.205	0.00032064395271096027
1565.2099999999998	0.0003226087337794868
1565.2150000000001	0.0003236010155136364
1565.22	0.00032394127041262584
1565.225	0.0003229638964952105
1565.23	0.0003216857156687971
1565.235	0.00032004068858377177
1565.24	0.0003183821279664129
1565.2450000000001	0.000317059459747206
1565.25	0.000316585681142526
1565.2549999999999	0.00031698856416645594
1565.26	0.0003180179795266247
1565.2649999999999	0.0003190209109219716
1565.27	0.0003203102665800865
1565.275	0.0003208967344155809
1565.28	0.0003207707412561448
1565.285	0.0003208338073369799
1565.29	0.00032055058848805604
1565.2949999999998	0.0003200525267666331
1565.3000000000002	0.00031840153407935637
1565.305	0.0003175454670161237
1565.31	0.00031667086306193915
1565.315	0.00031657153351293113
1565.32	0.0003167388087037302
1565.3249999999998	0.000317224290754182
1565.3300000000002	0.00031805764893344914
1565.335	0.000319481755009155
1565.34	0.00032057081664347225
1565.345	0.00032108541289983453
1565.35	0.00032081877731637127
1565.3549999999998	0.00032087387003470384
1565.3600000000001	0.0003204564606223441
1565.365	0.0003208575216510202
1565.37	0.0003211237661146602
1565.375	0.0003217787339901997
1565.3799999999999	0.0003223876628232621
1565.385	0.0003237564309522248
1565.39	0.00032454124470140337
1565.395	0.00032511419540050653
1565.4	0.0003255144428222188
1565.405	0.0003256243882173306
1565.4099999999999	0.00032558450932204566
1565.415	0.00032517065828203
1565.42	0.00032458702016281607
1565.425	0.00032470050089912034
1565.43	0.00032479983119454995
1565.435	0.00032559666697256446
1565.4399999999998	0.00032612454140176604
1565.4450000000002	0.0003276416158042382
1565.45	0.00032857823233165044
1565.455	0.00033061010713681847
1565.46	0.00033163665515718074
1565.465	0.00033254400838653186
1565.4699999999998	0.00033265696382832306
1565.4750000000001	0.0003316984974426553
1565.48	0.0003310229811480831
1565.485	0.0003301916181333891
1565.49	0.0003297753606006181
1565.495	0.000329425545193803
1565.5	0.0003293112677056341
1565.505	0.00032984998330604467
1565.51	0.0003304217293601955
1565.515	0.000330150806552497
1565.52	0.00032902520629775865
1565.5249999999999	0.0003272004167643459
1565.53	0.00032421576825823035
1565.535	0.0003207236776193815
1565.54	0.00031809813909214324
1565.545	0.0003173667931904879
1565.55	0.00031762623209579093
1565.5549999999998	0.0003185851967649757
1565.56	0.0003208200524367219
1565.565	0.0003224004164160661
1565.57	0.00032387351200504103
1565.575	0.0003244034960096397
1565.58	0.0003245707942124759
1565.5849999999998	0.00032407274983514955
1565.59	0.00032287924777316514
1565.595	0.00032123343429693016
1565.6	0.00031955487978510875
1565.605	0.00031842643909440566
1565.61	0.0003182515115161819
1565.615	0.00031935269336858435
1565.6200000000001	0.00032118437570290186
1565.625	0.00032282680365788174
1565.63	0.000324278352728571
1565.635	0.0003245605870882705
1565.6399999999999	0.0003241585720112137
1565.645	0.00032278911377827763
1565.65	0.0003209268023820286
1565.655	0.0003188800679281148
1565.66	0.0003172977614626871
1565.665	0.0003169545854358719
1565.6699999999998	0.0003178017106768192
1565.675	0.00032042543136551654
1565.68	0.0003247671764290029
1565.685	0.0003277838594796895
1565.69	0.0003279107618837883
1565.695	0.0003254720731143523
1565.6999999999998	0.0003223285632795342
1565.705	0.0003203417847153259
1565.71	0.00032009744313128225
1565.715	0.0003214750954792792
1565.72	0.00032443479674966133
1565.725	0.0003280508168411441
1565.73	0.0003309593106978958
1565.735	0.00033403044546511344
1565.74	0.0003355020067077817
1565.7450000000001	0.0003359443653642404
1565.75	0.00033527636642108804
1565.7549999999999	0.00033352048737238357
1565.76	0.00033158892073386476
1565.765	0.0003295136876945104
1565.77	0.00032870563527777173
1565.775	0.00032911831967014283
1565.78	0.00033027124396565566
1565.7849999999999	0.0003320701426904989
1565.79	0.0003336709989447087
1565.795	0.0003349967784437239
1565.8	0.0003352370654809854
1565.805	0.0003345262074099114
1565.81	0.00033332509819725034
1565.8149999999998	0.0003314556345535512
1565.82	0.0003289618941229319
1565.825	0.00032719931871327883
1565.83	0.0003262986793730612
1565.835	0.00032669306470463723
1565.84	0.00032884017446078686
1565.845	0.00033202461462677324
1565.85	0.00033561512995910044
1565.855	0.0003380745884483562
1565.8600000000001	0.0003383249612104642
1565.865	0.00033588159770737454
1565.87	0.00033332734006014586
1565.875	0.00033143737368562456
1565.8799999999999	0.00033020634506820214
1565.885	0.0003305765538616769
1565.89	0.0003317627530034631
1565.895	0.0003343086224150401
1565.8999999999999	0.00033692908084839013
1565.905	0.00033930729107599437
1565.91	0.00034087689759597074
1565.915	0.00034135033416855223
1565.92	0.00034113923806244466
1565.925	0.0003398498824043297
1565.9299999999998	0.0003379688950888171
1565.935	0.0003360051489481034
1565.94	0.00033511977885752973
1565.945	0.00033512050401918755
1565.95	0.00033650177116400853
1565.955	0.00033775784343277734
1565.96	0.00034000217548584607
1565.965	0.00034135538104076405
1565.97	0.0003427301057221573
1565.9750000000001	0.0003434727818387138
1565.98	0.0003437314946703432
1565.985	0.0003437117310882075
1565.99	0.0003427473137652646
1565.995	0.00034170749209279865
1566	0.0003405737846803606
1566.005	0.0003405796027737572
1566.01	0.0003411888609232903
1566.0149999999999	0.0003425953367092239
1566.02	0.000344945138290082
1566.0249999999999	0.0003470181918564897
1566.03	0.00034790120185326605
1566.035	0.00034740476992754077
1566.04	0.00034608593176950724
1566.0449999999998	0.00034376760075754145
1566.05	0.0003413387488237232
1566.055	0.0003396537495198114
1566.06	0.000339045670716077
1566.065	0.0003397152543678899
1566.07	0.0003406043049926049
1566.075	0.0003423961678132297
1566.08	0.00034414403278431823
1566.085	0.00034474636979327466
1566.0900000000001	0.00034448393104408094
1566.095	0.0003430880960175725
1566.1	0.0003412773195620638
1566.105	0.00033869397075304234
1566.11	0.0003360638856602309
1566.115	0.0003338793615048426
1566.1200000000001	0.0003323066486333421
1566.125	0.00033148229288856764
1566.1299999999999	0.00033161235765464246
1566.135	0.00033261681664106677
1566.1399999999999	0.0003352113288880612
1566.145	0.000337028806149187
1566.15	0.0003402951514288494
1566.155	0.0003419724424934435
1566.1599999999999	0.0003429529023114436
1566.165	0.00034202064687376675
1566.1699999999998	0.0003409549538295384
1566.175	0.00033887801468128465
1566.18	0.00033730986272648177
1566.185	0.00033565234738109
1566.19	0.000334512574607217
1566.195	0.00033405759876537546
1566.1999999999998	0.0003345370444042283
1566.2050000000002	0.0003361563553590619
1566.21	0.00033819711309856387
1566.215	0.0003403653468054729
1566.22	0.0003419573924937604
1566.225	0.00034228489283353827
1566.23	0.000341811713433675
1566.2350000000001	0.00034063498076360757
1566.24	0.00034041783995991085
1566.245	0.00034066551958188986
1566.25	0.00034118963416496326
1566.2549999999999	0.00034268207060852843
1566.26	0.00034407928625741427
1566.265	0.0003458135467985452
1566.27	0.0003470219028239423
1566.2749999999999	0.0003477180126295125
1566.28	0.00034763956426322426
1566.2849999999999	0.00034672811489595585
1566.29	0.0003451864044998514
1566.295	0.0003431625649633464
1566.3	0.00034112085363808474
1566.305	0.00033957063167991
1566.31	0.000339022525337558
1566.3149999999998	0.00033917076560267486
1566.3200000000002	0.00034041410956027837
1566.325	0.0003423029542723747
1566.33	0.0003444912590283744
1566.335	0.00034616442453183535
1566.34	0.0003474651243249944
1566.3449999999998	0.0003482789417598876
1566.3500000000001	0.0003483055749072903
1566.355	0.0003474135173154977
1566.36	0.0003460506320633253
1566.365	0.00034415081632752255
1566.37	0.0003430005939420038
1566.375	0.00034314320599677825
1566.38	0.00034527334211831886
1566.385	0.0003478902887372562
1566.3899999999999	0.00035008662935678896
1566.395	0.00034985846264490837
1566.3999999999999	0.0003486807793658812
1566.405	0.00034619032336877665
1566.41	0.00034366870417098497
1566.415	0.00034119631401688556
1566.42	0.0003402867145665218
1566.425	0.0003402353031560777
1566.4299999999998	0.0003409383429624209
1566.4350000000002	0.000342797553939265
1566.44	0.0003449975998344829
1566.445	0.0003468933631355604
1566.45	0.00034811737024658117
1566.455	0.00034808615362843945
1566.4599999999998	0.00034713496426434174
1566.4650000000001	0.0003454445980160173
1566.47	0.0003431317166824049
1566.475	0.0003406406930764364
1566.48	0.0003394643219077544
1566.485	0.00033899728213849405
1566.4899999999998	0.000339928666015983
1566.4950000000001	0.0003417503050818861
1566.5	0.00034349300719592685
1566.505	0.0003453517421222966
1566.51	0.0003465031176589906
1566.5149999999999	0.0003470185795568125
1566.52	0.0003463552771044714
1566.525	0.00034510375725083005
1566.53	0.0003429500716910904
1566.535	0.0003405217948283713
1566.54	0.00033827459773024785
1566.5449999999998	0.00033809442329859566
1566.55	0.0003394257749664956
1566.555	0.0003428452380820389
1566.56	0.0003468534344926082
1566.565	0.00035021996248324325
1566.57	0.0003513392472146671
1566.5749999999998	0.0003502832844514609
1566.5800000000002	0.00034823303958657093
1566.585	0.00034580511768596197
1566.59	0.0003433167922027679
1566.595	0.000341567135197455
1566.6	0.00034096901715488515
1566.6049999999998	0.00034172128680539244
1566.6100000000001	0.00034399401331157463
1566.615	0.00034650777952643366
1566.6200000000001	0.0003495653798048388
1566.625	0.00035128045547247206
1566.6299999999999	0.0003520732053750868
1566.635	0.000350909740946146
1566.64	0.0003489145089232244
1566.645	0.0003462808166336593
1566.65	0.0003442027190970517
1566.655	0.0003430170018177574
1566.6599999999999	0.0003420819001257867
1566.665	0.0003425066359235403
1566.67	0.0003436739300850398
1566.675	0.0003454724795368031
1566.68	0.0003469371271035228
1566.685	0.00034818732242330617
1566.6899999999998	0.0003487750933412108
1566.695	0.0003481378054349351
1566.7	0.00034617844981397415
1566.705	0.00034324605420318563
1566.71	0.0003402332431108813
1566.715	0.0003391002137506928
1566.7199999999998	0.00034038998028606047
1566.725	0.00034326074523898106
1566.73	0.00034614543587822323
1566.7350000000001	0.00034943814308786847
1566.74	0.0003497674604002322
1566.745	0.0003482410345865637
1566.75	0.00034536851864439775
1566.755	0.0003423748230943486
1566.76	0.0003399055527144766
1566.765	0.00033887652428063334
1566.77	0.00033980998410261315
1566.7749999999999	0.0003421850582518395
1566.78	0.00034530290242743385
1566.785	0.0003496471597164504
1566.79	0.0003520159825181394
1566.795	0.00035368153865881124
1566.8	0.00035369157874136755
1566.8049999999998	0.00035278446139589895
1566.81	0.0003514930918437267
1566.815	0.0003498137201371679
1566.82	0.0003483218537128301
1566.825	0.0003476590892427232
1566.83	0.00034891664934178553
1566.8349999999998	0.0003499078261621228
1566.84	0.00035219497828874353
1566.845	0.0003544099534402674
1566.8500000000001	0.00035618974988099
1566.855	0.00035807421522420456
1566.86	0.0003592182983579678
1566.865	0.000359636964216651
1566.87	0.000359294284973089
1566.875	0.00035806452751511173
1566.88	0.0003564801243773439
1566.885	0.0003547498563963607
1566.8899999999999	0.000353234554064703
1566.895	0.0003534000410723823
1566.9	0.00035421914802932043
1566.905	0.00035578914796668753
1566.91	0.00035775073509979624
1566.915	0.00035971145689686
1566.9199999999998	0.00036114069024702916
1566.925	0.0003615388250688723
1566.93	0.0003610452915796709
1566.935	0.0003591661573813812
1566.94	0.0003568001746762575
1566.945	0.00035542927475063185
1566.9499999999998	0.0003541770485787908
1566.955	0.00035430639395374813
1566.96	0.00035474039707159634
1566.9650000000001	0.0003554587255628448
1566.97	0.00035551387320192397
1566.975	0.000354868253229648
1566.98	0.0003535146612567806
1566.985	0.00035170763559934197
1566.99	0.0003488669070942004
1566.9950000000001	0.000345773421545572
1567	0.0003427639191552237
1567.0049999999999	0.0003402269233399073
1567.01	0.00033902998512187185
1567.0149999999999	0.0003392050299486194
1567.02	0.00034107561781283386
1567.025	0.0003426781576887536
1567.03	0.00034596997994148127
1567.0349999999999	0.000347497139641492
1567.04	0.00034974579278372354
1567.045	0.00035016148831115294
1567.05	0.00034987891575305273
1567.055	0.0003484216433537044
1567.06	0.0003466778189314911
1567.0649999999998	0.0003452709663163607
1567.07	0.0003449033130694458
1567.075	0.0003459526972861447
1567.0800000000002	0.0003495192686351058
1567.085	0.0003523132667985915
1567.09	0.0003550159490236479
1567.095	0.0003559519605055213
1567.1	0.0003557397974363515
1567.105	0.00035467352132894335
1567.1100000000001	0.00035379979286603554
1567.115	0.00035328538014286174
1567.12	0.00035317103984322995
1567.125	0.00035462545519601333
1567.1299999999999	0.0003558527242635314
1567.135	0.0003577876843281884
1567.14	0.0003595357976766663
1567.145	0.0003606012264959918
1567.1499999999999	0.0003609694717222303
1567.155	0.0003606352025598811
1567.1599999999999	0.00035910270967247696
1567.165	0.0003570594128899357
1567.17	0.00035510897999333385
1567.175	0.0003539424068055582
1567.1799999999998	0.00035321711403823157
1567.185	0.0003535328574956535
1567.1899999999998	0.00035437894077810486
1567.1950000000002	0.00035607412389648384
1567.2	0.0003578848256285184
1567.205	0.00035909435765588577
1567.21	0.0003598869337414781
1567.215	0.0003603729807716372
1567.22	0.000359837866300113
1567.2250000000001	0.0003585177077112379
1567.23	0.0003564465822646117
1567.235	0.00035323723331084
1567.24	0.0003495225454645149
1567.245	0.0003467575532081029
1567.25	0.00034608684858189286
1567.255	0.00034730915066045147
1567.26	0.0003505880542909202
1567.2649999999999	0.0003534694758043434
1567.27	0.0003552064367337093
1567.2749999999999	0.0003553557555494075
1567.28	0.0003536729253975855
1567.285	0.000350422197217507
1567.29	0.0003470732035588555
1567.2949999999998	0.00034354877046842923
1567.3	0.0003407946707469043
1567.3049999999998	0.00033891865644768946
1567.3100000000002	0.00033814452673644333
1567.315	0.00033925934128097365
1567.32	0.0003423200111714434
1567.325	0.00034691468123285206
1567.33	0.0003519281424084959
1567.3349999999998	0.00035600156436844976
1567.3400000000001	0.0003585992288213425
1567.345	0.0003598036362263661
1567.35	0.0003595400270043807
1567.355	0.0003582634953404488
1567.36	0.00035701265861482715
1567.365	0.0003558649686026524
1567.3700000000001	0.0003549641512036701
1567.375	0.00035465090504993173
1567.3799999999999	0.00035503442437367894
1567.385	0.0003562424115915702
1567.3899999999999	0.0003583645784759386
1567.395	0.00036039797534162895
1567.4	0.00036124266008317243
1567.405	0.0003602516512609393
1567.4099999999999	0.00035789266310067247
1567.415	0.0003546694586213922
1567.4199999999998	0.0003526237603231198
1567.4250000000002	0.0003539337432405004
1567.43	0.0003546663853509204
1567.435	0.00035878886410101375
1567.44	0.0003615040452176549
1567.445	0.00036405949524678105
1567.4499999999998	0.0003649899943571523
1567.4550000000002	0.00036428627379068567
1567.46	0.0003622203619910313
1567.465	0.00035930207586758347
1567.47	0.00035640981546977105
1567.475	0.0003540349315907151
1567.4799999999998	0.0003531061632810792
1567.4850000000001	0.0003536690259724944
1567.49	0.0003551297845708832
1567.495	0.00035808871493838205
1567.5	0.00036016903552437367
1567.5049999999999	0.0003614576299281698
1567.51	0.0003614491752392461
1567.515	0.0003601927746320676
1567.52	0.00035784608960284206
1567.525	0.00035452774594639253
1567.53	0.0003513917803663005
1567.5349999999999	0.00034799134103203906
1567.54	0.00034590156395424986
1567.545	0.0003441728118570192
1567.55	0.00034427596254842465
1567.555	0.00034636146635750654
1567.56	0.0003488299815432929
1567.5649999999998	0.00035281614170883373
1567.5700000000002	0.0003556514453557974
1567.575	0.0003582006282104774
1567.58	0.0003589374555380448
1567.585	0.00035866813263811634
1567.59	0.0003570322096268814
1567.5949999999998	0.0003551098308271915
1567.6000000000001	0.0003536522981536954
1567.605	0.000354034744395685
1567.61	0.00035504527599261446
1567.615	0.0003573775688008464
1567.62	0.00035976449117330677
1567.625	0.00036202464639355236
1567.63	0.0003629886581515689
1567.635	0.0003624542012049704
1567.64	0.0003604308630264844
1567.645	0.0003581569652848368
1567.6499999999999	0.00035647781728777506
1567.655	0.0003560185746453268
1567.66	0.0003569026318245311
1567.665	0.000358942668133044
1567.67	0.00036246435164203434
1567.675	0.0003660623038174888
1567.6799999999998	0.0003693041267969053
1567.685	0.00037151032148219045
1567.69	0.00037262376037571615
1567.695	0.0003722497351691194
1567.7	0.0003704999988989768
1567.705	0.00036859060432518296
1567.7099999999998	0.0003669235728657857
1567.7150000000001	0.00036591878172321813
1567.72	0.00036564201344212
1567.725	0.00036668829015955296
1567.73	0.0003685578478416572
1567.735	0.0003711594428248786
1567.74	0.000373403843717226
1567.7450000000001	0.00037525336114762264
1567.75	0.0003760826307779243
1567.755	0.00037718994359996346
1567.76	0.0003768872121018912
1567.7649999999999	0.00037580899884457676
1567.77	0.0003743742075732479
1567.775	0.0003737062976849616
1567.78	0.00037269768783113386
1567.785	0.0003723709664285883
1567.79	0.0003722733646154031
1567.7949999999998	0.0003724451515075263
1567.8	0.0003720388135523064
1567.805	0.00037155013632031284
1567.81	0.00037101327699900957
1567.815	0.0003702016798146905
1567.82	0.00036969981744704324
1567.8249999999998	0.000369013408826149
1567.83	0.00036871648629481995
1567.835	0.0003683142053802503
1567.84	0.00036904187856164625
1567.845	0.00037048390242861416
1567.85	0.00037236520694769795
1567.855	0.00037437607627536243
1567.86	0.0003759775262244882
1567.865	0.0003769576638287647
1567.8700000000001	0.0003769600791173282
1567.875	0.00037611841219880844
1567.8799999999999	0.0003744900281953881
1567.885	0.0003731271928328921
1567.89	0.00037169314171356984
1567.895	0.0003709967343668879
1567.9	0.0003715213793109417
1567.905	0.00037193814183918513
1567.9099999999999	0.00037358755580676974
1567.915	0.0003750254806238926
1567.92	0.0003767590027559389
1567.925	0.0003775472087971768
1567.93	0.00037778779294681843
1567.935	0.00037683894585265065
1567.9399999999998	0.0003750381850569392
1567.945	0.0003738298935706306
1567.95	0.0003741738390110418
1567.955	0.00037547473162192465
1567.96	0.0003784193613595938
1567.965	0.0003809321529012831
1567.97	0.0003827790138059951
1567.975	0.00038318268213175156
1567.98	0.00038290482100202525
1567.9850000000001	0.0003810950748872438
1567.99	0.00037924967754019004
1567.995	0.0003770041021978941
1568	0.0003753639770224617
1568.0049999999999	0.0003745689075271342
1568.01	0.0003755645354726201
1568.015	0.000378498552460935
1568.02	0.00038200018362779707
1568.0249999999999	0.0003856636300528783
1568.03	0.00038848298440740823
1568.035	0.0003898458556112437
1568.04	0.0003891247706027714
1568.045	0.00038768471105920155
1568.05	0.00038546539496125796
1568.0549999999998	0.0003837096890918849
1568.06	0.000381909818424891
1568.065	0.0003803406656310689
1568.07	0.0003799565412120823
1568.075	0.00038004460492196203
1568.08	0.00038162913689623705
1568.085	0.00038365355337355756
1568.09	0.0003855974962154942
1568.095	0.00038682081354158925
1568.1000000000001	0.00038686240522062254
1568.105	0.0003848608030238574
1568.11	0.0003814212711023804
1568.115	0.0003791685567875283
1568.12	0.00037777836680474023
1568.125	0.0003781566046628611
1568.13	0.0003789677930377779
1568.135	0.0003802815679010104
1568.1399999999999	0.000381618031825188
1568.145	0.00038205797315974223
1568.1499999999999	0.0003818907343052388
1568.155	0.00038064616296871985
1568.16	0.00037835328873857775
1568.165	0.00037554827455961426
1568.1699999999998	0.000372451217311567
1568.175	0.0003699097392646104
1568.18	0.0003678404030231445
1568.185	0.00036811027211161807
1568.19	0.00036977708003419813
1568.195	0.0003725540774677015
1568.2	0.0003758664661861718
1568.205	0.00037886347404365904
1568.21	0.0003814833933981667
1568.2150000000001	0.0003832283693801641
1568.22	0.00038353785428793606
1568.225	0.00038335872187977605
1568.23	0.0003825929303378643
1568.235	0.0003810437161732674
1568.24	0.0003787916393849121
1568.2450000000001	0.00037723033744513476
1568.25	0.00037574773906029463
1568.2549999999999	0.00037532603059953066
1568.26	0.000376518747174684
1568.2649999999999	0.0003786144733722395
1568.27	0.0003818899907663468
1568.275	0.00038580880560569464
1568.28	0.00038882034941544364
1568.2849999999999	0.00038993467443133417
1568.29	0.0003891906515165716
1568.2949999999998	0.00038755635822621887
1568.3	0.0003844172489978046
1568.305	0.00038167875061782483
1568.31	0.00037980399197426104
1568.315	0.00037996463397568016
1568.32	0.0003811639326899875
1568.3249999999998	0.0003851758835550014
1568.3300000000002	0.00038877487771954406
1568.335	0.0003929689337345718
1568.34	0.0003950489323278051
1568.345	0.00039519315444085313
1568.35	0.0003934981027689028
1568.355	0.0003904435438862538
1568.3600000000001	0.00038694493942562736
1568.365	0.0003838582860106038
1568.37	0.0003809714740099061
1568.375	0.0003794026729326205
1568.3799999999999	0.0003805287739615041
1568.385	0.00038105295964500555
1568.39	0.0003849591870265341
1568.395	0.000387254723593348
1568.3999999999999	0.0003905641932072971
1568.405	0.0003916944563878666
1568.4099999999999	0.00039162798098451467
1568.415	0.00038972155994531575
1568.42	0.000386886587644261
1568.425	0.0003835727283178772
1568.43	0.0003809274487945099
1568.435	0.00037941409210048816
1568.4399999999998	0.00038017213664088065
1568.4450000000002	0.00038192747396074983
1568.45	0.00038548928407666907
1568.455	0.0003882323582069526
1568.46	0.0003900950568771071
1568.465	0.0003884883496193148
1568.4699999999998	0.0003858883200725011
1568.4750000000001	0.0003833753712560662
1568.48	0.0003823584972183456
1568.485	0.0003826885904750255
1568.49	0.0003848850606313431
1568.495	0.0003881906586440123
1568.5	0.000391190337347554
1568.505	0.000393797051437337
1568.51	0.00039460007051529813
1568.5149999999999	0.00039445189171081986
1568.52	0.0003932627843449835
1568.5249999999999	0.0003913463868773437
1568.53	0.00038923133588788877
1568.535	0.00038764705275998683
1568.54	0.00038723097153294325
1568.545	0.00038803418964294576
1568.55	0.000390611670252126
1568.5549999999998	0.00039386083307817047
1568.5600000000002	0.0003965540411750387
1568.565	0.00039864923857630265
1568.57	0.0003993651524504334
1568.575	0.00039867115579168133
1568.58	0.00039705934403994444
1568.5849999999998	0.0003954610407089692
1568.5900000000001	0.0003938574503541211
1568.595	0.00039293898125414083
1568.6	0.0003925284848305312
1568.605	0.00039310339370971626
1568.61	0.0003944897408631463
1568.6149999999998	0.00039666207558438407
1568.6200000000001	0.0003989064515888874
1568.625	0.00040039346051511825
1568.6299999999999	0.000400664220147591
1568.635	0.0003991627656463677
1568.6399999999999	0.0003964142422518559
1568.645	0.00039387570473335194
1568.65	0.0003923614278033727
1568.655	0.00039148777879361633
1568.66	0.0003914743463029683
1568.665	0.0003915131332680312
1568.6699999999998	0.000393637795612049
1568.675	0.00039448302376458123
1568.68	0.0003967337857626151
1568.685	0.0003983507142613145
1568.69	0.00039985861152812323
1568.695	0.0004007885983948012
1568.6999999999998	0.00040088074571252927
1568.7050000000002	0.0004000074294503835
1568.71	0.0003984006805991306
1568.715	0.0003962617867087304
1568.72	0.00039408004549214054
1568.725	0.00039270533765161584
1568.7299999999998	0.00039191917963377233
1568.7350000000001	0.0003928621981964401
1568.74	0.00039413335433742715
1568.745	0.00039612809640419836
1568.75	0.00039770471620929177
1568.7549999999999	0.00039926446131682754
1568.76	0.0004001655615866185
1568.765	0.0004004662995488731
1568.77	0.0004002219611167487
1568.775	0.00039917747505241165
1568.78	0.00039753737985994954
1568.7849999999999	0.0003965524388545628
1568.79	0.0003970674171283942
1568.795	0.0003983859628767981
1568.8	0.0004002154010135849
1568.805	0.00040204706946797504
1568.81	0.00040164061910119797
1568.8149999999998	0.00040017004376184494
1568.82	0.000397815990293043
1568.825	0.0003963768780008606
1568.83	0.0003951304244617553
1568.835	0.0003949173090413338
1568.84	0.000395849114112612
1568.8449999999998	0.00039745395743109163
1568.85	0.00039964908900826785
1568.855	0.0004018574662505198
1568.8600000000001	0.0004030818623319158
1568.865	0.00040361991295711564
1568.87	0.0004023717979336308
1568.875	0.0004007492819171243
1568.88	0.00039885214626268485
1568.885	0.00039767145972762895
1568.89	0.0003967815326433199
1568.895	0.0003972944286703219
1568.8999999999999	0.00039704412446717435
1568.905	0.0003978276667284241
1568.91	0.0003975698968560669
1568.915	0.0003968709974925404
1568.92	0.00039524562812513476
1568.925	0.00039289697550115024
1568.9299999999998	0.00039036723010657005
1568.935	0.00038773973274333867
1568.94	0.00038535095885609924
1568.945	0.0003837677441903626
1568.95	0.00038337562785166956
1568.955	0.00038459301183358524
1568.9599999999998	0.00038774054834775037
1568.965	0.0003914256451210548
1568.97	0.0003947081182402006
1568.9750000000001	0.0003959092040337692
1568.98	0.00039511773803665973
1568.985	0.00039176721461836166
1568.99	0.00038800336471682065
1568.995	0.0003840119593645484
1569	0.0003809492089224345
1569.005	0.000378469991492592
1569.01	0.00037796798537060054
1569.0149999999999	0.0003799527518708954
1569.02	0.0003818943464329937
1569.025	0.00038521365963287797
1569.03	0.0003875668817498652
1569.035	0.0003893608440769688
1569.04	0.0003892810190198256
1569.0449999999998	0.0003875001267056681
1569.05	0.0003848436828064539
1569.055	0.00038163907638879657
1569.06	0.00037846555728873884
1569.065	0.0003765117145910195
1569.07	0.00037535765289322493
1569.0749999999998	0.0003751075596668089
1569.08	0.00037638521104723467
1569.085	0.00037823033885623036
1569.0900000000001	0.0003812507525998577
1569.095	0.0003836800638993852
1569.1	0.0003860453251668217
1569.105	0.0003867893101071093
1569.11	0.00038636055914393805
1569.115	0.00038417433370361377
1569.1200000000001	0.0003805311921854784
1569.125	0.00037661822482096133
1569.1299999999999	0.00037394805955330606
1569.135	0.00037368878623126727
1569.1399999999999	0.0003761133145737892
1569.145	0.0003798772054998719
1569.15	0.0003839923122805287
1569.155	0.00038720546691117287
1569.1599999999999	0.0003894820799521966
1569.165	0.0003889132323569188
1569.17	0.00038633733513907697
1569.175	0.00038263780929915825
1569.18	0.00037902161334673614
1569.185	0.0003758398758622224
1569.1899999999998	0.0003740894669197901
1569.195	0.0003739475290098171
1569.2	0.0003750228343873154
1569.2050000000002	0.0003775391615621422
1569.21	0.00038035972416556885
1569.215	0.00038349930484769676
1569.22	0.0003859216197999995
1569.225	0.00038706927438427233
1569.23	0.00038663346661564185
1569.2350000000001	0.00038478807683200463
1569.24	0.0003822253518164077
1569.245	0.0003789861626994638
1569.25	0.0003759467703108543
1569.2549999999999	0.00037334038896721683
1569.26	0.00037188312087850533
1569.265	0.00037274891137142034
1569.27	0.0003738568815341878
1569.2749999999999	0.00037717178878141533
1569.28	0.0003794048487568095
1569.2849999999999	0.00038195896159746713
1569.29	0.0003832827204387667
1569.295	0.00038378325062495716
1569.3	0.0003821648172241863
1569.3049999999998	0.00037951574667024926
1569.31	0.0003762916290550645
1569.315	0.0003734015881290666
1569.3200000000002	0.0003713950812212203
1569.325	0.0003714617207288632
1569.33	0.00037300507907631276
1569.335	0.0003758292379515928
1569.34	0.00037830467338059227
1569.345	0.00037987178814784863
1569.3500000000001	0.0003789294208907473
1569.355	0.00037687577801185187
1569.36	0.00037370983089464823
1569.365	0.0003716253974836151
1569.37	0.0003702169230042739
1569.375	0.0003699026744558314
1569.38	0.00037014503347181094
1569.385	0.0003713849144193809
1569.3899999999999	0.0003737186904815248
1569.395	0.00037551337949827
1569.3999999999999	0.00037638016036664433
1569.405	0.0003758727632260179
1569.41	0.0003746002357585051
1569.415	0.00037144807988091636
1569.4199999999998	0.00036857577214119284
1569.425	0.00036644358052181827
1569.4299999999998	0.00036643291858227706
1569.4350000000002	0.0003669038530315625
1569.44	0.00036889564350978327
1569.445	0.00037154516649345106
1569.45	0.00037409236092629506
1569.455	0.0003760445941272428
1569.4599999999998	0.000376132382771433
1569.4650000000001	0.00037440524301037513
1569.47	0.00037149340748302516
1569.475	0.0003679360411364963
1569.48	0.00036531946978900025
1569.485	0.00036525418414748407
1569.49	0.0003677836664877473
1569.4950000000001	0.00037013670594266557
1569.5	0.00037276442140748257
1569.5049999999999	0.00037432268816121417
1569.51	0.00037527093668504786
1569.5149999999999	0.0003748609323269923
1569.52	0.000374070332669363
1569.525	0.0003733767582821619
1569.53	0.0003725201528000244
1569.5349999999999	0.0003719436229143368
1569.54	0.00037149256653740755
1569.5449999999998	0.000371324533382461
1569.5500000000002	0.00037153484354830605
1569.555	0.0003714685343602974
1569.56	0.00037187410959841006
1569.565	0.0003717582332364105
1569.57	0.00037163796180274446
1569.5749999999998	0.0003705383512787945
1569.5800000000002	0.00036966125320925757
1569.585	0.000368044443088237
1569.59	0.0003670567288872856
1569.595	0.00036614621501249254
1569.6	0.0003654524293185926
1569.6049999999998	0.00036480629402818626
1569.6100000000001	0.00036422367828375387
1569.615	0.0003642626488485672
1569.62	0.0003648698679639421
1569.625	0.0003654575523955708
1569.6299999999999	0.00036639101633176687
1569.635	0.00036747957863015663
1569.64	0.00036830526361134177
1569.645	0.00036884650888527527
1569.6499999999999	0.00036893185394625797
1569.655	0.0003688619973025181
1569.6599999999999	0.0003681011276861246
1569.665	0.00036823229780233473
1569.67	0.0003680046188951172
1569.675	0.0003688834706342181
1569.68	0.00036912587434169566
1569.685	0.0003693468785221977
1569.6899999999998	0.00036884651434391445
1569.6950000000002	0.00036808422414724094
1569.7	0.0003674828331779083
1569.705	0.0003662246854530415
1569.71	0.00036545676729138045
1569.715	0.0003649708345369746
1569.7199999999998	0.00036503134523669013
1569.7250000000001	0.0003654901827149217
1569.73	0.0003668891943187007
1569.735	0.0003684246916485063
1569.74	0.00036983189632287935
1569.745	0.00037028945502748996
1569.7499999999998	0.0003698932840056259
1569.755	0.000368418625668452
1569.76	0.0003663827633710629
1569.765	0.0003638083654318793
1569.77	0.0003614983955018628
1569.7749999999999	0.000359344334857768
1569.78	0.0003578569473535157
1569.785	0.0003577359445248036
1569.79	0.00035822570592676387
1569.795	0.0003606530700731327
1569.8	0.0003635907497652547
1569.8049999999998	0.0003658047732817028
1569.81	0.00036577157167541776
1569.815	0.0003627054242758085
1569.82	0.000357327605181878
1569.825	0.00035172504882047256
1569.83	0.0003485158325093677
1569.8349999999998	0.00034735808187089464
1569.8400000000001	0.00034825061408588157
1569.845	0.0003512250255584908
1569.85	0.00035418349077996484
1569.855	0.00035729897749087316
1569.86	0.00035854693048229815
1569.8649999999998	0.0003583307231262203
1569.8700000000001	0.0003564407994565284
1569.875	0.0003534274296403919
1569.88	0.0003503034308024366
1569.885	0.0003475775983509653
1569.8899999999999	0.00034590492558275417
1569.895	0.0003455255040585222
1569.9	0.00034706506974163865
1569.905	0.00034992902122315763
1569.91	0.0003525938089708071
1569.915	0.0003546481012643496
1569.9199999999998	0.00035565336914070183
1569.925	0.00035574108930686694
1569.93	0.00035426857048676723
1569.935	0.00035135182322720176
1569.94	0.0003478517581504493
1569.945	0.0003439252541201511
1569.9499999999998	0.00033975490702672565
1569.955	0.0003365216489272011
1569.96	0.00033472625700016294
1569.965	0.0003352097434901336
1569.97	0.0003382036091161709
1569.975	0.0003430327375190403
1569.98	0.000348824923587684
1569.985	0.0003540414418134523
1569.99	0.0003575433352823845
1569.9950000000001	0.0003587610116773619
1570	0.0003579692405914745
1570.0049999999999	0.0003559078486070414
1570.01	0.0003535292353304472
1570.015	0.00035212705204388703
1570.02	0.0003521423252076173
1570.025	0.0003539089305665604
1570.03	0.0003558515552806759
1570.0349999999999	0.0003584141565970041
1570.04	0.0003596628609835854
1570.045	0.00035984917988971194
1570.05	0.0003590043164994087
1570.055	0.00035718131618416287
1570.06	0.0003545713154660179
1570.0649999999998	0.00035171791970979246
1570.07	0.00034945962393420523
1570.075	0.00034788751529940526
1570.08	0.0003475424815673083
1570.085	0.00034782555599486886
1570.09	0.00034935536360045766
1570.095	0.000352464513353383
1570.1	0.0003556487982727543
1570.105	0.0003591542306816456
1570.1100000000001	0.00036112387876830794
1570.115	0.00036208704201458645
1570.12	0.0003603757485116043
1570.125	0.00035767704933445724
1570.1299999999999	0.00035414871568400277
1570.135	0.000351468464906587
1570.14	0.0003499594699464881
1570.145	0.0003500019975481321
1570.1499999999999	0.0003524200146024628
1570.155	0.00035726481320424904
1570.16	0.0003622213699970365
1570.165	0.00036555113967702346
1570.17	0.00036563741823610394
1570.175	0.0003632872352100947
1570.1799999999998	0.00035915595584919976
1570.185	0.0003560025194508452
1570.19	0.0003542659099837095
1570.195	0.0003549142709069621
1570.2	0.000356945154048491
1570.205	0.00035996033554802013
1570.21	0.0003631561233581458
1570.215	0.000365361686998068
1570.22	0.00036654508141036166
1570.2250000000001	0.00036656983462725595
1570.23	0.00036539687405291835
1570.235	0.0003633598444769993
1570.24	0.00036065015868321035
1570.245	0.0003581646848240258
1570.25	0.0003559564375300192
1570.255	0.0003544936131784298
1570.26	0.00035434148361366576
1570.2649999999999	0.0003552685895787485
1570.27	0.0003577609054770357
1570.2749999999999	0.0003593686043363201
1570.28	0.0003620942507083175
1570.285	0.0003635315804684979
1570.29	0.0003640749662224421
1570.2949999999998	0.0003629994975952671
1570.3	0.00036132826684061927
1570.305	0.0003595274130432983
1570.31	0.0003577051447017725
1570.315	0.000356321994729379
1570.32	0.0003559381900642437
1570.325	0.0003566851430668264
1570.33	0.0003584131068949229
1570.335	0.000361502975842528
1570.3400000000001	0.0003642680333318361
1570.345	0.0003655396026394149
1570.35	0.0003656467421845658
1570.355	0.0003644263047384024
1570.36	0.000362928876097102
1570.365	0.0003619187023845931
1570.3700000000001	0.0003619186961129811
1570.375	0.0003624625672493903
1570.3799999999999	0.0003631767600011128
1570.385	0.00036441452924631525
1570.3899999999999	0.00036487554663108986
1570.395	0.00036515891919139127
1570.4	0.0003647905361319902
1570.405	0.00036408213242481184
1570.4099999999999	0.00036258398924743487
1570.415	0.0003610285350342572
1570.4199999999998	0.00036008422716924835
1570.425	0.00036027547077192986
1570.43	0.00036117412197509406
1570.435	0.0003634443445947195
1570.44	0.00036535013129677956
1570.445	0.00036846204237544924
1570.4499999999998	0.0003706412096047323
1570.4550000000002	0.0003727214058866751
1570.46	0.00037351412850539114
1570.465	0.00037378791823907824
1570.47	0.00037403457343947313
1570.475	0.0003734224704741016
1570.48	0.0003726685030110948
1570.4850000000001	0.00037134470299412153
1570.49	0.00037009317244298166
1570.495	0.00036970026735512067
1570.5	0.000370386886651308
1570.5049999999999	0.0003720385635285392
1570.51	0.0003729976706085328
1570.515	0.00037397000794578064
1570.52	0.0003735350751117889
1570.5249999999999	0.00037296630790734114
1570.53	0.0003719511980319077
1570.5349999999999	0.0003711510459362679
1570.54	0.0003705975941642719
1570.545	0.00037068061004483574
1570.55	0.00037208538957561355
1570.555	0.00037302032688845484
1570.56	0.00037512612439571697
1570.5649999999998	0.000377020012588439
1570.5700000000002	0.00037881109348238286
1570.575	0.0003799572586476801
1570.58	0.00038025864340045305
1570.585	0.0003801871166910124
1570.59	0.0003795019709258474
1570.5949999999998	0.0003789432813233368
1570.6000000000001	0.00037808123630023524
1570.605	0.0003780339985800421
1570.61	0.00037845456965545347
1570.615	0.0003791628445201997
1570.62	0.0003803246713773527
1570.625	0.0003814830182759539
1570.63	0.0003820135659009493
1570.635	0.0003828584525065254
1570.6399999999999	0.0003826852771097065
1570.645	0.0003829501219668531
1570.6499999999999	0.000381830064483848
1570.655	0.000380567489880488
1570.66	0.00037925555768965433
1570.665	0.00037861192056469766
1570.67	0.00037896930515625486
1570.675	0.000381166920395084
1570.6799999999998	0.0003846038336524822
1570.6850000000002	0.00038866691238767834
1570.69	0.0003918478740092961
1570.695	0.00039407935688237064
1570.7	0.0003929763058342873
1570.705	0.00039073006592154274
1570.7099999999998	0.0003876654265528792
1570.7150000000001	0.0003843679526358534
1570.72	0.0003812682385843121
1570.725	0.00038071852800922407
1570.73	0.000381875433803012
1570.735	0.00038466243921423055
1570.7399999999998	0.00038803712410229185
1570.7450000000001	0.00039092603662562115
1570.75	0.00039302086197405653
1570.7549999999999	0.000393188683900828
1570.76	0.0003917452930799986
1570.7649999999999	0.0003889706124216698
1570.77	0.00038539209059660083
1570.775	0.00038225089167420403
1570.78	0.0003809197301420493
1570.785	0.0003803543167376383
1570.79	0.0003816380844503786
1570.7949999999998	0.0003843291263102869
1570.8	0.0003875626837431532
1570.805	0.00039050149398059083
1570.81	0.0003922604260575751
1570.815	0.00039245937983305916
1570.82	0.0003905737146941525
1570.8249999999998	0.00038665919320856034
1570.8300000000002	0.0003820860169641702
1570.835	0.00037821302638722044
1570.84	0.0003761046019577812
1570.845	0.0003777081006182224
1570.85	0.0003818929118531663
1570.8549999999998	0.0003880710627738814
1570.8600000000001	0.00039416680827301286
1570.865	0.0003980630191539203
1570.87	0.00039874814686957486
1570.875	0.0003968429523508305
1570.8799999999999	0.0003928895463648023
1570.885	0.00038836547235911753
1570.89	0.00038498773070232546
1570.895	0.00038420518652039514
1570.9	0.00038588306683272935
1570.905	0.0003897242900415539
1570.9099999999999	0.0003950145162934963
1570.915	0.00039995592128405655
1570.92	0.0004045231995409685
1570.925	0.00040647363242609773
1570.93	0.0004072791633766332
1570.935	0.00040615311360959675
1570.9399999999998	0.00040435022077021454
1570.945	0.0004022009050174497
1570.95	0.00040072843191322945
1570.955	0.0003999405814196771
1570.96	0.00039999319856685373
1570.965	0.00040175747281023333
1570.9699999999998	0.00040366039707479727
1570.9750000000001	0.00040639776829134213
1570.98	0.0004080375689204241
1570.985	0.00040893037718117735
1570.99	0.00040854394518134886
1570.995	0.00040736359430621817
1571	0.0004049830050933611
1571.005	0.00040195231453050355
1571.01	0.00039871626677864726
1571.015	0.0003964133390543214
1571.02	0.00039554557499921385
1571.0249999999999	0.0003964580243793964
1571.03	0.00039899005748001445
1571.035	0.00040403993176624323
1571.04	0.00040740531072432074
1571.045	0.000411147065832079
1571.05	0.0004118129557708858
1571.0549999999998	0.00041084265873913704
1571.06	0.00040782186056077276
1571.065	0.00040542806136113947
1571.07	0.00040393004444809927
1571.075	0.0004034329539273892
1571.08	0.0004043048952658057
1571.0849999999998	0.0004056617574185827
1571.09	0.0004088576331719034
1571.095	0.0004118876654740914
1571.1000000000001	0.00041544331312298624
1571.105	0.0004181735839373008
1571.11	0.0004197850938077555
1571.115	0.00042015356340795694
1571.12	0.0004194129680355996
1571.125	0.00041802700037344543
1571.13	0.00041623533909485575
1571.135	0.00041531344978504704
1571.1399999999999	0.00041481255228474607
1571.145	0.0004152081859314299
1571.15	0.0004161725244185363
1571.155	0.0004172821758486871
1571.16	0.0004196122718956154
1571.165	0.00042060368747392227
1571.1699999999998	0.00042233628797191475
1571.175	0.00042339357200498514
1571.18	0.00042346915750048064
1571.185	0.0004224882631956293
1571.19	0.0004210016519304077
1571.195	0.00041922453504818896
1571.1999999999998	0.0004172314601143443
1571.205	0.0004177465596098191
1571.21	0.0004195821380850121
1571.2150000000001	0.00042248118807037145
1571.22	0.00042587698863781777
1571.225	0.0004280269298277852
1571.23	0.00042969975938711875
1571.235	0.00042989450556524283
1571.24	0.0004298474799023469
1571.2450000000001	0.00042841031843061505
1571.25	0.00042718824436921736
1571.2549999999999	0.00042607006533324475
1571.26	0.0004250530911432413
1571.2649999999999	0.0004242124555779674
1571.27	0.0004236032392021082
1571.275	0.00042400958159134565
1571.28	0.0004256194639616596
1571.2849999999999	0.00042689991753244136
1571.29	0.0004276217141720199
1571.295	0.000427813331878421
1571.3	0.0004278472558777628
1571.305	0.0004271246212399561
1571.31	0.00042630358879096943
1571.3149999999998	0.0004258040033235988
1571.32	0.000425735807541652
1571.325	0.0004259112757038637
1571.3300000000002	0.00042598277395794194
1571.335	0.00042682831302535344
1571.34	0.0004278075608562165
1571.345	0.0004297720040293862
1571.35	0.0004315385778523173
1571.355	0.0004329533817248347
1571.3600000000001	0.0004335848100254868
1571.365	0.0004334539819934766
1571.37	0.00043221076305689164
1571.375	0.0004308394939701379
1571.3799999999999	0.0004308964563801283
1571.385	0.0004315082554677636
1571.39	0.000433568590522397
1571.395	0.00043498126890439173
1571.3999999999999	0.00043691524421754437
1571.405	0.00043765057338607325
1571.4099999999999	0.0004375750192376192
1571.415	0.0004366849283532054
1571.42	0.00043516983345467686
1571.425	0.0004331427834726552
1571.4299999999998	0.0004312642444927564
1571.435	0.0004303255759522048
1571.44	0.0004302762847676025
1571.4450000000002	0.00043164039937015425
1571.45	0.0004334898197338661
1571.455	0.00043594136098909004
1571.46	0.000437777639872303
1571.465	0.00043933122630090006
1571.47	0.00043918928450993144
1571.4750000000001	0.0004382573982873967
1571.48	0.0004365060663880856
1571.485	0.0004345386891044413
1571.49	0.0004323305487513974
1571.495	0.00043040583500141444
1571.5	0.0004292163246504238
1571.505	0.00042913130790119404
1571.51	0.0004308213149092809
1571.5149999999999	0.0004337869657703332
1571.52	0.00043771136496753273
1571.5249999999999	0.00044089145019439365
1571.53	0.0004425394698891395
1571.535	0.00044109405756962073
1571.54	0.0004378535911451546
1571.5449999999998	0.000435368882894271
1571.55	0.0004336734779318759
1571.5549999999998	0.0004336595014973937
1571.5600000000002	0.0004354022337667863
1571.565	0.00043830006970323773
1571.57	0.0004418359070844028
1571.575	0.0004442134721837765
1571.58	0.00044541201790195917
1571.5849999999998	0.0004450294933510443
1571.5900000000001	0.000442865240611452
1571.595	0.00043992467510562235
1571.6	0.00043748083898992676
1571.605	0.00043650857449057686
1571.61	0.00043712395022711036
1571.615	0.0004394936468049973
1571.6200000000001	0.00044324822991816825
1571.625	0.00044666843440703286
1571.6299999999999	0.0004504637781359916
1571.635	0.00045231209491184056
1571.6399999999999	0.0004530020481602666
1571.645	0.000450816668037257
1571.65	0.0004472185147698024
1571.655	0.0004429210201265093
1571.6599999999999	0.0004383003283401008
1571.665	0.00043414247080364264
1571.6699999999998	0.0004309847697988891
1571.6750000000002	0.0004304844083666533
1571.68	0.0004329057628961393
1571.685	0.00043708563242216784
1571.69	0.00044211038860069774
1571.695	0.0004465964290331538
1571.6999999999998	0.00044943203395144
1571.7050000000002	0.0004502732974145582
1571.71	0.00044898785309621046
1571.715	0.0004465808400391356
1571.72	0.00044351580586177316
1571.725	0.00044186787102883416
1571.7299999999998	0.00044142256094587457
1571.7350000000001	0.00044366289658507625
1571.74	0.00044613747999348044
1571.745	0.00044797937034618833
1571.75	0.00044750423375983385
1571.7549999999999	0.00044574947816167427
1571.76	0.00044299461332327346
1571.765	0.0004404822745391175
1571.77	0.0004383043218997808
1571.7749999999999	0.00043674203123609287
1571.78	0.00043667699740403473
1571.7849999999999	0.00043760922757245913
1571.79	0.00044003142303047004
1571.795	0.0004426381163005056
1571.8	0.0004455699092213546
1571.805	0.0004472598105405335
1571.81	0.00044812622702804445
1571.8149999999998	0.00044670268658385844
1571.8200000000002	0.00044498990427267103
1571.825	0.00044313672724379953
1571.83	0.0004419567200157672
1571.835	0.00044092121722147306
1571.84	0.00044083242738572663
1571.8449999999998	0.000442170090724094
1571.8500000000001	0.0004438197770250966
1571.855	0.0004466854122528745
1571.86	0.0004495184626626203
1571.865	0.000452162322515154
1571.87	0.00045405436463512636
1571.8749999999998	0.00045474959799591023
1571.88	0.00045369265534811405
1571.885	0.00045127899498020077
1571.8899999999999	0.000450192908493282
1571.895	0.00044922899688761144
1571.8999999999999	0.0004494789965118529
1571.905	0.000450454334803255
1571.91	0.0004515572862617084
1571.915	0.00045293750771047787
1571.92	0.0004535832449019199
1571.925	0.00045474622970991685
1571.9299999999998	0.0004541189145151959
1571.935	0.0004536914016837016
1571.94	0.00045274097891366506
1571.945	0.0004515694425370542
1571.95	0.00044994805437118587
1571.955	0.0004480886434287532
1571.9599999999998	0.0004466446890334131
1571.9650000000001	0.0004458086111117082
1571.97	0.00044517239214949514
1571.975	0.0004452748397928428
1571.98	0.0004459674059167216
1571.985	0.00044769916524380965
1571.9899999999998	0.0004491604573772356
1571.9950000000001	0.00045112361950366695
1572	0.0004518711598105711
1572.005	0.00045235955292244166
1572.01	0.00045169844033301874
1572.0149999999999	0.00045094178336155347
1572.02	0.00044947573552594995
1572.025	0.00044793092951577005
1572.03	0.00044626130327090317
1572.035	0.0004444399636778781
1572.04	0.00044299522838785725
1572.0449999999998	0.0004427889944054183
1572.05	0.00044490082201823866
1572.055	0.0004477117975776461
1572.06	0.0004510216072106932
1572.065	0.0004533860026633349
1572.07	0.00045421784483815574
1572.0749999999998	0.0004534953145254851
1572.08	0.0004518182309385828
1572.085	0.00044984345959516044
1572.09	0.0004480513552398587
1572.095	0.0004472971854614265
1572.1	0.00044692666341182677
1572.1049999999998	0.00044719980804098434
1572.11	0.00044819179970719816
1572.115	0.0004492914324613583
1572.1200000000001	0.00045030760764195585
1572.125	0.000450556208171028
1572.1299999999999	0.0004505734775476885
1572.135	0.00044955797516327023
1572.14	0.00044764001772073744
1572.145	0.00044482396712307385
1572.15	0.00044280195782300433
1572.155	0.00044138373348374016
1572.1599999999999	0.0004411339644645697
1572.165	0.0004418025012011874
1572.17	0.0004423633899778552
1572.175	0.0004442321961948656
1572.18	0.00044533340269937055
1572.185	0.0004476520835062156
1572.1899999999998	0.0004480076409280616
1572.195	0.0004487150449206814
1572.2	0.0004485329316496221
1572.205	0.0004474444393913472
1572.21	0.0004460175894255236
1572.215	0.00044500971696798147
1572.22	0.000444538202351313
1572.225	0.0004446951242258406
1572.23	0.00044487683420442117
1572.2350000000001	0.00044536356926442656
1572.24	0.00044457469381160825
1572.245	0.00044416382339483514
1572.25	0.0004429634830630353
1572.2549999999999	0.0004418537239003394
1572.26	0.0004397498703797057
1572.265	0.000438242896340589
1572.27	0.000436949805273391
1572.2749999999999	0.00043624530850903856
1572.28	0.0004367364973904467
1572.285	0.0004375150067948871
1572.29	0.0004389484206238596
1572.295	0.00044044000922417655
1572.3	0.00044155309004588846
1572.3049999999998	0.0004419652821777723
1572.31	0.00044135283059200424
1572.315	0.0004401377255918323
1572.32	0.0004388553113283825
1572.325	0.00043764241455156264
1572.33	0.0004364793370395368
1572.335	0.00043547975253794267
1572.34	0.0004358698496981642
1572.345	0.00043607737042903726
1572.3500000000001	0.0004375325979257455
1572.355	0.00043835088781179484
1572.36	0.00044001439860917726
1572.365	0.00044102546321056447
1572.37	0.00044168202041383825
1572.375	0.00044171700498682047
1572.38	0.0004403451225377955
1572.385	0.00043793726695176647
1572.3899999999999	0.00043588263068824134
1572.395	0.0004346992051311292
1572.3999999999999	0.00043427282107373464
1572.405	0.0004350980548281996
1572.41	0.0004385821418508165
1572.415	0.0004414579840605614
1572.4199999999998	0.0004445399909250496
1572.425	0.00044511670519548725
1572.43	0.00044373436485094063
1572.435	0.0004403183453270375
1572.44	0.00043573516787548904
1572.445	0.00043125112331206434
1572.45	0.0004286005620190688
1572.455	0.00042851285267142395
1572.46	0.0004309471752660188
1572.4650000000001	0.00043517143355957565
1572.47	0.0004401229787257264
1572.475	0.0004433504830924541
1572.48	0.00044408338564830307
1572.485	0.0004424946878900312
1572.49	0.0004390404875239769
1572.4950000000001	0.0004347730456484855
1572.5	0.00043085194129315865
1572.5049999999999	0.0004282139434824557
1572.51	0.0004276511024432658
1572.5149999999999	0.00042948891703872534
1572.52	0.00043294253727148963
1572.525	0.00043743426742906674
1572.53	0.0004408367932497954
1572.5349999999999	0.0004425305207965317
1572.54	0.00044118029976243623
1572.5449999999998	0.0004362806902005981
1572.55	0.00043006716110841325
1572.555	0.0004251700465982995
1572.56	0.00042318606499810465
1572.565	0.00042406556753011676
1572.57	0.00042815060744206466
1572.575	0.0004350842745274452
1572.5800000000002	0.00043993584616451
1572.585	0.00044180268861090857
1572.59	0.0004390711863305667
1572.595	0.00043389238139110887
1572.6	0.00042812824891359883
1572.605	0.00042420877969819677
1572.6100000000001	0.00042264004540182234
1572.615	0.00042404878064002593
1572.62	0.0004274746135052181
1572.625	0.00043155670563026053
1572.6299999999999	0.00043573771498541636
1572.635	0.0004387074402481613
1572.64	0.0004403529118301353
1572.645	0.0004406295067007321
1572.6499999999999	0.00043945774263273816
1572.655	0.00043712732965647
1572.6599999999999	0.00043455078033691473
1572.665	0.00043286292151703163
1572.67	0.00043185471336830124
1572.675	0.0004316168008035499
1572.68	0.00043350582497150576
1572.685	0.0004351175270675967
1572.6899999999998	0.00043724032651745775
1572.6950000000002	0.00043756946818234783
1572.7	0.0004383299710681198
1572.705	0.0004374253330752257
1572.71	0.0004373614769852325
1572.715	0.0004367858476284992
1572.7199999999998	0.00043656152785152293
1572.7250000000001	0.00043604939310561304
1572.73	0.0004364085021172268
1572.735	0.0004371254523776833
1572.74	0.000438016557631073
1572.745	0.0004386223788591589
1572.75	0.00043970344807375746
1572.755	0.00043959179822140664
1572.76	0.00044021441125910974
1572.7649999999999	0.0004395886790007356
1572.77	0.00043944024739958387
1572.7749999999999	0.0004386171250314712
1572.78	0.0004387162977731274
1572.785	0.0004383621096477601
1572.79	0.0004385368654436197
1572.795	0.0004383689418059781
1572.8	0.0004382119772958897
1572.8049999999998	0.0004381885984889537
1572.8100000000002	0.00043855469097026507
1572.815	0.00043935345942189595
1572.82	0.0004399455408162325
1572.825	0.00044016956746406545
1572.83	0.00044002303489775954
1572.8349999999998	0.00044021814866471414
1572.8400000000001	0.00043967805223416257
1572.845	0.0004388176458275437
1572.85	0.0004376517805047772
1572.855	0.00043663062398634645
1572.86	0.0004353207022677189
1572.8649999999998	0.0004341903212894891
1572.8700000000001	0.00043370940593858
1572.875	0.0004334134409494187
1572.8799999999999	0.000434421259048961
1572.885	0.0004354562715252863
1572.8899999999999	0.00043648542073699187
1572.895	0.0004361137552500518
1572.9	0.000434446498189932
1572.905	0.00043179343181989444
1572.91	0.00042946765259936745
1572.915	0.0004280769741089604
1572.9199999999998	0.00042735755284282014
1572.925	0.00042904011180059645
1572.93	0.00043095800130696295
1572.935	0.00043331479767872734
1572.94	0.00043419900406647423
1572.945	0.00043442980278875746
1572.9499999999998	0.0004335934647575101
1572.9550000000002	0.00043193832295682056
1572.96	0.00042987486246387035
1572.965	0.00042736552341560965
1572.97	0.0004247443041905534
1572.975	0.0004228432017414388
1572.9799999999998	0.00042247188417390786
1572.9850000000001	0.0004238889601769006
1572.99	0.0004262162384264588
1572.995	0.0004294739154260888
1573	0.0004324789166869846
1573.0049999999999	0.00043520187687259284
1573.0099999999998	0.00043570456622268606
1573.015	0.00043473178854177647
1573.02	0.0004328973044917967
1573.025	0.0004302834704444387
1573.03	0.0004271335365128444
1573.0349999999999	0.00042375687667984836
1573.04	0.0004209803434940176
1573.045	0.0004191106965724344
1573.05	0.0004184836429017814
1573.055	0.0004189099720332277
1573.06	0.0004214673057429472
1573.0649999999998	0.00042559775908132866
1573.07	0.00043095826990347766
1573.075	0.00043425076946007444
1573.08	0.0004361871834054724
1573.085	0.00043574426615942225
1573.09	0.0004340375963702056
1573.0949999999998	0.00043175805609284464
1573.1000000000001	0.0004297463168250569
1573.105	0.00042837855297300347
1573.11	0.0004278951545028839
1573.115	0.00042832691277015794
1573.12	0.00042964533905302094
1573.1249999999998	0.0004305071745426774
1573.13	0.0004316552478440003
1573.135	0.0004322232215646949
1573.14	0.00043174286309368554
1573.145	0.0004303143295560431
1573.1499999999999	0.0004281997683666847
1573.155	0.00042655493621795776
1573.16	0.0004250351923813998
1573.165	0.00042412336928683613
1573.17	0.0004236763925926707
1573.175	0.00042522359671155703
1573.1799999999998	0.00042543404894616416
1573.185	0.000427549955325112
1573.19	0.000428293312179266
1573.195	0.0004293998398952392
1573.2	0.0004290495760400783
1573.205	0.0004284196871756956
1573.2099999999998	0.0004269729359060578
1573.215	0.00042504738166205657
1573.22	0.00042270852241804355
1573.225	0.00042112498148640494
1573.23	0.00042088535159688986
1573.235	0.00042210731732789493
1573.24	0.00042427234951317145
1573.245	0.000426168558277454
1573.25	0.00042699851789054815
1573.255	0.00042657955903115195
1573.26	0.0004242856526441181
1573.2649999999999	0.0004205749142609886
1573.27	0.0004171339381826673
1573.275	0.00041436023861199167
1573.28	0.00041245766695151883
1573.285	0.00041100884816401226
1573.29	0.0004122116829732166
1573.2949999999998	0.0004145223837695521
1573.3	0.00041776092908041117
1573.305	0.0004213203837698883
1573.31	0.0004243266361614994
1573.315	0.0004260765567568615
1573.32	0.0004267042441680883
1573.3249999999998	0.00042567242467777356
1573.33	0.00042356404435630365
1573.335	0.00042035463004962793
1573.3400000000001	0.00041707392600428075
1573.345	0.0004148696420042382
1573.35	0.00041509657984942233
1573.355	0.0004154565540007474
1573.36	0.0004182225902950095
1573.365	0.0004212073418586259
1573.3700000000001	0.00042453983761555074
1573.375	0.0004268964167850834
1573.3799999999999	0.00042807464044865713
1573.385	0.0004274830876510163
1573.3899999999999	0.0004246675049384185
1573.395	0.00041981413495846575
1573.4	0.00041455605544410244
1573.405	0.00041040737326822693
1573.4099999999999	0.0004087005048490435
1573.415	0.0004101283330507988
1573.42	0.000415049022823922
1573.425	0.0004207001907135487
1573.43	0.0004253540500727506
1573.435	0.0004252829491197907
1573.4399999999998	0.0004233929016463406
1573.445	0.0004189273029532586
1573.45	0.0004140719190805154
1573.4550000000002	0.0004106363197450094
1573.46	0.00041081660058852655
1573.465	0.000413162157169455
1573.47	0.00041790349183235323
1573.475	0.0004227850538638155
1573.48	0.0004264258372217581
1573.4850000000001	0.0004280448416963314
1573.49	0.00042682973243239586
1573.495	0.0004237310842640184
1573.5	0.0004195859753261995
1573.5049999999999	0.0004158859893883165
1573.51	0.00041361720047806305
1573.515	0.000414078072875619
1573.52	0.0004159184591022665
1573.5249999999999	0.0004209511796072666
1573.53	0.0004250021296750531
1573.5349999999999	0.00042859309901167316
1573.54	0.00042875970987951066
1573.545	0.00042705020574122657
1573.55	0.0004229538626923435
1573.5549999999998	0.00041884222952654957
1573.56	0.0004153541525162393
1573.565	0.00041407505244913723
1573.5700000000002	0.0004149276489146411
1573.575	0.0004181037249459826
1573.58	0.000422049428393142
1573.585	0.0004263832576459702
1573.59	0.00042898794677927697
1573.595	0.00043065178980866887
1573.6000000000001	0.0004299398802884668
1573.605	0.0004299653349478125
1573.61	0.00042949473060044705
1573.615	0.0004295496619077572
1573.62	0.0004290209290528247
1573.625	0.00042881723594991267
1573.63	0.00042867354844768074
1573.635	0.0004282780182828832
1573.6399999999999	0.00042803080815473197
1573.645	0.00042782895900802024
1573.6499999999999	0.0004273430811521266
1573.655	0.00042687673709518916
1573.66	0.0004264406477781274
1573.665	0.000426038874911206
1573.6699999999998	0.00042585208862078123
1573.675	0.0004251122491789847
1573.6799999999998	0.0004249708610715098
1573.6850000000002	0.0004249153072181307
1573.69	0.0004262778149132389
1573.695	0.0004264297895133494
1573.7	0.00042799153504622213
1573.705	0.000429202377742071
1573.7099999999998	0.0004305527874507254
1573.7150000000001	0.0004309510421527421
1573.72	0.00043085951807747395
1573.725	0.00043025584901715627
1573.73	0.0004292013577234425
1573.735	0.00042777928894552087
1573.74	0.00042611768292669246
1573.7450000000001	0.00042448626106962486
1573.75	0.000423101853888067
1573.7549999999999	0.0004227994940685271
1573.76	0.0004238194375742137
1573.7649999999999	0.0004258146562055585
1573.77	0.0004282304445221905
1573.775	0.0004286366892970258
1573.78	0.0004290143623967575
1573.7849999999999	0.00042771705212605037
1573.79	0.00042625865096889955
1573.7949999999998	0.000424215354186358
1573.8000000000002	0.0004233322502408083
1573.805	0.0004226036783575186
1573.81	0.0004226461168781427
1573.815	0.0004235733309111827
1573.82	0.0004247590548743685
1573.8249999999998	0.00042602503966335123
1573.8300000000002	0.0004274111188170018
1573.835	0.00042822934100888245
1573.84	0.00042856183442750245
1573.845	0.0004271270178377327
1573.85	0.00042477356928172444
1573.8549999999998	0.0004222043793894885
1573.8600000000001	0.0004196558878404377
1573.865	0.0004181175318912977
1573.87	0.0004177778367550063
1573.875	0.0004185028134377335
1573.8799999999999	0.0004199896925168082
1573.885	0.0004224391998482073
1573.89	0.0004254263520223581
1573.895	0.0004281690833594911
1573.8999999999999	0.0004308434923933652
1573.905	0.0004320787467321003
1573.9099999999999	0.00043170952055055623
1573.915	0.00042985399684737744
1573.92	0.0004276235030806475
1573.925	0.00042576157517373604
1573.93	0.0004256963369359796
1573.935	0.0004278965929780538
1573.9399999999998	0.0004307111966994542
1573.9450000000002	0.0004335891421710947
1573.95	0.00043485504631283345
1573.955	0.00043427234887667373
1573.96	0.00043210048270546445
1573.965	0.00042850747988279166
1573.9699999999998	0.00042438592312985223
1573.9750000000001	0.00041982208509895087
1573.98	0.0004162807082766624
1573.985	0.0004136880358619738
1573.99	0.00041268930850786394
1573.995	0.00041316358432954404
1573.9999999999998	0.0004151236515788771
1574.005	0.0004185677306739456
1574.01	0.0004224904185097139
1574.0149999999999	0.00042575927559804824
1574.02	0.0004288003620609032
1574.0249999999999	0.0004301366505765249
1574.03	0.0004304346414628141
1574.035	0.0004293632326616186
1574.04	0.0004283610336101458
1574.045	0.0004274101424775052
1574.05	0.0004267794031212763
1574.0549999999998	0.00042607748021999064
1574.06	0.00042601531828598553
1574.065	0.000426424631564888
1574.07	0.0004271978324433928
1574.075	0.0004281475836229585
1574.08	0.0004286567904408274
1574.0849999999998	0.0004280431272287892
1574.0900000000001	0.0004260610943143647
1574.095	0.0004230693533649429
1574.1	0.0004201550690854254
1574.105	0.0004180965348821009
1574.11	0.0004168620056087141
1574.1149999999998	0.0004173273982434389
1574.1200000000001	0.00041931561919166015
1574.125	0.00042162032515475874
1574.1299999999999	0.00042374658298468366
1574.135	0.0004246405102152129
1574.1399999999999	0.0004241433031595295
1574.145	0.00042220796642780564
1574.15	0.00041827145143152704
1574.155	0.0004137381044717967
1574.16	0.00040951628810689887
1574.165	0.00040634723791970286
1574.1699999999998	0.00040446133722932184
1574.175	0.0004054044566177055
1574.18	0.00040781036408698044
1574.185	0.00041185843233904724
1574.19	0.0004167254550081693
1574.195	0.00042068389328665025
1574.1999999999998	0.00042428795726963967
1574.205	0.0004258866404985104
1574.21	0.0004260125764361113
1574.215	0.00042476330554404795
1574.22	0.00042196660239383356
1574.225	0.000418135409869347
1574.2299999999998	0.00041430019732285466
1574.2350000000001	0.0004107017735673922
1574.24	0.00040831837455479887
1574.245	0.0004080095783380089
1574.25	0.0004108470251592589
1574.2549999999999	0.0004160277768873964
1574.26	0.0004222468723081019
1574.265	0.0004269268009935964
1574.27	0.00042844115528987606
1574.275	0.00042689735859073076
1574.28	0.0004233559544186504
1574.2849999999999	0.00041873837540419155
1574.29	0.0004148799526965214
1574.295	0.0004129888167563377
1574.3	0.00041304786017470267
1574.305	0.00041552669929558036
1574.31	0.00041891754643878613
1574.3149999999998	0.0004241378232774445
1574.32	0.0004275231985680455
1574.325	0.00042880509441800416
1574.33	0.00042771577478999167
1574.335	0.0004243535624457214
1574.34	0.0004194155772061418
1574.3449999999998	0.0004142626549820914
1574.35	0.000410310456924776
1574.355	0.0004086329934943685
1574.3600000000001	0.00040899118471355276
1574.365	0.0004109389724982038
1574.37	0.00041485282186258103
1574.375	0.00041919251415895503
1574.3799999999999	0.0004232473303179835
1574.385	0.0004263779630842383
1574.39	0.00042686742861437955
1574.395	0.0004246929316722041
1574.3999999999999	0.0004204753350876262
1574.405	0.00041569344536713333
1574.41	0.00041176147107659355
1574.415	0.0004100839143029471
1574.42	0.0004111623117499184
1574.425	0.0004149360891081578
1574.4299999999998	0.0004204968455298753
1574.435	0.00042586635912725
1574.44	0.00042826275655961693
1574.445	0.00042725623678455707
1574.45	0.0004238115060131075
1574.455	0.0004187418282743335
1574.46	0.0004169248667573148
1574.465	0.00041747950008636664
1574.47	0.00042145717383497444
1574.4750000000001	0.00042618180662397793
1574.48	0.00043077641037308833
1574.485	0.0004335098197419741
1574.49	0.0004334592453787499
1574.495	0.00043201799047698405
1574.5	0.0004300834597317115
1574.505	0.00042815380404297545
1574.51	0.0004261079247400833
1574.5149999999999	0.0004249279155117279
1574.52	0.00042437506366104025
1574.5249999999999	0.00042410270652781204
1574.53	0.00042431352351362584
1574.535	0.0004247014680713786
1574.54	0.00042569854320942716
1574.5449999999998	0.0004269944543749515
1574.55	0.00042928346497166813
1574.555	0.00043120636093348417
1574.56	0.0004326671933138192
1574.565	0.00043336679239888546
1574.57	0.0004330913852460248
1574.575	0.00043196603419217117
1574.58	0.00043055901083101464
1574.585	0.00042944740893359435
1574.5900000000001	0.00042889860172208875
1574.595	0.00042938893776861645
1574.6	0.0004321965082503721
1574.605	0.00043412227093245773
1574.61	0.00043571769369411817
1574.615	0.0004353111218768072
1574.6200000000001	0.00043355106957585355
1574.625	0.0004313822284455563
1574.6299999999999	0.0004306159942236684
1574.635	0.00043095690857760565
1574.6399999999999	0.0004319976554000603
1574.645	0.00043325075392858107
1574.65	0.00043497589624367486
1574.655	0.0004348974693436332
1574.6599999999999	0.0004339790751901245
1574.665	0.0004324455782510518
1574.6699999999998	0.0004303537429234529
1574.675	0.0004277587872682195
1574.68	0.0004247491601608156
1574.685	0.0004228225366048811
1574.69	0.0004219082859176657
1574.695	0.00042216657903864247
1574.7	0.0004235202088379261
1574.7050000000002	0.0004258259920707579
1574.71	0.00042908065088682505
1574.715	0.0004323133345511426
1574.72	0.00043418924201896354
1574.725	0.0004360115002585936
1574.73	0.0004364378602465461
1574.7350000000001	0.0004362740770516084
1574.74	0.00043493395131674015
1574.745	0.0004338232436709516
1574.75	0.00043238344615404236
1574.7549999999999	0.0004315420353922237
1574.76	0.00043116230749144335
1574.765	0.000431331572957338
1574.77	0.0004321801390361046
1574.7749999999999	0.00043381670009971524
1574.78	0.0004356665220238302
1574.7849999999999	0.0004365824527930334
1574.79	0.00043562675840184474
1574.795	0.0004323402324827323
1574.8	0.000428814673144081
1574.805	0.00042580505729285104
1574.81	0.00042375494684234247
1574.8149999999998	0.0004225345979598718
1574.8200000000002	0.0004227664410272505
1574.825	0.0004249684765615729
1574.83	0.00042680425263873494
1574.835	0.00043025302032725384
1574.84	0.0004329019426199836
1574.8449999999998	0.00043551801040881934
1574.8500000000001	0.00043707083932116765
1574.855	0.00043699352349328404
1574.86	0.0004355095177723865
1574.865	0.0004333631526028864
1574.87	0.00043130176737871394
1574.875	0.00043038246628413466
1574.88	0.00043029856407446847
1574.885	0.0004312045032311308
1574.8899999999999	0.00043309311565517224
1574.895	0.00043532225228731656
1574.8999999999999	0.0004376956080035895
1574.905	0.00043963859427872335
1574.91	0.00044160005407946297
1574.915	0.00044249490317917867
1574.92	0.00044217234994647957
1574.925	0.0004402706985425121
1574.9299999999998	0.0004366015662096352
1574.9350000000002	0.0004320550819612136
1574.94	0.0004295651425570703
1574.945	0.00042977486857200865
1574.95	0.00043213574273446307
1574.955	0.0004369941268627648
1574.9599999999998	0.00043993694062500344
1574.9650000000001	0.0004425734068400698
1574.97	0.00044307050056391226
1574.975	0.00044158186432523354
1574.98	0.0004384376470556328
1574.985	0.00043512457671497347
1574.9899999999998	0.0004324954141360635
1574.9950000000001	0.00043077967474927545
1575	0.0004304432798683835
1575.0049999999999	0.00043149134481836445
1575.01	0.00043317383916643374
1575.0149999999999	0.00043543952218840995
1575.02	0.00043655110403043507
1575.025	0.0004376449836788728
1575.03	0.000437530680727376
1575.035	0.0004362631882756444
1575.04	0.000433996133942835
1575.0449999999998	0.0004313612112617662
1575.05	0.00042936893990174385
1575.055	0.00042752549896032184
1575.06	0.0004266954161388046
1575.065	0.00042699933479277137
1575.07	0.000427891432055271
1575.0749999999998	0.00042985357835012143
1575.0800000000002	0.0004317452282805359
1575.085	0.00043475519042545643
1575.09	0.0004380022599849484
1575.095	0.00044083804643671833
1575.1	0.00044143979075010094
1575.1049999999998	0.00043931788040587125
1575.1100000000001	0.00043581839331488715
1575.115	0.00043246848839384444
1575.12	0.0004300922220171926
1575.125	0.000429385890015902
1575.1299999999999	0.0004316309802460359
1575.1349999999998	0.0004347701006660107
1575.14	0.00043955014501065163
1575.145	0.00044280753152137333
1575.15	0.0004448175605124259
1575.155	0.00044424544900893064
1575.1599999999999	0.00044126731737425797
1575.165	0.0004373465356815039
1575.17	0.0004326946656548498
1575.175	0.0004282176772848677
1575.18	0.00042513189060990183
1575.185	0.00042416839177617286
1575.1899999999998	0.00042489217576622575
1575.195	0.00042802297999608126
1575.2	0.00043232783532878583
1575.205	0.00043741433095936073
1575.21	0.00044255038938588237
1575.215	0.00044676911273954824
1575.2199999999998	0.0004495994899306721
1575.2250000000001	0.000449687451438227
1575.23	0.000448667042778391
1575.235	0.00044615761941774103
1575.24	0.0004428742007697777
1575.245	0.00043896410217737265
1575.2499999999998	0.00043655243178688955
1575.255	0.00043603075504160894
1575.26	0.00043782501231514356
1575.265	0.00044118282114644737
1575.27	0.0004455919439397681
1575.2749999999999	0.0004479917788885978
1575.28	0.00044837446696337625
1575.285	0.0004452323310199869
1575.29	0.000440316001891636
1575.295	0.00043550924756649003
1575.3	0.00043312123475535157
1575.3049999999998	0.0004336116202679598
1575.31	0.0004379785708463334
1575.315	0.0004432101809392208
1575.32	0.0004476116091535558
1575.325	0.00044914607385830374
1575.33	0.00044760908525408034
1575.3349999999998	0.00044364437805611835
1575.34	0.0004388139163765494
1575.345	0.0004346522515893107
1575.35	0.00043238920632948966
1575.355	0.00043250831068028387
1575.36	0.0004345837586792461
1575.3649999999998	0.0004383979126733417
1575.37	0.00044338899722224734
1575.375	0.0004476072276810149
1575.38	0.00045088180931031184
1575.385	0.0004527736494394715
1575.3899999999999	0.000452894596757435
1575.395	0.00045250257929958803
1575.4	0.00044988695338135274
1575.405	0.0004490941757513195
1575.41	0.00044845527961407967
1575.415	0.00044889579648908735
1575.4199999999998	0.0004496248586466534
1575.425	0.00045124575238235403
1575.43	0.0004531309731335371
1575.435	0.00045434874711605504
1575.44	0.00045617319779214164
1575.445	0.0004579641584976519
1575.4499999999998	0.0004601783942729376
1575.455	0.0004629045387185487
1575.46	0.0004648822648434968
1575.465	0.0004657540981575539
1575.47	0.00046471907447164857
1575.475	0.00046227271180093184
1575.48	0.0004606023805903849
1575.485	0.0004609459997833742
1575.49	0.0004633431013205376
1575.4950000000001	0.0004656801635884391
1575.5	0.00046933586604941944
1575.5049999999999	0.0004704779657945022
1575.51	0.00047020076272187035
1575.5149999999999	0.00046797580754909615
1575.52	0.00046460726352655476
1575.525	0.0004614265057885724
1575.53	0.0004590032791451909
1575.5349999999999	0.00045814446627371626
1575.54	0.00045897839286066205
1575.545	0.0004602406734875191
1575.55	0.0004631649105417153
1575.555	0.0004657087249200789
1575.56	0.0004678982078579453
1575.5649999999998	0.0004668299714515127
1575.57	0.0004649461282484623
1575.575	0.0004617800126396474
1575.5800000000002	0.00045817586348556496
1575.585	0.0004546113555768169
1575.59	0.0004525534461186275
1575.595	0.0004519144188530264
1575.6	0.0004530325201345524
1575.605	0.00045595887918504016
1575.6100000000001	0.00046020270191412247
1575.615	0.00046409910159652144
1575.62	0.0004669913035602011
1575.625	0.00046725071519714993
1575.6299999999999	0.00046487489694358385
1575.635	0.00046155497397246657
1575.64	0.00045945216225246494
1575.645	0.000459058833106512
1575.6499999999999	0.0004613412761340961
1575.655	0.0004643503326995954
1575.6599999999999	0.0004674850584930296
1575.665	0.0004693053263866408
1575.67	0.0004708507891123932
1575.675	0.00047065077996863647
1575.6799999999998	0.0004695862014650932
1575.685	0.0004682039145677898
1575.69	0.0004666395255176576
1575.6950000000002	0.000464997652249316
1575.7	0.0004637609819868335
1575.705	0.00046338223743439596
1575.71	0.0004646443679692765
1575.715	0.0004664016994672087
1575.72	0.0004686881621773233
1575.7250000000001	0.00047111768846154104
1575.73	0.0004734830264633132
1575.735	0.00047481524804951725
1575.74	0.0004748191412025136
1575.745	0.000473772887814997
1575.75	0.00047167847393074904
1575.755	0.0004688730658651013
1575.76	0.00046552937844715985
1575.7649999999999	0.00046361731268195486
1575.77	0.0004614939832733756
1575.7749999999999	0.00046080202905286223
1575.78	0.00046126187879090477
1575.785	0.00046238251471562614
1575.79	0.00046503527652283136
1575.7949999999998	0.0004692818870275687
1575.8	0.0004738114321181448
1575.8049999999998	0.00047701053336411
1575.8100000000002	0.0004779885771787541
1575.815	0.0004765981151743859
1575.82	0.00047248913330924687
1575.825	0.00046832211014497324
1575.83	0.00046570243708371657
1575.8349999999998	0.0004640165947118873
1575.8400000000001	0.00046344203416047165
1575.845	0.00046562882533145503
1575.85	0.00046825402525941753
1575.855	0.0004721723598134951
1575.86	0.00047577061981175816
1575.865	0.0004793029696302502
1575.8700000000001	0.000481915784601966
1575.875	0.0004830462061112404
1575.8799999999999	0.000482463811214175
1575.885	0.0004804256584812845
1575.8899999999999	0.00047819602122485587
1575.895	0.00047658320810070576
1575.9	0.0004763324894703626
1575.905	0.00047616974919105373
1575.9099999999999	0.0004775393751927831
1575.915	0.000478526563520677
1575.9199999999998	0.00047998072090677907
1575.9250000000002	0.0004801244598395008
1575.93	0.000480617049670176
1575.935	0.00047960442985017017
1575.94	0.00047883298259195696
1575.945	0.00047775191881766735
1575.9499999999998	0.0004767862404867252
1575.9550000000002	0.00047639270746360676
1575.96	0.0004771932309133685
1575.965	0.00047878307117616933
1575.97	0.00048039674459011863
1575.975	0.000480993878423218
1575.9799999999998	0.00048029455370874615
1575.9850000000001	0.00047789192275900835
1575.99	0.0004756780157141914
1575.995	0.0004731289065722608
1576	0.0004711846311487162
1576.0049999999999	0.0004699394549453153
1576.01	0.0004713231566364643
1576.015	0.0004728460665530304
1576.02	0.0004757143713937399
1576.0249999999999	0.0004787429111162604
1576.03	0.00048110558387661807
1576.0349999999999	0.0004822048251325578
1576.04	0.00048116916242345624
1576.045	0.0004782533448647069
1576.05	0.00047409763328463766
1576.055	0.00046978458315362934
1576.06	0.00046572121217746526
1576.0649999999998	0.00046348167266079015
1576.0700000000002	0.0004629928544782967
1576.075	0.0004638575661142787
1576.08	0.00046668112940592867
1576.085	0.00047016392456045034
1576.09	0.000474008782190529
1576.0949999999998	0.0004780122711430318
1576.1000000000001	0.0004812362295531547
1576.105	0.00048393932699111974
1576.11	0.00048455502586284443
1576.115	0.0004836113053465094
1576.12	0.00048102429132903564
1576.1249999999998	0.00047717020369238497
1576.13	0.00047343476121364687
1576.135	0.0004708710168086822
1576.1399999999999	0.00047063648802442835
1576.145	0.00047286812218638697
1576.1499999999999	0.0004767721951605203
1576.155	0.00048073805027690176
1576.16	0.00048406682241333856
1576.165	0.00048609365392356807
1576.17	0.00048554948706267545
1576.175	0.0004826203619028123
1576.1799999999998	0.00047966303243982623
1576.185	0.0004772185865143642
1576.19	0.00047691786975299173
1576.195	0.0004781115017198861
1576.2	0.00048120674402050387
1576.205	0.0004845644554976387
1576.2099999999998	0.0004867431206708289
1576.2150000000001	0.0004873471647512487
1576.22	0.00048617227873346713
1576.225	0.0004833665803838181
1576.23	0.0004788329831656006
1576.235	0.0004745228617546187
1576.2399999999998	0.00047033919649902187
1576.2450000000001	0.00046732532831845856
1576.25	0.00046638235933102565
1576.2549999999999	0.00046715250246409315
1576.26	0.0004701367584268367
1576.2649999999999	0.000474068541611153
1576.27	0.0004793849573885308
1576.275	0.00048469502813718555
1576.28	0.0004885747651765667
1576.285	0.0004911348148306856
1576.29	0.0004921982433247579
1576.2949999999998	0.0004918387074776367
1576.3	0.0004909727584566715
1576.305	0.0004896940121341394
1576.31	0.000488703760140292
1576.315	0.0004878511304246967
1576.32	0.0004875198228190336
1576.3249999999998	0.00048786694218255435
1576.33	0.0004886414143493578
1576.335	0.0004907071455499151
1576.34	0.0004924695070351996
1576.345	0.000494048640697157
1576.35	0.0004943009945339123
1576.3549999999998	0.0004929188182741363
1576.3600000000001	0.0004894385572594375
1576.365	0.00048563054565663156
1576.37	0.0004820633324099987
1576.375	0.0004794510835500399
1576.3799999999999	0.0004784294351587689
1576.385	0.00047936121684319404
1576.39	0.00048345167558872914
1576.395	0.0004884177681630557
1576.4	0.0004942466234679765
1576.405	0.0004986678113254297
1576.4099999999999	0.0005010477465633985
1576.415	0.000499520694775624
1576.42	0.0004952216411135966
1576.425	0.0004904500053596327
1576.43	0.0004861901694096472
1576.435	0.0004836176524527588
1576.4399999999998	0.0004832648934432662
1576.445	0.0004855926062024657
1576.45	0.0004893994331754168
1576.455	0.0004933551286541544
1576.46	0.0004968768272146463
1576.465	0.00049836857562088
1576.4699999999998	0.0004974140614651242
1576.475	0.0004937814036604231
1576.48	0.0004881568558532492
1576.485	0.00048228359171554767
1576.49	0.00047888234810763546
1576.495	0.0004795542503518673
1576.5	0.0004835800382977712
1576.5049999999999	0.000488599826053043
1576.51	0.0004924343053754206
1576.515	0.0004932392237605633
1576.52	0.0004923550442775769
1576.5249999999999	0.0004895229077420912
1576.53	0.0004865104745655169
1576.535	0.0004840117985985638
1576.54	0.000482553842439882
1576.545	0.00048253103616603216
1576.55	0.0004837850800164327
1576.5549999999998	0.00048647298310609436
1576.56	0.0004894437648359789
1576.565	0.000491903924597112
1576.57	0.0004929156080987278
1576.575	0.0004929489342216428
1576.58	0.0004908527401780613
1576.5849999999998	0.0004888471967464282
1576.59	0.00048684994074099473
1576.595	0.0004851627736787543
1576.6000000000001	0.0004838995923849132
1576.605	0.0004836080851175548
1576.61	0.0004847029640656663
1576.615	0.0004865344773696539
1576.62	0.0004890600716112857
1576.625	0.0004922575947180974
1576.63	0.0004959427095984608
1576.635	0.0004987409686445574
1576.6399999999999	0.0005013796418153789
1576.645	0.0005014060429833332
1576.6499999999999	0.0005001594974318118
1576.655	0.0004991025919695526
1576.66	0.0004974956103206989
1576.665	0.0004978229407012633
1576.6699999999998	0.0004988085831079712
1576.675	0.0005010672084595485
1576.68	0.0005026194908099786
1576.685	0.0005034582183957933
1576.69	0.0005040179268917958
1576.695	0.0005041122469799191
1576.7	0.0005036566207819987
1576.705	0.0005028839869817187
1576.71	0.0005013680994496987
1576.7150000000001	0.0004996759715642896
1576.72	0.000498162922801597
1576.725	0.0004977425830112923
1576.73	0.0004979402744740869
1576.735	0.0004988504416638482
1576.74	0.0004999990425163837
1576.7450000000001	0.0005017596377861319
1576.75	0.0005032543167197394
1576.7549999999999	0.0005035800402095589
1576.76	0.0005047191040425422
1576.7649999999999	0.0005046091370247715
1576.77	0.0005045428988624916
1576.775	0.0005036820723541053
1576.78	0.0005032476706657638
1576.7849999999999	0.0005025040054225762
1576.79	0.0005018066608452278
1576.7949999999998	0.0005009172701194469
1576.8	0.0005004132226648421
1576.805	0.0005005221978302132
1576.81	0.000501287651744097
1576.815	0.0005028061418880572
1576.82	0.000503242822394708
1576.825	0.0005030855511167752
1576.8300000000002	0.0005034234384444169
1576.835	0.0005019683522939196
1576.84	0.0005022379600004241
1576.845	0.0005011938046089962
1576.85	0.0005014764540602968
1576.855	0.0005007686675553619
1576.8600000000001	0.0005007739877000116
1576.865	0.0005009372915396116
1576.87	0.0005006245617561981
1576.875	0.0005000559755186548
1576.8799999999999	0.0004984804916545568
1576.885	0.000496627885497273
1576.89	0.0004944675651322117
1576.895	0.0004932748784555469
1576.8999999999999	0.0004920912999303963
1576.905	0.0004923505641353969
1576.9099999999999	0.0004930331601380062
1576.915	0.0004949644252905523
1576.92	0.0004961576525851039
1576.925	0.0004980199985538645
1576.93	0.0004989514381926495
1576.935	0.0004997904507007341
1576.9399999999998	0.0004993111118491372
1576.9450000000002	0.0004970694906115461
1576.95	0.0004940260932293644
1576.955	0.0004902766885225392
1576.96	0.00048663470633225956
1576.965	0.0004837208872640649
1576.9699999999998	0.0004827789875505781
1576.9750000000001	0.00048434425400813424
1576.98	0.0004874044579670606
1576.985	0.0004910908682489192
1576.99	0.0004944477902619939
1576.995	0.0004963375321175275
1577	0.0004949031356558406
1577.005	0.0004921527583680576
1577.01	0.0004889762933445705
1577.0149999999999	0.00048569846017275907
1577.02	0.00048287641574264016
1577.0249999999999	0.00048304328294261183
1577.03	0.00048471831429746336
1577.035	0.0004877397348682173
1577.04	0.000490620572622528
1577.045	0.000492544448011434
1577.05	0.0004930957284890447
1577.0549999999998	0.0004921336057737464
1577.0600000000002	0.0004901145588606983
1577.065	0.00048754765719234293
1577.07	0.00048493683606692055
1577.075	0.0004829537424623085
1577.08	0.0004825700293932448
1577.0849999999998	0.0004838902362663879
1577.0900000000001	0.00048509883960736117
1577.095	0.0004886762182228598
1577.1	0.0004914723305211156
1577.105	0.0004940475998503363
1577.11	0.0004944773984352119
1577.1149999999998	0.0004944949177998205
1577.1200000000001	0.0004927778164051607
1577.125	0.0004905207117049022
1577.1299999999999	0.0004882432673966536
1577.135	0.0004862230607971511
1577.1399999999999	0.00048465961536868995
1577.145	0.0004837245474426987
1577.15	0.00048400462427586734
1577.155	0.0004843155670846395
1577.16	0.0004845588776410068
1577.165	0.00048606539784785453
1577.1699999999998	0.0004873161441214236
1577.175	0.000490150355626402
1577.18	0.00049271447123354
1577.185	0.0004954892313081265
1577.19	0.0004970683571165504
1577.195	0.0004967405870235602
1577.1999999999998	0.000494875891756867
1577.2050000000002	0.0004922222336949959
1577.21	0.0004893245491905629
1577.215	0.0004873719767101333
1577.22	0.00048694107675857916
1577.225	0.0004877974742607844
1577.2299999999998	0.0004901552323173721
1577.2350000000001	0.0004940603209717101
1577.24	0.0004974775417272782
1577.245	0.0005004441648888499
1577.25	0.0005008072558145823
1577.2549999999999	0.0004987828293662513
1577.2599999999998	0.0004930366858566505
1577.265	0.0004870826205408606
1577.27	0.0004820001466936615
1577.275	0.00047938903807224066
1577.28	0.0004790088157396844
1577.2849999999999	0.0004815936095080883
1577.29	0.00048674857255653057
1577.295	0.0004925779727562263
1577.3	0.0004983613287217193
1577.305	0.0005020223407937319
1577.31	0.000502366715795776
1577.3149999999998	0.0004989872965128589
1577.32	0.0004933653835432476
1577.325	0.00048801797755916435
1577.33	0.00048547050363048177
1577.335	0.00048760094072839826
1577.34	0.0004922690196069546
1577.3449999999998	0.0004976859635209448
1577.3500000000001	0.0005017928495901378
1577.355	0.0005034059138174125
1577.36	0.000501485599967083
1577.365	0.0004964199170740054
1577.37	0.0004909125367914812
1577.3749999999998	0.0004862969668429014
1577.38	0.0004832967496565345
1577.385	0.0004821073156025472
1577.39	0.00048312837273274646
1577.395	0.0004863326809082337
1577.3999999999999	0.0004907623462717896
1577.405	0.000495670903044942
1577.41	0.0004992672125496464
1577.415	0.00050062983425348
1577.42	0.0004992878648425947
1577.425	0.0004965972591551201
1577.4299999999998	0.0004934888705262971
1577.435	0.0004902397636692892
1577.44	0.0004885677483656161
1577.445	0.0004889124897774105
1577.45	0.0004905128840067195
1577.455	0.0004919216711783636
1577.4599999999998	0.0004945243737930808
1577.465	0.0004967652137727126
1577.47	0.0004983335358533114
1577.475	0.0004990661982059545
1577.48	0.0004986199784512691
1577.485	0.0004973450032201025
1577.4899999999998	0.0004950100790548357
1577.4950000000001	0.0004922994066315189
1577.5	0.0004905758543946406
1577.505	0.0004904382046101377
1577.51	0.0004915928582531068
1577.5149999999999	0.0004935782341402349
1577.52	0.000496043665650199
1577.525	0.0004983589967097148
1577.53	0.0004999758631318942
1577.535	0.0004997471045787866
1577.54	0.0004999122199387622
1577.5449999999998	0.0004985713169193971
1577.55	0.0004987466244631841
1577.555	0.0004979813239821887
1577.56	0.0004973019241477158
1577.565	0.0004964197705516546
1577.57	0.0004970125593919028
1577.5749999999998	0.0004977350519140391
1577.58	0.0004982494865544144
1577.585	0.0004982691903906597
1577.59	0.0004985870513759973
1577.595	0.0004987217265384676
1577.6	0.0004981619143343321
1577.6049999999998	0.0004978765315304934
1577.61	0.0004972887633441594
1577.615	0.0004961390865614261
1577.6200000000001	0.0004946945189935943
1577.625	0.0004946507208231051
1577.6299999999999	0.0004939526203396827
1577.635	0.0004937714250529392
1577.6399999999999	0.0004937984462717051
1577.645	0.0004943614475003246
1577.65	0.0004956442943325003
1577.655	0.0004970149988875026
1577.6599999999999	0.0004978412084288434
1577.665	0.0004976430396062378
1577.67	0.0004974481210692253
1577.675	0.0004977578357270579
1577.68	0.000496813594707863
1577.685	0.0004977514534872997
1577.6899999999998	0.0004977833637585501
1577.695	0.0004981591333875483
1577.7	0.0004979529060961358
1577.705	0.0004982520569668874
1577.71	0.0004983273996171738
1577.715	0.0004979390440233217
1577.72	0.0004974027938330606
1577.725	0.0004969666916283892
1577.73	0.0004966055705283107
1577.7350000000001	0.0004962745235514653
1577.74	0.0004958594821407074
1577.745	0.00049646725364472
1577.75	0.0004969502914993841
1577.7549999999999	0.0004974747489624484
1577.76	0.0004975432821676302
1577.765	0.0004974062138229362
1577.77	0.0004967688682838954
1577.7749999999999	0.0004953537729743023
1577.78	0.0004948464219986004
1577.7849999999999	0.0004935227017763791
1577.79	0.000492313706796536
1577.795	0.0004905783406415769
1577.8	0.00048973053695442
1577.8049999999998	0.000489646439383623
1577.81	0.0004899602556856119
1577.815	0.0004914539671510533
1577.82	0.0004930288605432407
1577.825	0.0004944651154491736
1577.83	0.0004948783380179478
1577.835	0.0004947308437357585
1577.84	0.0004931921297551654
1577.845	0.0004906524964171652
1577.8500000000001	0.0004887604359591952
1577.855	0.0004862683931210329
1577.86	0.0004858996156535028
1577.865	0.0004853126084604332
1577.87	0.0004864431849266888
1577.875	0.0004874134469668473
1577.88	0.00048809428688785365
1577.885	0.0004887021495012499
1577.8899999999999	0.0004883981892381869
1577.895	0.00048730185355977314
1577.8999999999999	0.00048592012125068835
1577.905	0.0004841787677482627
1577.91	0.000482404979822169
1577.915	0.00048149247606038846
1577.9199999999998	0.00048078632554956856
1577.925	0.0004807336282451093
1577.9299999999998	0.0004806327827968305
1577.9350000000002	0.00048160895665902664
1577.94	0.00048165128467861395
1577.945	0.0004827459090410575
1577.95	0.000483401017816529
1577.955	0.000483951665000417
1577.96	0.00048394402638279036
1577.9650000000001	0.00048373607319637216
1577.97	0.0004826618879323807
1577.975	0.0004810109442268792
1577.98	0.0004784103846854299
1577.985	0.00047577568239488794
1577.99	0.0004735765513296198
1577.9950000000001	0.0004731622351798942
1578	0.0004742427527013086
1578.0049999999999	0.00047690668298403107
1578.01	0.0004803721671052319
1578.0149999999999	0.0004847465520868703
1578.02	0.0004858519911816322
1578.025	0.00048530032879972305
1578.03	0.00048158631159093295
1578.0349999999999	0.00047757867528731596
1578.04	0.0004730931366753687
1578.0449999999998	0.0004705113814045974
1578.0500000000002	0.00047085988744217965
1578.055	0.00047275352416006417
1578.06	0.000475734754903678
1578.065	0.0004789661350187126
1578.07	0.0004817996243989642
1578.0749999999998	0.0004836599680699863
1578.0800000000002	0.0004840472539739487
1578.085	0.0004832490814236824
1578.09	0.0004800563915975364
1578.095	0.0004755886001259192
1578.1	0.0004704729970205326
1578.1049999999998	0.0004671253761080563
1578.1100000000001	0.0004651114169295502
1578.115	0.000466196076159367
1578.12	0.0004687485327355683
1578.125	0.0004725644801223329
1578.1299999999999	0.00047665962420134913
1578.135	0.0004786327363033428
1578.14	0.0004798289427610416
1578.145	0.00047873998442575294
1578.1499999999999	0.0004765158406321055
1578.155	0.0004735348198346187
1578.1599999999999	0.00047005029223010677
1578.165	0.0004671323117436209
1578.17	0.0004658606765864951
1578.175	0.00046628682244830055
1578.18	0.00046930103288327736
1578.185	0.0004732535331146563
1578.1899999999998	0.00047643682045960434
1578.1950000000002	0.00047647864405007723
1578.2	0.0004722927000033317
1578.205	0.00046676467613348274
1578.21	0.00046157337862538886
1578.215	0.0004571662681548647
1578.2199999999998	0.00045480365430778703
1578.2250000000001	0.0004551676182981104
1578.23	0.0004567754631082154
1578.235	0.0004610855325143024
1578.24	0.0004652117488957765
1578.245	0.00046958507958742255
1578.2499999999998	0.00047323391191059173
1578.255	0.0004752097199590104
1578.26	0.0004750680708424774
1578.2649999999999	0.0004727675208644243
1578.27	0.00046854974398382096
1578.2749999999999	0.0004638982943313862
1578.28	0.00046051433468270687
1578.285	0.0004587370205437811
1578.29	0.0004590230816774492
1578.295	0.0004609629682887028
1578.3	0.0004639219254109349
1578.3049999999998	0.000467014964270822
1578.31	0.0004703732989622418
1578.315	0.00047354574002544535
1578.32	0.00047564935464436105
1578.325	0.00047615033695097184
1578.33	0.0004750872994655361
1578.3349999999998	0.00047203598298559287
1578.3400000000001	0.0004684708635057253
1578.345	0.0004659065000798182
1578.35	0.00046587530802512985
1578.355	0.0004676166644800037
1578.36	0.0004701834476482391
1578.3649999999998	0.00047142510683967576
1578.3700000000001	0.00047119362533250514
1578.375	0.0004697457651780367
1578.3799999999999	0.0004668132175455834
1578.385	0.0004627365787058122
1578.3899999999999	0.00045870794652203283
1578.395	0.00045632912767470815
1578.4	0.00045448850269131616
1578.405	0.00045436033302700805
1578.41	0.00045519328963042213
1578.415	0.0004569562613694612
1578.4199999999998	0.0004595636798567241
1578.425	0.0004620374802250582
1578.43	0.0004635047192470469
1578.435	0.00046401749525251234
1578.44	0.0004632019546268177
1578.445	0.0004611733616751151
1578.4499999999998	0.0004591279299214458
1578.455	0.00045766392431795505
1578.46	0.0004555478328693715
1578.465	0.00045501623150871366
1578.47	0.00045478512659737774
1578.475	0.0004547864552245564
1578.4799999999998	0.0004548706892702063
1578.4850000000001	0.0004558708058154896
1578.49	0.00045678522765604123
1578.495	0.00045781313302741493
1578.5	0.0004583602818779103
1578.5049999999999	0.00045862584804883867
1578.51	0.00045806765089467154
1578.515	0.00045751061826381623
1578.52	0.0004573882026945757
1578.525	0.0004577967721328081
1578.53	0.0004582389871746245
1578.5349999999999	0.00045907967910579676
1578.54	0.00045977325191341967
1578.545	0.00046130245512578983
1578.55	0.0004623320331001159
1578.555	0.0004624200878787343
1578.56	0.0004616796405543195
1578.5649999999998	0.0004618204728020349
1578.57	0.0004612576460992083
1578.575	0.00046080219860900707
1578.58	0.0004607765684985255
1578.585	0.0004606045132690748
1578.59	0.00046063769191240017
1578.5949999999998	0.0004604668166537244
1578.6	0.00046007584458680046
1578.605	0.0004599053376991672
1578.61	0.0004593242731165565
1578.615	0.00045883587242064093
1578.62	0.00045854730225060135
1578.625	0.00045758381045151657
1578.6299999999999	0.00045675785007595393
1578.635	0.00045652193414234425
1578.64	0.0004558283291101806
1578.645	0.00045480402595484684
1578.6499999999999	0.00045441614163898924
1578.655	0.00045433367325867707
1578.66	0.0004548276503669252
1578.665	0.00045521233858418107
1578.67	0.0004554229301590183
1578.675	0.0004550814020899279
1578.6799999999998	0.0004544631348422385
1578.685	0.0004536439123057385
1578.69	0.00045257029480254247
1578.695	0.0004513857810502323
1578.7	0.0004503160600339436
1578.705	0.0004487276848245503
1578.7099999999998	0.00044894373401512054
1578.715	0.0004495820051466301
1578.72	0.00045028230260799995
1578.725	0.0004498458703879363
1578.73	0.00044974203793211285
1578.735	0.00044957558830324826
1578.74	0.0004489467547776364
1578.745	0.00044867608727916286
1578.75	0.00044768966814274277
1578.755	0.00044689782201253256
1578.76	0.0004460978317084811
1578.7649999999999	0.0004456235871735463
1578.77	0.00044538269368576483
1578.7749999999999	0.0004452294815615221
1578.78	0.0004452553346410387
1578.785	0.00044557525691294505
1578.79	0.00044543155675006666
1578.7949999999998	0.00044570979127920874
1578.8	0.0004441690742024709
1578.805	0.00044325283566850953
1578.81	0.0004422428376071089
1578.815	0.00044112351220540247
1578.82	0.0004398479361471032
1578.8249999999998	0.00043955290063861816
1578.83	0.0004395082239222319
1578.835	0.0004395126743327184
1578.8400000000001	0.0004395350115373731
1578.845	0.00043989375023594136
1578.85	0.00044044839491564985
1578.855	0.00044028594860404894
1578.86	0.000440258715138354
1578.865	0.0004390616216307917
1578.8700000000001	0.0004368151121887859
1578.875	0.0004347014703681667
1578.8799999999999	0.0004332167574876131
1578.885	0.0004326741731373499
1578.8899999999999	0.0004333462478386965
1578.895	0.00043397225976241955
1578.9	0.00043377763371136533
1578.905	0.00043322650112779837
1578.9099999999999	0.000432186789374587
1578.915	0.0004306313101782791
1578.9199999999998	0.0004291614004402329
1578.925	0.0004275880848332189
1578.93	0.00042583210931684546
1578.935	0.0004244273297860667
1578.9399999999998	0.00042391413210053766
1578.945	0.00042431477311672484
1578.95	0.00042548380263456617
1578.9550000000002	0.0004267829395784668
1578.96	0.00042810389488312766
1578.965	0.00042898758438806813
1578.97	0.0004279707211608326
1578.975	0.000426638605368182
1578.98	0.000424682805899081
1578.9850000000001	0.0004211177266702213
1578.99	0.0004173862879375947
1578.995	0.0004146638446685535
1579	0.0004127657714767345
1579.0049999999999	0.00041201575666175946
1579.01	0.0004127946235449183
1579.015	0.0004152000677855754
1579.02	0.0004189367692792485
1579.0249999999999	0.0004230460545171518
1579.03	0.00042529027221223646
1579.0349999999999	0.00042492792585445497
1579.04	0.0004224502887318641
1579.045	0.0004194025760146765
1579.05	0.0004173982816917235
1579.055	0.0004162585518000981
1579.06	0.0004159332019871341
1579.0649999999998	0.0004164175602978214
1579.0700000000002	0.0004175207756331098
1579.075	0.0004190752311533602
1579.08	0.000419268917145049
1579.085	0.0004189179678477064
1579.09	0.00041752961727721034
1579.0949999999998	0.00041533776572666247
1579.1000000000001	0.0004126445059587966
1579.105	0.000409391127114615
1579.11	0.0004068135947687642
1579.115	0.000405025333262191
1579.12	0.00040441012131145417
1579.125	0.0004052404555998708
1579.13	0.00040712084164348913
1579.135	0.00041020668693917013
1579.1399999999999	0.00041324246697652144
1579.145	0.0004159650701332148
1579.1499999999999	0.0004186776416632412
1579.155	0.0004196858886438228
1579.16	0.0004196424708242522
1579.165	0.000418662991786536
1579.17	0.0004169997195952841
1579.175	0.0004142307193438607
1579.1799999999998	0.00041124159575634277
1579.1850000000002	0.00040892920443740856
1579.19	0.00040858408684589563
1579.195	0.00041006845608921797
1579.2	0.00041374593209682396
1579.205	0.00041791481210836127
1579.2099999999998	0.00042109980360674476
1579.2150000000001	0.00042155774200962456
1579.22	0.0004193949510881409
1579.225	0.0004162194515165976
1579.23	0.00041311474950725657
1579.235	0.0004101925219579869
1579.2399999999998	0.00040761708993078654
1579.2450000000001	0.00040645249962246397
1579.25	0.00040766625252626834
1579.2549999999999	0.0004097596795995441
1579.26	0.00041316293856696467
1579.2649999999999	0.00041577579891094544
1579.27	0.00041768100318145357
1579.275	0.0004188848531155557
1579.28	0.0004189438989556164
1579.285	0.00041766445338429234
1579.29	0.0004155731891198694
1579.2949999999998	0.0004131963622562064
1579.3	0.0004110157224421814
1579.305	0.00040944276345706974
1579.31	0.0004082532646640755
1579.315	0.0004076916242055606
1579.32	0.00040853497633414846
1579.3249999999998	0.0004096414327908811
1579.3300000000002	0.00041079051917446353
1579.335	0.0004109741018357688
1579.34	0.00041191349486747943
1579.345	0.00041113513677667665
1579.35	0.00041038517411804554
1579.3549999999998	0.0004082210973407287
1579.3600000000001	0.00040675999843047575
1579.365	0.000405656543958634
1579.37	0.0004054220044054091
1579.375	0.0004056596940169783
1579.3799999999999	0.0004066096638515422
1579.3849999999998	0.00040744668529600967
1579.39	0.0004080841863920907
1579.395	0.0004067099725443137
1579.4	0.00040555447690811573
1579.405	0.0004041723817829973
1579.4099999999999	0.00040291446221856685
1579.415	0.00040171465057658816
1579.42	0.0004012903714514928
1579.425	0.00040174205679821816
1579.43	0.0004022423739714153
1579.435	0.0004034374324444184
1579.4399999999998	0.0004043313795735709
1579.445	0.00040534452984391855
1579.45	0.0004057872013753038
1579.455	0.0004058812251201717
1579.46	0.00040547166210873467
1579.465	0.00040474451101634964
1579.4699999999998	0.0004041259281845316
1579.4750000000001	0.0004039508140399077
1579.48	0.00040426369061666626
1579.485	0.00040460766149720025
1579.49	0.00040559807037686836
1579.495	0.0004063570763099901
1579.4999999999998	0.0004074885233500026
1579.505	0.0004088255471623163
1579.51	0.0004088554997296611
1579.515	0.000410172070058779
1579.52	0.00041021588343424423
1579.5249999999999	0.0004111764497144714
1579.53	0.00041142408034267015
1579.535	0.00041117134691474405
1579.54	0.0004112224310701122
1579.545	0.0004110272451695366
1579.55	0.00041113632858403307
1579.5549999999998	0.00041091998176072994
1579.56	0.00041118702905449555
1579.565	0.0004108929469674128
1579.57	0.000411606653874784
1579.575	0.0004118212381906226
1579.58	0.00041186921899165254
1579.5849999999998	0.0004113382311796605
1579.59	0.00041072902199644316
1579.595	0.0004106291751024319
1579.6	0.0004100120106503765
1579.605	0.00041082469542885194
1579.61	0.00041099761250528463
1579.6149999999998	0.00041194066853676963
1579.6200000000001	0.000412333983137176
1579.625	0.00041334952670126683
1579.63	0.0004142005636205267
1579.635	0.0004144365549940239
1579.6399999999999	0.00041438585087691637
1579.645	0.00041415103571231453
1579.65	0.00041391856244597786
1579.655	0.00041351507031141407
1579.66	0.00041273940365367615
1579.665	0.00041240035710021544
1579.6699999999998	0.00041283226677988705
1579.675	0.0004135793460598518
1579.68	0.0004144803966234333
1579.685	0.0004166397762472338
1579.69	0.00041843023134831807
1579.695	0.0004200644364810168
1579.6999999999998	0.0004211309199204708
1579.705	0.0004215756331402714
1579.71	0.0004210554974853023
1579.715	0.00042027941293697896
1579.72	0.0004195788501226001
1579.725	0.0004189742446757199
1579.7299999999998	0.00041828051695311783
1579.735	0.0004178078099248235
1579.74	0.0004183822504444159
1579.7450000000001	0.00041903536015183024
1579.75	0.0004198470148780542
1579.7549999999999	0.00042088887023082
1579.76	0.0004211403043228335
1579.7649999999999	0.00042207971677572884
1579.77	0.0004219302287185757
1579.775	0.00042174216283130894
1579.78	0.00042145428160139144
1579.7849999999999	0.000420855110041982
1579.79	0.0004199736752362402
1579.795	0.0004195117974468952
1579.8	0.00042003686529955904
1579.805	0.0004207533417955179
1579.81	0.000421620323167489
1579.8149999999998	0.0004223871169143329
1579.82	0.0004233930028667234
1579.825	0.00042436176196270707
1579.83	0.0004242223846547495
1579.835	0.00042515629603971904
1579.84	0.00042463984467798574
1579.8449999999998	0.0004242994430403722
1579.85	0.000423200688679996
1579.855	0.0004233803564511908
1579.8600000000001	0.00042377351137834235
1579.865	0.00042415910859871554
1579.87	0.0004253633631238643
1579.875	0.0004265845783205053
1579.8799999999999	0.0004278355117611803
1579.885	0.0004282792918725928
1579.89	0.0004293595169725271
1579.895	0.0004288215799405284
1579.8999999999999	0.00042786281296700333
1579.905	0.0004273694163487515
1579.9099999999999	0.0004267755506316859
1579.915	0.0004272533644351851
1579.92	0.0004274793182488577
1579.925	0.0004289096287723632
1579.9299999999998	0.000429677770047805
1579.935	0.00043017065199642116
1579.94	0.00043009776584092827
1579.945	0.00042952634929974246
1579.95	0.0004286690965840152
1579.955	0.0004280632902117845
1579.96	0.0004275647359991877
1579.965	0.00042698674513961323
1579.97	0.0004274415560828404
1579.9750000000001	0.0004279239266922791
1579.98	0.00042926776190937673
1579.985	0.0004303820871981798
1579.99	0.00043261928085232905
1579.995	0.00043290269249730064
1580	0.0004346868659723364
1580.005	0.0004351748066044348
1580.01	0.0004358296135891887
1580.0149999999999	0.0004357030777092128
1580.02	0.00043560533396174334
1580.0249999999999	0.00043553014985563777
1580.03	0.0004359596443086684
1580.035	0.0004363050262206394
1580.04	0.00043683534022420607
1580.0449999999998	0.0004367255633573158
1580.05	0.00043633137834327206
1580.0549999999998	0.00043568356509138923
1580.06	0.0004344931514717157
1580.065	0.00043307597539653936
1580.07	0.00043337394655767314
1580.075	0.0004334352679372558
1580.08	0.0004367280219401484
1580.085	0.0004385640585846314
1580.0900000000001	0.0004415547152863564
1580.095	0.00044358596044348427
1580.1	0.0004446717272811393
1580.105	0.00044492800049393923
1580.11	0.0004440468858841889
1580.115	0.0004422594134310173
1580.1200000000001	0.00043995303932994407
1580.125	0.00043723385463769306
1580.1299999999999	0.0004346169969512499
1580.135	0.00043343830494042607
1580.1399999999999	0.00043449350186403193
1580.145	0.00043630489349528887
1580.15	0.00043947314737797973
1580.155	0.0004434849110899585
1580.1599999999999	0.0004477792819814424
1580.165	0.0004512383191758149
1580.1699999999998	0.0004531260226725649
1580.1750000000002	0.0004531641916880791
1580.18	0.00045177018449096866
1580.185	0.0004498876201126437
1580.19	0.0004468154901597634
1580.195	0.0004433418557388863
1580.1999999999998	0.00044033474720682166
1580.2050000000002	0.0004375390222645846
1580.21	0.00043566278635455885
1580.215	0.0004347538924302075
1580.22	0.0004357933563782151
1580.225	0.0004392443934848972
1580.2299999999998	0.00044411800752499605
1580.2350000000001	0.0004494901865137731
1580.24	0.00045414416692561777
1580.245	0.00045658744762151754
1580.25	0.00045711448206346396
1580.2549999999999	0.0004557940606326973
1580.26	0.00045473644525063944
1580.265	0.0004539836373471102
1580.27	0.0004534249311591436
1580.2749999999999	0.00045320229424149845
1580.28	0.00045418937106268066
1580.2849999999999	0.00045488480579226133
1580.2900000000002	0.00045627682738293797
1580.295	0.00045679094487856184
1580.3	0.00045743188810325815
1580.305	0.00045770691936074774
1580.31	0.0004572558414546372
1580.3149999999998	0.0004567902652372798
1580.3200000000002	0.00045649253302084813
1580.325	0.0004565062610177066
1580.33	0.00045669546461476313
1580.335	0.00045763866798210427
1580.34	0.0004578268876380681
1580.3449999999998	0.0004584640206578029
1580.3500000000001	0.0004594066080904267
1580.355	0.00045982657988518684
1580.36	0.0004594936618876196
1580.365	0.0004589807691692082
1580.37	0.00045780895773713876
1580.3749999999998	0.00045660944850052157
1580.38	0.00045574798834140253
1580.385	0.00045635272626384424
1580.3899999999999	0.00045789545367509716
1580.395	0.0004606600958127073
1580.3999999999999	0.00046423460886648387
1580.405	0.00046657636220339294
1580.41	0.0004667581834905697
1580.415	0.0004653050467919382
1580.42	0.00046261348000060774
1580.425	0.0004607680124436387
1580.4299999999998	0.0004595385367643118
1580.435	0.00046029938991504074
1580.44	0.0004619039836127281
1580.445	0.00046596237288230044
1580.45	0.00047009567969842105
1580.455	0.0004736352789143017
1580.4599999999998	0.0004764108524954627
1580.4650000000001	0.0004773571874829718
1580.47	0.000477258342773322
1580.475	0.00047620473213967596
1580.48	0.00047465630449809867
1580.485	0.0004728971318207262
1580.4899999999998	0.0004716220056650124
1580.4950000000001	0.00047091023021268177
1580.5	0.00047105495999002117
1580.5049999999999	0.0004722892545604108
1580.51	0.00047321003510508464
1580.5149999999999	0.000474761849144768
1580.52	0.00047717263891436894
1580.525	0.00047915119403959346
1580.53	0.00048152910276523297
1580.535	0.000484689497536678
1580.54	0.0004877843501978444
1580.5449999999998	0.0004898972955414743
1580.55	0.000490948949655095
1580.555	0.0004911492022283446
1580.56	0.0004891359938585954
1580.565	0.0004857955901515942
1580.57	0.0004837437301509471
1580.5749999999998	0.00048357684201348996
1580.58	0.00048534486710915685
1580.585	0.000490029745212977
1580.59	0.00049425392742797
1580.595	0.0005003105233118196
1580.6	0.00050346786863504
1580.6049999999998	0.0005044958039654262
1580.6100000000001	0.0005036011667952573
1580.615	0.000502265140171435
1580.62	0.0005020799735479796
1580.625	0.0005018498381436251
1580.6299999999999	0.0005034817009883635
1580.635	0.000504751465836478
1580.64	0.0005056871225163693
1580.645	0.0005056682319898375
1580.65	0.0005062309307702908
1580.655	0.0005066128839688525
1580.6599999999999	0.0005072213085569174
1580.665	0.0005079381367754966
1580.67	0.0005094154332602924
1580.675	0.0005108520613233239
1580.68	0.0005121586166238981
1580.685	0.0005129609077631556
1580.6899999999998	0.0005132050495376934
1580.695	0.0005140395937617337
1580.7	0.0005146829371037959
1580.705	0.0005160390571204291
1580.71	0.0005169562236401921
1580.715	0.0005189632297119739
1580.7199999999998	0.0005207123279179017
1580.725	0.0005219927331681322
1580.73	0.0005215398347200625
1580.735	0.0005207548386594128
1580.74	0.0005187765786373678
1580.745	0.0005165445674587987
1580.75	0.0005159939516394224
1580.755	0.0005175861992302633
1580.76	0.000520259188463754
1580.765	0.0005227092855718068
1580.77	0.0005249372688801039
1580.7749999999999	0.000525956120028958
1580.78	0.0005255086417060768
1580.785	0.0005247733986302684
1580.79	0.0005243080767296924
1580.795	0.0005230118406275884
1580.8	0.0005224815588449109
1580.8049999999998	0.0005220382029131265
1580.81	0.0005223315200110636
1580.815	0.0005232183690411421
1580.82	0.0005245408068371349
1580.825	0.0005263088320363191
1580.83	0.0005277745817575591
1580.8349999999998	0.000529380412550945
1580.84	0.0005307915031800156
1580.845	0.0005322135594501401
1580.85	0.0005337103567495323
1580.855	0.0005337668721761144
1580.86	0.0005336305699754326
1580.865	0.0005337287482685829
1580.87	0.0005337288771263305
1580.875	0.0005328679670073099
1580.88	0.0005323773309948567
1580.885	0.000532418264649491
1580.8899999999999	0.0005325055680493617
1580.895	0.0005327813671353761
1580.8999999999999	0.0005328884884145963
1580.905	0.0005333746615186961
1580.91	0.0005340498536338578
1580.915	0.0005339560156822062
1580.9199999999998	0.0005340510056742119
1580.925	0.0005338351210963742
1580.93	0.000534733132689055
1580.935	0.0005347371970275343
1580.94	0.000536819189978377
1580.945	0.000538284237526514
1580.9499999999998	0.0005396855444908254
1580.955	0.0005403984551944335
1580.96	0.0005412336766149741
1580.965	0.0005402185572343957
1580.97	0.0005394005464313222
1580.975	0.0005376046294045228
1580.98	0.0005362411637429568
1580.985	0.0005345921760191976
1580.99	0.000532924035649052
1580.9950000000001	0.00053287910647666
1581	0.0005338055037912475
1581.0049999999999	0.0005353069680499591
1581.01	0.0005364933431108337
1581.0149999999999	0.0005382160935255506
1581.02	0.0005384709610968981
1581.025	0.0005390702084296955
1581.03	0.0005385727362402162
1581.0349999999999	0.0005382804666197492
1581.04	0.0005368256176870852
1581.0449999999998	0.0005376565872928896
1581.05	0.0005370054820486919
1581.055	0.0005385821184007716
1581.06	0.0005393228734094016
1581.0649999999998	0.0005410629238556398
1581.07	0.0005421140568371058
1581.075	0.0005421220267599455
1581.0800000000002	0.0005409395515120975
1581.085	0.0005377766746771601
1581.09	0.0005343132422132616
1581.095	0.0005312466489191902
1581.1	0.0005284851669425054
1581.105	0.000529885116100352
1581.1100000000001	0.0005305945210267161
1581.115	0.0005341858348377866
1581.12	0.0005363957096072411
1581.125	0.000540410018457315
1581.1299999999999	0.0005433852457698418
1581.135	0.0005455536181915803
1581.14	0.000546831993448055
1581.145	0.0005464373237262384
1581.1499999999999	0.0005448860803843516
1581.155	0.0005422775959157242
1581.1599999999999	0.0005395114359524899
1581.165	0.0005373666417802166
1581.17	0.0005353992490123642
1581.175	0.0005344800379543969
1581.1799999999998	0.0005339740156946665
1581.185	0.0005352488547359889
1581.1899999999998	0.0005339979905954531
1581.1950000000002	0.0005349927272671914
1581.2	0.0005347477360417127
1581.205	0.000533917321147455
1581.21	0.000532810872029535
1581.215	0.0005317635951629871
1581.22	0.0005314678838417277
1581.2250000000001	0.0005311622751134201
1581.23	0.0005317888245902304
1581.235	0.0005331420544528972
1581.24	0.000535524748593734
1581.245	0.0005372971060749837
1581.25	0.0005411152571330136
1581.255	0.0005417787857875731
1581.26	0.0005410273410209486
1581.2649999999999	0.0005385684288927225
1581.27	0.000535431123867468
1581.2749999999999	0.0005317982484784634
1581.28	0.0005289297966740613
1581.285	0.0005277039971481006
1581.29	0.0005292691178699544
1581.295	0.0005320138875331587
1581.3	0.0005353984562551586
1581.3049999999998	0.0005384161517153676
1581.3100000000002	0.0005406243932150156
1581.315	0.0005417458910721857
1581.32	0.0005405490579274274
1581.325	0.0005379478827870934
1581.33	0.0005353208266862886
1581.3349999999998	0.0005338397329073453
1581.3400000000001	0.0005331005603014823
1581.345	0.0005334518605814544
1581.35	0.0005339398819554788
1581.355	0.0005371679818169865
1581.36	0.0005381394357307115
1581.3649999999998	0.0005408087093713504
1581.3700000000001	0.0005416747836580452
1581.375	0.0005419506136932683
1581.3799999999999	0.0005417233498515549
1581.385	0.0005415015918179723
1581.3899999999999	0.0005414807819761338
1581.395	0.000541709663752583
1581.4	0.0005426012404453425
1581.405	0.00054381519495184
1581.41	0.0005444487019548708
1581.415	0.0005443406838307505
1581.4199999999998	0.0005452890180167798
1581.425	0.0005453491057852651
1581.43	0.0005456489363596867
1581.435	0.0005465055392400186
1581.44	0.0005488647922627013
1581.445	0.0005500448296880678
1581.4499999999998	0.000550430874272848
1581.4550000000002	0.0005477541203052825
1581.46	0.0005438236411580076
1581.465	0.0005392220925442174
1581.47	0.0005361707480350219
1581.475	0.0005357059011338295
1581.4799999999998	0.0005379467096990785
1581.4850000000001	0.0005416933448879101
1581.49	0.0005456962751978532
1581.495	0.0005483284471827656
1581.5	0.0005481960252148048
1581.5049999999999	0.0005462664200226636
1581.5099999999998	0.000542178084628791
1581.515	0.0005379348021503738
1581.52	0.0005343747759016999
1581.525	0.0005334638803303123
1581.53	0.0005337009578853777
1581.5349999999999	0.0005370800944790615
1581.54	0.0005404846798524158
1581.545	0.0005428276680376953
1581.55	0.0005434437553452844
1581.555	0.0005428664154622256
1581.56	0.0005412386990597281
1581.5649999999998	0.0005392878024857366
1581.57	0.0005381005905244299
1581.575	0.0005376862989259593
1581.58	0.0005379253441932525
1581.585	0.0005386218118884522
1581.59	0.0005400862559157706
1581.5949999999998	0.0005412158680805352
1581.6000000000001	0.0005425193943088923
1581.605	0.0005452564900850481
1581.61	0.0005470866504646795
1581.615	0.0005510172688155386
1581.62	0.0005513291606169785
1581.6249999999998	0.000551957869795618
1581.63	0.0005508493633929765
1581.635	0.0005499375403519137
1581.64	0.0005487787228771917
1581.645	0.0005478178954500547
1581.6499999999999	0.0005477236074124579
1581.655	0.0005482162263824793
1581.66	0.0005488572730665626
1581.665	0.000549442462683407
1581.67	0.0005511756671083192
1581.675	0.0005525192652397999
1581.6799999999998	0.0005533062356534951
1581.685	0.000552889045956779
1581.69	0.0005531345157684892
1581.695	0.0005518774066733574
1581.7	0.0005517373803243639
1581.705	0.0005508567284322333
1581.7099999999998	0.0005497944955930968
1581.715	0.0005483522742416136
1581.72	0.0005473577082938895
1581.725	0.0005464798866134624
1581.73	0.0005457349414717985
1581.735	0.000545213942031124
1581.7399999999998	0.0005446307716751459
1581.7450000000001	0.0005435762230472178
1581.75	0.0005417453956253123
1581.755	0.0005414355102170964
1581.76	0.0005400201515325463
1581.7649999999999	0.0005392816831598278
1581.77	0.0005396579686633389
1581.775	0.0005399982509066622
1581.78	0.0005404150884611741
1581.785	0.0005409461514161617
1581.79	0.0005408212924134314
1581.7949999999998	0.0005406022459020636
1581.8	0.0005393193174002994
1581.805	0.0005373566290787997
1581.81	0.0005350909460567411
1581.815	0.0005329942810086842
1581.82	0.0005311837747946356
1581.8249999999998	0.0005302255516595512
1581.83	0.0005300592626777253
1581.835	0.0005304201309489541
1581.84	0.0005314280890499
1581.845	0.0005333468948885354
1581.85	0.0005343960439839282
1581.8549999999998	0.0005356954743534027
1581.86	0.0005349870431897809
1581.865	0.0005346257701442408
1581.8700000000001	0.0005314599887876292
1581.875	0.0005297667100980344
1581.8799999999999	0.0005273484732956845
1581.885	0.0005254947975789643
1581.8899999999999	0.0005238342863882961
1581.895	0.0005225534890735653
1581.9	0.0005221448812154475
1581.905	0.0005222311204578528
1581.9099999999999	0.0005231414684562144
1581.915	0.0005253912674132164
1581.92	0.0005276748544221735
1581.925	0.000529585198736087
1581.93	0.0005312326656258035
1581.935	0.0005309202799002546
1581.9399999999998	0.000529414521890468
1581.945	0.0005269635125021565
1581.95	0.000524758699101013
1581.955	0.0005235773695552589
1581.96	0.000523369092868873
1581.965	0.0005239510208051868
1581.9699999999998	0.0005255846280244415
1581.975	0.0005271050725385593
1581.98	0.0005286615897690839
1581.9850000000001	0.0005293500966084464
1581.99	0.0005290184380336578
1581.995	0.0005279278126423397
1582	0.0005260348604882045
1582.0049999999999	0.0005238968446059092
1582.01	0.0005229284288862671
1582.015	0.00052299771773981
1582.02	0.0005236962459439449
1582.0249999999999	0.0005239289192347944
1582.03	0.000525100103995251
1582.0349999999999	0.0005251257749986141
1582.04	0.0005255148937862599
1582.045	0.0005252257398639301
1582.05	0.0005239388558717284
1582.0549999999998	0.0005220232418906844
1582.06	0.0005196680918287373
1582.065	0.0005174526289384386
1582.07	0.0005155327458015806
1582.075	0.0005146312836897339
1582.08	0.0005147016348435906
1582.0849999999998	0.0005158750968633107
1582.09	0.0005176064436786692
1582.095	0.0005198293945630354
1582.1000000000001	0.0005203595447189075
1582.105	0.0005191853669645029
1582.11	0.0005178718596908667
1582.115	0.0005144190880238528
1582.12	0.0005119090479267965
1582.125	0.000509077820537644
1582.13	0.0005074162441618676
1582.135	0.0005061802615040418
1582.1399999999999	0.0005068778618876208
1582.145	0.0005076733163127014
1582.1499999999999	0.0005086543924929158
1582.155	0.0005095311207696795
1582.16	0.0005093970353404182
1582.165	0.000508763305843696
1582.1699999999998	0.0005072547535544452
1582.175	0.0005053710600993535
1582.1799999999998	0.0005041859505999699
1582.185	0.0005026727050446343
1582.19	0.0005013314679892212
1582.195	0.0005002509831247746
1582.1999999999998	0.0004999403833678059
1582.205	0.0005003790991689373
1582.21	0.0004999271376397357
1582.2150000000001	0.0005021505013824532
1582.22	0.0005022208617056991
1582.225	0.0005030596631899968
1582.23	0.0005026916635733281
1582.235	0.0005027694787931602
1582.24	0.000501602810775422
1582.2450000000001	0.0005000731715872332
1582.25	0.0004988931470499287
1582.2549999999999	0.0004976456709469968
1582.26	0.0004961322478289221
1582.2649999999999	0.0004966082282079448
1582.27	0.0004974560862580841
1582.275	0.0004993222534134523
1582.28	0.0004999225131057282
1582.2849999999999	0.0005013339944615728
1582.29	0.0004988149234166863
1582.2949999999998	0.0004961419461936788
1582.3	0.0004918006712823167
1582.305	0.0004872289330500117
1582.31	0.0004841356626726334
1582.315	0.0004847608439289804
1582.32	0.00048678512053108375
1582.3249999999998	0.0004910021016078109
1582.3300000000002	0.0004951561011959413
1582.335	0.0004987156584088843
1582.34	0.0005009430798277837
1582.345	0.0005007346821988316
1582.35	0.000498867245875204
1582.3549999999998	0.000495628324570887
1582.3600000000001	0.0004907105672042729
1582.365	0.0004847289179309199
1582.37	0.00048028049101388583
1582.375	0.0004778433190924083
1582.3799999999999	0.0004769173968191863
1582.385	0.00048045083202534163
1582.39	0.0004836352416003522
1582.395	0.0004891323129105772
1582.3999999999999	0.000493766331792018
1582.405	0.0004976058391252147
1582.4099999999999	0.0004995725429985342
1582.4150000000002	0.0004993941564930906
1582.42	0.0004977707483530464
1582.425	0.0004947909043605344
1582.43	0.0004913184293124863
1582.435	0.0004898098454689579
1582.4399999999998	0.0004896855098195376
1582.4450000000002	0.000491806580846797
1582.45	0.000493539789180762
1582.455	0.0004943336378863746
1582.46	0.000491495621323312
1582.465	0.00048763085388090166
1582.4699999999998	0.0004832287274698545
1582.4750000000001	0.0004801640274903195
1582.48	0.00047845875203078337
1582.485	0.00047920531862958394
1582.49	0.00048034588770934795
1582.495	0.00048266907311172725
1582.4999999999998	0.00048470494604969065
1582.505	0.00048645921380870356
1582.51	0.0004878717562157396
1582.5149999999999	0.0004885670605843094
1582.52	0.00048845182175482
1582.5249999999999	0.0004883776221264129
1582.53	0.0004877246673815517
1582.535	0.0004872033759651971
1582.54	0.00048672446382050724
1582.545	0.00048729120534710216
1582.55	0.0004875184779069981
1582.5549999999998	0.00048912565954559
1582.56	0.0004906856118791994
1582.565	0.0004922551015524158
1582.57	0.0004932274173852513
1582.575	0.0004943800206205596
1582.58	0.0004954028356676086
1582.5849999999998	0.0004959313199879167
1582.5900000000001	0.0004967623032935906
1582.595	0.0004968316751721567
1582.6	0.0004962985249817313
1582.605	0.0004960613128652876
1582.61	0.0004952994642701426
1582.6149999999998	0.0004939878023881433
1582.6200000000001	0.000492781871689364
1582.625	0.0004923539252075891
1582.6299999999999	0.0004923164136281523
1582.635	0.0004925299514941048
1582.6399999999999	0.00049252892377934
1582.645	0.0004923277851290649
1582.65	0.0004922880401397969
1582.655	0.0004922636203835594
1582.66	0.0004915218177085507
1582.665	0.0004907916989317175
1582.6699999999998	0.0004900023385224852
1582.675	0.0004894982899873462
1582.68	0.0004896342882848543
1582.685	0.0004892718278422053
1582.69	0.000490043079349286
1582.695	0.0004895873478129232
1582.6999999999998	0.0004895266702524729
1582.705	0.0004882887939319309
1582.71	0.0004878334379923213
1582.715	0.0004851554751214178
1582.72	0.00048396491705237705
1582.725	0.0004820993236192991
1582.7299999999998	0.0004808154594896385
1582.7350000000001	0.0004796553987194763
1582.74	0.000479273963751325
1582.745	0.00047916431784108675
1582.75	0.0004795737985776276
1582.7549999999999	0.000481298057940373
1582.76	0.00048435629721210944
1582.765	0.0004870455151843443
1582.77	0.0004889822639655637
1582.775	0.0004895148184893303
1582.78	0.0004888931052473933
1582.7849999999999	0.00048760199761700164
1582.79	0.00048713467253093016
1582.795	0.0004860176766564623
1582.8	0.0004877393299158655
1582.805	0.0004887600247750963
1582.81	0.0004903402968661433
1582.8149999999998	0.0004910676023187911
1582.82	0.0004916057922807985
1582.825	0.0004918059160450803
1582.83	0.0004911385960463466
1582.835	0.0004898578037979166
1582.84	0.00048774481279075183
1582.8449999999998	0.00048549726262964523
1582.85	0.0004837711153926976
1582.855	0.0004827822517524887
1582.86	0.000483376564620368
1582.865	0.000484774490793189
1582.87	0.0004866467180743346
1582.875	0.0004887994595479299
1582.88	0.0004908476059686212
1582.885	0.0004925737569931827
1582.89	0.0004926484999463266
1582.895	0.0004922395199296643
1582.8999999999999	0.0004908654957562059
1582.905	0.0004888077452339076
1582.91	0.0004853706039746107
1582.915	0.0004835226707606951
1582.92	0.00048077338330478986
1582.925	0.000478910930238969
1582.9299999999998	0.00047820944998568527
1582.935	0.00047853015519544017
1582.94	0.00048071857008516027
1582.945	0.0004832399318352989
1582.95	0.00048605845814699684
1582.955	0.00048786984180223587
1582.9599999999998	0.00048818184449758993
1582.965	0.0004874455211757276
1582.97	0.00048554085526810337
1582.975	0.00048328079633946474
1582.98	0.0004821611892741172
1582.985	0.0004813735277926331
1582.99	0.0004815285780086887
1582.995	0.0004828834420593142
1583	0.0004850257970794803
1583.005	0.00048699269475356664
1583.01	0.0004889243612339569
1583.0149999999999	0.0004902904570942246
1583.02	0.0004902761874251653
1583.0249999999999	0.0004886025328796671
1583.03	0.000486716148737289
1583.035	0.00048508557982984636
1583.04	0.0004837797281275277
1583.0449999999998	0.000482566521383993
1583.05	0.00048203257370232444
1583.055	0.0004824316326443399
1583.06	0.0004832504746184608
1583.065	0.0004844762988536548
1583.07	0.00048554600105328593
1583.0749999999998	0.0004859823057861102
1583.08	0.0004863689243558626
1583.085	0.000486810552034559
1583.09	0.0004875105958601246
1583.095	0.0004881174086043561
1583.1	0.0004887217404711528
1583.105	0.0004895538099467757
1583.11	0.0004899528602493099
1583.115	0.0004901728876125835
1583.1200000000001	0.000489189520099949
1583.125	0.0004874715309565364
1583.1299999999999	0.000484471918131138
1583.135	0.00048166154467652484
1583.1399999999999	0.00047910527387416083
1583.145	0.0004769546468612415
1583.15	0.0004759892019935946
1583.155	0.00047602240011227647
1583.1599999999999	0.00047758527579148274
1583.165	0.00048009683885451694
1583.1699999999998	0.000481613632492579
1583.175	0.0004838563538570709
1583.18	0.0004842957230399074
1583.185	0.00048456162687750823
1583.1899999999998	0.0004836502783210932
1583.195	0.00048245745729811153
1583.2	0.0004810920927854456
1583.205	0.0004795034039588204
1583.21	0.0004785264526638785
1583.215	0.00047834600956895895
1583.22	0.00047958128196567274
1583.225	0.0004801066975250592
1583.23	0.00048192503559790675
1583.2350000000001	0.00048309660232769464
1583.24	0.0004835172663417122
1583.245	0.00048231095469015463
1583.25	0.0004793875844401641
1583.2549999999999	0.00047538270349102444
1583.26	0.0004709371868116518
1583.265	0.00046708224450612933
1583.27	0.00046400004118292605
1583.2749999999999	0.00046272327349551124
1583.28	0.0004622869391397729
1583.2849999999999	0.000465349208265073
1583.29	0.00046890444267123975
1583.295	0.0004738154541017343
1583.3	0.0004778157448424234
1583.3049999999998	0.0004801237473072263
1583.31	0.00047951655877477014
1583.3149999999998	0.00047669344405210486
1583.32	0.00047381612284304905
1583.325	0.00047125753318923077
1583.33	0.00046933672183576964
1583.335	0.000469841956346644
1583.34	0.00047215175447876096
1583.345	0.00047565186277713864
1583.3500000000001	0.0004795426060467413
1583.355	0.00048259496292402603
1583.36	0.0004844052405993456
1583.365	0.00048431571164860905
1583.37	0.00048272361317089145
1583.375	0.00048009865689325305
1583.38	0.00047749617687627995
1583.385	0.00047473939223666075
1583.3899999999999	0.000474309607017289
1583.395	0.0004740734815670389
1583.3999999999999	0.00047717813251242646
1583.405	0.00048023907360705
1583.41	0.00048311430320698647
1583.415	0.00048562146842402184
1583.4199999999998	0.00048609568130563347
1583.425	0.0004859901455572052
1583.4299999999998	0.0004841714865993362
1583.4350000000002	0.00048135388194244655
1583.44	0.00047776937310556474
1583.445	0.0004729467980964817
1583.45	0.00046951324927884503
1583.455	0.00046903848266024084
1583.4599999999998	0.0004711258867876686
1583.4650000000001	0.00047553535116071
1583.47	0.00048195931059288535
1583.475	0.0004857513548200802
1583.48	0.00048744959009112634
1583.485	0.0004854828909408726
1583.4899999999998	0.0004820827339230898
1583.4950000000001	0.0004781085521994825
1583.5	0.00047539036700425437
1583.5049999999999	0.00047421779083103513
1583.51	0.00047436507764904716
1583.5149999999999	0.0004758559560390348
1583.52	0.00047908327486547315
1583.525	0.0004816742064852745
1583.53	0.00048444080338882
1583.535	0.0004857945505477778
1583.54	0.0004864710498232731
1583.5449999999998	0.00048635438378772733
1583.55	0.0004844293950799786
1583.555	0.00048211972699208565
1583.56	0.0004797451351816549
1583.565	0.00047848181361495975
1583.57	0.0004769949508586028
1583.5749999999998	0.00047886587883799964
1583.5800000000002	0.0004805275176549214
1583.585	0.0004829717548172045
1583.59	0.0004834099671977528
1583.595	0.00048559118257388885
1583.6	0.0004857664906993378
1583.6049999999998	0.0004862421484180146
1583.6100000000001	0.00048562100100137085
1583.615	0.0004841690326064416
1583.62	0.00048176968531750137
1583.625	0.00047996936797479214
1583.6299999999999	0.00047915390472574057
1583.6349999999998	0.00047887253467815004
1583.64	0.00047901252551450253
1583.645	0.0004804865432553051
1583.65	0.0004815255091652578
1583.655	0.00048341667806404954
1583.6599999999999	0.00048415549521240727
1583.665	0.00048491936683005873
1583.67	0.0004854151090879389
1583.675	0.0004860493089399617
1583.68	0.000486487925768821
1583.685	0.00048622489421788106
1583.6899999999998	0.0004863630527274782
1583.695	0.00048661695142873456
1583.7	0.0004866270502095275
1583.705	0.00048642349176999624
1583.71	0.00048715398850278314
1583.715	0.00048774797493515807
1583.7199999999998	0.0004889077534902137
1583.7250000000001	0.0004901634762486363
1583.73	0.0004915835679138345
1583.735	0.0004914862754075487
1583.74	0.0004919382433784965
1583.745	0.0004916616126766243
1583.7499999999998	0.000491381986350762
1583.755	0.0004901307369282581
1583.76	0.0004896575279025683
1583.765	0.0004886331569060936
1583.77	0.0004885470499316286
1583.7749999999999	0.0004887414067088526
1583.78	0.0004898710741540355
1583.785	0.0004916159765291729
1583.79	0.0004941143555950357
1583.795	0.0004959831155788052
1583.8	0.0004953992222050525
1583.8049999999998	0.0004923169279225342
1583.81	0.0004888743665727
1583.815	0.0004855286315064016
1583.82	0.0004841716094730692
1583.825	0.0004829550418504526
1583.83	0.0004841966435952829
1583.8349999999998	0.0004862933363090218
1583.84	0.0004895270388796258
1583.845	0.0004926753539583474
1583.85	0.0004949588509364673
1583.855	0.0004959867249776872
1583.86	0.0004955848673139308
1583.8649999999998	0.0004934781015059911
1583.8700000000001	0.0004897849334347764
1583.875	0.00048583817786118665
1583.88	0.00048352054282913747
1583.885	0.000481873389641048
1583.8899999999999	0.00048260708577025377
1583.895	0.00048431067888861736
1583.9	0.0004877754182775708
1583.905	0.0004900140044904432
1583.91	0.0004921687190869542
1583.915	0.000493521802130143
1583.9199999999998	0.000493435491844477
1583.925	0.0004927919365928413
1583.93	0.0004907289923155814
1583.935	0.0004879027474140866
1583.94	0.00048461040942912673
1583.945	0.0004811702110549967
1583.9499999999998	0.00047883419420002615
1583.955	0.000478326649863599
1583.96	0.0004797191990032317
1583.965	0.0004837105805727184
1583.97	0.0004882884507212384
1583.975	0.0004928496546347227
1583.9799999999998	0.0004948133183538377
1583.985	0.0004953741071270706
1583.99	0.000492581858937719
1583.9950000000001	0.0004901145663862843
1584	0.0004873366418184761
1584.0049999999999	0.0004857433689225836
1584.01	0.00048533325635662105
1584.015	0.0004867745193827337
1584.02	0.0004891392989498939
1584.025	0.0004920186760448525
1584.03	0.0004941794172416953
1584.0349999999999	0.0004946295590251011
1584.04	0.0004930594625647273
1584.045	0.0004900454676319564
1584.05	0.00048709749585793325
1584.055	0.0004844961248152396
1584.06	0.00048271478654801284
1584.0649999999998	0.0004821075662033399
1584.07	0.00048300509182161254
1584.075	0.00048422383310040517
1584.08	0.0004876575106268092
1584.085	0.0004897570174636511
1584.09	0.0004921572469163954
1584.0949999999998	0.000493527139391471
1584.1	0.0004941331841871612
1584.105	0.000493586920110324
1584.1100000000001	0.0004920949959062589
1584.115	0.0004903291122417162
1584.12	0.0004882077814288289
1584.125	0.0004869595786676814
1584.1299999999999	0.0004872081998749282
1584.135	0.00048789427038047203
1584.14	0.0004880950648946037
1584.145	0.0004885749525180802
1584.1499999999999	0.00048664116375302753
1584.155	0.00048550183439018254
1584.1599999999999	0.0004835911965884273
1584.165	0.0004821444005821425
1584.17	0.00048081554857737374
1584.175	0.0004798835185123418
1584.1799999999998	0.00048071026506465357
1584.185	0.00048155951656194546
1584.19	0.0004822620226824965
1584.195	0.00048321060790485604
1584.2	0.00048359787045558624
1584.205	0.00048374935835953677
1584.2099999999998	0.0004831275566551487
1584.215	0.00048240227737783776
1584.22	0.00048153549082384495
1584.2250000000001	0.00048079581139370137
1584.23	0.0004803470414661764
1584.235	0.0004799265565718932
1584.24	0.00048088799030828865
1584.245	0.00048064188344943006
1584.25	0.0004820266371608786
1584.255	0.00048169359803432865
1584.26	0.0004815863212758051
1584.2649999999999	0.0004803150864656607
1584.27	0.0004784345276182144
1584.2749999999999	0.0004765068633589305
1584.28	0.0004743864364809377
1584.285	0.00047222346208710867
1584.29	0.0004701730785846681
1584.2949999999998	0.00046842742949536586
1584.3	0.0004677199423851927
1584.3049999999998	0.0004687339282206921
1584.31	0.00047104029553284184
1584.315	0.0004736838159302181
1584.32	0.0004770186963113169
1584.3249999999998	0.0004790139401298935
1584.33	0.0004782173481412829
1584.335	0.0004760792184743892
1584.3400000000001	0.00047296421387162086
1584.345	0.00046951504008838253
1584.35	0.0004673936581821433
1584.355	0.00046612831882797737
1584.36	0.00046663058691258206
1584.365	0.0004682499487472817
1584.3700000000001	0.0004705510375445855
1584.375	0.0004729776115955889
1584.3799999999999	0.0004745654104038171
1584.385	0.00047513797318776257
1584.3899999999999	0.0004744563168965246
1584.395	0.0004726196947585532
1584.4	0.00046913943188543126
1584.405	0.00046582656903825144
1584.4099999999999	0.00046295750706182797
1584.415	0.00046122118373059166
1584.4199999999998	0.00046107075552609714
1584.425	0.0004617888322326003
1584.43	0.0004638281607431211
1584.435	0.0004658329279237088
1584.4399999999998	0.0004694770315891158
1584.445	0.0004724630569156681
1584.4499999999998	0.00047579809833087517
1584.4550000000002	0.00047793603851822267
1584.46	0.0004788641234515136
1584.465	0.00047773444070887706
1584.47	0.0004742247774847759
1584.475	0.0004700237581508708
1584.48	0.0004668029728057337
1584.4850000000001	0.0004668600433331432
1584.49	0.0004695211683845169
1584.495	0.00047444436124469786
1584.5	0.0004796939198760317
1584.5049999999999	0.00048371668517471913
1584.51	0.0004862183011384552
1584.515	0.00048650177655176215
1584.52	0.00048574364735586717
1584.5249999999999	0.0004842882416233373
1584.53	0.0004823648437782967
1584.5349999999999	0.0004814662951047303
1584.54	0.0004807639053393407
1584.545	0.000481830381707213
1584.55	0.00048298184348624217
1584.555	0.00048544089672616366
1584.56	0.00048753055577662683
1584.5649999999998	0.0004884160914604439
1584.5700000000002	0.0004875898014670142
1584.575	0.00048541698385004084
1584.58	0.0004823510115679784
1584.585	0.00047905302591379656
1584.59	0.0004764311260868815
1584.5949999999998	0.00047475448374292514
1584.6000000000001	0.00047400775687876477
1584.605	0.00047386470869258823
1584.61	0.0004747516560419155
1584.615	0.0004768420716215024
1584.62	0.0004790525060411282
1584.6249999999998	0.0004815821894975283
1584.63	0.00048334444456532165
1584.635	0.00048334696208591083
1584.6399999999999	0.0004816739286397544
1584.645	0.000478818239002914
1584.6499999999999	0.0004754453485300932
1584.655	0.0004730645718918496
1584.66	0.00047233150054148596
1584.665	0.0004713823779645898
1584.6699999999998	0.0004734313946147137
1584.675	0.00047512169396829386
1584.6799999999998	0.0004778276139222613
1584.685	0.0004793645309552955
1584.69	0.0004822667616997823
1584.695	0.00048381845026760397
1584.7	0.00048643152649133366
1584.705	0.0004873780290043457
1584.7099999999998	0.0004874313530888614
1584.7150000000001	0.000486031610880294
1584.72	0.000483839074538557
1584.725	0.0004819360635360427
1584.73	0.00047978088640359936
1584.735	0.000478904461642539
1584.7399999999998	0.00047921391350782384
1584.7450000000001	0.00048176721308082894
1584.75	0.0004838208296874565
1584.7549999999999	0.0004874169694381312
1584.76	0.0004895603222565851
1584.7649999999999	0.0004920918003684747
1584.77	0.0004919856960999191
1584.775	0.0004915884094309739
1584.78	0.00048784708726638213
1584.785	0.0004842443166556924
1584.79	0.00048038842250565616
1584.7949999999998	0.00047896271251036856
1584.8	0.00048046953222940044
1584.805	0.0004851031795552617
1584.81	0.0004905623556703921
1584.815	0.0004952768489590919
1584.82	0.0004961884835279304
1584.8249999999998	0.0004945264671712029
1584.83	0.0004899473388957321
1584.835	0.00048578435541219355
1584.84	0.00048241922575489903
1584.845	0.0004819088227945663
1584.85	0.0004828358875865452
1584.8549999999998	0.0004869529999995453
1584.8600000000001	0.0004903910335166479
1584.865	0.0004936466537533872
1584.87	0.0004946982807981003
1584.875	0.0004933782815014941
1584.8799999999999	0.0004899536566916938
1584.885	0.000485424120339501
1584.89	0.00048134542990314823
1584.895	0.0004785373147600768
1584.9	0.000477563531775682
1584.905	0.00047869276002586523
1584.9099999999999	0.00048086048458799983
1584.915	0.0004842248585432756
1584.92	0.00048692459860021157
1584.925	0.0004891089767913101
1584.93	0.000490870369087404
1584.935	0.0004908428835284764
1584.9399999999998	0.0004903618381983938
1584.945	0.00048823592885980613
1584.95	0.0004868500814838021
1584.955	0.00048482607425968894
1584.96	0.00048412589975059105
1584.965	0.0004837332561826965
1584.9699999999998	0.0004837458651144175
1584.975	0.0004837616009938541
1584.98	0.0004841680365591259
1584.985	0.0004848378460700975
1584.99	0.0004854075376836392
1584.995	0.00048596375925973837
1585	0.00048743272473484147
1585.005	0.0004887565679892123
1585.01	0.0004912546246284402
1585.015	0.0004926978885211588
1585.02	0.0004936998829433651
1585.0249999999999	0.0004938788380268956
1585.03	0.0004941069592916667
1585.035	0.0004935129659172031
1585.04	0.000493494414372714
1585.045	0.0004932654931624682
1585.05	0.0004936181786292586
1585.0549999999998	0.0004940088396795225
1585.06	0.0004953072592742333
1585.065	0.0004966514129635186
1585.07	0.000497590857421741
1585.075	0.0004982454678823077
1585.08	0.0004981436637930263
1585.0849999999998	0.0004983822999319352
1585.09	0.0004978054978964181
1585.095	0.000497794317300314
1585.1	0.0004973957693139932
1585.105	0.0004972453172638561
1585.11	0.0004970516308429244
1585.115	0.000497878623305019
1585.12	0.0004980886040591094
1585.125	0.0004985530498611483
1585.13	0.0004986752863790837
1585.135	0.0004983478187981893
1585.1399999999999	0.0004981422098611611
1585.145	0.000497760227141726
1585.1499999999999	0.0004967040450842604
1585.155	0.0004955065912039951
1585.16	0.0004948383471809514
1585.165	0.0004947452107444407
1585.1699999999998	0.0004944827536904746
1585.175	0.0004935684347429099
1585.18	0.0004928290136947703
1585.185	0.0004917754030611238
1585.19	0.0004917993719318017
1585.195	0.0004906729926562925
1585.1999999999998	0.0004903411688941809
1585.205	0.0004903036466115782
1585.21	0.0004901235204879722
1585.215	0.0004902646332486817
1585.22	0.000489458647989846
1585.225	0.0004887492929067035
1585.23	0.0004874262273685652
1585.235	0.00048574561347585735
1585.24	0.00048369765641048033
1585.2450000000001	0.0004817634897331134
1585.25	0.0004801110090328867
1585.2549999999999	0.00047816689308313693
1585.26	0.0004786580267549211
1585.2649999999999	0.00047937637165593557
1585.27	0.00048085619054790893
1585.275	0.00048250574006776064
1585.28	0.0004838678867152487
1585.2849999999999	0.0004857103907916382
1585.29	0.0004869811817563587
1585.2949999999998	0.0004881277634257437
1585.3	0.0004883922326730515
1585.305	0.00048767810361167974
1585.31	0.0004846607177118554
1585.3149999999998	0.00048131815914109494
1585.32	0.000477497158750605
1585.325	0.0004750596600435144
1585.33	0.0004754180716365899
1585.335	0.00047944293832504603
1585.34	0.0004854622435415596
1585.345	0.0004926712704930818
1585.35	0.0004977599077290664
1585.355	0.000501627258527852
1585.3600000000001	0.0005021065656797865
1585.365	0.0005010853998254007
1585.37	0.0004981283181935623
1585.375	0.0004943252354889983
1585.3799999999999	0.0004907157289240663
1585.385	0.0004882606672123969
1585.39	0.0004871824407973946
1585.395	0.0004886199133222715
1585.3999999999999	0.000492757103901491
1585.405	0.0004986106639533064
1585.4099999999999	0.0005042768170140239
1585.415	0.0005091399062560775
1585.42	0.0005114508424376228
1585.425	0.0005120227061703965
1585.4299999999998	0.0005116280686551695
1585.435	0.000509943645165964
1585.4399999999998	0.0005078703142183619
1585.445	0.0005054716058791589
1585.45	0.000502780891406338
1585.455	0.0005015999953013175
1585.46	0.0005010900796789414
1585.465	0.0005019124126018387
1585.47	0.0005038072824664282
1585.4750000000001	0.0005067322171881191
1585.48	0.0005109146107288926
1585.485	0.0005138765293858553
1585.49	0.000514288905028485
1585.495	0.0005121088641394528
1585.5	0.0005102659800305057
1585.505	0.0005072296312622247
1585.51	0.0005064891199793722
1585.5149999999999	0.0005055313441017289
1585.52	0.000506800508119522
1585.5249999999999	0.000507938325124867
1585.53	0.000509525745935136
1585.535	0.0005109792922623976
1585.54	0.000511784451823859
1585.5449999999998	0.0005118961021955355
1585.55	0.0005110637828235144
1585.5549999999998	0.0005098009156269073
1585.56	0.0005078836168914292
1585.565	0.0005062072784011469
1585.57	0.0005055666207227602
1585.575	0.0005056752059593735
1585.58	0.0005065214869373027
1585.5849999999998	0.0005079021403431924
1585.5900000000001	0.0005095165317939772
1585.595	0.000511399457696758
1585.6	0.0005120444005300919
1585.605	0.0005133214870047428
1585.61	0.0005132735698636074
1585.6149999999998	0.0005133272091438709
1585.6200000000001	0.0005120527826450999
1585.625	0.0005120270000291216
1585.6299999999999	0.0005110431730804068
1585.635	0.0005108720506541432
1585.6399999999999	0.0005106279913280173
1585.645	0.0005108515946933643
1585.65	0.0005117225724706113
1585.655	0.0005142484726612253
1585.66	0.0005177320422881033
1585.665	0.0005215067158555109
1585.6699999999998	0.000523252263816457
1585.675	0.000523645215580014
1585.68	0.0005218763591916728
1585.685	0.0005192662107363077
1585.69	0.0005163517571610602
1585.695	0.0005138603884241812
1585.6999999999998	0.0005134827412349858
1585.7050000000002	0.00051526811400168
1585.71	0.0005189290121899289
1585.715	0.0005232879000063274
1585.72	0.0005264717917998948
1585.725	0.0005270782626935734
1585.7299999999998	0.0005247346806964901
1585.7350000000001	0.0005205876873424331
1585.74	0.0005161853211944419
1585.745	0.0005128304956131687
1585.75	0.0005115568114139042
1585.7549999999999	0.0005128786942562377
1585.7599999999998	0.0005152709591790057
1585.765	0.0005185177844965561
1585.77	0.0005215205460969937
1585.775	0.0005233785689045578
1585.78	0.0005237186185937767
1585.7849999999999	0.0005226885588504366
1585.79	0.0005205306618844418
1585.795	0.0005182262590378552
1585.8	0.0005170919274483764
1585.805	0.0005168336534290834
1585.81	0.0005175230324741292
1585.8149999999998	0.0005194598855386535
1585.82	0.0005221840788280528
1585.825	0.0005238901344353215
1585.83	0.0005253597274460303
1585.835	0.0005276527036758201
1585.84	0.0005296028679729134
1585.8449999999998	0.000532222135244989
1585.8500000000001	0.000534130870740472
1585.855	0.0005351493623948559
1585.86	0.0005341822271872615
1585.865	0.0005323280976033025
1585.87	0.000530898694960746
1585.8749999999998	0.0005287915320444094
1585.88	0.0005278366059566297
1585.885	0.0005274346601986221
1585.89	0.0005290157333058661
1585.895	0.0005320197605754051
1585.8999999999999	0.0005345462860990168
1585.905	0.0005385393759790344
1585.91	0.0005404709348410732
1585.915	0.000541885518644046
1585.92	0.0005411813328624858
1585.925	0.000540053740940878
1585.9299999999998	0.0005373943275453645
1585.935	0.0005350362501096705
1585.94	0.0005337831079757041
1585.945	0.0005329769464110126
1585.95	0.0005334693832543617
1585.955	0.0005349945991599569
1585.9599999999998	0.0005376904557968298
1585.965	0.0005420129398411328
1585.97	0.0005450837446785989
1585.975	0.0005488159127312451
1585.98	0.0005504651495430333
1585.985	0.000551928295944324
1585.9899999999998	0.0005504940984114553
1585.9950000000001	0.0005495115871880363
1586	0.0005468369581621109
1586.005	0.0005447584949841911
1586.01	0.0005435817823192187
1586.0149999999999	0.0005430899177383401
1586.02	0.0005448575849518612
1586.025	0.0005473388765017116
1586.03	0.0005508326470133068
1586.035	0.0005522307745579655
1586.04	0.0005539573318298753
1586.0449999999998	0.0005534351295353111
1586.05	0.0005523247553201079
1586.055	0.0005502662705810429
1586.06	0.000548943893117459
1586.065	0.0005474922366309192
1586.07	0.0005460630878898345
1586.0749999999998	0.0005461237216860711
1586.08	0.0005454436395945062
1586.085	0.0005456318749185292
1586.09	0.0005452686028603173
1586.095	0.0005452733712109967
1586.1	0.0005436880859553204
1586.1049999999998	0.0005428191362957859
1586.11	0.0005411410823893273
1586.115	0.0005399308952890817
1586.1200000000001	0.0005369402885870201
1586.125	0.0005360113539295898
1586.1299999999999	0.0005344688493854522
1586.135	0.0005343198781551954
1586.14	0.0005341185505519898
1586.145	0.0005335464376775723
1586.15	0.0005326045109644027
1586.155	0.0005319942487976981
1586.1599999999999	0.0005309771153929724
1586.165	0.0005298900975946054
1586.17	0.0005290501636059917
1586.175	0.0005291828872488548
1586.18	0.0005295086226976759
1586.185	0.0005309268204064142
1586.1899999999998	0.0005309167163924706
1586.195	0.0005310347904640331
1586.2	0.000529128819046455
1586.205	0.0005282615822287958
1586.21	0.0005260801810523016
1586.215	0.0005245074253505263
1586.2199999999998	0.0005235463999747388
1586.225	0.0005231263831513524
1586.23	0.0005236517721436599
1586.2350000000001	0.0005252239309575356
1586.24	0.0005272451788498789
1586.245	0.0005298240641261819
1586.25	0.0005319791002865035
1586.2549999999999	0.0005333279936977131
1586.26	0.0005339507834485481
1586.265	0.0005334128322507809
1586.27	0.0005314308415794459
1586.2749999999999	0.0005297118356876935
1586.28	0.0005280451325292132
1586.2849999999999	0.0005268200768509563
1586.29	0.0005261413107507785
1586.295	0.0005256059593675653
1586.3	0.0005270851495134136
1586.3049999999998	0.000528763360358914
1586.31	0.0005313792057002744
1586.315	0.0005348842056884855
1586.32	0.0005389177646880059
1586.325	0.0005424688952000947
1586.33	0.000545505250063222
1586.3349999999998	0.0005457425214127362
1586.34	0.0005434980898218923
1586.345	0.000539685751541371
1586.3500000000001	0.0005353511202821553
1586.355	0.0005338922598749429
1586.36	0.0005333651618158428
1586.365	0.0005342834324302903
1586.37	0.0005352809159312583
1586.375	0.0005373763099131318
1586.38	0.000539364251616502
1586.385	0.000540696030270181
1586.3899999999999	0.0005412914033273737
1586.395	0.0005411235408133183
1586.3999999999999	0.0005400717373896526
1586.405	0.0005379899526122251
1586.41	0.0005354920289427647
1586.415	0.0005334575476570644
1586.4199999999998	0.0005315747791260267
1586.425	0.00053051955729497
1586.4299999999998	0.0005304789310968156
1586.435	0.0005321118673595456
1586.44	0.0005332049102549441
1586.445	0.0005358521134535555
1586.4499999999998	0.000537385831596865
1586.455	0.0005390419015658659
1586.46	0.0005389384800545139
1586.4650000000001	0.0005396515470577015
1586.47	0.0005386939121042581
1586.475	0.0005378233421472919
1586.48	0.0005368322746966556
1586.485	0.000536068487532507
1586.49	0.0005359139388570651
1586.4950000000001	0.0005370734369762965
1586.5	0.0005384673777640393
1586.5049999999999	0.0005394605103076721
1586.51	0.0005395299147253914
1586.5149999999999	0.0005385610211300816
1586.52	0.000536635634838689
1586.525	0.0005354436901826138
1586.53	0.0005342570453157
1586.5349999999999	0.0005337213554920318
1586.54	0.0005333655533793538
1586.5449999999998	0.0005342326705175028
1586.55	0.0005360190967811233
1586.555	0.000536979784901365
1586.56	0.0005386559056800235
1586.5649999999998	0.0005395818233937502
1586.57	0.0005401283726195477
1586.5749999999998	0.0005389247342245598
1586.5800000000002	0.0005368786216948189
1586.585	0.0005348086300301403
1586.59	0.0005328332299865365
1586.595	0.0005308011102105905
1586.6	0.0005294970256940072
1586.605	0.0005298741056345539
1586.6100000000001	0.0005299088043324423
1586.615	0.0005319844153877853
1586.62	0.0005327459656180733
1586.625	0.0005347100972389773
1586.6299999999999	0.0005358475607838959
1586.635	0.0005368882830040791
1586.64	0.0005375250765571529
1586.645	0.0005373690576867807
1586.6499999999999	0.000537226818110495
1586.655	0.0005363382963946369
1586.6599999999999	0.0005349371120875607
1586.665	0.0005339127837141696
1586.67	0.0005333771697858868
1586.675	0.0005335295256785126
1586.6799999999998	0.0005330113304538973
1586.685	0.0005332680111068096
1586.6899999999998	0.0005326078970878869
1586.6950000000002	0.000532828459746183
1586.7	0.0005328564906211124
1586.705	0.0005328024855355858
1586.71	0.0005326740410517921
1586.715	0.0005333421857412392
1586.7199999999998	0.0005336542960515262
1586.7250000000001	0.0005349556711601733
1586.73	0.0005359287067529091
1586.735	0.0005368082246094837
1586.74	0.0005371621444898668
1586.745	0.0005371448034670307
1586.7499999999998	0.0005387625042037315
1586.755	0.0005396220746424749
1586.76	0.0005406871328793843
1586.7649999999999	0.000541453485869844
1586.77	0.0005422566226109386
1586.7749999999999	0.0005419502062909863
1586.78	0.0005417836980930558
1586.785	0.0005407127088255888
1586.79	0.0005388722311128545
1586.7949999999998	0.0005360668830180989
1586.8	0.0005348395816833374
1586.8049999999998	0.0005345953067109733
1586.81	0.0005369495058649292
1586.815	0.0005410084461803852
1586.82	0.0005458607316302995
1586.825	0.0005499999232015413
1586.83	0.0005514004291702331
1586.8349999999998	0.000549753524818322
1586.8400000000001	0.0005450789328842428
1586.845	0.0005413020189124901
1586.85	0.0005379934138873415
1586.855	0.0005377974364417563
1586.86	0.0005395687279008813
1586.8649999999998	0.0005425606126005104
1586.8700000000001	0.0005465476882590509
1586.875	0.0005492995470410903
1586.8799999999999	0.0005510755405545974
1586.885	0.000550832447596732
1586.8899999999999	0.000548451707519788
1586.895	0.0005452597343045066
1586.9	0.0005420905689249247
1586.905	0.0005397380603556942
1586.9099999999999	0.0005384296731003097
1586.915	0.0005392697831068216
1586.9199999999998	0.0005413236606797331
1586.925	0.0005438812991129359
1586.93	0.0005461569605378252
1586.935	0.0005475182641562977
1586.94	0.0005485407604523901
1586.945	0.0005464176360205972
1586.9499999999998	0.0005441144399882371
1586.955	0.0005406216646115461
1586.96	0.0005368396914734076
1586.965	0.0005325679538632084
1586.97	0.0005290279336894061
1586.975	0.000527015671746403
1586.9799999999998	0.000525875816363241
1586.9850000000001	0.0005262498804934
1586.99	0.0005281427301723496
1586.995	0.0005313240127063369
1587	0.0005335464194243729
1587.0049999999999	0.0005364532697351469
1587.01	0.0005370858284917066
1587.015	0.0005360777947145799
1587.02	0.0005337163931227636
1587.025	0.0005305909772298621
1587.03	0.000527401546234805
1587.0349999999999	0.0005256199440904931
1587.04	0.0005251873540299433
1587.045	0.0005256307519856661
1587.05	0.0005265804704014683
1587.055	0.0005279299720522551
1587.06	0.0005283782474197079
1587.0649999999998	0.0005281812331671563
1587.07	0.0005271945037698977
1587.075	0.0005252870877190484
1587.08	0.0005231048101158248
1587.085	0.0005210964916649305
1587.09	0.0005200143545420654
1587.0949999999998	0.0005191238731549684
1587.1	0.0005190304569259748
1587.105	0.0005192032717486263
1587.11	0.00052097364063543
1587.115	0.0005211489487063445
1587.12	0.0005220635536286233
1587.125	0.0005217580265290451
1587.13	0.0005206235272043613
1587.135	0.0005181169054802574
1587.14	0.0005161706944143691
1587.145	0.000514421818575672
1587.1499999999999	0.0005136835971716083
1587.155	0.0005138891017613358
1587.16	0.0005149008831087599
1587.165	0.0005172751508361362
1587.17	0.0005203864959241883
1587.175	0.000522285702337412
1587.1799999999998	0.0005226554866300578
1587.185	0.0005210398698971373
1587.19	0.0005177509635688335
1587.195	0.0005144793785416499
1587.2	0.0005122748645273537
1587.205	0.0005115339311012878
1587.2099999999998	0.0005118494412492596
1587.215	0.0005134823871972757
1587.22	0.0005161171610610958
1587.225	0.0005178907881518692
1587.23	0.0005203441711245228
1587.235	0.0005211456805794756
1587.24	0.0005212025057296102
1587.245	0.0005199312229908892
1587.25	0.0005180087419555014
1587.255	0.0005158866318946316
1587.26	0.0005135373172958929
1587.2649999999999	0.0005115686522028594
1587.27	0.0005099959674386039
1587.275	0.0005103270501083591
1587.28	0.0005104601430424822
1587.285	0.0005112579497034414
1587.29	0.0005119269091782802
1587.2949999999998	0.0005121175045960035
1587.3	0.0005118485111100053
1587.305	0.0005105512720034719
1587.31	0.0005091128943668827
1587.315	0.0005071861799670648
1587.32	0.0005047317504049649
1587.3249999999998	0.0005024892549200692
1587.33	0.000500648543393616
1587.335	0.0004990085398866839
1587.34	0.0004993758859140107
1587.345	0.0005017215005338467
1587.35	0.0005045555436707185
1587.355	0.0005074413812343762
1587.36	0.000508017860321541
1587.365	0.0005074548181920977
1587.3700000000001	0.0005044177529784875
1587.375	0.0005013067863085748
1587.3799999999999	0.0004977972417006809
1587.385	0.0004954603655685261
1587.3899999999999	0.0004943379901162192
1587.395	0.000494230635945271
1587.4	0.0004953866380707805
1587.405	0.0004975369027023173
1587.4099999999999	0.000500339097346634
1587.415	0.0005033197017208821
1587.4199999999998	0.0005058869920393734
1587.425	0.0005078417438258257
1587.43	0.0005077225438895884
1587.435	0.0005063013391348685
1587.4399999999998	0.0005035095801913008
1587.445	0.0005012835428622517
1587.45	0.0004985023585226653
1587.455	0.0004981779959217509
1587.46	0.0004984500321736732
1587.465	0.0005001205099147817
1587.47	0.0005016426698446589
1587.475	0.000503530968782379
1587.48	0.0005053175186861799
1587.4850000000001	0.0005059066237985434
1587.49	0.0005055551688255186
1587.495	0.0005033352676664988
1587.5	0.0004995325381614331
1587.5049999999999	0.000495555473356961
1587.51	0.0004928449750043515
1587.515	0.0004940071485733004
1587.52	0.0004965362167668615
1587.5249999999999	0.000499384805386566
1587.53	0.0004991911315526477
1587.5349999999999	0.0004970193020285977
1587.54	0.0004931285795928168
1587.545	0.0004884741948952635
1587.55	0.00048277530109402266
1587.5549999999998	0.00047982372554163105
1587.56	0.0004780481648471066
1587.5649999999998	0.00047821459810791126
1587.57	0.00048013568027515383
1587.575	0.00048299395446169244
1587.58	0.0004861308044388047
1587.585	0.0004891199597613558
1587.59	0.0004897324876005079
1587.595	0.0004890080532229301
1587.6000000000001	0.0004859832044852361
1587.605	0.0004823042837725409
1587.61	0.0004791958153394386
1587.615	0.00047836004869195904
1587.62	0.00047752813055952013
1587.625	0.00047833505077408815
1587.63	0.0004794481262899931
1587.635	0.00048064766422663025
1587.6399999999999	0.00048179299791558614
1587.645	0.0004829280025709705
1587.6499999999999	0.00048444199876312787
1587.655	0.00048553072607630235
1587.66	0.00048607733327189664
1587.665	0.0004867302638676931
1587.6699999999998	0.00048745109982066483
1587.675	0.0004886261592385951
1587.6799999999998	0.0004896370794687537
1587.685	0.0004906318124452026
1587.69	0.0004914644520292886
1587.695	0.0004925206465124035
1587.7	0.0004930198965598688
1587.705	0.0004942430927648738
1587.7099999999998	0.0004954246393490109
1587.7150000000001	0.0004966524428252031
1587.72	0.0004983248067556629
1587.725	0.0005005655086558773
1587.73	0.0005024160041742195
1587.735	0.0005043262148219846
1587.74	0.0005049373389358722
1587.7450000000001	0.0005043169125235847
1587.75	0.0005026329951881577
1587.7549999999999	0.0005007674019504772
1587.76	0.0004994888816173984
1587.7649999999999	0.0004986145188986952
1587.77	0.0004986848013297105
1587.775	0.0004997924811789661
1587.78	0.0005019588869505038
1587.7849999999999	0.0005036459359013368
1587.79	0.0005061759373742136
1587.7949999999998	0.0005064144893284383
1587.8	0.0005056941180288119
1587.805	0.0005017926357543535
1587.81	0.0004968890246213535
1587.815	0.0004899253052423237
1587.82	0.0004838873439374154
1587.8249999999998	0.0004794962827677857
1587.8300000000002	0.00047872388616739057
1587.835	0.0004831882646340848
1587.84	0.0004897641705092868
1587.845	0.0004948703828035131
1587.85	0.0004966538324419597
1587.8549999999998	0.0004948931824512194
1587.8600000000001	0.0004892835821510535
1587.865	0.0004830001465610837
1587.87	0.00047842632237143733
1587.875	0.0004760067829148309
1587.8799999999999	0.00047591513393827734
1587.8849999999998	0.0004789421584645349
1587.89	0.0004831182572956002
1587.895	0.00048726670630749094
1587.9	0.0004907026813100304
1587.905	0.000491635515847188
1587.9099999999999	0.0004904949969464
1587.915	0.0004865444563781825
1587.92	0.00048233903150458684
1587.925	0.0004782247771962477
1587.93	0.00047458261722334153
1587.935	0.00047186443754345986
1587.9399999999998	0.0004704933650759202
1587.945	0.00047098657464411187
1587.95	0.0004728147164293164
1587.955	0.00047501070324611764
1587.96	0.0004780105328276967
1587.965	0.00048084962854129783
1587.9699999999998	0.00048304664889913586
1587.9750000000001	0.00048452347750507963
1587.98	0.0004845845598658689
1587.985	0.0004838515258922446
1587.99	0.00048192912676851195
1587.995	0.00047993549416971184
1587.9999999999998	0.0004775839264033627
1588.005	0.00047521474733636527
1588.01	0.0004743017109909475
1588.015	0.0004744899976854255
1588.02	0.00047480741308057034
1588.0249999999999	0.0004752571587059066
1588.0299999999997	0.0004753180287528548
1588.035	0.00047489704585590523
1588.04	0.0004742409956997588
1588.045	0.0004732266203574115
1588.05	0.0004724644824163511
1588.0549999999998	0.0004718312950053551
1588.06	0.0004727861693668166
1588.065	0.00047387050948643225
1588.07	0.00047512526509688684
1588.075	0.00047646249506392847
1588.08	0.0004772599511014223
1588.0849999999998	0.00047727343793571553
1588.09	0.00047637613728395323
1588.095	0.00047492286346667985
1588.1	0.0004728171992056832
1588.105	0.00047031146716135854
1588.11	0.00046736898979058545
1588.1149999999998	0.00046568186652601437
1588.1200000000001	0.0004639692402373436
1588.125	0.00046451864892274884
1588.13	0.00046560902147399307
1588.135	0.00046749275250565064
1588.1399999999999	0.0004697325883789399
1588.145	0.00047216716684164446
1588.15	0.00047435289519335265
1588.155	0.0004751173915512023
1588.16	0.00047463500866368457
1588.165	0.0004731628938291867
1588.1699999999998	0.00046984637750865455
1588.175	0.0004667515983816561
1588.18	0.0004638955360766908
1588.185	0.0004624009640981287
1588.19	0.00046295845313028006
1588.195	0.0004640987024468964
1588.1999999999998	0.000466764671198521
1588.205	0.00046822865255863777
1588.21	0.00046843126115268905
1588.215	0.0004671874593039143
1588.22	0.0004659779954163034
1588.225	0.00046496814635820947
1588.2299999999998	0.00046406492705610737
1588.235	0.00046424748440469186
1588.24	0.0004643723511757084
1588.2450000000001	0.00046485853811176973
1588.25	0.00046555975650145316
1588.2549999999999	0.0004657047059995709
1588.26	0.00046583941757309704
1588.265	0.0004643867726354438
1588.27	0.0004623063251194822
1588.275	0.0004596382120460344
1588.28	0.0004574759054427834
1588.2849999999999	0.0004550763119473979
1588.29	0.00045414642476754405
1588.295	0.00045424225966593187
1588.3	0.00045515701932404804
1588.305	0.0004565073608641557
1588.31	0.0004583131962115392
1588.3149999999998	0.00046077341025442677
1588.32	0.00046282684306298276
1588.325	0.0004643543065843928
1588.33	0.0004643782198449111
1588.335	0.0004622346502784182
1588.34	0.0004579836178757096
1588.3449999999998	0.0004523080841537426
1588.35	0.0004462021322217164
1588.355	0.0004415660722900108
1588.3600000000001	0.0004407058726339691
1588.365	0.0004432749959865166
1588.37	0.00044875292287501796
1588.375	0.00045398011114054337
1588.3799999999999	0.00045804665660489235
1588.385	0.00045911314923096296
1588.39	0.00045828749946418213
1588.395	0.00045516826994725714
1588.3999999999999	0.0004510043953598728
1588.405	0.00044683680246828994
1588.4099999999999	0.0004433649059204747
1588.415	0.00044152258338272203
1588.42	0.00044143499430863113
1588.425	0.00044358681214287226
1588.4299999999998	0.0004469232374137181
1588.435	0.0004500784547527139
1588.44	0.00045173584051119047
1588.445	0.000452043900916579
1588.45	0.0004496487654957813
1588.455	0.00044658518109142137
1588.4599999999998	0.00044317934208836564
1588.465	0.00043994968687033917
1588.47	0.0004372173139393857
1588.4750000000001	0.0004353167026682602
1588.48	0.00043627247884022883
1588.485	0.0004373586256983498
1588.49	0.00043987007835916754
1588.495	0.0004430648426365013
1588.5	0.0004461444301608861
1588.505	0.0004475890571594561
1588.51	0.00044723573978830314
1588.5149999999999	0.0004455265768618218
1588.52	0.0004430571575817989
1588.5249999999999	0.00044288423006772057
1588.53	0.0004424211273469716
1588.535	0.0004436932445824317
1588.54	0.00044508334312711134
1588.5449999999998	0.0004462022810407157
1588.55	0.00044681591961817353
1588.5549999999998	0.00044726207055438176
1588.56	0.00044774029703752556
1588.565	0.00044822512521741604
1588.57	0.0004484623825717571
1588.5749999999998	0.00044885632018196674
1588.58	0.0004495953204209799
1588.585	0.0004504590818434046
1588.5900000000001	0.0004513012981790436
1588.595	0.00045222012684109457
1588.6	0.0004531190593943917
1588.605	0.0004535684346753341
1588.61	0.0004539389893283833
1588.615	0.00045405275884743864
1588.6200000000001	0.0004554328928856623
1588.625	0.00045551625124381015
1588.6299999999999	0.0004564811372967287
1588.635	0.00045738148555217185
1588.6399999999999	0.00045837843406310394
1588.645	0.0004592522163378239
1588.65	0.00045958626783086014
1588.655	0.0004601345655642462
1588.6599999999999	0.0004606517613592211
1588.665	0.0004611975023844648
1588.6699999999998	0.0004610945471724258
1588.675	0.0004602339588199818
1588.68	0.00045856998743695456
1588.685	0.0004582046735581261
1588.6899999999998	0.00045876877391770935
1588.695	0.0004599641633194846
1588.6999999999998	0.00046202836169384004
1588.7050000000002	0.0004635549972662433
1588.71	0.0004645358642995306
1588.715	0.0004641364602471614
1588.72	0.00046238721169948236
1588.725	0.0004598046502144408
1588.73	0.00045767284900097597
1588.7350000000001	0.0004559869543517512
1588.74	0.0004560164233225014
1588.745	0.00045704215195820877
1588.75	0.0004585932611726988
1588.7549999999999	0.0004599480412034594
1588.76	0.0004607787914069867
1588.765	0.00045995908374951353
1588.77	0.00045736709381547733
1588.7749999999999	0.00045415590342604164
1588.78	0.00045079707771630644
1588.7849999999999	0.0004474309841532409
1588.79	0.0004453399509250332
1588.795	0.00044417952044828083
1588.8	0.00044458060519227333
1588.8049999999998	0.000445458783455952
1588.81	0.0004475572639594654
1588.8149999999998	0.00045150692864053666
1588.8200000000002	0.0004543267265185488
1588.825	0.0004568930371948516
1588.83	0.0004580142182196174
1588.835	0.0004570450674945601
1588.84	0.0004547015141841893
1588.8449999999998	0.0004512286223222792
1588.8500000000001	0.0004488096683228643
1588.855	0.00044710405985762285
1588.86	0.00044728377834635577
1588.865	0.0004478153628580429
1588.87	0.0004495371214109862
1588.8749999999998	0.00045074782657277674
1588.88	0.00045142057616706627
1588.885	0.00045108551779869633
1588.8899999999999	0.0004506550505878636
1588.895	0.0004496015335780505
1588.8999999999999	0.00044849537295084087
1588.905	0.00044771977069090824
1588.91	0.0004475309989323338
1588.915	0.00044771166320730434
1588.9199999999998	0.0004480981110471337
1588.925	0.00044881482479994624
1588.9299999999998	0.0004499701433416664
1588.9350000000002	0.0004501634082443424
1588.94	0.0004499239772677128
1588.945	0.0004488879859161444
1588.95	0.0004483356222441859
1588.955	0.0004472453149762625
1588.9599999999998	0.0004468666992183584
1588.9650000000001	0.00044704420724883697
1588.97	0.00044737197441565657
1588.975	0.00044799806077337653
1588.98	0.0004483440730328866
1588.985	0.00044978492507609207
1588.9899999999998	0.0004504997854886683
1588.9950000000001	0.0004506970587562957
1589	0.00045033106043550924
1589.0049999999999	0.00044872084053633606
1589.01	0.00044611203855819274
1589.0149999999999	0.00044330747384937986
1589.02	0.00044064033412493996
1589.025	0.00043817154773986627
1589.03	0.00043791411403985717
1589.0349999999999	0.00043780688766304734
1589.04	0.00043981274579588114
1589.0449999999998	0.00044229698793902037
1589.05	0.0004441190632032743
1589.055	0.00044486507800602505
1589.06	0.00044441702508693357
1589.065	0.00044379485433343994
1589.07	0.00044230072445307583
1589.0749999999998	0.00044099729626651836
1589.08	0.00044000755814649876
1589.085	0.0004395395983809358
1589.09	0.00043955515760346094
1589.095	0.0004407955053844687
1589.1	0.0004425474884428526
1589.1049999999998	0.00044448112604410337
1589.1100000000001	0.000446152888299807
1589.115	0.0004470689317568126
1589.12	0.0004482347298379593
1589.125	0.0004475974016091019
1589.1299999999999	0.0004476710388043882
1589.135	0.00044643632820839685
1589.14	0.00044517287023468756
1589.145	0.0004428619645110877
1589.1499999999999	0.00044163486662865083
1589.155	0.0004410066953962046
1589.1599999999999	0.00044072896047893574
1589.165	0.0004408521074189457
1589.17	0.0004411504873903837
1589.175	0.00044108480383434393
1589.18	0.0004414758876662982
1589.185	0.00044071464945995216
1589.1899999999998	0.0004397612598893003
1589.195	0.0004386407203001008
1589.2	0.0004381964289253825
1589.205	0.00043857068625182907
1589.21	0.0004394926133677179
1589.215	0.0004403311757772769
1589.2199999999998	0.000440637581163266
1589.225	0.0004402800092053464
1589.23	0.00043998632997536416
1589.235	0.00043834888210032293
1589.24	0.0004373778679224735
1589.245	0.0004361891435100572
1589.25	0.00043544637994471645
1589.255	0.00043517417085458003
1589.26	0.00043561090241244464
1589.265	0.00043697346132688187
1589.27	0.0004387399158277282
1589.2749999999999	0.00043988587615573205
1589.28	0.0004407980012231792
1589.285	0.00044132931675867134
1589.29	0.000439933891125295
1589.295	0.0004378365123896874
1589.3	0.0004351890713627771
1589.3049999999998	0.0004329376750780598
1589.31	0.0004305446507102418
1589.315	0.0004286670789132417
1589.32	0.00042819906962195456
1589.325	0.00042838367334074396
1589.33	0.00042978314653326956
1589.3349999999998	0.0004317942059113027
1589.34	0.0004352142847028501
1589.345	0.00043856161704264394
1589.35	0.00044194102479725854
1589.355	0.00044377740201244977
1589.36	0.00044369906409451445
1589.365	0.000442252632655327
1589.37	0.00043882861869911163
1589.375	0.00043655598009680497
1589.38	0.0004355218001186841
1589.385	0.0004358015104082476
1589.3899999999999	0.0004368836651090995
1589.395	0.00043904567009307304
1589.4	0.0004412216040050911
1589.405	0.00044317835814843676
1589.41	0.00044441995989331575
1589.415	0.00044509374566555114
1589.4199999999998	0.0004450170217791182
1589.425	0.0004439325921122676
1589.43	0.00044276913285935517
1589.435	0.00044190348029951907
1589.44	0.0004416414368065592
1589.445	0.0004419642225021007
1589.4499999999998	0.0004424393700146267
1589.455	0.00044304637419620695
1589.46	0.00044417513273792714
1589.465	0.00044528191639742583
1589.47	0.0004457690311350647
1589.475	0.0004458014211708055
1589.48	0.00044475571505121336
1589.485	0.0004449874675322921
1589.49	0.00044424563358917495
1589.4950000000001	0.0004437078617752835
1589.5	0.0004433007780624597
1589.5049999999999	0.0004431254180825051
1589.51	0.00044307731878487854
1589.5149999999999	0.00044407211701359185
1589.52	0.0004456171191839594
1589.525	0.0004466768692298914
1589.53	0.0004470605387309795
1589.5349999999999	0.0004468445931934298
1589.54	0.00044629255541851266
1589.5449999999998	0.0004463198924953642
1589.55	0.0004460844552671384
1589.555	0.00044555522679991705
1589.56	0.00044516818575908
1589.5649999999998	0.0004453814636677105
1589.57	0.00044624337699060435
1589.575	0.0004466041113102124
1589.58	0.00044733793127524303
1589.585	0.00044855762966594816
1589.59	0.0004498642767045679
1589.595	0.000450717689519572
1589.6	0.00045144044411774567
1589.605	0.000452493381784637
1589.6100000000001	0.0004534672870199676
1589.615	0.000454137891258407
1589.62	0.0004542841764028167
1589.625	0.00045560072786058893
1589.6299999999999	0.00045564918017464845
1589.635	0.00045697146530871633
1589.64	0.00045770652669101144
1589.645	0.0004585042830873275
1589.6499999999999	0.00045896724209523867
1589.655	0.00045904618130163035
1589.6599999999999	0.00045963621439863494
1589.665	0.0004605443416123725
1589.67	0.00046106594795774293
1589.675	0.0004615379433117692
1589.6799999999998	0.00046158811009326873
1589.685	0.00046113861769613463
1589.6899999999998	0.0004609361640302402
1589.695	0.00045943096017319793
1589.7	0.00045826242175784715
1589.705	0.00045761429651558743
1589.71	0.00045757250107826433
1589.715	0.0004583831782185714
1589.72	0.00045962255040194036
1589.7250000000001	0.00046120981133610325
1589.73	0.0004621298284230711
1589.735	0.00046310499465961464
1589.74	0.00046382094247031163
1589.745	0.0004643822160543552
1589.75	0.00046472016529217254
1589.755	0.0004646188335471448
1589.76	0.00046441728348411054
1589.7649999999999	0.0004643969632469089
1589.77	0.00046466862747409065
1589.7749999999999	0.0004651019069443592
1589.78	0.0004656583494737567
1589.785	0.0004668361795182943
1589.79	0.0004678680453838779
1589.7949999999998	0.0004685346792074826
1589.8	0.00046927170145238587
1589.8049999999998	0.00046982132189145906
1589.81	0.0004702315221988688
1589.815	0.0004701595674342683
1589.82	0.0004698717929267393
1589.825	0.00046987940334878653
1589.83	0.00046979952499046697
1589.8349999999998	0.0004701100590782628
1589.8400000000001	0.00047070570440927887
1589.845	0.0004710856890044178
1589.85	0.0004723778320921919
1589.855	0.0004732671632273567
1589.86	0.00047376777985586987
1589.865	0.00047290725543426055
1589.8700000000001	0.0004717350126452675
1589.875	0.00047033582390788924
1589.8799999999999	0.00046999611748694035
1589.885	0.0004700236877790025
1589.8899999999999	0.0004705907776951788
1589.895	0.00047066041221683654
1589.9	0.0004718209912804871
1589.905	0.00047316909292246736
1589.9099999999999	0.0004743133412170767
1589.915	0.00047497337210283184
1589.9199999999998	0.00047495713867095176
1589.925	0.00047437451079954324
1589.93	0.0004733322229789896
1589.935	0.0004720249818451312
1589.94	0.0004709382586581283
1589.945	0.00046958698663164886
1589.9499999999998	0.00046933160051939405
1589.9550000000002	0.0004702575672242754
1589.96	0.00047133822512218404
1589.965	0.00047307969400435274
1589.97	0.00047498052238795766
1589.975	0.0004767671687767842
1589.9799999999998	0.00047828343936361984
1589.9850000000001	0.0004790224903605876
1589.99	0.0004791354642124433
1589.995	0.0004797090126052566
1590	0.00047894287613668864
1590.0049999999999	0.00047840925254711083
1590.0099999999998	0.000477939000097011
1590.015	0.00047775372257170487
1590.02	0.0004784737721802515
1590.0249999999999	0.00047999346831220657
1590.03	0.0004821977859931135
1590.0349999999999	0.0004837488834700542
1590.04	0.00048557942372842895
1590.045	0.0004858495121741881
1590.05	0.00048600165479763675
1590.055	0.00048517255856511926
1590.06	0.00048349608768879056
1590.0649999999998	0.00048172190657350155
1590.07	0.00048128786315255486
1590.075	0.00048170861083769387
1590.08	0.00048267894354526677
1590.085	0.0004842389235470159
1590.09	0.00048618187930264505
1590.0949999999998	0.0004883266904945672
1590.1000000000001	0.0004899894261644584
1590.105	0.0004918028716408085
1590.11	0.0004920640589892146
1590.115	0.0004920803042182147
1590.12	0.0004910640563574219
1590.1249999999998	0.0004909856493759933
1590.13	0.0004901382160083069
1590.135	0.0004897523076183995
1590.14	0.0004901311476206063
1590.145	0.0004905075685074516
1590.1499999999999	0.0004908581442869287
1590.1549999999997	0.0004906933549075307
1590.16	0.0004907730629835326
1590.165	0.0004904495399138149
1590.17	0.0004894590278441637
1590.175	0.0004881685409019395
1590.1799999999998	0.0004865558639832618
1590.185	0.0004845623417957773
1590.19	0.0004836513386973609
1590.195	0.0004830682921462189
1590.2	0.00048331702118885236
1590.205	0.00048408470259495235
1590.2099999999998	0.000485187783543598
1590.215	0.00048614107633677554
1590.22	0.0004871862805274184
1590.225	0.000487428193865683
1590.23	0.00048705413343510395
1590.235	0.00048640721479689566
1590.2399999999998	0.00048646263356938826
1590.2450000000001	0.000486531977411838
1590.25	0.00048699486165515937
1590.255	0.0004874799903279773
1590.26	0.0004876715558977317
1590.2649999999999	0.0004879041664307036
1590.2699999999998	0.0004879010518676018
1590.275	0.0004880970931517095
1590.28	0.0004877565218796883
1590.285	0.00048678943616252586
1590.29	0.00048619367066411663
1590.2949999999998	0.00048597957374366655
1590.3	0.0004853639636668497
1590.305	0.00048572549107828345
1590.31	0.00048590202508074827
1590.315	0.00048692524430487156
1590.32	0.00048705936390258225
1590.3249999999998	0.000487121295782498
1590.33	0.0004876132916346595
1590.335	0.00048682269060257625
1590.34	0.00048669670185303755
1590.345	0.00048571296205774474
1590.35	0.00048552046340212497
1590.3549999999998	0.0004847851106726135
1590.36	0.00048564198363603
1590.365	0.0004864298494420064
1590.3700000000001	0.0004877252952135745
1590.375	0.0004897395273814395
1590.3799999999999	0.0004902492937164174
1590.385	0.0004909444492085255
1590.39	0.0004904310720538512
1590.395	0.0004888151428833639
1590.4	0.00048587238567063506
1590.405	0.000483978987658821
1590.4099999999999	0.00048293035425992116
1590.415	0.000482960888311426
1590.42	0.00048442028174410016
1590.425	0.0004862855223679901
1590.43	0.0004888137267002006
1590.435	0.0004907439867067279
1590.4399999999998	0.0004929350012681553
1590.445	0.0004939689347209915
1590.45	0.0004937910012202564
1590.455	0.000492446008521495
1590.46	0.0004907403609855273
1590.465	0.0004887442341816313
1590.4699999999998	0.00048747761572903904
1590.475	0.0004871754243090219
1590.48	0.00048746815287770574
1590.4850000000001	0.00048787655264031685
1590.49	0.0004889808338047895
1590.495	0.0004907862700080816
1590.5	0.0004924190564442348
1590.5049999999999	0.000494066988672061
1590.51	0.0004956578431903537
1590.515	0.0004973448227507061
1590.52	0.0004983925330312493
1590.5249999999999	0.0004985689065658956
1590.53	0.0004974038937091356
1590.535	0.0004953515838024726
1590.54	0.0004937483703875154
1590.545	0.0004925132619071688
1590.55	0.0004926811251870629
1590.5549999999998	0.0004944959328155309
1590.56	0.0004967937930737692
1590.565	0.000499444324903037
1590.57	0.0005012343525122677
1590.575	0.0005034456819741071
1590.58	0.0005036113575091625
1590.5849999999998	0.0005028235281817302
1590.59	0.0005013701318052325
1590.595	0.0004994920982679703
1590.6000000000001	0.0004974326067099357
1590.605	0.000495120708812356
1590.61	0.0004942586634679099
1590.615	0.0004951488939297887
1590.62	0.000496635582177267
1590.625	0.000498014125225908
1590.63	0.0004997034135744741
1590.635	0.000500958337056896
1590.6399999999999	0.0005012359749779139
1590.645	0.0005009836817600884
1590.6499999999999	0.0004995427575689134
1590.655	0.0004980781680089784
1590.66	0.0004962579666634371
1590.665	0.0004949501806522594
1590.6699999999998	0.0004942025362990355
1590.675	0.0004939943319547278
1590.6799999999998	0.0004949016922746054
1590.685	0.0004953335840650374
1590.69	0.0004967258469293511
1590.695	0.000498215042724652
1590.6999999999998	0.0004994491251250055
1590.705	0.000499983319438754
1590.71	0.0004998119363613584
1590.7150000000001	0.0004993043454850544
1590.72	0.0004985510629864038
1590.725	0.0004987198353190744
1590.73	0.0004988701464919917
1590.735	0.0004982060591353472
1590.74	0.0004981697374280955
1590.7450000000001	0.0004986499376435839
1590.75	0.0004995270060365976
1590.7549999999999	0.0005010747125829405
1590.76	0.0005026105651549412
1590.7649999999999	0.0005041531283839076
1590.77	0.0005053431610021877
1590.775	0.0005055970442099905
1590.78	0.0005048493709732402
1590.7849999999999	0.0005023258907355105
1590.79	0.0004997111105116591
1590.7949999999998	0.0004979499524629597
1590.8	0.0004973602155882755
1590.805	0.0004980233825330311
1590.81	0.0004999844393564319
1590.8149999999998	0.0005023118934258886
1590.82	0.0005048021390421015
1590.8249999999998	0.0005073837643626193
1590.8300000000002	0.0005096629645499167
1590.835	0.0005100364548241479
1590.84	0.0005084738567555906
1590.845	0.0005044081585660951
1590.85	0.0004980058712444644
1590.855	0.0004923315729389574
1590.8600000000001	0.0004905941843260115
1590.865	0.0004923375341412299
1590.87	0.0004973139602541447
1590.875	0.0005037208036505823
1590.8799999999999	0.0005082223642798482
1590.885	0.0005107686525587451
1590.89	0.0005109188670109556
1590.895	0.0005083673707975881
1590.8999999999999	0.0005032750839768599
1590.905	0.0004972937567410925
1590.9099999999999	0.0004925354333285403
1590.915	0.0004893081286150251
1590.92	0.000488135980896101
1590.925	0.0004895701185752952
1590.9299999999998	0.0004936291639353507
1590.935	0.000499454289917361
1590.9399999999998	0.0005054992594639145
1590.9450000000002	0.0005106157876619297
1590.95	0.000512886406555097
1590.955	0.0005124791368030018
1590.96	0.0005091020145504903
1590.965	0.0005057212606892353
1590.9699999999998	0.00050118489980189
1590.9750000000001	0.0004982755111511923
1590.98	0.0004964421125286855
1590.985	0.0004956661548325376
1590.99	0.0004957632839250365
1590.995	0.0004967861713834921
1591	0.0004993617749145771
1591.005	0.0005026758665230195
1591.01	0.0005060317124733627
1591.0149999999999	0.0005091344431846745
1591.02	0.0005103705967966388
1591.0249999999999	0.0005082438588546171
1591.03	0.0005043007268128774
1591.035	0.0004993633913578884
1591.04	0.0004945675939375813
1591.0449999999998	0.0004915146277399013
1591.05	0.000490550126390367
1591.0549999999998	0.0004918324311873568
1591.0600000000002	0.0004947655736462785
1591.065	0.0004980074629648274
1591.07	0.0005006239848688323
1591.075	0.0005026168845598914
1591.08	0.0005037098029220829
1591.0849999999998	0.0005029105322653586
1591.0900000000001	0.0005014285363525483
1591.095	0.0004996344531585378
1591.1	0.0004977449428497486
1591.105	0.0004963179342351293
1591.11	0.0004957461182507519
1591.1149999999998	0.0004966234909470623
1591.1200000000001	0.0004972567113859208
1591.125	0.0004975467104952199
1591.1299999999999	0.0004977406092771274
1591.135	0.0004978025099262597
1591.1399999999999	0.0004972555564414278
1591.1449999999998	0.0004964010845129239
1591.15	0.0004953674113374387
1591.155	0.0004938440056091302
1591.1599999999999	0.0004918799693609906
1591.165	0.0004904839455984326
1591.1699999999998	0.0004896919896363415
1591.175	0.0004893911044786355
1591.18	0.0004892425641274322
1591.185	0.0004895273375415909
1591.19	0.0004897243684264365
1591.195	0.000490064144131964
1591.1999999999998	0.0004899879174288646
1591.205	0.0004887167386179653
1591.21	0.000487433086163577
1591.215	0.00048637276478531483
1591.22	0.0004854202853317658
1591.225	0.0004852953737520399
1591.2299999999998	0.000485535168141589
1591.2350000000001	0.00048552508434425266
1591.24	0.000485157409791629
1591.245	0.00048406155266655514
1591.25	0.00048294910516263114
1591.2549999999999	0.00048152538889346697
1591.26	0.00048000438177230135
1591.265	0.0004786964275590014
1591.27	0.00047749042830505934
1591.2749999999999	0.00047646400362815974
1591.28	0.0004760805908950268
1591.2849999999999	0.00047592747686678343
1591.29	0.0004756281526676781
1591.295	0.000475136838730385
1591.3	0.00047427384818088224
1591.305	0.0004728813820910669
1591.31	0.00047052283797912643
1591.3149999999998	0.0004691586774206868
1591.32	0.00046770154181445745
1591.325	0.0004657798085153612
1591.33	0.0004637167011846595
1591.335	0.00046304623959328125
1591.34	0.00046320638420560876
1591.3449999999998	0.00046387355127846565
1591.35	0.00046507796426704365
1591.355	0.0004669576800085334
1591.36	0.0004686300522757027
1591.365	0.00047013190081079444
1591.37	0.0004700263884008451
1591.375	0.00046896857707441126
1591.38	0.00046744952309413896
1591.385	0.000465177993373195
1591.3899999999999	0.0004634296863191925
1591.395	0.00046271603797747924
1591.3999999999999	0.0004630033065480846
1591.405	0.0004631447098971031
1591.41	0.00046453858671756073
1591.415	0.0004661410082997667
1591.42	0.0004678552948877716
1591.425	0.00046931057791526026
1591.4299999999998	0.0004700655402351769
1591.435	0.00046992047156687965
1591.44	0.00046886027654921883
1591.445	0.0004674172492710981
1591.45	0.00046585251327366066
1591.455	0.00046384481496587656
1591.4599999999998	0.0004621866290523585
1591.465	0.00046136523231570404
1591.47	0.00046097679500376224
1591.475	0.0004623212492397049
1591.48	0.0004642897312951361
1591.485	0.00046709929046402345
1591.49	0.0004691987863495768
1591.495	0.0004706135014422129
1591.5	0.0004710311747251683
1591.505	0.00046964616953614337
1591.51	0.0004676347942946964
1591.5149999999999	0.00046495158799057513
1591.52	0.00046149342762345243
1591.525	0.00045842920100064907
1591.53	0.0004568559162037045
1591.535	0.0004573455660101939
1591.54	0.00045903486490797134
1591.5449999999998	0.0004627301171396268
1591.55	0.0004638370664924211
1591.555	0.0004633002575658616
1591.56	0.0004602746345454145
1591.565	0.0004565850627147497
1591.57	0.0004520741455601263
1591.5749999999998	0.00044923322746799545
1591.58	0.00044820783471724704
1591.585	0.00044811046468052295
1591.59	0.0004487195169617976
1591.595	0.000450080975212885
1591.6	0.00045076973405954086
1591.605	0.00045186964218309905
1591.61	0.000451710607456044
1591.615	0.00045130126746582844
1591.6200000000001	0.00045035914012256167
1591.625	0.00044855927972821424
1591.6299999999999	0.00044673603797173333
1591.635	0.00044533725738606295
1591.6399999999999	0.0004448731107564075
1591.645	0.0004441677480385239
1591.65	0.0004444051311555377
1591.655	0.00044489836232676765
1591.6599999999999	0.0004453309846132753
1591.665	0.00044530637661817433
1591.6699999999998	0.0004461900060423391
1591.675	0.000447331360817457
1591.68	0.00044877081238802
1591.685	0.00045075586880679626
1591.6899999999998	0.0004529246816774731
1591.695	0.0004552353081531078
1591.7	0.0004563383569953435
1591.705	0.00045502042527819926
1591.71	0.0004509431900553325
1591.715	0.00044697679297941534
1591.72	0.00044509211824312467
1591.725	0.0004465800806864392
1591.73	0.0004498416617822481
1591.7350000000001	0.0004540191976565302
1591.74	0.0004561403660346042
1591.745	0.0004565193882530066
1591.75	0.0004543328353335143
1591.7549999999999	0.0004503157027334226
1591.76	0.0004454681424740394
1591.765	0.00044107463895847723
1591.77	0.00043804592007211076
1591.7749999999999	0.0004371891756261427
1591.78	0.0004390386261900653
1591.7849999999999	0.00044283618481811996
1591.79	0.00044700440316684624
1591.795	0.00045027453869398744
1591.8	0.0004511910549101617
1591.8049999999998	0.00044873675092874473
1591.81	0.0004446028454338269
1591.8149999999998	0.00043928471971117376
1591.82	0.0004336034169065433
1591.825	0.0004283041114460379
1591.83	0.00042486927507647
1591.835	0.0004235691158100967
1591.84	0.00042425707296769736
1591.845	0.00042732995118138593
1591.8500000000001	0.0004327776192848743
1591.855	0.000438515937825772
1591.86	0.00044324960735453423
1591.865	0.0004427270878516383
1591.87	0.00043754654128316285
1591.875	0.0004307816425954401
1591.88	0.00042505309202500225
1591.885	0.00042175120845994727
1591.8899999999999	0.000421461759926856
1591.895	0.0004234580050268048
1591.8999999999999	0.0004269161820550942
1591.905	0.00043056411222516393
1591.91	0.00043486430353306313
1591.915	0.00043778906416604537
1591.9199999999998	0.0004393358018275735
1591.925	0.00043910461582492594
1591.9299999999998	0.0004369207780577372
1591.935	0.0004329054975648894
1591.94	0.00042776359823860997
1591.945	0.0004230888712664606
1591.95	0.000420369862150754
1591.955	0.0004192492789660293
1591.9599999999998	0.0004199850681710914
1591.9650000000001	0.0004225419223252269
1591.97	0.00042602747371194835
1591.975	0.00042916051340477235
1591.98	0.0004325001504932174
1591.985	0.000434285340236014
1591.99	0.0004355404814655921
1591.9950000000001	0.0004350707169225855
1592	0.00043452343053650995
1592.0049999999999	0.00043285705011055577
1592.01	0.00043054732140209584
1592.0149999999999	0.00042821724927485417
1592.02	0.0004261812077569998
1592.025	0.00042483810101704057
1592.03	0.0004258554570219552
1592.0349999999999	0.00042838988651247475
1592.04	0.0004302029841827268
1592.0449999999998	0.00043263373663648974
1592.05	0.0004327090622207972
1592.055	0.0004327242052870607
1592.06	0.000431404725294312
1592.065	0.00042971713469092755
1592.07	0.00042709925124643713
1592.0749999999998	0.0004254106901201155
1592.0800000000002	0.0004248312541947222
1592.085	0.0004253179799584712
1592.09	0.0004263800439596637
1592.095	0.0004274641027888642
1592.1	0.00042912453218802804
1592.1049999999998	0.0004304704077807767
1592.1100000000001	0.0004315667394350254
1592.115	0.0004320463891117004
1592.12	0.00043123076422545815
1592.125	0.00042982874860301345
1592.1299999999999	0.0004282372353534122
1592.1349999999998	0.0004269992354173617
1592.14	0.0004252717616988393
1592.145	0.0004244224037979466
1592.1499999999999	0.00042340927203322957
1592.155	0.00042256788600138396
1592.1599999999999	0.00042107228505894946
1592.165	0.0004204951036028281
1592.17	0.00041962779124015835
1592.175	0.0004184417525373281
1592.18	0.0004170807134295104
1592.185	0.0004156910054890074
1592.1899999999998	0.0004142525725413056
1592.1950000000002	0.00041321637448223683
1592.2	0.0004123880755166091
1592.205	0.00041196458594617023
1592.21	0.00041214194575752696
1592.215	0.0004113016328994317
1592.2199999999998	0.000410926688677499
1592.2250000000001	0.000410024238016435
1592.23	0.00040905306727099855
1592.235	0.00040757398961807894
1592.24	0.0004059851783426264
1592.245	0.0004050286370982784
1592.2499999999998	0.0004047331749834893
1592.255	0.0004046531851885023
1592.26	0.0004055471323176544
1592.2649999999999	0.0004063055965487198
1592.27	0.0004073798831878817
1592.2749999999999	0.0004079959159154774
1592.2799999999997	0.00040863174928310394
1592.285	0.00040908819454191865
1592.29	0.00040893606025758504
1592.295	0.0004083865811824024
1592.3	0.00040731882961947825
1592.3049999999998	0.0004067178650870113
1592.31	0.0004052859959144758
1592.315	0.0004053644917776397
1592.32	0.0004055681945290188
1592.325	0.00040622112710852326
1592.33	0.000407027048675499
1592.3349999999998	0.00040844354247316907
1592.34	0.00041052497492181765
1592.345	0.0004126454934216476
1592.35	0.00041467938167096625
1592.355	0.0004162387337340803
1592.36	0.0004156500260054285
1592.3649999999998	0.00041464668006610506
1592.3700000000001	0.00041236927079545577
1592.375	0.0004097168031531355
1592.38	0.00040709772807452947
1592.385	0.0004068443548896133
1592.3899999999999	0.000408462182289864
1592.3949999999998	0.0004117646442707131
1592.4	0.0004150174807775806
1592.405	0.00041791112679989917
1592.41	0.0004207225317394554
1592.415	0.0004207962776772188
1592.4199999999998	0.00041971250210195066
1592.425	0.0004172906929956189
1592.43	0.0004148499558581438
1592.435	0.00041263745142702287
1592.44	0.00041179307740983704
1592.445	0.0004120308127208593
1592.4499999999998	0.000413081345928924
1592.455	0.0004145324714693776
1592.46	0.00041587645357868993
1592.465	0.0004174056945933383
1592.47	0.00041775022567328566
1592.475	0.00041819599761094427
1592.4799999999998	0.0004172515186330518
1592.485	0.00041507585313673426
1592.49	0.00041218699104237836
1592.4950000000001	0.00041036824612717836
1592.5	0.0004095023680611671
1592.5049999999999	0.0004093793394348685
1592.5099999999998	0.00041009277192593
1592.515	0.00041146180560921157
1592.52	0.0004118655730303643
1592.525	0.0004126355738026009
1592.53	0.0004124550386388582
1592.5349999999999	0.0004126835066209549
1592.54	0.00041316210250561886
1592.545	0.00041371186178829175
1592.55	0.00041400389451823897
1592.555	0.0004143631798276719
1592.56	0.00041486272048849954
1592.5649999999998	0.00041508204170361663
1592.57	0.0004156911179607738
1592.575	0.0004179024474225313
1592.58	0.0004201649800085378
1592.585	0.0004230696753299178
1592.59	0.0004255032170641512
1592.5949999999998	0.0004269220150095885
1592.6	0.0004271859483991892
1592.605	0.00042548599843332676
1592.6100000000001	0.0004224606388731436
1592.615	0.0004190577861344216
1592.62	0.0004157417489109743
1592.625	0.00041282229819627103
1592.6299999999999	0.00041082077023907185
1592.635	0.0004113972662359034
1592.64	0.0004142646524905251
1592.645	0.00041770085804461357
1592.6499999999999	0.0004228669557193261
1592.655	0.00042634431791670516
1592.66	0.0004290937344834686
1592.665	0.00042866678463145846
1592.67	0.00042682612959049545
1592.675	0.0004226736538273516
1592.6799999999998	0.00041808999670763425
1592.685	0.00041362566091505417
1592.69	0.00041029919231930386
1592.695	0.00040903395206393816
1592.7	0.00041130833053119956
1592.705	0.00041545498460459176
1592.7099999999998	0.0004200401811995956
1592.715	0.0004229391386407489
1592.72	0.00042131155907796617
1592.7250000000001	0.00041734409163209644
1592.73	0.0004124277174270232
1592.735	0.000407724168316716
1592.74	0.0004050153487791164
1592.745	0.0004051186686594725
1592.75	0.00040665565726369525
1592.755	0.0004102622737708765
1592.76	0.00041361902406675184
1592.7649999999999	0.00041724656625135805
1592.77	0.0004204318747392901
1592.7749999999999	0.0004221046723012933
1592.78	0.00042202005321737755
1592.785	0.00042051905064406257
1592.79	0.0004173085964493263
1592.7949999999998	0.00041320373262384804
1592.8	0.0004100132161330036
1592.8049999999998	0.0004079057254467624
1592.81	0.0004077072249836135
1592.815	0.00040938932058255857
1592.82	0.0004119259007638982
1592.8249999999998	0.00041551912671419517
1592.83	0.0004190012525305801
1592.835	0.0004232208696814166
1592.8400000000001	0.0004261798341004153
1592.845	0.0004285116132256472
1592.85	0.0004293909543105134
1592.855	0.0004284451750611042
1592.86	0.00042547575911241423
1592.865	0.0004225697053519732
1592.8700000000001	0.0004210921919479061
1592.875	0.00042320224000991517
1592.8799999999999	0.00042602568422512785
1592.885	0.0004304627233021649
1592.8899999999999	0.0004334132578942222
1592.895	0.000434899287106964
1592.9	0.00043381955042934967
1592.905	0.000431728612860911
1592.9099999999999	0.00042918159075146494
1592.915	0.0004264470126334439
1592.9199999999998	0.00042396973392338084
1592.925	0.00042232185498674457
1592.93	0.00042204790270849085
1592.935	0.000423441877530292
1592.9399999999998	0.00042585399292027916
1592.945	0.00043018464303808005
1592.9499999999998	0.00043424015751498035
1592.9550000000002	0.0004378954788561981
1592.96	0.0004402539242194394
1592.965	0.00044113422165543374
1592.97	0.00044065884801272414
1592.975	0.00043882929055383404
1592.98	0.0004371126037895111
1592.9850000000001	0.0004352703957932232
1592.99	0.00043335486726030946
1592.995	0.0004309710352805385
1593	0.000430199783450079
1593.0049999999999	0.00042974633003523845
1593.01	0.0004298990706903009
1593.015	0.00043084014938560945
1593.02	0.0004320830723551669
1593.0249999999999	0.0004337597067826572
1593.03	0.000435053100826415
1593.0349999999999	0.00043550331198408457
1593.04	0.00043467193628791604
1593.045	0.00043354405172826887
1593.05	0.00043171339521576557
1593.0549999999998	0.0004307704464261925
1593.06	0.0004297300201538708
1593.0649999999998	0.00042929209534274965
1593.0700000000002	0.00042877327703152486
1593.075	0.000428526331680655
1593.08	0.00042849178639274197
1593.085	0.00042752687183379083
1593.09	0.00042651913847523615
1593.0949999999998	0.0004254464242137315
1593.1000000000001	0.00042438561428508406
1593.105	0.00042326821867266957
1593.11	0.0004229328896193907
1593.115	0.0004228474471729498
1593.12	0.00042378265255933474
1593.125	0.000424944451716883
1593.13	0.00042679172314222344
1593.135	0.00042845311290732365
1593.1399999999999	0.00042989153154283027
1593.145	0.0004317044040984662
1593.1499999999999	0.0004327886852113993
1593.155	0.000433471609700054
1593.16	0.0004332612533387422
1593.165	0.00043294897168685473
1593.1699999999998	0.0004323306563359935
1593.175	0.0004316894496569049
1593.1799999999998	0.00043103381128864216
1593.1850000000002	0.0004308820352596962
1593.19	0.00043065683785605994
1593.195	0.00043201482276067143
1593.2	0.00043273152534232607
1593.205	0.00043327345625985035
1593.2099999999998	0.0004332595355657298
1593.2150000000001	0.00043248716304916787
1593.22	0.0004314072664239915
1593.225	0.00043111688372245285
1593.23	0.00043154131118968396
1593.235	0.00043215071508124575
1593.2399999999998	0.0004325898255056632
1593.2450000000001	0.00043486708881775417
1593.25	0.0004370209916165017
1593.2549999999999	0.00043973231480019174
1593.26	0.00044227458844381813
1593.2649999999999	0.00044383083723401376
1593.2699999999998	0.0004445729235245516
1593.275	0.00044372666208178217
1593.28	0.00044139379612190494
1593.2849999999999	0.0004386953859747123
1593.29	0.00043664859105226696
1593.2949999999998	0.000435357305668322
1593.3	0.0004358738012159585
1593.305	0.00043674589428184134
1593.31	0.0004391764483819242
1593.315	0.0004423195166754884
1593.32	0.00044512473552350834
1593.3249999999998	0.00044766466592369077
1593.33	0.0004495181927548441
1593.335	0.000450388343452991
1593.34	0.0004501963371388877
1593.345	0.00044856081326414106
1593.35	0.0004461827450034363
1593.3549999999998	0.00044392305468776504
1593.3600000000001	0.0004424322836827732
1593.365	0.0004440328834646896
1593.37	0.0004459697432527906
1593.375	0.0004477533703095734
1593.3799999999999	0.00044888321175609467
1593.3849999999998	0.0004484772243129728
1593.39	0.0004468610506487875
1593.395	0.00044493740867411377
1593.3999999999999	0.00044203236758976714
1593.405	0.00043911632274403536
1593.4099999999999	0.0004387451804049974
1593.415	0.0004385874490571938
1593.42	0.0004405005016228804
1593.425	0.0004413256514047629
1593.43	0.00044228045974830006
1593.435	0.00044327140062784553
1593.4399999999998	0.0004445093409656275
1593.445	0.00044641314415361867
1593.45	0.0004482082624326594
1593.455	0.00044948386262716434
1593.46	0.0004501729970141571
1593.465	0.0004497452594534466
1593.4699999999998	0.00044758607413434074
1593.475	0.0004445053599925344
1593.48	0.0004408173874525547
1593.485	0.00043767233129620977
1593.49	0.0004351470955036096
1593.495	0.00043444868443503
1593.4999999999998	0.0004373184482142957
1593.505	0.0004423115670988569
1593.51	0.00044965323663719134
1593.5149999999999	0.00045656215631615824
1593.52	0.0004606176428694573
1593.5249999999999	0.00046041444560320714
1593.53	0.0004564807179089715
1593.535	0.0004512278737477978
1593.54	0.0004475380995566486
1593.545	0.00044671010094284394
1593.55	0.00044814767478690813
1593.5549999999998	0.0004517302005327594
1593.56	0.00045514471163684276
1593.565	0.00045698995151516043
1593.57	0.00045616312883324257
1593.575	0.0004531263925132769
1593.58	0.00044880273427762524
1593.5849999999998	0.00044468417847016707
1593.59	0.0004420964391582091
1593.595	0.00044180160251967046
1593.6	0.00044306643183966303
1593.605	0.00044491349937085485
1593.61	0.00044740771341891426
1593.615	0.00045035475796950783
1593.62	0.00045180000568359447
1593.625	0.0004521426550040006
1593.6299999999999	0.00045071816897999175
1593.635	0.0004481344861883928
1593.6399999999999	0.0004447688521548271
1593.645	0.0004413574191600917
1593.65	0.00043876827310607673
1593.655	0.000437386173682166
1593.66	0.000436993459145056
1593.665	0.0004370622376904724
1593.6699999999998	0.00043942497797831443
1593.675	0.00044210337760360963
1593.68	0.0004452909668796639
1593.685	0.0004485146558627875
1593.69	0.00045068606530966745
1593.695	0.0004524257446897675
1593.6999999999998	0.00045266104157196325
1593.705	0.00045168915176432416
1593.71	0.00044940911100570317
1593.715	0.00044660219643416325
1593.72	0.00044388128607624687
1593.725	0.0004420672079231607
1593.73	0.0004427593105781635
1593.735	0.00044496791655707915
1593.74	0.0004480115722180037
1593.745	0.00045105088773470474
1593.75	0.0004541724010090684
1593.7549999999999	0.0004556439438501052
1593.76	0.0004560132109971354
1593.7649999999999	0.00045480639175514664
1593.77	0.00045274295767837547
1593.775	0.00045016593508881013
1593.78	0.0004479321653780117
1593.7849999999999	0.0004466409254334598
1593.79	0.0004462887220961223
1593.7949999999998	0.0004471164404499458
1593.8	0.00044969102903278713
1593.805	0.0004522319458860843
1593.81	0.0004567166897599145
1593.8149999999998	0.000459551286937278
1593.82	0.0004614322872802658
1593.825	0.000461383877430723
1593.83	0.0004596404891760478
1593.835	0.0004570770107562256
1593.84	0.00045339003758021663
1593.845	0.0004496817201248177
1593.85	0.00044605061569351416
1593.855	0.00044291119228038474
1593.8600000000001	0.00044314658265463434
1593.865	0.000445298888515663
1593.87	0.0004493406042470247
1593.875	0.0004539731310806335
1593.8799999999999	0.0004576821521203275
1593.885	0.0004590089203515234
1593.89	0.0004582692520017497
1593.895	0.00045491426703353244
1593.8999999999999	0.00045047796375220355
1593.905	0.00044760428604796043
1593.9099999999999	0.00044589149476583314
1593.915	0.0004455924445410181
1593.92	0.00044652759868856465
1593.925	0.000448051999934174
1593.9299999999998	0.0004503126006459988
1593.935	0.00045258668205096675
1593.9399999999998	0.0004542820806507863
1593.945	0.0004551930015186043
1593.95	0.0004549143103500794
1593.955	0.0004532444921145773
1593.96	0.00045125958447471106
1593.965	0.00044909562355435826
1593.97	0.00044731600493352826
1593.9750000000001	0.00044628832272248673
1593.98	0.00044585770118085657
1593.985	0.0004461667579982089
1593.99	0.00044650068747433756
1593.995	0.000446476963025237
1594	0.0004476825638038413
1594.005	0.00044785711919406886
1594.01	0.00044839028530583615
1594.0149999999999	0.00044809230874919085
1594.02	0.0004470869433690054
1594.0249999999999	0.00044557681797808033
1594.03	0.00044409237773852974
1594.035	0.0004431805458399302
1594.04	0.00044301933541079447
1594.0449999999998	0.0004440190618332749
1594.05	0.00044538712469857525
1594.0549999999998	0.00044673228642022947
1594.06	0.00044731455917427186
1594.065	0.00044667492013756807
1594.07	0.00044534044192198985
1594.075	0.00044410447098253896
1594.08	0.00044252735245674035
1594.0849999999998	0.00044111986141114593
1594.0900000000001	0.0004405403921912391
1594.095	0.000441035194070772
1594.1	0.00044226536919079285
1594.105	0.0004441892897511768
1594.11	0.0004464615481950678
1594.115	0.00044813374022831216
1594.1200000000001	0.00044894004794185675
1594.125	0.0004483397286798698
1594.1299999999999	0.0004466646043102983
1594.135	0.00044392844573830126
1594.1399999999999	0.0004413954495978637
1594.145	0.00043939989292316096
1594.15	0.0004374364302981479
1594.155	0.00043551640387002927
1594.1599999999999	0.0004355759010139647
1594.165	0.00043588322989675937
1594.1699999999998	0.0004375892211772191
1594.175	0.00043961311039950334
1594.18	0.00044155047774046906
1594.185	0.0004436688246594204
1594.19	0.0004441469670066844
1594.195	0.00044294224311184775
1594.1999999999998	0.000439934188989475
1594.2050000000002	0.0004371746356807086
1594.21	0.0004356294523887075
1594.215	0.0004350835634237585
1594.22	0.0004366166537122166
1594.225	0.00043882444370125015
1594.2299999999998	0.0004413768887171988
1594.2350000000001	0.0004432777055951494
1594.24	0.00044499614424454574
1594.245	0.00044584383886115645
1594.25	0.00044583765671169504
1594.2549999999999	0.0004460127435185636
1594.26	0.0004454887240332835
1594.265	0.0004455200743617716
1594.27	0.0004453872046011104
1594.2749999999999	0.0004454638141330316
1594.28	0.0004458213899653072
1594.2849999999999	0.00044610873839823017
1594.29	0.00044622879272523253
1594.295	0.0004464133380157466
1594.3	0.00044658380655065956
1594.305	0.0004462584971820221
1594.31	0.00044720031792404134
1594.3149999999998	0.00044766020825800243
1594.3200000000002	0.00044762651671799463
1594.325	0.0004470610833934109
1594.33	0.00044571324802714774
1594.335	0.0004442485030447033
1594.34	0.0004422969678952288
1594.3449999999998	0.000439902826213083
1594.3500000000001	0.00043748384419584703
1594.355	0.0004355510079326716
1594.36	0.0004352313027308087
1594.365	0.0004386571197710131
1594.37	0.00044344770175749014
1594.3749999999998	0.00044797669624114915
1594.38	0.0004506506379392621
1594.385	0.00044825599307291014
1594.3899999999999	0.00044440909588985784
1594.395	0.0004391873770777034
1594.3999999999999	0.0004339132661011168
1594.4049999999997	0.00043105050719476263
1594.41	0.00043156671068176456
1594.415	0.0004342638056419553
1594.42	0.00043923715318456327
1594.425	0.0004429327957033752
1594.4299999999998	0.00044511328407860164
1594.435	0.0004426159368391458
1594.44	0.0004386817693359132
1594.445	0.00043344985581702736
1594.45	0.0004286646154267412
1594.455	0.0004251747860451464
1594.4599999999998	0.00042467213762934045
1594.465	0.0004245944079475596
1594.47	0.0004272302452754228
1594.475	0.00042980062039522227
1594.48	0.00043271599857246313
1594.485	0.0004343747996917669
1594.4899999999998	0.0004355221240857235
1594.4950000000001	0.000434577081661117
1594.5	0.0004324658560814763
1594.5049999999999	0.00042886129890231116
1594.51	0.00042514368418494465
1594.5149999999999	0.00042191981681074316
1594.5199999999998	0.00042056784583364027
1594.525	0.0004214077513894811
1594.53	0.0004229612410971853
1594.535	0.00042464186409926595
1594.54	0.00042645956744006116
1594.5449999999998	0.00042715437676999173
1594.55	0.00042682833403354087
1594.555	0.0004256886659447478
1594.56	0.00042370725446302677
1594.565	0.0004211512591782905
1594.57	0.0004196446971636216
1594.5749999999998	0.00041961192613959374
1594.58	0.00042036317233469495
1594.585	0.00042201271217597063
1594.59	0.00042407197137008423
1594.595	0.0004261239307752488
1594.6	0.0004278160066895331
1594.6049999999998	0.00042825339870586056
1594.61	0.00042791243645396376
1594.615	0.00042690992813640877
1594.62	0.00042515106682717294
1594.625	0.00042310730099550677
1594.6299999999999	0.0004215420463351828
1594.6349999999998	0.0004203033368499795
1594.64	0.0004195374201515445
1594.645	0.00042073476765649824
1594.65	0.00042236842821330775
1594.655	0.00042471270906481066
1594.6599999999999	0.00042661109740203736
1594.665	0.00042954179884490675
1594.67	0.00043088966744757583
1594.675	0.00043137106472198
1594.68	0.00043023798242499653
1594.685	0.00042807766145860573
1594.6899999999998	0.0004246582413385853
1594.695	0.00042108626008008067
1594.7	0.00041810711312819017
1594.705	0.000416220473577094
1594.71	0.0004158955390575271
1594.715	0.000418196506306782
1594.7199999999998	0.000421510778289483
1594.725	0.0004271425815665832
1594.73	0.00043156484247137457
1594.7350000000001	0.0004347198737136092
1594.74	0.0004340854024683944
1594.745	0.0004323834440446576
1594.7499999999998	0.0004284466477150232
1594.7549999999999	0.0004244693837042909
1594.76	0.00042073190796820364
1594.765	0.0004181518311584434
1594.77	0.00041667423982748335
1594.7749999999999	0.00041669976764695124
1594.78	0.00041838620165692914
1594.785	0.0004213045658470094
1594.79	0.0004248653760837137
1594.795	0.0004287287366049199
1594.8	0.0004319543465994436
1594.8049999999998	0.0004340930466720651
1594.81	0.00043494049039346464
1594.815	0.00043414273560822943
1594.82	0.0004324260671827872
1594.825	0.00042924725743863297
1594.83	0.00042602360175516657
1594.8349999999998	0.00042374558670169564
1594.84	0.0004223119164652441
1594.845	0.0004220872003438437
1594.8500000000001	0.00042267226284160484
1594.855	0.0004241923211489657
1594.86	0.00042665834978385645
1594.8649999999998	0.00042857823532582435
1594.87	0.0004293338265644068
1594.875	0.00042884791050884545
1594.88	0.0004264691074376049
1594.885	0.00042472727784737056
1594.8899999999999	0.0004236690253304379
1594.895	0.00042337249033153095
1594.8999999999999	0.00042337249033153095
1594.905	0.0004238953158270933
1594.91	0.000424814568462046
1594.915	0.0004251105336244073
1594.9199999999998	0.00042475509701116974
1594.925	0.00042398868283898
1594.9299999999998	0.0004227834117631385
1594.935	0.00042121904650370656
1594.94	0.0004198214425903738
1594.945	0.00041903753090994636
1594.9499999999998	0.00041847640209067226
1594.955	0.00041899831874416546
1594.96	0.00042010239132668313
1594.9650000000001	0.0004228676483934429
1594.97	0.00042315651329730597
1594.975	0.00042486869662799304
1594.98	0.00042458821559526657
1594.985	0.00042421003372620196
1594.99	0.0004229241349028004
1594.9950000000001	0.0004219325337432974
1595	0.00042030787040550307
1595.0049999999999	0.0004183931491204123
1595.01	0.00041711082997478833
1595.0149999999999	0.0004167751176898175
1595.02	0.0004170543701706913
1595.025	0.00041796304755265537
1595.03	0.0004198903220202202
1595.0349999999999	0.0004214218523520014
1595.04	0.0004222058369788108
1595.0449999999998	0.000421873366233817
1595.05	0.0004187885904014303
1595.055	0.00041670683931005974
1595.06	0.0004148288330631156
1595.0649999999998	0.0004133251940845561
1595.07	0.00041289194563085045
1595.0749999999998	0.0004136535346129267
1595.0800000000002	0.00041498759508752035
1595.085	0.00041697456354521025
1595.09	0.0004189695955704396
1595.095	0.00042104223039654255
1595.1	0.00042238914298149563
1595.105	0.000422710259436041
1595.1100000000001	0.0004235876860283333
1595.115	0.0004237547982199727
1595.12	0.00042421730823123823
1595.125	0.00042431373901344056
1595.1299999999999	0.00042469826374770097
1595.135	0.00042510564731970115
1595.14	0.000426122716998663
1595.145	0.00042739522150693975
1595.1499999999999	0.0004283455736087338
1595.155	0.0004284704200300072
1595.1599999999999	0.00042943555597802456
1595.165	0.00043024442381479
1595.17	0.000431407994749255
1595.175	0.0004328014054644368
1595.1799999999998	0.0004341364402255246
1595.185	0.0004344411956892744
1595.1899999999998	0.00043343995635873497
1595.1950000000002	0.00043184249727242765
1595.2	0.0004296296619643655
1595.205	0.0004280268225046489
1595.21	0.000427491765085104
1595.215	0.0004288838779313363
1595.2199999999998	0.0004310538503978527
1595.2250000000001	0.0004331094037448998
1595.23	0.0004339241994220163
1595.235	0.00043321668267508925
1595.24	0.0004314300016554441
1595.245	0.0004290986625810559
1595.25	0.00042605055902766436
1595.255	0.00042318051286982153
1595.26	0.0004212903485417547
1595.2649999999999	0.0004208809124323148
1595.27	0.0004221400836226905
1595.2749999999999	0.00042501478542861666
1595.28	0.0004286018966257245
1595.285	0.00043155781118386845
1595.29	0.0004336626056585162
1595.2949999999998	0.0004339596102173732
1595.3	0.0004335832006767996
1595.3049999999998	0.00043085895449151957
1595.3100000000002	0.00042846512500011394
1595.315	0.00042623307302911724
1595.32	0.00042481382539432517
1595.325	0.00042452650218872674
1595.33	0.00042495176102691734
1595.3349999999998	0.00042619533500758074
1595.3400000000001	0.00042861175525213326
1595.345	0.00043085195728461497
1595.35	0.00043311932307240014
1595.355	0.00043397469242811637
1595.36	0.00043270273807597775
1595.3649999999998	0.0004296209428907916
1595.3700000000001	0.0004251957028794437
1595.375	0.00042108991631597127
1595.3799999999999	0.0004195170661933213
1595.385	0.00041975160031967857
1595.3899999999999	0.0004213110567074311
1595.3949999999998	0.00042363636160022326
1595.4	0.00042535353178904407
1595.405	0.0004260206513360846
1595.4099999999999	0.00042473126133532417
1595.415	0.0004216804060797609
1595.4199999999998	0.0004173593013971311
1595.425	0.0004130652531509666
1595.43	0.00040982021977389215
1595.435	0.00040802251175349176
1595.44	0.00040784460712262776
1595.445	0.0004096561488767929
1595.4499999999998	0.0004129059167161032
1595.4550000000002	0.00041628059981013547
1595.46	0.0004188392579218553
1595.465	0.00042040884468398995
1595.47	0.0004206184076468124
1595.475	0.00041934458702272745
1595.4799999999998	0.0004174128170345863
1595.4850000000001	0.0004144776910566748
1595.49	0.00041075811980031247
1595.495	0.0004073642994010256
1595.5	0.00040513850577714335
1595.5049999999999	0.00040477834410431346
1595.5099999999998	0.00040672716909627947
1595.515	0.0004105996386697078
1595.52	0.0004149949060968376
1595.5249999999999	0.00041893196765507525
1595.53	0.000420007783989134
1595.5349999999999	0.0004180702094408329
1595.54	0.00041426088582257323
1595.545	0.00040851220449516444
1595.55	0.0004048134130600934
1595.555	0.00040209648488753736
1595.56	0.0004021841381932352
1595.5649999999998	0.0004044940137292068
1595.57	0.00040822573857973114
1595.575	0.00041371784634074556
1595.58	0.00041773871719054254
1595.585	0.00042103317676873617
1595.59	0.00042294212690848013
1595.5949999999998	0.0004229215596927731
1595.6	0.0004219544558429612
1595.605	0.00041967336786245135
1595.61	0.0004182875699851856
1595.615	0.0004169511164276045
1595.62	0.00041631794639396404
1595.6249999999998	0.0004165944602945439
1595.63	0.0004180499625659948
1595.635	0.0004202416672524161
1595.6399999999999	0.0004215812330203706
1595.645	0.0004244580145714216
1595.6499999999999	0.00042594702468872245
1595.655	0.0004268409973475895
1595.66	0.0004261229283993848
1595.665	0.00042455969935185385
1595.67	0.0004215583452739414
1595.675	0.0004180115798016388
1595.6799999999998	0.0004145466352111834
1595.685	0.0004124234085221517
1595.69	0.00041090924728675264
1595.695	0.0004117627845952528
1595.7	0.00041414773196773606
1595.705	0.00041813779851418176
1595.7099999999998	0.00042192107249801683
1595.715	0.0004267508304124886
1595.72	0.0004280341290220216
1595.725	0.0004285037283765626
1595.73	0.00042684164303799315
1595.735	0.0004232830841067687
1595.7399999999998	0.00041903260709515985
1595.745	0.0004164786105104566
1595.75	0.00041467228116375844
1595.7549999999999	0.00041502747610850765
1595.76	0.00041631029850930726
1595.7649999999999	0.00041855632136143605
1595.77	0.0004212479888027281
1595.775	0.00042365444066382117
1595.78	0.0004256494790790797
1595.785	0.0004273045569888627
1595.79	0.00042787925369812467
1595.7949999999998	0.0004273435251856557
1595.8	0.0004266234767385121
1595.805	0.00042493200468278025
1595.81	0.00042394021830881047
1595.815	0.00042332159683071657
1595.82	0.0004230120277572691
1595.8249999999998	0.00042324037786018305
1595.83	0.00042337537221614146
1595.835	0.00042401273072404874
1595.84	0.00042431223484653126
1595.845	0.0004247468173560723
1595.85	0.00042481798720254743
1595.855	0.00042449920743012993
1595.86	0.00042308639999784196
1595.865	0.0004225077999765529
1595.87	0.0004211880045693068
1595.875	0.00042057620607152414
1595.8799999999999	0.0004209913296761798
1595.885	0.00042161506348805067
1595.8899999999999	0.0004230067817564509
1595.895	0.0004243747772924916
1595.9	0.0004249458060596455
1595.905	0.0004244136680324909
1595.9099999999999	0.0004229763167703678
1595.915	0.00042200599082344107
1595.92	0.0004209562762731648
1595.925	0.0004201976970660496
1595.93	0.0004198145471270926
1595.935	0.00041966964052625477
1595.9399999999998	0.00042008559202724055
1595.945	0.0004202931127326197
1595.95	0.00042151148903416235
1595.955	0.0004221656271284939
1595.96	0.000422401023849187
1595.965	0.00042225925130444424
1595.97	0.0004222464246533121
1595.975	0.0004217276002864686
1595.98	0.0004211032154253882
1595.985	0.00042096594819825633
1595.99	0.00042060754664436593
1595.995	0.00042006066630424153
1596	0.0004199003799551685
1596.0049999999999	0.0004204796509512946
1596.01	0.0004212403012702487
1596.015	0.00042207444191852026
1596.02	0.00042293131393431445
1596.0249999999999	0.0004243826257573914
1596.03	0.00042567884060947637
1596.0349999999999	0.00042687314018875565
1596.04	0.0004270782744831296
1596.045	0.0004261973083247817
1596.05	0.00042472334855089865
1596.0549999999998	0.00042266473379049023
1596.06	0.0004220151235151818
1596.0649999999998	0.0004214157955421276
1596.07	0.00042191003684596026
1596.075	0.00042305571086020244
1596.08	0.0004244293124245757
1596.085	0.000426634369768168
1596.09	0.00042792163866372553
1596.095	0.0004291354216909106
1596.1000000000001	0.0004292844440820462
1596.105	0.0004287755022696307
1596.11	0.000427447557237466
1596.115	0.00042623961579888614
1596.12	0.00042493936168970726
1596.125	0.00042362347039391146
1596.13	0.0004227773646491051
1596.135	0.00042322431006622946
1596.1399999999999	0.0004231207781227802
1596.145	0.0004238496988490919
1596.1499999999999	0.00042444959449955617
1596.155	0.0004244548472631617
1596.16	0.0004238219456632846
1596.165	0.00042260255605810256
1596.1699999999998	0.0004208993458257251
1596.175	0.0004185541043642092
1596.1799999999998	0.0004157560343858178
1596.185	0.0004134514052658732
1596.19	0.00041204983552885606
1596.195	0.0004120385061892276
1596.2	0.0004140511428419182
1596.205	0.00041636598220230243
1596.2099999999998	0.00041792788128829864
1596.2150000000001	0.00041784205340375676
1596.22	0.0004165210593909284
1596.225	0.00041393720481039837
1596.23	0.0004120340928250933
1596.235	0.00041100807126206535
1596.24	0.0004106915187371125
1596.2450000000001	0.00041172611480493884
1596.25	0.0004138709992570169
1596.2549999999999	0.00041584170313222927
1596.26	0.00041803036136153266
1596.2649999999999	0.00041900000662810127
1596.27	0.0004184375687907253
1596.275	0.000416748313450783
1596.28	0.0004143793521401012
1596.2849999999999	0.0004117677642829836
1596.29	0.0004094290558968797
1596.2949999999998	0.000407656887918826
1596.3	0.0004074014495165134
1596.305	0.0004090374890062443
1596.31	0.00041005111649129516
1596.315	0.0004114438459551489
1596.32	0.0004128444775953526
1596.3249999999998	0.00041277837764449476
1596.3300000000002	0.00041193391911148274
1596.335	0.00040931829319314466
1596.34	0.0004058413479464207
1596.345	0.00040177997349127436
1596.35	0.000397285156450949
1596.3549999999998	0.00039283362465702905
1596.3600000000001	0.00038994716443740534
1596.365	0.00038820542111311825
1596.37	0.00038894983321109607
1596.375	0.0003926410898228453
1596.3799999999999	0.00039680869073114775
1596.385	0.00039919216741081366
1596.39	0.00040050526122972064
1596.395	0.0003978529820700664
1596.3999999999999	0.00039444852905942777
1596.405	0.00039132510804010576
1596.4099999999999	0.00038837693266269144
1596.415	0.0003856554294205915
1596.42	0.00038550354100365744
1596.425	0.00038633127550024416
1596.43	0.00038894855131240476
1596.435	0.0003917797072396403
1596.4399999999998	0.0003938781636826012
1596.4450000000002	0.0003951173207787626
1596.45	0.00039470425939399343
1596.455	0.00039262066051795174
1596.46	0.00038952485712421864
1596.465	0.00038604055718096476
1596.4699999999998	0.00038312154511014696
1596.4750000000001	0.0003814075793251416
1596.48	0.0003805155987794384
1596.485	0.00038041250054752666
1596.49	0.0003817803129735229
1596.495	0.0003835963304151527
1596.4999999999998	0.000385694356825606
1596.505	0.0003872992602529107
1596.51	0.0003895965166563542
1596.5149999999999	0.0003904730449084426
1596.52	0.00038985324317368725
1596.5249999999999	0.0003877388102771812
1596.5299999999997	0.0003841429374132449
1596.535	0.0003812895339654574
1596.54	0.00038032693817265876
1596.545	0.0003808843192660212
1596.55	0.0003833380630798257
1596.5549999999998	0.00038555050793906453
1596.56	0.00038803440112009443
1596.565	0.00038890630809904574
1596.57	0.0003881777398155489
1596.575	0.00038579920888743023
1596.58	0.0003825954995433208
1596.5849999999998	0.00037946689428635137
1596.59	0.0003768144467696057
1596.595	0.00037527314805181763
1596.6	0.00037469853987945594
1596.605	0.000375890816915722
1596.61	0.00037832705164738057
1596.6149999999998	0.0003812023831135138
1596.6200000000001	0.00038402385872285416
1596.625	0.00038674402688185125
1596.6299999999999	0.00038773044601823426
1596.635	0.000387523934549584
1596.6399999999999	0.00038636804347826054
1596.6449999999998	0.00038429277455852496
1596.65	0.0003817074929544374
1596.655	0.0003791188064186405
1596.66	0.00037702664291660605
1596.665	0.0003759175053838084
1596.6699999999998	0.0003751310229961749
1596.675	0.00037413422222572294
1596.68	0.0003754523100062398
1596.685	0.00037673504551504643
1596.69	0.0003795498341510142
1596.695	0.0003831984641655018
1596.6999999999998	0.0003867385087059278
1596.705	0.00038838334122753186
1596.71	0.00038786609784057175
1596.715	0.0003851626583287528
1596.72	0.0003810635623102013
1596.725	0.0003769886379657806
1596.7299999999998	0.00037395015552479905
1596.735	0.0003723122818742219
1596.74	0.00037232068614401426
1596.745	0.0003738178645824602
1596.75	0.00037593445288552105
1596.7549999999999	0.0003788040052192713
1596.7599999999998	0.0003815690531708841
1596.765	0.00038251129990961633
1596.77	0.00038212174758960174
1596.775	0.00038016108276468574
1596.78	0.0003772275583537307
1596.7849999999999	0.0003738375505576234
1596.79	0.0003712834035938838
1596.795	0.00036946451640793314
1596.8	0.0003686568730653684
1596.805	0.0003685530131395627
1596.81	0.0003698015665697606
1596.8149999999998	0.000371362559114704
1596.82	0.00037292532646070577
1596.825	0.0003752693198257457
1596.83	0.00037717076674898285
1596.835	0.0003787119639445442
1596.84	0.0003789131260379356
1596.8449999999998	0.00037852648675353734
1596.85	0.0003773559358052986
1596.855	0.00037574497578284955
1596.86	0.00037377745650749955
1596.865	0.0003722744007177709
1596.87	0.00037122749381948337
1596.8749999999998	0.00037204197702874343
1596.8799999999999	0.0003726339649405495
1596.885	0.00037421430155855633
1596.89	0.00037506356572523074
1596.895	0.00037593143266282595
1596.8999999999999	0.00037542707295859577
1596.905	0.0003746895005862441
1596.91	0.0003731383236219311
1596.915	0.000371081760151078
1596.92	0.0003698278438786615
1596.925	0.00037023263171518826
1596.9299999999998	0.0003709334909581937
1596.935	0.0003726294503175744
1596.94	0.00037365109870884504
1596.945	0.00037435348854197495
1596.95	0.00037389953241574763
1596.955	0.00037255198324354934
1596.9599999999998	0.0003705765115457825
1596.965	0.0003683231524840946
1596.97	0.00036608632754481734
1596.9750000000001	0.0003639400966315271
1596.98	0.0003624922400965479
1596.985	0.00036224091587268276
1596.9899999999998	0.000362072250938254
1596.995	0.00036415210468008504
1597	0.00036638328001407374
1597.005	0.000368803016674301
1597.01	0.0003698060228880955
1597.0149999999999	0.0003716074745862015
1597.02	0.000371780865895792
1597.0249999999999	0.00037101082071314183
1597.03	0.00036931812783957214
1597.035	0.00036705118223608486
1597.04	0.0003643608311460147
1597.0449999999998	0.0003621744887292462
1597.05	0.00036092127080152215
1597.0549999999998	0.0003605083425485054
1597.06	0.0003605517656489995
1597.065	0.00036146979689642776
1597.07	0.0003618085047412856
1597.0749999999998	0.0003613417867517797
1597.08	0.00035978743690110663
1597.085	0.00035756000870673356
1597.0900000000001	0.0003558005382327221
1597.095	0.0003542457128374509
1597.1	0.0003529699193161498
1597.1049999999998	0.0003520933593442752
1597.11	0.000351612940724115
1597.115	0.00035143250230502504
1597.1200000000001	0.00035159110564761967
1597.125	0.00035219426572915776
1597.1299999999999	0.000352389435329486
1597.135	0.00035207539105807674
1597.1399999999999	0.0003509122032791327
1597.145	0.00035016565055968993
1597.15	0.00034768724840691066
1597.155	0.00034639197580813025
1597.1599999999999	0.0003444418849217243
1597.165	0.00034324773150247554
1597.1699999999998	0.00034262773073654096
1597.175	0.00034294599451013927
1597.18	0.00034400777408450175
1597.185	0.00034556712575150125
1597.1899999999998	0.00034762529098952567
1597.195	0.00034998259422437916
1597.1999999999998	0.0003512515265471504
1597.2050000000002	0.00035091985621819134
1597.21	0.00034857583587182174
1597.215	0.0003447769961540128
1597.22	0.00034155388348271567
1597.225	0.000340067042073904
1597.23	0.00034004938150266034
1597.2350000000001	0.00034272715939699357
1597.24	0.0003454578831579731
1597.245	0.00034774418451892773
1597.25	0.00034833509093424176
1597.2549999999999	0.0003481076053536442
1597.26	0.00034642575460029103
1597.265	0.00034412101682910383
1597.27	0.00034167127903346733
1597.2749999999999	0.0003393905284409489
1597.28	0.00033796846409973365
1597.2849999999999	0.00033757000219220587
1597.29	0.0003383964960642842
1597.295	0.00034055073054856864
1597.3	0.0003422289810925646
1597.3049999999998	0.0003432100950340086
1597.31	0.0003425873887118618
1597.3149999999998	0.0003404390596271319
1597.3200000000002	0.00033701776898835287
1597.325	0.0003332935549393384
1597.33	0.000330276744155015
1597.335	0.0003278544819021942
1597.34	0.000325730431623698
1597.3449999999998	0.00032472300990538463
1597.3500000000001	0.00032540417625540107
1597.355	0.000326689024262946
1597.36	0.00032879725721890517
1597.365	0.00033109059895758587
1597.37	0.0003335494258886396
1597.375	0.0003351329981857053
1597.38	0.0003344473416479703
1597.385	0.00033187893612570736
1597.3899999999999	0.0003280550863334382
1597.395	0.0003249663017917961
1597.3999999999999	0.0003226817621301225
1597.405	0.00032191045457644345
1597.41	0.0003227332084362714
1597.415	0.0003244627168024864
1597.4199999999998	0.0003264138669023304
1597.425	0.0003280776358686805
1597.4299999999998	0.00033002083438399515
1597.4350000000002	0.0003302872659810924
1597.44	0.00032917648668723216
1597.445	0.00032679784517080697
1597.45	0.00032416459597408475
1597.455	0.0003215282159465662
1597.4599999999998	0.00031924332682254844
1597.4650000000001	0.0003181771574010557
1597.47	0.000318466656885254
1597.475	0.0003198106905883387
1597.48	0.00032214870762980514
1597.485	0.0003235264193685342
1597.4899999999998	0.0003260952042346448
1597.4950000000001	0.0003271437072289487
1597.5	0.00032744972612012817
1597.5049999999999	0.00032693757539586194
1597.51	0.0003251656824392385
1597.5149999999999	0.0003233301729729101
1597.52	0.00032117090518114105
1597.525	0.00031952254388820014
1597.53	0.0003182854735298287
1597.5349999999999	0.00031819103253612956
1597.54	0.0003208953955596243
1597.5449999999998	0.00032406110378971993
1597.55	0.0003270015696691843
1597.555	0.00032916867064781367
1597.56	0.0003288550274023755
1597.565	0.00032731289252201307
1597.57	0.00032508644970868477
1597.5749999999998	0.00032259182965347586
1597.5800000000002	0.0003202585734712704
1597.585	0.0003184782560270585
1597.59	0.00031788563088242097
1597.595	0.0003184815995427421
1597.6	0.0003198110584442794
1597.6049999999998	0.00032166720980476545
1597.6100000000001	0.0003232113003005979
1597.615	0.00032433099575067734
1597.62	0.0003238549521066222
1597.625	0.00032264177653214217
1597.6299999999999	0.0003207790469374752
1597.6349999999998	0.00031880495305508933
1597.64	0.00031705425129777766
1597.645	0.000316036145858724
1597.6499999999999	0.00031585469614812777
1597.655	0.00031577914669929564
1597.6599999999999	0.00031745313733225986
1597.665	0.0003190214763784137
1597.67	0.0003206706489441875
1597.675	0.0003218466210488265
1597.68	0.00032326820624981907
1597.685	0.00032324491213380613
1597.6899999999998	0.00032223631133865657
1597.695	0.00031953280092714614
1597.7	0.0003156019612756746
1597.705	0.0003111492415508343
1597.71	0.0003085895737326213
1597.715	0.0003079042166663453
1597.7199999999998	0.0003092823766429396
1597.725	0.0003125663647991558
1597.73	0.00031697703437927923
1597.735	0.00032123401295734103
1597.74	0.000324992085227803
1597.745	0.0003267787806657171
1597.7499999999998	0.0003262790040761286
1597.755	0.0003239062207747438
1597.76	0.0003208356410432899
1597.7649999999999	0.00031767209076313417
1597.77	0.00031526652880429985
1597.7749999999999	0.00031400824352665816
1597.78	0.0003143703360815039
1597.785	0.00031588841795237893
1597.79	0.00031912288537912735
1597.795	0.0003227392896939672
1597.8	0.0003263664492877753
1597.8049999999998	0.0003291831391650394
1597.81	0.0003311241328726167
1597.815	0.00033202689429652667
1597.82	0.0003318220871752578
1597.825	0.0003309589934979168
1597.83	0.0003299935321301941
1597.8349999999998	0.0003288763456871614
1597.84	0.0003272482656812631
1597.845	0.0003261745151008111
1597.85	0.0003260735302030508
1597.855	0.0003272299942414766
1597.86	0.000328846420977112
1597.8649999999998	0.000331179616063881
1597.87	0.0003332680825185651
1597.875	0.000334510801834755
1597.8799999999999	0.0003345167158068127
1597.885	0.00033302897149172915
1597.8899999999999	0.0003306678323244901
1597.895	0.0003279982890249662
1597.9	0.00032669166166736987
1597.905	0.0003268922214355781
1597.91	0.0003276660790394191
1597.915	0.00032910016095611414
1597.9199999999998	0.0003306653645766964
1597.925	0.00033170924944335407
1597.93	0.0003328055084084599
1597.935	0.0003323506972333844
1597.94	0.0003317033628527337
1597.945	0.00033024545735443016
1597.9499999999998	0.0003284954433043353
1597.955	0.0003266736757682575
1597.96	0.0003254321836809812
1597.965	0.00032503618741939284
1597.97	0.00032502719717655013
1597.975	0.0003256701510634401
1597.9799999999998	0.00032688799050065967
1597.985	0.00032899857538052946
1597.99	0.00032997534601961675
1597.995	0.0003316832249249529
1598	0.00033208580477765573
1598.0049999999999	0.00033190751960488857
1598.01	0.0003312100167109327
1598.0149999999999	0.00033010922665293663
1598.02	0.00032878386297267555
1598.025	0.0003275071327278259
1598.03	0.00032686632048448236
1598.0349999999999	0.00032708055309586874
1598.04	0.00032734034466512323
1598.045	0.0003297199433489962
1598.05	0.0003313469347646588
1598.055	0.0003325508667283591
1598.06	0.00033377533329863356
1598.0649999999998	0.0003331649954199226
1598.07	0.00033185415982910614
1598.075	0.00032954943298483565
1598.08	0.0003273614244644191
1598.085	0.00032574040009048525
1598.09	0.0003256113792878464
1598.095	0.0003260714766624767
1598.1	0.00032798029576065513
1598.105	0.0003299337286921254
1598.11	0.0003322765362959274
1598.115	0.00033436358734556775
1598.12	0.0003352490698577068
1598.125	0.0003355233693598483
1598.1299999999999	0.0003346952119292272
1598.135	0.00033327433552811017
1598.14	0.000331640445344992
1598.145	0.0003301236932768987
1598.1499999999999	0.00032881496152288803
1598.155	0.0003285567868740616
1598.1599999999999	0.00032935470287722443
1598.165	0.0003308671150265165
1598.17	0.00033225161836859487
1598.175	0.0003342414087607129
1598.1799999999998	0.00033574070158187057
1598.185	0.00033640455374510847
1598.1899999999998	0.0003358486058328562
1598.195	0.00033409005920337576
1598.2	0.0003305142726480837
1598.205	0.0003264388717131541
1598.21	0.00032355042057372605
1598.215	0.0003229264985010249
1598.22	0.0003241583320134342
1598.225	0.00032728473372800707
1598.23	0.0003299549274530769
1598.235	0.00033251870036504094
1598.24	0.00033301764823065965
1598.245	0.0003318975513370074
1598.25	0.00032939774216444117
1598.255	0.0003269114097278051
1598.26	0.00032469943997491595
1598.2649999999999	0.00032291437108015455
1598.27	0.0003222117583511111
1598.2749999999999	0.00032272499378319016
1598.28	0.00032439912548510533
1598.285	0.000327274713837159
1598.29	0.0003300333967460824
1598.2949999999998	0.0003324218856677481
1598.3	0.0003335452115654254
1598.3049999999998	0.0003329211050813694
1598.31	0.00033119406153206437
1598.315	0.0003286463803691137
1598.32	0.00032639633323707743
1598.325	0.00032504614689690816
1598.33	0.00032417074547219285
1598.3349999999998	0.00032430517853788553
1598.3400000000001	0.0003252243620900415
1598.345	0.0003264849627679266
1598.35	0.0003287612409660036
1598.355	0.0003301522947314836
1598.36	0.00033157988136180356
1598.365	0.0003318604765057808
1598.3700000000001	0.00033025137339507776
1598.375	0.00032788636361722997
1598.3799999999999	0.00032525191177162877
1598.385	0.0003230000152249297
1598.3899999999999	0.00032270032096809817
1598.395	0.00032489238090864465
1598.4	0.0003270420288535044
1598.405	0.00033051810129675844
1598.4099999999999	0.0003322118005157745
1598.415	0.00033305394775070234
1598.4199999999998	0.0003319762277738582
1598.425	0.0003298255287830463
1598.43	0.00032693239637149237
1598.435	0.0003240965797953654
1598.44	0.0003218867909520353
1598.445	0.00032040756224088377
1598.4499999999998	0.00032036045228538786
1598.4550000000002	0.00032151398237091334
1598.46	0.00032453863928850286
1598.465	0.00032797392504410106
1598.47	0.00033087129805567855
1598.475	0.00033233843057505895
1598.4799999999998	0.00033270997290706176
1598.4850000000001	0.0003318500970729291
1598.49	0.00033028071498267757
1598.495	0.0003287391499362376
1598.5	0.0003270410111830536
1598.5049999999999	0.0003255781662336745
1598.51	0.00032458945354832365
1598.515	0.0003245769271782817
1598.52	0.0003251480372322126
1598.5249999999999	0.00032700400989795354
1598.53	0.0003297966146067043
1598.5349999999999	0.00033336979605892345
1598.54	0.00033575664512108144
1598.545	0.0003374104416192364
1598.55	0.0003369187763987935
1598.555	0.0003357823195053902
1598.56	0.0003341330203327958
1598.5649999999998	0.00033395981881767484
1598.5700000000002	0.00033392554057677946
1598.575	0.0003348317402691493
1598.58	0.0003359936085111218
1598.585	0.0003372973277127751
1598.59	0.00033913997018787906
1598.5949999999998	0.0003400373172207412
1598.6000000000001	0.0003406263791327778
1598.605	0.00034061971149642787
1598.61	0.0003400305155347629
1598.615	0.00033900233047786695
1598.62	0.00033784682411534746
1598.6249999999998	0.0003373468774558307
1598.63	0.000336932344929804
1598.635	0.00033731466296073277
1598.6399999999999	0.0003379053148056197
1598.645	0.0003397372613693917
1598.6499999999999	0.00034028440972107136
1598.6549999999997	0.0003417661990460712
1598.66	0.0003429144063070447
1598.665	0.00034369121164101686
1598.67	0.00034404177146392633
1598.675	0.00034388367208777304
1598.6799999999998	0.0003436645047041179
1598.685	0.00034291341553867853
1598.69	0.00034193870293139605
1598.695	0.0003408664895689266
1598.7	0.00034023281391244535
1598.705	0.00034023149020723773
1598.7099999999998	0.0003418298746054484
1598.7150000000001	0.00034395102661542086
1598.72	0.00034616801224611194
1598.725	0.0003489314903538351
1598.73	0.00035002755121789076
1598.735	0.0003513860722726074
1598.7399999999998	0.00035159773540213035
1598.7450000000001	0.0003512354218136538
1598.75	0.0003504221182240016
1598.7549999999999	0.00035030361066734926
1598.76	0.00035018289057269696
1598.7649999999999	0.00035101803984120334
1598.7699999999998	0.00035208012536260897
1598.775	0.0003537184626446514
1598.78	0.0003552738709093521
1598.785	0.00035596270721138085
1598.79	0.00035617389396238106
1598.7949999999998	0.000355781396807668
1598.8	0.0003545868172920717
1598.805	0.0003530759901932464
1598.81	0.000351483834366952
1598.815	0.0003498703957666011
1598.82	0.0003502218943248328
1598.8249999999998	0.0003503699716371857
1598.83	0.00035151693712156634
1598.835	0.0003527819652887378
1598.84	0.0003544859575885237
1598.845	0.0003578274375671379
1598.85	0.00035969713553138437
1598.8549999999998	0.00036209817136354736
1598.86	0.00036223239166276774
1598.865	0.00036053269232592673
1598.87	0.00035715476461284975
1598.875	0.00035344320691391525
1598.8799999999999	0.00034972257057098836
1598.8849999999998	0.0003468436702401726
1598.89	0.00034648076587332177
1598.895	0.0003472655945757039
1598.9	0.0003506900238854941
1598.905	0.00035461686331069597
1598.9099999999999	0.0003582869740806389
1598.915	0.00036152557255480507
1598.92	0.0003636435688458842
1598.925	0.0003646860463286346
1598.93	0.0003648944580745177
1598.935	0.00036404600232601197
1598.9399999999998	0.00036299522639814656
1598.945	0.00036233650961667183
1598.95	0.0003620984935338626
1598.955	0.0003623440569739968
1598.96	0.00036364780637211663
1598.965	0.00036540440871519266
1598.9699999999998	0.00036693369749869384
1598.975	0.00036852683089161987
1598.98	0.0003697632452447638
1598.985	0.0003714033970602125
1598.99	0.00037076245383551676
1598.995	0.0003704777414146455
1598.9999999999998	0.00036967654054747727
1599.0049999999999	0.00036846616865471
1599.01	0.00036687794368848894
1599.015	0.00036634530087971065
1599.02	0.00036619814942662893
1599.0249999999999	0.0003664686073885922
1599.03	0.00036755076691700187
1599.035	0.00036923139533025896
1599.04	0.00037098005194078124
1599.045	0.00037271118888888654
1599.05	0.00037384570187200364
1599.0549999999998	0.0003736936501860412
1599.06	0.00037255301805708764
1599.065	0.0003701988055621647
1599.07	0.00036833727128885314
1599.075	0.0003667024898999405
1599.08	0.00036620175436251557
1599.0849999999998	0.0003663615746970014
1599.09	0.000367599971443937
1599.095	0.0003689674774762413
1599.1	0.0003704055283248996
1599.105	0.0003718645364297823
1599.11	0.0003726255831175703
1599.1149999999998	0.0003724724115485976
1599.12	0.0003716344628444635
1599.125	0.0003706194213381619
1599.13	0.00036917561313897857
1599.135	0.0003681225559501266
1599.1399999999999	0.00036702514680384007
1599.145	0.000367092060260429
1599.1499999999999	0.0003668658303020134
1599.155	0.0003685344119151876
1599.16	0.0003695143310906632
1599.165	0.00037076809513326666
1599.1699999999998	0.0003714124686137155
1599.175	0.0003717536169898826
1599.18	0.00037165252838752307
1599.185	0.000370665293473412
1599.19	0.0003693319757043484
1599.195	0.00036762179631176067
1599.1999999999998	0.0003657713219175685
1599.205	0.00036554784638784997
1599.21	0.0003660019919414599
1599.2150000000001	0.0003673405547527963
1599.22	0.00036836978293439614
1599.225	0.0003684486743544161
1599.2299999999998	0.000366523098838591
1599.235	0.0003632507843361223
1599.24	0.00035902609533698736
1599.2450000000001	0.0003543957876194476
1599.25	0.0003512986250639633
1599.2549999999999	0.0003509296594363065
1599.26	0.0003515054219940779
1599.2649999999999	0.0003551571483310459
1599.27	0.0003586833666424557
1599.275	0.00036251248420963414
1599.28	0.0003657401074387599
1599.2849999999999	0.00036733470184957496
1599.29	0.000367022448782502
1599.2949999999998	0.00036519088706230197
1599.3	0.00036162379187291955
1599.305	0.000357306972749781
1599.31	0.00035417354867090303
1599.3149999999998	0.0003518225641683539
1599.32	0.00035280083726190766
1599.3249999999998	0.0003548963808915809
1599.3300000000002	0.0003574331832294355
1599.335	0.000360538050014215
1599.34	0.0003619961479191778
1599.3449999999998	0.000363017385598124
1599.35	0.000361795176111931
1599.355	0.0003597405330480647
1599.3600000000001	0.00035644079211422244
1599.365	0.0003526433146554636
1599.37	0.0003487660112531083
1599.375	0.00034739412283870774
1599.3799999999999	0.00034757759638836687
1599.385	0.00034948744656311103
1599.39	0.0003523138120545567
1599.395	0.00035423601084994016
1599.3999999999999	0.0003548307421638686
1599.405	0.00035491174712944524
1599.4099999999999	0.0003536354114221147
1599.415	0.0003515321542891294
1599.42	0.00035054497545529195
1599.425	0.0003494624929375377
1599.4299999999998	0.0003497469300571731
1599.435	0.00035029190102291353
1599.4399999999998	0.0003511146639541753
1599.4450000000002	0.0003524135832556818
1599.45	0.00035388886470025303
1599.455	0.0003555987996704519
1599.46	0.00035741055462997753
1599.465	0.00035896516087948426
1599.4699999999998	0.00036012036561290547
1599.4750000000001	0.000360787337079613
1599.48	0.00036104573946044795
1599.485	0.0003615541208185821
1599.49	0.0003619589276067311
1599.495	0.00036247463388882023
1599.5	0.0003627501651571892
1599.505	0.0003625223017527619
1599.51	0.0003638032676632609
1599.5149999999999	0.0003644035864738449
1599.52	0.0003665572842778913
1599.5249999999999	0.00036819288987428834
1599.53	0.00037001707113751037
1599.535	0.0003719085127023564
1599.54	0.0003730652724727729
1599.5449999999998	0.00037268273707559326
1599.55	0.0003708555144720932
1599.5549999999998	0.00036947169501202754
1599.5600000000002	0.0003676952832220004
1599.565	0.00036722270173948526
1599.57	0.0003680718913358609
1599.575	0.0003691069920427226
1599.58	0.00036994334249836167
1599.5849999999998	0.00037102498803389517
1599.5900000000001	0.0003721246128166096
1599.595	0.00037289280555318605
1599.6	0.000373035688832866
1599.605	0.0003724362435833138
1599.61	0.00037124265342055733
1599.6149999999998	0.00036971678475081405
1599.6200000000001	0.00036819336626619554
1599.625	0.0003672255748184744
1599.6299999999999	0.0003667156944777374
1599.635	0.0003666442089436639
1599.6399999999999	0.000367233180229845
1599.645	0.0003676824870252358
1599.65	0.00036789892985457406
1599.655	0.0003683681803356018
1599.6599999999999	0.0003680370864458384
1599.665	0.00036794558925079096
1599.6699999999998	0.0003673326587535661
1599.675	0.0003662779289191732
1599.68	0.0003656282930627317
1599.685	0.0003641983866499273
1599.69	0.00036341183749145553
1599.695	0.0003627010395292246
1599.6999999999998	0.0003620881905012795
1599.7050000000002	0.00036270827041410576
1599.71	0.0003627422345054482
1599.715	0.0003623775869499466
1599.72	0.0003615709906236414
1599.725	0.00035977462012975136
1599.7299999999998	0.00035796472070404175
1599.7350000000001	0.0003564171747545504
1599.74	0.0003556689705559661
1599.745	0.0003555998594449102
1599.75	0.0003561506113313861
1599.7549999999999	0.0003577577449189109
1599.7599999999998	0.0003593528346760266
1599.765	0.00036114544895817765
1599.77	0.0003625240703030922
1599.7749999999999	0.0003630942546899181
1599.78	0.0003623195393496896
1599.7849999999999	0.00036089443921906574
1599.79	0.0003592912370001176
1599.795	0.0003575713974899303
1599.8	0.000356358221607525
1599.805	0.00035602600526472866
1599.81	0.0003570356857512277
1599.8149999999998	0.00035879367860968135
1599.82	0.000361475517212124
1599.825	0.0003646904103918388
1599.83	0.0003680072736877598
1599.835	0.000370605032221926
1599.84	0.00037350878703155065
1599.8449999999998	0.00037549413148100494
1599.85	0.0003762606743617206
1599.855	0.00037548617122558765
1599.86	0.0003732760080210696
1599.865	0.00036981028659480365
1599.87	0.00036656425385174144
1599.8749999999998	0.00036517198177077255
1599.88	0.00036503639288642105
1599.885	0.0003662900535636538
1599.8899999999999	0.000369113174481712
1599.895	0.0003723155573573597
1599.8999999999999	0.0003753435247889626
1599.905	0.0003765009239567991
1599.91	0.0003764236703577881
1599.915	0.00037454147443277816
1599.92	0.000372556022731778
1599.925	0.0003696506548997811
1599.9299999999998	0.00036747804857918714
1599.935	0.00036588966539773257
1599.94	0.00036523479508888224
1599.945	0.00036540134693616015
1599.95	0.0003661259147809484
1599.955	0.00036741570795753673
1599.9599999999998	0.00036946739077887904
1599.965	0.0003708083237815935
1599.97	0.0003714513398812773
1599.975	0.0003713628944950728
1599.98	0.00037097817569062275
1599.985	0.0003701551018292828
1599.9899999999998	0.00036923721373068025
1599.995	0.0003684853469161535
1600	0.0003677500567158193
1600.0049999999999	0.0003667589351191979
1600.01	0.00036533848822517897
1600.0149999999999	0.00036559138681760607
1600.02	0.00036534554885738206
1600.025	0.00036580477078230664
1600.03	0.00036564003048282994
1600.035	0.0003654965350790244
1600.04	0.00036483369897648754
1600.0449999999998	0.0003641866036177179
1600.05	0.0003629686093783112
1600.055	0.000361813992403967
1600.06	0.0003607998330364343
1600.065	0.000360394944300775
1600.07	0.0003608647063136741
1600.0749999999998	0.00036142410302293247
1600.08	0.00036208410849510416
1600.085	0.00036284217243496463
1600.09	0.00036379210663932193
1600.095	0.0003641158650941279
1600.1	0.0003640805782060886
1600.1049999999998	0.00036383690678702836
1600.11	0.00036346112037238554
1600.115	0.0003627906409870599
1600.12	0.0003623502052657849
1600.125	0.00036216110038228474
1600.1299999999999	0.0003620572662114969
1600.135	0.00036230705337818
1600.1399999999999	0.00036270494447856604
1600.145	0.00036338259787656335
1600.15	0.0003643747133918384
1600.155	0.0003649303568011241
1600.1599999999999	0.0003655621814877703
1600.165	0.000365376543284688
1600.17	0.0003646461670352416
1600.175	0.00036349887956510735
1600.18	0.0003619769256949212
1600.185	0.0003603811469426125
1600.1899999999998	0.0003585612341832092
1600.195	0.00035731844702648963
1600.2	0.00035769829056350163
1600.205	0.0003591738986498186
1600.21	0.00036092085546585384
1600.215	0.00036240302529719296
1600.2199999999998	0.00036249826430044844
1600.225	0.00036075105939819543
1600.23	0.0003579168722478329
1600.235	0.00035465262055621634
1600.24	0.00035188187027923086
1600.245	0.0003502255199561133
1600.25	0.00035079626779881877
1600.2549999999999	0.00035306793823277184
1600.26	0.00035500145291629873
1600.265	0.00035609906077629537
1600.27	0.00035507738639946177
1600.2749999999999	0.00035170639793961173
1600.28	0.0003461040773521032
1600.2849999999999	0.00033985497676549087
1600.29	0.00033430876343494684
1600.295	0.00033049454006503894
1600.3	0.00032870868704501884
1600.3049999999998	0.0003289490603783763
1600.31	0.00033105566513336047
1600.3149999999998	0.0003334413091850791
1600.32	0.0003362500918879827
1600.325	0.00033826862038523447
1600.33	0.0003387444295221283
1600.335	0.0003370528625571906
1600.34	0.00033515768578147457
1600.345	0.00033263056232615834
1600.35	0.0003309762526776186
1600.355	0.0003296472571329852
1600.36	0.00032865333175824277
1600.365	0.0003281169688589997
1600.37	0.0003280740579329201
1600.375	0.00032868829230353933
1600.38	0.00032953603222235267
1600.385	0.0003305074688741876
1600.3899999999999	0.00033260612025997054
1600.395	0.0003345770207007884
1600.3999999999999	0.0003366711894990043
1600.405	0.00033813435062271356
1600.41	0.0003388112134703501
1600.415	0.00033907814394210485
1600.4199999999998	0.0003392602450660428
1600.425	0.00033942002541135396
1600.4299999999998	0.00033991216207550595
1600.435	0.00034072187326427653
1600.44	0.00034173905817635536
1600.445	0.0003435429239822671
1600.45	0.0003456022018291632
1600.455	0.00034776593044358333
1600.4599999999998	0.000349329750248572
1600.465	0.00035011292673993807
1600.47	0.00035056023726471393
1600.475	0.0003499769891937821
1600.48	0.0003487725191676172
1600.485	0.00034732500785100153
1600.49	0.0003456759197299985
1600.4950000000001	0.00034430622130593783
1600.5	0.000343154953662408
1600.5049999999999	0.0003425865914686183
1600.51	0.00034281560680708093
1600.5149999999999	0.0003435308685067432
1600.52	0.0003451361715530866
1600.525	0.00034699517861034966
1600.53	0.0003485199248228964
1600.5349999999999	0.00034947874036344684
1600.54	0.0003487517984984175
1600.5449999999998	0.00034652172552637734
1600.55	0.00034346705707117707
1600.555	0.0003408230919107208
1600.56	0.000339517961608907
1600.565	0.0003393804708675113
1600.57	0.0003401076078055784
1600.5749999999998	0.0003404338424452114
1600.5800000000002	0.0003406231076207554
1600.585	0.0003402622841806282
1600.59	0.00033893570803831895
1600.595	0.00033752758161614295
1600.6	0.0003353081134696891
1600.6049999999998	0.0003330677317701979
1600.6100000000001	0.00033107533860780294
1600.615	0.00032955092680318743
1600.62	0.0003287850337044858
1600.625	0.00032876871628333105
1600.6299999999999	0.0003292384030577405
1600.635	0.0003301804623002892
1600.64	0.0003311782413557125
1600.645	0.00033172863891548204
1600.6499999999999	0.0003319384611005082
1600.655	0.0003312793222124509
1600.6599999999999	0.0003302262679369833
1600.665	0.0003286586922226199
1600.67	0.0003265074476669643
1600.675	0.00032562542378412245
1600.68	0.00032379458193043675
1600.685	0.00032326988779723866
1600.6899999999998	0.0003227735440291192
1600.6950000000002	0.00032264498131330543
1600.7	0.0003231035124027052
1600.705	0.0003233947561759768
1600.71	0.00032291014620751797
1600.715	0.00032200792614259216
1600.7199999999998	0.00032036557444826313
1600.7250000000001	0.00031885209791549565
1600.73	0.00031765301078350965
1600.735	0.0003172972894793747
1600.74	0.000317602260127315
1600.745	0.00031843278283739804
1600.7499999999998	0.0003200398588146896
1600.755	0.00032139261498330217
1600.76	0.0003223402072279583
1600.7649999999999	0.0003226498457122516
1600.77	0.0003221803167529887
1600.7749999999999	0.0003206846745521509
1600.78	0.00031856707214560065
1600.785	0.00031644118216092376
1600.79	0.00031469214752806966
1600.795	0.00031379551358770065
1600.8	0.0003141783266459613
1600.8049999999998	0.00031591398834716856
1600.81	0.00031808820398577576
1600.815	0.00032105749950856924
1600.82	0.00032389325880757797
1600.825	0.00032644958871535314
1600.83	0.00032807109039327136
1600.8349999999998	0.0003296867360890449
1600.8400000000001	0.0003300657806697109
1600.845	0.00032944159754762193
1600.85	0.0003275758301207133
1600.855	0.00032462306514555097
1600.86	0.00032127904034324567
1600.8649999999998	0.0003190776493567505
1600.8700000000001	0.000317875742684096
1600.875	0.0003177319354005822
1600.8799999999999	0.0003186462900931896
1600.885	0.0003193907942548564
1600.8899999999999	0.0003197970281736872
1600.8949999999998	0.0003194365768722647
1600.9	0.0003182702171927556
1600.905	0.00031645240588985
1600.91	0.0003145115795741828
1600.915	0.0003132436534807343
1600.9199999999998	0.0003115063562479816
1600.925	0.0003107378619458695
1600.93	0.0003100759883110696
1600.935	0.0003101131129729729
1600.94	0.00031041972522734
1600.945	0.0003106300032813198
1600.9499999999998	0.000310631345637738
1600.955	0.0003102836055338116
1600.96	0.00030948611218250323
1600.965	0.000308600619174244
1600.97	0.0003075929122737169
1600.975	0.0003059142468807747
1600.9799999999998	0.00030498889118158845
1600.985	0.00030432065108391265
1600.99	0.0003040543748131588
1600.995	0.00030402230649534677
1601	0.0003039696486907258
1601.0049999999999	0.0003041169089409702
1601.0099999999998	0.00030438546259670357
1601.015	0.0003047437792249261
1601.02	0.00030543747061723906
1601.025	0.00030610273670991653
1601.03	0.00030609842887111677
1601.0349999999999	0.000306690161672477
1601.04	0.00030666738227162765
1601.045	0.0003066633412213836
1601.05	0.0003068016827819616
1601.055	0.0003068313589402286
1601.06	0.00030746066036824117
1601.0649999999998	0.0003080219320624653
1601.07	0.0003087296194867171
1601.075	0.0003094108590514793
1601.08	0.0003099757545142823
1601.085	0.00031042236829900705
1601.09	0.00031004133820928945
1601.0949999999998	0.00030949404513542665
1601.1	0.000308761932192576
1601.105	0.0003076756397723337
1601.11	0.0003058590029461712
1601.115	0.00030521044405767923
1601.12	0.0003041938073960157
1601.1249999999998	0.00030400500415045216
1601.1299999999999	0.0003033026765776716
1601.135	0.00030378150615181375
1601.14	0.0003035642059644494
1601.145	0.000304149532243415
1601.1499999999999	0.00030438355313779244
1601.155	0.0003040540225118182
1601.16	0.0003023349277112626
1601.165	0.00030009289499266636
1601.17	0.00029693745172015504
1601.175	0.0002935091267015729
1601.1799999999998	0.0002902444712443868
1601.185	0.0002883818934137476
1601.19	0.0002883301805985169
1601.195	0.00029095242831005374
1601.2	0.00029319579339206353
1601.205	0.000293817988278542
1601.2099999999998	0.0002920783742815439
1601.215	0.00028833157023126055
1601.22	0.00028431750983960166
1601.225	0.0002812340733851844
1601.23	0.0002798430926193162
1601.235	0.0002795951697768326
1601.2399999999998	0.0002809165332395691
1601.245	0.00028192544022777967
1601.25	0.00028215441641509106
1601.255	0.00028159567157215844
1601.26	0.0002802085193672502
1601.2649999999999	0.0002782772723404279
1601.27	0.00027620824441911354
1601.2749999999999	0.0002745799867889304
1601.28	0.00027365412118253636
1601.285	0.00027315925202556435
1601.29	0.0002726397328903921
1601.2949999999998	0.00027243495660461903
1601.3	0.0002725820450837175
1601.305	0.00027274558666907407
1601.31	0.0002732725672556137
1601.315	0.0002740191975122661
1601.32	0.0002746192126066199
1601.3249999999998	0.0002748051576822249
1601.33	0.00027531723874268477
1601.335	0.00027557209560561107
1601.34	0.0002755390095084985
1601.345	0.0002753137340673277
1601.35	0.00027522977706062146
1601.3549999999998	0.00027497132113569995
1601.36	0.00027498508555055974
1601.365	0.0002757475645709398
1601.3700000000001	0.00027690309358998017
1601.375	0.00027879492698646254
1601.3799999999999	0.0002802238157241793
1601.385	0.0002814166212773742
1601.3899999999999	0.00028097534265983593
1601.395	0.00027951691334504385
1601.4	0.0002766984658961738
1601.405	0.00027353995295710515
1601.4099999999999	0.00027097467963155107
1601.415	0.0002691735652471644
1601.4199999999998	0.0002685517304199445
1601.425	0.0002690494247781886
1601.43	0.00027086729397169843
1601.435	0.0002729925742689149
1601.4399999999998	0.00027551052756423126
1601.445	0.00027770595532802106
1601.4499999999998	0.000278896757205306
1601.4550000000002	0.0002788922925233917
1601.46	0.00027767446736256114
1601.465	0.0002757147384096107
1601.4699999999998	0.0002732186956171917
1601.475	0.0002711868053691739
1601.48	0.00026955176568817593
1601.4850000000001	0.00026859400680431404
1601.49	0.000268189100674437
1601.495	0.0002687585534694094
1601.5	0.00027009805945026283
1601.5049999999999	0.00027171601883668094
1601.51	0.0002734014075777911
1601.515	0.00027451347732195626
1601.52	0.00027427985930676186
1601.5249999999999	0.00027312180756933305
1601.53	0.00027059884914232816
1601.5349999999999	0.0002676667415157859
1601.54	0.00026497208449375437
1601.545	0.0002631512961182943
1601.55	0.00026278090641947724
1601.5549999999998	0.0002635489301776845
1601.56	0.00026499693358133874
1601.5649999999998	0.00026611165747298933
1601.5700000000002	0.00026657403203461996
1601.575	0.0002670210267306819
1601.58	0.00026626258461356613
1601.5849999999998	0.0002650222068312431
1601.59	0.00026342918703886435
1601.5949999999998	0.00026168815069113106
1601.6000000000001	0.00026011911799181663
1601.605	0.00025872424410731325
1601.61	0.0002582537321816143
1601.615	0.0002582208115547515
1601.62	0.00025873709804040694
1601.625	0.00025964657966369594
1601.63	0.0002608935030681948
1601.635	0.0002619671217638784
1601.6399999999999	0.0002625239490110857
1601.645	0.00026285858609681847
1601.6499999999999	0.000262636196694991
1601.655	0.00026203174156108166
1601.66	0.0002612296198755575
1601.665	0.00026026552176651723
1601.6699999999998	0.000259768377464558
1601.675	0.00025894439721999165
1601.6799999999998	0.0002587671726254712
1601.6850000000002	0.00025863221379961496
1601.69	0.00025851658749184654
1601.695	0.0002586931988035379
1601.7	0.00025813423401864727
1601.705	0.0002567598063909779
1601.7099999999998	0.00025506873391234225
1601.7150000000001	0.00025276365824314123
1601.72	0.0002520122129175711
1601.725	0.0002522649153718018
1601.73	0.0002534307844064448
1601.735	0.00025495718692222373
1601.7399999999998	0.00025663194351719347
1601.7450000000001	0.0002583055652005115
1601.75	0.00025920517048820427
1601.7549999999999	0.0002595605763652931
1601.76	0.0002587562850350854
1601.7649999999999	0.00025657934387814265
1601.77	0.0002531743024044265
1601.775	0.00024973707224794096
1601.78	0.00024684854371307454
1601.7849999999999	0.00024470516111528025
1601.79	0.00024409877991648306
1601.7949999999998	0.0002449769897977963
1601.8	0.000246606970231915
1601.805	0.0002494811048841424
1601.81	0.0002517954470781564
1601.815	0.0002543448348341135
1601.82	0.0002558965908959253
1601.8249999999998	0.00025744272681081523
1601.8300000000002	0.00025803894753538364
1601.835	0.00025764052915584957
1601.84	0.0002564794087562701
1601.845	0.0002542227405065702
1601.85	0.00025130628546744875
1601.8549999999998	0.00024888696900612363
1601.8600000000001	0.00024739949491528175
1601.865	0.0002471079309252314
1601.87	0.000248145843177568
1601.875	0.0002492162384134064
1601.8799999999999	0.00025031026901426573
1601.8849999999998	0.0002507173922063051
1601.89	0.00025059026137161307
1601.895	0.0002500890457648193
1601.8999999999999	0.00024896388164358945
1601.905	0.00024846962601900613
1601.9099999999999	0.00024788447530079414
1601.915	0.00024764763755613276
1601.92	0.00024773087450774214
1601.925	0.00024792322664671327
1601.93	0.00024842126480455824
1601.935	0.00024879767434511765
1601.9399999999998	0.00024908102875912037
1601.945	0.00024899263895539
1601.95	0.00024851661576284463
1601.955	0.00024774750137005743
1601.96	0.00024711044885400814
1601.965	0.00024666121662948016
1601.9699999999998	0.0002459232475955344
1601.9750000000001	0.0002462160923447531
1601.98	0.0002462721965572149
1601.985	0.000246614352143452
1601.99	0.00024686512698069227
1601.995	0.0002473489061390372
1601.9999999999998	0.0002481061364199472
1602.005	0.0002486887757907141
1602.01	0.00024916492268918993
1602.0149999999999	0.0002494663910652076
1602.02	0.0002493075492260913
1602.0249999999999	0.00024812212186959475
1602.03	0.000247405727797943
1602.035	0.00024641616369241564
1602.04	0.00024553510341884924
1602.045	0.000244964360514269
1602.05	0.0002452781052543246
1602.0549999999998	0.0002460146159936863
1602.06	0.00024706390247168126
1602.065	0.0002481246547299
1602.07	0.0002486861485014209
1602.075	0.00024917478796098364
1602.08	0.0002493131034366438
1602.0849999999998	0.0002484853636874422
1602.09	0.00024715154513427694
1602.095	0.0002450312810688298
1602.1	0.00024291572523776043
1602.105	0.000241234303021899
1602.11	0.0002404034569506102
1602.1149999999998	0.00024040096564430864
1602.12	0.00024112983125723967
1602.125	0.00024205603697975174
1602.1299999999999	0.00024330293695197736
1602.135	0.00024348502452827103
1602.1399999999999	0.000243333388261081
1602.145	0.00024244103719688994
1602.15	0.00024107530986665235
1602.155	0.0002391305956849144
1602.16	0.00023727416294001466
1602.165	0.00023593509860946843
1602.1699999999998	0.0002352471476253251
1602.175	0.00023643841657676313
1602.18	0.00023865308877364075
1602.185	0.00024075559332940977
1602.19	0.0002420270768122983
1602.195	0.00024102503114182704
1602.1999999999998	0.0002383044539256005
1602.205	0.0002356153722677585
1602.21	0.000233772127340788
1602.215	0.00023305549249991747
1602.22	0.0002335530027452842
1602.225	0.00023459232347935094
1602.2299999999998	0.00023580747165630837
1602.235	0.00023671382642578023
1602.24	0.00023751545815374345
1602.245	0.00023744924693945414
1602.25	0.00023733545097321114
1602.2549999999999	0.0002371924135913301
1602.26	0.00023681209009319593
1602.2649999999999	0.00023613288812703292
1602.27	0.00023559514561866175
1602.275	0.0002354138511281013
1602.28	0.0002355738250970432
1602.2849999999999	0.0002359780606987151
1602.29	0.00023630373476817365
1602.295	0.00023716630592575253
1602.3	0.00023831119182611709
1602.305	0.00023939208258820217
1602.31	0.0002407293378221361
1602.3149999999998	0.0002419035405988677
1602.32	0.0002428514168802057
1602.325	0.00024327776920221648
1602.33	0.00024346589687290922
1602.335	0.00024338352921778663
1602.34	0.0002429714913103622
1602.3449999999998	0.000242458450938356
1602.35	0.0002422166872170264
1602.355	0.00024197302707036462
1602.36	0.0002427089680341356
1602.365	0.0002441262043240179
1602.37	0.0002458047928946353
1602.375	0.00024725561782737025
1602.3799999999999	0.0002476223453413697
1602.385	0.00024720695081674964
1602.39	0.0002462502306230517
1602.395	0.00024428431240086586
1602.3999999999999	0.00024192040011645672
1602.405	0.00024023029272355747
1602.4099999999999	0.0002395471521458276
1602.415	0.00024028882515835184
1602.42	0.0002417374784942914
1602.425	0.00024345789926448683
1602.4299999999998	0.0002451096831123567
1602.435	0.00024622341512018454
1602.44	0.00024667949756513447
1602.445	0.00024644444378593824
1602.45	0.00024527058600914747
1602.455	0.00024391476132276535
1602.4599999999998	0.0002418845939673532
1602.465	0.00024065314227993898
1602.47	0.00023997910626094427
1602.475	0.00024011038979784795
1602.48	0.0002405966421376627
1602.485	0.0002414763686489764
1602.49	0.0002435561696166821
1602.495	0.0002453740740852822
1602.5	0.000247284107882366
1602.505	0.00024813637161872547
1602.51	0.0002481834461517863
1602.5149999999999	0.0002468491029920624
1602.52	0.0002450660603447771
1602.5249999999999	0.00024329223132989292
1602.53	0.00024188282876249308
1602.535	0.00024086182518595365
1602.54	0.0002411015091651956
1602.5449999999998	0.00024169856284478097
1602.55	0.00024380288871593856
1602.5549999999998	0.0002453093622659075
1602.56	0.00024663348525111366
1602.565	0.0002468852463954748
1602.57	0.000246805575475726
1602.5749999999998	0.00024629147279683265
1602.58	0.0002453640549462061
1602.5849999999998	0.00024431474338637934
1602.59	0.0002434651914513324
1602.595	0.00024294114687654371
1602.6	0.0002434824467580753
1602.605	0.00024389050462467787
1602.61	0.00024481057669854735
1602.615	0.00024568057352374756
1602.6200000000001	0.00024615947133707725
1602.625	0.0002464404679549856
1602.6299999999999	0.0002460311290585583
1602.635	0.0002446902220414064
1602.6399999999999	0.00024347119484578354
1602.645	0.00024218555469675542
1602.65	0.00024121626556055563
1602.655	0.00024044574836816412
1602.6599999999999	0.00023970328108971614
1602.665	0.00023962120118261525
1602.6699999999998	0.00024018372794667225
1602.675	0.0002406763739512552
1602.68	0.00024180147511130665
1602.685	0.00024263077448961057
1602.69	0.00024319172913034735
1602.695	0.00024320300547066344
1602.6999999999998	0.0002425405812533821
1602.705	0.00024103375562682802
1602.71	0.00023915771192438608
1602.715	0.0002381741295081882
1602.72	0.00023801102363001794
1602.725	0.00023957356937857
1602.7299999999998	0.00024210687775395049
1602.7350000000001	0.0002450331194944198
1602.74	0.00024803794967981753
1602.745	0.0002508547968040251
1602.75	0.0002526800333327028
1602.7549999999999	0.0002536712965350549
1602.76	0.00025391406474851053
1602.765	0.0002534811379915814
1602.77	0.0002526171426498558
1602.7749999999999	0.000251536009981744
1602.78	0.00025123911836571734
1602.7849999999999	0.00025147364140566236
1602.79	0.000252599861254423
1602.795	0.00025436271455120965
1602.8	0.0002560648002245118
1602.805	0.0002580819016494368
1602.81	0.00025926334464903677
1602.8149999999998	0.0002600857726188547
1602.82	0.000259812876919004
1602.825	0.0002589590349204465
1602.83	0.00025786371332660855
1602.835	0.00025666053345523086
1602.84	0.00025572735663191576
1602.8449999999998	0.0002550927675687832
1602.8500000000001	0.0002548205742390136
1602.855	0.0002554206898535684
1602.86	0.00025654991598833907
1602.865	0.00025800846570702416
1602.87	0.00025900425978046555
1602.8749999999998	0.00025946202002544936
1602.88	0.0002589933575449668
1602.885	0.0002578409962955158
1602.8899999999999	0.0002566219691278499
1602.895	0.0002557852370875472
1602.8999999999999	0.00025510980687840285
1602.905	0.00025544684333604476
1602.91	0.00025595271155149046
1602.915	0.0002568235305732001
1602.92	0.0002580848717116901
1602.925	0.00025922765104997576
1602.9299999999998	0.00026024488010346604
1602.935	0.00026092361923468044
1602.94	0.00026133484121297054
1602.945	0.0002616738869599406
1602.95	0.00026148848062128505
1602.955	0.0002609951518847417
1602.9599999999998	0.0002606786282346244
1602.9650000000001	0.0002607341368376004
1602.97	0.00026114746327359666
1602.975	0.00026198107426494293
1602.98	0.00026314315747958
1602.985	0.00026421337079169624
1602.9899999999998	0.0002654585210095337
1602.9950000000001	0.0002660213594630688
1603	0.00026720552093127296
1603.0049999999999	0.0002677382725800731
1603.01	0.00026821818947915684
1603.0149999999999	0.00026830830029211955
1603.0199999999998	0.00026814576867478703
1603.025	0.00026723354095694533
1603.03	0.00026661229771856313
1603.035	0.0002662879837670439
1603.04	0.00026655950315956857
1603.0449999999998	0.00026732373730340933
1603.05	0.00026841806547344267
1603.055	0.00026957634048344016
1603.06	0.00027020897955545744
1603.065	0.00026991054016438956
1603.07	0.00026838258042314537
1603.0749999999998	0.00026641853028212836
1603.08	0.00026401012577143045
1603.085	0.00026172682588125053
1603.09	0.0002598424483532352
1603.095	0.0002584172950610844
1603.1	0.0002580201788951361
1603.1049999999998	0.0002590169602022546
1603.11	0.00026140562769667945
1603.115	0.0002641151654142506
1603.12	0.00026590893948788915
1603.125	0.00026663468965363137
1603.1299999999999	0.0002658928979607354
1603.1349999999998	0.00026390552990150894
1603.14	0.00026186407667622266
1603.145	0.00025973917678214636
1603.15	0.00025782636665083573
1603.155	0.0002563635287580312
1603.1599999999999	0.0002552639738268023
1603.165	0.0002562192204500724
1603.17	0.0002576400484289317
1603.175	0.0002597051077288476
1603.18	0.0002617201091685818
1603.185	0.0002625568194271718
1603.1899999999998	0.00026150322641664553
1603.195	0.0002592067182012232
1603.2	0.00025692138832482576
1603.205	0.0002554098712286248
1603.21	0.0002547710142964349
1603.215	0.00025540489572379265
1603.2199999999998	0.0002566830147553883
1603.225	0.000257923886614561
1603.23	0.0002588730948984068
1603.235	0.0002590668715627823
1603.24	0.0002592306652160502
1603.245	0.00025907679931734334
1603.2499999999998	0.00025874306447803974
1603.2549999999999	0.0002587126661298403
1603.26	0.00025867798014755363
1603.265	0.00025866315728084233
1603.27	0.00025868154937115206
1603.2749999999999	0.0002592626001609761
1603.28	0.00026023893321579824
1603.285	0.00026121173401687085
1603.29	0.0002622354096561483
1603.295	0.0002635660718316201
1603.3	0.000264581030024932
1603.3049999999998	0.0002661575345756379
1603.31	0.0002669852690721919
1603.315	0.00026779792739612177
1603.32	0.0002679896424241005
1603.325	0.00026778840492944726
1603.33	0.0002674435875138019
1603.3349999999998	0.0002665162104895236
1603.34	0.0002655408044151402
1603.345	0.00026501815346413897
1603.35	0.00026556261555739656
1603.355	0.00026724549897266635
1603.36	0.0002696591443397136
1603.3649999999998	0.0002721820777228637
1603.37	0.00027425405721152754
1603.375	0.00027445130518423226
1603.38	0.0002734931916139704
1603.385	0.00027158084562919975
1603.3899999999999	0.00026952406626062913
1603.395	0.0002674093486620993
1603.3999999999999	0.00026565934916606966
1603.405	0.0002655141834367485
1603.41	0.00026637309556542084
1603.415	0.0002686444255891965
1603.4199999999998	0.0002714685868032732
1603.425	0.0002743606926144726
1603.43	0.00027635669066909446
1603.435	0.00027706898974406107
1603.44	0.00027656311923491547
1603.445	0.00027518344480864345
1603.4499999999998	0.0002732050271254399
1603.455	0.0002713187058977617
1603.46	0.000269810792324941
1603.465	0.00026898196119564234
1603.47	0.00026909330809097947
1603.475	0.00026981924556184985
1603.4799999999998	0.0002710437690322167
1603.485	0.0002725200600792488
1603.49	0.00027445790646876884
1603.4950000000001	0.00027638064014226256
1603.5	0.00027803095127832214
1603.5049999999999	0.0002784890807048934
1603.51	0.0002776632714997194
1603.5149999999999	0.0002758652575709449
1603.52	0.0002746005329391394
1603.525	0.0002734189552490853
1603.53	0.0002730651304665769
1603.5349999999999	0.0002733648944405167
1603.54	0.00027423174429110536
1603.5449999999998	0.0002759137353002095
1603.55	0.0002774829002630547
1603.555	0.0002788818365633728
1603.56	0.00027917464547047994
1603.5649999999998	0.0002786433579279415
1603.57	0.0002775718820801521
1603.5749999999998	0.00027628784753845837
1603.58	0.0002752329701513511
1603.585	0.0002744931094237484
1603.59	0.0002742675164949805
1603.5949999999998	0.00027429344178927834
1603.6	0.0002749253719884143
1603.605	0.0002759019291264205
1603.6100000000001	0.0002763384233505669
1603.615	0.0002768007979121811
1603.62	0.00027645576453043245
1603.625	0.00027591701517870897
1603.6299999999999	0.0002751849083772015
1603.635	0.0002743419702976486
1603.64	0.0002734905425443424
1603.645	0.0002727446401415398
1603.6499999999999	0.0002720930013903151
1603.655	0.00027151460130779245
1603.6599999999999	0.00027179165235423304
1603.665	0.0002717345813797384
1603.67	0.0002724884826430358
1603.675	0.0002731603471561344
1603.6799999999998	0.00027327506694858764
1603.685	0.0002726439417919853
1603.6899999999998	0.00027176609165311245
1603.695	0.0002707736187615108
1603.7	0.0002697576366015526
1603.705	0.0002695141735549794
1603.7099999999998	0.0002693390599447533
1603.715	0.0002709543910515624
1603.7199999999998	0.00027326711209255854
1603.7250000000001	0.00027622307371997725
1603.73	0.00027843069652779
1603.735	0.0002797571479158747
1603.74	0.0002799957701393499
1603.745	0.0002791180448612565
1603.75	0.00027720956760290526
1603.755	0.0002747058713567278
1603.76	0.0002719707426430608
1603.7649999999999	0.0002691513650365194
1603.77	0.00026840074136091294
1603.7749999999999	0.0002685496739774636
1603.78	0.00027010167495235764
1603.785	0.0002724874915401057
1603.79	0.00027529311737812265
1603.7949999999998	0.00027834861919476045
1603.8	0.00028143714416622713
1603.8049999999998	0.00028372778095319973
1603.8100000000002	0.0002849692123027653
1603.815	0.00028441553142171343
1603.82	0.0002826458977015065
1603.8249999999998	0.00027968697362725767
1603.83	0.00027648793259915714
1603.8349999999998	0.00027374309200286535
1603.8400000000001	0.0002718751553945665
1603.845	0.0002717991662240006
1603.85	0.00027329769285673974
1603.855	0.0002753401749805456
1603.86	0.000277631174997353
1603.8649999999998	0.00027945232747986936
1603.8700000000001	0.00028024942443825683
1603.875	0.0002801603288350208
1603.8799999999999	0.00027953661646197396
1603.885	0.000278413269725156
1603.8899999999999	0.0002772964775745924
1603.895	0.000276617308190079
1603.9	0.00027635381967783756
1603.905	0.0002772499411443888
1603.9099999999999	0.00027825176523934366
1603.915	0.0002791873264535224
1603.9199999999998	0.0002801753681797164
1603.925	0.00028105658881678403
1603.93	0.0002817819365122152
1603.935	0.00028229379369475746
1603.9399999999998	0.00028210094398538544
1603.945	0.0002816380111821883
1603.9499999999998	0.0002815512722920817
1603.9550000000002	0.0002809385022432144
1603.96	0.00028082224993209
1603.965	0.0002810974936269648
1603.97	0.00028186949176185885
1603.975	0.00028296607129852725
1603.9799999999998	0.00028388999380772075
1603.9850000000001	0.0002848824461523909
1603.99	0.00028598547613834245
1603.995	0.000286769239878461
1604	0.00028737004477673566
1604.0049999999999	0.0002875925351759399
1604.0099999999998	0.00028695842508548686
1604.015	0.00028586027548808496
1604.02	0.00028444649831257
1604.0249999999999	0.0002832866945390646
1604.03	0.0002821413352464986
1604.0349999999999	0.00028164382029006215
1604.04	0.00028215463983963875
1604.045	0.0002832040146525216
1604.05	0.00028414029209934493
1604.055	0.000284212298258829
1604.06	0.00028345178072575303
1604.0649999999998	0.0002821579908811061
1604.07	0.0002799064316664097
1604.075	0.0002775338270865432
1604.08	0.0002750253857354838
1604.085	0.00027310255606139615
1604.09	0.0002722204891230498
1604.0949999999998	0.000272402573734239
1604.1000000000001	0.00027362908319728945
1604.105	0.00027496452291648896
1604.11	0.00027583043048301796
1604.115	0.00027626121758006906
1604.12	0.0002750250607925485
1604.1249999999998	0.0002727029466789749
1604.13	0.00026951968031170277
1604.135	0.00026588391133353925
1604.1399999999999	0.00026210794629895275
1604.145	0.00025924106134901626
1604.1499999999999	0.0002577310469915521
1604.155	0.0002578779387903662
1604.16	0.0002594972394333316
1604.165	0.00026196088281703166
1604.17	0.000264980369984129
1604.175	0.000267312057381635
1604.1799999999998	0.00026841224088544683
1604.185	0.0002678297184713802
1604.19	0.0002662996287589754
1604.195	0.0002640102701946213
1604.2	0.0002628552322590013
1604.205	0.00026282821031310824
1604.2099999999998	0.00026394396466296094
1604.215	0.00026510451819689224
1604.22	0.00026584664555605976
1604.225	0.00026689491385652707
1604.23	0.00026749777896800274
1604.235	0.00026788567241900523
1604.2399999999998	0.00026824738890281256
1604.245	0.000268342208290582
1604.25	0.0002682188933537799
1604.2549999999999	0.0002676023940535709
1604.26	0.0002673026102107101
1604.2649999999999	0.0002673964647585927
1604.27	0.000267719913352172
1604.275	0.0002680905593827262
1604.28	0.00026868646040588727
1604.285	0.00026963303232490347
1604.29	0.00027064300922425275
1604.2949999999998	0.0002720733307633632
1604.3	0.00027327969992481746
1604.305	0.00027433207950383067
1604.31	0.0002746153656490382
1604.315	0.0002747822758277385
1604.32	0.00027406734596232185
1604.3249999999998	0.0002731222123733105
1604.33	0.00027181098609736396
1604.335	0.0002701498310402209
1604.34	0.000268396761015239
1604.345	0.0002680843462837205
1604.35	0.0002685007376348921
1604.3549999999998	0.0002702338193275169
1604.36	0.0002717921902787215
1604.365	0.00027334204418848576
1604.37	0.0002729382228880238
1604.375	0.00027167742322725495
1604.3799999999999	0.00026885182318657784
1604.385	0.00026589964445672344
1604.3899999999999	0.00026402119197981786
1604.395	0.000262951652196109
1604.4	0.0002626904075312933
1604.405	0.00026286448123993974
1604.4099999999999	0.0002637085269524898
1604.415	0.0002645422518351161
1604.42	0.00026527023856838007
1604.425	0.0002653282587354152
1604.43	0.000264514251078225
1604.435	0.0002630318208599628
1604.4399999999998	0.0002610476610458404
1604.445	0.0002591312809342127
1604.45	0.00025783122644058235
1604.455	0.0002577655564019748
1604.46	0.00025851028944975154
1604.465	0.00025971437006648557
1604.4699999999998	0.00026107447304763424
1604.475	0.0002630646583923415
1604.48	0.00026491754532866383
1604.485	0.0002666940746063674
1604.49	0.0002665400284218042
1604.495	0.0002650288458047843
1604.5	0.00026154569180530804
1604.5049999999999	0.0002573384806057223
1604.51	0.0002539682455809961
1604.515	0.00025219159395067285
1604.52	0.0002527589360371501
1604.5249999999999	0.0002557375452476444
1604.53	0.00025906672237769387
1604.5349999999999	0.00026257949483952166
1604.54	0.000265567891481411
1604.545	0.0002674331743631089
1604.55	0.0002681218811791637
1604.5549999999998	0.00026785035837591226
1604.56	0.00026662650916417486
1604.565	0.000264779990399748
1604.57	0.0002628162357152365
1604.575	0.0002609239721839451
1604.58	0.0002594911526205259
1604.5849999999998	0.0002589282489580305
1604.59	0.00025943846495187536
1604.595	0.00026083100886105983
1604.6	0.00026252138579204045
1604.605	0.0002639582990576207
1604.61	0.00026526693965385565
1604.615	0.0002657902976810363
1604.62	0.0002657679002520718
1604.625	0.000265320922711968
1604.63	0.0002645049505744509
1604.635	0.00026340946384406
1604.6399999999999	0.00026202087883882535
1604.645	0.00026073208844914423
1604.6499999999999	0.0002596446852588032
1604.655	0.0002590946885390175
1604.66	0.0002588659772457602
1604.665	0.00025913416888590017
1604.6699999999998	0.0002600783181495455
1604.675	0.0002614189342614172
1604.6799999999998	0.0002618038455383851
1604.685	0.0002615232370512754
1604.69	0.0002606169509554959
1604.695	0.0002597260651925925
1604.6999999999998	0.00025893197543930285
1604.705	0.0002586179180070756
1604.7099999999998	0.0002586179180070756
1604.715	0.00025875314704208724
1604.72	0.0002591838667041557
1604.725	0.0002596786224231542
1604.73	0.0002597871876710931
1604.735	0.000259746984770642
1604.74	0.00025914732177120624
1604.7450000000001	0.0002581374996983658
1604.75	0.0002561172289645333
1604.7549999999999	0.0002542780623179845
1604.76	0.00025286983401053145
1604.7649999999999	0.0002525015908003712
1604.77	0.00025264186837574735
1604.775	0.00025393397232701146
1604.78	0.0002550600102167681
1604.7849999999999	0.0002567591733426019
1604.79	0.000258471169582837
1604.7949999999998	0.000259921720926956
1604.8	0.000261104678458657
1604.805	0.00026177192047517514
1604.81	0.0002619660440103017
1604.8149999999998	0.0002613282005083394
1604.82	0.000259632666716568
1604.8249999999998	0.00025790275078878337
1604.83	0.00025647197493396367
1604.835	0.0002568274563934364
1604.84	0.00025804408342707116
1604.845	0.00026070931372636897
1604.85	0.00026321316405570716
1604.8549999999998	0.00026529718841112205
1604.8600000000001	0.0002667769045817733
1604.865	0.0002673355314355403
1604.87	0.00026692395598849363
1604.875	0.00026594762485104194
1604.8799999999999	0.0002651347823145473
1604.885	0.00026482352940909276
1604.89	0.00026464575994164307
1604.895	0.00026499275616010293
1604.8999999999999	0.0002658372821050883
1604.905	0.00026708545204146065
1604.9099999999999	0.00026769445132197113
1604.915	0.0002677817984435544
1604.92	0.00026746485505000863
1604.925	0.00026684531212786564
1604.93	0.0002658651621874351
1604.935	0.00026457402856283044
1604.9399999999998	0.00026329098961083247
1604.945	0.00026215460835283204
1604.95	0.00026192976820850093
1604.955	0.0002619588453408242
1604.96	0.0002623325207860432
1604.965	0.0002627372275405402
1604.9699999999998	0.0002636110501640943
1604.9750000000001	0.0002646277418260837
1604.98	0.0002657956796112123
1604.985	0.0002668534524043937
1604.99	0.0002672247517606243
1604.995	0.00026656153827065
1604.9999999999998	0.00026476695163923805
1605.005	0.0002623615749265446
1605.01	0.000259126807808664
1605.0149999999999	0.0002567513566353893
1605.02	0.0002543444571698002
1605.0249999999999	0.0002540766485771191
1605.03	0.0002552858490408419
1605.035	0.0002575198511603408
1605.04	0.00025951405137766153
1605.045	0.000260679463850972
1605.05	0.0002608792473194381
1605.0549999999998	0.00025936445041057016
1605.06	0.0002570129410501835
1605.065	0.0002536262402986932
1605.07	0.0002501865706027983
1605.075	0.00024759475196135594
1605.08	0.0002471085648146923
1605.0849999999998	0.00024751947185483843
1605.0900000000001	0.0002490275728090768
1605.095	0.0002507543630223731
1605.1	0.00025273855769035637
1605.105	0.00025448116022016307
1605.11	0.0002549591028909576
1605.1149999999998	0.00025500881391371294
1605.1200000000001	0.0002537326658771374
1605.125	0.0002518028636145242
1605.1299999999999	0.00024888245507079975
1605.135	0.00024636431559078696
1605.1399999999999	0.000244352939044632
1605.1449999999998	0.00024371092465840132
1605.15	0.00024443989021695126
1605.155	0.00024636826893820386
1605.16	0.00024865636029359204
1605.165	0.0002512322041134009
1605.1699999999998	0.00025187443904096685
1605.175	0.0002515557212793875
1605.18	0.00025058247848829885
1605.185	0.00024956144392925374
1605.19	0.0002490898114209625
1605.195	0.00024942357551099636
1605.1999999999998	0.0002504651075585373
1605.205	0.0002517253979536572
1605.21	0.00025292435184031585
1605.215	0.00025416726777268377
1605.22	0.00025516728032001253
1605.225	0.0002557632298506027
1605.2299999999998	0.00025612485964746036
1605.2350000000001	0.0002562578883885183
1605.24	0.0002563086332503484
1605.245	0.00025635477603353337
1605.25	0.0002561529268868214
1605.2549999999999	0.0002559217129679096
1605.2599999999998	0.00025562657821749646
1605.265	0.00025549567846709246
1605.27	0.0002557811189864049
1605.275	0.0002563915193022296
1605.28	0.00025683271797497393
1605.2849999999999	0.0002575716664050171
1605.29	0.0002582338324438934
1605.295	0.0002590699370859868
1605.3	0.00025936681002865014
1605.305	0.00025937329702146854
1605.31	0.00025887716778516436
1605.3149999999998	0.0002581275103300111
1605.32	0.0002570836661802901
1605.325	0.00025500934433983946
1605.33	0.0002526744340501337
1605.335	0.0002511398233897952
1605.34	0.00025084055960178375
1605.3449999999998	0.00025150444511729084
1605.35	0.0002531441968742381
1605.355	0.0002544482207666466
1605.36	0.0002546499794716893
1605.365	0.00025313219123450554
1605.37	0.0002497775493919936
1605.3749999999998	0.0002461289327934822
1605.3799999999999	0.00024331568687900945
1605.385	0.0002415263253176443
1605.39	0.00024112407064537508
1605.395	0.000241520699068915
1605.3999999999999	0.00024277747166767024
1605.405	0.00024415630465078614
1605.41	0.00024528209588813965
1605.415	0.0002459372700070294
1605.42	0.000245486176477494
1605.425	0.0002443673373696477
1605.4299999999998	0.00024269463973607293
1605.435	0.0002406348430920833
1605.44	0.0002388224615724094
1605.445	0.00023793510975221287
1605.45	0.0002377268836088042
1605.455	0.000238412900753308
1605.4599999999998	0.00023924662886975706
1605.465	0.0002414948907797334
1605.47	0.0002434272522939369
1605.475	0.0002458219906256001
1605.48	0.00024809095042406445
1605.485	0.00024966013844424133
1605.4899999999998	0.00025016726434581117
1605.495	0.0002496507709465013
1605.5	0.0002482768211496655
1605.505	0.00024649431696716583
1605.51	0.00024564323563109177
1605.5149999999999	0.0002456416749880992
1605.52	0.00024708941603062003
1605.5249999999999	0.0002491467287045857
1605.53	0.00025124807708758927
1605.535	0.0002525977148931984
1605.54	0.00025333514082823404
1605.5449999999998	0.0002532416912573364
1605.55	0.00025203406100111447
1605.555	0.0002506093837045889
1605.56	0.0002490693184163847
1605.565	0.0002476938682977006
1605.57	0.0002465644183279403
1605.5749999999998	0.000245934075181558
1605.58	0.0002463636680034037
1605.585	0.00024709555846473113
1605.59	0.00024822897076206684
1605.595	0.0002491420661937662
1605.6	0.0002491513080933204
1605.6049999999998	0.0002489952603690616
1605.61	0.00024860945397726664
1605.615	0.0002478905373515877
1605.6200000000001	0.0002467976495571652
1605.625	0.00024503837069239463
1605.6299999999999	0.00024308922875807706
1605.635	0.00024195148065142262
1605.6399999999999	0.00024059163309821213
1605.645	0.00023990853559521303
1605.65	0.0002398103886875426
1605.655	0.00024031919952620867
1605.6599999999999	0.00024107997003787042
1605.665	0.00024258942313183464
1605.6699999999998	0.00024409796578932482
1605.675	0.00024457726617240145
1605.68	0.00024401527385156047
1605.685	0.00024244286968019816
1605.6899999999998	0.0002409624459701056
1605.695	0.00024020785411494038
1605.7	0.00024000417580395325
1605.705	0.00024010794845400537
1605.71	0.0002407389594447226
1605.715	0.00024144370987906974
1605.7199999999998	0.0002423158844628652
1605.725	0.0002431285715514412
1605.73	0.00024321984129701223
1605.7350000000001	0.00024300463463957842
1605.74	0.00024194909389571253
1605.745	0.0002412670579067563
1605.75	0.00024031661420857538
1605.7549999999999	0.00023955895464412616
1605.76	0.0002396636699468573
1605.765	0.00024023769482735388
1605.77	0.00024139377592511361
1605.7749999999999	0.0002431379977116183
1605.78	0.000244552062837459
1605.7849999999999	0.0002460181367329568
1605.79	0.0002467820593664026
1605.795	0.0002469608363989087
1605.8	0.00024709791853816485
1605.8049999999998	0.0002463887190159313
1605.81	0.0002454612815021654
1605.8149999999998	0.0002444398999333979
1605.82	0.00024326244227817993
1605.825	0.00024181876413586386
1605.83	0.0002418091502514069
1605.8349999999998	0.00024308857793691228
1605.84	0.00024527187092840695
1605.8449999999998	0.00024761599820714543
1605.8500000000001	0.0002494646768888462
1605.855	0.0002500164479674087
1605.86	0.0002495273114206516
1605.865	0.0002479802602294459
1605.87	0.0002456823142193281
1605.875	0.0002439446989527495
1605.88	0.00024255124661607896
1605.885	0.0002421166417005606
1605.8899999999999	0.0002424907752663129
1605.895	0.00024352675265931146
1605.8999999999999	0.0002451305579350621
1605.905	0.00024687739362439133
1605.91	0.00024832368422780923
1605.915	0.0002492023281922559
1605.9199999999998	0.00024891320952787836
1605.925	0.00024764222367244527
1605.9299999999998	0.00024590399739847697
1605.935	0.0002436811829429203
1605.94	0.00024192922904955812
1605.945	0.00024071469955932583
1605.9499999999998	0.00024014181115587365
1605.955	0.00023995229278184213
1605.9599999999998	0.00024009174074743046
1605.9650000000001	0.00024085992386023927
1605.97	0.00024224824753796064
1605.975	0.0002439217921844381
1605.98	0.0002455385101843224
1605.985	0.0002469310416803122
1605.9899999999998	0.00024730926481023567
1605.9950000000001	0.000246741925172051
1606	0.0002443651406185193
1606.0049999999999	0.00024130152744094262
1606.01	0.0002383411536752817
1606.0149999999999	0.00023629522749967345
1606.02	0.00023567750486096467
1606.025	0.0002361447570426979
1606.03	0.000237222308391183
1606.0349999999999	0.00023854260362694864
1606.04	0.00024021025202785538
1606.0449999999998	0.00024133898013098957
1606.05	0.00024121951169850313
1606.055	0.0002397377339916399
1606.06	0.00023722038671858902
1606.0649999999998	0.0002342815079868109
1606.07	0.00023185383983807234
1606.0749999999998	0.0002309505979321377
1606.0800000000002	0.00023150083495991101
1606.085	0.00023278146769762685
1606.09	0.00023419762281142261
1606.095	0.00023525873401578431
1606.1	0.0002356441048068709
1606.1049999999998	0.00023508075452148772
1606.1100000000001	0.00023382045599679255
1606.115	0.00023204852644769422
1606.12	0.0002299828551324526
1606.125	0.0002280627847484636
1606.1299999999999	0.00022614482487123133
1606.1349999999998	0.00022519070438536005
1606.14	0.00022497009880153554
1606.145	0.00022550446060041156
1606.1499999999999	0.00022664992042695386
1606.155	0.00022778890088668506
1606.1599999999999	0.00022837466746149983
1606.165	0.00022803090902863166
1606.17	0.00022737017304661064
1606.175	0.00022628849008642617
1606.1799999999998	0.0002254561576340992
1606.185	0.00022487964073812734
1606.1899999999998	0.00022454501653896053
1606.195	0.00022424562943411817
1606.2	0.00022417941084929886
1606.205	0.00022460134657473928
1606.21	0.0002251882362863124
1606.215	0.00022599860106827755
1606.2199999999998	0.00022672739892792569
1606.2250000000001	0.00022685363524576127
1606.23	0.0002269364194746166
1606.235	0.00022624110759305503
1606.24	0.00022550012839319815
1606.245	0.00022434843442520173
1606.2499999999998	0.00022316523481345814
1606.255	0.00022255543138683135
1606.26	0.00022215991122945275
1606.2649999999999	0.00022203043464425476
1606.27	0.0002227622771110207
1606.2749999999999	0.00022359663542382546
1606.28	0.0002250051840314055
1606.285	0.0002263451837454681
1606.29	0.0002274865264220223
1606.295	0.0002288119452699716
1606.3	0.00022964403782003057
1606.3049999999998	0.00022948273292825125
1606.31	0.00022851302002019458
1606.315	0.00022673446317647078
1606.32	0.000224176554204718
1606.325	0.00022165298583022968
1606.33	0.000220214770832544
1606.3349999999998	0.00021994283664421264
1606.34	0.00022043497811301515
1606.345	0.0002213688267494591
1606.35	0.00022222083300505575
1606.355	0.00022241417780463743
1606.36	0.00022134626283426027
1606.3649999999998	0.00021899122886063406
1606.37	0.00021613241309908598
1606.375	0.00021301085904682995
1606.3799999999999	0.00021084061419605825
1606.385	0.00020979681155659707
1606.3899999999999	0.00020991669620860437
1606.395	0.00021068443232851843
1606.4	0.00021174525775910464
1606.405	0.0002130788768371037
1606.41	0.00021385475227258895
1606.415	0.0002137778401779987
1606.4199999999998	0.0002130738111532465
1606.425	0.0002117174535366721
1606.43	0.0002101163716554124
1606.435	0.00020902170788196465
1606.44	0.00020825324472570957
1606.445	0.00020785174833021347
1606.4499999999998	0.00020742629707177563
1606.455	0.00020768376975336634
1606.46	0.00020872574937077219
1606.465	0.00021007087834686667
1606.47	0.00021154928491725594
1606.475	0.00021301453685478288
1606.4799999999998	0.00021361781670137418
1606.485	0.00021384473386367646
1606.49	0.0002131054791629563
1606.495	0.0002120478134353909
1606.5	0.00021101246603840676
1606.5049999999999	0.00020997636988272147
1606.51	0.00020996379137305508
1606.5149999999999	0.00021048950431895399
1606.52	0.00021170718403512896
1606.525	0.00021278324427028962
1606.53	0.00021336132030801505
1606.5349999999999	0.00021382220912996683
1606.54	0.00021313286423651774
1606.545	0.00021162473355624498
1606.55	0.00020947197674164888
1606.555	0.000207055011414214
1606.56	0.00020463259088068051
1606.5649999999998	0.00020256415787079743
1606.57	0.00020138251826439747
1606.575	0.00020117122425976813
1606.58	0.00020167507226198848
1606.585	0.00020276405822357152
1606.59	0.0002036742673350921
1606.5949999999998	0.0002051658129144563
1606.6	0.00020625891658659917
1606.605	0.0002070252180483734
1606.61	0.00020722469645322373
1606.615	0.00020668644627916207
1606.62	0.00020598404651540688
1606.625	0.00020491901657249635
1606.6299999999999	0.00020370271183864296
1606.635	0.00020263586751964344
1606.64	0.00020179264070432345
1606.645	0.0002011652248399492
1606.6499999999999	0.00020090902240467063
1606.655	0.0002011704704066143
1606.6599999999999	0.00020155307200143193
1606.665	0.00020166670435988555
1606.67	0.0002015591853809098
1606.675	0.00020090311541354482
1606.6799999999998	0.00020015297694975231
1606.685	0.00019929784383473977
1606.69	0.00019847807259563665
1606.695	0.00019806342948850062
1606.7	0.00019790882838994844
1606.705	0.00019814820374447202
1606.7099999999998	0.00019858377197520645
1606.715	0.00019879014198678993
1606.72	0.00019872618860784064
1606.725	0.00019820427641982993
1606.73	0.00019745997822964405
1606.735	0.00019675079017786407
1606.74	0.00019586381779369117
1606.745	0.00019509056003869977
1606.75	0.00019447160530038844
1606.755	0.0001938569205877932
1606.76	0.00019442697282913256
1606.7649999999999	0.00019506589836087784
1606.77	0.0001965819733811488
1606.7749999999999	0.00019780589014944385
1606.78	0.00019864132604082774
1606.785	0.0001995130769860321
1606.79	0.00019934767630787497
1606.7949999999998	0.0001989111493728702
1606.8	0.00019774901770307812
1606.8049999999998	0.00019624335823346803
1606.81	0.00019438442758686533
1606.815	0.0001930598111491132
1606.82	0.00019230889649227883
1606.8249999999998	0.00019238124500297617
1606.83	0.0001931394982948563
1606.8349999999998	0.00019449506320630297
1606.84	0.00019605276577683818
1606.845	0.00019710306253439537
1606.85	0.00019720809731568553
1606.855	0.000195967716577613
1606.86	0.00019378884518998383
1606.865	0.00019128131751494772
1606.8700000000001	0.00018851706809103557
1606.875	0.00018675411338765584
1606.8799999999999	0.00018544511664175426
1606.885	0.00018486254064134733
1606.8899999999999	0.000184851285891964
1606.895	0.00018547513457724187
1606.9	0.00018687878143828007
1606.905	0.00018866651084099875
1606.9099999999999	0.00019020883686986942
1606.915	0.00019165230524351232
1606.9199999999998	0.00019276131162354666
1606.925	0.0001927914643671045
1606.93	0.0001925909519692817
1606.935	0.00019173572961627262
1606.9399999999998	0.00019097344251942092
1606.945	0.0001898696873605459
1606.9499999999998	0.00018925099896290778
1606.955	0.00018908173229125223
1606.96	0.0001892384581196292
1606.965	0.00018960934816145472
1606.97	0.0001899959459599649
1606.975	0.0001901556679865144
1606.9799999999998	0.00019035606854042936
1606.9850000000001	0.00018935485097955657
1606.99	0.00018752203592847352
1606.995	0.00018457044003003205
1607	0.00018088371304839754
1607.0049999999999	0.0001782726321383795
1607.01	0.00017739539652822703
1607.015	0.000177531920341212
1607.02	0.00017840743393162273
1607.0249999999999	0.00018037592271743483
1607.03	0.00018226756403048278
1607.0349999999999	0.00018391003061060283
1607.04	0.00018432263337622438
1607.045	0.00018385301662810614
1607.05	0.00018257080046136736
1607.0549999999998	0.00018070632671585423
1607.06	0.0001788946833244733
1607.0649999999998	0.00017748805701020947
1607.07	0.00017667353130308637
1607.075	0.00017667447568718334
1607.08	0.00017725974595339143
1607.085	0.00017812823025529226
1607.09	0.00017910300790989782
1607.0949999999998	0.00017977478018402457
1607.1000000000001	0.00017977311615764206
1607.105	0.0001789440555369185
1607.11	0.00017775317481102986
1607.115	0.0001763518541909405
1607.12	0.00017508602031651274
1607.1249999999998	0.00017388793668875392
1607.13	0.0001728428233253173
1607.135	0.00017218780716639402
1607.1399999999999	0.00017214718728250617
1607.145	0.00017231664831196864
1607.1499999999999	0.00017249499792356977
1607.155	0.00017253849050855656
1607.16	0.0001718702396468669
1607.165	0.00017130385577489887
1607.17	0.0001706359327706835
1607.175	0.00016986779224468352
1607.1799999999998	0.00016869242866208455
1607.185	0.0001677344298400266
1607.19	0.000167335554329508
1607.195	0.0001672743528471153
1607.2	0.00016744719072629314
1607.205	0.00016784463424124243
1607.2099999999998	0.0001684813461531047
1607.2150000000001	0.0001696025588892993
1607.22	0.00017059460090177193
1607.225	0.0001713929917905657
1607.23	0.0001716636470800038
1607.235	0.0001714458895286035
1607.2399999999998	0.00017093224750078695
1607.2450000000001	0.00017002704409350828
1607.25	0.00016885962261487184
1607.2549999999999	0.00016781949577377247
1607.26	0.00016735268870401578
1607.2649999999999	0.00016746648468109887
1607.2699999999998	0.00016783655469587263
1607.275	0.00016809818351749215
1607.28	0.00016894655372786578
1607.285	0.00016962807192491894
1607.29	0.0001704600235882281
1607.2949999999998	0.00017102686188872514
1607.2999999999997	0.0001709420387695185
1607.305	0.00016983656721232619
1607.31	0.0001679577673193017
1607.315	0.00016592012824565152
1607.32	0.00016386341049820513
1607.3249999999998	0.00016274651732510408
1607.33	0.0001623926680555452
1607.335	0.0001630005485483523
1607.34	0.00016375329881308475
1607.345	0.00016428558184613138
1607.35	0.00016426427998428753
1607.3549999999998	0.00016366744747737524
1607.3600000000001	0.00016265651486356786
1607.365	0.00016126048268383294
1607.37	0.00015966032723698718
1607.375	0.00015799276170520317
1607.3799999999999	0.00015661162033046632
1607.3849999999998	0.00015554336079607177
1607.39	0.0001553043894453499
1607.395	0.00015569811865638806
1607.4	0.00015660546132170212
1607.405	0.0001577084189731812
1607.4099999999999	0.00015829602471279408
1607.415	0.00015903526200638187
1607.42	0.00015918481218545145
1607.425	0.00015912843084004647
1607.43	0.0001586453957172962
1607.435	0.00015789813651536494
1607.4399999999998	0.00015768407731939503
1607.445	0.0001571831915553818
1607.45	0.00015712506272754748
1607.455	0.00015738685446996546
1607.46	0.0001579568674066342
1607.465	0.00015890118463215776
1607.4699999999998	0.00016014321005351182
1607.475	0.00016088116995074554
1607.48	0.00016070585719533116
1607.485	0.00016022754908274806
1607.49	0.00015956450894701664
1607.495	0.0001590346242910873
1607.4999999999998	0.00015871879453403508
1607.5049999999999	0.00015878249695066475
1607.51	0.0001590617474651153
1607.515	0.000160150733426698
1607.52	0.00016092987978542415
1607.5249999999999	0.0001615486251848164
1607.53	0.00016181745321784552
1607.535	0.00016159714776317749
1607.54	0.00016078173760864184
1607.545	0.00015929140964530606
1607.55	0.00015737130009385066
1607.5549999999998	0.0001557900024277687
1607.56	0.00015465661611599568
1607.565	0.00015420359498567553
1607.57	0.00015431457968665573
1607.575	0.00015471900845426305
1607.58	0.00015576727703572673
1607.5849999999998	0.00015718655238681394
1607.59	0.00015838782921993213
1607.595	0.00015966616818499798
1607.6	0.00016016378192435508
1607.605	0.00016060374921851985
1607.61	0.00016054862180160114
1607.6149999999998	0.00016002037409930774
1607.62	0.0001592060834126385
1607.625	0.00015788791682598335
1607.63	0.0001560002616439717
1607.635	0.0001547713106779488
1607.6399999999999	0.00015436105373835897
1607.645	0.00015482734418205196
1607.6499999999999	0.00015573328755038224
1607.655	0.00015730196792388594
1607.66	0.00015856585105614773
1607.665	0.00015935397823341183
1607.6699999999998	0.0001592949786059834
1607.675	0.00015832138759603657
1607.68	0.00015746892013610692
1607.685	0.00015626883856089717
1607.69	0.00015577029554207273
1607.695	0.00015539667228905304
1607.6999999999998	0.00015566182009668078
1607.705	0.00015620090288279015
1607.71	0.00015711816299721838
1607.715	0.00015813597592718672
1607.72	0.0001589681679948811
1607.725	0.00015947019808927915
1607.7299999999998	0.00015961705193797207
1607.735	0.00015949061976368146
1607.74	0.00015913942488098704
1607.7450000000001	0.00015886805762806378
1607.75	0.00015862767902290412
1607.7549999999999	0.00015843011691963572
1607.76	0.0001580990793623595
1607.7649999999999	0.0001581592419696781
1607.77	0.00015839447662520026
1607.775	0.00015904606599040025
1607.78	0.00015978308493020207
1607.7849999999999	0.00016031049976542155
1607.79	0.00016057100234828178
1607.7949999999998	0.0001603662718480386
1607.8	0.00015994689448977785
1607.805	0.000159254687901149
1607.81	0.00015889786987442316
1607.8149999999998	0.00015841665668442316
1607.82	0.00015896282139482085
1607.825	0.0001596430130585012
1607.83	0.00016071541633397044
1607.835	0.0001615312399316767
1607.84	0.00016201437092565872
1607.8449999999998	0.00016219554623481496
1607.85	0.00016204552870609584
1607.855	0.00016156491447746015
1607.8600000000001	0.00016103460815657938
1607.865	0.00016030733307870925
1607.87	0.00015969993609314548
1607.875	0.00015919731143860486
1607.8799999999999	0.0001590961019319591
1607.885	0.0001594957951464549
1607.89	0.00016006784924528652
1607.895	0.0001609458494447714
1607.8999999999999	0.00016174882042614133
1607.905	0.00016249491852614016
1607.9099999999999	0.00016306161693768745
1607.915	0.00016343212444507033
1607.92	0.00016360559149321255
1607.925	0.0001634780664095734
1607.9299999999998	0.00016285825960765985
1607.935	0.00016218679710540255
1607.9399999999998	0.00016144135609917772
1607.945	0.0001608152952785072
1607.95	0.0001603730780650761
1607.955	0.00016027475057106091
1607.9599999999998	0.00016084687356627967
1607.965	0.00016215879205782412
1607.9699999999998	0.0001636627999735492
1607.9750000000001	0.00016494562414053906
1607.98	0.00016560267251228912
1607.985	0.00016517059234361198
1607.99	0.000164203148783736
1607.995	0.00016304697003447792
1608	0.00016180338601484611
1608.005	0.0001612849010958376
1608.01	0.00016134677248249793
1608.0149999999999	0.00016265773225562845
1608.02	0.00016425282189677943
1608.0249999999999	0.00016568311645593853
1608.03	0.00016701104224761942
1608.035	0.00016754742079013571
1608.04	0.0001674412278308777
1608.0449999999998	0.0001665376813289565
1608.05	0.00016512247751599994
1608.0549999999998	0.00016378189238531925
1608.06	0.0001625880538463279
1608.065	0.00016171906480603605
1608.07	0.00016172775428358976
1608.0749999999998	0.0001622146204172777
1608.08	0.0001631463727444889
1608.0849999999998	0.00016421134227973495
1608.0900000000001	0.00016534901036112975
1608.095	0.00016680987799280568
1608.1	0.00016748623044648313
1608.105	0.00016774294155976537
1608.11	0.0001670065648028196
1608.1149999999998	0.00016536255792854837
1608.1200000000001	0.00016377258710611377
1608.125	0.00016260796137907563
1608.1299999999999	0.00016176645305967293
1608.135	0.0001613794561143866
1608.1399999999999	0.0001614884485256281
1608.145	0.00016217219210362603
1608.15	0.00016299680988920377
1608.155	0.00016372229914969925
1608.1599999999999	0.0001637308109868875
1608.165	0.00016290902018982326
1608.1699999999998	0.00016196717346224162
1608.175	0.00016083447709416333
1608.18	0.0001599414350971259
1608.185	0.00015921465334549698
1608.1899999999998	0.00015874730846117597
1608.195	0.00015871403356941646
1608.1999999999998	0.00015925379506870658
1608.2050000000002	0.00016030023442327343
1608.21	0.00016202191463066806
1608.215	0.00016365306285022452
1608.22	0.00016488652880730686
1608.225	0.00016595521514084402
1608.2299999999998	0.00016619963413804984
1608.2350000000001	0.0001661397033778826
1608.24	0.00016602381360691167
1608.245	0.000165752278614365
1608.25	0.0001653198329027946
1608.2549999999999	0.00016475196198760924
1608.2599999999998	0.0001645031152293086
1608.265	0.00016466950350236943
1608.27	0.000165289794077772
1608.2749999999999	0.00016622188244320649
1608.28	0.00016752942427188268
1608.2849999999999	0.00016879524697365167
1608.29	0.00017019569618252726
1608.295	0.00017047052278507457
1608.3	0.00016979778793816568
1608.3049999999998	0.00016817902851078148
1608.31	0.00016612016978581753
1608.3149999999998	0.00016447769177287472
1608.32	0.0001635998337059179
1608.325	0.0001634352825688997
1608.33	0.0001638847254446099
1608.335	0.0001652254398827234
1608.34	0.00016616413951887565
1608.3449999999998	0.00016648767046360078
1608.3500000000001	0.0001662497272464819
1608.355	0.0001655774870345318
1608.36	0.00016461851909586848
1608.365	0.00016339685502916035
1608.37	0.0001622436686244206
1608.3749999999998	0.00016156393870716046
1608.38	0.0001612127438244658
1608.385	0.00016123510949638724
1608.3899999999999	0.0001617753958945906
1608.395	0.00016248875163274524
1608.3999999999999	0.00016343965561013886
1608.405	0.00016432872489464522
1608.41	0.00016503054923401776
1608.415	0.00016545251658335556
1608.4199999999998	0.00016567025211068883
1608.425	0.000165780924849555
1608.4299999999998	0.00016565452684437593
1608.435	0.00016546142485977542
1608.44	0.0001653267329645103
1608.445	0.00016547831971574259
1608.45	0.00016574425122791673
1608.455	0.0001666345534824822
1608.4599999999998	0.00016746104285897306
1608.465	0.0001683789606975971
1608.47	0.0001687503691207667
1608.475	0.00016874742743240923
1608.48	0.000168256931761401
1608.485	0.00016781510103703223
1608.4899999999998	0.0001672689660485073
1608.4950000000001	0.00016683648747527392
1608.5	0.00016718657819059118
1608.5049999999999	0.00016801632568404738
1608.51	0.00016906224937566144
1608.5149999999999	0.00017025120393012727
1608.52	0.00017136862124727436
1608.525	0.00017235196695185412
1608.53	0.00017292571602290336
1608.535	0.00017310188665917883
1608.54	0.00017261691146911882
1608.5449999999998	0.00017155537680910567
1608.55	0.00017019687144100986
1608.555	0.00016870641350093935
1608.56	0.00016731458022755424
1608.565	0.00016651152211027027
1608.57	0.00016657889470355922
1608.5749999999998	0.00016737287498840378
1608.58	0.00016846458582983707
1608.585	0.00016981899591748294
1608.59	0.0001715459289709194
1608.595	0.00017300082461399916
1608.6	0.00017428288965407244
1608.6049999999998	0.00017509619479231668
1608.61	0.00017531987396068866
1608.615	0.00017470677570663475
1608.62	0.00017375568464560181
1608.625	0.00017240784692896244
1608.6299999999999	0.00017113253373742129
1608.635	0.0001701421281420344
1608.6399999999999	0.00017101941538948627
1608.645	0.00017281086127108924
1608.65	0.00017506159678331987
1608.655	0.00017692351426829158
1608.6599999999999	0.0001782354781958768
1608.665	0.00017909883167037
1608.67	0.00017928568694556933
1608.675	0.00017924122897594992
1608.68	0.00017863983800661679
1608.685	0.00017820378470556256
1608.6899999999998	0.0001777385907394215
1608.695	0.00017795450251005196
1608.7	0.00017824257994502517
1608.705	0.00017868112371669423
1608.71	0.0001792116559478362
1608.715	0.00017967498360095958
1608.7199999999998	0.00017996945735077697
1608.725	0.00018015946485521868
1608.73	0.00018022677692670376
1608.735	0.00018001994065553923
1608.74	0.0001793601786428211
1608.745	0.00017876797171954793
1608.75	0.00017835483972862136
1608.7549999999999	0.00017808857125333518
1608.76	0.0001782352743164475
1608.765	0.00017858633347557726
1608.77	0.00017932964473071325
1608.7749999999999	0.0001802743967035906
1608.78	0.00018112769811281
1608.7849999999999	0.00018097532182672515
1608.79	0.00018025405428960233
1608.795	0.000178783724388158
1608.8	0.0001772202506994376
1608.8049999999998	0.00017637181665125688
1608.81	0.00017628371284182098
1608.815	0.00017667867345498386
1608.82	0.00017737717752677195
1608.825	0.00017872567144741925
1608.83	0.00018016896029359443
1608.8349999999998	0.00018178848945022484
1608.84	0.00018307813112305497
1608.845	0.00018381053505967201
1608.85	0.00018400341693265224
1608.855	0.00018375257960999333
1608.86	0.0001827969703906785
1608.865	0.00018197304503576279
1608.87	0.0001811597932193047
1608.875	0.00018062628061332346
1608.88	0.00018064033402575048
1608.885	0.0001808067751802879
1608.8899999999999	0.00018128580510301903
1608.895	0.00018233219197286537
1608.8999999999999	0.0001833810526401261
1608.905	0.00018450805437809407
1608.91	0.00018532220804954853
1608.915	0.00018549825384089585
1608.9199999999998	0.00018605074371256774
1608.925	0.00018590601284175766
1608.9299999999998	0.00018566858611235255
1608.935	0.0001850656091702375
1608.94	0.00018409930670550955
1608.945	0.00018288049209201277
1608.9499999999998	0.00018246519686015059
1608.955	0.00018299638293430977
1608.96	0.00018454105516274035
1608.965	0.00018650998983457865
1608.97	0.00018843122596833692
1608.975	0.00019012960995278352
1608.98	0.00019139515994866856
1608.985	0.0001918815196604441
1608.99	0.00019161952604654646
1608.9950000000001	0.0001911778490078717
1609	0.00019057400475456815
1609.0049999999999	0.00019062182276688596
1609.01	0.00019101478259450419
1609.0149999999999	0.00019176851473697698
1609.02	0.00019282021866977967
1609.025	0.00019399216141227705
1609.03	0.0001951497394518254
1609.0349999999999	0.00019556517228855514
1609.04	0.00019505180083870816
1609.0449999999998	0.00019374677965838357
1609.05	0.00019181528023643415
1609.055	0.0001901492483885144
1609.06	0.00018888038541295396
1609.0649999999998	0.00018788248326305097
1609.07	0.00018706598073419217
1609.0749999999998	0.00018711328079384375
1609.08	0.0001873554502733868
1609.085	0.0001881158392546699
1609.09	0.00018873504939251388
1609.095	0.00018931462240982558
1609.1	0.00018933971825264192
1609.1049999999998	0.00018850408783826393
1609.1100000000001	0.0001862722615150406
1609.115	0.00018355583963392848
1609.12	0.0001812519825078654
1609.125	0.00017957644153740611
1609.1299999999999	0.00017870878890183958
1609.135	0.00017847839346477984
1609.14	0.00017876299434829699
1609.145	0.00017925983084275663
1609.1499999999999	0.00018009606964032056
1609.155	0.00018105274318304282
1609.1599999999999	0.00018154363302445566
1609.165	0.0001817086303877595
1609.17	0.00018150089151823507
1609.175	0.0001810427068161206
1609.1799999999998	0.0001804485833602494
1609.185	0.00017989094746695755
1609.1899999999998	0.0001798361142526342
1609.195	0.00018003992171800455
1609.2	0.00018063587654259096
1609.205	0.00018176281457787382
1609.21	0.00018297085219231166
1609.215	0.0001844769963940963
1609.2199999999998	0.00018586229567323694
1609.2250000000001	0.0001869223674844849
1609.23	0.00018768063634978864
1609.235	0.00018804763054445212
1609.24	0.00018793278447538618
1609.245	0.00018808862164339658
1609.2499999999998	0.0001874147938034027
1609.255	0.00018704472178163035
1609.26	0.00018646138213447187
1609.2649999999999	0.00018627261322796452
1609.27	0.0001867292031416495
1609.2749999999999	0.00018807921824631372
1609.28	0.00018917440711994387
1609.285	0.0001895142170842568
1609.29	0.00018864241412266245
1609.2949999999998	0.00018652283142840632
1609.3	0.00018410378212665898
1609.3049999999998	0.00018171105671668819
1609.31	0.0001792912413903463
1609.315	0.00017766567921717618
1609.32	0.00017702786382144787
1609.325	0.0001775309111363497
1609.33	0.00017854650581012918
1609.3349999999998	0.00017958365006170022
1609.3400000000001	0.0001801595722336534
1609.345	0.00017984005761802422
1609.35	0.00017900549596858015
1609.355	0.0001778957337788824
1609.36	0.00017649734873570962
1609.3649999999998	0.00017526624102072054
1609.3700000000001	0.00017437231167114023
1609.375	0.0001733666184433082
1609.3799999999999	0.00017349877861561522
1609.385	0.00017366656733995982
1609.3899999999999	0.0001742660771221249
1609.3949999999998	0.0001748330316983758
1609.4	0.00017551339881151094
1609.405	0.0001762267043464882
1609.41	0.0001765626689279927
1609.415	0.00017651466595399224
1609.4199999999998	0.00017584791919294263
1609.425	0.00017460354170813195
1609.43	0.00017309668061091113
1609.435	0.00017243937612057087
1609.44	0.0001721560825784875
1609.445	0.0001724206258757865
1609.4499999999998	0.00017299947282301258
1609.455	0.00017385558992469259
1609.46	0.00017567325398471984
1609.465	0.00017725148986356547
1609.47	0.0001786602213823755
1609.475	0.00017945701203163082
1609.4799999999998	0.00017939796143686863
1609.4850000000001	0.0001793758131159253
1609.49	0.00017841684190239823
1609.495	0.00017805920036183915
1609.5	0.00017789509997303605
1609.5049999999999	0.00017806557914663566
1609.5099999999998	0.0001786096146748861
1609.515	0.00017965361639211467
1609.52	0.00018105447436181108
1609.525	0.0001823954732634223
1609.53	0.00018338422509733688
1609.5349999999999	0.0001839403697885305
1609.5399999999997	0.0001840814978365695
1609.545	0.00018356461924592208
1609.55	0.00018272750168844433
1609.555	0.00018179543528820642
1609.56	0.00018086030267391002
1609.5649999999998	0.0001798948301295406
1609.57	0.000179413806492226
1609.575	0.00017946935003790158
1609.58	0.0001801265368515628
1609.585	0.00018115891321416255
1609.59	0.00018222511899821845
1609.5949999999998	0.00018350925364134636
1609.6	0.00018441701154594216
1609.605	0.00018483961265174914
1609.61	0.00018418869559509428
1609.615	0.00018266046750270356
1609.62	0.00018037707534950166
1609.6249999999998	0.0001781422129175194
1609.6299999999999	0.00017693364232663477
1609.635	0.0001762122835262136
1609.64	0.00017618036373361594
1609.645	0.00017734021059594604
1609.6499999999999	0.0001787457660612627
1609.655	0.00018012245019028423
1609.66	0.0001807825974366298
1609.665	0.00018078759221003778
1609.67	0.00018021871815673233
1609.675	0.0001791331973808667
1609.6799999999998	0.00017797312495654118
1609.685	0.0001769925618738416
1609.69	0.00017617292085715395
1609.695	0.00017590989591553807
1609.7	0.00017566473542096115
1609.705	0.00017595493098624564
1609.7099999999998	0.0001765611292993324
1609.715	0.0001771948818649631
1609.72	0.00017771795207719457
1609.725	0.00017775066243879938
1609.73	0.0001775901176664836
1609.735	0.00017666535853695637
1609.7399999999998	0.00017581194914907558
1609.745	0.000174708893718919
1609.75	0.00017360746955964807
1609.755	0.00017261123055447366
1609.76	0.00017246243845921876
1609.7649999999999	0.00017302049779780118
1609.77	0.00017407193761589482
1609.7749999999999	0.00017553636747147795
1609.78	0.00017696669171782503
1609.785	0.00017794809115190537
1609.79	0.00017841570204623884
1609.7949999999998	0.0001780627246603172
1609.8	0.00017693277387496235
1609.805	0.00017590988886318447
1609.81	0.00017503413634317825
1609.815	0.00017448085942140914
1609.82	0.0001744375529948763
1609.8249999999998	0.00017469323344334795
1609.83	0.000175184894152527
1609.835	0.0001759415530585891
1609.84	0.00017649811136960763
1609.845	0.00017712171609323606
1609.85	0.00017766048272921611
1609.8549999999998	0.00017784426719570973
1609.86	0.0001778192317609161
1609.865	0.0001773260221927063
1609.8700000000001	0.00017663728251028212
1609.875	0.00017620310651368992
1609.8799999999999	0.00017604526512293413
1609.885	0.00017608088353678994
1609.8899999999999	0.00017612708433653327
1609.895	0.00017629971135207
1609.9	0.00017674732711973293
1609.905	0.00017724870273483484
1609.9099999999999	0.00017786234650769492
1609.915	0.00017809469132428678
1609.9199999999998	0.0001781447645238633
1609.925	0.00017787300759698535
1609.93	0.00017755963337703852
1609.935	0.00017688799351674574
1609.9399999999998	0.00017613096587060966
1609.945	0.0001755625273924231
1609.95	0.00017531709730096015
1609.955	0.00017602338547492637
1609.96	0.00017700249159543073
1609.965	0.0001779049531608477
1609.9699999999998	0.00017841497012230332
1609.975	0.0001784548826301301
1609.98	0.00017781192100158735
1609.9850000000001	0.00017697486129026016
1609.99	0.00017600758162743797
1609.995	0.00017500130367291457
1610	0.0001740875057336285
1610.0049999999999	0.00017355117379432738
1610.01	0.00017386871317308754
1610.015	0.00017446302143805245
1610.02	0.00017519733705278695
1610.0249999999999	0.00017622131564038154
1610.03	0.00017636529781112607
1610.0349999999999	0.0001769513304257654
1610.04	0.00017672706709531536
1610.045	0.0001760377984851029
1610.05	0.00017499034584082568
1610.0549999999998	0.00017351374656768818
1610.06	0.00017238487629709523
1610.0649999999998	0.0001712108825020963
1610.07	0.00017029590441644714
1610.075	0.0001694949287636497
1610.08	0.00016895735700057454
1610.0849999999998	0.00016883146134811806
1610.09	0.00016892816342727867
1610.0949999999998	0.00016902394629228888
1610.1000000000001	0.00016887664835229512
1610.105	0.00016793018290278843
1610.11	0.00016672340100421608
1610.115	0.00016543974869641004
1610.12	0.00016446370173526007
1610.125	0.00016361631008473675
1610.13	0.00016302682356165389
1610.135	0.0001631677250124065
1610.1399999999999	0.00016355329292857054
1610.145	0.0001641895877306282
1610.1499999999999	0.00016502411603982412
1610.155	0.00016555859661631568
1610.16	0.00016608078367225275
1610.165	0.00016618866856101162
1610.1699999999998	0.0001659347077795282
1610.175	0.00016542231249454896
1610.1799999999998	0.0001646493176769929
1610.185	0.0001639089127709798
1610.19	0.00016337364437886678
1610.195	0.00016289897203970773
1610.1999999999998	0.00016317742476480043
1610.205	0.0001640962030037562
1610.2099999999998	0.0001652242318301648
1610.2150000000001	0.00016637497931586823
1610.22	0.00016730652977461417
1610.225	0.0001683624129312212
1610.23	0.00016893708365492007
1610.235	0.00016905517393460377
1610.2399999999998	0.00016846703223720417
1610.2450000000001	0.00016736109811097308
1610.25	0.00016590971900413252
1610.2549999999999	0.0001641391493207555
1610.26	0.00016287918064311608
1610.2649999999999	0.0001622852662143226
1610.27	0.00016296382166810242
1610.275	0.0001635948776780938
1610.28	0.00016512499946359213
1610.2849999999999	0.00016540718275317258
1610.29	0.0001649782825997501
1610.2949999999998	0.00016357340282642025
1610.3	0.0001615640855611743
1610.305	0.00015958228929116428
1610.31	0.00015776511863114376
1610.3149999999998	0.00015648323218175214
1610.32	0.00015566262967290547
1610.3249999999998	0.00015535382538336948
1610.3300000000002	0.00015535585378903275
1610.335	0.00015585508007173084
1610.34	0.00015632742830462806
1610.345	0.00015636604921364007
1610.35	0.00015604952942042634
1610.3549999999998	0.00015505546366639762
1610.3600000000001	0.00015399467394652572
1610.365	0.00015290473552566868
1610.37	0.00015207105153138394
1610.375	0.00015144460277026107
1610.3799999999999	0.00015081677718275005
1610.3849999999998	0.00015051076814236343
1610.39	0.00015044709793841506
1610.395	0.00015056180961042916
1610.3999999999999	0.00015110595634597234
1610.405	0.00015164894529370588
1610.4099999999999	0.00015217052385358717
1610.415	0.00015237079903593261
1610.42	0.00015240196674578025
1610.425	0.00015164934467487218
1610.4299999999998	0.00015091283654044497
1610.435	0.00015021187352493143
1610.4399999999998	0.00014970382468985677
1610.445	0.00015002628534677262
1610.45	0.0001508138097983953
1610.455	0.00015183522325932318
1610.46	0.00015300759501190206
1610.465	0.0001543948803557803
1610.4699999999998	0.00015545509375917835
1610.4750000000001	0.00015633306797313348
1610.48	0.00015647548048467247
1610.485	0.00015615813036732104
1610.49	0.0001555314707383336
1610.495	0.00015456437807108596
1610.4999999999998	0.00015384343515658047
1610.505	0.00015353519390982732
1610.51	0.00015351081265283696
1610.5149999999999	0.00015408910936305143
1610.52	0.0001550244100868845
1610.5249999999999	0.0001558704480440263
1610.53	0.00015755682821712235
1610.535	0.00015866851261947984
1610.54	0.0001595067572716595
1610.5449999999998	0.00015997485812033668
1610.55	0.0001599476177659618
1610.5549999999998	0.00015963768025279213
1610.56	0.00015908732175758927
1610.565	0.0001581222350098719
1610.57	0.00015712634283447283
1610.575	0.00015604870077156376
1610.58	0.00015487306767786514
1610.5849999999998	0.0001547660716076372
1610.59	0.00015517030972324013
1610.595	0.00015568713442878497
1610.6	0.0001560854616144054
1610.605	0.00015638066520339128
1610.61	0.0001559386921639875
1610.6149999999998	0.0001554917485836627
1610.6200000000001	0.00015444092227870444
1610.625	0.00015280743112881595
1610.6299999999999	0.00015173753517394643
1610.635	0.00015058068647141559
1610.6399999999999	0.00015043728250695312
1610.645	0.00015039873645868556
1610.65	0.0001507999671237616
1610.655	0.00015168354343270485
1610.6599999999999	0.00015229445948428764
1610.665	0.000152751050350628
1610.6699999999998	0.00015263431364124315
1610.675	0.00015208672119616982
1610.68	0.00015109568516236883
1610.685	0.00014990126146449258
1610.69	0.0001490971772949008
1610.695	0.00014873425842911858
1610.6999999999998	0.00014848715812980443
1610.705	0.00014807491753145155
1610.71	0.00014843945905860666
1610.715	0.00014879800476677983
1610.72	0.00014967576365811636
1610.725	0.00015034458143116847
1610.7299999999998	0.0001510939034809081
1610.735	0.00015155024270633417
1610.74	0.00015184652520090696
1610.745	0.00015166721045655607
1610.75	0.00015130289313871213
1610.7549999999999	0.00015111058424237402
1610.76	0.0001509290979980287
1610.7649999999999	0.00015151456324184284
1610.77	0.00015198579039350297
1610.775	0.0001525379842328909
1610.78	0.00015265882763387
1610.7849999999999	0.00015263596013505648
1610.79	0.00015234644210213274
1610.795	0.00015173823358570232
1610.8	0.00015099201798442495
1610.805	0.00015017037845038077
1610.81	0.00014958525916807577
1610.8149999999998	0.00014908983786656043
1610.82	0.00014916496751630765
1610.825	0.0001494451446354324
1610.83	0.0001498832465852043
1610.835	0.0001503143839648838
1610.84	0.00015061564039368965
1610.8449999999998	0.00015067942818741258
1610.85	0.00015033304884980292
1610.855	0.00014982580497267554
1610.86	0.00014923616436466472
1610.865	0.00014842497593468482
1610.87	0.00014730256955025633
1610.875	0.0001465935138131902
1610.8799999999999	0.0001457783939750869
1610.885	0.0001455466946461194
1610.89	0.00014539647361274196
1610.895	0.0001457643624171471
1610.8999999999999	0.00014663798003337186
1610.905	0.00014762214449334617
1610.9099999999999	0.0001484554265055533
1610.915	0.0001486751880837629
1610.92	0.00014830782638486755
1610.925	0.00014708064810016875
1610.9299999999998	0.00014581068564789576
1610.935	0.00014473410166683368
1610.94	0.00014382502900769196
1610.945	0.00014306983695797554
1610.95	0.0001430800116704014
1610.955	0.00014357099657424252
1610.9599999999998	0.00014437555061185784
1610.965	0.000145171924187202
1610.97	0.00014589697802322392
1610.975	0.0001464127176013646
1610.98	0.00014634910242104627
1610.985	0.0001458078091745589
1610.99	0.00014506230311127677
1610.995	0.0001441707914059223
1611	0.00014350244365235172
1611.005	0.00014309075674245785
1611.01	0.00014293133245656117
1611.0149999999999	0.00014304299383705637
1611.02	0.0001436670513487986
1611.0249999999999	0.00014443686959100834
1611.03	0.000145287447911522
1611.035	0.00014595488201669235
1611.04	0.00014696930750940858
1611.0449999999998	0.0001472519037080206
1611.05	0.00014742080756388953
1611.0549999999998	0.00014670607167147908
1611.06	0.00014562585404275622
1611.065	0.00014434865936994166
1611.07	0.0001434420962542791
1611.0749999999998	0.00014276112666337059
1611.08	0.00014227957593012242
1611.085	0.00014230263106080267
1611.09	0.00014239772010548164
1611.095	0.000142941105739993
1611.1	0.00014337931814724936
1611.105	0.0001434554651321392
1611.11	0.00014303152171055535
1611.115	0.00014224956008810952
1611.1200000000001	0.0001410634681843611
1611.125	0.0001398881884868068
1611.1299999999999	0.00013874451706264308
1611.135	0.00013792352109994634
1611.1399999999999	0.00013755622035200397
1611.145	0.00013759727712406766
1611.15	0.00013810028420991837
1611.155	0.00013887628259232247
1611.1599999999999	0.00013951812841385514
1611.165	0.00014016582602232995
1611.1699999999998	0.0001404559297952802
1611.175	0.00014042648133762514
1611.18	0.00014015126759646588
1611.185	0.00013941603286601374
1611.1899999999998	0.0001387313522796531
1611.195	0.00013760595425550123
1611.1999999999998	0.00013644801049630882
1611.205	0.00013591118960958835
1611.21	0.00013583593498168214
1611.215	0.00013642423625917716
1611.22	0.00013724367190231433
1611.225	0.00013831045334144603
1611.2299999999998	0.00013928902515342723
1611.2350000000001	0.00013970978003372732
1611.24	0.00013942133538572652
1611.245	0.00013854859194581425
1611.25	0.00013732477685100952
1611.2549999999999	0.00013605504761205741
1611.26	0.00013526305174990994
1611.265	0.00013490973657802276
1611.27	0.00013485534872851763
1611.2749999999999	0.00013551091835959695
1611.28	0.00013610551403011825
1611.2849999999999	0.0001365872527416133
1611.29	0.00013669538506528767
1611.295	0.00013649623255833425
1611.3	0.00013608453459130468
1611.3049999999998	0.00013542610019465128
1611.31	0.00013468103149245566
1611.3149999999998	0.0001341336000389561
1611.32	0.0001337324277576726
1611.325	0.00013343636803367107
1611.33	0.00013323598956915293
1611.335	0.00013348630196719275
1611.34	0.00013355037305235742
1611.3449999999998	0.00013388028834070452
1611.3500000000001	0.00013397347323758702
1611.355	0.0001339826206161649
1611.36	0.00013370301632891266
1611.365	0.00013349695934640693
1611.37	0.00013300835344644399
1611.3749999999998	0.0001325315842680249
1611.38	0.00013207070887817285
1611.385	0.0001316913682945362
1611.3899999999999	0.00013148188983104248
1611.395	0.0001315654295644941
1611.3999999999999	0.00013188743460528822
1611.405	0.00013224606725561664
1611.41	0.00013277020786030364
1611.415	0.00013269829900749714
1611.4199999999998	0.00013274874351815495
1611.425	0.000132534883132268
1611.4299999999998	0.0001321461999128809
1611.435	0.000131748878731178
1611.44	0.00013128534635205083
1611.445	0.0001314155425475925
1611.45	0.00013160614466478375
1611.455	0.00013203069826106515
1611.4599999999998	0.00013265191705572703
1611.4650000000001	0.00013328677418198941
1611.47	0.00013398376159289008
1611.475	0.0001341807305255202
1611.48	0.00013431728260401225
1611.485	0.00013420662591671358
1611.4899999999998	0.00013380737423306595
1611.4950000000001	0.00013316096756839588
1611.5	0.0001324506202864994
1611.5049999999999	0.00013185202328752356
1611.51	0.0001315635543706184
1611.5149999999999	0.0001317578223467948
1611.5199999999998	0.000132285247480242
1611.525	0.0001329755159438399
1611.53	0.0001335153861848161
1611.5349999999999	0.0001343602607264101
1611.54	0.0001350053124074948
1611.5449999999998	0.0001353067927993834
1611.55	0.00013523223325632733
1611.555	0.0001346311958986644
1611.56	0.00013358964504524675
1611.565	0.00013208042478697583
1611.57	0.00013065369235385843
1611.5749999999998	0.00012951075992652413
1611.58	0.00012902254759488704
1611.585	0.00012901023016331095
1611.59	0.00012997289350745174
1611.595	0.00013099540692641727
1611.6	0.00013229706193151157
1611.6049999999998	0.00013287255614225695
1611.6100000000001	0.0001327376077208476
1611.615	0.00013201705768281713
1611.62	0.00013081446313548904
1611.625	0.0001296501003830258
1611.6299999999999	0.0001285898153699583
1611.6349999999998	0.00012772544669827443
1611.64	0.00012707697519701285
1611.645	0.0001270563476243267
1611.6499999999999	0.00012763523874925904
1611.655	0.00012865217077668559
1611.6599999999999	0.0001296909786094181
1611.6649999999997	0.00013074474273865936
1611.67	0.0001312796470140936
1611.675	0.0001313433889345313
1611.68	0.00013113917899653407
1611.685	0.0001306429498525465
1611.6899999999998	0.00012968833499046558
1611.695	0.00012867444118231644
1611.7	0.00012758309001659565
1611.705	0.00012684927108566927
1611.71	0.0001265307279809199
1611.715	0.00012669169433005245
1611.7199999999998	0.0001273997231468783
1611.725	0.0001284412698150897
1611.73	0.00012959511112937592
1611.735	0.00013042210252314012
1611.74	0.00013076926204859748
1611.745	0.00013023903017412674
1611.7499999999998	0.00012993543570624153
1611.755	0.00012958237067672818
1611.76	0.00012950115664321765
1611.765	0.00012943529102046888
1611.77	0.00012963917101172076
1611.7749999999999	0.00013007073559799433
1611.7799999999997	0.0001303373795552491
1611.785	0.00013059459103129136
1611.79	0.000130667205687557
1611.795	0.00013046379040831181
1611.8	0.00012990958644380654
1611.8049999999998	0.00012894829684304883
1611.81	0.00012819536151667424
1611.815	0.00012749567813707976
1611.82	0.00012693282891965962
1611.825	0.00012653407369917866
1611.83	0.000126688107810934
1611.8349999999998	0.00012681531815286965
1611.84	0.00012754182933623028
1611.845	0.00012825423517212142
1611.85	0.00012869495539734365
1611.855	0.0001287867182267543
1611.86	0.000128933943153694
1611.8649999999998	0.00012889911720943703
1611.87	0.00012874196085041343
1611.875	0.00012841226039786807
1611.88	0.00012803720416505553
1611.885	0.00012751156478276975
1611.8899999999999	0.00012705020818703274
1611.8949999999998	0.00012733322208108695
1611.8999999999999	0.00012788191453229678
1611.905	0.0001286807067337728
1611.91	0.0001290952585495399
1611.915	0.00012974644760859754
1611.9199999999998	0.00012964191251781855
1611.925	0.00012926370264414958
1611.93	0.00012835255699634657
1611.935	0.0001273754171745902
1611.94	0.000126691835931992
1611.945	0.00012620161954194712
1611.9499999999998	0.00012608125689439467
1611.955	0.00012627890039866327
1611.96	0.0001267895841574878
1611.965	0.00012757977300378962
1611.97	0.00012863795045856336
1611.975	0.00012977624883632927
1611.9799999999998	0.00013049140005363428
1611.985	0.0001310118694046767
1611.99	0.0001309827993503531
1611.9950000000001	0.0001310502598328358
1612	0.00013045133193459896
1612.0049999999999	0.00013019273860542249
1612.01	0.00013000747659175374
1612.0149999999999	0.0001298316364516887
1612.02	0.00012959482212922385
1612.025	0.00012938178836018985
1612.03	0.00012958553263499442
1612.0349999999999	0.0001297762353348897
1612.04	0.0001304871380908994
1612.0449999999998	0.00013096131354902276
1612.05	0.000130834381833477
1612.055	0.00013033898751427041
1612.06	0.0001291392931208148
1612.0649999999998	0.00012774660481673855
1612.07	0.0001264466548297552
1612.075	0.00012558660834950924
1612.08	0.0001251844861709787
1612.085	0.00012529796633039617
1612.09	0.00012571144874488517
1612.0949999999998	0.00012599374313547714
1612.1	0.00012593267986046798
1612.105	0.0001256028371968861
1612.1100000000001	0.0001248851824455034
1612.115	0.00012381309886611897
1612.12	0.00012253906715861804
1612.125	0.0001212448460049198
1612.1299999999999	0.00012019937722070043
1612.135	0.00011963392615785636
1612.14	0.00011942028913860614
1612.145	0.00011970525428643592
1612.1499999999999	0.00012041395693585929
1612.155	0.00012129257318694477
1612.1599999999999	0.0001222640964708908
1612.165	0.00012320469300380047
1612.17	0.00012330221729385597
1612.175	0.00012341468719041465
1612.1799999999998	0.00012320859883396378
1612.185	0.00012259290689270268
1612.1899999999998	0.0001216159810055866
1612.195	0.00012052447284582406
1612.2	0.00011945173799279847
1612.205	0.00011859593622956763
1612.2099999999998	0.0001180893597231005
1612.215	0.00011817783730344829
1612.22	0.00011904052125516585
1612.2250000000001	0.00012054279823185842
1612.23	0.00012202272737256892
1612.235	0.0001231573939704552
1612.24	0.00012354950831188933
1612.245	0.0001232830054127066
1612.25	0.00012265892071900607
1612.255	0.00012180666483066001
1612.26	0.00012088295377366215
1612.2649999999999	0.00012034701914921259
1612.27	0.00012041363024059056
1612.2749999999999	0.00012065341899140312
1612.28	0.0001211535427918243
1612.285	0.00012159701028078284
1612.29	0.00012188863904187532
1612.2949999999998	0.00012193974920368981
1612.3	0.00012157642549698234
1612.3049999999998	0.00012090186221500313
1612.31	0.00012000584708193548
1612.315	0.00011909334009831444
1612.32	0.00011837947518326112
1612.3249999999998	0.00011801234317355409
1612.33	0.00011752735692290077
1612.3349999999998	0.00011762520051655959
1612.3400000000001	0.00011764238297030984
1612.345	0.00011796421304901541
1612.35	0.00011844653093970919
1612.355	0.0001189683394706396
1612.36	0.00011938175464301987
1612.3649999999998	0.00011952709199368595
1612.3700000000001	0.00011941021996235228
1612.375	0.00011896032692068284
1612.3799999999999	0.00011831066553498216
1612.385	0.00011792534193313193
1612.3899999999999	0.00011750253074354886
1612.395	0.00011726388925184579
1612.4	0.00011729196117302982
1612.405	0.0001176737698345964
1612.4099999999999	0.00011794133225484016
1612.415	0.00011817771076152028
1612.4199999999998	0.00011817713681002936
1612.425	0.00011773829085113204
1612.43	0.00011714340851050701
1612.435	0.00011661052372118018
1612.4399999999998	0.00011607543405869359
1612.445	0.00011601917042714985
1612.4499999999998	0.00011608190960552479
1612.4550000000002	0.00011638064660944499
1612.46	0.00011696237582345169
1612.465	0.00011784512073574263
1612.47	0.00011877664338442029
1612.475	0.0001195378644954503
1612.4799999999998	0.0001200742321606358
1612.4850000000001	0.00012025604477606637
1612.49	0.00012038402800108735
1612.495	0.00011998453327899496
1612.5	0.00011964575548263616
1612.5049999999999	0.00011955998222863165
1612.5099999999998	0.00011950285139198286
1612.515	0.00011930442301531553
1612.52	0.00011935877157962851
1612.5249999999999	0.00011976086076847668
1612.53	0.00012029497371340382
1612.5349999999999	0.0001210207220961516
1612.54	0.00012184632791189147
1612.545	0.00012276024038228656
1612.55	0.00012300274743935383
1612.5549999999998	0.00012308757106880343
1612.56	0.0001223719935992888
1612.5649999999998	0.00012136002082895806
1612.57	0.0001202352415973689
1612.575	0.00011939452389273067
1612.58	0.00011918930410204331
1612.585	0.00011966414207739993
1612.59	0.00012057874606695055
1612.5949999999998	0.00012157933207670607
1612.6000000000001	0.0001223610601482658
1612.605	0.00012260503265688934
1612.61	0.00012251079519719514
1612.615	0.00012214726720934178
1612.62	0.00012141977441846884
1612.6249999999998	0.00012036452966820523
1612.63	0.0001191372482685553
1612.635	0.00011832693781581606
1612.6399999999999	0.00011794511466127441
1612.645	0.00011798547440795268
1612.6499999999999	0.00011829918522438832
1612.6549999999997	0.00011884230535834131
1612.66	0.00011976137479513665
1612.665	0.00012033720856339305
1612.6699999999998	0.00012118431832535468
1612.675	0.00012185954186682882
1612.6799999999998	0.00012198774882463718
1612.685	0.00012161229423216352
1612.69	0.00012099767490634238
1612.695	0.00012002313113328178
1612.7	0.00011897721753886986
1612.705	0.00011805076715752
1612.7099999999998	0.00011749169002275072
1612.715	0.00011722618323895556
1612.72	0.00011760953880228995
1612.725	0.0001183575458776455
1612.73	0.00011948193357702163
1612.735	0.00012000320352278637
1612.7399999999998	0.00012024586853625221
1612.7450000000001	0.00011997077794003123
1612.75	0.00011942753820728578
1612.7549999999999	0.00011890835551320653
1612.76	0.00011857805178992585
1612.7649999999999	0.00011863784983563846
1612.7699999999998	0.00011891765202494302
1612.775	0.00011937541878251609
1612.78	0.00012012663660348028
1612.7849999999999	0.00012075856606700913
1612.79	0.00012127606390058533
1612.7949999999998	0.00012129277860777833
1612.8	0.00012109610850580683
1612.805	0.0001206818110272109
1612.81	0.00011995012506714166
1612.815	0.00011898331336531725
1612.82	0.00011814763264088879
1612.8249999999998	0.00011754759437924448
1612.83	0.00011716370045583411
1612.835	0.00011722360530607731
1612.84	0.00011773934477087822
1612.845	0.00011841085296926743
1612.85	0.00011898086057347103
1612.8549999999998	0.00011985826562523293
1612.86	0.00012049073559400116
1612.865	0.00012099092315088023
1612.87	0.00012122328915927068
1612.875	0.00012121120260202652
1612.8799999999999	0.00012081786659859206
1612.885	0.00012010009517153312
1612.8899999999999	0.00011932087938448586
1612.895	0.00011875829341665891
1612.8999999999999	0.00011873632690844148
1612.905	0.00011917997449543167
1612.9099999999999	0.00012025385727620307
1612.915	0.00012136158334389937
1612.92	0.00012218911949228855
1612.925	0.00012267028046810205
1612.93	0.00012267531572456356
1612.935	0.00012240150176321725
1612.9399999999998	0.00012200452587544156
1612.945	0.00012142948332105564
1612.95	0.00012095487655773511
1612.955	0.00012054365395578861
1612.96	0.00012023483585662217
1612.965	0.00012051626704920282
1612.9699999999998	0.00012089355722308503
1612.975	0.00012144270308074902
1612.98	0.00012198044001309786
1612.985	0.00012199178255655103
1612.99	0.0001219690893776714
1612.995	0.00012157120841754857
1613	0.00012103321562391134
1613.0049999999999	0.000120445410250425
1613.01	0.00011967329393840286
1613.0149999999999	0.00011884539207023082
1613.02	0.00011813227629695241
1613.0249999999999	0.00011760625342983349
1613.03	0.00011745344488138773
1613.0349999999999	0.0001177035110632405
1613.04	0.0001184054977711228
1613.045	0.00011957248313646446
1613.05	0.00012034636849031968
1613.0549999999998	0.00012051258621675958
1613.06	0.00011982957850537958
1613.065	0.00011875544182029134
1613.07	0.00011769812822940145
1613.075	0.00011692267190177229
1613.08	0.00011666106882298719
1613.0849999999998	0.00011663662068650167
1613.09	0.00011680331387881485
1613.095	0.00011733042697262268
1613.1	0.00011760786676330658
1613.105	0.00011814608809306
1613.11	0.00011812633557345356
1613.115	0.00011763746109512015
1613.12	0.00011674043098161842
1613.125	0.0001155919563754458
1613.13	0.00011449114903972811
1613.135	0.00011357526512592974
1613.1399999999999	0.00011291307213908844
1613.145	0.0001126641016926639
1613.1499999999999	0.00011312259288572862
1613.155	0.0001137579573554192
1613.16	0.00011476795765288797
1613.165	0.00011599125035705565
1613.1699999999998	0.00011718647325889424
1613.175	0.00011817600379290955
1613.1799999999998	0.00011879833318913352
1613.185	0.00011946466332305118
1613.19	0.00011953354398571088
1613.195	0.00011929224442324439
1613.1999999999998	0.00011856613397408358
1613.205	0.00011757046189997595
1613.21	0.00011649023708691514
1613.215	0.00011592296424892232
1613.22	0.00011602689470231922
1613.225	0.0001166858670690967
1613.23	0.00011758055608277531
1613.235	0.00011806345456632456
1613.24	0.00011856911931920672
1613.2450000000001	0.00011822882588012023
1613.25	0.0001174914178919863
1613.2549999999999	0.00011651602132594399
1613.26	0.0001156713259361756
1613.2649999999999	0.00011508338706328742
1613.27	0.00011458508379291739
1613.275	0.0001146091517585095
1613.28	0.00011486117828801916
1613.2849999999999	0.00011528797689187933
1613.29	0.0001155684293914387
1613.2949999999998	0.0001161405524146003
1613.3	0.00011614055256359285
1613.305	0.00011563995225820936
1613.31	0.00011478106122162527
1613.3149999999998	0.00011374180111606348
1613.32	0.00011307134037770383
1613.3249999999998	0.00011246941306123109
1613.33	0.00011225205514457564
1613.335	0.00011222506873309611
1613.34	0.00011217252148924486
1613.345	0.00011257206375599229
1613.35	0.00011297364699973954
1613.3549999999998	0.00011393804170202422
1613.3600000000001	0.00011462565084695029
1613.365	0.00011510968874711801
1613.37	0.0001152083039078995
1613.375	0.00011474004244290012
1613.3799999999999	0.00011361556471118214
1613.385	0.00011252937166508989
1613.39	0.00011158035586834797
1613.395	0.00011112693902338995
1613.3999999999999	0.00011117949860841653
1613.405	0.00011189245264191908
1613.4099999999999	0.00011267851950407366
1613.415	0.00011333011854174595
1613.42	0.00011418620702892388
1613.425	0.00011480985255479841
1613.4299999999998	0.00011535917868796631
1613.435	0.00011563133582462792
1613.4399999999998	0.00011534792441393154
1613.445	0.00011482877680560337
1613.45	0.00011418849926846504
1613.455	0.00011367624558308253
1613.46	0.00011353320987991843
1613.465	0.00011368220532305711
1613.4699999999998	0.00011410366028567484
1613.4750000000001	0.00011489844604212416
1613.48	0.00011539874485218714
1613.485	0.00011601603594809511
1613.49	0.00011658529541859407
1613.495	0.00011682855023965819
1613.4999999999998	0.00011702640703669469
1613.505	0.00011686740844750367
1613.51	0.0001167382816579743
1613.5149999999999	0.00011653746907982899
1613.52	0.0001162330629203688
1613.5249999999999	0.00011611568019730132
1613.53	0.00011619094312065115
1613.535	0.00011650729445979597
1613.54	0.00011739906578290926
1613.5449999999998	0.00011819912986978542
1613.55	0.00011903504975742892
1613.5549999999998	0.0001192667648577124
1613.56	0.0001189962451970953
1613.565	0.00011867266968630366
1613.57	0.00011810934744046959
1613.575	0.00011772652229970391
1613.58	0.00011709760225609892
1613.5849999999998	0.00011668883957519149
1613.5900000000001	0.00011679244704569635
1613.595	0.00011685325931856776
1613.6	0.00011719576784348447
1613.605	0.00011729444439345123
1613.61	0.00011740862105699713
1613.6149999999998	0.00011718294042082425
1613.6200000000001	0.00011667962766439321
1613.625	0.00011581311402825217
1613.6299999999999	0.00011463773697165747
1613.635	0.00011368106429726071
1613.6399999999999	0.00011290219229804973
1613.6449999999998	0.00011225074879168246
1613.65	0.00011186947981438246
1613.655	0.00011190462541793805
1613.6599999999999	0.00011221258447003059
1613.665	0.0001125382910761581
1613.6699999999998	0.00011299491622959328
1613.675	0.00011356054850730627
1613.68	0.00011393988783855763
1613.685	0.00011401529093897563
1613.69	0.00011367961523534336
1613.695	0.00011310445737750948
1613.6999999999998	0.00011201051559792664
1613.705	0.00011124173040971214
1613.71	0.00011046398878341035
1613.715	0.00011022634675197228
1613.72	0.00011037757696850652
1613.725	0.00011088086936780272
1613.7299999999998	0.00011198218856662743
1613.7350000000001	0.00011266078687785824
1613.74	0.000113169955539601
1613.745	0.00011337775837667523
1613.75	0.00011321178420464562
1613.7549999999999	0.00011291661436479484
1613.7599999999998	0.00011222506891412578
1613.765	0.00011161785590861949
1613.77	0.00011133244354314031
1613.7749999999999	0.0001114051885896967
1613.78	0.00011175733914198021
1613.7849999999999	0.00011267331521788035
1613.7899999999997	0.0001137512786469828
1613.795	0.00011466147979935997
1613.8	0.00011537374414588446
1613.805	0.00011567927719799222
1613.81	0.00011573271434310803
1613.8149999999998	0.00011543984107698663
1613.82	0.00011479367758648894
1613.825	0.00011449569145573804
1613.83	0.00011389973353888492
1613.835	0.00011306538384977251
1613.84	0.0001127435632676654
1613.8449999999998	0.00011250914145323165
1613.85	0.00011275086939482066
1613.855	0.00011316371801295247
1613.86	0.00011411630916337194
1613.865	0.00011488988179981001
1613.87	0.00011538653559584222
1613.8749999999998	0.00011529032015567107
1613.88	0.00011483102652558824
1613.885	0.00011396541372852457
1613.8899999999999	0.00011285082860711474
1613.895	0.00011209115741536438
1613.8999999999999	0.0001115635460599677
1613.9049999999997	0.00011126532398192692
1613.91	0.00011153444521896629
1613.915	0.00011229726951414607
1613.92	0.00011324382173781823
1613.925	0.0001140787415240463
1613.9299999999998	0.00011449889066574411
1613.935	0.00011457468931710999
1613.94	0.00011415152973045376
1613.945	0.00011322856530778852
1613.95	0.00011244839744537215
1613.955	0.000111718717735459
1613.9599999999998	0.00011117583886104246
1613.965	0.00011078666087818903
1613.97	0.00011045674478944214
1613.975	0.00011065947884416315
1613.98	0.00011110139032083343
1613.985	0.0001116141454054428
1613.9899999999998	0.00011219877327045102
1613.995	0.00011252027114383425
1614	0.00011267048950539087
1614.005	0.00011245049764098164
1614.01	0.00011192827674205527
1614.0149999999999	0.00011125212685126014
1614.0199999999998	0.00011031202309096569
1614.0249999999999	0.00010953875980678127
1614.03	0.00010927027359681986
1614.035	0.00010936086270105188
1614.04	0.0001098042614565777
1614.0449999999998	0.00011055015265858781
1614.05	0.00011127569142350552
1614.055	0.00011163685260987528
1614.06	0.00011166903715592728
1614.065	0.00011109938678877451
1614.07	0.00010995603857206402
1614.0749999999998	0.00010873217070310122
1614.08	0.00010767359889630531
1614.085	0.00010693697531344656
1614.09	0.00010671834752429274
1614.095	0.00010671834752429274
1614.1	0.0001073656943210166
1614.1049999999998	0.00010827109705575023
1614.11	0.00010915564807618314
1614.115	0.00010988292480031184
1614.1200000000001	0.00011028674132271604
1614.125	0.00011023579522652766
1614.1299999999999	0.00010979735889318051
1614.1349999999998	0.00010899919933569584
1614.1399999999999	0.00010759508301413658
1614.145	0.00010647202430004253
1614.15	0.00010560125433524486
1614.155	0.00010504942429986372
1614.1599999999999	0.00010481296373059894
1614.165	0.00010491114569773106
1614.1699999999998	0.00010542960419402859
1614.175	0.00010611419305319722
1614.18	0.00010696508373778753
1614.185	0.0001076345430593551
1614.1899999999998	0.00010785902347038687
1614.195	0.0001073075225918589
1614.2	0.00010656991790760935
1614.205	0.00010548803282327848
1614.21	0.00010424981306932569
1614.215	0.00010318182366557674
1614.2199999999998	0.00010279333224682356
1614.225	0.00010269717638816462
1614.23	0.00010305353070778588
1614.2350000000001	0.00010349728189572553
1614.24	0.0001037478958871961
1614.245	0.00010395399640110077
1614.25	0.00010359570767430909
1614.2549999999999	0.00010330314803315657
1614.26	0.00010274539183546889
1614.265	0.00010216214010997179
1614.27	0.00010165349430807682
1614.2749999999999	0.00010140234374262398
1614.28	0.00010137157355087288
1614.2849999999999	0.00010143214439582349
1614.29	0.00010155398648667377
1614.295	0.00010180804933238442
1614.3	0.00010223646880145814
1614.3049999999998	0.00010238286870314595
1614.31	0.00010269032341983605
1614.3149999999998	0.00010282548277332997
1614.32	0.00010258385022612197
1614.325	0.00010208993273779964
1614.33	0.0001016540446040807
1614.3349999999998	0.00010119375303267413
1614.34	0.00010080540597243012
1614.345	0.00010053386165160453
1614.3500000000001	0.00010049814048074027
1614.355	0.00010062729376434772
1614.36	0.00010149595067936654
1614.365	0.00010230820499832933
1614.37	0.00010325142467006767
1614.375	0.00010364439464089257
1614.38	0.0001037969369901257
1614.385	0.00010350737001570026
1614.3899999999999	0.00010329031995068487
1614.395	0.00010296240091768334
1614.3999999999999	0.00010271076769589765
1614.405	0.00010279491424476875
1614.41	0.00010306817205341544
1614.415	0.00010348162568312595
1614.4199999999998	0.00010399181559642381
1614.425	0.00010436854345773082
1614.4299999999998	0.00010444705882144787
1614.435	0.00010408201419078911
1614.44	0.00010367568503058105
1614.445	0.00010279084088127547
1614.4499999999998	0.00010167383775721695
1614.455	0.00010057626707474052
1614.4599999999998	0.0000996531859431187
1614.4650000000001	0.00009902014250220715
1614.47	0.00009882308024426769
1614.475	0.0000991920157489538
1614.48	0.0000999471379949622
1614.485	0.00010066054428174931
1614.4899999999998	0.00010147385921724216
1614.4950000000001	0.00010257378598089965
1614.5	0.00010348481402848157
1614.5049999999999	0.00010417370060861337
1614.51	0.0001044924210514277
1614.5149999999999	0.00010456676947842712
1614.52	0.00010412845602258127
1614.525	0.00010355160142546039
1614.53	0.00010298622299525019
1614.5349999999999	0.00010282372347845798
1614.54	0.00010284734655169561
1614.5449999999998	0.00010357399153339202
1614.55	0.00010441267311150329
1614.555	0.00010497756166056941
1614.56	0.00010527153561137656
1614.5649999999998	0.00010517147956332956
1614.57	0.00010490217147583054
1614.5749999999998	0.00010439938144956013
1614.5800000000002	0.00010374580855112718
1614.585	0.00010317236122335898
1614.59	0.00010263732068968129
1614.595	0.000102188905588304
1614.6	0.00010189467239198135
1614.6049999999998	0.00010216832629188746
1614.6100000000001	0.00010232013296980054
1614.615	0.00010261811906192605
1614.62	0.00010245559487531765
1614.625	0.00010226403542769041
1614.6299999999999	0.00010178995090105135
1614.6349999999998	0.00010118550243314758
1614.64	0.0001007110271172775
1614.645	0.00010015402461383719
1614.6499999999999	0.00009936152165165412
1614.655	0.00009886438882948245
1614.6599999999999	0.00009848956606975601
1614.665	0.00009840724276007996
1614.67	0.00009853833726716595
1614.675	0.0000989705242107066
1614.6799999999998	0.00009978132252833969
1614.685	0.00010047776900455202
1614.6899999999998	0.00010081829966212538
1614.695	0.00010063300521614366
1614.7	0.00010000658790202875
1614.705	0.00009903953309793487
1614.71	0.00009839537492085968
1614.715	0.00009824174373972926
1614.7199999999998	0.00009846489779795889
1614.7250000000001	0.00009864019844921162
1614.73	0.00009886769831120869
1614.735	0.00009919365322211554
1614.74	0.00009954710097271764
1614.745	0.00010012817107437804
1614.7499999999998	0.000100188840935261
1614.755	0.00009981509638920816
1614.76	0.00009905954057089297
1614.7649999999999	0.00009823181144200093
1614.77	0.00009755156045178969
1614.7749999999999	0.00009700946637305303
1614.7799999999997	0.00009662352939124361
1614.785	0.0000966031827172979
1614.79	0.00009688060996322748
1614.7949999999998	0.00009732124212062829
1614.8	0.00009827352562412045
1614.8049999999998	0.00009913604940288477
1614.81	0.00009982899855536239
1614.815	0.00010048095937657539
1614.82	0.00010089492136840178
1614.825	0.00010109268542142314
1614.83	0.00010109268556643149
1614.8349999999998	0.00010081671133970199
1614.84	0.00010035954581309086
1614.845	0.00009970981063392456
1614.85	0.00009909744772686085
1614.855	0.00009894926544573031
1614.86	0.00009897855268168419
1614.8649999999998	0.00009916236308406791
1614.8700000000001	0.00009969714477873971
1614.875	0.00009983496058495367
1614.8799999999999	0.00009974936383056547
1614.885	0.00009951276874048597
1614.8899999999999	0.0000989070783303938
1614.8949999999998	0.00009813025339623628
1614.9	0.00009745522865591872
1614.905	0.00009701008512698521
1614.9099999999999	0.00009697067848733598
1614.915	0.000097144354646594
1614.9199999999998	0.00009758512554309313
1614.925	0.00009816893205794161
1614.93	0.0000988009009139674
1614.935	0.0000992907643264176
1614.94	0.00009940257380087716
1614.945	0.00009916270801979076
1614.9499999999998	0.00009845591582290382
1614.955	0.0000977609962727693
1614.96	0.00009723677081854704
1614.965	0.00009668545581337813
1614.97	0.00009609205394183334
1614.975	0.00009547100018994682
1614.9799999999998	0.00009514396638190854
1614.985	0.00009518020603050171
1614.99	0.00009554043339763412
1614.995	0.00009606686078898919
1615	0.00009662440307515873
1615.0049999999999	0.00009723668278916584
1615.0099999999998	0.00009774311911314729
1615.0149999999999	0.00009741713741524756
1615.02	0.00009666999948793895
1615.0249999999999	0.00009560781103615838
1615.03	0.00009477727135446062
1615.0349999999999	0.00009420483618293602
1615.04	0.00009424863117020274
1615.045	0.00009467081495631409
1615.05	0.00009517365508350507
1615.055	0.00009587330462907051
1615.06	0.00009675360513480284
1615.0649999999998	0.00009724250892332514
1615.07	0.00009738819394648463
1615.075	0.00009704882048753181
1615.08	0.00009630387021980055
1615.085	0.00009534104712200455
1615.09	0.00009446452396830258
1615.0949999999998	0.00009405409981205014
1615.1	0.00009403138541141373
1615.105	0.0000943659808380182
1615.11	0.0000950513757703665
1615.115	0.00009562574002140377
1615.12	0.00009603855356680827
1615.125	0.00009662800877827384
1615.1299999999999	0.00009671125325673003
1615.135	0.0000963930760921466
1615.1399999999999	0.00009553744221058558
1615.145	0.00009456588395440283
1615.1499999999999	0.00009348792635094708
1615.155	0.00009257934909208911
1615.1599999999999	0.00009182638037839898
1615.165	0.00009142395474046214
1615.17	0.00009128115408258166
1615.175	0.00009180305771608591
1615.1799999999998	0.0000921877601781088
1615.185	0.00009262430066459015
1615.19	0.00009257376802866002
1615.195	0.00009235027741227847
1615.2	0.00009190658636874114
1615.205	0.00009120538034184007
1615.2099999999998	0.0000904023202116304
1615.215	0.00008957243720918348
1615.22	0.00008911232720324584
1615.225	0.00008874895619025947
1615.23	0.00008896700416544469
1615.235	0.00008933124575089471
1615.24	0.00008981801798910132
1615.245	0.00009034023955774391
1615.25	0.00009096114565428448
1615.2549999999999	0.00009151528249007409
1615.26	0.00009178617353165636
1615.2649999999999	0.00009170897035228004
1615.27	0.00009127516833308518
1615.2749999999999	0.00009088781697525558
1615.28	0.00009034506951558859
1615.285	0.00009014524407968841
1615.29	0.00008993737853721361
1615.2949999999998	0.00008984920978122238
1615.3	0.00008993316866970988
1615.3049999999998	0.00009028424806468506
1615.31	0.00009110718594938506
1615.315	0.0000918788200678066
1615.32	0.000092682968586371
1615.3249999999998	0.00009320064770064571
1615.33	0.00009328191539200957
1615.335	0.00009296904067802392
1615.34	0.00009236512724739277
1615.345	0.00009164081367344527
1615.35	0.00009094650783352733
1615.355	0.00009064293506198442
1615.36	0.00009081215970797265
1615.365	0.0000912853108447263
1615.3700000000001	0.00009197303155778805
1615.375	0.00009255684995588324
1615.3799999999999	0.00009260429720013947
1615.385	0.0000928098775544114
1615.3899999999999	0.00009302982620172656
1615.395	0.0000933050149181946
1615.4	0.0000933852049503944
1615.405	0.0000931933924387325
1615.4099999999999	0.0000929312112608134
1615.415	0.00009280570557408363
1615.4199999999998	0.00009287353760745503
1615.425	0.00009298732035552872
1615.43	0.00009332035942360544
1615.435	0.00009378256962343492
1615.4399999999998	0.00009434156740579998
1615.445	0.0000945916841224049
1615.4499999999998	0.00009479309659685524
1615.455	0.00009470369525944803
1615.46	0.00009424629403781786
1615.465	0.00009367060002155877
1615.47	0.00009312646276028748
1615.475	0.00009265461501612193
1615.48	0.00009220779476049816
1615.4850000000001	0.00009191585460335395
1615.49	0.00009188361545107898
1615.495	0.00009198183360041696
1615.5	0.00009256237696066471
1615.5049999999999	0.00009285280694021502
1615.51	0.00009291663667956138
1615.515	0.00009256147064470136
1615.52	0.00009224012143034765
1615.5249999999999	0.00009172685184775593
1615.53	0.00009117012998894117
1615.5349999999999	0.00009073019549715821
1615.54	0.00009057471387650734
1615.545	0.00009084325223043279
1615.55	0.00009117979808791478
1615.5549999999998	0.00009168215896211532
1615.56	0.00009198444275283706
1615.5649999999998	0.00009209039205807318
1615.57	0.00009194802132804456
1615.575	0.00009154587232568204
1615.58	0.00009095999253128846
1615.585	0.00009017654685178776
1615.59	0.00008926368475789038
1615.5949999999998	0.00008848181961977351
1615.6000000000001	0.00008787758151031114
1615.605	0.00008747913985710606
1615.61	0.00008752073921594542
1615.615	0.00008791118232701985
1615.62	0.0000884421788341583
1615.6249999999998	0.00008914220226748871
1615.63	0.00008982352065257258
1615.635	0.00009034278487905214
1615.6399999999999	0.0000904550066919064
1615.645	0.00009020957613919748
1615.6499999999999	0.00008963420876024907
1615.655	0.0000888662214797329
1615.66	0.0000882282648275078
1615.665	0.00008773984165008889
1615.6699999999998	0.00008768715612702056
1615.675	0.00008783186811597001
1615.6799999999998	0.0000883793616160658
1615.685	0.0000890444833794092
1615.69	0.00008946516745947575
1615.695	0.000089516337424999
1615.7	0.00008912792934384858
1615.705	0.00008845254214446958
1615.7099999999998	0.00008760483035866827
1615.7150000000001	0.00008690484050540206
1615.72	0.0000864745353500666
1615.725	0.0000863086398383693
1615.73	0.00008635271545301111
1615.735	0.00008653856883579764
1615.7399999999998	0.0000868278585233726
1615.7450000000001	0.00008760802638578886
1615.75	0.0000883085537545551
1615.7549999999999	0.00008902457693953271
1615.76	0.00008954926752322389
1615.7649999999999	0.0000897443532992494
1615.7699999999998	0.0000897581004046377
1615.775	0.0000894624140068013
1615.78	0.00008908374923243479
1615.7849999999999	0.00008873843772883644
1615.79	0.00008831635687842912
1615.7949999999998	0.00008813231067174567
1615.8	0.00008816912364494353
1615.805	0.00008846122347912243
1615.81	0.00008888707759880392
1615.815	0.00008927315775919702
1615.82	0.00008982356254165902
1615.8249999999998	0.00009044978634684117
1615.83	0.00009099839221481938
1615.835	0.00009117322584608198
1615.84	0.00009104297654500025
1615.845	0.00009050809913317969
1615.85	0.00009003241917169557
1615.8549999999998	0.00008991670219701153
1615.8600000000001	0.00009002748133941906
1615.865	0.00009016888619758331
1615.87	0.00009051897335181115
1615.875	0.00009087129805072183
1615.8799999999999	0.0000913503963281497
1615.8849999999998	0.00009169261197038473
1615.89	0.00009188388842525593
1615.895	0.00009186364760269311
1615.8999999999999	0.00009147621516604105
1615.905	0.0000908894107420414
1615.9099999999999	0.000090201239184434
1615.9149999999997	0.00008954183388742066
1615.92	0.0000891086160490138
1615.925	0.00008882152426729994
1615.93	0.00008881872156569607
1615.935	0.00008916752820031713
1615.9399999999998	0.00008939364447376723
1615.945	0.00008983060997589892
1615.95	0.00009023181734779552
1615.955	0.00009061165160465956
1615.96	0.00009083209049851026
1615.965	0.00009061259956918036
1615.9699999999998	0.00009007142599855551
1615.975	0.00008916249733451092
1615.98	0.00008794270557787047
1615.985	0.0000870455456088183
1615.99	0.00008663418598644684
1615.995	0.00008679692860987338
1615.9999999999998	0.00008734729302203139
1616.005	0.00008782924080175423
1616.01	0.00008736492942148416
1616.0149999999999	0.00008687109683648492
1616.02	0.00008681047619595795
1616.0249999999999	0.00008642216973563875
1616.0299999999997	0.0000860909756314451
1616.035	0.00008592340204537044
1616.04	0.00008591532936772718
1616.045	0.00008624696047452499
1616.05	0.00008652091202960782
1616.0549999999998	0.0000869490049740727
1616.06	0.00008755212165175957
1616.065	0.00008824218675483871
1616.07	0.0000889777298495818
1616.075	0.00008979348495035582
1616.08	0.00009024786415425868
1616.0849999999998	0.00009018165293997193
1616.09	0.00008983962587797752
1616.095	0.00008938769327591029
1616.1	0.00008899412775062026
1616.105	0.00008881521013931664
1616.11	0.00008875858738116636
1616.1149999999998	0.00008875000639818605
1616.12	0.00008891539128001085
1616.125	0.00008914645143803568
1616.1299999999999	0.00008944650400049907
1616.135	0.00008946272252832392
1616.1399999999999	0.00008932737143972267
1616.1449999999998	0.00008895024967512725
1616.1499999999999	0.0000881647956770813
1616.155	0.00008705499573648842
1616.16	0.00008578082978351457
1616.165	0.0000845020591780392
1616.1699999999998	0.00008337639201490481
1616.175	0.00008297802701754249
1616.18	0.00008300192703204857
1616.185	0.00008334509326487593
1616.19	0.00008373496518552628
1616.195	0.00008421273040564714
1616.1999999999998	0.00008453720052608805
1616.205	0.00008450078251640493
1616.21	0.0000842524590450184
1616.215	0.00008367370568887441
1616.22	0.00008299163559506916
1616.225	0.0000820875694906095
1616.2299999999998	0.00008151408674839642
1616.235	0.00008110973199190391
1616.24	0.00008107662735130241
1616.2450000000001	0.0000812653521598979
1616.25	0.00008174742090753798
1616.2549999999999	0.00008234801724519716
1616.2599999999998	0.00008290491421707474
1616.2649999999999	0.0000834632391465621
1616.27	0.00008390042875971677
1616.275	0.00008396054914289411
1616.28	0.00008380095919112857
1616.2849999999999	0.00008347761888454482
1616.29	0.00008299564788887761
1616.2949999999998	0.0000825931494149656
1616.3	0.0000821518004372803
1616.305	0.00008202751634541501
1616.31	0.00008229196263343171
1616.3149999999998	0.0000831220283097295
1616.32	0.00008389937261429518
1616.325	0.0000847256854103943
1616.33	0.00008510484592025582
1616.335	0.000085056865808982
1616.34	0.00008472889522178675
1616.3449999999998	0.00008407937124083135
1616.35	0.00008333173906860394
1616.355	0.00008269976926352239
1616.3600000000001	0.00008252097473175107
1616.365	0.00008237019893459754
1616.37	0.0000825740206918188
1616.3749999999998	0.00008291298695681748
1616.3799999999999	0.00008334132078678386
1616.385	0.00008391359373359916
1616.39	0.00008446182843640943
1616.395	0.00008450806840152348
1616.3999999999999	0.00008445623865522578
1616.405	0.00008413787883755726
1616.4099999999999	0.00008364684112767808
1616.415	0.00008309578400900641
1616.42	0.00008244061682356217
1616.425	0.00008182426490253995
1616.4299999999998	0.00008173379321208988
1616.435	0.000081669946684026
1616.4399999999998	0.00008185813862150113
1616.445	0.00008185547755464814
1616.45	0.00008203529964146241
1616.455	0.00008214697142617969
1616.4599999999998	0.00008209903900653763
1616.465	0.00008203989674227398
1616.47	0.00008163061334844563
1616.4750000000001	0.00008087701269546202
1616.48	0.00007990359591095013
1616.485	0.00007910225359323124
1616.49	0.00007852921024161212
1616.495	0.00007831286318583178
1616.5	0.00007870660749954748
1616.505	0.00007908420069165983
1616.51	0.00007960549045447275
1616.5149999999999	0.0000800608353414237
1616.52	0.00008004821390967792
1616.5249999999999	0.00008001201423231035
1616.53	0.00007947495580980087
1616.535	0.00007903933381286251
1616.54	0.00007850116541860871
1616.5449999999998	0.00007817942304139742
1616.55	0.0000780501454637999
1616.5549999999998	0.00007828643380178115
1616.56	0.00007883694285791411
1616.565	0.00007948935550558016
1616.57	0.00008007059448411155
1616.5749999999998	0.00008050293588935895
1616.58	0.00008076003050076261
1616.5849999999998	0.0000806800997506385
1616.5900000000001	0.00008059883391859693
1616.595	0.00008045640792504637
1616.6	0.0000801849537400773
1616.605	0.00007972843027012974
1616.61	0.00007930544608983059
1616.6149999999998	0.00007877464133507718
1616.6200000000001	0.00007861264751719588
1616.625	0.0000786654055250568
1616.6299999999999	0.00007914421245085317
1616.635	0.00007975689248273053
1616.6399999999999	0.00008039078783312211
1616.645	0.00008066123289543477
1616.65	0.00008052797904007694
1616.655	0.0000800736602308686
1616.6599999999999	0.00007940842021797719
1616.665	0.00007885182291415742
1616.6699999999998	0.00007829521215669817
1616.675	0.00007798687640563378
1616.68	0.00007789391094713909
1616.685	0.00007807883067450547
1616.6899999999998	0.00007815494027894102
1616.695	0.0000782590364301712
1616.6999999999998	0.00007836233999114473
1616.7050000000002	0.00007833964685298495
1616.71	0.00007812653923257861
1616.715	0.00007763098697051894
1616.72	0.00007709975482221236
1616.725	0.00007666546351301891
1616.7299999999998	0.00007617395433334567
1616.7350000000001	0.00007563758396705425
1616.74	0.00007550390016847516
1616.745	0.00007531148283072759
1616.75	0.00007551988225038196
1616.7549999999999	0.00007592933481887866
1616.7599999999998	0.00007629307921854971
1616.765	0.00007676900356124427
1616.77	0.00007731504979475477
1616.7749999999999	0.00007750414073937074
1616.78	0.00007788976643971507
1616.7849999999999	0.00007782804981298002
1616.79	0.00007787449611059081
1616.795	0.00007758106468468011
1616.8	0.00007713991393828294
1616.8049999999998	0.00007680728414505216
1616.81	0.00007672246775448708
1616.8149999999998	0.00007670406419393609
1616.82	0.00007692075066552329
1616.825	0.00007722391688449438
1616.83	0.00007784190205250182
1616.835	0.00007810936850614848
1616.84	0.0000781729611089218
1616.8449999999998	0.0000778714094342124
1616.8500000000001	0.00007736856498194162
1616.855	0.0000766845745283648
1616.86	0.00007610748658644018
1616.865	0.00007577882942047381
1616.87	0.00007558559840008495
1616.8749999999998	0.0000756265238622186
1616.88	0.00007583230902768636
1616.885	0.00007607830402786033
1616.8899999999999	0.000076359894592315
1616.895	0.0000763569688768298
1616.8999999999999	0.0000763082067318022
1616.9049999999997	0.00007583815247252769
1616.91	0.00007530312452119759
1616.915	0.00007470495941520847
1616.9199999999998	0.00007416955417298195
1616.925	0.00007367841330674615
1616.9299999999998	0.0000731311009508544
1616.935	0.00007286401733605994
1616.94	0.00007272580815363225
1616.945	0.0000730660075188025
1616.95	0.00007350425375357882
1616.955	0.00007375372028207381
1616.9599999999998	0.00007387727449576616
1616.965	0.00007371838732378642
1616.97	0.00007328982315404395
1616.975	0.00007258306743026194
1616.98	0.00007202215550519929
1616.985	0.00007124461888141299
1616.9899999999998	0.00007103562141118291
1616.9950000000001	0.00007115678548091061
1617	0.0000717471264796333
1617.0049999999999	0.00007252072863099398
1617.01	0.00007315079432906998
1617.0149999999999	0.0000734813825854387
1617.0199999999998	0.00007352216492358628
1617.025	0.00007340186009176979
1617.03	0.00007307582027836875
1617.0349999999999	0.0000726493999244457
1617.04	0.00007225816530595257
1617.0449999999998	0.00007174593461161279
1617.05	0.0000716863323921568
1617.055	0.00007167560397647323
1617.06	0.00007176161027391928
1617.065	0.00007202744396799502
1617.07	0.00007242402087766553
1617.0749999999998	0.00007284987214855525
1617.08	0.0000735034853189162
1617.085	0.00007377979973107921
1617.09	0.00007398368676520083
1617.095	0.00007393660950282742
1617.1	0.00007367602454046573
1617.1049999999998	0.00007350473224387169
1617.11	0.00007301805360227228
1617.115	0.0000727355250580557
1617.12	0.00007228469261076067
1617.125	0.00007186750763359268
1617.1299999999999	0.00007155533503739094
1617.1349999999998	0.00007166342395165546
1617.14	0.00007191778614375637
1617.145	0.00007225911119301919
1617.1499999999999	0.00007240282171521187
1617.155	0.00007261831931154306
1617.1599999999999	0.00007235384859949488
1617.165	0.0000719187666797495
1617.17	0.00007112835604829512
1617.175	0.00007030148639558961
1617.18	0.00006969170864987288
1617.185	0.00006925797387807399
1617.1899999999998	0.00006910818925750325
1617.195	0.00006892423778839461
1617.2	0.00006894418310240296
1617.205	0.00006904538755434478
1617.21	0.00006893383966314724
1617.215	0.00006898185284947246
1617.2199999999998	0.00006912063714609766
1617.225	0.00006886181984763842
1617.23	0.00006845192038892615
1617.235	0.0000679961203232208
1617.24	0.00006759465042282697
1617.245	0.00006734890854360063
1617.2499999999998	0.00006719350190590336
1617.2549999999999	0.0000670318972997632
1617.26	0.00006711504881951069
1617.2649999999999	0.00006736008337791932
1617.27	0.00006765992102851747
1617.2749999999999	0.00006786891362340098
1617.28	0.00006800965851938105
1617.2849999999999	0.00006819543589194196
1617.29	0.00006820942886084836
1617.295	0.0000682273608768616
1617.3	0.00006792997020008322
1617.3049999999998	0.00006761430581098588
1617.31	0.0000674132733549301
1617.315	0.0000675120490083324
1617.32	0.00006779958981334396
1617.325	0.00006814451614566477
1617.33	0.0000684003849035756
1617.3349999999998	0.0000682825078110335
1617.34	0.00006797496738086539
1617.345	0.00006778497564790368
1617.35	0.0000674516381321273
1617.355	0.00006710375067839237
1617.36	0.00006677890062057648
1617.365	0.00006661463353921192
1617.37	0.00006655298159049817
1617.375	0.0000665733296043163
1617.3799999999999	0.00006683511679954674
1617.385	0.00006732130394622858
1617.3899999999999	0.00006773063249337055
1617.395	0.00006827013934648422
1617.3999999999999	0.0000683846299059904
1617.405	0.00006833256416166828
1617.41	0.00006814675736641772
1617.415	0.00006773330368660738
1617.4199999999998	0.00006727195940262825
1617.425	0.00006674201010689192
1617.4299999999998	0.00006616260134887981
1617.435	0.00006566828246618547
1617.44	0.00006516474838859929
1617.445	0.0000650208326628009
1617.4499999999998	0.00006495811259581772
1617.455	0.00006520853942933943
1617.46	0.00006564957888974919
1617.465	0.00006627791512707591
1617.47	0.00006684452421471157
1617.475	0.0000668959745170978
1617.48	0.00006642093739745479
1617.485	0.00006553846180302729
1617.49	0.00006465306819395682
1617.495	0.0000639798902102662
1617.5	0.00006340531622788321
1617.5049999999999	0.00006349195604539496
1617.51	0.00006365532441526383
1617.5149999999999	0.00006433051313645306
1617.52	0.00006510716026957747
1617.525	0.0000658415685801443
1617.53	0.00006655122407351886
1617.5349999999999	0.00006676509041055929
1617.54	0.00006673689328105639
1617.5449999999998	0.00006637607309457557
1617.55	0.00006584847369617544
1617.555	0.00006541657795946406
1617.56	0.00006506280745162293
1617.5649999999998	0.0000650428607057421
1617.57	0.00006536228176147002
1617.5749999999998	0.00006578803648909465
1617.58	0.000066258284783676
1617.585	0.00006668023517609593
1617.59	0.00006717083441061555
1617.595	0.00006750695692569756
1617.6	0.00006765284342691291
1617.605	0.00006754216579295686
1617.6100000000001	0.00006720587660468982
1617.615	0.00006645495703451026
1617.62	0.00006575454262443292
1617.625	0.0000652239222626999
1617.6299999999999	0.00006532053654064957
1617.635	0.00006578799638221127
1617.64	0.00006671075997006116
1617.645	0.00006744426097139517
1617.6499999999999	0.00006804343177412337
1617.655	0.00006825845260849731
1617.6599999999999	0.00006801042675839712
1617.665	0.00006753571018656309
1617.67	0.00006695001575449828
1617.675	0.00006612905662341241
1617.6799999999998	0.00006558014306319361
1617.685	0.00006503676729828606
1617.6899999999998	0.0000648806698895963
1617.695	0.00006502719971553208
1617.7	0.00006546523305633727
1617.705	0.00006614776772091894
1617.71	0.00006690030815082334
1617.715	0.00006752769416346993
1617.7199999999998	0.00006799317600855147
1617.7250000000001	0.00006782065922406817
1617.73	0.00006763619709006047
1617.735	0.00006724162950715757
1617.74	0.00006691586840997612
1617.745	0.00006665928497928526
1617.7499999999998	0.00006636045285977608
1617.755	0.00006607949906133742
1617.76	0.00006613736070460767
1617.7649999999999	0.00006603051494501423
1617.77	0.00006626194684567944
1617.7749999999999	0.00006644195966494024
1617.78	0.0000666162867591409
1617.785	0.00006674102041870352
1617.79	0.0000667666899846217
1617.7949999999998	0.0000662940439599234
1617.8	0.00006561090568868001
1617.8049999999998	0.00006491517603996911
1617.81	0.00006443575246892556
1617.815	0.00006425074078643173
1617.82	0.00006433808819499583
1617.825	0.00006458660650951043
1617.83	0.00006495009271656178
1617.8349999999998	0.00006545717367630395
1617.8400000000001	0.00006583538354997303
1617.845	0.00006611525896005322
1617.85	0.00006606987382700146
1617.855	0.00006585548881307819
1617.86	0.00006551631764311781
1617.8649999999998	0.00006516801595985931
1617.8700000000001	0.00006539666580638035
1617.875	0.00006534680206041492
1617.8799999999999	0.00006506149952549534
1617.885	0.00006511323477892467
1617.8899999999999	0.00006518594279230785
1617.8949999999998	0.00006573424125311998
1617.9	0.0000659873587294794
1617.905	0.00006623922088878915
1617.9099999999999	0.00006629404379054913
1617.915	0.00006629404379054913
1617.9199999999998	0.00006639893299271944
1617.925	0.00006622665675438613
1617.93	0.00006595559135354998
1617.935	0.00006567368252589182
1617.94	0.00006549364621360044
1617.945	0.00006531901638843514
1617.9499999999998	0.00006540301373152279
1617.955	0.0000655992662578547
1617.96	0.00006595124230821748
1617.965	0.00006616538970370977
1617.97	0.0000663834361336974
1617.975	0.00006636871655880448
1617.9799999999998	0.00006616889850025068
1617.9850000000001	0.00006597414648768529
1617.99	0.0000656487839575495
1617.995	0.00006538969911265959
1618	0.00006543916784801205
1618.0049999999999	0.0000653768252749256
1618.0099999999998	0.00006552389792204819
1618.015	0.0000656581659172463
1618.02	0.00006597719436243691
1618.0249999999999	0.00006622550662701537
1618.03	0.00006631679529084035
1618.0349999999999	0.00006632979784626512
1618.0399999999997	0.00006620627382615958
1618.045	0.00006601155915973646
1618.05	0.00006572537112181587
1618.055	0.0000654396220167536
1618.06	0.00006529282836709163
1618.0649999999998	0.00006531964567529077
1618.07	0.00006551377659758314
1618.075	0.00006583424820991811
1618.08	0.00006592653999936772
1618.085	0.0000663669141564352
1618.09	0.00006655967322815558
1618.0949999999998	0.00006700919752419231
1618.1	0.0000672141901044755
1618.105	0.00006736721309297615
1618.11	0.00006726889267858965
1618.115	0.00006708160948664397
1618.12	0.00006672058754440787
1618.1249999999998	0.00006644123744546465
1618.13	0.00006630402715546753
1618.135	0.00006633143220162585
1618.1399999999999	0.00006657812169779908
1618.145	0.00006701719333112785
1618.1499999999999	0.00006732722041537814
1618.1549999999997	0.00006771827553434398
1618.16	0.00006792773087339234
1618.165	0.0000680048179998977
1618.17	0.00006792979921093436
1618.175	0.0000675739721523567
1618.1799999999998	0.00006721000523879811
1618.185	0.00006661383932685932
1618.19	0.0000663544301620025
1618.195	0.00006620262732798932
1618.2	0.00006632582833435479
1618.205	0.0000666256188791339
1618.2099999999998	0.00006680231723894911
1618.215	0.00006693540904176079
1618.22	0.00006718361033546661
1618.225	0.00006715959543210424
1618.23	0.00006706176421348109
1618.235	0.00006670841230373378
1618.2399999999998	0.00006612717956784014
1618.245	0.00006546763592541447
1618.25	0.00006467055539991496
1618.2549999999999	0.0000641187699857361
1618.26	0.0000637135158528937
1618.2649999999999	0.00006359390818691822
1618.2699999999998	0.00006398059098245146
1618.2749999999999	0.00006468819245015836
1618.28	0.00006534798616635413
1618.285	0.00006581753119263211
1618.29	0.00006577403025475836
1618.2949999999998	0.00006536944615834157
1618.3	0.00006466600998613183
1618.305	0.00006381403387905003
1618.31	0.00006294648006988982
1618.315	0.00006225036396686214
1618.32	0.000062044811802513
1618.3249999999998	0.00006203819590664196
1618.33	0.0000625699260955063
1618.335	0.00006319900000120862
1618.34	0.00006403036810567732
1618.345	0.00006484747630267945
1618.35	0.00006536368734675359
1618.3549999999998	0.00006557173325788799
1618.36	0.0000654053018103163
1618.365	0.00006505657109518286
1618.37	0.00006474085367026579
1618.375	0.00006437588947072702
1618.3799999999999	0.00006389631070009033
1618.3849999999998	0.0000638820156654542
1618.3899999999999	0.00006396328149749588
1618.395	0.00006438099769031192
1618.4	0.0000649440246186448
1618.405	0.00006547780629466196
1618.4099999999999	0.00006624551706969979
1618.415	0.00006676103967607222
1618.4199999999998	0.00006712888172105513
1618.425	0.00006720996529018337
1618.43	0.00006708190683774182
1618.435	0.00006639853418755904
1618.4399999999998	0.0000657815203264331
1618.445	0.0000652070100336251
1618.45	0.00006479698614993176
1618.455	0.00006465673374964836
1618.46	0.00006484430154183586
1618.465	0.00006536434461788189
1618.4699999999998	0.00006606460020295641
1618.475	0.00006673226652823095
1618.48	0.00006709568082420193
1618.4850000000001	0.0000671354055837279
1618.49	0.00006675031575783772
1618.495	0.00006603953814401525
1618.4999999999998	0.00006513013095006846
1618.5049999999999	0.00006430001644972393
1618.51	0.00006443673557201627
1618.515	0.00006523673163831686
1618.52	0.00006565469664411352
1618.5249999999999	0.0000655401540028952
1618.53	0.00006538112911688262
1618.5349999999999	0.00006554275560480712
1618.54	0.00006563860399675881
1618.545	0.00006588214668846037
1618.55	0.00006610952601735221
1618.5549999999998	0.00006615926731458323
1618.56	0.00006602585933526163
1618.5649999999998	0.00006578517905272453
1618.57	0.0000654884375958321
1618.575	0.0000651233185232851
1618.58	0.00006485702642801637
1618.5849999999998	0.00006490314255629106
1618.59	0.0000653357359853048
1618.595	0.00006597222138567848
1618.6000000000001	0.00006676513778890611
1618.605	0.00006734635226850275
1618.61	0.00006764868767639386
1618.6149999999998	0.00006748637933865741
1618.62	0.00006706503466192473
1618.625	0.00006667205691939563
1618.63	0.00006640277277166356
1618.635	0.00006629404381029778
1618.6399999999999	0.00006637003159139267
1618.645	0.00006674376722060367
1618.6499999999999	0.00006731554721608018
1618.655	0.00006788088058482706
1618.66	0.00006829913164536729
1618.665	0.0000685076583089606
1618.6699999999998	0.0000685408305168935
1618.675	0.00006809551769887742
1618.6799999999998	0.00006751412236242533
1618.685	0.00006683538330898345
1618.69	0.00006638214358783069
1618.695	0.00006608943585124176
1618.6999999999998	0.00006597553580001155
1618.705	0.00006608943302833393
1618.7099999999998	0.00006648096432080278
1618.7150000000001	0.00006700589207742766
1618.72	0.0000675008756937117
1618.725	0.00006783794773965433
1618.73	0.00006803986779878791
1618.735	0.00006818921249938885
1618.74	0.00006809435004001019
1618.7450000000001	0.00006790434364640515
1618.75	0.00006745220596096638
1618.7549999999999	0.00006690192984134578
1618.76	0.00006630153311737315
1618.7649999999999	0.00006597430240981284
1618.77	0.00006583418700808486
1618.775	0.00006598117021354879
1618.78	0.00006633437205414413
1618.7849999999999	0.00006659684209943959
1618.79	0.00006677753522005362
1618.7949999999998	0.00006669156932168373
1618.8	0.00006633418525163408
1618.805	0.00006573213987631478
1618.81	0.00006504835876393798
1618.8149999999998	0.00006450031040150228
1618.82	0.00006411386824408408
1618.8249999999998	0.00006388468148448753
1618.8300000000002	0.00006389406286510797
1618.835	0.00006404270181447721
1618.84	0.00006449445695114187
1618.845	0.00006507277303811837
1618.85	0.00006551630930528669
1618.8549999999998	0.00006574529440162894
1618.8600000000001	0.00006568753570174648
1618.865	0.00006546892114463394
1618.87	0.00006524125310705945
1618.875	0.00006495759148033869
1618.8799999999999	0.00006472840957637383
1618.8849999999998	0.00006448301007261342
1618.89	0.00006432630552184404
1618.895	0.0000644707567951043
1618.8999999999999	0.00006464451479047635
1618.905	0.00006508176981712244
1618.9099999999999	0.0000655248607137192
1618.915	0.00006607056260708507
1618.92	0.0000665113170691583
1618.925	0.00006669981823093336
1618.9299999999998	0.000066464668895051
1618.935	0.00006606384897605412
1618.9399999999998	0.0000654183370829041
1618.945	0.00006483834077594818
1618.95	0.00006441603774859117
1618.955	0.0000643029449820655
1618.96	0.00006438199243168197
1618.965	0.00006453053153441236
1618.9699999999998	0.00006492332598419773
1618.9750000000001	0.00006531232627844193
1618.98	0.00006558111627560776
1618.985	0.00006579813519425505
1618.99	0.00006575767691891781
1618.995	0.00006541440447590982
1618.9999999999998	0.00006487803410961835
1619.005	0.00006422340318044529
1619.01	0.0000638091966847973
1619.0149999999999	0.00006350558754789635
1619.02	0.00006336026869597236
1619.0249999999999	0.00006340294981074343
1619.0299999999997	0.00006353302078779663
1619.035	0.0000637946333762849
1619.04	0.00006422334320913238
1619.0449999999998	0.00006453111761543643
1619.05	0.00006479453171049161
1619.0549999999998	0.00006480503775858207
1619.06	0.00006472070529137095
1619.065	0.00006442271921988498
1619.07	0.00006397929830702762
1619.075	0.00006355708089847266
1619.08	0.00006312636331871962
1619.0849999999998	0.00006297424659554331
1619.09	0.0000630658532308176
1619.095	0.00006349599148463296
1619.1	0.00006405242261321569
1619.105	0.00006487723608593168
1619.11	0.00006555862765894055
1619.1149999999998	0.00006617445048285846
1619.1200000000001	0.00006603060105703649
1619.125	0.00006568281078122058
1619.1299999999999	0.00006501771126349387
1619.135	0.00006421571367889385
1619.1399999999999	0.00006332792300876106
1619.1449999999998	0.0000627672419515162
1619.15	0.000062759024182137
1619.155	0.00006361613125994863
1619.1599999999999	0.00006392125432427674
1619.165	0.00006358145162523454
1619.1699999999998	0.0000632940278333002
1619.175	0.00006318715269087372
1619.18	0.00006349790256770649
1619.185	0.00006373735952989888
1619.19	0.00006345505251941759
1619.195	0.00006337434285503429
1619.1999999999998	0.00006338734181018314
1619.205	0.00006344873688950145
1619.21	0.00006342976003961698
1619.215	0.00006318603037940982
1619.22	0.00006303931168010798
1619.225	0.00006284301705625466
1619.2299999999998	0.0000630758294545269
1619.235	0.00006333874187439499
1619.24	0.00006360454076588697
1619.245	0.00006374171590051679
1619.25	0.00006366584185470855
1619.2549999999999	0.0000629935910683757
1619.2599999999998	0.00006211036593400005
1619.265	0.00006118364788986806
1619.27	0.000060759176806536126
1619.2749999999999	0.00006070003364619949
1619.28	0.00006101000357100109
1619.2849999999999	0.00006136872808462361
1619.29	0.00006160098016764808
1619.295	0.00006172852380131791
1619.3	0.00006160945481719102
1619.305	0.00006125526137239837
1619.31	0.00006077126605577098
1619.3149999999998	0.00006019860326311428
1619.32	0.000059336584184784195
1619.325	0.00005842995784067668
1619.33	0.00005771413613109972
1619.335	0.00005746317256654863
1619.34	0.00005757519370652765
1619.3449999999998	0.0000579048459567203
1619.35	0.00005836610678030884
1619.355	0.00005887229551960139
1619.36	0.000059434718521333164
1619.365	0.00005993588446003001
1619.37	0.000060145707190433364
1619.3749999999998	0.00006015414796777333
1619.3799999999999	0.00005985868162736962
1619.385	0.000059551126834109194
1619.3899999999999	0.00005907678483311106
1619.395	0.0000587845220431104
1619.3999999999999	0.000058586693805308104
1619.405	0.00005838005640782741
1619.4099999999999	0.00005842893268364821
1619.415	0.000058858108813680815
1619.42	0.00005956440691374299
1619.425	0.000060135913537307215
1619.4299999999998	0.00006055489927805998
1619.435	0.00006058637694552814
1619.44	0.000060504644327957764
1619.445	0.00006010252545101063
1619.45	0.000059832656064635783
1619.455	0.000059433249410404606
1619.4599999999998	0.000059273576614247174
1619.465	0.000059097597892866666
1619.47	0.00005914280703955172
1619.475	0.00005941436081765681
1619.48	0.000059634824285076514
1619.485	0.00005983616859228273
1619.4899999999998	0.00005993986851037311
1619.495	0.000059893386812650016
1619.5	0.00005969671481779438
1619.5049999999999	0.00005920325074590288
1619.51	0.000058682873515283264
1619.5149999999999	0.000058011447779390265
1619.52	0.00005744502196014286
1619.5249999999999	0.000057135818841418656
1619.53	0.00005703343412229594
1619.535	0.00005708568369128603
1619.54	0.00005712214624509221
1619.5449999999998	0.000057340667383567616
1619.55	0.00005756315656584575
1619.5549999999998	0.00005785120356028562
1619.56	0.00005797658866524515
1619.565	0.00005800780604746604
1619.57	0.00005763628014447738
1619.5749999999998	0.000057082021886084416
1619.58	0.00005659769779106048
1619.585	0.00005637769255961246
1619.59	0.00005616227108213821
1619.595	0.000056256200957270814
1619.6	0.000056586081950518776
1619.605	0.000056966781857650085
1619.61	0.00005732589932915356
1619.615	0.00005753829140500631
1619.62	0.000057445811474781776
1619.625	0.00005730802868550798
1619.6299999999999	0.00005696709519409198
1619.635	0.000056608362636324755
1619.6399999999999	0.00005623070471212294
1619.645	0.00005586671291297103
1619.65	0.000055624214456089864
1619.655	0.000055545551245781854
1619.6599999999999	0.0000556541227254253
1619.665	0.00005607671034364731
1619.6699999999998	0.000056315712991918156
1619.675	0.000056608128858790836
1619.68	0.00005660271872961365
1619.685	0.00005656853863019694
1619.6899999999998	0.0000565259643685528
1619.695	0.00005634912635605299
1619.6999999999998	0.000056084843207364196
1619.705	0.00005577701669595552
1619.71	0.00005531408977607309
1619.715	0.000054937492370391684
1619.72	0.00005469669032552685
1619.725	0.000054598657759223534
1619.73	0.000054531585212026486
1619.735	0.00005457956819175799
1619.74	0.000054864922207769664
1619.745	0.00005499579434546081
1619.75	0.00005492053997932876
1619.7549999999999	0.000054576266129805456
1619.76	0.000054142686893372616
1619.765	0.000053736012126237516
1619.77	0.00005336825761629574
1619.7749999999999	0.000053141804582324076
1619.78	0.000052965286206783254
1619.7849999999999	0.00005293331167833643
1619.79	0.000052986610851886506
1619.795	0.000053100762771981445
1619.8	0.00005263075241506928
1619.8049999999998	0.00005230630437948572
1619.81	0.00005221437465362672
1619.8149999999998	0.000052065774707432025
1619.82	0.00005199312547533054
1619.825	0.00005192816148815295
1619.83	0.00005189057859427275
1619.835	0.000051799678452623214
1619.84	0.000051552098132975416
1619.8449999999998	0.00005138108623075327
1619.8500000000001	0.00005123400644479947
1619.855	0.000051047932740179325
1619.86	0.00005084861676491664
1619.865	0.00005067231424457633
1619.87	0.00005054099132871214
1619.8749999999998	0.00005051970739053536
1619.88	0.00005054060906554127
1619.885	0.00005055553262352658
1619.8899999999999	0.0000502641549857356
1619.895	0.00004991097272153083
1619.8999999999999	0.000049573310149423635
1619.905	0.000049315143244965875
1619.91	0.00004945207611698457
1619.915	0.00004982681637911539
1619.9199999999998	0.000050357080062826925
1619.925	0.00005077966768104894
1619.9299999999998	0.00005117885060989302
1619.935	0.00005130887858696249
1619.94	0.00005115219819762405
1619.945	0.00005073935413012796
1619.95	0.000050219591447384695
1619.955	0.00004963597391226172
1619.9599999999998	0.0000490957740414137
1619.9650000000001	0.000048629642406481416
1619.97	0.0000482765317741851
1619.975	0.00004821332024831988
1619.98	0.000048407248463522285
1619.985	0.00004865819241218357
1619.9899999999998	0.0000489745872766056
1619.9950000000001	0.00004922981936518127
1620	0.00004929116404945642