1525	0.00012976732816440413
1525.0049999999999	0.00012875667925981815
1525.01	0.00012803105774391777
1525.015	0.0001277919643773452
1525.02	0.000127985826111379
1525.025	0.00012850968498515536
1525.03	0.00012938691025519796
1525.0349999999999	0.00013051438145329967
1525.04	0.00013183221058413584
1525.045	0.00013317801214989612
1525.05	0.00013434781942987077
1525.055	0.00013527119332337772
1525.06	0.00013571950775150894
1525.065	0.00013610757700656357
1525.07	0.0001362761870281046
1525.075	0.00013644482395696093
1525.0800000000002	0.00013648933414720543
1525.085	0.00013647955635844118
1525.09	0.00013667854968065057
1525.095	0.00013689126730977494
1525.1	0.00013710348262832277
1525.105	0.00013725074434960474
1525.1100000000001	0.00013745331271614952
1525.115	0.00013782114279916512
1525.12	0.0001381924993604532
1525.125	0.00013862074915851352
1525.13	0.00013903970762446766
1525.135	0.00013971196437652681
1525.14	0.00013960676151343317
1525.145	0.00013872241128678892
1525.1499999999999	0.00013634213246545475
1525.155	0.00013250911519514086
1525.16	0.00012823514101333215
1525.165	0.0001247753165319216
1525.17	0.00012217332855427658
1525.175	0.00012119028037790417
1525.18	0.00012151458533418573
1525.185	0.00012295218647759266
1525.19	0.0001252180048830857
1525.1950000000002	0.00012770016448696763
1525.2	0.00013057948722235523
1525.205	0.00013335310735431417
1525.21	0.0001358616758917528
1525.215	0.00013783131134031566
1525.22	0.00013913948386544517
1525.2250000000001	0.00013979190407547903
1525.23	0.0001398210597922571
1525.235	0.00013930825984186514
1525.24	0.00013835360325739374
1525.245	0.00013728568999380868
1525.25	0.0001363214888166506
1525.255	0.00013553501199177644
1525.26	0.00013505926472109661
1525.2649999999999	0.00013539539238577623
1525.27	0.0001358730715478888
1525.275	0.00013685186138939979
1525.28	0.00013794559294846848
1525.285	0.0001391271472464639
1525.29	0.00014051197129828088
1525.295	0.00014198660418039536
1525.3	0.00014299140561140972
1525.305	0.00014410857693192852
1525.3100000000002	0.00014460506672168155
1525.315	0.00014528242588377543
1525.32	0.00014530687072620175
1525.325	0.00014486840073234193
1525.33	0.00014359871385828167
1525.335	0.00014186599192668613
1525.3400000000001	0.0001400600158392994
1525.345	0.00013861345221591795
1525.35	0.00013750991257503395
1525.355	0.00013714860930653139
1525.36	0.00013789059037418833
1525.365	0.00013876339536984025
1525.3700000000001	0.00013967570599233227
1525.375	0.00014042822585793788
1525.3799999999999	0.00014111563023816196
1525.385	0.00014102668501447777
1525.3899999999999	0.00014078879453862061
1525.3950000000002	0.00013980580681492073
1525.4	0.0001386969239265666
1525.405	0.0001373211556892776
1525.41	0.00013593356457839963
1525.415	0.00013479761864103977
1525.4199999999998	0.00013381704463674306
1525.4250000000002	0.00013325463805843456
1525.43	0.0001331999303834746
1525.435	0.0001335356853231485
1525.44	0.00013426837816343052
1525.445	0.00013508506677136628
1525.45	0.00013574993078460543
1525.4550000000002	0.00013681069321892496
1525.46	0.0001377810120546025
1525.465	0.00013855854922346884
1525.47	0.00013915019808272418
1525.475	0.00013977103905314504
1525.48	0.0001405813444771723
1525.4850000000001	0.00014114562209680925
1525.49	0.00014154241248214044
1525.495	0.00014173840463588066
1525.5	0.00014222853888587656
1525.5049999999999	0.0001421307664718422
1525.5100000000002	0.00014237369417553457
1525.515	0.00014257451402891697
1525.52	0.00014306190779320724
1525.525	0.00014378325431443236
1525.53	0.000143752455001785
1525.5349999999999	0.0001440910934693508
1525.5400000000002	0.00014337465365752496
1525.545	0.00014246342414060806
1525.55	0.00014099631602456576
1525.555	0.0001402318108990973
1525.56	0.00013966873235005377
1525.5649999999998	0.00013891134215882512
1525.5700000000002	0.0001387265451664886
1525.575	0.00013855083399658745
1525.58	0.00013882418107661668
1525.585	0.0001392643099526061
1525.59	0.00013926205324926152
1525.595	0.00014011320170044167
1525.6000000000001	0.00014046502081519228
1525.605	0.0001407406765083242
1525.61	0.00014093137724576545
1525.615	0.00014076902152860687
1525.62	0.00014008384460008404
1525.625	0.0001397874220861132
1525.63	0.0001386448437544188
1525.635	0.0001378940200551694
1525.64	0.0001377902386137524
1525.645	0.00013708393089607857
1525.6499999999999	0.00013673229937004726
1525.6550000000002	0.00013647503510627455
1525.66	0.00013634559112579337
1525.665	0.0001365922340822721
1525.67	0.00013744602479299738
1525.675	0.0001375036691539652
1525.6799999999998	0.0001380565267139603
1525.6850000000002	0.00013848870703711555
1525.69	0.00013938574637545307
1525.695	0.0001403761292465198
1525.7	0.0001411540268254822
1525.705	0.0001419682919952866
1525.7099999999998	0.00014249948435403914
1525.7150000000001	0.00014301897905758643
1525.72	0.00014299723324869107
1525.725	0.00014337647998388596
1525.73	0.0001420483395560591
1525.735	0.00014240039593328024
1525.74	0.0001422795360171001
1525.7450000000001	0.00014271224647948726
1525.75	0.00014256035165835252
1525.755	0.00014276693314803736
1525.76	0.00014473247903616394
1525.7649999999999	0.00014555128706913566
1525.77	0.0001468596075072659
1525.775	0.0001475484340128439
1525.78	0.00014822939951684313
1525.785	0.00014932851551928633
1525.79	0.00014949555143453706
1525.7949999999998	0.00014964962610939023
1525.8000000000002	0.0001488945824272486
1525.805	0.00014798423568618258
1525.81	0.00014846629445105884
1525.815	0.0001499132898322826
1525.82	0.00014945181084067766
1525.8249999999998	0.00014503409007670772
1525.8300000000002	0.0001493209363173321
1525.835	0.00014883604938901898
1525.84	0.00014479717702739576
1525.845	0.00014302656054269972
1525.85	0.00014388466278193022
1525.855	0.00014374035527845764
1525.8600000000001	0.00014083235662036748
1525.865	0.00014143585046723023
1525.8700000000001	0.00014453950940521179
1525.875	0.00014012293209569122
1525.8799999999999	0.00013980039015177483
1525.885	0.00014016189378757688
1525.89	0.00014121290102558486
1525.895	0.00014110862847153317
1525.9	0.00014009753108710027
1525.905	0.00014173454531047017
1525.9099999999999	0.00014171294764427346
1525.915	0.0001449665462198433
1525.92	0.00014502638013679322
1525.925	0.0001469667146063306
1525.93	0.0001483829479266785
1525.935	0.00014947614217132834
1525.9399999999998	0.00014965320005864386
1525.945	0.0001501719239430581
1525.95	0.00015060130229726861
1525.9550000000002	0.00015073997201359247
1525.96	0.00015096717920500845
1525.965	0.0001503636765492711
1525.97	0.0001499744459333593
1525.9750000000001	0.00014965086653639283
1525.98	0.00014914145265830742
1525.9850000000001	0.00014859016095805874
1525.99	0.0001482031791718045
1525.995	0.00014715002365755183
1526	0.00014721663767287244
1526.005	0.00014711354295037188
1526.01	0.000147524615968121
1526.015	0.0001476344531744452
1526.02	0.00014775892486756145
1526.0249999999999	0.00014794164733832299
1526.03	0.0001480377499578131
1526.035	0.00014813646577770343
1526.04	0.00014813954175253952
1526.045	0.00014807605927150553
1526.05	0.00014837859569009294
1526.0549999999998	0.0001479073782169634
1526.06	0.0001484369327377758
1526.065	0.00014845408468494955
1526.0700000000002	0.0001483159274082653
1526.075	0.00014835006475207355
1526.08	0.00014818679774248445
1526.085	0.0001481625544792395
1526.09	0.0001480230537714602
1526.095	0.00014786814669350188
1526.1000000000001	0.0001472852544563573
1526.105	0.00014657174988944092
1526.11	0.00014548154650274097
1526.115	0.00014372268753618355
1526.1200000000001	0.00014262849650631992
1526.125	0.00014054314884063394
1526.13	0.0001400753855744513
1526.135	0.0001389414492046129
1526.1399999999999	0.0001389127185869241
1526.145	0.00013919308548699394
1526.15	0.0001404723414980226
1526.155	0.0001417538524509269
1526.16	0.00014302245107979217
1526.165	0.0001449827930224962
1526.1699999999998	0.00014761195051444273
1526.175	0.00015004514557056444
1526.18	0.00015204481314235477
1526.1850000000002	0.00015349992921355842
1526.19	0.0001541608198416604
1526.195	0.00015418973634973251
1526.2	0.00015394708045417474
1526.205	0.00015276553893044112
1526.21	0.00015183636658538545
1526.2150000000001	0.00015059727347154213
1526.22	0.00014963959958750358
1526.225	0.00014844522653332493
1526.23	0.00014710724512815077
1526.235	0.0001464600521756078
1526.24	0.00014610637243652255
1526.2450000000001	0.0001457589775485898
1526.25	0.00014551152470607747
1526.2549999999999	0.00014535270807983382
1526.26	0.0001463969150073232
1526.265	0.00014864238106579742
1526.27	0.00015273674061847808
1526.275	0.0001527555766392988
1526.28	0.00014595856195264594
1526.2849999999999	0.0001433514961714842
1526.29	0.00014630456486742393
1526.295	0.00014953472279730977
1526.3000000000002	0.0001472519174577525
1526.305	0.00014107145936958362
1526.31	0.00013850841914943326
1526.315	0.00013673652733185398
1526.32	0.0001360701779568123
1526.325	0.00013640890863081057
1526.3300000000002	0.00013769165938479292
1526.335	0.0001396248893099105
1526.34	0.0001421663130262794
1526.345	0.000145157082433975
1526.35	0.00014743028281649292
1526.355	0.0001500626978232162
1526.3600000000001	0.0001513847419729919
1526.365	0.00015250920789521583
1526.37	0.0001530972030610044
1526.375	0.00015335434306300546
1526.3799999999999	0.0001534173712381356
1526.385	0.00015322419878470306
1526.39	0.0001526828910216512
1526.395	0.00015198979795734766
1526.3999999999999	0.00015123135065612598
1526.405	0.00015070757399595028
1526.4099999999999	0.00015017795809833172
1526.4150000000002	0.00014978140554784954
1526.42	0.00014967563104303425
1526.425	0.00014993126600516032
1526.43	0.00015030779207008738
1526.435	0.00015063409153397373
1526.44	0.00015045483069910413
1526.4450000000002	0.00015028596002214596
1526.45	0.00014958845697586031
1526.455	0.0001485715963045646
1526.46	0.00014771881855448285
1526.465	0.0001473795938582679
1526.47	0.00014699028222999326
1526.4750000000001	0.00014693272532895202
1526.48	0.00014696355941050979
1526.485	0.00014762321262529911
1526.49	0.00014838258096316033
1526.495	0.0001492992275184409
1526.5	0.00015029807885042474
1526.505	0.00015130765839136125
1526.51	0.0001522841323254507
1526.515	0.0001531588786712585
1526.52	0.0001538905187878464
1526.5249999999999	0.00015444943147454058
1526.5300000000002	0.0001547527839034909
1526.535	0.00015491549856831575
1526.54	0.0001551966620516208
1526.545	0.000155345603598777
1526.55	0.00015546077999911652
1526.5549999999998	0.00015560246855800454
1526.5600000000002	0.0001560080563627225
1526.565	0.00015629176224965136
1526.57	0.0001566015785387288
1526.575	0.00015675389890479046
1526.58	0.00015723552528726573
1526.585	0.00015802456930321667
1526.5900000000001	0.00015931662637009054
1526.595	0.00016116279209634155
1526.6	0.000163285720823158
1526.605	0.00016526933010160608
1526.61	0.00016519487298797143
1526.615	0.00016349012467036756
1526.6200000000001	0.000160663195110748
1526.625	0.00015663406125770963
1526.63	0.00015286346026155098
1526.635	0.0001502509876565452
1526.6399999999999	0.00014809743308908638
1526.6450000000002	0.00014668120015689037
1526.65	0.00014604886608510941
1526.655	0.00014617537606088744
1526.66	0.00014703528769666847
1526.665	0.00014866157157358067
1526.6699999999998	0.00015036870875379449
1526.6750000000002	0.0001523085291488681
1526.68	0.00015422549705572467
1526.685	0.00015594590512724686
1526.69	0.00015742797404157312
1526.695	0.0001581727410629557
1526.6999999999998	0.00015850624432485667
1526.7050000000002	0.00015873107497062274
1526.71	0.00015875018213873352
1526.715	0.00015877921605684663
1526.72	0.00015902753963411643
1526.725	0.00015923771194264265
1526.73	0.00015936097670042718
1526.7350000000001	0.00015953972188918484
1526.74	0.00016026056455464694
1526.7450000000001	0.00016098489244497808
1526.75	0.00016163264887716257
1526.7549999999999	0.00016223062993756709
1526.76	0.00016261639062713923
1526.765	0.0001630452741128505
1526.77	0.00016363389403767264
1526.775	0.0001634181438336951
1526.78	0.00016295123954940393
1526.7849999999999	0.00016178635997362483
1526.7900000000002	0.0001604171032664352
1526.795	0.00015850896100007297
1526.8	0.00015642998430740146
1526.805	0.0001542592518302861
1526.81	0.00015328156432780932
1526.8149999999998	0.00015256659095906996
1526.8200000000002	0.00015193185187307648
1526.825	0.00015140201331716012
1526.83	0.0001517642066450145
1526.835	0.0001518404356150344
1526.84	0.00015234632059254563
1526.8449999999998	0.00015238244021819827
1526.8500000000001	0.00015247346150176899
1526.855	0.00015288522721143696
1526.8600000000001	0.00015291019138637753
1526.865	0.000153035850314511
1526.87	0.00015297327037030125
1526.875	0.0001530368317597895
1526.88	0.00015338740908819493
1526.885	0.0001537752588132278
1526.89	0.0001542939472783079
1526.895	0.00015476070243446066
1526.8999999999999	0.00015485649356979155
1526.905	0.00015544465233338127
1526.91	0.0001555862918897719
1526.915	0.0001557690859129524
1526.92	0.00015548244063939932
1526.925	0.00015549322882358894
1526.9299999999998	0.00015551101765585236
1526.9350000000002	0.000155196528323383
1526.94	0.00015454523317723888
1526.945	0.00015347518691808448
1526.95	0.00015218780593702984
1526.955	0.0001506461218701898
1526.9599999999998	0.0001490538319022162
1526.9650000000001	0.0001481828752334456
1526.97	0.00014889891025356318
1526.9750000000001	0.00015086968105913797
1526.98	0.0001538817216919406
1526.985	0.0001570707668412322
1526.99	0.00016050961173586648
1526.9950000000001	0.00016301639562312667
1527	0.0001649858895573306
1527.005	0.00016606509254363326
1527.01	0.00016581870268588377
1527.0149999999999	0.0001644866985611849
1527.02	0.00016242984366519485
1527.025	0.00016045424395925078
1527.03	0.00015854293771753715
1527.035	0.0001566835321928026
1527.04	0.0001552277030258485
1527.0449999999998	0.00015391885796806
1527.05	0.00015378016316223213
1527.055	0.00015409203880265547
1527.06	0.00015482242200552735
1527.065	0.00015614933553828128
1527.07	0.000157378166348883
1527.075	0.0001581529253625563
1527.08	0.00015966324983945305
1527.085	0.00015993591326800722
1527.0900000000001	0.00016033126413965705
1527.095	0.00016008114908203278
1527.1	0.00015974353892462292
1527.105	0.0001596026077412734
1527.1100000000001	0.00015952154805443078
1527.115	0.00015934884830240263
1527.1200000000001	0.00015901959207310427
1527.125	0.00015863513660028503
1527.1299999999999	0.00015906979305267357
1527.135	0.00015968630714841188
1527.14	0.00016059883454784202
1527.145	0.00016133365819636145
1527.15	0.0001630329023208671
1527.155	0.00016536123389415032
1527.1599999999999	0.00016772781380915616
1527.165	0.00016957028571593837
1527.17	0.00016987740068674238
1527.175	0.00017079963606624876
1527.18	0.00017022461373437987
1527.185	0.00016865750557131163
1527.19	0.0001663207296289749
1527.195	0.00016434846791644063
1527.2	0.00016299945814969607
1527.2050000000002	0.00016170239762052868
1527.21	0.0001605624730676599
1527.215	0.0001594228205450135
1527.22	0.0001595530703987812
1527.225	0.0001595699286552902
1527.23	0.0001605310963781406
1527.2350000000001	0.00016054122616517458
1527.24	0.00016078742919301
1527.245	0.0001603688870128962
1527.25	0.00015950174916620167
1527.255	0.00015847633953315415
1527.26	0.0001565813304049617
1527.265	0.00015468730390980529
1527.27	0.00015334737466979095
1527.2749999999999	0.0001519956567853368
1527.28	0.00015103106437579336
1527.285	0.00014996306605278222
1527.29	0.00014930874957877182
1527.295	0.0001495666719537307
1527.3	0.00014967538358129508
1527.305	0.00015023437907904104
1527.31	0.00015060984063662976
1527.315	0.00015224103180806728
1527.3200000000002	0.00015393055217000808
1527.325	0.00015610046623943668
1527.33	0.00015831401946674771
1527.335	0.0001605148039033333
1527.34	0.0001619457470860864
1527.345	0.00016138641513891455
1527.3500000000001	0.00016135736950590905
1527.355	0.00016039454301389994
1527.36	0.00015928000095933852
1527.365	0.00015847065411486104
1527.37	0.00015813871192772423
1527.375	0.00015884091979417303
1527.38	0.00015908955538012433
1527.385	0.00015937926741761265
1527.3899999999999	0.00015963719155216076
1527.395	0.0001605175863614093
1527.4	0.00016177788088043125
1527.405	0.000162776600328623
1527.41	0.00016390864232061398
1527.415	0.00016430461422086532
1527.42	0.00016478575206546045
1527.425	0.00016491086943771095
1527.43	0.00016474326381705855
1527.4350000000002	0.00016468721150720748
1527.44	0.00016491785936357208
1527.445	0.0001641431013383863
1527.45	0.00016435680885952086
1527.455	0.00016501576202348624
1527.46	0.00016558380522625272
1527.4650000000001	0.00016660727428340473
1527.47	0.00016716023016663113
1527.475	0.00016761053965362032
1527.48	0.00016870733232759219
1527.485	0.00017021085990911132
1527.49	0.00017093684009628865
1527.4950000000001	0.00017207710810194466
1527.5	0.0001715160181315901
1527.5049999999999	0.00017181728671853354
1527.51	0.00017120982924844738
1527.5149999999999	0.00017016655790027033
1527.52	0.00016807341398682884
1527.525	0.0001654005687266303
1527.53	0.0001629239427884557
1527.535	0.00016158165956124682
1527.54	0.00016118269560049764
1527.5449999999998	0.0001617272943619101
1527.5500000000002	0.000163962865141026
1527.555	0.00016686269307545222
1527.56	0.00016961035200280548
1527.565	0.00017135592455358846
1527.57	0.00017353383007442903
1527.575	0.00017487448431013593
1527.5800000000002	0.0001752491150021542
1527.585	0.00017458639923740899
1527.59	0.00017296469200192918
1527.595	0.0001711467037727454
1527.6	0.00016912105388832427
1527.605	0.0001672636052474419
1527.6100000000001	0.00016534846926116064
1527.615	0.00016421821937318362
1527.62	0.00016370657873303289
1527.625	0.00016384862101119502
1527.6299999999999	0.0001649284302798347
1527.6350000000002	0.00016568558851687542
1527.64	0.0001661719797857607
1527.645	0.00016765171935906838
1527.65	0.00016832905280066135
1527.655	0.00016952599979930578
1527.6599999999999	0.00016979728908331256
1527.6650000000002	0.0001696191902756877
1527.67	0.00017003197885132583
1527.675	0.00017008702306453493
1527.68	0.00016994986265086304
1527.685	0.00016890730405785858
1527.6899999999998	0.0001681928812612254
1527.6950000000002	0.0001670984477424768
1527.7	0.00016617766547844215
1527.705	0.0001657907285134521
1527.71	0.00016623603774860036
1527.715	0.00016863480723308704
1527.72	0.00017097976521691615
1527.7250000000001	0.0001738056432263022
1527.73	0.00017434271563036442
1527.735	0.0001729141739866265
1527.74	0.00017148229180600518
1527.745	0.00017125067732032815
1527.75	0.00017046115852355732
1527.755	0.00016865108201808888
1527.76	0.0001651337150310392
1527.765	0.00016130799565812083
1527.77	0.00015777803785574495
1527.7749999999999	0.0001547051263944869
1527.7800000000002	0.00015352199677572703
1527.785	0.00015376930361990512
1527.79	0.00015530125311688463
1527.795	0.00015720256324871276
1527.8	0.00015942792564793237
1527.8049999999998	0.00016266847202966688
1527.8100000000002	0.00016511069663865886
1527.815	0.00016764038678335666
1527.82	0.00016942963651825644
1527.825	0.0001708099599046053
1527.83	0.00017210052263281347
1527.8349999999998	0.00017309066398374766
1527.8400000000001	0.0001734583638608455
1527.845	0.00017333982703005523
1527.85	0.0001724931353308481
1527.855	0.00017152931347990029
1527.86	0.0001700319142360619
1527.865	0.00016859223379193835
1527.8700000000001	0.000166981160207943
1527.875	0.000165910126430775
1527.88	0.00016585302257718138
1527.885	0.0001672245356072103
1527.8899999999999	0.00016805382153644785
1527.895	0.00017036142651259925
1527.9	0.00017203905239511708
1527.905	0.00017320884899810505
1527.91	0.00017326069065144798
1527.915	0.00017242919645438522
1527.9199999999998	0.00017135548201677224
1527.9250000000002	0.00016924825749784143
1527.93	0.00016677872014549128
1527.935	0.00016387113508717122
1527.94	0.0001613884073865985
1527.945	0.00015936489493299758
1527.9499999999998	0.00015839297423729474
1527.9550000000002	0.00015806572292633155
1527.96	0.00015871127320274042
1527.965	0.0001603859860532559
1527.97	0.00016272923226393006
1527.975	0.000165989995657014
1527.98	0.00016869149880851134
1527.9850000000001	0.00017211742310060756
1527.99	0.00017473155568018737
1527.9950000000001	0.00017697365059990801
1528	0.00017855783087924993
1528.0049999999999	0.00017951534005703135
1528.01	0.00018030501334197476
1528.015	0.0001801587688669126
1528.02	0.00017925298321498116
1528.025	0.00017718449595228734
1528.03	0.00017438620371042397
1528.0349999999999	0.00017068782475340204
1528.04	0.0001671952742521782
1528.045	0.00016493225122690076
1528.05	0.00016508084353375303
1528.055	0.00016597380964774526
1528.06	0.00016773941715500263
1528.0649999999998	0.00016881798949719396
1528.0700000000002	0.0001690760806011108
1528.075	0.0001682459036567397
1528.08	0.0001670470525274892
1528.085	0.00016558296250182794
1528.09	0.00016392414427809096
1528.095	0.00016236759057190086
1528.1000000000001	0.00016109481482460454
1528.105	0.00016059286702788296
1528.1100000000001	0.0001602479100479565
1528.115	0.00016074039940667322
1528.12	0.00016135223193502923
1528.125	0.0001623071870526142
1528.13	0.00016355259200728106
1528.135	0.00016485860545911843
1528.14	0.00016623802824805562
1528.145	0.00016774325793553495
1528.1499999999999	0.00016823225525830973
1528.155	0.00016925786620730838
1528.16	0.00016994799794764134
1528.165	0.00017036486641540876
1528.17	0.00017060541648889906
1528.175	0.00017016590573144713
1528.1799999999998	0.00016989778669336664
1528.185	0.00016968624294812202
1528.19	0.00016927894727094365
1528.1950000000002	0.00016902774794913834
1528.2	0.00016874845512215972
1528.205	0.00016861508125441208
1528.21	0.00016899394648820738
1528.215	0.00016981794274319444
1528.22	0.00017113735256759778
1528.2250000000001	0.0001727711803643388
1528.23	0.00017512809389131254
1528.235	0.00017753373579776664
1528.24	0.00017960147670120964
1528.2450000000001	0.00017999146453785055
1528.25	0.00018090072515736407
1528.255	0.00018091432613377315
1528.26	0.00018076435837961484
1528.2649999999999	0.00018042776395052303
1528.27	0.0001806200404275692
1528.275	0.00018112679879880273
1528.28	0.00018133799796851206
1528.285	0.00018220524900029874
1528.29	0.00018299744484171843
1528.2949999999998	0.00018449240278019312
1528.3	0.00018517537628291345
1528.305	0.00018548188058211017
1528.3100000000002	0.00018472126510415065
1528.315	0.00018322891952731867
1528.32	0.00018091199764055973
1528.325	0.0001782119877648422
1528.33	0.00017547492702580953
1528.335	0.0001725396242266755
1528.3400000000001	0.00016980905521167108
1528.345	0.0001682806225793439
1528.35	0.0001666049838183852
1528.355	0.00016584124639116275
1528.36	0.0001649819870183526
1528.365	0.00016519321943279296
1528.3700000000001	0.00016637902657516256
1528.375	0.0001675404418967246
1528.3799999999999	0.0001693468758096476
1528.385	0.000171155155216155
1528.39	0.00017458444923190014
1528.395	0.00017847419631303018
1528.4	0.00018240498240823153
1528.405	0.0001859656114679852
1528.4099999999999	0.0001877871820512464
1528.415	0.0001881593106585772
1528.42	0.00018557099299786094
1528.4250000000002	0.00018355491652176186
1528.43	0.0001813085603723814
1528.435	0.00017957979748447884
1528.44	0.00017832560281017882
1528.445	0.00017846994680546397
1528.45	0.00017954173490579425
1528.4550000000002	0.0001805570666567536
1528.46	0.00018201424972751266
1528.465	0.00018234195885845328
1528.47	0.00018320588180689026
1528.475	0.0001833786664064974
1528.48	0.00018313327672425908
1528.4850000000001	0.00018220789790437912
1528.49	0.00018054329578885345
1528.495	0.0001787980368589066
1528.5	0.0001773383099891672
1528.5049999999999	0.00017632857524419192
1528.51	0.00017556693186833358
1528.515	0.00017494769960874266
1528.52	0.0001745271347957623
1528.5249999999999	0.00017452368628515178
1528.53	0.00017514927312081474
1528.535	0.00017553998574934972
1528.5400000000002	0.00017608704482280054
1528.545	0.00017621394411310054
1528.55	0.00017612760129227147
1528.555	0.0001766227561134582
1528.56	0.00017596016726991476
1528.565	0.00017585140806923282
1528.5700000000002	0.0001750146716363648
1528.575	0.00017381518452337316
1528.58	0.00017238741598588604
1528.585	0.00017084980271118717
1528.59	0.00016928639418172084
1528.595	0.00016780842800902704
1528.6000000000001	0.00016699634199286842
1528.605	0.00016739595835179056
1528.61	0.00016908744025338255
1528.615	0.00017146001011246584
1528.62	0.00017435209007127202
1528.625	0.00017734849028785374
1528.63	0.0001801762776145235
1528.635	0.0001818323452854932
1528.6399999999999	0.00018329097160673516
1528.645	0.00018390695051252493
1528.6499999999999	0.00018393139963863279
1528.6550000000002	0.00018333397748687252
1528.66	0.00018194555272518578
1528.665	0.0001804599764695151
1528.67	0.00017919088827154974
1528.675	0.00017809127223225913
1528.6799999999998	0.0001772775334243938
1528.6850000000002	0.00017672663223101227
1528.69	0.0001769211890953027
1528.695	0.00017750429275979082
1528.7	0.00017853092307237324
1528.705	0.00017950517596388113
1528.71	0.0001808719604622531
1528.7150000000001	0.0001819764834729384
1528.72	0.0001830599127585493
1528.725	0.00018361597408598948
1528.73	0.00018405138291236261
1528.735	0.00018443586802566238
1528.74	0.00018421048937198656
1528.7450000000001	0.00018261486834177245
1528.75	0.00018049642315588844
1528.755	0.00017718760703028485
1528.76	0.00017242164000472868
1528.7649999999999	0.000167336640404987
1528.7700000000002	0.0001638106496375446
1528.775	0.0001626675295695363
1528.78	0.00016399101199662466
1528.785	0.00016793158715088067
1528.79	0.00017310809238625598
1528.7949999999998	0.0001778585562706998
1528.8000000000002	0.00018268361818095274
1528.805	0.0001868858335371375
1528.81	0.00018952681775684382
1528.815	0.0001910213843640933
1528.82	0.00019089626547560203
1528.8249999999998	0.0001900174588924633
1528.8300000000002	0.00018876933108755717
1528.835	0.00018742197226851484
1528.84	0.0001863367318967524
1528.845	0.00018542483933362295
1528.85	0.00018504916806327403
1528.855	0.00018541906590763447
1528.8600000000001	0.0001859316092437561
1528.865	0.00018674829785166185
1528.8700000000001	0.0001870729177134786
1528.875	0.00018726880932916386
1528.8799999999999	0.00018733068718608943
1528.885	0.00018713459083953066
1528.89	0.00018661565311291632
1528.895	0.00018609673651005058
1528.9	0.0001849455678333787
1528.905	0.00018451368668964956
1528.9099999999999	0.00018424705583771123
1528.9150000000002	0.0001836664494417826
1528.92	0.00018417288034491803
1528.925	0.00018338014537561638
1528.93	0.0001833548238995343
1528.935	0.0001836314581165563
1528.9399999999998	0.00018369202140989128
1528.9450000000002	0.0001837230199580467
1528.95	0.00018358176881260894
1528.955	0.00018410584335086034
1528.96	0.00018463859109538015
1528.965	0.00018537165305023077
1528.9699999999998	0.00018531615781733685
1528.9750000000001	0.00018523220340851184
1528.98	0.0001840784724580666
1528.9850000000001	0.0001822529439452727
1528.99	0.00017902241162127304
1528.995	0.00017696429861449478
1529	0.00017501343159126857
1529.005	0.00017413092885388618
1529.01	0.00017348886352824573
1529.015	0.0001741092008172877
1529.02	0.00017586330175469464
1529.0249999999999	0.0001781573529472445
1529.03	0.00018168258135918598
1529.035	0.0001845246070610144
1529.04	0.00018787459040129769
1529.045	0.00019051608023340385
1529.05	0.00019241418130358062
1529.0549999999998	0.00019394626930699342
1529.0600000000002	0.00019456837009102981
1529.065	0.00019459188721181693
1529.07	0.0001948973191566404
1529.075	0.0001946270967928306
1529.08	0.000194323871259263
1529.0849999999998	0.00019393366375969405
1529.0900000000001	0.00019385678559685047
1529.095	0.00019405224319828264
1529.1000000000001	0.00019420340540667727
1529.105	0.0001940095680798878
1529.11	0.00019375093619736867
1529.115	0.00019393053177674545
1529.1200000000001	0.0001940989679582743
1529.125	0.00019428764516059494
1529.13	0.00019460109108880607
1529.135	0.00019389238858871828
1529.1399999999999	0.0001915535556466957
1529.145	0.00018880861764040104
1529.15	0.00018593981183092265
1529.155	0.00018354142620257856
1529.16	0.00018174448076586143
1529.165	0.0001811032837410685
1529.1699999999998	0.0001811257862528858
1529.175	0.00018145092367156823
1529.18	0.00018237305035813677
1529.185	0.00018409598903912857
1529.19	0.000186065997673904
1529.195	0.00018784630120644052
1529.1999999999998	0.0001896285372399534
1529.205	0.00019102253436311563
1529.21	0.00019210776942682088
1529.2150000000001	0.00019263112334859517
1529.22	0.00019293300666220608
1529.225	0.000192901261472966
1529.23	0.00019222331062091288
1529.2350000000001	0.000191732487390271
1529.24	0.00019181416127262246
1529.2450000000001	0.00019172972403193873
1529.25	0.00019188379870679225
1529.2549999999999	0.00019144897293539145
1529.26	0.00019200030885922404
1529.265	0.0001926347888984196
1529.27	0.0001932823195448523
1529.275	0.00019390951522886636
1529.28	0.00019441919720540309
1529.2849999999999	0.000195220280280429
1529.29	0.000196278157012601
1529.295	0.00019656232562780722
1529.3	0.00019638766536062257
1529.305	0.00019524259691038547
1529.31	0.00019379638963883878
1529.315	0.0001918851741888537
1529.32	0.00018994147258261923
1529.325	0.00018747313087270873
1529.3300000000002	0.0001863234720182688
1529.335	0.0001858181367407883
1529.34	0.00018599217725311486
1529.345	0.00018668543161999153
1529.35	0.00018844902900519827
1529.355	0.00019061569505519666
1529.3600000000001	0.00019258298284593493
1529.365	0.00019444567553084715
1529.37	0.00019547345491275042
1529.375	0.00019644723188562522
1529.38	0.00019605401871161302
1529.385	0.00019492486984713832
1529.39	0.0001925303659245476
1529.395	0.00019001782675157004
1529.3999999999999	0.00018723581521449373
1529.405	0.00018510438355119973
1529.41	0.00018335437955644204
1529.415	0.00018162895168748994
1529.42	0.00018107285723090185
1529.425	0.00018097536998420042
1529.43	0.00018120286932509587
1529.435	0.0001817358504208011
1529.44	0.00018233386194282066
1529.4450000000002	0.00018356161990906508
1529.45	0.00018521621719122625
1529.455	0.00018650246952736673
1529.46	0.00018838633958320587
1529.465	0.00019030018634492987
1529.47	0.0001925661150733135
1529.4750000000001	0.00019458769672402453
1529.48	0.0001965066700501216
1529.485	0.00019812352754184235
1529.49	0.00019863587773191513
1529.495	0.00019836011053235453
1529.5	0.0001981894078115785
1529.505	0.00019808484940303216
1529.51	0.00019831116444345764
1529.5149999999999	0.0001977854408393678
1529.52	0.00019775040210362693
1529.525	0.00019831641738482468
1529.53	0.00019759076532085593
1529.535	0.00019654362677017009
1529.54	0.00019483735283090046
1529.545	0.00019285421312059122
1529.55	0.00019076078755017503
1529.555	0.0001883715886252569
1529.5600000000002	0.000185928758615888
1529.565	0.00018357974480259382
1529.57	0.00018172081280785579
1529.575	0.0001805011912732326
1529.58	0.00018013711239969857
1529.585	0.00018087069397093052
1529.5900000000001	0.00018269597681731028
1529.595	0.00018395032638031795
1529.6	0.00018664136432773742
1529.605	0.00018880443625493261
1529.61	0.00019086622462359532
1529.615	0.0001925403736545037
1529.6200000000001	0.00019309750435094036
1529.625	0.00019267335301843556
1529.6299999999999	0.00019249157739609427
1529.635	0.00019127884792884367
1529.6399999999999	0.00019017895905676865
1529.645	0.0001888014418754167
1529.65	0.0001872017204048273
1529.655	0.00018622515312097604
1529.66	0.00018585058483409577
1529.665	0.00018638650392289587
1529.6699999999998	0.00018776357052230342
1529.6750000000002	0.00019005662825530794
1529.68	0.00019281147578517152
1529.685	0.00019563509818826215
1529.69	0.000198199797323345
1529.695	0.00019970695109049547
1529.7	0.00020192165614301902
1529.7050000000002	0.0002033491202970148
1529.71	0.00020432603778168672
1529.715	0.0002048717263870921
1529.72	0.00020599265116600943
1529.725	0.00020644261772681527
1529.73	0.0002065239406949096
1529.7350000000001	0.00020576164860105833
1529.74	0.00020503614717534284
1529.745	0.00020426938864222434
1529.75	0.0002036100922920586
1529.7549999999999	0.00020311168415829484
1529.76	0.00020278116582147444
1529.765	0.0002035202621339191
1529.77	0.00020456569367341694
1529.775	0.00020573990360218307
1529.78	0.00020641341514293738
1529.7849999999999	0.0002065728587248075
1529.7900000000002	0.000207067363331316
1529.795	0.0002069106989145168
1529.8	0.00020630351193381302
1529.805	0.00020520556246282057
1529.81	0.0002043580128430935
1529.8149999999998	0.00020329332116025326
1529.8200000000002	0.00020203955745777977
1529.825	0.00020023761398264373
1529.83	0.00019914100130277024
1529.835	0.00019805509863954997
1529.84	0.00019772734049343295
1529.845	0.00019927126046247572
1529.8500000000001	0.0002020384965266162
1529.855	0.00020482795423713395
1529.86	0.00020685985152447004
1529.865	0.00020789736569823023
1529.87	0.00020748358137546134
1529.875	0.00020540030894771824
1529.88	0.00020393642375542064
1529.885	0.00020216703241794
1529.89	0.00020076826435243863
1529.895	0.00019915253107099002
1529.8999999999999	0.00019809464504077996
1529.9050000000002	0.00019802083852443812
1529.91	0.00019858494376468
1529.915	0.0001991921569992462
1529.92	0.0002002944160714029
1529.925	0.00020147353593314546
1529.9299999999998	0.00020312048847453623
1529.9350000000002	0.00020459623294777582
1529.94	0.00020524418297536296
1529.945	0.00020523014245508298
1529.95	0.00020503367477073224
1529.955	0.00020365421548785157
1529.9599999999998	0.00020305840391311614
1529.9650000000001	0.00020182787967533734
1529.97	0.0002005224222540736
1529.975	0.00019915519578394
1529.98	0.00019801042399162004
1529.985	0.00019736210724024435
1529.99	0.0001970766391296647
1529.9950000000001	0.00019644486020318973
1530	0.00019636054145612874
1530.005	0.00019628692083453452
1530.01	0.00019746800300707803
1530.0149999999999	0.00019793757189331046
1530.02	0.00019957857742541378
1530.025	0.0002003132100186895
1530.03	0.0002010726973103263
1530.035	0.0002011547621850447
1530.04	0.00020094285913328908
1530.0449999999998	0.00019917963804118245
1530.0500000000002	0.0001979570428499245
1530.055	0.00019642843556042414
1530.06	0.00019546176020622262
1530.065	0.00019432132147798013
1530.07	0.00019405143422385697
1530.0749999999998	0.00019471035472055543
1530.0800000000002	0.00019496459410248777
1530.085	0.00019543793555983234
1530.09	0.0001956475980995326
1530.095	0.00019609040737675416
1530.1	0.00019620845033555594
1530.105	0.00019554909131924326
1530.1100000000001	0.00019430702517527715
1530.115	0.0001927003432658984
1530.1200000000001	0.000191294961485569
1530.125	0.00018970047308358964
1530.1299999999999	0.00018829413754722555
1530.135	0.0001872799179514712
1530.14	0.00018566162098301183
1530.145	0.00018617468378677874
1530.15	0.00018624865227618933
1530.155	0.00018718856475774968
1530.1599999999999	0.00018762974650162807
1530.165	0.00018866387406199468
1530.17	0.00019066720711268434
1530.175	0.0001923319861745456
1530.18	0.00019469626658626295
1530.185	0.00019708662595301483
1530.1899999999998	0.00020113391686286692
1530.1950000000002	0.00020422847810851365
1530.2	0.0002074948361875573
1530.205	0.0002099456755948744
1530.21	0.00021087386680209214
1530.215	0.00021029341420996856
1530.22	0.00020754166421256242
1530.2250000000001	0.00020614701367578439
1530.23	0.00020523835449104202
1530.2350000000001	0.00020495747283104176
1530.24	0.00020525440255875227
1530.245	0.0002068795470390002
1530.25	0.0002088637525446298
1530.255	0.00021059502611475833
1530.26	0.0002125484294939939
1530.265	0.00021372942135701315
1530.27	0.00021541937495159647
1530.2749999999999	0.0002158954765975595
1530.28	0.00021549132570345807
1530.285	0.00021377751892963124
1530.29	0.00021103612604592262
1530.295	0.0002075270022638983
1530.3	0.00020391498294540375
1530.3049999999998	0.0002007340238219503
1530.31	0.00019776425113355456
1530.315	0.00019565110173103416
1530.32	0.00019527706576693654
1530.325	0.00019528832784596297
1530.33	0.0001966593533244279
1530.335	0.00019799992252926202
1530.34	0.0002007500484276619
1530.345	0.00020426938129884705
1530.3500000000001	0.00020729206980351302
1530.355	0.0002104782647579602
1530.36	0.00021325031636720856
1530.365	0.000215633563409248
1530.3700000000001	0.00021729483747541785
1530.375	0.00021740736965684203
1530.38	0.00021559486318642446
1530.385	0.000212248238894247
1530.3899999999999	0.00020808761017699262
1530.395	0.00020405935362698225
1530.4	0.0002011607188034567
1530.405	0.00019936047313483737
1530.41	0.00019965193219802915
1530.415	0.00020087101436349242
1530.4199999999998	0.00020278418963033838
1530.425	0.00020480412055556773
1530.43	0.0002074091652011601
1530.4350000000002	0.00020858999592144345
1530.44	0.00020970910436015448
1530.445	0.00021005325834548078
1530.45	0.00021030040457098318
1530.455	0.00020991573344376395
1530.46	0.00020899817382345537
1530.4650000000001	0.0002077650954234478
1530.47	0.0002063458680874232
1530.475	0.0002047505016552074
1530.48	0.00020276189114109736
1530.485	0.00020106628484717787
1530.49	0.00019986156973386001
1530.4950000000001	0.00019903924126695683
1530.5	0.00019875032173850976
1530.5049999999999	0.00019892712271408675
1530.51	0.00019933918761406264
1530.515	0.0002001337240132383
1530.52	0.00020119809885134262
1530.525	0.00020302395998847317
1530.53	0.00020393423618195856
1530.5349999999999	0.00020563718861242318
1530.54	0.0002066087617848433
1530.545	0.00020742787587101676
1530.5500000000002	0.00020746145777495256
1530.555	0.00020670180918554664
1530.56	0.00020579120206503317
1530.565	0.00020528423269882822
1530.57	0.00020579409258778407
1530.575	0.0002062716700182366
1530.5800000000002	0.00020752501827679912
1530.585	0.0002081650184476846
1530.59	0.00020809424982436007
1530.595	0.00020724100797597507
1530.6	0.00020623176373022533
1530.605	0.00020486093430393707
1530.6100000000001	0.00020327852436076955
1530.615	0.0002020931780907202
1530.62	0.0002003451739169318
1530.625	0.00019954391535704005
1530.6299999999999	0.00019929860016323366
1530.635	0.00019937318223568358
1530.64	0.00020004316644807552
1530.645	0.00020125431231054613
1530.6499999999999	0.00020292772734817777
1530.655	0.00020534384807370987
1530.66	0.0002075473342028407
1530.6650000000002	0.0002096799344416501
1530.67	0.0002115026991170362
1530.675	0.00021279026689436699
1530.68	0.00021383243066428565
1530.685	0.0002148536929640437
1530.69	0.0002153999492735971
1530.6950000000002	0.0002156050597115143
1530.7	0.00021508644146466405
1530.705	0.00021491894280318473
1530.71	0.00021491489878919557
1530.715	0.00021458456185990653
1530.72	0.00021491384361886845
1530.7250000000001	0.00021448212728272207
1530.73	0.00021460129021055342
1530.735	0.00021518062950587796
1530.74	0.00021590937013251665
1530.745	0.00021711523099066918
1530.75	0.0002180060755029596
1530.755	0.0002191584945214513
1530.76	0.00021993026472381144
1530.7649999999999	0.00022033808373072487
1530.77	0.00021954575788020556
1530.7749999999999	0.00021851292572949788
1530.7800000000002	0.0002172437540678517
1530.785	0.00021549607737458807
1530.79	0.00021312467050208417
1530.795	0.00021129493254572914
1530.8	0.00020964459265970372
1530.8049999999998	0.00020864642426679
1530.8100000000002	0.000207962286811745
1530.815	0.00020783587125081237
1530.82	0.00020867024133145373
1530.825	0.00020976630968902265
1530.83	0.00021123210896552486
1530.835	0.00021261297979317922
1530.8400000000001	0.00021405008327616366
1530.845	0.00021516082555312366
1530.85	0.00021572420954833697
1530.855	0.0002157944511408959
1530.86	0.00021527487788168976
1530.865	0.00021461145438439236
1530.8700000000001	0.0002138380340887783
1530.875	0.0002127701505841445
1530.8799999999999	0.00021147366848458157
1530.885	0.0002104184515052784
1530.8899999999999	0.00020969265840698446
1530.8950000000002	0.00020910992197938
1530.9	0.00020843537791962347
1530.905	0.00020827772095600007
1530.91	0.00020944304234875758
1530.915	0.00021148212760751327
1530.9199999999998	0.00021427161772651383
1530.9250000000002	0.00021788373199362044
1530.93	0.00022107383280086873
1530.935	0.00022150092834553225
1530.94	0.0002201147436058645
1530.945	0.00021770200696584333
1530.9499999999998	0.00021421392591117086
1530.9550000000002	0.00021024275778779207
1530.96	0.00020780252628333097
1530.965	0.00020565333005866096
1530.97	0.00020456580362481698
1530.975	0.00020376603010610476
1530.98	0.0002034667383462989
1530.9850000000001	0.00020416259637624263
1530.99	0.00020503790177471497
1530.9950000000001	0.00020588617977546173
1531	0.00020639350685120806
1531.0049999999999	0.00020627393729021136
1531.01	0.0002059234504584057
1531.015	0.00020520548450713303
1531.02	0.0002040163489760182
1531.025	0.00020282208858455158
1531.03	0.00020165571558262331
1531.0349999999999	0.0002007074585206738
1531.0400000000002	0.00020029604676067802
1531.045	0.00020036209123537428
1531.05	0.00020076320120843055
1531.055	0.00020131564087135146
1531.06	0.00020176250593481935
1531.0649999999998	0.00020363990330456006
1531.0700000000002	0.00020525605502352937
1531.075	0.00020743631408116935
1531.08	0.00020973291701126214
1531.085	0.00021192838666259396
1531.09	0.00021454848700184204
1531.0949999999998	0.0002169802882395889
1531.1000000000001	0.0002187120216996571
1531.105	0.00021913504655245262
1531.1100000000001	0.000218487583348297
1531.115	0.00021728954366289957
1531.12	0.00021560508356024442
1531.125	0.00021242692691054573
1531.13	0.0002115541120470388
1531.135	0.00021085060981077336
1531.14	0.0002118694619961926
1531.145	0.0002129931481479167
1531.1499999999999	0.0002155883702910399
1531.155	0.00021969287269365704
1531.16	0.0002227081328382364
1531.165	0.00022598314992476699
1531.17	0.0002279418258448462
1531.175	0.00022885713701483915
1531.1799999999998	0.0002287661067256918
1531.1850000000002	0.0002274579958667987
1531.19	0.00022514522430004636
1531.195	0.0002224431899735326
1531.2	0.00022019582910916743
1531.205	0.0002186971441429533
1531.2099999999998	0.00021761917519195004
1531.2150000000001	0.00021683484515255672
1531.22	0.00021482751878586307
1531.2250000000001	0.00021465888130787802
1531.23	0.0002129220416130321
1531.235	0.00021183507393701288
1531.24	0.00020995162095547958
1531.2450000000001	0.00020819501532207298
1531.25	0.0002078908060765985
1531.255	0.00020753962442816731
1531.26	0.0002083004721965083
1531.2649999999999	0.0002090851200888692
1531.27	0.00021124401669047506
1531.275	0.00021285541764660382
1531.28	0.00021351398256368325
1531.285	0.00021198526868285205
1531.29	0.0002095271126324958
1531.2949999999998	0.00020741146393127402
1531.3	0.0002054060467555585
1531.305	0.0002078728398065345
1531.31	0.00021107559364306441
1531.315	0.00021593404574687372
1531.32	0.00022127768516797024
1531.3249999999998	0.00022650897253457958
1531.3300000000002	0.00023047494282382722
1531.335	0.00023208989905806345
1531.3400000000001	0.00023232551756858765
1531.345	0.00023089827545982715
1531.35	0.00022876947648537934
1531.355	0.0002259875152008479
1531.3600000000001	0.00022313647064277069
1531.365	0.0002208327754382503
1531.3700000000001	0.00021924449936468844
1531.375	0.00021866600780181752
1531.3799999999999	0.00021887724869487331
1531.385	0.00021947306877224897
1531.39	0.00022100073927948003
1531.395	0.00022130338870058667
1531.4	0.00022226892903887287
1531.405	0.00022253065566459187
1531.4099999999999	0.00022182652520137143
1531.415	0.00022054978350938395
1531.42	0.00021835726912990366
1531.425	0.00021578275798442604
1531.43	0.00021343672939401275
1531.435	0.00021110636230206036
1531.4399999999998	0.00020832653876994332
1531.445	0.00020546488034544854
1531.45	0.0002033367179645695
1531.4550000000002	0.0002017564791523747
1531.46	0.00020106189439939685
1531.465	0.00020101664331149139
1531.47	0.0002026834480981329
1531.475	0.00020572207980224444
1531.48	0.00020976878590951375
1531.4850000000001	0.0002138125723038505
1531.49	0.00021860123531455562
1531.495	0.00022186461132104815
1531.5	0.0002246488051135049
1531.505	0.00022463021560065064
1531.51	0.00022440702403426574
1531.515	0.00022270128655103386
1531.52	0.0002204966732104164
1531.5249999999999	0.0002166765174908874
1531.53	0.00021298513986502574
1531.535	0.00020999009027135892
1531.54	0.00020772074817226955
1531.545	0.00020653748304548763
1531.55	0.00020586896568673875
1531.555	0.00020732406201018482
1531.56	0.00020939364965344795
1531.565	0.00021179302878556375
1531.5700000000002	0.00021410715337745053
1531.575	0.0002153381355799379
1531.58	0.00021740693284532931
1531.585	0.00021794617429264326
1531.59	0.00021804643242935126
1531.595	0.00021684255251499938
1531.6000000000001	0.00021550641452360787
1531.605	0.00021405116748669057
1531.61	0.00021236152051081896
1531.615	0.0002100532493058479
1531.62	0.000207172362823162
1531.625	0.0002047604370719597
1531.63	0.00020236129062444822
1531.635	0.00020037677317212265
1531.6399999999999	0.00019893881032293002
1531.645	0.00019907992558588139
1531.65	0.00020067560712571113
1531.655	0.00020297727908521118
1531.66	0.00020486276399440248
1531.665	0.00020594782265854068
1531.67	0.00020563376448541168
1531.675	0.00020403382003903633
1531.68	0.00020238902596330584
1531.6850000000002	0.00020068508028716432
1531.69	0.0001991988060205174
1531.695	0.0001979443997407678
1531.7	0.00019746652718009142
1531.705	0.0001982928267628742
1531.71	0.00020036859741532522
1531.7150000000001	0.00020317489609193498
1531.72	0.00020787463783104924
1531.725	0.00021224893853801307
1531.73	0.00021721312412679262
1531.735	0.00022167142106028972
1531.74	0.00022518874033564926
1531.7450000000001	0.00022785112523793135
1531.75	0.00022904778595494443
1531.7549999999999	0.0002283179346850188
1531.76	0.0002271756782925708
1531.7649999999999	0.00022544870072714666
1531.77	0.00022318206215576173
1531.775	0.00022055341533043737
1531.78	0.0002179875840840983
1531.785	0.00021633506669232778
1531.79	0.0002149823760383965
1531.795	0.00021410507838023963
1531.8000000000002	0.00021377524721722475
1531.805	0.00021337767631248464
1531.81	0.00021396785257254443
1531.815	0.00021596715609106337
1531.82	0.00021772056281695642
1531.825	0.00022097463908332164
1531.8300000000002	0.00022330281150195836
1531.835	0.0002255732602173425
1531.84	0.00022625398475506267
1531.845	0.00022560588325749655
1531.85	0.00022270407679381903
1531.855	0.00021904072995707167
1531.8600000000001	0.0002154344858076191
1531.865	0.00021171675381711529
1531.87	0.0002084440304068375
1531.875	0.0002069934271391644
1531.8799999999999	0.0002072022834629741
1531.885	0.00020890779580375282
1531.89	0.00021183473283162122
1531.895	0.00021655282508527854
1531.9	0.0002219644207762564
1531.905	0.00022762404963651864
1531.9099999999999	0.00023230423071495597
1531.9150000000002	0.00023480966985084845
1531.92	0.00023500944201745356
1531.925	0.00023319432174750032
1531.93	0.0002299030356970311
1531.935	0.00022565302083816776
1531.9399999999998	0.00022140848059349965
1531.9450000000002	0.00021790608681402816
1531.95	0.0002149468767018305
1531.955	0.0002121341425327998
1531.96	0.00020986462422284608
1531.965	0.00020852975374708785
1531.97	0.0002077171800199794
1531.9750000000001	0.00020763923910049076
1531.98	0.0002077048284569784
1531.985	0.00020916814801337695
1531.99	0.00021079802533286116
1531.995	0.00021360431454223262
1532	0.00021645554095056868
1532.005	0.00021893444600047277
1532.01	0.00022015873965278631
1532.015	0.00021929830353946628
1532.02	0.00021795672367768654
1532.0249999999999	0.00021602267446143084
1532.0300000000002	0.0002136188171703681
1532.035	0.00021173195458291865
1532.04	0.00021054446742480132
1532.045	0.0002103489598913139
1532.05	0.00021090338580870554
1532.0549999999998	0.0002120492361306968
1532.0600000000002	0.00021402207562374543
1532.065	0.00021683957305453956
1532.07	0.00021880281728144162
1532.075	0.0002205032324384559
1532.08	0.00022106290963433417
1532.0849999999998	0.00022049562017437675
1532.0900000000001	0.00021923035263923395
1532.095	0.00021695941891764671
1532.1	0.0002142665345321993
1532.105	0.00021140456380384868
1532.11	0.00020877245326524557
1532.115	0.00020678031481846158
1532.1200000000001	0.00020582892468335007
1532.125	0.00020581474232088493
1532.13	0.0002063550683890805
1532.135	0.00020747485780874206
1532.1399999999999	0.00020958679243275946
1532.145	0.00021306898485636634
1532.15	0.000216204577288342
1532.155	0.00022020875033651872
1532.16	0.00022416908992945933
1532.165	0.00022850084632898543
1532.1699999999998	0.0002332804723539473
1532.1750000000002	0.00023678921855410607
1532.18	0.000239611182578132
1532.185	0.0002400771558149639
1532.19	0.00023841484417851767
1532.195	0.00023506467731621095
1532.1999999999998	0.00023121933927182646
1532.2050000000002	0.0002272458108924449
1532.21	0.00022452807080571604
1532.215	0.00022291911776455792
1532.22	0.0002225082757722169
1532.225	0.0002223534637626931
1532.23	0.0002241931075276913
1532.2350000000001	0.00022573278018164216
1532.24	0.00022697673651066367
1532.2450000000001	0.00022757414908468234
1532.25	0.00022754837970101105
1532.2549999999999	0.00022749273921363045
1532.26	0.00022678305418879832
1532.265	0.0002257019837820756
1532.27	0.00022434087525532474
1532.275	0.00022299072810254668
1532.28	0.00022236413721330494
1532.2849999999999	0.00022246259019095886
1532.29	0.00022332524081553374
1532.295	0.00022439847814043756
1532.3	0.0002257455125343926
1532.305	0.0002278680912693647
1532.31	0.00022989927405688723
1532.3149999999998	0.0002316379712907684
1532.3200000000002	0.00023298291262898875
1532.325	0.00023487342167788423
1532.33	0.00023627636668905388
1532.335	0.00023720639348502715
1532.34	0.00023769390410912324
1532.345	0.00023756840024352768
1532.3500000000001	0.00023693230012915986
1532.355	0.00023509702216996354
1532.3600000000001	0.0002316753372216482
1532.365	0.0002279327532622207
1532.37	0.000224531695651597
1532.375	0.00022179455468293225
1532.38	0.0002210080894721174
1532.385	0.00022144183710357063
1532.39	0.00022257226691415924
1532.395	0.0002230330696232062
1532.3999999999999	0.00022453092792019066
1532.405	0.00022500692896385265
1532.41	0.00022527986438424267
1532.415	0.00022504154089392952
1532.42	0.00022441713761989915
1532.425	0.00022372837994228886
1532.4299999999998	0.00022330088166863356
1532.435	0.0002226233961314206
1532.44	0.00022253477048824827
1532.445	0.00022254238710574007
1532.45	0.0002228671899724123
1532.455	0.00022387550681475822
1532.46	0.00022514316687432883
1532.465	0.00022673027903557716
1532.47	0.00022812114194249456
1532.4750000000001	0.00022908015795067242
1532.48	0.00022995970648993753
1532.485	0.00023053294372173854
1532.49	0.00023044972051519577
1532.4950000000001	0.0002297940664254449
1532.5	0.00022861784516632464
1532.505	0.0002276753837620744
1532.51	0.00022658686796314794
1532.5149999999999	0.00022545665907229274
1532.52	0.0002238887468713893
1532.525	0.00022230649115186397
1532.53	0.00022118566572081709
1532.535	0.00022041669218858862
1532.54	0.00022071541345412195
1532.5449999999998	0.00022153562526140648
1532.55	0.0002241807182688402
1532.555	0.0002278008433595768
1532.56	0.00023216971614932464
1532.565	0.00023618651199567144
1532.57	0.00024074194666876266
1532.575	0.00024389341403969876
1532.58	0.00024565834246417757
1532.585	0.0002455893020221663
1532.5900000000001	0.0002448494913199454
1532.595	0.00024301596124988643
1532.6	0.00024047745242835027
1532.605	0.0002371359806348442
1532.61	0.0002344600458041698
1532.615	0.00023269692054268633
1532.6200000000001	0.00023132560715567553
1532.625	0.00023123912923218938
1532.6299999999999	0.0002311476978372603
1532.635	0.00023247108258944688
1532.64	0.0002333734103031162
1532.645	0.0002343778043774694
1532.65	0.00023487759887417728
1532.655	0.0002348188751297197
1532.6599999999999	0.00023534059193084565
1532.665	0.0002359436146068678
1532.67	0.00023632401306649742
1532.6750000000002	0.0002364674349097533
1532.68	0.00023707971556407393
1532.685	0.00023803720365278742
1532.69	0.00023886926673436838
1532.695	0.00023932030770937646
1532.7	0.00023950564904430457
1532.7050000000002	0.00024047720248950092
1532.71	0.00024055022542485876
1532.715	0.00024099211784946417
1532.72	0.00024181983898221158
1532.725	0.00024208619854761528
1532.73	0.00024134351561941696
1532.7350000000001	0.0002388463590445353
1532.74	0.00023656577693400782
1532.745	0.00023401332034507483
1532.75	0.00023179790675569972
1532.7549999999999	0.00022997252280234154
1532.76	0.00022886078149283743
1532.765	0.0002279442928232609
1532.77	0.0002272693018319885
1532.7749999999999	0.00022717725012666952
1532.78	0.00022679925558327852
1532.785	0.00022787476543995158
1532.7900000000002	0.00022837767175331168
1532.795	0.00022975027091215534
1532.8	0.00023124337552899953
1532.805	0.00023247574854475518
1532.81	0.00023419132196816794
1532.815	0.0002352545400916819
1532.8200000000002	0.0002361476413125024
1532.825	0.00023673317927918366
1532.83	0.00023644781324074995
1532.835	0.00023600156862725813
1532.84	0.0002358594545736396
1532.845	0.00023489154120784418
1532.8500000000001	0.00023393824524124075
1532.855	0.00023293442596364114
1532.86	0.0002320924075492918
1532.865	0.00023167533800005918
1532.87	0.00023161232673288637
1532.875	0.00023143253186870777
1532.88	0.00023196449539458828
1532.885	0.00023212219820922505
1532.8899999999999	0.00023392750877414785
1532.895	0.00023473362783467294
1532.8999999999999	0.00023642161096529307
1532.9050000000002	0.00023684429734367667
1532.91	0.00023681153328354262
1532.915	0.00023568419846265506
1532.92	0.00023345255931084727
1532.925	0.0002293441808486225
1532.9299999999998	0.0002262738405158131
1532.9350000000002	0.00022361621090857112
1532.94	0.0002215852243480882
1532.945	0.00022005100376282225
1532.95	0.00022024930450643496
1532.955	0.00022217165673099498
1532.96	0.00022493072264338155
1532.9650000000001	0.00022909007654638115
1532.97	0.00023338323281911028
1532.975	0.00023869568937286888
1532.98	0.0002431055043702588
1532.985	0.00024717106414108407
1532.99	0.0002495963822229863
1532.9950000000001	0.0002512220425260639
1533	0.00025166032778436016
1533.0049999999999	0.0002508367179155924
1533.01	0.0002491008423571134
1533.0149999999999	0.00024596250247455574
1533.0200000000002	0.0002437210016304542
1533.025	0.00024112753075581665
1533.03	0.0002385441814102094
1533.035	0.00023590642662961857
1533.04	0.00023352481457558036
1533.0449999999998	0.00023226519505190494
1533.0500000000002	0.00023139566561891918
1533.055	0.00023146666013670606
1533.06	0.00023226518531178027
1533.065	0.00023541979645277125
1533.07	0.00023923878147903563
1533.0749999999998	0.00024362845038977186
1533.0800000000002	0.0002478159439364239
1533.085	0.00025020069004415805
1533.09	0.00025000060289118083
1533.095	0.00024829160574513644
1533.1	0.00024593455233830927
1533.105	0.00024390979885615324
1533.1100000000001	0.00024196643327252447
1533.115	0.00024138486510739748
1533.12	0.00024156552983609571
1533.125	0.00024109517108845195
1533.1299999999999	0.00024149415340049457
1533.135	0.00024127987420427126
1533.14	0.00024147606644582136
1533.145	0.0002411569600087468
1533.15	0.00024041775230754112
1533.155	0.00023962339237800824
1533.1599999999999	0.00023822615594708857
1533.1650000000002	0.00023710521451778766
1533.17	0.00023594911329453513
1533.175	0.00023531414898815653
1533.18	0.00023538964449960675
1533.185	0.00023582748367983002
1533.1899999999998	0.00023607158032929186
1533.1950000000002	0.00023784436143803135
1533.2	0.0002392783071589602
1533.205	0.0002408809496664408
1533.21	0.00024243866254603893
1533.215	0.00024362736922515333
1533.2199999999998	0.000244595556651674
1533.2250000000001	0.0002458640490347932
1533.23	0.0002462280962675746
1533.235	0.00024635530513618403
1533.24	0.00024590338582915243
1533.245	0.0002449385195998423
1533.25	0.00024353250632988953
1533.255	0.00024149912000782142
1533.26	0.00023855996975101978
1533.265	0.00023530002059258843
1533.27	0.00023239467328507548
1533.2749999999999	0.0002310139825676609
1533.28	0.00023012113670136254
1533.285	0.00023048966107688004
1533.29	0.00023162291421513595
1533.295	0.00023361043518534683
1533.3	0.00023507108495026636
1533.3049999999998	0.00023688300155702883
1533.3100000000002	0.00023891733375356916
1533.315	0.00023967151097076185
1533.32	0.0002402014361127547
1533.325	0.00023973429163251696
1533.33	0.00023984464554010964
1533.3349999999998	0.00023926680576904697
1533.3400000000001	0.0002390090129938905
1533.345	0.0002383638180218762
1533.3500000000001	0.0002388318573246657
1533.355	0.0002397413341592366
1533.36	0.00024139024378670522
1533.365	0.00024351090646375538
1533.3700000000001	0.000244963505087976
1533.375	0.0002469192909243297
1533.38	0.0002490288502741176
1533.385	0.0002506118230347576
1533.3899999999999	0.0002520555440052446
1533.395	0.00025303870921951664
1533.4	0.00025359349761543566
1533.405	0.00025442317095547405
1533.41	0.00025371699339804874
1533.415	0.0002520625176973273
1533.4199999999998	0.00024910015732893925
1533.425	0.0002449837875918346
1533.43	0.00023999430342393216
1533.435	0.000234587797247674
1533.44	0.00023060287160458218
1533.445	0.0002293109509086607
1533.4499999999998	0.00022911832178375096
1533.4550000000002	0.0002322261967129418
1533.46	0.00023556663706562802
1533.4650000000001	0.00023982607842970192
1533.47	0.000244664340869656
1533.475	0.00024943655513632397
1533.48	0.00025289536323134024
1533.4850000000001	0.00025506555961795285
1533.49	0.0002562951814496366
1533.4950000000001	0.00025594105054244245
1533.5	0.0002548536829302027
1533.5049999999999	0.0002524521418168919
1533.51	0.0002497821191968198
1533.515	0.00024703649723344686
1533.52	0.00024433847289074265
1533.525	0.00024229780931189911
1533.53	0.00024063452904946826
1533.5349999999999	0.000239716437274436
1533.54	0.00023949700054252238
1533.545	0.0002394193524936917
1533.55	0.00023905775597589515
1533.555	0.00023980498489504837
1533.56	0.00024005112459127905
1533.5649999999998	0.00024065119118471846
1533.57	0.00024118847893883597
1533.575	0.00024137251457168805
1533.5800000000002	0.00024150687730049855
1533.585	0.0002421127795877766
1533.59	0.00024223881595914582
1533.595	0.00024259931468131627
1533.6	0.00024279823759480076
1533.605	0.00024324580792477318
1533.6100000000001	0.0002435017656530373
1533.615	0.00024391118625950272
1533.62	0.0002437388701916005
1533.625	0.00024360715960438327
1533.63	0.00024335980916253706
1533.635	0.00024315157013948694
1533.64	0.0002419352628900834
1533.645	0.00024073000534139907
1533.6499999999999	0.00023945793265137298
1533.655	0.000238179075991884
1533.66	0.0002358517496102394
1533.665	0.0002343898094929777
1533.67	0.00023337340101405737
1533.675	0.00023291778338722325
1533.6799999999998	0.0002324621657747532
1533.685	0.00023261218173802696
1533.69	0.00023415461509404534
1533.6950000000002	0.00023558411277938433
1533.7	0.00023776071149508762
1533.705	0.00023916788457476701
1533.71	0.00024133896100047726
1533.715	0.00024301683761225596
1533.72	0.00024440836157882574
1533.7250000000001	0.00024499037580341665
1533.73	0.00024462166681923594
1533.735	0.00024438611749339373
1533.74	0.0002442812765388536
1533.745	0.00024367389640605943
1533.75	0.00024274855097962262
1533.755	0.00024210327247983955
1533.76	0.0002419148305711232
1533.7649999999999	0.0002420176941935046
1533.77	0.00024150925831732868
1533.775	0.00024163414040447964
1533.78	0.00024268364204094544
1533.785	0.00024422814097129885
1533.79	0.00024607686165780594
1533.795	0.00024968050244779085
1533.8	0.0002535310447604807
1533.805	0.0002556591516827234
1533.8100000000002	0.0002564102431055021
1533.815	0.0002556472622252066
1533.82	0.0002532758686676623
1533.825	0.00024958733035178093
1533.83	0.0002464012983715829
1533.835	0.00024390664878635795
1533.8400000000001	0.0002420763977317569
1533.845	0.00024086217085255357
1533.85	0.00024047325633441013
1533.855	0.00024123967203690797
1533.86	0.00024319408632629712
1533.865	0.0002448789595537011
1533.8700000000001	0.00024784691623575016
1533.875	0.0002504833973316884
1533.8799999999999	0.0002530525575174761
1533.885	0.0002555516863281812
1533.8899999999999	0.0002573172129126932
1533.895	0.0002589727914648512
1533.9	0.00025922538031343284
1533.905	0.0002598096761835518
1533.91	0.0002604857842851339
1533.915	0.0002607978669502997
1533.92	0.0002617341556547036
1533.9250000000002	0.0002618408424691148
1533.93	0.00026186465020289863
1533.935	0.00026213122782737163
1533.94	0.0002625831984958003
1533.945	0.00026241934393033577
1533.95	0.00026263140725453835
1533.9550000000002	0.00026203173859356643
1533.96	0.00026176465383286697
1533.965	0.0002617022563607687
1533.97	0.0002613430209450642
1533.975	0.0002604125356285277
1533.98	0.00025839759652611393
1533.9850000000001	0.0002563471415939458
1533.99	0.0002540308288198785
1533.995	0.00025149563995394196
1534	0.0002489083556700123
1534.0049999999999	0.00024711476400192156
1534.01	0.00024674644616171526
1534.015	0.0002466533798752929
1534.02	0.00024713171644430686
1534.025	0.00024881763495117397
1534.03	0.00025056448733654676
1534.0349999999999	0.00025255816687639037
1534.0400000000002	0.0002537976844924535
1534.045	0.0002546164681575211
1534.05	0.00025447582314430125
1534.055	0.00025279379405748867
1534.06	0.00024965699422847826
1534.0649999999998	0.00024534892941112645
1534.0700000000002	0.00024029875567404112
1534.075	0.0002354369133425795
1534.08	0.00023132077777652073
1534.085	0.0002275086219269936
1534.09	0.0002236507135066538
1534.095	0.00022158191622501108
1534.1000000000001	0.00021957401916464196
1534.105	0.00021892624662851442
1534.11	0.00021789614890311206
1534.115	0.00021799395713275596
1534.12	0.00021898831322031339
1534.125	0.0002206324487864362
1534.13	0.00022313135552807326
1534.135	0.00022724248269082682
1534.14	0.00023360180444180137
1534.145	0.00024219145831550705
1534.1499999999999	0.000252015311796212
1534.1550000000002	0.00026113237964731605
1534.16	0.0002660600737138153
1534.165	0.0002660576749202615
1534.17	0.00026448920844535475
1534.175	0.0002611949458532584
1534.1799999999998	0.000258368998845277
1534.1850000000002	0.00025657511101907717
1534.19	0.00025690700764772144
1534.195	0.00025842911345584434
1534.2	0.00026063251982868277
1534.205	0.00026221424459489814
1534.2099999999998	0.00026378217516623834
1534.2150000000001	0.0002644281775985847
1534.22	0.00026347240785761904
1534.225	0.0002614300919133112
1534.23	0.0002583493421445984
1534.235	0.00025446522642222347
1534.24	0.0002506019216098306
1534.2450000000001	0.0002469664585576375
1534.25	0.00024485515220582096
1534.255	0.0002434039947533111
1534.26	0.00024287382404619267
1534.2649999999999	0.00024348914541541942
1534.27	0.0002450114464866477
1534.275	0.00024666483509488285
1534.28	0.00024909933265436767
1534.285	0.00025096699498276765
1534.29	0.00025333820276394667
1534.2949999999998	0.00025577790542708834
1534.3000000000002	0.00025756388946077135
1534.305	0.0002596778613062114
1534.31	0.00026027225188614197
1534.315	0.0002610357973744548
1534.32	0.00026059233428802925
1534.3249999999998	0.0002590631404212708
1534.3300000000002	0.0002563856928952125
1534.335	0.0002525224381977718
1534.34	0.0002488092398333167
1534.345	0.00024570937833007
1534.35	0.0002429557155339894
1534.3549999999998	0.0002440261556252354
1534.3600000000001	0.00024591053360137344
1534.365	0.0002495599743347317
1534.3700000000001	0.0002531761521594161
1534.375	0.00025731741150127535
1534.3799999999999	0.00026136228760729086
1534.385	0.0002635734134277266
1534.39	0.0002654461867720187
1534.395	0.0002654381225800496
1534.4	0.0002650633984187914
1534.405	0.00026324223995619485
1534.4099999999999	0.00026087572404961403
1534.415	0.00025776895057453485
1534.42	0.00025499031781117584
1534.425	0.00025286901097535286
1534.43	0.0002514987287468084
1534.435	0.0002507771391352696
1534.4399999999998	0.0002499158646474328
1534.4450000000002	0.0002497420769994435
1534.45	0.00025016594022185567
1534.455	0.0002502985436061275
1534.46	0.00025070802076060167
1534.465	0.0002506553724500411
1534.47	0.00025094777312907943
1534.4750000000001	0.0002519830660244044
1534.48	0.0002525240648304864
1534.4850000000001	0.00025318024110321626
1534.49	0.00025377706330042285
1534.495	0.0002544565517029819
1534.5	0.0002555683304801774
1534.505	0.00025714127191471683
1534.51	0.00025924740385071605
1534.515	0.00026185261694715176
1534.52	0.0002634649946243919
1534.5249999999999	0.0002654182569210995
1534.53	0.0002660246960316613
1534.535	0.0002650981941995901
1534.54	0.0002630483324610568
1534.545	0.0002607827447181889
1534.55	0.00025849354974512425
1534.5549999999998	0.0002563699524984202
1534.56	0.0002542624620887722
1534.565	0.0002525488600194238
1534.57	0.00025159667430136315
1534.575	0.0002516012268419451
1534.58	0.0002521286502743795
1534.585	0.0002539566569119709
1534.5900000000001	0.00025593602630837893
1534.595	0.0002582586381732584
1534.6000000000001	0.0002612779387545435
1534.605	0.0002634483915582453
1534.61	0.00026591247242044053
1534.615	0.0002672096888845187
1534.6200000000001	0.0002677274584354797
1534.625	0.0002679267128488391
1534.63	0.0002667106737033179
1534.635	0.000265081467528033
1534.6399999999999	0.0002629663039185254
1534.645	0.0002605700765902914
1534.65	0.0002582456727947074
1534.655	0.00025628653939096445
1534.66	0.00025412279724488856
1534.665	0.0002526857263240564
1534.6699999999998	0.00025104407109433996
1534.675	0.0002502829482160566
1534.68	0.00025037496985076425
1534.685	0.0002509828330243086
1534.69	0.0002528013541958474
1534.695	0.0002550706292008778
1534.7	0.0002592604890000867
1534.705	0.0002635360395656066
1534.71	0.00026708769285410487
1534.7150000000001	0.0002709504216995021
1534.72	0.00027317696749920264
1534.725	0.00027549853389834117
1534.73	0.00027547214145956
1534.735	0.00027544979938656946
1534.74	0.0002749701094867305
1534.7450000000001	0.00027425367357409013
1534.75	0.00027307535060033664
1534.7549999999999	0.00027190468860129773
1534.76	0.0002713243739135314
1534.765	0.00027100046052630164
1534.77	0.00027144066678537297
1534.775	0.0002725039386713925
1534.78	0.00027412123458973
1534.7849999999999	0.0002763294121764964
1534.79	0.00027831508562505
1534.795	0.0002806203119525883
1534.8	0.00028118747284860377
1534.805	0.000283076091755514
1534.81	0.0002834317604533661
1534.815	0.0002837823664602449
1534.82	0.0002829286500696001
1534.825	0.00028193609189237624
1534.8300000000002	0.00028047697452994404
1534.835	0.0002785063158061901
1534.84	0.0002742893204024447
1534.845	0.0002703299158941592
1534.85	0.0002668011252697461
1534.855	0.00026450224348446497
1534.8600000000001	0.0002649840571897726
1534.865	0.0002691787626354197
1534.87	0.0002757676637576751
1534.875	0.0002824990855569657
1534.8799999999999	0.0002873277420136324
1534.885	0.00028897805620570124
1534.89	0.000287413475849769
1534.895	0.0002836005297644064
1534.8999999999999	0.0002799107419753151
1534.905	0.00027647930796190234
1534.91	0.0002749584030534578
1534.9150000000002	0.0002739301417307372
1534.92	0.0002751330292031005
1534.925	0.0002776086232525074
1534.93	0.00028071582406992293
1534.935	0.0002841214257409135
1534.94	0.00028803679177014395
1534.9450000000002	0.00029034207047450467
1534.95	0.00029136200382761843
1534.955	0.00029096479666821355
1534.96	0.00028879942924018014
1534.965	0.0002847138519993358
1534.97	0.00027912644726520326
1534.9750000000001	0.00027337078819096756
1534.98	0.000268096479936228
1534.985	0.00026349930455284886
1534.99	0.00026024155320824704
1534.995	0.00025731072424085686
1535	0.00025535895091288523
1535.005	0.00025472412026732557
1535.01	0.00025534742010435485
1535.0149999999999	0.0002559960834610607
1535.02	0.0002581665092110593
1535.0249999999999	0.00026008308885763065
1535.0300000000002	0.00026353086328053223
1535.035	0.0002674003415185598
1535.04	0.00027168606540223537
1535.045	0.0002760209673795279
1535.05	0.00027941141680907946
1535.055	0.0002814369058673896
1535.0600000000002	0.000281150886687175
1535.065	0.0002788484819943289
1535.07	0.0002747526888116563
1535.075	0.0002713141039868076
1535.08	0.00026846876491672193
1535.085	0.00026584649229023405
1535.0900000000001	0.0002638271265215894
1535.095	0.00026332956621945145
1535.1	0.00026339488193484863
1535.105	0.0002641627819840199
1535.11	0.0002651273098129364
1535.115	0.00026629808988309857
1535.1200000000001	0.0002676251861455749
1535.125	0.00026838333543214107
1535.1299999999999	0.00026891462879557494
1535.135	0.00026856482416538004
1535.1399999999999	0.00026796339082062437
1535.1450000000002	0.0002671888220148417
1535.15	0.00026644141247739807
1535.155	0.0002655642553650517
1535.16	0.00026425147913875164
1535.165	0.0002643432838490896
1535.1699999999998	0.00026442128000780935
1535.1750000000002	0.00026446546702874144
1535.18	0.0002643552368901028
1535.185	0.00026459554281388093
1535.19	0.00026536861936360406
1535.195	0.0002667561250562208
1535.1999999999998	0.0002681240883249226
1535.2050000000002	0.00027046133688878374
1535.21	0.00027343661051084967
1535.215	0.0002768792054454132
1535.22	0.0002792218432866503
1535.225	0.0002809753979326729
1535.23	0.00028124201272880576
1535.2350000000001	0.0002806042167976014
1535.24	0.0002804915302649702
1535.245	0.0002818546692258766
1535.25	0.0002834253478141455
1535.2549999999999	0.000285845045466293
1535.26	0.00028903945186292717
1535.265	0.0002913476700430039
1535.27	0.00029374661709249733
1535.275	0.00029444465056416123
1535.28	0.00029444183568538303
1535.2849999999999	0.0002934502053580599
1535.2900000000002	0.00029155809389096545
1535.295	0.0002889550693746042
1535.3	0.00028591353132519006
1535.305	0.0002824340693608186
1535.31	0.0002794879242101768
1535.3149999999998	0.0002775205532482991
1535.3200000000002	0.00027671161006673694
1535.325	0.00027683327013180097
1535.33	0.0002768779687647437
1535.335	0.0002790755784957097
1535.34	0.00028104388634706305
1535.3449999999998	0.000283511151705214
1535.3500000000001	0.0002861056649797371
1535.355	0.0002882328295399426
1535.36	0.0002901527788766518
1535.365	0.00029251476260269016
1535.37	0.0002937889449654526
1535.375	0.0002947764951098572
1535.38	0.00029485997046178685
1535.385	0.00029449498835109407
1535.39	0.0002934139679294833
1535.395	0.0002917002385046416
1535.3999999999999	0.00028960633796684584
1535.405	0.0002879448556869752
1535.41	0.0002872375480391131
1535.415	0.0002877977623386842
1535.42	0.0002883989879790403
1535.425	0.0002906528057180599
1535.4299999999998	0.00029237198887592693
1535.4350000000002	0.00029409596492569585
1535.44	0.0002943454472560197
1535.445	0.00029448467830238276
1535.45	0.00029385357799744153
1535.455	0.00029271317722982793
1535.4599999999998	0.00029044741820209746
1535.4650000000001	0.0002876520513462673
1535.47	0.0002848394895049743
1535.475	0.00028224108334281873
1535.48	0.00027984292286003186
1535.485	0.0002773295807518264
1535.49	0.00027486093290707774
1535.4950000000001	0.00027350765518339434
1535.5	0.0002726102996277721
1535.505	0.00027241878602914365
1535.51	0.00027221195550080994
1535.5149999999999	0.0002721653581834686
1535.52	0.0002728877879831598
1535.525	0.0002735965815864193
1535.53	0.0002745719614288
1535.535	0.00027544507458886143
1535.54	0.0002766789457852276
1535.5449999999998	0.0002783672954891144
1535.55	0.00027991244369771935
1535.555	0.00028067706281157816
1535.56	0.00028146156465118957
1535.565	0.00028097498262228256
1535.57	0.0002781994797108001
1535.5749999999998	0.0002720699526445913
1535.5800000000002	0.0002643753211398615
1535.585	0.00025765236499761653
1535.5900000000001	0.00025361770894523935
1535.595	0.00025290971768818075
1535.6	0.00025540122911719125
1535.605	0.0002594094256509013
1535.6100000000001	0.0002641939761932495
1535.615	0.0002703621962094755
1535.6200000000001	0.00027573610726160027
1535.625	0.0002801923595801314
1535.6299999999999	0.0002833105982197422
1535.635	0.00028516276114031103
1535.64	0.00028653497217737226
1535.645	0.00028715601832219256
1535.65	0.0002873034515098876
1535.655	0.00028784482666296485
1535.6599999999999	0.00028864802290355375
1535.665	0.0002898848192395609
1535.67	0.00029216238173939877
1535.675	0.0002942525296594949
1535.68	0.0002967027686950272
1535.685	0.0002986654394505735
1535.6899999999998	0.0003000549593787392
1535.695	0.00030124662235634264
1535.7	0.00030182320679100744
1535.7050000000002	0.00030185352127466404
1535.71	0.0003013354607102886
1535.715	0.0003002328210863477
1535.72	0.0002987407768491332
1535.725	0.0002974640541233004
1535.73	0.0002955010527301428
1535.7350000000001	0.0002940225926782147
1535.74	0.00029205002861911876
1535.745	0.0002907810960876233
1535.75	0.00029029487443516
1535.755	0.00029021564340799287
1535.76	0.0002914929250364242
1535.765	0.0002940897466520173
1535.77	0.0002979715602052686
1535.7749999999999	0.0003023351088168451
1535.78	0.00030488570861307714
1535.785	0.0003079462696687017
1535.79	0.0003082361382531107
1535.795	0.0003073005593630975
1535.8	0.0003038014891946439
1535.8049999999998	0.0002996567486704573
1535.81	0.00029548700563884425
1535.815	0.00029104727875630553
1535.8200000000002	0.0002868358011279155
1535.825	0.0002828831807124231
1535.83	0.0002805898537853346
1535.835	0.0002792976139958302
1535.84	0.00027922130539081985
1535.845	0.00028005313313267193
1535.8500000000001	0.00028185021291632725
1535.855	0.000284346538722571
1535.86	0.00028702750161105936
1535.865	0.0002899486816850055
1535.87	0.000291647455539737
1535.875	0.0002937752018313271
1535.88	0.0002953240438801772
1535.885	0.0002964254145868287
1535.8899999999999	0.0002972029495258676
1535.895	0.0002974174421934946
1535.9	0.0002977326776753758
1535.905	0.0002975866312434879
1535.91	0.0002973251040640439
1535.915	0.00029626853615703617
1535.9199999999998	0.00029586448837274606
1535.925	0.00029579906340406197
1535.93	0.00029634392424882967
1535.9350000000002	0.0002979173820143052
1535.94	0.00030022265492928214
1535.945	0.000301730430031377
1535.95	0.00030309860968433347
1535.955	0.0003022510243499665
1535.96	0.0003004670961006446
1535.9650000000001	0.0002981755940390487
1535.97	0.0002957935245202598
1535.975	0.00029367799899021103
1535.98	0.0002917050613061397
1535.985	0.00029026521655410787
1535.99	0.00028927883745841177
1535.9950000000001	0.00028889880389759964
1536	0.00028871563392572874
1536.0049999999999	0.00028845883827688775
1536.01	0.00028843071207073945
1536.0149999999999	0.0002877421202132747
1536.02	0.00028703007353206766
1536.025	0.00028594265435344325
1536.03	0.00028459006756897823
1536.035	0.0002832157837477787
1536.04	0.0002816481130769018
1536.045	0.0002795661920538788
1536.0500000000002	0.00027832295936055
1536.055	0.0002774889313999661
1536.06	0.00027684868049671855
1536.065	0.0002769512357156805
1536.07	0.0002768193858291204
1536.075	0.0002775789032070099
1536.0800000000002	0.00027884029178086984
1536.085	0.0002804696865652154
1536.09	0.00028236186444037883
1536.095	0.00028436567898545707
1536.1	0.0002866391732078811
1536.105	0.00029005009276193277
1536.1100000000001	0.00029313536577679056
1536.115	0.000296201207610729
1536.12	0.00029827542789298935
1536.125	0.00030005689834461944
1536.1299999999999	0.00030081401642528463
1536.135	0.0003005901588706112
1536.14	0.0002992942754644902
1536.145	0.00029924531271199504
1536.15	0.0002990004988556817
1536.155	0.0002993042825243784
1536.1599999999999	0.0002997078282962769
1536.1650000000002	0.00030107083429037964
1536.17	0.0003025075353065256
1536.175	0.0003037931298972719
1536.18	0.0003040249218865886
1536.185	0.0003042121007005351
1536.1899999999998	0.00030440026411478763
1536.1950000000002	0.0003042485123497619
1536.2	0.0003039976071324797
1536.205	0.00030273627680965534
1536.21	0.00030201084294467437
1536.215	0.00030134644093606655
1536.22	0.0003010566092299662
1536.2250000000001	0.0003008658364214742
1536.23	0.00030024054887585797
1536.235	0.00030030073291677353
1536.24	0.00030039092321156274
1536.245	0.00030045785629813024
1536.25	0.0003000414775383309
1536.255	0.0002997930289144236
1536.26	0.00029991391865518443
1536.265	0.00030029278949971047
1536.27	0.00030053572580862435
1536.2749999999999	0.0003013835060836691
1536.2800000000002	0.0003033732030331134
1536.285	0.0003056167108360065
1536.29	0.00030787755209546106
1536.295	0.00030995372111275975
1536.3	0.00030962671914227705
1536.3049999999998	0.0003068868610371742
1536.3100000000002	0.0003040625747092538
1536.315	0.00030225851350902986
1536.32	0.0003017666656326952
1536.325	0.000302447728009389
1536.33	0.0003053179533658714
1536.3349999999998	0.0003087553395994169
1536.3400000000001	0.00031293519588358076
1536.345	0.0003155625380790262
1536.35	0.0003169726826880633
1536.355	0.0003168013274315625
1536.36	0.00031446211671881354
1536.365	0.00030985108490308764
1536.3700000000001	0.00030367258640123687
1536.375	0.00029662884282425104
1536.38	0.0002902382957299705
1536.385	0.0002849274829649728
1536.3899999999999	0.0002813013907761142
1536.395	0.0002794253062068272
1536.4	0.0002792294854985488
1536.405	0.00028068638758585077
1536.41	0.0002840763565963643
1536.415	0.0002875421258113071
1536.4199999999998	0.0002918725016829601
1536.4250000000002	0.0002960841877225181
1536.43	0.00030017725448138773
1536.435	0.00030459224564281253
1536.44	0.0003076182227744351
1536.445	0.0003100231516591027
1536.4499999999998	0.00031079414527017277
1536.4550000000002	0.00031028307019605265
1536.46	0.0003084809687421289
1536.465	0.00030481979472093826
1536.47	0.00029983827810925413
1536.475	0.0002940506877227581
1536.4799999999998	0.00028858366271251754
1536.4850000000001	0.0002847955621203726
1536.49	0.00028313579487072887
1536.4950000000001	0.0002837167193775337
1536.5	0.0002868465243693458
1536.5049999999999	0.0002911466352021893
1536.51	0.00029590955457995207
1536.515	0.00029936921379686006
1536.52	0.00030265466647162595
1536.525	0.0003035483823319949
1536.53	0.000302843705891365
1536.5349999999999	0.00029908664663132694
1536.54	0.0002941683448252414
1536.545	0.0002888991117071968
1536.55	0.0002839651008748386
1536.555	0.0002794735322694228
1536.56	0.000275673054910858
1536.5649999999998	0.0002733594980081414
1536.5700000000002	0.0002728161777553028
1536.575	0.00027398209520113396
1536.58	0.0002763863440013742
1536.585	0.00027943713708227555
1536.59	0.0002832555189605698
1536.5949999999998	0.00028782886385200627
1536.6000000000001	0.00029210874670228655
1536.605	0.0002969740854419085
1536.6100000000001	0.0003009881216429363
1536.615	0.0003060239858005304
1536.62	0.00030991166865657803
1536.625	0.00031367380305347614
1536.63	0.00031647753582652113
1536.635	0.00031879946920517307
1536.64	0.00031750126499911275
1536.645	0.0003130039551301587
1536.6499999999999	0.00030570143639420394
1536.655	0.0002986941097037542
1536.66	0.0002938107554396062
1536.665	0.00029230793215041605
1536.67	0.0002935935693770213
1536.675	0.0002962556026374501
1536.6799999999998	0.000298455544411929
1536.685	0.00030114866296973206
1536.69	0.0003028237961006689
1536.695	0.00030371023358960784
1536.7	0.00030323451632967844
1536.705	0.00030208804338675323
1536.71	0.00030081598092363904
1536.7150000000001	0.0002995892020845458
1536.72	0.0002983230884469188
1536.7250000000001	0.00029768264562498394
1536.73	0.0002972094101795078
1536.735	0.0002976706294904546
1536.74	0.00029912607769493635
1536.7450000000001	0.0003006995901070718
1536.75	0.00030276541339066277
1536.755	0.00030459096166267417
1536.76	0.0003061176054890381
1536.7649999999999	0.00030748571691927766
1536.77	0.0003087011759317111
1536.775	0.0003090674547946769
1536.78	0.00030857139259240737
1536.785	0.0003074523277626621
1536.79	0.0003062784748482913
1536.7949999999998	0.0003050823289046688
1536.8	0.00030350665830569776
1536.805	0.0003018026279735448
1536.81	0.00029964181406060014
1536.815	0.00029805298744957543
1536.82	0.0002968291933414811
1536.825	0.0002962271761959142
1536.83	0.00029743890814247997
1536.835	0.0003005339841250513
1536.8400000000001	0.0003060133518693137
1536.845	0.0003126158052266663
1536.85	0.0003188352591819556
1536.855	0.00032262723668681
1536.86	0.00032549740761295224
1536.865	0.00032570276309930914
1536.8700000000001	0.00032308581699795207
1536.875	0.00031877233264176433
1536.8799999999999	0.00031452124540080765
1536.885	0.0003104647578681572
1536.89	0.0003073744835618534
1536.895	0.0003050077762378953
1536.9	0.00030393589221377424
1536.905	0.00030453485447311615
1536.9099999999999	0.00030508828742948615
1536.915	0.0003066360195292198
1536.92	0.00030743904061092343
1536.925	0.00030807363479542186
1536.93	0.0003083731431560159
1536.935	0.0003083814161863924
1536.94	0.0003083393901408646
1536.945	0.0003080675680623021
1536.95	0.00030788038647066825
1536.9550000000002	0.00030841548095559423
1536.96	0.0003092079945830193
1536.965	0.00030986806142162075
1536.97	0.00031079408619951257
1536.975	0.00031220470064653223
1536.98	0.000313834650234117
1536.9850000000001	0.00031496490783664824
1536.99	0.00031570298594609187
1536.995	0.0003157121942803138
1537	0.00031477349697239056
1537.0049999999999	0.00031338824193644094
1537.01	0.00031325418967657773
1537.015	0.0003145684843745888
1537.02	0.00031564151580963315
1537.0249999999999	0.00031659303729699687
1537.03	0.0003162005532680872
1537.035	0.00031344271563625526
1537.04	0.00030977128255539274
1537.045	0.00030618188464473565
1537.05	0.0003021104743477486
1537.055	0.0002986689760848703
1537.06	0.00029572483480061734
1537.065	0.00029367382369926005
1537.0700000000002	0.00029282848991200075
1537.075	0.00029299640335128354
1537.08	0.0002939319348676407
1537.085	0.00029661310099525604
1537.09	0.000299098249921793
1537.095	0.0003026180079488934
1537.1000000000001	0.0003060069894524431
1537.105	0.0003087204373120284
1537.11	0.000310748685035835
1537.115	0.0003117348532771646
1537.12	0.00031179545340464246
1537.125	0.0003117684446540653
1537.13	0.000311492789369272
1537.135	0.00031086628158737237
1537.1399999999999	0.0003099786221588212
1537.145	0.00030919730136871567
1537.1499999999999	0.00030935140113308327
1537.1550000000002	0.0003097099542951849
1537.16	0.00031060281128476776
1537.165	0.00031145861242438434
1537.17	0.000312532256184673
1537.175	0.0003140212613184483
1537.18	0.0003147576249961066
1537.1850000000002	0.00031482395845290503
1537.19	0.000313158857241915
1537.195	0.0003099793318898951
1537.2	0.0003056392485680997
1537.205	0.0003003675875199408
1537.21	0.0002957178248263558
1537.2150000000001	0.0002927225674783099
1537.22	0.00029198477290259556
1537.225	0.00029208744749215386
1537.23	0.0002940980569474323
1537.235	0.00029803766306744846
1537.24	0.0003022971794333386
1537.2450000000001	0.0003072487244501827
1537.25	0.0003120181470873805
1537.2549999999999	0.00031608190765505605
1537.26	0.0003191057324456593
1537.2649999999999	0.00032049464923593286
1537.2700000000002	0.00032001072158756636
1537.275	0.0003177592123680733
1537.28	0.00031373104787424
1537.285	0.00030908168018743313
1537.29	0.0003049091579735381
1537.2949999999998	0.000300817298287129
1537.3000000000002	0.0002965341754194593
1537.305	0.0002931414056855377
1537.31	0.00029010445391228234
1537.315	0.00028786287973007763
1537.32	0.00028538438500876263
1537.3249999999998	0.0002834396568712557
1537.3300000000002	0.0002826636876431924
1537.335	0.0002821254533074161
1537.34	0.0002833976526110583
1537.345	0.00028590006462835937
1537.35	0.00029095609517565814
1537.355	0.00029817237213776985
1537.3600000000001	0.00030610862380549346
1537.365	0.0003116315928386194
1537.37	0.0003129976622328621
1537.375	0.0003102492969489087
1537.3799999999999	0.0003058872169613673
1537.385	0.00030140544157907276
1537.39	0.0002980399397201104
1537.395	0.0002953591421086153
1537.4	0.0002948717986289902
1537.405	0.00029620032317232873
1537.4099999999999	0.00029823768985220636
1537.4150000000002	0.000302375284415329
1537.42	0.00030609501918629214
1537.425	0.00031023340594608543
1537.43	0.0003138673668175807
1537.435	0.00031650196754228247
1537.4399999999998	0.0003180902471984893
1537.4450000000002	0.0003188667469373161
1537.45	0.0003177532630801139
1537.455	0.0003159746746672545
1537.46	0.000313559812918724
1537.465	0.0003108196892851922
1537.4699999999998	0.0003079550089831137
1537.4750000000001	0.00030443972707461367
1537.48	0.000302740454267833
1537.485	0.00030091309655282973
1537.49	0.0002997804549720265
1537.495	0.00029900291415186497
1537.5	0.0002980330604683122
1537.505	0.0002983057238968662
1537.51	0.0002984279499849746
1537.515	0.0002988217345434327
1537.52	0.00029863490125582685
1537.5249999999999	0.00029825754852823755
1537.53	0.00029810578540416424
1537.535	0.0002980529438452077
1537.54	0.0002979763298472694
1537.545	0.0002973514050098617
1537.55	0.00029675411256095577
1537.5549999999998	0.00029681994817397345
1537.5600000000002	0.00029776728471702865
1537.565	0.0002994134265211465
1537.57	0.0003014788316136108
1537.575	0.00030449804785818714
1537.58	0.00030770378410999475
1537.5849999999998	0.0003104543670466672
1537.5900000000001	0.0003132599073046143
1537.595	0.00031528400542026795
1537.6	0.00031661562669602647
1537.605	0.0003168153942990383
1537.61	0.00031641410384782666
1537.615	0.0003156026147323628
1537.6200000000001	0.0003145383500144321
1537.625	0.0003137392072732469
1537.63	0.0003129173767908488
1537.635	0.00031239897138657434
1537.6399999999999	0.0003125124057853118
1537.645	0.0003133683102223584
1537.65	0.0003150456731395574
1537.655	0.00031677207011010554
1537.66	0.0003185042114266086
1537.665	0.00032106093025551104
1537.6699999999998	0.00032297156881168663
1537.675	0.0003252808027312851
1537.68	0.00032698888031926573
1537.685	0.00032910020901266306
1537.69	0.00033025013167753436
1537.695	0.0003306013066739833
1537.6999999999998	0.00032913446274705733
1537.7050000000002	0.00032639857974960557
1537.71	0.00032129376471075593
1537.715	0.0003155063607138741
1537.72	0.000310716503968968
1537.725	0.0003075614239036297
1537.73	0.0003050382342573123
1537.7350000000001	0.00030382076259323314
1537.74	0.0003036649371393323
1537.7450000000001	0.00030403546040570664
1537.75	0.0003042521899908782
1537.7549999999999	0.0003051695212696857
1537.76	0.0003063512108954081
1537.765	0.0003074554812180212
1537.77	0.00030875609413471796
1537.775	0.00030879194944523727
1537.78	0.0003088979811122978
1537.7849999999999	0.0003081111179541735
1537.79	0.00030677709734266403
1537.795	0.0003051213280506506
1537.8	0.00030343814195661454
1537.805	0.0003021863424759167
1537.81	0.0003028119535647496
1537.8149999999998	0.00030511536548277193
1537.82	0.00030886132147224423
1537.825	0.00031373034960883566
1537.8300000000002	0.00031911065000914124
1537.835	0.00032440108821189806
1537.84	0.00033004179224381286
1537.845	0.0003336881726077765
1537.8500000000001	0.0003364044951598965
1537.855	0.00033767151389329494
1537.8600000000001	0.000337011644141572
1537.865	0.0003357516391276255
1537.87	0.00033317067905358266
1537.875	0.0003303906822082489
1537.88	0.00032664283194974974
1537.885	0.0003230637351496175
1537.89	0.00032033071138944726
1537.895	0.00031837222444186704
1537.8999999999999	0.0003177168190621674
1537.905	0.0003179291564720492
1537.91	0.00031979013200755677
1537.915	0.00032316410403346655
1537.92	0.00032650725645255393
1537.925	0.00032857905226807275
1537.9299999999998	0.0003300659858486955
1537.935	0.00032997077893380506
1537.94	0.0003282887117083842
1537.9450000000002	0.00032506151404986054
1537.95	0.00032167540290990374
1537.955	0.00031840665326184016
1537.96	0.0003154110326106075
1537.965	0.00031307410129119276
1537.97	0.0003118481819594981
1537.9750000000001	0.0003125392047869856
1537.98	0.0003140379008664126
1537.985	0.0003171130422682588
1537.99	0.0003204909067900689
1537.995	0.00032422563512157375
1538	0.0003280026480376948
1538.005	0.0003298931936858969
1538.01	0.0003316331344412031
1538.0149999999999	0.00033107168082895235
1538.02	0.00033113059987936836
1538.025	0.0003302066116451928
1538.03	0.0003289072047257219
1538.035	0.0003268133500683435
1538.04	0.0003240209178226642
1538.0449999999998	0.00032156724693135176
1538.05	0.0003193136169680052
1538.055	0.0003167575760582232
1538.0600000000002	0.0003141087694269824
1538.065	0.0003132790136462096
1538.07	0.0003147020204278278
1538.075	0.00031970685060129557
1538.08	0.00032778352415443313
1538.085	0.000336462902863435
1538.0900000000001	0.0003432861750139993
1538.095	0.0003467322212115222
1538.1	0.0003455897629582655
1538.105	0.00034136468722564974
1538.11	0.0003351793859890004
1538.115	0.00032896324431201364
1538.1200000000001	0.00032377784084225344
1538.125	0.00031943381064931947
1538.1299999999999	0.00031595136170857804
1538.135	0.0003144988078933699
1538.1399999999999	0.0003149719860339342
1538.145	0.0003163698861324703
1538.15	0.0003192680033269107
1538.155	0.0003231496443180837
1538.1599999999999	0.00032679651897152344
1538.165	0.0003305957020464979
1538.17	0.0003325497776190031
1538.1750000000002	0.0003332118985306314
1538.18	0.0003326445930816812
1538.185	0.000330645086011931
1538.19	0.0003276276492180772
1538.195	0.00032451780134097705
1538.2	0.0003214730720542559
1538.2050000000002	0.00031838475213727386
1538.21	0.0003157458269084361
1538.215	0.00031441879503217655
1538.22	0.0003141438987882952
1538.225	0.0003146585723786069
1538.23	0.00031616006156190294
1538.2350000000001	0.0003180921969083302
1538.24	0.0003213170467940349
1538.245	0.00032544453991580313
1538.25	0.0003298197047877235
1538.2549999999999	0.0003349242187443739
1538.26	0.00033937577142880115
1538.265	0.00034243520137109735
1538.27	0.0003439035181471288
1538.2749999999999	0.00034164948941996904
1538.28	0.00033886173481644037
1538.2849999999999	0.00033473413053043054
1538.2900000000002	0.00033078898576834086
1538.295	0.000326479060672732
1538.3	0.00032326241728918346
1538.305	0.00032172598035230837
1538.31	0.00032099482561120544
1538.315	0.0003216861843580551
1538.3200000000002	0.00032254045422127963
1538.325	0.0003243872864965498
1538.33	0.000326141627669303
1538.335	0.000326726614707428
1538.34	0.00032691674740324873
1538.345	0.00032578085455738066
1538.3500000000001	0.0003238871900796131
1538.355	0.0003215111914805727
1538.36	0.00031865648567187853
1538.365	0.00031534549318036875
1538.37	0.00031223339936619585
1538.375	0.0003101047187486117
1538.38	0.0003080949849178289
1538.385	0.0003069487527973826
1538.39	0.0003053725422558774
1538.395	0.00030511489720648656
1538.3999999999999	0.00030557328669179694
1538.4050000000002	0.00030653154980466417
1538.41	0.000307927606571792
1538.415	0.00031072906488163206
1538.42	0.00031508269585494257
1538.425	0.00032018945764196547
1538.4299999999998	0.0003253267767834284
1538.4350000000002	0.00032963135318982655
1538.44	0.0003308073432219088
1538.445	0.0003288722947689804
1538.45	0.0003265385540649764
1538.455	0.00032377499040152634
1538.4599999999998	0.0003217766269997106
1538.4650000000001	0.00032069759823520584
1538.47	0.0003214855279943589
1538.475	0.0003229855251266185
1538.48	0.00032504328422554865
1538.485	0.00032697013048732645
1538.49	0.0003289143684804644
1538.4950000000001	0.0003315495699367974
1538.5	0.00033326876334589757
1538.505	0.00033444503879300565
1538.51	0.0003349308695773001
1538.5149999999999	0.0003342596004395472
1538.52	0.0003332169314602501
1538.525	0.0003312185615006697
1538.53	0.0003290093315151042
1538.535	0.0003264555934072905
1538.54	0.00032347602138927333
1538.5449999999998	0.0003203846220604973
1538.5500000000002	0.00031823179155299577
1538.555	0.0003165053430688977
1538.56	0.00031524448195249766
1538.565	0.00031435728725408464
1538.57	0.00031343520399073694
1538.5749999999998	0.0003143567586366711
1538.5800000000002	0.00031471705694643227
1538.585	0.00031616259773345685
1538.59	0.0003177604490013475
1538.595	0.0003193423616688685
1538.6	0.0003216515856973551
1538.6049999999998	0.00032349785688403477
1538.6100000000001	0.0003257265520408411
1538.615	0.00032741302998787154
1538.6200000000001	0.000328937579104685
1538.625	0.0003288228047104827
1538.6299999999999	0.00032740775599878814
1538.635	0.0003249798029283335
1538.64	0.0003233391089121161
1538.645	0.00032366986429252037
1538.65	0.00032603438579272963
1538.655	0.00033100526748446193
1538.6599999999999	0.00033881638633285235
1538.665	0.0003472012725699662
1538.67	0.000356040170026828
1538.675	0.0003621964388242261
1538.68	0.000365925799075647
1538.685	0.0003662829523064685
1538.6899999999998	0.00036427705167696407
1538.6950000000002	0.00036135225041561517
1538.7	0.0003576376875473962
1538.705	0.00035454276465834083
1538.71	0.0003520106165581084
1538.715	0.0003501818057403459
1538.7199999999998	0.0003479757197100617
1538.7250000000001	0.00034648212425950016
1538.73	0.0003455984454370204
1538.7350000000001	0.0003444297800285472
1538.74	0.00034385714049439144
1538.745	0.0003427976189554888
1538.75	0.0003424500707134627
1538.755	0.00034322593538655343
1538.76	0.0003433404787633778
1538.765	0.00034394374498745355
1538.77	0.000344760289901439
1538.7749999999999	0.000346194514284136
1538.78	0.0003472444039759038
1538.785	0.0003479305577416681
1538.79	0.0003486455243300374
1538.795	0.0003485436435330261
1538.8	0.0003490165321095591
1538.8049999999998	0.00035006021537833015
1538.81	0.0003508094009906468
1538.815	0.00035093446978931553
1538.82	0.0003507570649286295
1538.825	0.00035036924265957435
1538.83	0.00034841148625774004
1538.8349999999998	0.00034574382176096616
1538.8400000000001	0.0003426171641138201
1538.845	0.00033945661884656814
1538.8500000000001	0.0003363901366911948
1538.855	0.00033341652859265354
1538.86	0.00033162907591789676
1538.865	0.00033028849434707356
1538.8700000000001	0.0003298201889169738
1538.875	0.00033036502866331825
1538.88	0.00033201282842661877
1538.885	0.00033469866148004286
1538.8899999999999	0.0003379318427995851
1538.895	0.0003412518791708533
1538.9	0.00034453269761981547
1538.905	0.00034836703339908166
1538.91	0.0003507622054781129
1538.915	0.0003528275691490256
1538.9199999999998	0.0003542010699805709
1538.925	0.0003549540410380716
1538.93	0.00035576127332910155
1538.935	0.0003557617819758164
1538.94	0.0003552471430078892
1538.945	0.0003531796684112409
1538.95	0.000350349549977731
1538.955	0.0003467301852686408
1538.96	0.0003422099197341377
1538.9650000000001	0.0003373667716188121
1538.97	0.0003325737490560467
1538.975	0.00032920776960540656
1538.98	0.00032809175173140377
1538.985	0.0003291802974936931
1538.99	0.0003310213504986727
1538.9950000000001	0.000334868157909846
1539	0.0003379791766006643
1539.0049999999999	0.0003412546411259182
1539.01	0.0003431997976818913
1539.015	0.0003451848460656022
1539.02	0.0003455986055219307
1539.025	0.0003452987137544499
1539.03	0.0003438596474430039
1539.0349999999999	0.00034188596542389333
1539.04	0.0003402502807097008
1539.045	0.0003389404007558756
1539.05	0.0003386496863800997
1539.055	0.00033866631781473785
1539.06	0.0003391093714677882
1539.065	0.00034014526232206314
1539.07	0.00034170863950731866
1539.075	0.0003434830683451242
1539.0800000000002	0.00034467867946119164
1539.085	0.00034650092019104724
1539.09	0.00034762213203039623
1539.095	0.00034936320716866986
1539.1	0.00035005693473645427
1539.105	0.00035029547198677674
1539.1100000000001	0.000350297395721216
1539.115	0.0003497588560767608
1539.12	0.0003483416577610908
1539.125	0.00034584361917968076
1539.1299999999999	0.0003436690981439442
1539.135	0.000341513098071634
1539.14	0.0003401308178153985
1539.145	0.00034035652569655106
1539.1499999999999	0.0003426397292646521
1539.155	0.0003448748873576269
1539.16	0.000348076095385395
1539.165	0.0003493326643868301
1539.17	0.0003488529718010751
1539.175	0.0003467267883811441
1539.18	0.0003441803027778855
1539.185	0.0003411551380900364
1539.19	0.0003378912028124318
1539.1950000000002	0.00033516575317994545
1539.2	0.00033341591611758933
1539.205	0.00033249064291553186
1539.21	0.0003322225238774608
1539.215	0.00033252160911866687
1539.22	0.00033302001293843624
1539.2250000000001	0.00033372341379405394
1539.23	0.0003346427110504948
1539.235	0.0003356818186998272
1539.24	0.00033654574165373744
1539.245	0.00033684205548813195
1539.25	0.0003360158949778568
1539.255	0.000335257602294774
1539.26	0.0003345962500741188
1539.2649999999999	0.0003337991607598159
1539.27	0.00033333381617312713
1539.2749999999999	0.0003326067383612462
1539.28	0.0003325433674016783
1539.285	0.0003325585566926747
1539.29	0.00033281090400047946
1539.295	0.00033311091258280285
1539.3	0.0003333664790035431
1539.305	0.0003342142153472125
1539.3100000000002	0.0003355159522880215
1539.315	0.00033739711714073247
1539.32	0.00033963350014834087
1539.325	0.0003426887782621114
1539.33	0.0003463933661647725
1539.335	0.00035020540856180816
1539.3400000000001	0.00035345332514614297
1539.345	0.0003557011943857191
1539.35	0.00035678554847745294
1539.355	0.00035684222322918563
1539.36	0.0003552004463046776
1539.365	0.00035270898187051515
1539.3700000000001	0.00034962332912262344
1539.375	0.00034620799031109904
1539.3799999999999	0.00034285223241679175
1539.385	0.00034050942423979744
1539.3899999999999	0.0003402348056858486
1539.395	0.0003419280029798214
1539.4	0.0003450608926376766
1539.405	0.0003505044730861786
1539.41	0.0003562338739261304
1539.415	0.0003619772924296022
1539.4199999999998	0.00036649761005426435
1539.4250000000002	0.0003694564676864098
1539.43	0.00037065086403247874
1539.435	0.0003700412220217376
1539.44	0.00036814653149265357
1539.445	0.0003659021502042197
1539.4499999999998	0.00036320803129449934
1539.4550000000002	0.0003595385684746429
1539.46	0.0003554546344271849
1539.465	0.0003518271843587161
1539.47	0.0003482698117458403
1539.475	0.0003443932668444863
1539.48	0.0003409374224528323
1539.4850000000001	0.000339382812945798
1539.49	0.00034035343015611526
1539.495	0.00034553371524880314
1539.5	0.0003560614288660369
1539.5049999999999	0.0003677547370915971
1539.5100000000002	0.0003770759902730826
1539.515	0.00038068067587948844
1539.52	0.00037992765463770105
1539.525	0.0003762500873044942
1539.53	0.000371164622675739
1539.5349999999999	0.0003678433068811712
1539.5400000000002	0.0003663334106908464
1539.545	0.0003668426474525901
1539.55	0.0003699765263774383
1539.555	0.0003742133284974248
1539.56	0.0003796219241345325
1539.5649999999998	0.00038409049670603477
1539.5700000000002	0.0003867648793849928
1539.575	0.00038755042899879717
1539.58	0.0003859751792091578
1539.585	0.00038232338426167256
1539.59	0.000377629960743908
1539.5949999999998	0.0003728887001197871
1539.6000000000001	0.000368595841537154
1539.605	0.00036428267018996625
1539.61	0.00036144063981288484
1539.615	0.00035966064176512865
1539.62	0.0003584538193510293
1539.625	0.00035851191476810425
1539.63	0.0003584967709105618
1539.635	0.00035909237238362837
1539.64	0.00036064410964298645
1539.645	0.00036226492567149616
1539.6499999999999	0.0003638044082644944
1539.655	0.00036587360657780606
1539.66	0.00036757244711884307
1539.665	0.0003697321054359812
1539.67	0.0003714086196376594
1539.675	0.0003718993123267795
1539.6799999999998	0.00037071460508088006
1539.6850000000002	0.0003682034630216869
1539.69	0.000365124046770796
1539.695	0.0003615432085764127
1539.7	0.00035685499161662636
1539.705	0.0003543057610771213
1539.7099999999998	0.0003531804225874778
1539.7150000000001	0.00035327209434060723
1539.72	0.0003544792888521078
1539.725	0.00035763670260888686
1539.73	0.0003612075441153343
1539.735	0.00036467682741166677
1539.74	0.00036782073287820223
1539.7450000000001	0.0003697603728571594
1539.75	0.0003710249614705815
1539.755	0.0003705568088276425
1539.76	0.00036903113119244544
1539.7649999999999	0.0003661159114504791
1539.77	0.0003625471108252498
1539.775	0.0003584886008391291
1539.78	0.00035552077891310715
1539.785	0.00035290908242284144
1539.79	0.00035058540238386727
1539.7949999999998	0.0003499543268577733
1539.8	0.00034962729573901106
1539.805	0.0003499602866335901
1539.81	0.0003506689099267017
1539.815	0.00035184862202150286
1539.82	0.0003539792493723392
1539.8249999999998	0.00035599548711701855
1539.8300000000002	0.0003588969900328353
1539.835	0.00036206922704019363
1539.84	0.0003658943459149915
1539.845	0.00036916432386554664
1539.85	0.0003703125720675985
1539.855	0.0003687658225031635
1539.8600000000001	0.000363988370931435
1539.865	0.00035631801260930244
1539.8700000000001	0.00034803780456004504
1539.875	0.00034222862475486045
1539.8799999999999	0.00033794137088058007
1539.885	0.0003355807982046325
1539.89	0.0003362779965410633
1539.895	0.0003378616023333688
1539.9	0.00034050639500575924
1539.905	0.0003438460952576695
1539.9099999999999	0.0003476323340636896
1539.915	0.00035172112577928346
1539.92	0.00035561040673056114
1539.925	0.0003587356330771414
1539.93	0.00036150617221745063
1539.935	0.00036303589560956204
1539.9399999999998	0.00036430533307050823
1539.945	0.0003653655584966835
1539.95	0.00036628788650578515
1539.955	0.0003672167485828564
1539.96	0.00036795899491656937
1539.965	0.00036870361069655605
1539.97	0.00037012073970472986
1539.9750000000001	0.00037172586883031026
1539.98	0.00037327470289973363
1539.9850000000001	0.0003747265436228351
1539.99	0.0003757782510421201
1539.995	0.0003775337837009579
1540	0.0003783089288385068
1540.005	0.0003793231443946223
1540.01	0.00037967553362250296
1540.015	0.000379956932969282
1540.02	0.00037980481285002614
1540.0249999999999	0.0003788000830212929
1540.03	0.00037736795917090056
1540.035	0.00037460836804951053
1540.04	0.00037156272460951354
1540.045	0.0003689920231531166
1540.05	0.00036693999383381764
1540.0549999999998	0.0003652212095168666
1540.06	0.00036466355337386256
1540.065	0.00036438002250453077
1540.07	0.00036448893918255166
1540.075	0.00036452874305272734
1540.08	0.0003651294479507887
1540.085	0.00036502842084704866
1540.09	0.000364929117499614
1540.095	0.000363681304548134
1540.1000000000001	0.00036189511654965577
1540.105	0.0003594649574563533
1540.11	0.0003563904601579629
1540.115	0.00035333459783351605
1540.12	0.0003503177820813678
1540.125	0.0003478080789737362
1540.13	0.0003460833168413872
1540.135	0.0003452106703492805
1540.1399999999999	0.00034527215225779685
1540.145	0.0003460615017018078
1540.15	0.00034796995748637247
1540.155	0.00035094896609101276
1540.16	0.00035418660249051135
1540.165	0.000357926983641558
1540.1699999999998	0.0003619604793132801
1540.175	0.0003679320213470015
1540.18	0.00037265607507630955
1540.1850000000002	0.00037861153406890477
1540.19	0.0003846793911109648
1540.195	0.000390073483158256
1540.2	0.0003919184536689076
1540.205	0.0003903524874042167
1540.21	0.000386988878312756
1540.2150000000001	0.0003852645689129014
1540.22	0.00038529404001884
1540.225	0.00038974111704176824
1540.23	0.00039443977565868887
1540.235	0.00039781039281101886
1540.24	0.000398624962841998
1540.2450000000001	0.0003964034236293944
1540.25	0.0003918724723200731
1540.2549999999999	0.0003859726561963444
1540.26	0.000379159924461727
1540.2649999999999	0.0003720484691991875
1540.27	0.00036605897748022805
1540.275	0.00036219435100401815
1540.28	0.00035978342420765416
1540.2849999999999	0.00035902603391676667
1540.29	0.00035983977892390555
1540.295	0.00036184302594866106
1540.3000000000002	0.00036507889519468885
1540.305	0.0003681486744077554
1540.31	0.0003715309685199744
1540.315	0.0003737926889863102
1540.32	0.0003755852666506869
1540.325	0.0003770270978633489
1540.3300000000002	0.00037727489479691384
1540.335	0.00037722946322428643
1540.34	0.00037591672564012856
1540.345	0.0003741184021575592
1540.35	0.0003720497082378916
1540.355	0.00036971883735310265
1540.3600000000001	0.00036697150498548144
1540.365	0.0003635579019993637
1540.37	0.0003594562023673665
1540.375	0.0003561387118269204
1540.3799999999999	0.0003542461757847186
1540.385	0.00035412106352683456
1540.39	0.0003565690129197591
1540.395	0.00036264164694840693
1540.3999999999999	0.0003716239744400626
1540.405	0.0003823887841059834
1540.4099999999999	0.000391575434625325
1540.4150000000002	0.0003995953538207119
1540.42	0.00040319252866857346
1540.425	0.00040302630176610994
1540.43	0.0003994067644539661
1540.435	0.00039417166056472663
1540.44	0.00038855153500745967
1540.4450000000002	0.00038363756565252643
1540.45	0.0003799553267753366
1540.455	0.0003780519967659291
1540.46	0.00037847018465213804
1540.465	0.0003810042009240205
1540.47	0.0003847512112851226
1540.4750000000001	0.000388838831376264
1540.48	0.0003920992149310584
1540.485	0.0003943173246148439
1540.49	0.00039433386109350056
1540.495	0.0003922730168043495
1540.5	0.00038805052089137986
1540.505	0.0003829077558527326
1540.51	0.0003776646337993834
1540.515	0.00037206472792987753
1540.52	0.00036591024240188887
1540.5249999999999	0.00035941354996672304
1540.5300000000002	0.0003529116963234492
1540.535	0.0003474300758665748
1540.54	0.00034211632699520284
1540.545	0.0003366276539368852
1540.55	0.00033291554435334255
1540.5549999999998	0.00033212808191703593
1540.5600000000002	0.0003340015128805835
1540.565	0.00034112962109810005
1540.57	0.0003520361715241225
1540.575	0.00036381495896874644
1540.58	0.0003742875245754541
1540.5849999999998	0.0003809624823849863
1540.5900000000001	0.00038210645062085644
1540.595	0.0003791564541435962
1540.6	0.0003744270191452817
1540.605	0.0003688833120043472
1540.61	0.0003642569918394738
1540.615	0.00036013605026457326
1540.6200000000001	0.0003577311927456536
1540.625	0.00035728289489225535
1540.63	0.00035860274170505314
1540.635	0.0003612880138716608
1540.6399999999999	0.0003658445286524586
1540.645	0.00037073890370305083
1540.65	0.0003761331830603386
1540.655	0.00038147821320908123
1540.66	0.0003860292877102796
1540.665	0.0003893211734668333
1540.6699999999998	0.00039091560558901414
1540.6750000000002	0.00039054017596420586
1540.68	0.0003892561887148245
1540.685	0.0003875134339192258
1540.69	0.00038522908398451564
1540.695	0.000382637290869685
1540.6999999999998	0.00037966251300363194
1540.7050000000002	0.00037692967729885515
1540.71	0.0003745813156562783
1540.715	0.00037277268718457666
1540.72	0.0003712563405775458
1540.725	0.0003700546195660319
1540.7299999999998	0.0003699936833644953
1540.7350000000001	0.00037085695851414005
1540.74	0.00037360776519722197
1540.7450000000001	0.00037674760576594183
1540.75	0.0003801938968533468
1540.7549999999999	0.0003823518678589468
1540.76	0.00038301112627034135
1540.765	0.00038120476541286813
1540.77	0.0003779437135837349
1540.775	0.0003734194908589577
1540.78	0.00036848683936113426
1540.7849999999999	0.00036329018477801244
1540.79	0.00035963120792246024
1540.795	0.0003571424163086694
1540.8	0.0003565754870865464
1540.805	0.0003568775559564254
1540.81	0.0003584916885646028
1540.8149999999998	0.00036151709095820294
1540.8200000000002	0.0003652768652252052
1540.825	0.00036949067651192015
1540.83	0.00037352963740054196
1540.835	0.00037610779972806164
1540.84	0.0003778980333283741
1540.8449999999998	0.0003782400745240565
1540.8500000000001	0.0003776550875318676
1540.855	0.0003757717586194846
1540.8600000000001	0.00037351894647683103
1540.865	0.00037124112239629044
1540.87	0.00036939971169494367
1540.875	0.00036732661085557333
1540.88	0.0003650343877691615
1540.885	0.0003628914439475375
1540.89	0.00036089904615277076
1540.895	0.00035969430015224955
1540.8999999999999	0.00035866234689672303
1540.905	0.0003591280625404618
1540.91	0.0003616249928629589
1540.915	0.00036678360597079717
1540.92	0.00037520022076501647
1540.925	0.00038431281758113484
1540.9299999999998	0.00038928928828330583
1540.935	0.00038983309497745783
1540.94	0.00038624675719132475
1540.945	0.0003794202840768104
1540.95	0.0003717864611016717
1540.955	0.00036478333839410335
1540.9599999999998	0.00035940174047611025
1540.9650000000001	0.0003557372184301936
1540.97	0.00035416618006246044
1540.9750000000001	0.00035424789518794875
1540.98	0.0003566736994564882
1540.985	0.00036087610746616503
1540.99	0.0003653829594533155
1540.9950000000001	0.00037024052314467675
1541	0.00037458937424581336
1541.005	0.00037779325855804636
1541.01	0.0003803088465037017
1541.0149999999999	0.0003813962141159413
1541.02	0.0003819330711644927
1541.025	0.0003811543497636481
1541.03	0.0003799636359332979
1541.035	0.00037901211138902173
1541.04	0.0003777919986316728
1541.0449999999998	0.00037717661960672417
1541.05	0.00037664535541804265
1541.055	0.00037680067439757766
1541.06	0.0003776764714812216
1541.065	0.0003789355173537495
1541.07	0.00038012240327550467
1541.0749999999998	0.00038189907995134166
1541.08	0.0003835077809507869
1541.085	0.000386752993932258
1541.0900000000001	0.00038935314051396727
1541.095	0.00039113898526855096
1541.1	0.00039111283456585224
1541.105	0.00038910998964704173
1541.1100000000001	0.00038505572613638055
1541.115	0.0003788221162068302
1541.1200000000001	0.00037352266389463175
1541.125	0.00037049133320720854
1541.1299999999999	0.0003694035552908217
1541.135	0.00037066683804959784
1541.14	0.00037416599342694095
1541.145	0.0003801016413235165
1541.15	0.0003860135875044897
1541.155	0.00039119510074914676
1541.1599999999999	0.00039450287750550746
1541.165	0.00039568020661925906
1541.17	0.0003945362263336635
1541.175	0.0003914095685460709
1541.18	0.00038714764713306443
1541.185	0.00038219963007584724
1541.1899999999998	0.0003773652655324005
1541.195	0.00037300837014195406
1541.2	0.00037013569207718945
1541.2050000000002	0.0003679282601766041
1541.21	0.0003658780656542945
1541.215	0.0003648842812745375
1541.22	0.00036424437108384015
1541.225	0.0003637711924826505
1541.23	0.0003640041322758415
1541.2350000000001	0.00036429215575814385
1541.24	0.0003657489054661715
1541.245	0.00036848816325402243
1541.25	0.00037207319286994284
1541.2549999999999	0.0003767871607705676
1541.26	0.00038378402165555243
1541.265	0.00039160090140961853
1541.27	0.0003974232512493603
1541.2749999999999	0.0003997858536275238
1541.28	0.00039867549847430017
1541.285	0.00039605743958099276
1541.29	0.00039554033780793164
1541.295	0.00039833856705471214
1541.3	0.00040448011679045294
1541.305	0.00041006724854237675
1541.31	0.0004153067359970768
1541.315	0.00041896350415264965
1541.3200000000002	0.0004204909465180514
1541.325	0.0004193790136444364
1541.33	0.0004157484673652816
1541.335	0.00041079637904643037
1541.34	0.00040494408353251035
1541.345	0.00039944462561256684
1541.3500000000001	0.000394749419674986
1541.355	0.00039104940645741425
1541.36	0.0003884220653032122
1541.365	0.00038812414371176254
1541.37	0.0003888344254630691
1541.375	0.00039072369678182407
1541.38	0.0003934611613467773
1541.385	0.00039632600755000577
1541.3899999999999	0.00039894658550422134
1541.395	0.00040175401359223876
1541.3999999999999	0.00040356562353248876
1541.405	0.00040489966556869474
1541.41	0.0004055031478703291
1541.415	0.0004052529220137325
1541.42	0.00040496200611427296
1541.425	0.0004036753918072872
1541.43	0.00040250664913885157
1541.4350000000002	0.00039993995665431813
1541.44	0.00039724777286627265
1541.445	0.00039419466977715773
1541.45	0.00039122284018154385
1541.455	0.0003892178548666124
1541.46	0.0003883157250939192
1541.4650000000001	0.0003893991815145768
1541.47	0.00039282513809699485
1541.475	0.0003962935657942881
1541.48	0.0003995079730713608
1541.485	0.00040131986858711144
1541.49	0.0004002561560885901
1541.4950000000001	0.00039668708679771686
1541.5	0.00039148945091487214
1541.5049999999999	0.00038514063667414414
1541.51	0.00037802161008791316
1541.5149999999999	0.00037120206906487383
1541.52	0.00036553945787475364
1541.525	0.00036126389661708794
1541.53	0.0003586360365182793
1541.535	0.0003580733070334736
1541.54	0.00035967604087013455
1541.5449999999998	0.00036313972694437634
1541.5500000000002	0.0003687304137777176
1541.555	0.00037458928432859744
1541.56	0.000381696659213752
1541.565	0.00038771833807462727
1541.57	0.00039467215173607406
1541.575	0.00040005335961410335
1541.5800000000002	0.0004049468751787605
1541.585	0.00040868810662629816
1541.59	0.00041127921285986994
1541.595	0.00041294258413154225
1541.6	0.00041339410435930346
1541.605	0.0004120460770502294
1541.6100000000001	0.0004077875349322024
1541.615	0.0004009539573984817
1541.62	0.0003907392371830607
1541.625	0.00037948415077555597
1541.6299999999999	0.0003704104476670703
1541.6350000000002	0.00036631142985126154
1541.64	0.0003663541153316238
1541.645	0.0003711243855615828
1541.65	0.00037642589709541434
1541.655	0.0003832325452298174
1541.6599999999999	0.0003870365314631739
1541.6650000000002	0.0003892302194547853
1541.67	0.0003888361825594601
1541.675	0.00038655165976600453
1541.68	0.000382923562873131
1541.685	0.00037907950453679146
1541.6899999999998	0.00037550673490763166
1541.6950000000002	0.0003723766070026538
1541.7	0.0003699591760492345
1541.705	0.0003691844007858936
1541.71	0.0003699027593173145
1541.715	0.0003722254636392423
1541.7199999999998	0.0003759300854858639
1541.7250000000001	0.0003805919082369702
1541.73	0.0003853137136902374
1541.735	0.0003907086001401604
1541.74	0.00039509669566327693
1541.745	0.00039934739547589095
1541.75	0.00040288843823985945
1541.755	0.00040506828238928596
1541.76	0.00040666836690945085
1541.765	0.00040672998674358836
1541.77	0.0004063577146547008
1541.7749999999999	0.00040544073746123576
1541.78	0.0004042034305149365
1541.785	0.00040243491518260105
1541.79	0.0004004462949866589
1541.795	0.0003988095742495008
1541.8	0.0003975320724382364
1541.8049999999998	0.0003970608443265707
1541.8100000000002	0.00039734355627069865
1541.815	0.0003994885216965911
1541.82	0.00040227920481126936
1541.825	0.000404464771071455
1541.83	0.0004047047019531929
1541.8349999999998	0.0004035646853414383
1541.8400000000001	0.0004009997066417563
1541.845	0.0003968488227866867
1541.85	0.0003916485237830614
1541.855	0.00038663068101854397
1541.86	0.0003822852160938818
1541.865	0.0003788162420655602
1541.8700000000001	0.000376763607609332
1541.875	0.00037581465457387766
1541.88	0.0003768258707654555
1541.885	0.00037891129983807224
1541.8899999999999	0.0003818116887380585
1541.895	0.00038534369198469645
1541.9	0.00038808643270135424
1541.905	0.00039013536396019803
1541.91	0.00039064489008851504
1541.915	0.00038955512754145253
1541.9199999999998	0.00038675381820518225
1541.925	0.0003824450716257533
1541.93	0.00037731056403386145
1541.935	0.0003721662831702125
1541.94	0.00036715270866948826
1541.945	0.000360800492367376
1541.9499999999998	0.00035467850481660576
1541.9550000000002	0.000348906361452014
1541.96	0.0003435626142012685
1541.965	0.00033728586461931516
1541.97	0.00033205337570722825
1541.975	0.0003292383899343232
1541.98	0.00033078676625701776
1541.9850000000001	0.0003388794041725691
1541.99	0.00035146728010254977
1541.9950000000001	0.0003687721174395641
1542	0.00038575677323005356
1542.0049999999999	0.00039681136575313324
1542.01	0.0004027117618117536
1542.015	0.0004034918717993716
1542.02	0.0004013064381044391
1542.025	0.0003987688959153978
1542.03	0.0003965329993208693
1542.0349999999999	0.0003955470625094825
1542.04	0.0003955812010306502
1542.045	0.0003970196682848444
1542.05	0.00039956498255700184
1542.055	0.00040248941259161725
1542.06	0.00040566874365743823
1542.0649999999998	0.0004074881289013057
1542.07	0.0004074902420085344
1542.075	0.0004056676537032225
1542.08	0.00040244904634941994
1542.085	0.0003983070267526545
1542.09	0.0003930962078878337
1542.095	0.00038669777225905437
1542.1000000000001	0.000380602285719096
1542.105	0.00037519561714892673
1542.1100000000001	0.00037039235410783007
1542.115	0.00036584825193093244
1542.12	0.0003612195392928597
1542.125	0.00035754892261880033
1542.13	0.00035517062725975377
1542.135	0.00035374068759444
1542.14	0.0003536511145684085
1542.145	0.0003553054689491523
1542.1499999999999	0.0003598647014880487
1542.155	0.00036719386325141147
1542.16	0.00037852900416111016
1542.165	0.00039213865240039276
1542.17	0.0004047571697893614
1542.175	0.00041345653205027865
1542.1799999999998	0.00041703710755209905
1542.185	0.0004159834448026201
1542.19	0.00041192383991274273
1542.195	0.0004079807388482604
1542.2	0.00040468361405439606
1542.205	0.0004033187601464643
1542.21	0.0004047990206163834
1542.215	0.00040734776162055294
1542.22	0.00041100130296748154
1542.2250000000001	0.00041411222477789254
1542.23	0.00041665965937464353
1542.235	0.0004185431256575631
1542.24	0.00041835933759841877
1542.245	0.00041676659569569237
1542.25	0.0004141894064940025
1542.255	0.00041091999860664035
1542.26	0.00040757556121381086
1542.2649999999999	0.00040439388581792185
1542.27	0.00040139547714627944
1542.275	0.0003982994012681046
1542.28	0.0003962604429791418
1542.285	0.0003943715679395716
1542.29	0.00039330702466119954
1542.2949999999998	0.00039237660015985275
1542.3	0.0003915066447694612
1542.305	0.00039135170961212716
1542.31	0.00039158983921827367
1542.315	0.000392124518987187
1542.32	0.0003933472623594421
1542.325	0.0003952267112829152
1542.33	0.00039780282163575135
1542.335	0.0003996328278653468
1542.3400000000001	0.00040035831113857564
1542.345	0.00039878746457211635
1542.35	0.00039460159264341667
1542.355	0.0003880285355282711
1542.36	0.0003821342040309808
1542.365	0.00037837835937195
1542.3700000000001	0.00037688346065945226
1542.375	0.0003777934869815736
1542.3799999999999	0.00038127985296601145
1542.385	0.00038521784209517195
1542.3899999999999	0.00038906618148776956
1542.395	0.00039270996594765675
1542.4	0.0003955689808044666
1542.405	0.00039710987809011026
1542.4099999999999	0.0003962090590684999
1542.415	0.0003937816622949618
1542.42	0.0003901427443084187
1542.4250000000002	0.0003856013543103303
1542.43	0.00038044410784236375
1542.435	0.0003753090082641176
1542.44	0.0003718880324423026
1542.445	0.0003700066759029862
1542.45	0.00036937198640814154
1542.4550000000002	0.0003701079499721786
1542.46	0.00037257146120105844
1542.465	0.00037493030280398484
1542.47	0.0003789242034679221
1542.475	0.00038278121773437605
1542.48	0.00038733600659731005
1542.4850000000001	0.00039241371222560264
1542.49	0.00039644327541257774
1542.495	0.0004003996331558824
1542.5	0.0004032084646216779
1542.5049999999999	0.00040554062893807184
1542.51	0.00040700240949866165
1542.515	0.00040618567217180383
1542.52	0.0004037505447999202
1542.5249999999999	0.0003979572812262421
1542.53	0.00039050739763768564
1542.5349999999999	0.00038383897130835575
1542.5400000000002	0.00037823101060792483
1542.545	0.0003743809473290432
1542.55	0.0003730760446847503
1542.555	0.0003740279468972746
1542.56	0.00037549075662766967
1542.565	0.0003784050336993978
1542.5700000000002	0.000381309259536589
1542.575	0.0003846934983736835
1542.58	0.0003869833990130727
1542.585	0.0003881057211262704
1542.59	0.00038818002434019047
1542.595	0.0003876415430928876
1542.6000000000001	0.00038687696324898874
1542.605	0.00038584022298085354
1542.61	0.0003846962721051131
1542.615	0.0003841664864415904
1542.62	0.000384564966850778
1542.625	0.00038603879503697495
1542.63	0.0003867130338174144
1542.635	0.0003887700813832688
1542.6399999999999	0.00039019315836368664
1542.645	0.00039159518192789057
1542.6499999999999	0.0003926881181180033
1542.6550000000002	0.00039322792063722033
1542.66	0.00039381952827223006
1542.665	0.00039407561784609533
1542.67	0.0003935658704945238
1542.675	0.0003925154501780693
1542.6799999999998	0.00039014123793703503
1542.6850000000002	0.0003854265963519524
1542.69	0.00037844884251821446
1542.695	0.00036821314937684276
1542.7	0.0003564728464417948
1542.705	0.00034630442534683704
1542.7099999999998	0.0003412490031923736
1542.7150000000001	0.0003399598723232317
1542.72	0.0003421963481898051
1542.725	0.0003470932130837105
1542.73	0.00035390989423802045
1542.735	0.00036194915005451805
1542.74	0.00036945341054223357
1542.7450000000001	0.00037576816944979665
1542.75	0.0003802397597193551
1542.7549999999999	0.0003826379232269232
1542.76	0.00038320395406072445
1542.7649999999999	0.0003814760596465203
1542.7700000000002	0.00037823463131834837
1542.775	0.00037401695530926444
1542.78	0.000369429437404486
1542.785	0.0003651756233508861
1542.79	0.000361989927457494
1542.7949999999998	0.0003608384765440966
1542.8000000000002	0.0003607913450580578
1542.805	0.0003616215100543284
1542.81	0.00036338932331849187
1542.815	0.0003665461735605686
1542.82	0.00036993195905846436
1542.8249999999998	0.0003738433586133434
1542.8300000000002	0.0003778419648744128
1542.835	0.0003817446947203087
1542.84	0.00038578772493281946
1542.845	0.00038933451586382737
1542.85	0.00039234361595912254
1542.8549999999998	0.0003943052522981539
1542.8600000000001	0.0003952441503925587
1542.865	0.0003951801458496006
1542.8700000000001	0.0003933055851496065
1542.875	0.0003902251958422373
1542.8799999999999	0.000387553656786005
1542.885	0.00038798265437675725
1542.89	0.0003921115269331651
1542.895	0.0003989566637586033
1542.9	0.00040808237217633883
1542.905	0.00041604877884612727
1542.9099999999999	0.00042101784417467606
1542.915	0.0004219223898183641
1542.92	0.00042003878138392205
1542.925	0.00041668450309373785
1542.93	0.0004120409477834784
1542.935	0.00040717613273243147
1542.9399999999998	0.00040255219440688044
1542.9450000000002	0.00039894480107987944
1542.95	0.00039579098332172074
1542.955	0.00039299034041330623
1542.96	0.0003907960534527583
1542.965	0.00038925015027666356
1542.9699999999998	0.0003893048592637914
1542.9750000000001	0.0003906778701383665
1542.98	0.00039309424254506376
1542.9850000000001	0.00039602656842672947
1542.99	0.00039922642360232106
1542.995	0.00040285368498938113
1543	0.00040573575014945883
1543.005	0.0004080412370830501
1543.01	0.00040867808062594016
1543.015	0.00040804626063938645
1543.02	0.00040646120013725773
1543.0249999999999	0.0004036130946149384
1543.03	0.0003994705983919304
1543.035	0.00039518158903570474
1543.04	0.0003913312827885186
1543.045	0.0003906255022560724
1543.05	0.00039391616432278293
1543.0549999999998	0.0004011431971175725
1543.06	0.0004088797835005961
1543.065	0.00041338031345209596
1543.07	0.00041555335150646335
1543.075	0.00041458702837661275
1543.08	0.00041147527239230913
1543.0849999999998	0.0004067910223799204
1543.0900000000001	0.00040211117936297404
1543.095	0.00039744073187092496
1543.1000000000001	0.00039288831200866547
1543.105	0.00038844550743920167
1543.11	0.00038526445877033494
1543.115	0.00038369240787753707
1543.1200000000001	0.0003828010923639941
1543.125	0.000383126511878833
1543.13	0.0003847036072890305
1543.135	0.00038731596607766996
1543.1399999999999	0.0003908425887883339
1543.145	0.00039419404038455546
1543.15	0.00039726455951460667
1543.155	0.00039984316067956957
1543.16	0.0004015954308198632
1543.165	0.0004023751214741377
1543.1699999999998	0.00040256880746582566
1543.175	0.00040169682961594327
1543.18	0.0004002389901452885
1543.185	0.00039818129017679026
1543.19	0.00039587589394127925
1543.195	0.0003936987645616063
1543.1999999999998	0.00039168457242764733
1543.205	0.00039010344084687587
1543.21	0.00038801486331307576
1543.2150000000001	0.0003866679733887942
1543.22	0.00038621962871724047
1543.225	0.00038664446062407654
1543.23	0.0003884751551642598
1543.2350000000001	0.0003909551263532648
1543.24	0.0003935805370889041
1543.2450000000001	0.00039579099659062874
1543.25	0.0003952900879520227
1543.2549999999999	0.00039398220381679913
1543.26	0.0003912939159450186
1543.265	0.0003880103702999726
1543.27	0.00038405116667128403
1543.275	0.0003808284268970447
1543.28	0.0003787652346658791
1543.2849999999999	0.0003776058978587434
1543.29	0.0003778772391066236
1543.295	0.00037907364940888925
1543.3	0.0003821951758636427
1543.305	0.0003858584400619949
1543.31	0.0003900893528128194
1543.3149999999998	0.00039452722441663164
1543.32	0.00039855686979861567
1543.325	0.0004019099760381427
1543.3300000000002	0.0004043719117668567
1543.335	0.000405497097664161
1543.34	0.000405427519937908
1543.345	0.00040386734817219233
1543.35	0.00040195217983550225
1543.355	0.0003993495057168905
1543.3600000000001	0.0003963816837907495
1543.365	0.0003917843525029913
1543.37	0.0003868526739027187
1543.375	0.0003821818952183131
1543.3799999999999	0.00037795459059578143
1543.385	0.0003721414617099151
1543.39	0.00036708369519760053
1543.395	0.00036307064676762617
1543.3999999999999	0.00036038546245183064
1543.405	0.0003610062154806657
1543.41	0.0003648745559799603
1543.415	0.0003697876731356275
1543.42	0.0003747091975354943
1543.425	0.0003801045237767272
1543.4299999999998	0.00038291990260127786
1543.435	0.0003851115327687167
1543.44	0.00038609388798834757
1543.4450000000002	0.00038755942447086546
1543.45	0.00038846907508600497
1543.455	0.0003900682369824853
1543.46	0.0003918435540000148
1543.465	0.0003938997562334092
1543.47	0.0003960216998841403
1543.4750000000001	0.0003976635614647664
1543.48	0.00039867007671568594
1543.485	0.0003998302785744095
1543.49	0.00039945158347879484
1543.495	0.00039807075827828233
1543.5	0.00039528109155530824
1543.505	0.00039150405312666565
1543.51	0.0003870194218600412
1543.5149999999999	0.0003819822045423776
1543.52	0.0003770220387176714
1543.5249999999999	0.00037249911135512096
1543.53	0.0003687959787175642
1543.535	0.00036560533529326615
1543.54	0.00036291671519852233
1543.545	0.000361068867750717
1543.55	0.00036052826397051736
1543.555	0.0003606693664888754
1543.5600000000002	0.00036181405818436647
1543.565	0.0003635557852432025
1543.57	0.00036639036972551645
1543.575	0.000370556294766772
1543.58	0.00037442377994919695
1543.585	0.0003795167483285949
1543.5900000000001	0.0003832541742691391
1543.595	0.0003860101500905659
1543.6	0.0003866676852473602
1543.605	0.00038473231214445415
1543.61	0.00038120948560510124
1543.615	0.0003773160863025477
1543.6200000000001	0.0003744449042976994
1543.625	0.00037124235194778866
1543.6299999999999	0.0003691686612127153
1543.635	0.00036887730279010753
1543.6399999999999	0.00036976827393621407
1543.645	0.00037220885399558634
1543.65	0.0003748336832839687
1543.655	0.00037860166475394135
1543.66	0.00038244878816224523
1543.665	0.0003857541773838907
1543.6699999999998	0.000388378980252273
1543.6750000000002	0.0003892520728910217
1543.68	0.0003886970368978153
1543.685	0.0003871945928843969
1543.69	0.000384949167608349
1543.695	0.0003818498019156678
1543.7	0.00037852734958436924
1543.7050000000002	0.00037568468211791016
1543.71	0.000373481244831922
1543.715	0.0003717857530324015
1543.72	0.00037031648331815274
1543.725	0.0003703944081651464
1543.73	0.000371898705907236
1543.7350000000001	0.00037500745593939774
1543.74	0.0003795503867400115
1543.745	0.000387785574463682
1543.75	0.00039815489823130824
1543.7549999999999	0.00040989334759978455
1543.76	0.0004209166821577148
1543.765	0.000426369818313638
1543.77	0.00042310563612199645
1543.775	0.0004159182676084758
1543.78	0.0004088823338027074
1543.7849999999999	0.00040474126830105923
1543.7900000000002	0.0004026739177731838
1543.795	0.000400935114431893
1543.8	0.0004001274938067121
1543.805	0.0004000178505738016
1543.81	0.00040077675423349195
1543.8149999999998	0.0004016542726036945
1543.8200000000002	0.0004032722448610304
1543.825	0.00040531527288355744
1543.83	0.00040663312338709936
1543.835	0.00040708822928526753
1543.84	0.00040626552666680685
1543.8449999999998	0.00040389749464374015
1543.8500000000001	0.0004006710144022466
1543.855	0.0003977117201346006
1543.86	0.00039616362316782154
1543.865	0.00039591551539448934
1543.87	0.000396855290828618
1543.875	0.0003991085484221174
1543.88	0.00040289318208093055
1543.885	0.0004064382711624562
1543.89	0.0004107466023262126
1543.895	0.0004142470112901806
1543.8999999999999	0.00041729685278858264
1543.905	0.00042007172065871944
1543.91	0.0004217296423677468
1543.915	0.00042259198375824305
1543.92	0.00042199617226483944
1543.925	0.0004206146838778671
1543.9299999999998	0.0004184634208759117
1543.9350000000002	0.0004155093482211221
1543.94	0.00041248759973393814
1543.945	0.0004090574804628197
1543.95	0.0004060116947414162
1543.955	0.0004038928932711586
1543.9599999999998	0.00040304066020543184
1543.9650000000001	0.0004034684577586121
1543.97	0.00040522862123766005
1543.975	0.0004076767231404234
1543.98	0.00041033589266432186
1543.985	0.00041338156923120253
1543.99	0.0004158873063392548
1543.9950000000001	0.0004175801637311537
1544	0.00041801125206342187
1544.005	0.00041717428254888254
1544.01	0.00041551374061331065
1544.0149999999999	0.0004133044626935503
1544.02	0.0004110739295928829
1544.025	0.0004091673235165402
1544.03	0.00040795087505190715
1544.035	0.00040777156494818835
1544.04	0.0004079126207565715
1544.0449999999998	0.00040914147802646684
1544.05	0.00040991519922923907
1544.055	0.00041206653348862567
1544.06	0.0004139843459419463
1544.065	0.0004159407257771253
1544.07	0.00041763426792734346
1544.0749999999998	0.0004188853716250505
1544.0800000000002	0.00042036378825263915
1544.085	0.00042167888515454307
1544.09	0.00042228436123158423
1544.095	0.00042250962251223713
1544.1	0.00042240940997039195
1544.105	0.0004213649601277393
1544.1100000000001	0.00041933836486350893
1544.115	0.00041689007790208203
1544.1200000000001	0.00041485564071345657
1544.125	0.0004142777179153649
1544.1299999999999	0.0004153975400050898
1544.135	0.00041900817574451346
1544.14	0.0004232773262288453
1544.145	0.0004270812281804361
1544.15	0.0004304835745579049
1544.155	0.000432940281564453
1544.1599999999999	0.00043405399009236904
1544.165	0.0004338886560044743
1544.17	0.0004327865061914496
1544.175	0.0004309923961431052
1544.18	0.0004289277408245616
1544.185	0.00042668585796596016
1544.1899999999998	0.000425060974492902
1544.195	0.0004238807253309546
1544.2	0.00042342362145768124
1544.205	0.00042370843628792334
1544.21	0.0004243548246821071
1544.215	0.00042580529279634833
1544.22	0.0004279185667273599
1544.2250000000001	0.00042970600762511416
1544.23	0.00043123725714806717
1544.2350000000001	0.00043241697134441585
1544.24	0.0004317615530825585
1544.245	0.0004314785668166161
1544.25	0.0004298013519714338
1544.255	0.0004279276779359492
1544.26	0.00042581388712410094
1544.265	0.0004232373843686284
1544.27	0.00042058243101688973
1544.2749999999999	0.0004174231249646092
1544.28	0.00041466215890568917
1544.285	0.00041150909474247174
1544.29	0.0004088803544737547
1544.295	0.00040720807420737857
1544.3	0.0004064637782462338
1544.3049999999998	0.0004073629969762024
1544.31	0.0004102499699941834
1544.315	0.0004150194619473714
1544.32	0.0004202795501082663
1544.325	0.00042621844123899425
1544.33	0.0004316844064214228
1544.335	0.0004356735246191148
1544.34	0.0004388102867852549
1544.345	0.0004405286115781347
1544.3500000000001	0.0004413962359028741
1544.355	0.0004408070488661162
1544.36	0.00043963457805177057
1544.365	0.0004381896381896845
1544.37	0.00043665816290804164
1544.375	0.00043578952320286283
1544.38	0.00043532456041641754
1544.385	0.0004352087055513068
1544.3899999999999	0.00043570655568076893
1544.395	0.0004363532994445828
1544.4	0.0004374972436817283
1544.405	0.000437834483469329
1544.41	0.00043849114720471554
1544.415	0.00043833936798324033
1544.4199999999998	0.0004382400376848077
1544.425	0.0004372702942846376
1544.43	0.0004360848937134294
1544.435	0.00043502991216537386
1544.44	0.00043368844789494926
1544.445	0.0004323001757739455
1544.45	0.0004304130808155938
1544.455	0.000429071466691967
1544.46	0.00042742803805131523
1544.4650000000001	0.0004265187641159334
1544.47	0.0004269620067703923
1544.475	0.00042908377130146917
1544.48	0.00043125298207895817
1544.485	0.00043152409628223503
1544.49	0.0004294536066606461
1544.4950000000001	0.00042411812263805923
1544.5	0.00041578321477662777
1544.5049999999999	0.0004077781773829967
1544.51	0.00040027408566954014
1544.5149999999999	0.00039384031115769803
1544.52	0.00038830057238797746
1544.525	0.0003850492730939067
1544.53	0.00038502953749622586
1544.5349999999999	0.00038735014129373687
1544.54	0.0003920979547889536
1544.545	0.000398972758090649
1544.55	0.00040735861665297345
1544.555	0.0004164771404395951
1544.56	0.00042568248798745837
1544.565	0.00043270421714111635
1544.57	0.0004383453203856439
1544.575	0.0004417516096367782
1544.5800000000002	0.00044261136793747924
1544.585	0.00044203351633188663
1544.59	0.0004400995429424993
1544.595	0.00043780516682655776
1544.6	0.0004351173431574741
1544.605	0.00043263010019065594
1544.6100000000001	0.00043101761814876244
1544.615	0.00043029970776045347
1544.62	0.0004305011049371148
1544.625	0.00043128293080146223
1544.6299999999999	0.0004332748137129602
1544.635	0.0004366541999178822
1544.64	0.00044063825946236243
1544.645	0.0004449614098874666
1544.6499999999999	0.00044737774496200316
1544.655	0.0004469782346023929
1544.6599999999999	0.00044289648869731674
1544.665	0.0004357220415876891
1544.67	0.0004264401094715547
1544.675	0.0004176590262184472
1544.68	0.00041065073952760266
1544.685	0.0004040577286771281
1544.69	0.0003981934281650647
1544.6950000000002	0.0003948763189435674
1544.7	0.0003929604256838087
1544.705	0.00039270355886461116
1544.71	0.0003937763496804518
1544.715	0.00039677602797854987
1544.72	0.00040184706848530205
1544.7250000000001	0.0004078628138087673
1544.73	0.0004145932192204097
1544.735	0.00042077563988018516
1544.74	0.0004257960676361355
1544.745	0.00042927346964012023
1544.75	0.00043069823242704075
1544.755	0.0004303946626510021
1544.76	0.00042851543462007677
1544.7649999999999	0.00042556300693365434
1544.77	0.00042260045370438534
1544.7749999999999	0.00042036757712332406
1544.7800000000002	0.00041809039262656833
1544.785	0.0004160364647150519
1544.79	0.00041475611331844687
1544.795	0.00041457968556010303
1544.8	0.0004158488735494242
1544.8049999999998	0.00041822745533735557
1544.8100000000002	0.00042271714334429176
1544.815	0.0004293598868853854
1544.82	0.00043770590216587145
1544.825	0.00044426390738104094
1544.83	0.0004478267121006163
1544.835	0.00044579846989074764
1544.8400000000001	0.00043825046808999233
1544.845	0.00042944879616049026
1544.85	0.0004200958171525455
1544.855	0.00041027652390255193
1544.86	0.00040252159590500723
1544.865	0.00039830834870631366
1544.8700000000001	0.0003962834557297122
1544.875	0.0003963009751388286
1544.8799999999999	0.0003978879653375325
1544.885	0.00040153377754553667
1544.8899999999999	0.0004066583120980943
1544.8950000000002	0.00041268771305290103
1544.9	0.00041952153523475784
1544.905	0.0004259593518602024
1544.91	0.00043177728382813823
1544.915	0.00043620951931630205
1544.9199999999998	0.00043883859390382314
1544.9250000000002	0.0004396737635617707
1544.93	0.00043878151657137396
1544.935	0.0004363423656496273
1544.94	0.0004336920102753562
1544.945	0.00043094813178110985
1544.9499999999998	0.00042886777937067025
1544.9550000000002	0.0004270468194156064
1544.96	0.00042592898689241274
1544.965	0.0004257975021238873
1544.97	0.00042651153138876835
1544.975	0.00042775114365037803
1544.9799999999998	0.0004304027846758036
1544.9850000000001	0.0004334647505074716
1544.99	0.0004380450020762072
1544.995	0.0004426126040642971
1545	0.0004480175069708367
1545.0049999999999	0.00045212436934529023
1545.01	0.0004541813324160497
1545.015	0.00045374462109396544
1545.02	0.0004507859123312929
1545.025	0.00044722419905222286
1545.03	0.0004446822307633249
1545.0349999999999	0.000443262131269035
1545.04	0.0004429974453312423
1545.045	0.0004446628995850364
1545.05	0.000448197792182734
1545.055	0.0004526911649637801
1545.06	0.00045802392694639
1545.0649999999998	0.0004635780426419203
1545.0700000000002	0.00046859637540401543
1545.075	0.0004719934680906597
1545.08	0.00047237191023786573
1545.085	0.0004704308009119704
1545.09	0.0004658420169692556
1545.0949999999998	0.0004596001503526756
1545.1000000000001	0.0004525450409658133
1545.105	0.0004451718653642562
1545.1100000000001	0.00043811675593891986
1545.115	0.00043261952389116534
1545.12	0.0004281931961410628
1545.125	0.00042490226786821454
1545.13	0.00042216495139473637
1545.135	0.0004199213479532891
1545.14	0.00041881490240015774
1545.145	0.00041865393054058665
1545.1499999999999	0.0004192766662736772
1545.155	0.0004210437264226199
1545.16	0.0004240267371304632
1545.165	0.00042824415530359907
1545.17	0.0004326461262384293
1545.175	0.0004373634348146144
1545.1799999999998	0.00044019828769019533
1545.185	0.00043962634671842164
1545.19	0.00043752610525314305
1545.195	0.00043519347686059003
1545.2	0.00043387375864798556
1545.205	0.00043473098037060006
1545.2099999999998	0.0004370268645675134
1545.2150000000001	0.00044140792108800984
1545.22	0.00044696312368695264
1545.2250000000001	0.0004518703143835679
1545.23	0.00045723261855598645
1545.235	0.000461017925137704
1545.24	0.0004636238311379205
1545.2450000000001	0.00046423134337471723
1545.25	0.00046300544156965313
1545.255	0.00046034574840013806
1545.26	0.0004568322253430323
1545.2649999999999	0.000453167956075787
1545.27	0.00045003770182636344
1545.275	0.00044819370225712696
1545.28	0.00044781654425525157
1545.285	0.0004485696854520645
1545.29	0.00045033515942773957
1545.2949999999998	0.0004534387813951054
1545.3	0.000456045465969852
1545.305	0.0004593840050043542
1545.31	0.00046181961020270594
1545.315	0.00046383075458993105
1545.32	0.0004655328450650226
1545.3249999999998	0.00046565302387970074
1545.33	0.0004647746903481163
1545.335	0.00046189220664743965
1545.3400000000001	0.0004569257632221913
1545.345	0.0004502462776135708
1545.35	0.0004423290731208315
1545.355	0.0004329580339143432
1545.3600000000001	0.0004222455628938753
1545.365	0.0004128687302207441
1545.3700000000001	0.00040643990559665076
1545.375	0.00040354720453469287
1545.3799999999999	0.00040404418972031086
1545.385	0.00040921529036271563
1545.39	0.0004166666361022703
1545.395	0.00042719336650573627
1545.4	0.00043763557108513195
1545.405	0.00045009343757398864
1545.4099999999999	0.00045911672987852847
1545.415	0.00046570107387097385
1545.42	0.0004673295422559313
1545.425	0.000464795328699963
1545.43	0.0004590214190314084
1545.435	0.0004519813546598088
1545.4399999999998	0.0004442632399912341
1545.445	0.00043796126023568755
1545.45	0.000433590302358659
1545.4550000000002	0.00043238783791632596
1545.46	0.0004334001949376843
1545.465	0.000435372860973737
1545.47	0.00043985770047583314
1545.475	0.00044468834502895684
1545.48	0.0004496073834007159
1545.4850000000001	0.0004543499701050931
1545.49	0.00045844614059068086
1545.495	0.00046246498796276037
1545.5	0.0004662074806251569
1545.5049999999999	0.00046852479847007175
1545.51	0.00047027754119956965
1545.515	0.0004706016964612138
1545.52	0.0004694572515746323
1545.5249999999999	0.0004661034496182975
1545.53	0.0004602321791395218
1545.535	0.0004519864747606126
1545.54	0.0004423526353675625
1545.545	0.0004342250255523064
1545.55	0.00042822602292435667
1545.5549999999998	0.00042506566756004313
1545.56	0.0004247803841267309
1545.565	0.00042729653632029793
1545.5700000000002	0.00043167572271120497
1545.575	0.0004364951538154604
1545.58	0.00044023653808958666
1545.585	0.00044201780307011335
1545.59	0.0004413502798118073
1545.595	0.00043808543638060586
1545.6000000000001	0.000432433868865831
1545.605	0.0004252264460781188
1545.61	0.0004174735837475297
1545.615	0.00041045499318410374
1545.62	0.00040504971688716117
1545.625	0.0004018331923275715
1545.63	0.00040129984116361476
1545.635	0.0004033611897077428
1545.6399999999999	0.00040732668646924534
1545.645	0.00041303856993149616
1545.6499999999999	0.00041981265907129183
1545.655	0.0004263098813361761
1545.66	0.0004335164054829848
1545.665	0.00044000906913045987
1545.6699999999998	0.000446195458439706
1545.675	0.0004520526184527861
1545.68	0.0004568663762186444
1545.6850000000002	0.00046043541186348725
1545.69	0.00046230408944298787
1545.695	0.0004627273775676578
1545.7	0.0004622954396973973
1545.705	0.0004602784330915539
1545.71	0.00045830834224617085
1545.7150000000001	0.0004568201952688294
1545.72	0.0004572589939202144
1545.725	0.0004593304799823726
1545.73	0.00046148399153516734
1545.735	0.00046483383305210093
1545.74	0.00046738139186278354
1545.7450000000001	0.0004694754705713845
1545.75	0.0004697144793164591
1545.7549999999999	0.0004686767207419679
1545.76	0.0004666254791211619
1545.7649999999999	0.00046372242166737145
1545.77	0.0004602597934588799
1545.775	0.0004559901956065169
1545.78	0.0004521785734120119
1545.7849999999999	0.0004491601218035746
1545.79	0.00044665063199110847
1545.7949999999998	0.0004451080282417636
1545.8000000000002	0.00044411984402317316
1545.805	0.0004442165642780842
1545.81	0.00044478118482841234
1545.815	0.00044546455314118397
1545.82	0.0004461460349628178
1545.825	0.00044656479640008893
1545.8300000000002	0.0004478270864969987
1545.835	0.0004483633378021861
1545.84	0.0004494242512743714
1545.845	0.0004496660197647445
1545.85	0.000450177411424374
1545.855	0.0004505094062985423
1545.8600000000001	0.000450879346736897
1545.865	0.00045022942365366013
1545.87	0.00044916680205282685
1545.875	0.0004481381155263888
1545.8799999999999	0.0004475015790707274
1545.885	0.00044829016439912697
1545.89	0.0004516890069546652
1545.895	0.00045775814172393907
1545.9	0.00046562239871442113
1545.905	0.0004729683707215032
1545.9099999999999	0.00047935534173165637
1545.9150000000002	0.0004838565944815047
1545.92	0.0004858495731424888
1545.925	0.00048621481218476167
1545.93	0.0004851197570106266
1545.935	0.0004829122143596865
1545.9399999999998	0.00048000403444436513
1545.9450000000002	0.0004779940575929988
1545.95	0.0004771773940745721
1545.955	0.00047714472748339165
1545.96	0.0004777980582476396
1545.965	0.0004791047558599428
1545.9699999999998	0.0004811362852229243
1545.9750000000001	0.0004837284503445548
1545.98	0.00048608193159442207
1545.985	0.0004886898256324003
1545.99	0.000489748016916357
1545.995	0.0004904075467069152
1546	0.0004902854365317231
1546.005	0.0004888229665061837
1546.01	0.0004868772005143068
1546.015	0.00048374158341806835
1546.02	0.0004804311522974348
1546.0249999999999	0.0004770023537329855
1546.0300000000002	0.0004734804862035476
1546.035	0.00046959564932514157
1546.04	0.000465085458603568
1546.045	0.0004607231358655304
1546.05	0.0004569221829439864
1546.0549999999998	0.00045347984185958775
1546.0600000000002	0.0004504901161822976
1546.065	0.0004481471673158504
1546.07	0.0004469369888008897
1546.075	0.00044730752301153423
1546.08	0.0004486267527865759
1546.0849999999998	0.0004506918691533255
1546.0900000000001	0.00045251529629806433
1546.095	0.00045448984625443163
1546.1	0.0004559022911162276
1546.105	0.0004580846190722786
1546.11	0.0004602774859909517
1546.1149999999998	0.00046267196109038946
1546.1200000000001	0.00046519638256154226
1546.125	0.0004677262666064471
1546.13	0.0004707099436730333
1546.135	0.0004732527604845236
1546.1399999999999	0.0004755400197388157
1546.145	0.00047733274245726734
1546.15	0.0004783244337531916
1546.155	0.00047865638772123754
1546.16	0.000478317274314291
1546.165	0.0004770681263530339
1546.1699999999998	0.0004746423220844947
1546.175	0.0004718356916652104
1546.18	0.00046889425433173035
1546.185	0.0004660324838648222
1546.19	0.00046278295715656604
1546.195	0.0004591139029094292
1546.1999999999998	0.0004553137493286698
1546.2050000000002	0.0004516640644367154
1546.21	0.0004482589617622183
1546.215	0.0004445203466287043
1546.22	0.0004408723114436992
1546.225	0.0004384363464416747
1546.23	0.00043722044208163957
1546.2350000000001	0.0004383193889291382
1546.24	0.00044343153171647103
1546.2450000000001	0.0004509022533632985
1546.25	0.0004589269453737008
1546.2549999999999	0.0004677519539090066
1546.26	0.0004722817447761617
1546.265	0.00047342419541122866
1546.27	0.00047137928613912445
1546.275	0.00046708143813880475
1546.28	0.00046181842002968634
1546.2849999999999	0.0004564137352326394
1546.29	0.00045119109594388504
1546.295	0.0004467419837526118
1546.3	0.0004438998353875827
1546.305	0.0004429151886761636
1546.31	0.000444117126557593
1546.3149999999998	0.0004470705632737795
1546.32	0.0004510764292788703
1546.325	0.00045614258322364086
1546.33	0.0004613246649804868
1546.335	0.00046527491743696115
1546.34	0.00046913758768081753
1546.345	0.0004709498754480545
1546.3500000000001	0.0004727995273540338
1546.355	0.00047382713603303717
1546.3600000000001	0.00047403371120748945
1546.365	0.00047413802893440753
1546.37	0.0004734201185460732
1546.375	0.00047318933145861267
1546.38	0.00047296575879944195
1546.385	0.0004728597271132785
1546.39	0.00047276734882698506
1546.395	0.00047234453654447717
1546.3999999999999	0.00047174737345190884
1546.405	0.00047116008194146813
1546.41	0.0004700046533435122
1546.415	0.0004678496059349113
1546.42	0.0004644777511735772
1546.425	0.00046066015205305195
1546.4299999999998	0.0004569849575428302
1546.435	0.0004533892120429903
1546.44	0.00045053735718646827
1546.445	0.0004489218402898949
1546.45	0.0004479021809324378
1546.455	0.0004469608139360322
1546.46	0.0004457691563853351
1546.465	0.0004434101176284833
1546.47	0.00044017595449381684
1546.4750000000001	0.00043624075516977774
1546.48	0.00043245941220042093
1546.485	0.00042942041022035987
1546.49	0.00042760839088606424
1546.4950000000001	0.0004271948424830025
1546.5	0.0004273592186114366
1546.505	0.0004282279472229875
1546.51	0.0004294570409870595
1546.5149999999999	0.00043054865292914895
1546.52	0.00043081678453146664
1546.525	0.0004304758975775525
1546.53	0.0004303056059070532
1546.535	0.00042995177500618296
1546.54	0.00042990717871791686
1546.5449999999998	0.00042924096558072443
1546.55	0.0004293072820473818
1546.555	0.00043049102766214023
1546.56	0.0004319220884703313
1546.565	0.0004347575534304221
1546.57	0.00043780315880817647
1546.575	0.00044417001730764026
1546.58	0.0004510982442582092
1546.585	0.0004573622133371863
1546.5900000000001	0.0004607169938511717
1546.595	0.00045912136586769334
1546.6	0.00045335744549463623
1546.605	0.0004468225732644508
1546.61	0.0004415528556261375
1546.615	0.0004378722169428759
1546.6200000000001	0.00043615526432138024
1546.625	0.00043625436263220287
1546.6299999999999	0.00043766250501236186
1546.635	0.00043956734867223873
1546.6399999999999	0.0004416229037109998
1546.645	0.00044376602052837035
1546.65	0.000446178190600544
1546.655	0.00044815771206538487
1546.6599999999999	0.00044966410072076545
1546.665	0.0004509365710344352
1546.67	0.0004517877425838939
1546.675	0.0004526031358271661
1546.68	0.0004533440523879326
1546.685	0.0004540742093105236
1546.69	0.0004548890079042429
1546.695	0.00045576779806484694
1546.7	0.00045622660348841615
1546.7050000000002	0.0004568790308275871
1546.71	0.0004574905531819164
1546.715	0.00045798337384600333
1546.72	0.00045841233804821995
1546.725	0.00045841233804821995
1546.73	0.000458377751434408
1546.7350000000001	0.0004579880063984281
1546.74	0.0004572703814011789
1546.745	0.0004560886689366076
1546.75	0.0004543066179672044
1546.7549999999999	0.00045244188315625596
1546.76	0.0004501309169884451
1546.765	0.0004476665795827651
1546.77	0.0004456922682911972
1546.7749999999999	0.0004444792227068096
1546.78	0.0004448134829191437
1546.7849999999999	0.00044686197169699067
1546.79	0.0004504605575366658
1546.795	0.0004553216083810444
1546.8	0.0004605626995168797
1546.805	0.00046559590334093224
1546.81	0.00046999701226359486
1546.815	0.0004741731242638388
1546.8200000000002	0.00047702660344105843
1546.825	0.00047889915105116937
1546.83	0.00047927210987571854
1546.835	0.00047856555787998697
1546.84	0.0004773062472473778
1546.845	0.000475756358460473
1546.8500000000001	0.0004743161899784873
1546.855	0.0004729334395642197
1546.86	0.00047135508611134057
1546.865	0.0004700155125458879
1546.87	0.00046910618379337093
1546.875	0.0004684534690030688
1546.88	0.00046722246528196155
1546.885	0.0004671893192528306
1546.8899999999999	0.00046582626731108117
1546.895	0.00046499327569699613
1546.8999999999999	0.0004631581685561194
1546.905	0.00046173558012951914
1546.91	0.00046003605017697345
1546.915	0.0004579833477234364
1546.92	0.0004554094105385923
1546.925	0.0004527840605944981
1546.9299999999998	0.0004498454012560139
1546.9350000000002	0.00044635272542123557
1546.94	0.00044301886828497207
1546.945	0.0004410791039280294
1546.95	0.0004418887213230294
1546.955	0.00044389589318474636
1546.96	0.0004480094506811428
1546.9650000000001	0.0004519169056153274
1546.97	0.0004567458252644284
1546.975	0.00045982108400414523
1546.98	0.0004622454180911421
1546.985	0.00046323845156548844
1546.99	0.0004627253619113879
1546.9950000000001	0.0004603073298913495
1547	0.0004571888754477542
1547.0049999999999	0.0004539191991377383
1547.01	0.00045073064313009485
1547.0149999999999	0.00044791511041745823
1547.0200000000002	0.0004458581127699863
1547.025	0.00044481293995692403
1547.03	0.0004456678959276046
1547.035	0.00044770072439966594
1547.04	0.0004506945317779049
1547.0449999999998	0.00045445793048078646
1547.0500000000002	0.00045871955286301997
1547.055	0.00046316782794450376
1547.06	0.0004682471254485451
1547.065	0.00047205867798492176
1547.07	0.0004757153759761413
1547.0749999999998	0.0004786652810470658
1547.0800000000002	0.00048076836537900647
1547.085	0.0004824214296010957
1547.09	0.00048287921353360103
1547.095	0.000482679362313397
1547.1	0.0004805562647026378
1547.1049999999998	0.00047773166764455326
1547.1100000000001	0.0004739435663894754
1547.115	0.00046856176878091495
1547.12	0.0004634059505828999
1547.125	0.0004589356833865157
1547.1299999999999	0.0004560667414257929
1547.135	0.00045581487406153736
1547.14	0.0004570258447053946
1547.145	0.0004610598425057802
1547.15	0.00046470554575224417
1547.155	0.0004692442595786693
1547.1599999999999	0.00047376539697548847
1547.165	0.0004773929012067061
1547.17	0.0004803833631047167
1547.175	0.0004809850555039751
1547.18	0.0004808559638806539
1547.185	0.000479479873988369
1547.1899999999998	0.0004774952832566258
1547.1950000000002	0.00047505175040456335
1547.2	0.00047252650379445735
1547.205	0.0004703423178746373
1547.21	0.0004687410470240252
1547.215	0.0004682048028135622
1547.2199999999998	0.00046884929226058127
1547.2250000000001	0.00047019501025778574
1547.23	0.00047182963435716424
1547.235	0.00047265549287433157
1547.24	0.00047415196740737406
1547.245	0.00047432054997247216
1547.25	0.00047440651821554635
1547.255	0.0004735694859010228
1547.26	0.00047236079358091573
1547.265	0.00047124619603009703
1547.27	0.0004693757511362451
1547.2749999999999	0.00046679364189664013
1547.28	0.00046360325715260285
1547.285	0.00045997292151500624
1547.29	0.0004561733121283443
1547.295	0.0004528533819000325
1547.3	0.0004505072586942954
1547.3049999999998	0.00044935446934870314
1547.31	0.00044874319936287363
1547.315	0.00044953661093045656
1547.32	0.0004505581668481134
1547.325	0.00045161337274279986
1547.33	0.00045114800774611214
1547.3349999999998	0.00044999883983488475
1547.3400000000001	0.00044756704317303834
1547.345	0.00044353091888918596
1547.3500000000001	0.00043732114487946163
1547.355	0.0004300290357784845
1547.36	0.00042218934663451184
1547.365	0.00041438230021578515
1547.3700000000001	0.0004075492823679862
1547.375	0.0004022292959843243
1547.38	0.0003997832977422612
1547.385	0.00040112740497317943
1547.3899999999999	0.0004056687359444495
1547.395	0.00041294144412546427
1547.4	0.00042257860365872387
1547.405	0.0004331361006134859
1547.41	0.0004438357711371828
1547.415	0.00045459267877664706
1547.4199999999998	0.0004628027706912979
1547.425	0.00047029081305375605
1547.43	0.0004750311682418832
1547.435	0.00047794345285290924
1547.44	0.0004790739081446252
1547.445	0.00047872917333518464
1547.4499999999998	0.000477313455374105
1547.455	0.0004746816308904573
1547.46	0.0004725188157596195
1547.4650000000001	0.0004712563740222099
1547.47	0.0004710972230923404
1547.475	0.0004723527393446895
1547.48	0.00047492393296761075
1547.4850000000001	0.0004784158515894529
1547.49	0.0004822019649113201
1547.4950000000001	0.00048424168451824764
1547.5	0.00048555365197493514
1547.5049999999999	0.0004849057994788714
1547.51	0.0004831219443429347
1547.515	0.0004797257951254102
1547.52	0.0004758113182934183
1547.525	0.0004719250630073754
1547.53	0.0004685387284357396
1547.5349999999999	0.00046574011692012335
1547.54	0.0004638805175411625
1547.545	0.0004635794605975611
1547.55	0.00046437294278538037
1547.555	0.00046636286403312267
1547.56	0.00046950496381388833
1547.5649999999998	0.000472241051500818
1547.57	0.00047437416477664584
1547.575	0.00047526793221617527
1547.5800000000002	0.0004753023287147168
1547.585	0.0004736281864521488
1547.59	0.0004715229066970181
1547.595	0.00046917770604246227
1547.6	0.00046675471514639354
1547.605	0.00046399015654330177
1547.6100000000001	0.0004612406126437705
1547.615	0.0004590736936107088
1547.62	0.0004574759917975744
1547.625	0.0004560907954336942
1547.6299999999999	0.00045487885341696435
1547.635	0.00045462975338055967
1547.64	0.0004555096965501372
1547.645	0.00045845545244339316
1547.6499999999999	0.0004646331582681392
1547.655	0.00047307652701355206
1547.66	0.00048067581035528034
1547.665	0.0004862267055460105
1547.67	0.0004897068718160076
1547.675	0.0004877909457823973
1547.6799999999998	0.0004829973336568022
1547.685	0.0004754187940902485
1547.69	0.00046661382600992935
1547.6950000000002	0.0004578566046263669
1547.7	0.00045019173193697247
1547.705	0.0004433669366110817
1547.71	0.000438913305327654
1547.715	0.00043683627483602673
1547.72	0.000436918659429535
1547.7250000000001	0.00043937794293654473
1547.73	0.00044354699431523866
1547.735	0.00044899745917107033
1547.74	0.00045598857645493657
1547.745	0.0004621552415712177
1547.75	0.00046890583317238036
1547.755	0.0004744293368015009
1547.76	0.00047856395808535274
1547.7649999999999	0.0004813651425249868
1547.77	0.00048288506775354925
1547.7749999999999	0.00048303154112978267
1547.78	0.00048267933138113246
1547.785	0.0004818203840339402
1547.79	0.0004810043455105237
1547.7949999999998	0.00048031467759785697
1547.8	0.00047964266560540506
1547.805	0.0004794770222415498
1547.8100000000002	0.00047929274954674854
1547.815	0.00048036847587594375
1547.82	0.0004822560534034012
1547.825	0.0004847271376289109
1547.83	0.00048823777146133035
1547.835	0.0004927061844146628
1547.8400000000001	0.0004964159564038395
1547.845	0.0004986613856231069
1547.85	0.0004982024304866353
1547.855	0.0004958836099485673
1547.86	0.0004917278343941871
1547.865	0.0004862625053611302
1547.8700000000001	0.00048052116777716665
1547.875	0.00047551487409910637
1547.8799999999999	0.00047194547093949225
1547.885	0.0004699385967895755
1547.8899999999999	0.0004690469359477
1547.895	0.0004701558230670638
1547.9	0.0004726094281437852
1547.905	0.0004764331154668604
1547.9099999999999	0.00048146862387686643
1547.915	0.00048670418886774997
1547.9199999999998	0.0004915673752608826
1547.9250000000002	0.0004952349423343363
1547.93	0.0004971088227017047
1547.935	0.00049769672339586
1547.94	0.0004965774747685903
1547.945	0.0004951017084701528
1547.95	0.0004929730013945404
1547.9550000000002	0.0004907247294422838
1547.96	0.00048798637124069827
1547.965	0.0004852354245008026
1547.97	0.00048237609944903366
1547.975	0.000479988703328985
1547.98	0.00047745868333283877
1547.9850000000001	0.0004749918266867492
1547.99	0.0004738354058177202
1547.995	0.0004742950466226073
1548	0.0004772861153469788
1548.0049999999999	0.0004824254898078373
1548.01	0.00048737244519577404
1548.015	0.0004897697348215474
1548.02	0.0004897410732170245
1548.0249999999999	0.0004880659717939969
1548.03	0.0004853012046826162
1548.0349999999999	0.00048214130669951887
1548.0400000000002	0.0004793849734363331
1548.045	0.0004770017469938855
1548.05	0.00047507160567815984
1548.055	0.00047274823878888097
1548.06	0.00047072236067792337
1548.0649999999998	0.0004693363276859913
1548.0700000000002	0.0004684656278856091
1548.075	0.0004678306839593344
1548.08	0.0004679479103715186
1548.085	0.00046779553800277836
1548.09	0.00046809150005703415
1548.095	0.00046837163161278744
1548.1000000000001	0.0004684765189391107
1548.105	0.00046870739732141206
1548.11	0.0004677990238328082
1548.115	0.0004668546178966214
1548.12	0.00046553310364882684
1548.125	0.00046392155745060033
1548.13	0.00046208823640771956
1548.135	0.0004595709005923819
1548.14	0.00045721414224002776
1548.145	0.0004554557865702698
1548.1499999999999	0.0004543131476637425
1548.1550000000002	0.00045422063713004444
1548.16	0.0004550628686659419
1548.165	0.0004569220053543627
1548.17	0.0004607125893207329
1548.175	0.00046624371664434773
1548.1799999999998	0.00047256564145511937
1548.1850000000002	0.00047866731251110673
1548.19	0.0004839140203215079
1548.195	0.00048674547489634254
1548.2	0.0004867611570677243
1548.205	0.00048490718113053117
1548.2099999999998	0.0004832992303949729
1548.2150000000001	0.0004826853995371645
1548.22	0.0004833087292245027
1548.225	0.000485770695150268
1548.23	0.0004897020222386943
1548.235	0.0004942898518860832
1548.2399999999998	0.0004989212698129907
1548.2450000000001	0.0005025513531871682
1548.25	0.0005046223155762836
1548.255	0.0005047873260886945
1548.26	0.0005027604366313733
1548.2649999999999	0.0004988010912776765
1548.27	0.0004932427236641142
1548.275	0.00048744383018190375
1548.28	0.0004824170030163618
1548.285	0.0004791270949938172
1548.29	0.0004764615119592365
1548.2949999999998	0.0004745747753059706
1548.3	0.0004742888619676454
1548.305	0.0004747829516024244
1548.31	0.00047619197669397005
1548.315	0.00047775694100144026
1548.32	0.00048037225750997966
1548.3249999999998	0.00048310189955611975
1548.3300000000002	0.00048687187754716975
1548.335	0.0004909620829875645
1548.34	0.0004960045166953834
1548.345	0.0005009902590219461
1548.35	0.0005047091723547748
1548.3549999999998	0.0005055476928190234
1548.3600000000001	0.0005037331895611631
1548.365	0.0004990838969177587
1548.3700000000001	0.0004935863685660126
1548.375	0.0004893277088598457
1548.3799999999999	0.0004866434219800684
1548.385	0.00048513580640501545
1548.39	0.00048570655048985837
1548.395	0.0004887924349565128
1548.4	0.000492131919368516
1548.405	0.0004968082678298271
1548.4099999999999	0.0005006553033797994
1548.415	0.0005040666856902594
1548.42	0.0005065895505355409
1548.425	0.0005079160205090682
1548.43	0.0005080385057916362
1548.435	0.0005070886692240605
1548.4399999999998	0.0005054399372286724
1548.445	0.0005038948691239648
1548.45	0.0005027575294633812
1548.455	0.0005019213768004279
1548.46	0.0005013645394031581
1548.465	0.0005014315019796312
1548.47	0.0005026351523795757
1548.4750000000001	0.0005039012660172026
1548.48	0.0005056767548562989
1548.4850000000001	0.0005073266108796658
1548.49	0.0005089166667778537
1548.495	0.0005105114067302344
1548.5	0.0005118652908382558
1548.505	0.0005121964495629072
1548.51	0.0005121652572127636
1548.515	0.0005106056342982701
1548.52	0.0005086955099833176
1548.5249999999999	0.0005056969776982159
1548.53	0.0005012028590009465
1548.535	0.0004953762443057059
1548.54	0.0004894017055247371
1548.545	0.0004841290501681275
1548.55	0.00047976290702346876
1548.5549999999998	0.000476610588462137
1548.56	0.0004756944991724079
1548.565	0.00047605547086479504
1548.57	0.00047778819442408
1548.575	0.0004798557824073875
1548.58	0.00048327816509869856
1548.585	0.000486513679004508
1548.59	0.0004894216845149644
1548.595	0.0004914119388362765
1548.6000000000001	0.0004923269958067168
1548.605	0.0004927449593027474
1548.61	0.0004919457852744983
1548.615	0.0004902136661199051
1548.6200000000001	0.00048784323752877335
1548.625	0.00048579132257433493
1548.63	0.00048449708595202145
1548.635	0.0004837316154413346
1548.6399999999999	0.00048322302046195496
1548.645	0.00048327032294895523
1548.65	0.0004841766060076664
1548.655	0.0004852060993645331
1548.66	0.0004863977225139589
1548.665	0.00048686679005328313
1548.6699999999998	0.000487451527206565
1548.675	0.00048775801460537705
1548.68	0.0004879978720255949
1548.685	0.0004875411885433523
1548.69	0.0004860387928942589
1548.695	0.00048337171057723417
1548.7	0.00047888433804589174
1548.705	0.00047219770516468705
1548.71	0.0004637173557683666
1548.7150000000001	0.00045566429665817805
1548.72	0.0004497310119854583
1548.725	0.00044694200200267735
1548.73	0.0004485460995597908
1548.735	0.00045321964644793895
1548.74	0.00045973250394839275
1548.7450000000001	0.0004687167575569569
1548.75	0.0004784281009904197
1548.7549999999999	0.00048726676470479865
1548.76	0.0004948488965171803
1548.7649999999999	0.0005005774673497064
1548.77	0.0005042420213140255
1548.775	0.000505426360754127
1548.78	0.0005043631677201611
1548.7849999999999	0.0005018811130166603
1548.79	0.0004988161048163856
1548.795	0.0004958525771568303
1548.8	0.0004934172131306105
1548.805	0.000491777700941486
1548.81	0.0004911228426504163
1548.815	0.0004908300480802257
1548.82	0.0004923817236749833
1548.825	0.0004936190661004087
1548.8300000000002	0.0004947325814776226
1548.835	0.0004957578694137083
1548.84	0.0004964061866877789
1548.845	0.0004968828589242726
1548.85	0.0004969226316930395
1548.855	0.000496134888089251
1548.8600000000001	0.000494798366700131
1548.865	0.0004928397745181655
1548.87	0.0004901246691218371
1548.875	0.00048676428522693527
1548.8799999999999	0.0004827914934564463
1548.885	0.00047841978601450706
1548.89	0.0004735789861548517
1548.895	0.00046884968034868773
1548.8999999999999	0.0004649928017063497
1548.905	0.0004613824166584844
1548.9099999999999	0.00045898689768572603
1548.915	0.00045795303092586065
1548.92	0.0004590331214302117
1548.925	0.0004606433412849036
1548.93	0.00046329607581777125
1548.935	0.00046633107665714174
1548.94	0.00047007274980086515
1548.9450000000002	0.00047354250857919067
1548.95	0.00047549745974949105
1548.955	0.0004762215540790928
1548.96	0.0004747907066197576
1548.965	0.00047224445093213557
1548.97	0.0004684038075683496
1548.9750000000001	0.0004644468143958953
1548.98	0.00046118153149781653
1548.985	0.00045937169142256957
1548.99	0.00045856724807393466
1548.995	0.000459510170390638
1549	0.00046183415351300536
1549.005	0.00046512515351210417
1549.01	0.00046929101829275695
1549.0149999999999	0.00047390747467556364
1549.02	0.0004786421521509776
1549.0249999999999	0.00048362243655655085
1549.03	0.000488039183034046
1549.035	0.0004917242717426453
1549.04	0.0004941790395903392
1549.045	0.0004954034229212354
1549.05	0.0004939288097485511
1549.0549999999998	0.0004903256261930414
1549.0600000000002	0.0004872805629194802
1549.065	0.00048825632319575386
1549.07	0.0004922597433028344
1549.075	0.0004989185963480146
1549.08	0.0005054204158755007
1549.085	0.0005119872794076117
1549.0900000000001	0.0005157667359341927
1549.095	0.0005175617892339833
1549.1	0.0005170615465781341
1549.105	0.0005145916367774667
1549.11	0.000510334275669238
1549.115	0.0005063157589685978
1549.1200000000001	0.0005027642229327737
1549.125	0.0004998643069424511
1549.1299999999999	0.000497815878367347
1549.135	0.0004968325224280753
1549.1399999999999	0.0004970487357233671
1549.145	0.0004985703012963057
1549.15	0.0005009843038306428
1549.155	0.0005037966313721436
1549.16	0.000506624829904984
1549.165	0.0005093348189954048
1549.1699999999998	0.0005114486330632082
1549.1750000000002	0.0005136454465037253
1549.18	0.0005154764201782907
1549.185	0.0005167916429391621
1549.19	0.0005180168672597014
1549.195	0.0005181131905396324
1549.1999999999998	0.0005182643987677823
1549.2050000000002	0.0005182567925775052
1549.21	0.0005180960512257379
1549.215	0.0005177348228949311
1549.22	0.0005168135574277461
1549.225	0.0005157489304930546
1549.2299999999998	0.000515022714493803
1549.2350000000001	0.0005141447922957607
1549.24	0.0005137694243079304
1549.245	0.0005137694322090345
1549.25	0.0005144062532643754
1549.2549999999999	0.0005153569332599667
1549.26	0.0005160735771150913
1549.265	0.0005169383815143014
1549.27	0.0005170267293405434
1549.275	0.000516343695988439
1549.28	0.0005145067226824735
1549.2849999999999	0.0005124056822954325
1549.2900000000002	0.0005101337564923999
1549.295	0.0005076283319341121
1549.3	0.0005049580418926947
1549.305	0.0005029807008580289
1549.31	0.0005021097962719016
1549.3149999999998	0.0005018285860601787
1549.3200000000002	0.0005022280159215236
1549.325	0.0005034517311914633
1549.33	0.0005053161874907194
1549.335	0.0005072198197906905
1549.34	0.0005089689687297022
1549.3449999999998	0.0005092951705826019
1549.3500000000001	0.0005099075367338073
1549.355	0.0005092874974175486
1549.36	0.0005082581193039848
1549.365	0.0005063482160789076
1549.37	0.0005035516808169536
1549.375	0.0005001312434759573
1549.38	0.000496438389215455
1549.385	0.000492421775860103
1549.39	0.00048707155183835274
1549.395	0.00048108802006110416
1549.3999999999999	0.0004756492566483498
1549.405	0.00046990979643711343
1549.41	0.0004647020321517287
1549.415	0.0004622006856310697
1549.42	0.00046314904453749906
1549.425	0.00046633986079063064
1549.4299999999998	0.0004717585513636034
1549.435	0.0004769704533669079
1549.44	0.00048118319453340646
1549.445	0.0004851945617214824
1549.45	0.00048803461444675274
1549.455	0.0004896675584690991
1549.4599999999998	0.000490394776367468
1549.4650000000001	0.0004907078225944519
1549.47	0.0004908812115796549
1549.475	0.000491048299132886
1549.48	0.0004913179543068462
1549.485	0.0004918051062281338
1549.49	0.0004924564400880394
1549.4950000000001	0.0004931477971376749
1549.5	0.000493930298581826
1549.505	0.0004947048485294974
1549.51	0.0004952425806485697
1549.5149999999999	0.0004953083860961808
1549.52	0.0004951618650087492
1549.525	0.0004950213879156838
1549.53	0.0004948252910702305
1549.535	0.0004946072222214229
1549.54	0.000494428749553078
1549.5449999999998	0.0004944003386709653
1549.55	0.0004947986841436656
1549.555	0.0004953260960657424
1549.56	0.0004960850295024481
1549.565	0.0004970851046716798
1549.57	0.0004981967066296926
1549.5749999999998	0.0005001433927551214
1549.58	0.000502466825464663
1549.585	0.0005046938539094868
1549.5900000000001	0.0005071525511708061
1549.595	0.0005093854919757028
1549.6	0.0005110670489154498
1549.605	0.0005118955105956108
1549.6100000000001	0.0005111938266978547
1549.615	0.0005105806970161884
1549.6200000000001	0.0005096579100521928
1549.625	0.0005086666171778051
1549.6299999999999	0.0005078350899571188
1549.635	0.0005075955833243449
1549.64	0.0005075176689011327
1549.645	0.0005075580556664572
1549.65	0.0005075333277305033
1549.655	0.0005071330713152797
1549.6599999999999	0.0005063281279050985
1549.665	0.0005049579744979796
1549.67	0.000503337155843748
1549.675	0.000501336591532523
1549.68	0.0004990087241351036
1549.685	0.0004971302207840522
1549.6899999999998	0.0004950605299638452
1549.695	0.0004928064985587108
1549.7	0.0004910228095074357
1549.7050000000002	0.0004894721063465441
1549.71	0.00048819331260210966
1549.715	0.0004869980112788454
1549.72	0.00048574678042532745
1549.725	0.00048461919270952227
1549.73	0.0004834313198788259
1549.7350000000001	0.0004821453712492088
1549.74	0.00048091547564432005
1549.745	0.0004794684006988456
1549.75	0.0004780078174773394
1549.755	0.00047724072358760783
1549.76	0.0004775358743164875
1549.765	0.0004793790124986907
1549.77	0.00048281363295511065
1549.7749999999999	0.0004867356251682737
1549.78	0.0004897104224821977
1549.785	0.0004901483868730645
1549.79	0.0004892933843426531
1549.795	0.0004877277713504082
1549.8	0.00048672710220570717
1549.8049999999998	0.00048637973968073057
1549.81	0.00048693000433491177
1549.815	0.0004883053576787711
1549.8200000000002	0.0004904714719211344
1549.825	0.0004938548848583577
1549.83	0.0004974327913707579
1549.835	0.0005007619844904965
1549.84	0.0005031903960293224
1549.845	0.0005043936805945103
1549.8500000000001	0.0005044854528333852
1549.855	0.0005032342306556745
1549.86	0.0005013600885790315
1549.865	0.0004988874524214127
1549.87	0.0004961881148223533
1549.875	0.0004937762638303199
1549.88	0.0004921287497143285
1549.885	0.000491498771062954
1549.8899999999999	0.000491742161068698
1549.895	0.0004924455128326701
1549.8999999999999	0.0004938304946514303
1549.905	0.000496081436676835
1549.91	0.000498437962680202
1549.915	0.0005022534748530125
1549.9199999999998	0.0005055468195714585
1549.925	0.0005091041885822943
1549.93	0.0005131715261768191
1549.9350000000002	0.0005164429005609293
1549.94	0.0005186951020372594
1549.945	0.000518483034621157
1549.95	0.000516124823711761
1549.955	0.00051192834540735
1549.96	0.0005063833359863528
1549.9650000000001	0.0005020433703449943
1549.97	0.000498691928245425
1549.975	0.0004965027122936543
1549.98	0.0004959954023050992
1549.985	0.0004974610725967663
1549.99	0.0004995592557788961
1549.9950000000001	0.0005030371928476794
1550	0.0005067275686796769
1550.0049999999999	0.0005103280800182092
1550.01	0.0005133642481296247
1550.0149999999999	0.0005153740528840287
1550.02	0.0005162688601802986
1550.025	0.0005156730348159933
1550.03	0.0005139159738762388
1550.0349999999999	0.000511743626456252
1550.04	0.000509583488466045
1550.0449999999998	0.0005068195947004324
1550.0500000000002	0.0005039359262085798
1550.055	0.0005015082288653531
1550.06	0.0004995771420493075
1550.065	0.0004981710097805584
1550.07	0.0004968714396871917
1550.075	0.0004959980553504359
1550.0800000000002	0.0004956762306550823
1550.085	0.0004958056427285454
1550.09	0.0004966779029035279
1550.095	0.0004981691434477722
1550.1	0.0005012338023303634
1550.105	0.0005042076327385717
1550.1100000000001	0.0005065202592414069
1550.115	0.000506816278943183
1550.12	0.000504131349506087
1550.125	0.0004975573092852035
1550.1299999999999	0.0004886863674510646
1550.135	0.0004811396458570352
1550.14	0.00047502883578279557
1550.145	0.0004706920592861804
1550.1499999999999	0.0004695052164673025
1550.155	0.00047090529803973
1550.1599999999999	0.0004741493425584506
1550.1650000000002	0.0004786054248894207
1550.17	0.00048342144787476586
1550.175	0.0004880932695445324
1550.18	0.0004914044266489637
1550.185	0.0004922400980237643
1550.1899999999998	0.0004908526499340108
1550.1950000000002	0.00048714691452816456
1550.2	0.0004813175207115832
1550.205	0.0004738506513580991
1550.21	0.0004664912995182066
1550.215	0.00045895750217687936
1550.22	0.0004521392725934876
1550.2250000000001	0.00044650049076169654
1550.23	0.00044204226541137085
1550.235	0.00043950525634542956
1550.24	0.0004383938587133297
1550.245	0.0004381905176068289
1550.25	0.00043903858585672445
1550.255	0.0004413583020544979
1550.26	0.0004444709065427411
1550.2649999999999	0.00044807091711142756
1550.27	0.0004523279907068223
1550.2749999999999	0.0004576459500885614
1550.2800000000002	0.00046361634362854145
1550.285	0.0004692129437497179
1550.29	0.00047408287165367336
1550.295	0.00047823507308686266
1550.3	0.0004802779918974059
1550.3049999999998	0.00048010272447541086
1550.3100000000002	0.0004783880256919494
1550.315	0.0004755649801119194
1550.32	0.0004732555665368323
1550.325	0.0004724500952883839
1550.33	0.0004728472142004151
1550.3349999999998	0.0004745410306402357
1550.3400000000001	0.0004782606060127234
1550.345	0.0004831237149020656
1550.35	0.000488830946113814
1550.355	0.0004942582117838326
1550.36	0.0004993679930027715
1550.3649999999998	0.0005030330591289701
1550.3700000000001	0.0005048065509524091
1550.375	0.000505219233855776
1550.38	0.0005045377931480044
1550.385	0.0005032608963796235
1550.3899999999999	0.0005020259414792896
1550.395	0.0005008234770345231
1550.4	0.0004995039993286779
1550.405	0.0004993415151794663
1550.41	0.0004997491559666911
1550.415	0.000500738628974149
1550.4199999999998	0.0005020045302326501
1550.425	0.0005034538410590582
1550.43	0.0005056380584429439
1550.435	0.0005082648525675237
1550.44	0.0005107862969282689
1550.445	0.0005136747519580227
1550.4499999999998	0.0005172407422717083
1550.4550000000002	0.0005203461821920712
1550.46	0.0005215826471226318
1550.465	0.0005204896512789323
1550.47	0.0005179379405593882
1550.475	0.000514441661264781
1550.4799999999998	0.0005112438885067834
1550.4850000000001	0.0005088478254382401
1550.49	0.0005075657554163738
1550.4950000000001	0.0005070404015576727
1550.5	0.0005075552885242918
1550.5049999999999	0.0005084744546411444
1550.51	0.0005091379005244351
1550.515	0.0005092626709270215
1550.52	0.0005091426704738392
1550.525	0.0005089342298540447
1550.53	0.0005084258795911932
1550.5349999999999	0.0005075470409241742
1550.54	0.000506419844397477
1550.545	0.0005049734804445453
1550.55	0.0005030977962075096
1550.555	0.0005007625893467035
1550.56	0.0004984273824858982
1550.5649999999998	0.0004962570797919296
1550.57	0.0004938694034472043
1550.575	0.0004917619574522808
1550.58	0.0004903118337349976
1550.585	0.0004890433292020695
1550.59	0.0004886235655246145
1550.5949999999998	0.0004883266031768597
1550.6000000000001	0.0004882937345837563
1550.605	0.0004887601243329845
1550.6100000000001	0.0004899964550507781
1550.615	0.0004909913118545981
1550.62	0.0004925885519867832
1550.625	0.0004936295832402818
1550.63	0.0004947748531910221
1550.635	0.0004957658105712272
1550.64	0.0004961452213807106
1550.645	0.0004953371340213805
1550.6499999999999	0.0004939392647639528
1550.655	0.0004924305031622675
1550.66	0.0004913017372847019
1550.665	0.0004908428929566408
1550.67	0.0004926950811760822
1550.675	0.0004953900204032575
1550.6799999999998	0.0004985800362604106
1550.685	0.0005014939557294364
1550.69	0.0005044185255058579
1550.695	0.0005068920481242512
1550.7	0.0005084887550315372
1550.705	0.0005090619222358659
1550.71	0.0005091513057091192
1550.715	0.0005090698418632547
1550.72	0.0005088748788272727
1550.7250000000001	0.0005086726107106881
1550.73	0.0005084753247793269
1550.735	0.0005089764884806247
1550.74	0.0005098052068238475
1550.7450000000001	0.0005108019505624547
1550.75	0.0005118367113229856
1550.755	0.0005124558016977179
1550.76	0.0005134092686043312
1550.7649999999999	0.0005142632785205028
1550.77	0.0005148503045523582
1550.775	0.0005149557849071363
1550.78	0.0005146416719139501
1550.785	0.0005143267941662684
1550.79	0.0005138064996895068
1550.7949999999998	0.0005128996918947858
1550.8	0.0005123197632422908
1550.805	0.0005119196828256559
1550.81	0.0005105276201548291
1550.815	0.0005088880655549945
1550.82	0.0005077785027308684
1550.825	0.0005068922183358149
1550.83	0.0005068459078453395
1550.835	0.0005077764229293505
1550.8400000000001	0.0005088896916581614
1550.845	0.000509579825349875
1550.85	0.0005096397053764665
1550.855	0.0005088897015086422
1550.86	0.0005069755585097446
1550.865	0.0005037559107671821
1550.8700000000001	0.0004994094853167481
1550.875	0.0004943315933404502
1550.8799999999999	0.0004888782739969377
1550.885	0.0004833289659029881
1550.8899999999999	0.00047795174218783957
1550.895	0.000473136383389527
1550.9	0.0004696441230386786
1550.905	0.00046787365102908616
1550.9099999999999	0.0004677761155846733
1550.915	0.00046900244826716654
1550.92	0.00047178965798287594
1550.925	0.00047572817098454306
1550.93	0.00048092440007434586
1550.935	0.00048618735925286304
1550.94	0.0004912349115101356
1550.945	0.0004964151761759812
1550.95	0.0005005602139601394
1550.9550000000002	0.0005043774526564548
1550.96	0.0005072378471134238
1550.965	0.0005091080039729349
1550.97	0.0005099378502708637
1550.975	0.0005093358621110433
1550.98	0.0005073692942544853
1550.9850000000001	0.0005041149928087421
1550.99	0.0004996278565238019
1550.995	0.0004941840460092802
1551	0.0004887181908536177
1551.0049999999999	0.00048491245410747736
1551.01	0.0004827136575534184
1551.015	0.00048200658056885
1551.02	0.00048294240183307255
1551.0249999999999	0.00048471901376731806
1551.03	0.0004872929273590722
1551.0349999999999	0.0004892218565650295
1551.04	0.0004907522648754981
1551.045	0.0004904944411275341
1551.05	0.000489318274362495
1551.055	0.00048644657387908507
1551.06	0.00048279512115859976
1551.065	0.0004788984308304605
1551.0700000000002	0.0004751005488019054
1551.075	0.0004719373215989936
1551.08	0.00046959576746511685
1551.085	0.0004683365933557742
1551.09	0.0004681525751798311
1551.095	0.0004685679665412775
1551.1000000000001	0.000469664266850673
1551.105	0.0004710804309606476
1551.11	0.0004731765946622041
1551.115	0.0004747690504714322
1551.12	0.00047644923047096994
1551.125	0.0004777180552816124
1551.13	0.00047886105303746604
1551.135	0.00047990966769542287
1551.1399999999999	0.0004803841038392576
1551.145	0.00048060444596037495
1551.1499999999999	0.0004798456967445907
1551.155	0.0004787983521562043
1551.16	0.0004772267593151387
1551.165	0.0004760365065816294
1551.17	0.00047637458674156663
1551.175	0.00047907141149883156
1551.1799999999998	0.00048306775185380106
1551.1850000000002	0.0004888958560211694
1551.19	0.0004934480289231686
1551.195	0.0004972570956773229
1551.2	0.0004988293310398837
1551.205	0.0004988229686781717
1551.21	0.0004973997831021202
1551.2150000000001	0.000495504478583206
1551.22	0.0004928687567714468
1551.225	0.0004906062663948672
1551.23	0.0004887870352382075
1551.235	0.0004874997840608382
1551.24	0.00048679459067018266
1551.2450000000001	0.0004867577057217737
1551.25	0.00048756491454197265
1551.2549999999999	0.0004893177912171556
1551.26	0.000491669502215514
1551.2649999999999	0.0004943642499750117
1551.27	0.000497142027392486
1551.275	0.0004997933863469819
1551.28	0.0005022799718320428
1551.285	0.0005045390802612544
1551.29	0.0005061096413983285
1551.2949999999998	0.0005070890669510468
1551.3000000000002	0.0005079096319304052
1551.305	0.0005079399196454894
1551.31	0.0005083318090701874
1551.315	0.0005079021305781675
1551.32	0.0005074983285211652
1551.3249999999998	0.0005067335334867481
1551.3300000000002	0.0005057035839249091
1551.335	0.0005048223031323146
1551.34	0.000503633487929684
1551.345	0.0005021065617122522
1551.35	0.0005001921659033683
1551.355	0.0004989542604797813
1551.3600000000001	0.0004986293351854586
1551.365	0.0004984714656600865
1551.37	0.0004987906237257371
1551.375	0.0004991615595388604
1551.3799999999999	0.0004997252087578858
1551.385	0.0004995873374022118
1551.39	0.0004991484873004011
1551.395	0.0004982657147404638
1551.4	0.0004965072789314175
1551.405	0.0004940819598249925
1551.4099999999999	0.0004906091539234742
1551.4150000000002	0.0004869880372381096
1551.42	0.00048359741070246954
1551.425	0.0004809617554254611
1551.43	0.0004787720122976393
1551.435	0.000477448571576548
1551.4399999999998	0.0004774823428966338
1551.4450000000002	0.0004777177193663804
1551.45	0.0004781794548509694
1551.455	0.00047857269719505996
1551.46	0.0004793191080012855
1551.465	0.0004800377667158258
1551.4699999999998	0.0004807652719522295
1551.4750000000001	0.00048131659858395885
1551.48	0.00048154561056963267
1551.485	0.0004818457139780227
1551.49	0.00048205224770018524
1551.495	0.00048195293900349384
1551.5	0.0004816950365518514
1551.505	0.0004821311682003558
1551.51	0.00048297177990119225
1551.515	0.0004843680453013939
1551.52	0.0004875083350953335
1551.5249999999999	0.0004923348310844472
1551.53	0.0004971466191486528
1551.535	0.0005000323003881301
1551.54	0.000501949546380704
1551.545	0.0005023321086536282
1551.55	0.0005015631517565033
1551.5549999999998	0.0005004761366356568
1551.56	0.0004991355646529441
1551.565	0.0004977098746040488
1551.57	0.0004965885077442254
1551.575	0.0004956346238230428
1551.58	0.0004953814204980713
1551.5849999999998	0.0004955410898941951
1551.5900000000001	0.0004957769014383457
1551.595	0.0004961213950299188
1551.6	0.0004965295374902934
1551.605	0.0004964736945156042
1551.61	0.0004967373133454144
1551.615	0.0004967665826536426
1551.6200000000001	0.000496521477635368
1551.625	0.0004960356690399307
1551.63	0.000494940144531531
1551.635	0.0004942785149093191
1551.6399999999999	0.0004936249461568588
1551.645	0.0004931685745757699
1551.65	0.0004930601900538815
1551.655	0.0004927286410949923
1551.66	0.0004926954861730339
1551.665	0.0004930100577974254
1551.6699999999998	0.0004933131265772528
1551.675	0.0004936182071425215
1551.68	0.0004942286974769188
1551.685	0.0004948539588842379
1551.69	0.0004958055990120622
1551.695	0.0004968683179145739
1551.6999999999998	0.0004977088312417483
1551.705	0.0004980515750959159
1551.71	0.0004977020959273788
1551.715	0.000496307882899782
1551.72	0.000493546489557512
1551.725	0.0004900103347114763
1551.73	0.00048665389987710564
1551.7350000000001	0.00048326570309062275
1551.74	0.0004794448270440547
1551.7450000000001	0.00047659061808492535
1551.75	0.0004749206211961255
1551.7549999999999	0.0004745100334046728
1551.76	0.00047513803613448267
1551.765	0.00047703818169451983
1551.77	0.00048028989202824934
1551.775	0.00048368321239203126
1551.78	0.0004871147864652863
1551.7849999999999	0.0004900079119452852
1551.79	0.0004925575568828864
1551.795	0.0004942772067547402
1551.8	0.0004947338360848951
1551.805	0.0004942791304184976
1551.81	0.000493063686796756
1551.8149999999998	0.0004914101532062429
1551.82	0.0004897342685651001
1551.825	0.00048796294100616577
1551.83	0.00048568902795285854
1551.835	0.000483159804896353
1551.84	0.00048090519148366394
1551.845	0.00047864853637717664
1551.85	0.00047594292486750645
1551.855	0.00047330768991211893
1551.8600000000001	0.0004720387860885877
1551.865	0.0004726459336162751
1551.87	0.0004749179984857083
1551.875	0.00047690393036638233
1551.88	0.000477649554716112
1551.885	0.0004764045440747967
1551.89	0.00047347057597209237
1551.895	0.00046930242701081267
1551.8999999999999	0.0004642001248495582
1551.905	0.00046013755523059403
1551.91	0.0004579229207998482
1551.915	0.00045706102397121784
1551.92	0.00045764601189273433
1551.925	0.0004590351190455048
1551.9299999999998	0.000461439461738565
1551.935	0.0004647749994048554
1551.94	0.0004684213887809459
1551.9450000000002	0.0004714964304470142
1551.95	0.0004732093850030773
1551.955	0.00047391530630369746
1551.96	0.0004738050695515756
1551.965	0.00047297738015645245
1551.97	0.0004714955727548521
1551.9750000000001	0.00046952073703335266
1551.98	0.00046810963837255466
1551.985	0.0004671494619773454
1551.99	0.00046672904863050314
1551.995	0.00046687300460120063
1552	0.0004672910201015422
1552.005	0.0004683197351022117
1552.01	0.0004700104767369203
1552.0149999999999	0.0004721038331820481
1552.02	0.0004743856900714826
1552.0249999999999	0.0004769340223095919
1552.03	0.0004789105082109974
1552.035	0.0004809661492171876
1552.04	0.0004828225824267391
1552.0449999999998	0.0004840971668226938
1552.05	0.00048487670611807127
1552.055	0.0004843717975153051
1552.0600000000002	0.0004831455354106776
1552.065	0.0004814142873447306
1552.07	0.0004795285271363821
1552.075	0.0004781240999015217
1552.08	0.00047757217421006586
1552.085	0.000477907152776388
1552.0900000000001	0.0004781712504488988
1552.095	0.00047884682753306156
1552.1	0.0004795041749660435
1552.105	0.0004804150688700976
1552.11	0.0004810907754185891
1552.115	0.00048114719809641635
1552.1200000000001	0.0004804687073615417
1552.125	0.0004791700362897854
1552.1299999999999	0.00047764690925986665
1552.135	0.0004758979777386818
1552.1399999999999	0.00047378164496659526
1552.145	0.00047152754178970686
1552.15	0.00046931970364490726
1552.155	0.0004670426409557219
1552.1599999999999	0.00046492155380731297
1552.165	0.0004631484172136556
1552.1699999999998	0.00046150495140983373
1552.1750000000002	0.00045994172861106266
1552.18	0.00045809025436111136
1552.185	0.0004559992814250276
1552.19	0.0004537323499215884
1552.195	0.0004515027345460979
1552.2	0.00044940109662347413
1552.2050000000002	0.0004471049878440289
1552.21	0.0004458587295059907
1552.215	0.0004461627369243797
1552.22	0.0004485876892829016
1552.225	0.00045359338353521137
1552.23	0.00046023206255579093
1552.2350000000001	0.00046529881086048277
1552.24	0.0004685675846427932
1552.245	0.0004690047354080579
1552.25	0.00046751181090496296
1552.2549999999999	0.00046472809796061084
1552.26	0.0004613877482797323
1552.265	0.0004583353242067664
1552.27	0.00045645757729693737
1552.2749999999999	0.0004561980445356105
1552.28	0.0004574249929677093
1552.2849999999999	0.00046032487493980525
1552.2900000000002	0.0004638282695642237
1552.295	0.00046769793582050376
1552.3	0.00047179016123649327
1552.305	0.0004759119557081943
1552.31	0.0004797945498247255
1552.3149999999998	0.0004831522760631623
1552.3200000000002	0.000485986228751571
1552.325	0.0004880727395605935
1552.33	0.0004893137524199962
1552.335	0.0004904380991088423
1552.34	0.000491447208491065
1552.345	0.0004924345198070682
1552.3500000000001	0.0004933604154970173
1552.355	0.0004942201795147598
1552.36	0.0004950579724922995
1552.365	0.0004957668013009554
1552.37	0.0004963766412578062
1552.375	0.0004969326880129845
1552.38	0.0004969424451845647
1552.385	0.0004968560847051737
1552.3899999999999	0.0004968184900191723
1552.395	0.0004965753912301747
1552.3999999999999	0.0004957436623527815
1552.4050000000002	0.000494817927056484
1552.41	0.0004946272596414226
1552.415	0.0004946744884216061
1552.42	0.0004943329571631549
1552.425	0.0004946080152540456
1552.4299999999998	0.0004947452215535989
1552.4350000000002	0.0004947984505489093
1552.44	0.0004943968402859337
1552.445	0.0004939729483911299
1552.45	0.0004933670303534857
1552.455	0.0004928134498996764
1552.4599999999998	0.0004918691479007222
1552.4650000000001	0.0004909726670970454
1552.47	0.000490065171590644
1552.475	0.0004893383787779939
1552.48	0.0004888212071570948
1552.485	0.0004885217973073564
1552.4899999999998	0.000488633535227859
1552.4950000000001	0.0004888524916507068
1552.5	0.0004889016418006366
1552.5049999999999	0.000489007684660319
1552.51	0.0004889760207381286
1552.5149999999999	0.000488902280004766
1552.52	0.0004888678002978948
1552.525	0.000488656526899493
1552.53	0.0004882453930647666
1552.535	0.00048748931615767986
1552.54	0.00048681476624574016
1552.5449999999998	0.0004858037350340794
1552.5500000000002	0.0004842825779311996
1552.555	0.00048139609888189826
1552.56	0.0004770449227577443
1552.565	0.0004691369839553985
1552.57	0.00045862368409533704
1552.5749999999998	0.0004485343761660064
1552.5800000000002	0.0004396865513084684
1552.585	0.0004329515201831127
1552.59	0.0004311223839962807
1552.595	0.00043234212760300244
1552.6	0.0004365147272866827
1552.6049999999998	0.0004431145271834551
1552.6100000000001	0.00045164747817097505
1552.615	0.00045962811686376694
1552.6200000000001	0.0004667932792062062
1552.625	0.0004728453285255733
1552.6299999999999	0.00047690044421544393
1552.635	0.0004785682359036577
1552.64	0.0004777224951065064
1552.645	0.00047445829456712924
1552.65	0.00046896411162244945
1552.655	0.0004628215585478767
1552.6599999999999	0.0004567206201821513
1552.665	0.0004513655105369808
1552.67	0.00044738214079259033
1552.675	0.0004450414074824403
1552.68	0.0004438798473560737
1552.685	0.00044426751254461
1552.6899999999998	0.00044577510545370076
1552.695	0.00044782956658454454
1552.7	0.00045092967022499934
1552.705	0.00045455763845036725
1552.71	0.0004583267510355126
1552.715	0.0004621117194964677
1552.7199999999998	0.0004654481421318282
1552.7250000000001	0.00046725433140376593
1552.73	0.0004684182907857331
1552.7350000000001	0.00046775374478918975
1552.74	0.000465469357571565
1552.745	0.00046128667861840777
1552.75	0.0004552789025455716
1552.755	0.0004471634984439975
1552.76	0.00043909332714833196
1552.765	0.00043285522669079423
1552.77	0.00042941920688601337
1552.7749999999999	0.0004288346258132747
1552.78	0.0004313753372950081
1552.785	0.00043583911081804965
1552.79	0.000442339642393478
1552.795	0.0004490373758443166
1552.8	0.0004571936634838753
1552.8049999999998	0.0004638279212603771
1552.81	0.0004692942949108106
1552.815	0.00047211467586547485
1552.82	0.0004726887462375697
1552.825	0.00047132889442021446
1552.83	0.00046860454564939434
1552.8349999999998	0.0004651362198258714
1552.84	0.00046127707423707857
1552.845	0.0004581117947814216
1552.8500000000001	0.0004564898490892569
1552.855	0.0004561124714681139
1552.86	0.0004564693285616637
1552.865	0.00045750076717527194
1552.8700000000001	0.00045880255221177643
1552.875	0.0004604215391628702
1552.88	0.00046206006047192063
1552.885	0.0004637835953208628
1552.8899999999999	0.00046615318918830567
1552.895	0.00046854876281591444
1552.9	0.00047113475378207675
1552.905	0.0004732018327685443
1552.91	0.00047579927835154266
1552.915	0.000477795547203719
1552.9199999999998	0.0004792079478305372
1552.925	0.00048014658629341565
1552.93	0.00048063458197396367
1552.935	0.0004802577679833704
1552.94	0.0004797160758977174
1552.945	0.00047943107889027436
1552.9499999999998	0.00047887371449990005
1552.955	0.0004778384420334528
1552.96	0.00047735853541854185
1552.9650000000001	0.0004773241705110416
1552.97	0.0004775941805601568
1552.975	0.0004774307172619374
1552.98	0.0004773389703308288
1552.985	0.00047735207480818136
1552.99	0.0004773498350719484
1552.9950000000001	0.0004771684504861305
1553	0.0004766703455845425
1553.0049999999999	0.0004758522226285268
1553.01	0.00047490954479739646
1553.015	0.00047402752695367576
1553.02	0.00047335418079740314
1553.025	0.0004729505763872903
1553.03	0.0004722488624068688
1553.0349999999999	0.00047211337461865085
1553.04	0.0004721955431874894
1553.045	0.0004723228888958502
1553.05	0.0004727484515723015
1553.055	0.00047277908916246083
1553.06	0.00047297203367828845
1553.065	0.00047317542483975045
1553.07	0.0004732471792778512
1553.075	0.00047309976588075356
1553.0800000000002	0.0004723314758160484
1553.085	0.00047108154497088546
1553.09	0.00046956697425988857
1553.095	0.0004673005797450629
1553.1	0.0004644546655154419
1553.105	0.00046107562985672686
1553.1100000000001	0.0004577195063186408
1553.115	0.0004555728195558255
1553.12	0.0004546928103202572
1553.125	0.00045543624106943897
1553.1299999999999	0.0004575518147945795
1553.135	0.0004605639694069142
1553.14	0.0004643670812111422
1553.145	0.00046836655572802876
1553.1499999999999	0.00047283090845429897
1553.155	0.00047603158906115426
1553.1599999999999	0.0004782414760625679
1553.165	0.0004788842610925742
1553.17	0.0004787628902023158
1553.175	0.000478393134615252
1553.18	0.0004780384673378238
1553.185	0.0004783013136591318
1553.19	0.00047925117308442606
1553.1950000000002	0.0004806798213709633
1553.2	0.0004825489862439243
1553.205	0.0004845738562389925
1553.21	0.00048625254569429325
1553.215	0.0004875246667225298
1553.22	0.0004885632396307
1553.2250000000001	0.0004888273392196345
1553.23	0.0004883744463016382
1553.235	0.00048681476632081065
1553.24	0.00048457171704457676
1553.245	0.0004815043331702013
1553.25	0.0004780690426303277
1553.255	0.0004724735243502076
1553.26	0.0004672648903902977
1553.2649999999999	0.0004629625838406497
1553.27	0.00045976447654175244
1553.2749999999999	0.00045885446802603386
1553.28	0.0004618762173296222
1553.285	0.0004671785978669372
1553.29	0.00047409761095472836
1553.295	0.0004801351023691817
1553.3	0.00048398764901931546
1553.3049999999998	0.00048583627184849143
1553.3100000000002	0.00048586671947179274
1553.315	0.0004846328119723102
1553.32	0.0004825249283286193
1553.325	0.0004798301392304544
1553.33	0.0004768077328956192
1553.335	0.00047464201902818647
1553.3400000000001	0.00047350371321900047
1553.345	0.0004729538999736846
1553.35	0.00047257355968006385
1553.355	0.000472111906883709
1553.36	0.0004717841977527684
1553.365	0.00047165434235985147
1553.3700000000001	0.0004713534028580859
1553.375	0.00047073317504762584
1553.3799999999999	0.00046961667549350267
1553.385	0.00046793735907678797
1553.3899999999999	0.00046630848340448644
1553.395	0.00046450665442903337
1553.4	0.00046275410207055243
1553.405	0.0004610431154912944
1553.41	0.00045941391635117375
1553.415	0.00045839693819281095
1553.4199999999998	0.0004577976553327848
1553.4250000000002	0.0004578274313269642
1553.43	0.00045811236854321807
1553.435	0.0004588405847878879
1553.44	0.00046051555042823906
1553.445	0.00046289880244006687
1553.4499999999998	0.00046630970513806305
1553.4550000000002	0.0004707431400160584
1553.46	0.0004754118041933082
1553.465	0.00047876589726512833
1553.47	0.0004804219649748435
1553.475	0.00047987544607490216
1553.48	0.0004770167635549102
1553.4850000000001	0.00047206490107585245
1553.49	0.0004660738123639692
1553.495	0.0004598423028965375
1553.5	0.00045360025531989583
1553.5049999999999	0.0004484415613086215
1553.51	0.00044465110030482104
1553.515	0.0004427804693273476
1553.52	0.0004434424961604714
1553.525	0.00044599648700075785
1553.53	0.0004506025933244779
1553.5349999999999	0.000456845118175686
1553.5400000000002	0.00046420501267511837
1553.545	0.00047167085368070104
1553.55	0.0004776520544909619
1553.555	0.000481733993846864
1553.56	0.00048430946183476557
1553.5649999999998	0.00048500721877868655
1553.5700000000002	0.000484672108959432
1553.575	0.00048324671713533094
1553.58	0.00048087821151753164
1553.585	0.0004780579186178481
1553.59	0.0004747316869725949
1553.5949999999998	0.00047093040032742745
1553.6000000000001	0.0004674091148934552
1553.605	0.0004635731830554861
1553.61	0.0004601924175952621
1553.615	0.0004577305684867745
1553.62	0.0004575186175880714
1553.6249999999998	0.0004598107425778318
1553.63	0.0004641510994045133
1553.635	0.0004697703308859064
1553.64	0.0004740000691000631
1553.645	0.0004763424741648784
1553.6499999999999	0.0004760498143644687
1553.655	0.00047313675643029907
1553.66	0.0004699056155917074
1553.665	0.00046617601572978483
1553.67	0.00046227121196450746
1553.675	0.0004585583328751383
1553.6799999999998	0.0004559686888905745
1553.685	0.0004543575678259448
1553.69	0.0004536486526877123
1553.695	0.000453742341235663
1553.7	0.0004545508836206141
1553.705	0.000456777851473655
1553.7099999999998	0.00045956898035643095
1553.7150000000001	0.0004634804662944022
1553.72	0.0004679285717120991
1553.725	0.00047226503575682386
1553.73	0.00047673361880068335
1553.735	0.00047999264294050205
1553.7399999999998	0.00048348311873141635
1553.7450000000001	0.00048641289467026905
1553.75	0.0004887869256075304
1553.755	0.000491275433480874
1553.76	0.0004926656726455635
1553.7649999999999	0.0004938834194319405
1553.77	0.000494555945066562
1553.775	0.0004945122659263386
1553.78	0.0004938272903065008
1553.785	0.0004925895868052131
1553.79	0.0004909541424530168
1553.7949999999998	0.0004890594271141337
1553.8	0.0004866669189806644
1553.805	0.00048387264854622366
1553.81	0.0004816287209591487
1553.815	0.0004802788551840435
1553.82	0.0004801262459620905
1553.8249999999998	0.00048072470637113625
1553.83	0.00048247445746394746
1553.835	0.0004841971727354473
1553.84	0.00048584481684872194
1553.845	0.0004873525960176167
1553.85	0.00048821959139734865
1553.855	0.0004879222470403216
1553.8600000000001	0.0004866710551624982
1553.865	0.000484568821417472
1553.8700000000001	0.0004821306213046164
1553.875	0.0004798412911535316
1553.8799999999999	0.0004780573723841138
1553.885	0.0004770071268384647
1553.89	0.0004764403415244678
1553.895	0.00047636930193983834
1553.9	0.00047678028279588393
1553.905	0.0004774645139588122
1553.9099999999999	0.00047816075747431514
1553.915	0.00047878248725164596
1553.92	0.00047975002369696364
1553.925	0.0004804242113765251
1553.93	0.0004811750883794339
1553.935	0.0004814989515397191
1553.9399999999998	0.0004819343756356056
1553.945	0.0004822375031440167
1553.95	0.000482822968262779
1553.955	0.00048345989593182086
1553.96	0.00048455984158342466
1553.965	0.0004860582788442486
1553.97	0.0004887329411264992
1553.975	0.000492734458484509
1553.98	0.0004971630179481358
1553.9850000000001	0.000500550017750856
1553.99	0.0005018264669532801
1553.995	0.0004997729596789751
1554	0.0004967210777154526
1554.005	0.0004928652782505955
1554.01	0.0004896196434270491
1554.015	0.0004878703193109168
1554.02	0.00048754334741948294
1554.0249999999999	0.0004884620765208172
1554.03	0.0004906280031185631
1554.035	0.0004940837434405865
1554.04	0.0004976339402353559
1554.045	0.0005005137024467391
1554.05	0.0005022611372491896
1554.0549999999998	0.000502430235377891
1554.06	0.0004999902256682955
1554.065	0.0004948510740587855
1554.07	0.0004885217937407114
1554.075	0.0004814146947450019
1554.08	0.0004739022656227953
1554.085	0.00046708403615518626
1554.09	0.0004612824751421339
1554.095	0.0004567922972135478
1554.1000000000001	0.0004537147739365676
1554.105	0.0004519977505933944
1554.11	0.0004514211192170679
1554.115	0.0004522028926036576
1554.12	0.00045428188785000316
1554.125	0.0004570121622231196
1554.13	0.0004603159401896069
1554.135	0.0004652523744183466
1554.1399999999999	0.00047134594871514737
1554.145	0.00047864060914459876
1554.1499999999999	0.0004860209093023237
1554.155	0.0004923828693528116
1554.16	0.0004968680566640658
1554.165	0.0004979762938518641
1554.1699999999998	0.0004957125196675719
1554.175	0.0004898704659737132
1554.18	0.00048212421763846075
1554.1850000000002	0.00047438196469922145
1554.19	0.0004681427143518298
1554.195	0.00046328438613992034
1554.2	0.0004602960616882182
1554.205	0.0004595774582028401
1554.21	0.0004613011303041723
1554.2150000000001	0.00046476653591225514
1554.22	0.0004695267400563114
1554.225	0.00047504241627613515
1554.23	0.0004802290464746622
1554.235	0.00048445835484294995
1554.24	0.00048746390757117565
1554.2450000000001	0.0004888203564132047
1554.25	0.000488664809488657
1554.2549999999999	0.0004873364128471245
1554.26	0.00048522395100051327
1554.2649999999999	0.0004822779966784308
1554.27	0.00047944110249956184
1554.275	0.00047688020033865495
1554.28	0.00047470538005639983
1554.2849999999999	0.0004726478471932861
1554.29	0.00047079159426913485
1554.2949999999998	0.0004693277981008603
1554.3000000000002	0.00046849311536418907
1554.305	0.0004683788815105339
1554.31	0.0004685977175492126
1554.315	0.00047045336803966094
1554.32	0.00047326274012387474
1554.325	0.0004767395824259729
1554.3300000000002	0.0004792735244578811
1554.335	0.00047672151707154475
1554.34	0.0004706219656444557
1554.345	0.0004615533362910664
1554.35	0.00045272410607512416
1554.355	0.00044643367549393047
1554.3600000000001	0.00044322680404178396
1554.365	0.0004431013194604164
1554.37	0.0004459896121028655
1554.375	0.0004511889384292579
1554.3799999999999	0.00045778849100990953
1554.385	0.00046484888625287753
1554.39	0.0004723034520993963
1554.395	0.0004780581158205379
1554.3999999999999	0.00048205355764030457
1554.405	0.00048407501556472696
1554.4099999999999	0.0004837439058083428
1554.4150000000002	0.00048109206974184367
1554.42	0.00047710840435299175
1554.425	0.00047313969901496887
1554.43	0.0004693743371342164
1554.435	0.0004660239794556509
1554.4399999999998	0.00046357343693116383
1554.4450000000002	0.00046252142628078213
1554.45	0.00046250727098612354
1554.455	0.0004633546048959234
1554.46	0.0004648519438029983
1554.465	0.00046675288589736254
1554.47	0.00046955809560263255
1554.4750000000001	0.0004725847649299014
1554.48	0.0004757943841473386
1554.485	0.0004792025997457505
1554.49	0.00048259461735486616
1554.495	0.0004863155458022193
1554.5	0.0004893318345610926
1554.505	0.0004915254961300243
1554.51	0.000492357637246168
1554.5149999999999	0.0004924062627933736
1554.52	0.0004917749466376187
1554.5249999999999	0.000490476076700343
1554.5300000000002	0.0004898066833544068
1554.535	0.0004893350997414609
1554.54	0.0004895200040221987
1554.545	0.0004899739157520435
1554.55	0.0004910331334926848
1554.5549999999998	0.0004930357464258033
1554.5600000000002	0.0004945663169141939
1554.565	0.0004969576562558216
1554.57	0.0004991481091768002
1554.575	0.0005015324895661682
1554.58	0.0005038351948295273
1554.5849999999998	0.0005055100987933112
1554.5900000000001	0.0005066247456550438
1554.595	0.0005071630278250292
1554.6	0.000506897965266194
1554.605	0.0005063541043694485
1554.61	0.0005056020891813537
1554.615	0.0005047402520019637
1554.6200000000001	0.0005034820414778758
1554.625	0.0005022615343536197
1554.6299999999999	0.0005011245958544738
1554.635	0.0004999426778966643
1554.6399999999999	0.0004985792947122628
1554.645	0.000497216272153418
1554.65	0.0004961345880595067
1554.655	0.0004953065532399242
1554.66	0.000494465985589073
1554.665	0.0004939864027504302
1554.6699999999998	0.0004940360667984935
1554.6750000000002	0.000495420460753171
1554.68	0.0004978601352206187
1554.685	0.0005009940939257209
1554.69	0.0005031999806034778
1554.695	0.0005042691666850213
1554.6999999999998	0.0005046462872944764
1554.7050000000002	0.0005040351508765161
1554.71	0.0005024804186412816
1554.715	0.0005008462080571979
1554.72	0.0004992030498937875
1554.725	0.0004974858021970268
1554.7299999999998	0.0004954446206940107
1554.7350000000001	0.0004931335365024015
1554.74	0.0004909067750052283
1554.745	0.0004884413794914138
1554.75	0.00048574503294121626
1554.7549999999999	0.00048302389089643585
1554.76	0.0004802607460344909
1554.765	0.00047763087330844487
1554.77	0.0004753716717008747
1554.775	0.00047374538782396226
1554.78	0.00047260724670680553
1554.7849999999999	0.00047170110016653765
1554.79	0.00047171955372835646
1554.795	0.0004726518902035809
1554.8	0.0004739214571231388
1554.805	0.00047556238833773026
1554.81	0.00047743160329433295
1554.8149999999998	0.0004795399143258287
1554.82	0.0004820467283308821
1554.825	0.0004848253196206234
1554.83	0.00048699776401310373
1554.835	0.0004894111473111827
1554.84	0.0004908596404138795
1554.8449999999998	0.0004920162608760444
1554.8500000000001	0.0004923004833897894
1554.855	0.0004911667993240556
1554.86	0.0004891346410400455
1554.865	0.0004869564978656364
1554.87	0.00048573970058437123
1554.875	0.0004857471012699891
1554.88	0.0004876638410292029
1554.885	0.0004912647529275024
1554.89	0.0004953929922442769
1554.895	0.000499678289851174
1554.8999999999999	0.0005031578449069271
1554.905	0.0005054894403430436
1554.91	0.0005066196608277082
1554.915	0.000506487652706987
1554.92	0.0005051264241035783
1554.925	0.0005032506221126796
1554.9299999999998	0.0005014289604765394
1554.935	0.0004997009141279633
1554.94	0.0004981252407620037
1554.945	0.0004970151090577084
1554.95	0.0004966861214731374
1554.955	0.0004968019439391548
1554.9599999999998	0.0004970290077024615
1554.965	0.0004963577160865525
1554.97	0.0004956295166828173
1554.975	0.000494548449556285
1554.98	0.0004933978781153275
1554.985	0.0004918127716460618
1554.99	0.0004897846227895287
1554.9950000000001	0.0004879449917654305
1555	0.0004860891595726723
1555.005	0.0004844480296003928
1555.01	0.00048289884582437516
1555.0149999999999	0.000483060160167307
1555.02	0.0004843527200362069
1555.025	0.0004876516244779975
1555.03	0.0004920389826906765
1555.035	0.0004960425651455646
1555.04	0.000499054620707438
1555.0449999999998	0.0005012531718019855
1555.05	0.0005013488996423592
1555.055	0.0005005135129093771
1555.06	0.0004984251278003621
1555.065	0.0004958839901499329
1555.07	0.000493049514642395
1555.0749999999998	0.0004898352263356553
1555.08	0.0004862258765460067
1555.085	0.0004827258710054742
1555.0900000000001	0.00047935478979078337
1555.095	0.0004761015548752256
1555.1	0.00047307685527659137
1555.105	0.00047061190166194624
1555.11	0.0004691294782512958
1555.115	0.00046843526730774724
1555.1200000000001	0.0004687598651644626
1555.125	0.0004701760094166597
1555.1299999999999	0.0004724660393356756
1555.135	0.000475366975564258
1555.14	0.0004784905894688505
1555.145	0.0004817633504956307
1555.15	0.0004848770100167754
1555.155	0.0004875772300151534
1555.1599999999999	0.0004902144664553174
1555.165	0.0004916998711734356
1555.17	0.0004929275284430353
1555.175	0.00049345588244601
1555.18	0.0004932444209684326
1555.185	0.0004924452225028725
1555.19	0.000490516281290824
1555.195	0.0004881553701087609
1555.2	0.00048543066103431335
1555.2050000000002	0.0004824733002162803
1555.21	0.00047945054273855497
1555.215	0.0004772662855874515
1555.22	0.0004767443344582199
1555.225	0.00047867725045262126
1555.23	0.00048150232044307125
1555.2350000000001	0.000485657203957639
1555.24	0.0004893894931670752
1555.245	0.0004921822250690456
1555.25	0.000493661800960774
1555.2549999999999	0.0004940871232341447
1555.26	0.0004931686187068066
1555.265	0.0004909197005242362
1555.27	0.00048751876580280305
1555.2749999999999	0.0004836516950826443
1555.28	0.0004801125420124241
1555.2849999999999	0.00047725432613925534
1555.29	0.0004751182882859367
1555.295	0.00047365325744900915
1555.3	0.00047310708835127357
1555.305	0.0004738783290229786
1555.31	0.0004752222123554544
1555.315	0.0004770533499637189
1555.3200000000002	0.00047834432042836
1555.325	0.0004804842128177564
1555.33	0.00048189278559277105
1555.335	0.0004837039527314263
1555.34	0.00048528871054906436
1555.345	0.00048719536650147994
1555.3500000000001	0.0004895300261121355
1555.355	0.0004913711154847605
1555.36	0.0004936084597213428
1555.365	0.0004963290135954226
1555.37	0.0004989827991794288
1555.375	0.0005009615929998783
1555.38	0.0005024662716273842
1555.385	0.0005037446734487787
1555.3899999999999	0.0005039716572007102
1555.395	0.0005040176578244781
1555.3999999999999	0.0005046960320428467
1555.405	0.0005055700200122679
1555.41	0.0005062425569002138
1555.415	0.0005073373477916323
1555.42	0.0005085981884183343
1555.425	0.0005096023774525606
1555.4299999999998	0.0005100798684639743
1555.4350000000002	0.0005101206114658157
1555.44	0.0005099893013911152
1555.445	0.0005097324601668669
1555.45	0.0005089728016855671
1555.455	0.0005081859690233459
1555.46	0.0005073675402408588
1555.4650000000001	0.000506641549823322
1555.47	0.0005061687327296277
1555.475	0.0005058948750733596
1555.48	0.0005059479003398134
1555.485	0.0005061842985316325
1555.49	0.0005067764675293981
1555.4950000000001	0.0005078299060419965
1555.5	0.0005086803950745828
1555.5049999999999	0.0005095439651823237
1555.51	0.0005101014763553636
1555.5149999999999	0.000510500943513444
1555.52	0.0005109690633686968
1555.525	0.00051156491579091
1555.53	0.0005117436327541873
1555.535	0.0005118353421621805
1555.54	0.000511452691523509
1555.5449999999998	0.0005109484738639413
1555.5500000000002	0.0005104706370442404
1555.555	0.0005096241113934393
1555.56	0.0005086954081565763
1555.565	0.0005076420778961584
1555.57	0.0005067438941182984
1555.5749999999998	0.0005061131835784686
1555.5800000000002	0.0005055392787192968
1555.585	0.0005054725890431651
1555.59	0.0005055872265408737
1555.595	0.0005062042694305879
1555.6	0.000506205965386712
1555.605	0.0005059285014314885
1555.6100000000001	0.000505178468376249
1555.615	0.0005044284592335083
1555.62	0.0005033094338511333
1555.625	0.000501960357647327
1555.6299999999999	0.0005004573428102773
1555.635	0.0004989923130823147
1555.64	0.0004977188381068858
1555.645	0.0004966137410880644
1555.65	0.0004956535189005697
1555.655	0.0004948476083013205
1555.6599999999999	0.0004940851993350576
1555.6650000000002	0.0004934149277254224
1555.67	0.0004925345844042915
1555.675	0.000491171667949358
1555.68	0.000489524888580899
1555.685	0.00048775168674861324
1555.6899999999998	0.0004855464284726425
1555.6950000000002	0.00048281827068343924
1555.7	0.000479750803497382
1555.705	0.000476458366332849
1555.71	0.0004726220272122831
1555.715	0.0004677481047094786
1555.7199999999998	0.00046397486030412045
1555.7250000000001	0.0004618412445926922
1555.73	0.0004635359807661477
1555.735	0.00046984531976355655
1555.74	0.00047884278311248224
1555.745	0.0004884527048295926
1555.7499999999998	0.0004964723909535459
1555.755	0.0005014006681991067
1555.76	0.0005032409871008674
1555.765	0.0005018382510193806
1555.77	0.0004988930307528298
1555.7749999999999	0.0004956295341580284
1555.78	0.0004925934208690429
1555.785	0.0004901491472650667
1555.79	0.0004885994772250193
1555.795	0.0004883419823182712
1555.8	0.0004890933345960817
1555.8049999999998	0.0004906005922970722
1555.8100000000002	0.0004927439305049358
1555.815	0.0004951987665632989
1555.82	0.0004975546236639838
1555.825	0.0004998335991078823
1555.83	0.000501337290364633
1555.8349999999998	0.0005023202644678537
1555.8400000000001	0.0005030266020558895
1555.845	0.0005035922029469231
1555.85	0.0005039860222168916
1555.855	0.0005039529501743172
1555.86	0.0005037834454514202
1555.8649999999998	0.0005033356840528849
1555.8700000000001	0.0005029828101261696
1555.875	0.000502781575187572
1555.88	0.0005026989933964779
1555.885	0.0005025749394503503
1555.8899999999999	0.0005022010146162513
1555.895	0.0005020543478949731
1555.9	0.0005022066027763712
1555.905	0.0005026247235112447
1555.91	0.0005035755970859484
1555.915	0.0005049215561815551
1555.9199999999998	0.000506492057631549
1555.925	0.0005079943085240722
1555.93	0.0005082965865704869
1555.935	0.0005074130985395811
1555.94	0.0005050747745800916
1555.945	0.0005015546070206661
1555.9499999999998	0.0004970290873549206
1555.955	0.0004920309674440666
1555.96	0.0004872441245638373
1555.965	0.00048317114493788956
1555.97	0.00047982029082031195
1555.975	0.00047762941607418366
1555.9799999999998	0.0004771414246771039
1555.9850000000001	0.000478309268181717
1555.99	0.0004811044251244987
1555.9950000000001	0.0004855979863227134
1556	0.0004906321331164103
1556.0049999999999	0.000495916454289132
1556.01	0.0005005638068524113
1556.015	0.0005046580258273578
1556.02	0.000508199942433418
1556.025	0.0005110622117792055
1556.03	0.000513154890732326
1556.0349999999999	0.0005147333670196434
1556.04	0.0005159426539297278
1556.045	0.0005165862681376546
1556.05	0.0005173409529506561
1556.055	0.0005177820507111501
1556.06	0.0005181615314103132
1556.0649999999998	0.0005180667455253263
1556.07	0.000517989749731805
1556.075	0.0005175167428051106
1556.08	0.0005172459932612162
1556.085	0.000517502370694545
1556.09	0.0005172125579928549
1556.0949999999998	0.0005153877385275383
1556.1	0.0005123868239116598
1556.105	0.0005080374332376526
1556.1100000000001	0.0005035736252864747
1556.115	0.0004991645858949574
1556.12	0.0004948050178013602
1556.125	0.0004908924729523486
1556.13	0.00048781038518574276
1556.135	0.00048531181697497426
1556.14	0.00048315530499683565
1556.145	0.0004818445169794577
1556.1499999999999	0.00048106281326612717
1556.155	0.0004811477350877773
1556.16	0.0004817208858483839
1556.165	0.0004826468341865629
1556.17	0.0004839625085880475
1556.175	0.00048564738181545146
1556.1799999999998	0.0004871561183100236
1556.185	0.0004887054278559294
1556.19	0.0004901959689346138
1556.195	0.0004916100079613154
1556.2	0.0004933253971167301
1556.205	0.0004947155838578464
1556.21	0.0004962442716121376
1556.215	0.0004976213074953186
1556.22	0.000498790040913359
1556.2250000000001	0.0005000239681814875
1556.23	0.0005009177203567649
1556.235	0.0005019706757612809
1556.24	0.0005029130001836887
1556.245	0.0005040278657200077
1556.25	0.0005056425319530086
1556.255	0.00050687596497764
1556.26	0.0005080704479175365
1556.2649999999999	0.000509305253089734
1556.27	0.0005105452945726835
1556.275	0.0005115150196680614
1556.28	0.0005117984487855348
1556.285	0.0005124983662233884
1556.29	0.0005125460189134431
1556.2949999999998	0.0005122497282092312
1556.3	0.0005117546022202394
1556.305	0.0005115077639286135
1556.3100000000002	0.0005111990729792616
1556.315	0.0005108951823818905
1556.32	0.0005110209469580946
1556.325	0.0005116634512244197
1556.33	0.0005130253470314292
1556.335	0.0005145826859513468
1556.3400000000001	0.000515887340074601
1556.345	0.00051745317576593
1556.35	0.0005185508149142503
1556.355	0.0005192373752105062
1556.36	0.0005193998804165618
1556.365	0.0005193679181921728
1556.3700000000001	0.0005190053438376989
1556.375	0.0005187222123134698
1556.3799999999999	0.0005182887004691666
1556.385	0.0005177253910501949
1556.3899999999999	0.000516865071995355
1556.395	0.0005156998568389236
1556.4	0.0005145809958499215
1556.405	0.0005134067569763973
1556.4099999999999	0.0005118486141730384
1556.415	0.0005100932517146865
1556.4199999999998	0.0005083594007156076
1556.4250000000002	0.0005070982208475845
1556.43	0.0005069637336263576
1556.435	0.0005083545040495419
1556.44	0.000510697129565794
1556.445	0.0005133019774300691
1556.45	0.0005143371286498151
1556.4550000000002	0.0005140792114179518
1556.46	0.0005120976063717613
1556.465	0.0005088124457143414
1556.47	0.0005046142140473849
1556.475	0.000500137498398481
1556.48	0.0004957316380016674
1556.4850000000001	0.0004916872262703132
1556.49	0.0004888331424158775
1556.495	0.0004869410628584666
1556.5	0.0004857806836895998
1556.5049999999999	0.00048511417948903125
1556.51	0.00048507163246069813
1556.515	0.00048583574516494716
1556.52	0.0004868326746530017
1556.5249999999999	0.0004879152260317598
1556.53	0.0004891551580910493
1556.5349999999999	0.0004906255117706887
1556.5400000000002	0.00049216672951416
1556.545	0.0004939241868160893
1556.55	0.0004958465661636778
1556.555	0.0004978716167290899
1556.56	0.0005004783013039289
1556.5649999999998	0.0005030271932042627
1556.5700000000002	0.0005056608981652689
1556.575	0.0005083177236235029
1556.58	0.000511015765111508
1556.585	0.0005137267358527881
1556.59	0.0005159606747008089
1556.595	0.0005172381262326307
1556.6000000000001	0.0005176740332038246
1556.605	0.0005173040951422614
1556.61	0.0005158532350470794
1556.615	0.000513197446978466
1556.62	0.0005106725556312211
1556.625	0.0005081763674577731
1556.63	0.0005059647798964559
1556.635	0.0005043441552244402
1556.6399999999999	0.0005034849609700488
1556.645	0.0005028534010208162
1556.6499999999999	0.0005022961253947399
1556.6550000000002	0.0005020547866601912
1556.66	0.0005019874650058017
1556.665	0.0005022351138160646
1556.67	0.0005026852961370395
1556.675	0.0005035199650017515
1556.6799999999998	0.000504650757540925
1556.6850000000002	0.0005057974484609135
1556.69	0.0005072644462246019
1556.695	0.0005089058616094663
1556.7	0.0005105169190973197
1556.705	0.0005117958116121659
1556.7099999999998	0.0005122785579144738
1556.7150000000001	0.0005121347340982753
1556.72	0.0005114939446769767
1556.725	0.0005104322699275362
1556.73	0.0005092734674037141
1556.735	0.0005081473984837554
1556.74	0.0005068319639621661
1556.7450000000001	0.0005055433759325568
1556.75	0.0005045493296317752
1556.7549999999999	0.0005039144105150066
1556.76	0.0005033154157767706
1556.7649999999999	0.0005033769523821989
1556.77	0.0005048674724793594
1556.775	0.0005071594377233712
1556.78	0.0005102254214165854
1556.785	0.0005130549559145208
1556.79	0.0005142877621366421
1556.7949999999998	0.0005130066305442841
1556.8000000000002	0.0005100685058846115
1556.805	0.0005060078564257378
1556.81	0.0005020161206421864
1556.815	0.0004988947358734064
1556.82	0.0004967953509380332
1556.8249999999998	0.0004957658371259605
1556.8300000000002	0.0004958033844114881
1556.835	0.0004964848495097568
1556.84	0.0004977940900772252
1556.845	0.0004995244486142601
1556.85	0.0005011951896776488
1556.8549999999998	0.0005025869921465935
1556.8600000000001	0.0005032080382914134
1556.865	0.0005029239471411674
1556.87	0.0005019082359141892
1556.875	0.0005004473898559083
1556.8799999999999	0.0004987056582691438
1556.885	0.0004967731581533
1556.89	0.0004953226900390082
1556.895	0.0004940937697996228
1556.9	0.0004933884789499727
1556.905	0.0004932230672488994
1556.9099999999999	0.000493530890074899
1556.915	0.0004943953215506636
1556.92	0.000495910111483571
1556.925	0.0004974848778478515
1556.93	0.0004993626496704404
1556.935	0.000501430221762836
1556.9399999999998	0.0005039105922481717
1556.945	0.0005071471428940498
1556.95	0.000510446409490545
1556.955	0.0005131700203099153
1556.96	0.0005152899929780549
1556.965	0.0005166018622858167
1556.9699999999998	0.0005165265539096713
1556.9750000000001	0.0005150803549384681
1556.98	0.0005129376723119728
1556.985	0.0005108573776661392
1556.99	0.0005088463350735507
1556.995	0.0005067898090556877
1557	0.0005051581471225091
1557.005	0.0005038375316885481
1557.01	0.0005028999877008448
1557.015	0.000502365841218621
1557.02	0.0005020889912852712
1557.0249999999999	0.0005020279269116818
1557.03	0.0005019210544989252
1557.035	0.0005016413030389388
1557.04	0.0005012116765529499
1557.045	0.0005006141654291399
1557.05	0.0004999888902736563
1557.0549999999998	0.000499311897019052
1557.06	0.0004984660149752873
1557.065	0.000497413061970471
1557.07	0.0004966730179005663
1557.075	0.0004961647002234503
1557.08	0.000495992341057654
1557.0849999999998	0.0004960555354721239
1557.09	0.000496276305013258
1557.095	0.0004967752083542206
1557.1	0.0004973625569678785
1557.105	0.000498033683017923
1557.11	0.0004988713146687412
1557.115	0.0004999812864347678
1557.1200000000001	0.0005017443761409064
1557.125	0.0005042959623059178
1557.13	0.0005069219244887874
1557.135	0.0005094016020001423
1557.1399999999999	0.000511687547938508
1557.145	0.0005130618298239516
1557.15	0.0005144494047862149
1557.155	0.0005156569350011248
1557.16	0.0005160985253741922
1557.165	0.0005165567922350352
1557.1699999999998	0.0005174908828327325
1557.175	0.0005185118902483545
1557.18	0.0005192584833922098
1557.185	0.0005197825997637589
1557.19	0.0005202885854227986
1557.195	0.000520623221346078
1557.1999999999998	0.000520125068733292
1557.205	0.0005190840651777789
1557.21	0.000517705254655848
1557.215	0.0005161985842266748
1557.22	0.0005147539243628489
1557.225	0.0005136151665837215
1557.23	0.000512813712775672
1557.235	0.0005121353390899096
1557.24	0.0005118280053827837
1557.2450000000001	0.0005119721632268654
1557.25	0.0005121163210709467
1557.2549999999999	0.0005128295610757013
1557.26	0.0005134714931691681
1557.265	0.0005144358974386283
1557.27	0.000515697367287394
1557.275	0.0005167965476306093
1557.28	0.0005178417697721976
1557.2849999999999	0.0005187880706004121
1557.29	0.0005197208287159069
1557.295	0.0005204057632809077
1557.3	0.0005206364333929585
1557.305	0.0005205527414189946
1557.31	0.0005200433370574813
1557.3149999999998	0.0005195875419772246
1557.32	0.0005189660985487098
1557.325	0.0005177693349431063
1557.3300000000002	0.0005160839221792957
1557.335	0.0005144860110109099
1557.34	0.0005133821202948627
1557.345	0.0005122894762110969
1557.35	0.0005113287941244421
1557.355	0.0005105109117761337
1557.3600000000001	0.0005099202155251625
1557.365	0.000508868433262059
1557.37	0.0005070541118713809
1557.375	0.0005045700303506042
1557.3799999999999	0.0005013496110505037
1557.385	0.000497533909470825
1557.39	0.0004936294813592701
1557.395	0.0004901820786067867
1557.3999999999999	0.00048761977628293226
1557.405	0.00048606342385979195
1557.4099999999999	0.00048540021972867556
1557.415	0.0004853863304447913
1557.42	0.0004862020364876901
1557.425	0.0004876663732121465
1557.43	0.0004896330824644723
1557.435	0.0004920829511658747
1557.44	0.0004942957365765741
1557.4450000000002	0.0004975525672729744
1557.45	0.0005001919923540354
1557.455	0.0005025847774689315
1557.46	0.0005038254107806954
1557.465	0.0005040216820094324
1557.47	0.0005022761472739914
1557.4750000000001	0.000499398389651678
1557.48	0.0004972788326242807
1557.485	0.0004970240793863205
1557.49	0.0004987280987700984
1557.495	0.0005015812203888871
1557.5	0.000504261957194593
1557.505	0.0005059694103332443
1557.51	0.0005074196047832954
1557.5149999999999	0.0005087564590444951
1557.52	0.0005098002652088948
1557.5249999999999	0.000510923610277681
1557.53	0.0005114651139321256
1557.535	0.0005115395955249157
1557.54	0.0005113226791367236
1557.545	0.0005108391803520081
1557.55	0.0005095129845164498
1557.5549999999998	0.0005074239727362935
1557.5600000000002	0.0005046891822805782
1557.565	0.0005014244882424404
1557.57	0.0004978083596957296
1557.575	0.0004943299964304308
1557.58	0.0004909437705956081
1557.585	0.0004878934689714502
1557.5900000000001	0.00048535213700969264
1557.595	0.0004833831719298288
1557.6	0.0004822797741644843
1557.605	0.00048182494263799235
1557.61	0.000481857626211995
1557.615	0.00048229744881843074
1557.6200000000001	0.000483609233563746
1557.625	0.00048502453429818406
1557.6299999999999	0.0004871873089601184
1557.635	0.0004895068155035808
1557.6399999999999	0.0004923655147981358
1557.645	0.0004957768475552597
1557.65	0.0004993447797655288
1557.655	0.0005024614324628351
1557.66	0.0005040086560876476
1557.665	0.0005040040318008247
1557.6699999999998	0.0005018292878090529
1557.6750000000002	0.0004975202988099006
1557.68	0.0004935678307881401
1557.685	0.0004905229512859668
1557.69	0.0004883275100725004
1557.695	0.0004877705181363345
1557.6999999999998	0.0004890112768699735
1557.7050000000002	0.0004910159544339236
1557.71	0.0004935135598678594
1557.715	0.0004963060801727898
1557.72	0.0004990296944958412
1557.725	0.0005016076355460297
1557.73	0.0005034252201935217
1557.7350000000001	0.0005044223487046954
1557.74	0.0005044543109470718
1557.745	0.0005036923093625061
1557.75	0.000502800173826708
1557.7549999999999	0.0005019509669347688
1557.76	0.000501072503110288
1557.765	0.0005004067618431676
1557.77	0.0005002911638935635
1557.775	0.0005005697803442848
1557.78	0.0005012015341812502
1557.7849999999999	0.0005020956796734234
1557.7900000000002	0.0005032592270011365
1557.795	0.0005049234494616148
1557.8	0.0005065076885084902
1557.805	0.000508940438636788
1557.81	0.0005114457309420797
1557.8149999999998	0.0005142114522067824
1557.8200000000002	0.0005165963537157039
1557.825	0.0005182804542464309
1557.83	0.0005186588863721534
1557.835	0.0005176003530696787
1557.84	0.0005153172472042314
1557.8449999999998	0.0005134412704549189
1557.8500000000001	0.0005122725357333744
1557.855	0.0005115157716700663
1557.86	0.0005113742663525047
1557.865	0.0005108421532445841
1557.87	0.0005099717414188717
1557.8749999999998	0.0005087109531356845
1557.88	0.000506917779934179
1557.885	0.0005046686335573325
1557.89	0.0005021147365073338
1557.895	0.000499280295893517
1557.8999999999999	0.0004958812070522664
1557.905	0.0004921724841343753
1557.91	0.0004887103183850757
1557.915	0.00048591169761196814
1557.92	0.00048410806568003023
1557.925	0.0004833845814121301
1557.9299999999998	0.00048287674264276486
1557.9350000000002	0.00048309774585049165
1557.94	0.00048394862271758485
1557.945	0.000484955846234157
1557.95	0.000486603623197803
1557.955	0.0004883519887650104
1557.9599999999998	0.0004903518582913512
1557.9650000000001	0.0004926725980626188
1557.97	0.0004951386422534931
1557.975	0.0004971769315724194
1557.98	0.0004996608607415148
1557.985	0.0005018997572367715
1557.9899999999998	0.0005044925957839994
1557.9950000000001	0.0005067191274399564
1558	0.0005084709055708009
1558.005	0.0005090180098135035
1558.01	0.0005084863590157035
1558.0149999999999	0.0005074638444546352
1558.02	0.0005060570050278461
1558.025	0.0005042186457940304
1558.03	0.0005028562460368131
1558.035	0.0005019618232065297
1558.04	0.0005007666983663215
1558.0449999999998	0.0004996905859726292
1558.05	0.0004992842025797965
1558.055	0.0004997868067692951
1558.06	0.0005005118867617552
1558.065	0.0005010652334239627
1558.07	0.0005016763547212505
1558.0749999999998	0.0005023750989484505
1558.08	0.000502932890950163
1558.085	0.0005035292133870121
1558.09	0.0005040839424313259
1558.095	0.0005049863016406228
1558.1	0.0005059829452447259
1558.1049999999998	0.0005069332361852962
1558.1100000000001	0.0005075688341076699
1558.115	0.0005079849700187364
1558.1200000000001	0.0005085143094934458
1558.125	0.000508819172239804
1558.1299999999999	0.0005092903897129154
1558.135	0.0005091964986979642
1558.14	0.0005095715274235
1558.145	0.00050968055052823
1558.15	0.000509886409217672
1558.155	0.0005097650906557748
1558.1599999999999	0.0005094974185340108
1558.165	0.0005094393418512578
1558.17	0.0005093064119519588
1558.175	0.0005089153637910208
1558.18	0.0005079798322358408
1558.185	0.0005070268699713827
1558.1899999999998	0.0005062821521112534
1558.195	0.0005061121887460646
1558.2	0.0005059599893263745
1558.205	0.000505091955714624
1558.21	0.0005041128288998737
1558.215	0.0005023557395906581
1558.2199999999998	0.0004997005730705859
1558.225	0.0004957264551352159
1558.23	0.0004907559330059753
1558.2350000000001	0.00048507441497744905
1558.24	0.00047888764865100026
1558.245	0.0004728806657561201
1558.25	0.000467914504435981
1558.255	0.00046467119253624416
1558.26	0.00046294668485293716
1558.265	0.0004626854332723541
1558.27	0.00046374672263981486
1558.2749999999999	0.00046638488243197675
1558.28	0.0004691842531326003
1558.285	0.00047241310674632676
1558.29	0.0004759517499239586
1558.295	0.00047883471903894506
1558.3	0.0004812988944498179
1558.3049999999998	0.00048337901612822574
1558.31	0.00048491464012485945
1558.315	0.0004859067615408912
1558.32	0.00048651026894914714
1558.325	0.0004868088096142987
1558.33	0.00048666798387025413
1558.3349999999998	0.0004861266061344389
1558.34	0.00048608194626000327
1558.345	0.0004866548397926771
1558.3500000000001	0.000488069583494837
1558.355	0.0004900902507601607
1558.36	0.0004935268837025607
1558.365	0.0004972954714022252
1558.37	0.0005006093965106207
1558.375	0.0005029354155831322
1558.38	0.0005044629424340848
1558.385	0.0005058970776863907
1558.3899999999999	0.0005069873389500197
1558.395	0.0005082175582771444
1558.4	0.0005091753356678915
1558.405	0.0005102761677969561
1558.41	0.0005107820253180233
1558.415	0.0005110723431876173
1558.4199999999998	0.0005109774414594025
1558.425	0.00051049713412742
1558.43	0.0005097870017239576
1558.435	0.0005088116129208891
1558.44	0.0005075444137939354
1558.445	0.0005061345404922691
1558.45	0.0005048510166353555
1558.455	0.0005035810173811059
1558.46	0.0005020287620585835
1558.4650000000001	0.0005006113575040782
1558.47	0.0004991255793996349
1558.475	0.0004978075741083697
1558.48	0.0004966446936210697
1558.485	0.0004956188496081294
1558.49	0.0004948359565595164
1558.4950000000001	0.0004943330138092574
1558.5	0.0004940777573851487
1558.5049999999999	0.0004939499516430951
1558.51	0.0004944716192971417
1558.5149999999999	0.0004960415533486053
1558.52	0.0004987627377577685
1558.525	0.0005018921410582633
1558.53	0.0005047461429616398
1558.5349999999999	0.0005063496278239179
1558.54	0.0005065980964477466
1558.5449999999998	0.0005062588924879394
1558.5500000000002	0.0005061606201378605
1558.555	0.0005054961242158801
1558.56	0.0005050327640899385
1558.565	0.0005050911919414204
1558.57	0.0005056544239634436
1558.575	0.0005060100062944015
1558.5800000000002	0.0005060655530605324
1558.585	0.0005060764566211465
1558.59	0.0005061239149772346
1558.595	0.0005060136461311299
1558.6	0.0005060429885175749
1558.605	0.0005055553725066393
1558.6100000000001	0.0005049511550421112
1558.615	0.0005043890209430171
1558.62	0.0005039782451076634
1558.625	0.0005040070672881474
1558.6299999999999	0.0005040099495090543
1558.635	0.0005043751249161813
1558.64	0.0005049510943349455
1558.645	0.0005055948405509801
1558.6499999999999	0.000506446012100439
1558.655	0.000507002834586836
1558.6599999999999	0.0005078104520346397
1558.6650000000002	0.0005088665336115292
1558.67	0.0005099204717214858
1558.675	0.000510916790670281
1558.68	0.0005120095398372384
1558.685	0.0005128144152596787
1558.6899999999998	0.0005137336805373273
1558.6950000000002	0.0005145201575244623
1558.7	0.0005149741598515314
1558.705	0.0005148693543435192
1558.71	0.0005143546718015053
1558.715	0.0005130842135675391
1558.72	0.0005111483679160923
1558.7250000000001	0.0005086703302598184
1558.73	0.0005057765164618618
1558.735	0.0005020637872741372
1558.74	0.0004976656257804913
1558.745	0.0004929317526366539
1558.75	0.0004889586789371813
1558.755	0.00048554503859188337
1558.76	0.0004825083361580487
1558.7649999999999	0.00047989216638022513
1558.77	0.00047843433990448343
1558.7749999999999	0.00047803647533753267
1558.7800000000002	0.0004784879618941096
1558.785	0.00047965007608546717
1558.79	0.0004815137166819777
1558.795	0.0004839714542689076
1558.8	0.00048697765028886213
1558.8049999999998	0.0004899788948807093
1558.8100000000002	0.0004922923137860618
1558.815	0.0004947388758036856
1558.82	0.0004966621805584502
1558.825	0.0004986057419369179
1558.83	0.0004998981853184199
1558.8349999999998	0.0005011980079229114
1558.8400000000001	0.0005020029326450437
1558.845	0.000502585976705639
1558.85	0.0005023252127368876
1558.855	0.0005016568183737298
1558.86	0.0005001025417804523
1558.865	0.0004978212307629926
1558.8700000000001	0.0004952104921905399
1558.875	0.0004933251701469834
1558.8799999999999	0.0004920948936757093
1558.885	0.0004926499756018642
1558.8899999999999	0.0004941855597525063
1558.895	0.0004965530875123624
1558.9	0.0004988461065536448
1558.905	0.0005010172024022761
1558.91	0.0005029428985763172
1558.915	0.0005049802413341451
1558.9199999999998	0.0005067597987671415
1558.9250000000002	0.0005078010907333575
1558.93	0.0005084475106985865
1558.935	0.0005087844948863068
1558.94	0.0005088449979636802
1558.945	0.0005086180439449352
1558.9499999999998	0.000508224813992468
1558.9550000000002	0.0005077996572900326
1558.96	0.000507486403950884
1558.965	0.0005076329250383099
1558.97	0.0005078137769446472
1558.975	0.000507718489888567
1558.9799999999998	0.0005076566252428752
1558.9850000000001	0.000507990278990743
1558.99	0.0005079193672768554
1558.995	0.0005080011783938345
1559	0.0005077946727360562
1559.0049999999999	0.0005073578504813054
1559.01	0.000506941095547444
1559.015	0.0005066041113597239
1559.02	0.0005058215778807016
1559.025	0.000504531613830893
1559.03	0.000502232727315438
1559.0349999999999	0.0004995771394217284
1559.04	0.0004962524984631172
1559.045	0.0004923886875235163
1559.05	0.0004885920168943962
1559.055	0.0004856176284182359
1559.06	0.0004837345834329886
1559.0649999999998	0.0004829601601787174
1559.0700000000002	0.0004836525816372875
1559.075	0.00048591558828015046
1559.08	0.0004882175705176858
1559.085	0.0004910794975432702
1559.09	0.0004933818706553542
1559.0949999999998	0.0004957423794502022
1559.1000000000001	0.0004972909649213767
1559.105	0.0004982348114574569
1559.11	0.000498698888859342
1559.115	0.0004988614544159667
1559.12	0.000499148154602407
1559.125	0.0004988614544736666
1559.13	0.0004994624309054372
1559.135	0.0005004152167382118
1559.14	0.0005017447876590404
1559.145	0.0005031698646530935
1559.1499999999999	0.0005045705738102236
1559.155	0.0005057649156757254
1559.16	0.0005067519744580877
1559.165	0.0005076547686801519
1559.17	0.0005084629591427818
1559.175	0.0005096229064713428
1559.1799999999998	0.0005105334719744194
1559.185	0.0005118831163983729
1559.19	0.0005128038336069405
1559.195	0.0005139660205446271
1559.2	0.0005147026446600284
1559.205	0.000515538050183521
1559.2099999999998	0.000516422362422518
1559.215	0.0005171189655759925
1559.22	0.0005172806159009242
1559.225	0.0005171987477814677
1559.23	0.0005169783192141445
1559.235	0.0005167751499358252
1559.24	0.000516679602330461
1559.2450000000001	0.0005159649882173622
1559.25	0.0005151370068559623
1559.255	0.0005140420023879194
1559.26	0.0005128217287033403
1559.2649999999999	0.0005117033164272169
1559.27	0.0005106356227143552
1559.275	0.0005091935514088206
1559.28	0.0005078030518197081
1559.285	0.0005069401232466896
1559.29	0.0005063384779837037
1559.2949999999998	0.0005062794227897722
1559.3	0.0005065213481083406
1559.305	0.0005070545981430254
1559.31	0.0005078242554850496
1559.315	0.0005083956447859328
1559.32	0.0005090004170541768
1559.3249999999998	0.0005090277313936591
1559.33	0.0005088271359984065
1559.335	0.0005084273212131827
1559.34	0.0005076438364035819
1559.345	0.0005067948291627814
1559.35	0.0005054661384619793
1559.355	0.0005040062906065086
1559.36	0.0005022086575965601
1559.365	0.0005004013075211608
1559.3700000000001	0.0004987055120224055
1559.375	0.000496752992745588
1559.3799999999999	0.0004947258674822293
1559.385	0.0004928803141838836
1559.39	0.0004913995760815577
1559.395	0.0004901669171083575
1559.4	0.0004899244568032675
1559.405	0.0004908310274638447
1559.4099999999999	0.0004925751593944803
1559.415	0.0004944047810234314
1559.42	0.0004966528014472757
1559.425	0.0004986058125940813
1559.43	0.0005004679324552258
1559.435	0.0005014710643138478
1559.4399999999998	0.0005020540224125557
1559.445	0.0005020726642616507
1559.45	0.0005016424429445446
1559.455	0.0005007760063527929
1559.46	0.0004997269240430667
1559.465	0.0004991744804249548
1559.47	0.000498777899896811
1559.475	0.0004987012944184242
1559.48	0.0004987944052166109
1559.4850000000001	0.0004991986707864576
1559.49	0.0004999459181020155
1559.495	0.000500904782445043
1559.5	0.0005019547212417954
1559.5049999999999	0.0005025556651617142
1559.51	0.0005035171753927863
1559.515	0.000504276521124856
1559.52	0.0005050058492477821
1559.5249999999999	0.000505565050290042
1559.53	0.0005058944349716968
1559.535	0.0005061498982777238
1559.54	0.0005062101514588524
1559.545	0.0005062036719127091
1559.55	0.0005058851675627186
1559.5549999999998	0.0005054785104484912
1559.56	0.0005048117207347038
1559.565	0.0005037120746019699
1559.5700000000002	0.000501730992482846
1559.575	0.0004993138826874075
1559.58	0.0004954161647636873
1559.585	0.000490971882963871
1559.59	0.00048671604641272717
1559.595	0.00048237939554288665
1559.6000000000001	0.00047911092439002377
1559.605	0.0004771379591222433
1559.61	0.0004765757685130558
1559.615	0.00047752819943642816
1559.62	0.0004792657229872588
1559.625	0.00048214063247429146
1559.63	0.0004858238158658741
1559.635	0.0004898665352357018
1559.6399999999999	0.0004938626774309081
1559.645	0.0004977801500231253
1559.6499999999999	0.0005007856541266553
1559.655	0.0005028777454433376
1559.66	0.0005039033388143452
1559.665	0.0005038318274934584
1559.6699999999998	0.0005027678459640647
1559.675	0.0005005408781110234
1559.6799999999998	0.0004979739775616489
1559.6850000000002	0.0004953561032736959
1559.69	0.0004928491895632586
1559.695	0.0004905111817742849
1559.7	0.0004882541550581407
1559.705	0.00048666166177193537
1559.71	0.0004853809014856331
1559.7150000000001	0.0004845512449409042
1559.72	0.0004841360873246108
1559.725	0.00048405897240995404
1559.73	0.00048450266764848754
1559.735	0.00048568155729391833
1559.74	0.00048776345710912724
1559.7450000000001	0.0004910170388026957
1559.75	0.0004950794532022389
1559.7549999999999	0.0004995391278174707
1559.76	0.0005031586985021285
1559.7649999999999	0.0005059068932682268
1559.77	0.0005076172094956646
1559.775	0.0005078910023223116
1559.78	0.0005071707061819295
1559.785	0.000505284155818086
1559.79	0.0005030584393943583
1559.7949999999998	0.0005006824901812731
1559.8000000000002	0.0004983967282024664
1559.805	0.0004962304734168406
1559.81	0.0004946300313166111
1559.815	0.0004936951149509414
1559.82	0.0004931548280332803
1559.8249999999998	0.0004936606855543479
1559.8300000000002	0.0004947861413936327
1559.835	0.0004961247106102741
1559.84	0.000497174474562857
1559.845	0.0004982137839832975
1559.85	0.0004989684093142337
1559.855	0.0004995391395898827
1559.8600000000001	0.0004998094882598139
1559.865	0.0004995908353704655
1559.87	0.0004990614538717934
1559.875	0.0004980628788512757
1559.8799999999999	0.0004968857227749594
1559.885	0.000495518512736822
1559.89	0.0004938618772651265
1559.895	0.0004909486038537304
1559.9	0.00048715101651656975
1559.905	0.0004833791211312214
1559.9099999999999	0.00047970745108467916
1559.9150000000002	0.0004770253775291858
1559.92	0.00047636899398113033
1559.925	0.00047733193542980144
1559.93	0.00047887855417534913
1559.935	0.00047974667603989835
1559.9399999999998	0.0004791510387370404
1559.9450000000002	0.0004770746765972785
1559.95	0.0004738908340584367
1559.955	0.0004706834489289059
1559.96	0.0004681275461399265
1559.965	0.00046629208596098094
1559.9699999999998	0.0004654906224459409
1559.9750000000001	0.0004660016435581895
1559.98	0.0004677235083226216
1559.985	0.0004705696838407215
1559.99	0.00047436747949363507
1559.995	0.0004781635590864261
1560	0.0004816247825628218
1560.005	0.00048468300397215867
1560.01	0.0004871153762744474
1560.015	0.0004890044218133407
1560.02	0.0004902747378418489
1560.0249999999999	0.0004909289918581195
1560.03	0.0004912781013993828
1560.035	0.0004917470295757812
1560.04	0.0004922287889236426
1560.045	0.0004927001310917985
1560.05	0.000493208866048169
1560.0549999999998	0.0004941265970879974
1560.0600000000002	0.0004952063439716981
1560.065	0.0004965320984711201
1560.07	0.0004977649148266869
1560.075	0.0004987573311653961
1560.08	0.0004999048152803263
1560.0849999999998	0.0005011384212298269
1560.0900000000001	0.0005021518115608711
1560.095	0.0005030030539065254
1560.1	0.0005039008406830621
1560.105	0.000504958260978962
1560.11	0.0005053751287166261
1560.1149999999998	0.0005053597269534559
1560.1200000000001	0.0005049394677017317
1560.125	0.0005040569802329212
1560.13	0.000502007669182413
1560.135	0.0004995847954970885
1560.1399999999999	0.0004972155060835161
1560.145	0.0004952339619705466
1560.15	0.0004937165640487441
1560.155	0.0004926324472964808
1560.16	0.0004924784463501891
1560.165	0.000493308321287202
1560.1699999999998	0.0004947401673124434
1560.175	0.0004969310623653982
1560.18	0.000499158016448588
1560.185	0.0005009534528256825
1560.19	0.0005020227889368824
1560.195	0.0005022742818484317
1560.1999999999998	0.0005018810595806063
1560.205	0.000500673710150819
1560.21	0.0004988210686181432
1560.215	0.0004967207789786092
1560.22	0.0004939265107827659
1560.225	0.0004907941569753537
1560.2299999999998	0.0004872662985013141
1560.2350000000001	0.00048339698737609845
1560.24	0.0004792219764163506
1560.2450000000001	0.00047435807031784397
1560.25	0.00046958682863178355
1560.2549999999999	0.000464990124297532
1560.26	0.0004620296586507333
1560.265	0.00046243252355975326
1560.27	0.00046616984717367984
1560.275	0.0004740279625263104
1560.28	0.0004823332221587686
1560.2849999999999	0.0004889121635190916
1560.29	0.0004934096159055946
1560.295	0.000495017061117686
1560.3	0.0004942096755654691
1560.305	0.000491783210577313
1560.31	0.0004881921153953673
1560.3149999999998	0.0004842111691182134
1560.32	0.00048062189996288647
1560.325	0.000478059543154635
1560.33	0.0004766946401324862
1560.335	0.0004765788773395494
1560.34	0.0004776630665908237
1560.3449999999998	0.00047974356096379444
1560.35	0.0004826125611198186
1560.355	0.00048588444233282267
1560.3600000000001	0.0004892084891217844
1560.365	0.0004921774330486312
1560.37	0.0004938183642631665
1560.375	0.0004952351053579505
1560.38	0.0004959993147885958
1560.385	0.0004962524981237951
1560.39	0.0004961146505992493
1560.395	0.0004955615491880842
1560.3999999999999	0.0004947448856696575
1560.405	0.0004938856583058363
1560.41	0.000493057891169499
1560.415	0.0004923599839964343
1560.42	0.0004917813349155549
1560.425	0.0004912059437038917
1560.4299999999998	0.0004909908296806425
1560.435	0.0004912314100062883
1560.44	0.0004921309299581856
1560.445	0.0004936096124147218
1560.45	0.0004947392649491131
1560.455	0.000495253202855751
1560.4599999999998	0.0004950187258135623
1560.465	0.0004941136591526586
1560.47	0.0004925065075208864
1560.4750000000001	0.0004902009179621309
1560.48	0.0004877296732424696
1560.485	0.0004856189000247521
1560.49	0.0004841781719217332
1560.495	0.00048372314676156626
1560.5	0.0004836562999420843
1560.505	0.00048466588150890294
1560.51	0.00048607170574756236
1560.5149999999999	0.0004876727552526693
1560.52	0.0004895891696801685
1560.525	0.0004915872828027091
1560.53	0.0004932122853169142
1560.535	0.0004942639643458889
1560.54	0.0004943508814499645
1560.5449999999998	0.0004940059244700252
1560.55	0.000493093788827336
1560.555	0.0004920102851080306
1560.56	0.0004909280598363327
1560.565	0.000489921154953326
1560.57	0.0004889066874250307
1560.5749999999998	0.00048772671943909707
1560.58	0.000486481403467322
1560.585	0.00048524487965224624
1560.5900000000001	0.0004843760981394372
1560.595	0.00048325419206269465
1560.6	0.0004822317744558644
1560.605	0.00048175422983975333
1560.61	0.0004822562896343207
1560.615	0.0004843207936301875
1560.6200000000001	0.00048727006273441514
1560.625	0.0004901289681127626
1560.6299999999999	0.0004929859276307381
1560.635	0.0004949825487355228
1560.6399999999999	0.0004963558621695314
1560.645	0.0004968881013036883
1560.65	0.0004967655644499579
1560.655	0.0004964512307516363
1560.6599999999999	0.000496405418261924
1560.665	0.000496264725851974
1560.6699999999998	0.0004960090205123079
1560.675	0.0004959805998931481
1560.68	0.000496324897553876
1560.685	0.000496779311937203
1560.69	0.0004968478823355029
1560.695	0.0004965170170682277
1560.7	0.0004959834986372703
1560.7050000000002	0.0004952489390169951
1560.71	0.0004941254462490185
1560.715	0.0004923380090934334
1560.72	0.0004903008888233431
1560.725	0.0004881477135421536
1560.73	0.0004859994723515138
1560.7350000000001	0.00048397967403308276
1560.74	0.00048191837177019955
1560.745	0.00047990034324986344
1560.75	0.0004780540308455587
1560.7549999999999	0.00047640773757777786
1560.76	0.0004750979583965147
1560.765	0.00047444018020999966
1560.77	0.0004740373316362009
1560.7749999999999	0.0004742943403057249
1560.78	0.0004755638844162317
1560.7849999999999	0.0004771908724090678
1560.79	0.00047934660663251106
1560.795	0.00048188144233305774
1560.8	0.00048411620496950804
1560.805	0.00048509347115521594
1560.81	0.00048405381590554546
1560.8149999999998	0.00048196009622033435
1560.8200000000002	0.0004790172695266757
1560.825	0.00047546332974947607
1560.83	0.0004720907118490508
1560.835	0.00046932647265509323
1560.84	0.0004674515474138011
1560.845	0.0004664400895995326
1560.8500000000001	0.0004661385319359235
1560.855	0.0004667721694374153
1560.86	0.0004680382365268259
1560.865	0.00046960902770859183
1560.87	0.0004712372318074476
1560.875	0.00047280675694271314
1560.88	0.0004743108196245358
1560.885	0.0004757267855527266
1560.8899999999999	0.00047693787399941866
1560.895	0.00047778884327970956
1560.8999999999999	0.0004791448308838654
1560.9050000000002	0.00048006640987227465
1560.91	0.00048089395227720835
1560.915	0.00048161728119502565
1560.92	0.00048232964069433497
1560.925	0.00048318216365486735
1560.9299999999998	0.00048408688086549356
1560.9350000000002	0.00048501515056191606
1560.94	0.0004860219031269292
1560.945	0.00048665805320184023
1560.95	0.00048712462495675325
1560.955	0.0004871957316966075
1560.9599999999998	0.00048720422659751493
1560.9650000000001	0.0004872378000573812
1560.97	0.0004870700426308917
1560.975	0.0004870673083268611
1560.98	0.00048704874936314745
1560.985	0.00048670539870582095
1560.99	0.0004862531775579432
1560.9950000000001	0.00048594823458646336
1561	0.00048558146232422666
1561.0049999999999	0.00048527007069817154
1561.01	0.0004852412098885775
1561.0149999999999	0.0004854317728967704
1561.02	0.00048599616559246345
1561.025	0.00048665153534793764
1561.03	0.0004876253029890662
1561.035	0.0004889509413848962
1561.04	0.0004905068903531737
1561.0449999999998	0.0004921598215431721
1561.0500000000002	0.0004938607526666826
1561.055	0.0004955340595639839
1561.06	0.0004968948007534571
1561.065	0.0004978438635853714
1561.07	0.0004984767328337555
1561.0749999999998	0.0004991051481979226
1561.0800000000002	0.0004993983747838936
1561.085	0.0004996491861422521
1561.09	0.0004996519965432997
1561.095	0.0004993148881169022
1561.1	0.0004990657879549103
1561.1049999999998	0.000498518755255578
1561.1100000000001	0.000498133621229081
1561.115	0.0004976621191303409
1561.12	0.0004971613481077275
1561.125	0.0004968691549460573
1561.1299999999999	0.0004968229574499716
1561.135	0.00049700320229088
1561.14	0.0004971640883013609
1561.145	0.0004975622330032761
1561.15	0.0004984720244640288
1561.155	0.0004998336326938916
1561.1599999999999	0.000500743309919399
1561.165	0.0005012080456489352
1561.17	0.0005015254136734176
1561.175	0.0005014150798426342
1561.18	0.0005011352908572184
1561.185	0.0005003379370476713
1561.1899999999998	0.0004993381884865378
1561.1950000000002	0.0004983798809558471
1561.2	0.0004975289168561925
1561.205	0.0004970210915315657
1561.21	0.0004965482556923537
1561.215	0.0004961739406590814
1561.2199999999998	0.0004960782098453296
1561.2250000000001	0.0004959821588911531
1561.23	0.000495870420970651
1561.235	0.0004953877200081352
1561.24	0.0004949152343839662
1561.245	0.0004943482578501343
1561.25	0.0004937761045372391
1561.255	0.0004933506616146027
1561.26	0.000492918594107972
1561.265	0.0004924557392614648
1561.27	0.0004918062093503273
1561.2749999999999	0.0004915093689380617
1561.28	0.0004911985052274835
1561.285	0.0004910562420310611
1561.29	0.0004906769822477001
1561.295	0.0004902610672158203
1561.3	0.0004896573832563156
1561.3049999999998	0.0004890301207003561
1561.31	0.0004883698729714353
1561.315	0.0004869443657367341
1561.32	0.0004851116301946999
1561.325	0.0004839064872443345
1561.33	0.00048278369844583516
1561.3349999999998	0.0004823718095904545
1561.34	0.0004825449548010444
1561.345	0.000483144549980673
1561.35	0.0004836847326567544
1561.355	0.0004839972610438674
1561.36	0.0004837158701201464
1561.365	0.0004820790155891328
1561.3700000000001	0.00047932722996886956
1561.375	0.0004757614188931665
1561.38	0.00047147821516193005
1561.385	0.00046675587333053464
1561.3899999999999	0.00046209621407239116
1561.395	0.0004576564247363141
1561.4	0.00045397392317205815
1561.405	0.000451347899781364
1561.41	0.00044975129918815474
1561.415	0.00044916275532943856
1561.4199999999998	0.00045028343758823474
1561.425	0.00045198992893060906
1561.43	0.0004542753991986557
1561.435	0.00045720420426711837
1561.44	0.0004607436146075362
1561.445	0.0004642452348122682
1561.4499999999998	0.00046825278506836416
1561.455	0.0004716179563126554
1561.46	0.0004748693745625459
1561.465	0.00047797220159028576
1561.47	0.0004804136078009824
1561.475	0.0004820223513116311
1561.48	0.0004824415341325584
1561.485	0.00048122434742708004
1561.49	0.0004780410477885049
1561.4950000000001	0.00047337322082198344
1561.5	0.0004681717552238921
1561.5049999999999	0.000462805289683369
1561.51	0.000458473031445998
1561.515	0.000455879325804487
1561.52	0.000455358029278966
1561.525	0.0004563320555498937
1561.53	0.00045944237315067156
1561.5349999999999	0.0004637119277109321
1561.54	0.00046916271499019733
1561.545	0.00047496915731999584
1561.55	0.00048079754163101894
1561.555	0.00048563370762073416
1561.56	0.0004886466008773687
1561.5649999999998	0.000490071293614913
1561.57	0.0004897369245343587
1561.575	0.00048774427932565177
1561.58	0.0004848200727093045
1561.585	0.0004815003219044166
1561.59	0.0004779848175621003
1561.595	0.00047475334262839843
1561.6	0.0004719310369643741
1561.605	0.0004698404417055664
1561.6100000000001	0.0004683055159736221
1561.615	0.00046706477082059973
1561.62	0.0004661425003805838
1561.625	0.00046583916626542277
1561.6299999999999	0.0004661907577507978
1561.635	0.00046730634477148026
1561.64	0.0004690744329985458
1561.645	0.00047194723897506355
1561.6499999999999	0.0004753348230611549
1561.655	0.00047880961756652983
1561.66	0.0004813830394191683
1561.665	0.00048138531090384436
1561.67	0.0004781574745689416
1561.675	0.000473106014283052
1561.6799999999998	0.0004673408359225712
1561.685	0.0004622731945046097
1561.69	0.0004592017458859421
1561.695	0.0004579884865928632
1561.7	0.00045867390773087646
1561.705	0.000460812155580915
1561.71	0.0004637307829262389
1561.715	0.00046716610812820515
1561.72	0.0004709021719260221
1561.7250000000001	0.00047429695487411573
1561.73	0.00047678128835952367
1561.735	0.0004785389171871776
1561.74	0.00047923900994337816
1561.745	0.00047933137588227615
1561.75	0.00047880646755016695
1561.755	0.0004779379348294058
1561.76	0.0004770735185815353
1561.7649999999999	0.0004765167766182554
1561.77	0.00047646960354431563
1561.7749999999999	0.0004766131817812506
1561.78	0.00047675176474024897
1561.785	0.0004767938451362632
1561.79	0.0004767526303460525
1561.7949999999998	0.0004768103216486844
1561.8	0.0004766884805380664
1561.8049999999998	0.0004764781010381707
1561.8100000000002	0.0004759984056512352
1561.815	0.0004754128857813423
1561.82	0.00047498417192401877
1561.825	0.00047471910844087143
1561.83	0.00047484964852788743
1561.835	0.0004753692152573134
1561.8400000000001	0.0004770770483849011
1561.845	0.00048004560809014986
1561.85	0.00048349406423450124
1561.855	0.00048672709425149187
1561.86	0.0004896082388730023
1561.865	0.0004914005531159416
1561.8700000000001	0.00049178777311916
1561.875	0.0004914576663517642
1561.8799999999999	0.0004905202790588462
1561.885	0.0004890895645029812
1561.8899999999999	0.00048775298592427385
1561.895	0.0004872283442316293
1561.9	0.00048763699860535043
1561.905	0.0004887005151824411
1561.9099999999999	0.0004904383960405821
1561.915	0.0004920599176284583
1561.9199999999998	0.0004936487593303383
1561.9250000000002	0.0004952173911199003
1561.93	0.000496506690858223
1561.935	0.000497185714969608
1561.94	0.0004972355867473893
1561.945	0.000496911364721378
1561.9499999999998	0.0004965901924728095
1561.9550000000002	0.0004961198337251481
1561.96	0.000495572265467123
1561.965	0.0004947620149420793
1561.97	0.0004940235764033199
1561.975	0.0004933815765815538
1561.98	0.0004927789042836172
1561.9850000000001	0.0004921016914440622
1561.99	0.0004918335826131929
1561.995	0.0004918911145068709
1562	0.0004918763081437957
1562.0049999999999	0.0004916996096254523
1562.01	0.000491905158253314
1562.015	0.0004920313815296319
1562.02	0.0004911695356513493
1562.025	0.0004905237293092799
1562.03	0.0004901614887409736
1562.0349999999999	0.0004896650074609213
1562.0400000000002	0.0004890730550618661
1562.045	0.0004884018893003735
1562.05	0.0004876298365121866
1562.055	0.0004866002710930103
1562.06	0.0004851774780063903
1562.0649999999998	0.0004834080466309408
1562.0700000000002	0.0004813845466192072
1562.075	0.0004788374278840356
1562.08	0.0004758184546202781
1562.085	0.00047242886735541714
1562.09	0.0004690262343799853
1562.0949999999998	0.0004657701674644266
1562.1000000000001	0.000462691669204958
1562.105	0.0004599226067261826
1562.11	0.00045752274299085924
1562.115	0.00045568196093738667
1562.12	0.00045440847266202953
1562.125	0.0004537222099705747
1562.13	0.0004536999478873348
1562.135	0.00045402228473743214
1562.14	0.0004546078191593409
1562.145	0.0004556427571527865
1562.1499999999999	0.0004568977347492375
1562.155	0.0004583176411380439
1562.16	0.000460159131458601
1562.165	0.00046237348676441266
1562.17	0.0004650814501107938
1562.175	0.00046781114650715065
1562.1799999999998	0.00047030044685774817
1562.1850000000002	0.00047263818366612533
1562.19	0.0004746703944369465
1562.195	0.0004762880066745698
1562.2	0.000477644783942255
1562.205	0.00047884603675995505
1562.2099999999998	0.0004794787964623918
1562.2150000000001	0.0004795729925674508
1562.22	0.0004794417752441388
1562.225	0.00047936115879565467
1562.23	0.0004791441274082968
1562.235	0.0004787355755015218
1562.2399999999998	0.00047789411827918677
1562.2450000000001	0.00047661433495632644
1562.25	0.0004752197935717617
1562.255	0.0004738946905647607
1562.26	0.00047254594682087636
1562.2649999999999	0.0004711746723216664
1562.27	0.0004699626544639879
1562.275	0.0004691110138145498
1562.28	0.0004687781417016081
1562.285	0.00046886490760860073
1562.29	0.00046908673117430997
1562.2949999999998	0.0004699578652484191
1562.3	0.0004706046536528143
1562.305	0.00047153150286090116
1562.31	0.0004724099448001155
1562.315	0.00047331630604465787
1562.32	0.00047440303249042244
1562.3249999999998	0.00047525799462313454
1562.3300000000002	0.0004761772009235215
1562.335	0.0004769820309850346
1562.34	0.00047809919494925564
1562.345	0.0004788825139115148
1562.35	0.000478873436847049
1562.3549999999998	0.00047837551191015935
1562.3600000000001	0.0004777350946081082
1562.365	0.0004770360986263032
1562.3700000000001	0.0004764858804391553
1562.375	0.00047586159787894454
1562.3799999999999	0.0004749536360683501
1562.385	0.0004734673915187521
1562.39	0.00047184702907216683
1562.395	0.0004699371208077185
1562.4	0.000467139732648873
1562.405	0.0004638000425744162
1562.4099999999999	0.0004601720262928829
1562.415	0.000456636710776771
1562.42	0.0004532917828497592
1562.425	0.00045028306805592694
1562.43	0.00044782116716643374
1562.435	0.0004461975614780321
1562.4399999999998	0.00044570364994274696
1562.445	0.0004460265839933821
1562.45	0.0004472200843264957
1562.455	0.00044885719277866493
1562.46	0.00045043355871103905
1562.465	0.00045270328791418625
1562.4699999999998	0.0004546909868821446
1562.475	0.0004566646697052455
1562.48	0.0004586899689626705
1562.4850000000001	0.00046066628403160063
1562.49	0.0004621707095342826
1562.495	0.00046346958828894245
1562.5	0.00046416152529621526
1562.505	0.0004647900752550573
1562.51	0.00046521911883150806
1562.515	0.00046538921572849065
1562.52	0.0004652890555526925
1562.5249999999999	0.00046477315217919446
1562.53	0.00046434663821815864
1562.535	0.0004641616779410611
1562.54	0.000463830814425479
1562.545	0.00046318438223570777
1562.55	0.0004623140807884707
1562.5549999999998	0.0004615224747005352
1562.56	0.00046049186258935166
1562.565	0.00045920106655814225
1562.57	0.0004579405129462548
1562.575	0.0004569777498060838
1562.58	0.0004562794639036703
1562.5849999999998	0.00045593228874195633
1562.59	0.0004559130253300403
1562.595	0.0004563458560664159
1562.6000000000001	0.0004573577315009601
1562.605	0.0004588416495438037
1562.61	0.00046043379258397876
1562.615	0.0004618030879271902
1562.62	0.00046290690397581544
1562.625	0.0004638750329151771
1562.63	0.00046456786075120516
1562.635	0.0004648630113469846
1562.6399999999999	0.00046423409912920425
1562.645	0.0004639030106472493
1562.65	0.0004635637510015445
1562.655	0.0004634628745039635
1562.66	0.0004633446582406636
1562.665	0.00046317408212583603
1562.6699999999998	0.00046322165691959613
1562.675	0.00046349295644240274
1562.68	0.000463812941805073
1562.685	0.0004644275636177014
1562.69	0.0004650522175780932
1562.695	0.0004659811706233757
1562.6999999999998	0.00046769578453928
1562.705	0.00046960224191830956
1562.71	0.0004712680906469524
1562.7150000000001	0.0004724169192159474
1562.72	0.00047333882849134884
1562.725	0.0004734501379320712
1562.73	0.0004733134113569094
1562.735	0.00047360342679868885
1562.74	0.00047433546318014023
1562.7450000000001	0.0004749175222043794
1562.75	0.00047564265118852516
1562.7549999999999	0.0004761268691324009
1562.76	0.00047617056409061877
1562.7649999999999	0.000475505210500179
1562.77	0.0004740367416967567
1562.775	0.0004719084149618321
1562.78	0.00046910606138858096
1562.7849999999999	0.00046644967424126234
1562.79	0.0004643684480195611
1562.795	0.0004629742481617519
1562.8	0.00046245505276719135
1562.805	0.00046286126390084314
1562.81	0.0004638845441385534
1562.8149999999998	0.00046498338072748944
1562.82	0.0004658129031546544
1562.825	0.0004663702565702657
1562.8300000000002	0.00046630794352100314
1562.835	0.000465324108945624
1562.84	0.0004631611937982733
1562.845	0.00045988950748596916
1562.85	0.000455920336244183
1562.855	0.0004508378011264473
1562.8600000000001	0.00044479417219638783
1562.865	0.0004378326559067504
1562.87	0.00043126188401559516
1562.875	0.0004253119980891838
1562.8799999999999	0.0004208743172254633
1562.885	0.0004187720975528757
1562.89	0.000419746042069186
1562.895	0.0004230112214092514
1562.8999999999999	0.00042865630857683403
1562.905	0.0004345754323060379
1562.9099999999999	0.00044158210645276494
1562.915	0.00044696723241824393
1562.92	0.00045153066020272757
1562.925	0.00045398711713766804
1562.93	0.0004547648988724502
1562.935	0.00045376913445918974
1562.9399999999998	0.0004514110638591762
1562.9450000000002	0.0004482424671637666
1562.95	0.0004449754952727697
1562.955	0.0004416366818777725
1562.96	0.0004389768650389899
1562.965	0.0004373552402350386
1562.97	0.00043696602614090986
1562.9750000000001	0.0004376477153347083
1562.98	0.00043879533499285395
1562.985	0.0004406668071387425
1562.99	0.0004430522643584984
1562.995	0.000445243780504358
1563	0.00044781373723077396
1563.005	0.00044996825222255884
1563.01	0.00045212931610458533
1563.0149999999999	0.0004541761006745543
1563.02	0.0004561769380910807
1563.0249999999999	0.00045855085083913705
1563.03	0.0004601453174971381
1563.035	0.00046182915823963626
1563.04	0.00046291413507950756
1563.045	0.0004630060866732869
1563.05	0.0004620587155496819
1563.0549999999998	0.00046042916578777055
1563.0600000000002	0.0004579026604344427
1563.065	0.0004555715928734076
1563.07	0.00045410100927967663
1563.075	0.0004527973256032421
1563.08	0.0004520621267883425
1563.0849999999998	0.0004521349191512401
1563.0900000000001	0.0004525440077838687
1563.095	0.0004529525186748788
1563.1	0.00045322290492143323
1563.105	0.0004535341636955258
1563.11	0.0004539124541075848
1563.115	0.0004542121432764014
1563.1200000000001	0.00045429583985305094
1563.125	0.0004545490916844067
1563.1299999999999	0.0004548254311840427
1563.135	0.00045533275277484216
1563.1399999999999	0.00045604469145415436
1563.145	0.0004569448889888786
1563.15	0.00045809810479987065
1563.155	0.0004589068536151979
1563.16	0.0004598800117624346
1563.165	0.0004607300543191314
1563.1699999999998	0.00046132588918663893
1563.1750000000002	0.0004619216861729817
1563.18	0.0004621611966051024
1563.185	0.00046247043800799243
1563.19	0.00046259799471681047
1563.195	0.00046248833544529393
1563.1999999999998	0.0004622495203100448
1563.2050000000002	0.00046179062760578045
1563.21	0.00046113765645175995
1563.215	0.0004604087044663177
1563.22	0.0004596635263630408
1563.225	0.0004588382634747518
1563.2299999999998	0.00045830551849928913
1563.2350000000001	0.00045837092398520605
1563.24	0.0004583778749528696
1563.245	0.0004584232342236552
1563.25	0.00045868894911544684
1563.2549999999999	0.00045886158090135975
1563.26	0.00045892915642369047
1563.265	0.00045845989130965904
1563.27	0.0004575338173644174
1563.275	0.00045614004937538405
1563.28	0.0004546955699891426
1563.2849999999999	0.00045287707955579275
1563.29	0.00045103346237008
1563.295	0.00044963049691008823
1563.3	0.0004489466478363123
1563.305	0.0004488353569185044
1563.31	0.00044917361915675145
1563.3149999999998	0.0004498824002299286
1563.3200000000002	0.00045061477950079486
1563.325	0.0004511738395707187
1563.33	0.00045153315894826444
1563.335	0.00045178248850359865
1563.34	0.00045204901831935915
1563.3449999999998	0.0004522405319264706
1563.3500000000001	0.0004521807484239045
1563.355	0.0004517269942323981
1563.36	0.0004510123167165704
1563.365	0.0004502883894778223
1563.37	0.00044970633715788263
1563.375	0.0004491556271533863
1563.38	0.0004486881796978369
1563.385	0.0004485579274004793
1563.39	0.00044883610093282485
1563.395	0.00045035098063402165
1563.3999999999999	0.0004532834987945053
1563.405	0.0004565656078085163
1563.41	0.000458944996110272
1563.415	0.0004601775250354934
1563.42	0.00046002102321240966
1563.425	0.00045829900568567785
1563.4299999999998	0.0004558047755223567
1563.435	0.00045317299457124936
1563.44	0.0004509031862005529
1563.445	0.00044906782589239775
1563.45	0.0004480302645370658
1563.455	0.0004479118575243515
1563.4599999999998	0.0004486228926081422
1563.465	0.0004499829238668099
1563.47	0.0004517769555138345
1563.475	0.0004537913563504232
1563.48	0.00045584707174548683
1563.485	0.000457433497546064
1563.49	0.00045853801285000153
1563.4950000000001	0.00045919296738214583
1563.5	0.00045895554379025673
1563.505	0.0004583603479375032
1563.51	0.00045742700981143367
1563.5149999999999	0.0004562406212730774
1563.52	0.0004550117575067804
1563.525	0.00045375050880346046
1563.53	0.00045283411336272263
1563.535	0.0004522516198516651
1563.54	0.000451995103746394
1563.5449999999998	0.000452120559696446
1563.55	0.00045301425895566893
1563.555	0.0004540450128196466
1563.56	0.00045548127311960125
1563.565	0.00045721094286767987
1563.57	0.00045921833929481057
1563.5749999999998	0.0004608378782265106
1563.58	0.00046171486056430087
1563.585	0.000461339278377459
1563.59	0.00045989592943420526
1563.595	0.0004576124733900058
1563.6	0.00045552655224920865
1563.605	0.0004540490450709126
1563.61	0.00045318729523779664
1563.615	0.00045267016687010195
1563.6200000000001	0.0004526296187797824
1563.625	0.0004529938284062732
1563.6299999999999	0.00045346621924724154
1563.635	0.00045352548830559597
1563.64	0.00045300782667937275
1563.645	0.0004520655117892542
1563.65	0.00045097478444194855
1563.655	0.0004500137118000805
1563.6599999999999	0.000449370176919786
1563.665	0.00044940069458940387
1563.67	0.00045004157145257106
1563.675	0.00045124403589490484
1563.68	0.00045217077863660577
1563.685	0.0004535847058719259
1563.6899999999998	0.0004547302186641545
1563.695	0.0004555885026760593
1563.7	0.0004561998939456142
1563.705	0.00045626914990109374
1563.71	0.00045599998655584956
1563.715	0.0004551630427369264
1563.72	0.0004539347959819934
1563.725	0.0004516915609665117
1563.73	0.00044855437554070735
1563.7350000000001	0.0004449666493921142
1563.74	0.00044054610740776394
1563.745	0.0004359851836103862
1563.75	0.0004330625573209661
1563.7549999999999	0.0004323596770562406
1563.76	0.00043356550075656215
1563.765	0.00043672374243784175
1563.77	0.0004408485021003533
1563.7749999999999	0.00044500801980387896
1563.78	0.0004491846480189705
1563.785	0.00045261717164577896
1563.79	0.00045470340071533243
1563.795	0.0004558846066220112
1563.8	0.0004562852554954589
1563.8049999999998	0.0004562670682064332
1563.81	0.00045581238467973717
1563.815	0.0004554260907323162
1563.82	0.0004551891776372955
1563.825	0.00045501557969959884
1563.83	0.00045488299539897623
1563.835	0.00045484682220937986
1563.84	0.00045507378589038344
1563.845	0.0004552667171689922
1563.8500000000001	0.0004554698502194093
1563.855	0.0004555243234011096
1563.86	0.000455286009239238
1563.865	0.0004549455406194546
1563.87	0.0004543548567021081
1563.875	0.00045375761467936015
1563.88	0.0004531858373168157
1563.885	0.0004526006724942646
1563.8899999999999	0.00045198432361583357
1563.895	0.00045142712977108663
1563.8999999999999	0.0004508477527966676
1563.905	0.0004503217915980176
1563.91	0.00044994920359077553
1563.915	0.00044958082123301447
1563.9199999999998	0.00044924005586396103
1563.925	0.00044904614910009765
1563.9299999999998	0.00044951132611929963
1563.935	0.0004499429160742014
1563.94	0.00045036426523041166
1563.945	0.00045093487320454486
1563.95	0.0004514973144339553
1563.955	0.0004518950342975096
1563.96	0.00045207090559276126
1563.9650000000001	0.0004522416322720637
1563.97	0.000452090028067652
1563.975	0.00045208270348944283
1563.98	0.0004519005619530452
1563.985	0.00045188887786276513
1563.99	0.0004520118997995534
1563.9950000000001	0.0004517714710703203
1564	0.0004515354005662964
1564.0049999999999	0.000451157625196145
1564.01	0.00045075532128278684
1564.0149999999999	0.0004502318205112405
1564.02	0.0004495306743806113
1564.025	0.00044868864029555316
1564.03	0.0004477215351976609
1564.0349999999999	0.0004466688455707083
1564.04	0.0004455463422463623
1564.0449999999998	0.0004442825869700385
1564.05	0.00044294004344372465
1564.055	0.00044156634264616085
1564.06	0.00044055154918531286
1564.065	0.00043964421680451525
1564.07	0.0004383342708059107
1564.0749999999998	0.0004370404641438742
1564.0800000000002	0.00043612386806888783
1564.085	0.00043554327489841326
1564.09	0.00043608006078445493
1564.095	0.00043733042378691126
1564.1	0.00043923447292098833
1564.105	0.0004411896670173269
1564.1100000000001	0.00044296560423608605
1564.115	0.00044381903204192605
1564.12	0.000443522201707621
1564.125	0.00044189483890741014
1564.1299999999999	0.0004395254844335682
1564.135	0.000437099523910159
1564.14	0.0004344740376331107
1564.145	0.000431883134321415
1564.1499999999999	0.00042956856360688405
1564.155	0.00042774221718755727
1564.1599999999999	0.0004266001367641631
1564.1650000000002	0.00042603966604951255
1564.17	0.0004261341547609666
1564.175	0.00042690365007627787
1564.18	0.000428048829535205
1564.185	0.0004292243184767805
1564.1899999999998	0.00043021761280434106
1564.1950000000002	0.0004310582123594147
1564.2	0.0004315497760558256
1564.205	0.00043184915651416566
1564.21	0.0004319306415308899
1564.215	0.00043192243902012706
1564.2199999999998	0.0004319333425923018
1564.2250000000001	0.0004319960440486495
1564.23	0.0004323293075716368
1564.235	0.00043267589768750835
1564.24	0.0004333844698432524
1564.245	0.0004343095361792602
1564.25	0.00043559026420121496
1564.255	0.0004374134701159387
1564.26	0.00043940039795101
1564.265	0.0004415007344263118
1564.27	0.0004437943676892476
1564.2749999999999	0.0004461504699163252
1564.28	0.00044745823697039803
1564.285	0.0004473775721454256
1564.29	0.0004458006798358577
1564.295	0.0004431829117133439
1564.3	0.00043985220778616036
1564.3049999999998	0.00043618548122558164
1564.3100000000002	0.00043283964418073953
1564.315	0.00043041354390457653
1564.32	0.0004291843757089967
1564.325	0.00042884803844826184
1564.33	0.0004294151359495863
1564.3349999999998	0.0004312539365914181
1564.3400000000001	0.0004337098795763611
1564.345	0.00043648246602328704
1564.35	0.0004388728947470721
1564.355	0.00044093802637709754
1564.36	0.0004422912394230122
1564.3649999999998	0.0004428660727561781
1564.3700000000001	0.000442822647843821
1564.375	0.0004423289168825373
1564.38	0.00044178231308784937
1564.385	0.00044118935092457844
1564.3899999999999	0.0004407259532685265
1564.395	0.0004400354379698926
1564.4	0.00043971732325506107
1564.405	0.0004394535499462147
1564.41	0.0004393784872612807
1564.415	0.0004390837172312261
1564.4199999999998	0.0004387601019452776
1564.425	0.0004383357957496077
1564.43	0.00043753898687662465
1564.435	0.0004361159972177107
1564.44	0.0004344154442267014
1564.445	0.00043335836875026124
1564.4499999999998	0.0004326893457906171
1564.4550000000002	0.000432407050151
1564.46	0.0004323871689779289
1564.465	0.0004322243104471913
1564.47	0.00043165019291103394
1564.475	0.0004310192692573871
1564.4799999999998	0.0004301949187500179
1564.4850000000001	0.0004290486558084607
1564.49	0.0004275742656685935
1564.4950000000001	0.000426238382110399
1564.5	0.0004255413077771664
1564.5049999999999	0.0004255588785470084
1564.51	0.0004259981490728091
1564.515	0.0004266873398954005
1564.52	0.0004276897314153534
1564.525	0.00042885186549060345
1564.53	0.000429929029803257
1564.5349999999999	0.0004306175978051472
1564.54	0.0004301927297215101
1564.545	0.00042875153905841987
1564.55	0.00042649624674791225
1564.555	0.00042379573382975193
1564.56	0.0004209240252275811
1564.5649999999998	0.00041769170531069514
1564.57	0.0004145854583210589
1564.575	0.0004115533766278764
1564.58	0.00040895474111377647
1564.585	0.0004069012041379971
1564.59	0.0004053458810036115
1564.5949999999998	0.00040432230053644164
1564.6	0.00040417189814409695
1564.605	0.00040507202135136347
1564.6100000000001	0.0004070371673937927
1564.615	0.00041072906351212577
1564.62	0.0004156356943176449
1564.625	0.00042096185431873714
1564.63	0.0004265386721161081
1564.635	0.0004305885737483333
1564.64	0.0004327995187599261
1564.645	0.0004324817126195956
1564.6499999999999	0.00043029752355088933
1564.655	0.0004263945123106306
1564.66	0.0004222844028677649
1564.665	0.00041876977102189047
1564.67	0.00041546226517591195
1564.675	0.0004131203728887112
1564.6799999999998	0.0004123079125494355
1564.685	0.0004133485141819511
1564.69	0.0004159101000889659
1564.695	0.000419477716791923
1564.7	0.0004236931338569603
1564.705	0.0004278490858390312
1564.7099999999998	0.00043150341029711596
1564.715	0.00043437488056176306
1564.72	0.0004363039041248918
1564.7250000000001	0.0004373534496297999
1564.73	0.00043766268730997766
1564.735	0.0004374277676898698
1564.74	0.00043653402479809113
1564.745	0.00043539750570328184
1564.75	0.00043403375773308397
1564.755	0.0004325599899874005
1564.76	0.000431000321430168
1564.7649999999999	0.0004288850968136988
1564.77	0.00042640629989305754
1564.775	0.00042466013835175035
1564.78	0.0004234242095965005
1564.785	0.0004234499646295154
1564.79	0.00042489833718809873
1564.7949999999998	0.00042730991894901054
1564.8	0.00042923671794400047
1564.805	0.00043044849556245587
1564.81	0.00043116240379635883
1564.815	0.00043111812557036907
1564.82	0.0004301416849640478
1564.8249999999998	0.0004285177286883981
1564.83	0.00042684609090059287
1564.835	0.00042520229615891967
1564.8400000000001	0.00042394261817304093
1564.845	0.0004230382266959666
1564.85	0.00042252837668411703
1564.855	0.0004223876360991706
1564.86	0.0004226098884128014
1564.865	0.0004232079135198441
1564.8700000000001	0.00042385924737974907
1564.875	0.0004242528372671896
1564.8799999999999	0.00042442557018063104
1564.885	0.0004242727845252056
1564.8899999999999	0.00042375729562115513
1564.895	0.0004231086087935961
1564.9	0.00042209973032842013
1564.905	0.00042096718579400806
1564.9099999999999	0.0004197557180372751
1564.915	0.000418482629021656
1564.92	0.00041714500707241834
1564.925	0.0004155927517220429
1564.93	0.00041438544105120627
1564.935	0.0004133397494130006
1564.9399999999998	0.0004124926231504322
1564.945	0.0004119716682435038
1564.95	0.0004117911980255024
1564.9550000000002	0.00041212950593055744
1564.96	0.0004128174040550612
1564.965	0.00041410422567518074
1564.97	0.0004160571258780358
1564.975	0.00041815742014593486
1564.98	0.00041997257802015616
1564.9850000000001	0.0004211923374620539
1564.99	0.00042156720558431153
1564.995	0.00042114031517883537
1565	0.0004202370280744237
1565.0049999999999	0.0004190592981425265
1565.01	0.0004176378860032932
1565.015	0.0004163341317903728
1565.02	0.0004152897609632099
1565.0249999999999	0.000415130816143572
1565.03	0.0004157237618226883
1565.0349999999999	0.0004168226720298501
1565.04	0.0004185817030857095
1565.045	0.00042048313430374497
1565.05	0.00042234074638982934
1565.0549999999998	0.00042382295707342027
1565.06	0.00042474587090963274
1565.0649999999998	0.0004251882078314392
1565.0700000000002	0.00042526106181544644
1565.075	0.00042503987028262737
1565.08	0.0004245295825158967
1565.085	0.00042381463369170204
1565.09	0.00042283828532923743
1565.095	0.00042184525185485805
1565.1000000000001	0.00042099422564904665
1565.105	0.0004200975140108699
1565.11	0.0004191448098250048
1565.115	0.0004183647203943187
1565.12	0.0004179327467848871
1565.125	0.00041765595125302585
1565.13	0.0004178715435263725
1565.135	0.00041814522247414146
1565.1399999999999	0.00041775430904193587
1565.145	0.00041676297013039804
1565.1499999999999	0.00041568800238151783
1565.155	0.000414426894202776
1565.16	0.00041318569450424783
1565.165	0.00041281467280431124
1565.1699999999998	0.00041326152853962304
1565.175	0.0004141552906461022
1565.1799999999998	0.00041548459110566564
1565.1850000000002	0.0004172553031565472
1565.19	0.0004190779401267945
1565.195	0.0004206061276740762
1565.2	0.0004215483282830472
1565.205	0.0004218315727541203
1565.2099999999998	0.0004215838679777213
1565.2150000000001	0.00042063057201115146
1565.22	0.00041900422505134166
1565.225	0.00041719542081668383
1565.23	0.0004153927068813637
1565.235	0.0004137579875262844
1565.24	0.0004124058986613992
1565.2450000000001	0.00041112298303818534
1565.25	0.00041045783747817186
1565.2549999999999	0.0004102151320828714
1565.26	0.0004103252330544073
1565.2649999999999	0.0004107797936935874
1565.27	0.0004115656472949156
1565.275	0.00041228820348838713
1565.28	0.00041331235600626867
1565.285	0.000414325098855955
1565.29	0.0004156400440250097
1565.2949999999998	0.00041719163907762353
1565.3000000000002	0.0004186261532780546
1565.305	0.0004203085625664105
1565.31	0.0004218028376550272
1565.315	0.00042307817478689586
1565.32	0.0004243883666501576
1565.3249999999998	0.00042554736266914523
1565.3300000000002	0.00042652175043354193
1565.335	0.0004272719910028188
1565.34	0.0004278413859366202
1565.345	0.0004278976802343171
1565.35	0.00042747171399056146
1565.3549999999998	0.0004268369759378153
1565.3600000000001	0.00042629520996631
1565.365	0.0004254469183576565
1565.37	0.0004244455836021184
1565.375	0.00042368027349077946
1565.3799999999999	0.0004234013192983894
1565.385	0.0004235241706776719
1565.39	0.00042402870364163174
1565.395	0.00042493802161849815
1565.4	0.0004261221799301353
1565.405	0.0004274155667669401
1565.4099999999999	0.00042841903620547577
1565.415	0.0004297361121446456
1565.42	0.0004306756410305543
1565.425	0.0004314651314457266
1565.43	0.00043206952972130294
1565.435	0.00043245678838095726
1565.4399999999998	0.0004327110169762735
1565.4450000000002	0.00043290556641295574
1565.45	0.00043292088333662953
1565.455	0.0004328809773453003
1565.46	0.00043253752391067877
1565.465	0.0004319820308009702
1565.4699999999998	0.0004314730856117463
1565.4750000000001	0.0004314140635534062
1565.48	0.0004319681798786524
1565.485	0.0004328703335232338
1565.49	0.0004341401933331293
1565.495	0.00043563701631475744
1565.5	0.0004362281246887886
1565.505	0.0004358201165700411
1565.51	0.00043462412838079416
1565.515	0.0004330586681443346
1565.52	0.0004313124251051972
1565.5249999999999	0.00042951129410129826
1565.53	0.0004277552098190883
1565.535	0.00042631648591712114
1565.54	0.00042539307202681673
1565.545	0.00042507531430844957
1565.55	0.00042540008307761167
1565.5549999999998	0.00042625982494477787
1565.56	0.0004274608344390455
1565.565	0.00042911190953938557
1565.57	0.0004307516644843585
1565.575	0.0004324735877484002
1565.58	0.00043392381578991724
1565.5849999999998	0.00043512614582895864
1565.59	0.00043643998224063464
1565.595	0.0004372751190411234
1565.6	0.00043778261832309103
1565.605	0.0004379556475499818
1565.61	0.000437963986769319
1565.615	0.00043799020639590186
1565.6200000000001	0.0004381056284041159
1565.625	0.0004380368985891156
1565.63	0.00043840334047722044
1565.635	0.0004382500192347169
1565.6399999999999	0.00043806354440506767
1565.645	0.000437680981165314
1565.65	0.0004373064772378143
1565.655	0.0004368238553672475
1565.66	0.00043605144528879907
1565.665	0.0004348257749393851
1565.6699999999998	0.0004331906566378096
1565.675	0.0004316022464655104
1565.68	0.0004299996221958319
1565.685	0.0004284810437619027
1565.69	0.0004271671012353277
1565.695	0.00042636420816386975
1565.6999999999998	0.00042596186158910386
1565.705	0.00042584795485074885
1565.71	0.00042603005956485114
1565.715	0.00042643708251510466
1565.72	0.0004271412034461219
1565.725	0.000427958534878868
1565.73	0.000428771067204139
1565.735	0.00042956934972754795
1565.74	0.00043023881147215097
1565.7450000000001	0.00043062998267846613
1565.75	0.00043058533074411985
1565.7549999999999	0.00043010568795507216
1565.76	0.00042939983653514027
1565.765	0.0004290170025861752
1565.77	0.00042852800332161687
1565.775	0.0004280635815981464
1565.78	0.0004273473029927967
1565.7849999999999	0.00042661820779906303
1565.79	0.00042592631758251365
1565.795	0.00042534468236804594
1565.8	0.0004250297833498707
1565.805	0.0004250088026275634
1565.81	0.00042522319094265667
1565.8149999999998	0.0004254447661923308
1565.82	0.0004258936735810539
1565.825	0.00042669488953353557
1565.83	0.00042695160418854686
1565.835	0.00042669729157982915
1565.84	0.000426124611095535
1565.845	0.00042528723763267124
1565.85	0.0004242846859915161
1565.855	0.0004233456246383142
1565.8600000000001	0.00042275105353263066
1565.865	0.00042235255158208624
1565.87	0.000422276888495092
1565.875	0.0004223742818472454
1565.8799999999999	0.00042281874030295467
1565.885	0.0004234471533208898
1565.89	0.0004238114135790185
1565.895	0.00042365368961044743
1565.8999999999999	0.0004229485871588426
1565.905	0.00042179291419465253
1565.91	0.0004204782970671751
1565.915	0.0004187013257715098
1565.92	0.0004164789282405216
1565.925	0.00041394077351389157
1565.9299999999998	0.00041130651486034404
1565.935	0.0004088597892317626
1565.94	0.0004070869636155408
1565.945	0.00040529708722735424
1565.95	0.0004036179024908524
1565.955	0.00040211008902312786
1565.96	0.00040076544049703086
1565.965	0.0003998397827751402
1565.97	0.00039934210603400857
1565.9750000000001	0.00039887775040636347
1565.98	0.0003984436432097583
1565.985	0.00039842103282635626
1565.99	0.0003987894682802767
1565.995	0.0003997050806466031
1566	0.0004009525713378409
1566.005	0.0004025747493948812
1566.01	0.00040420298274756284
1566.0149999999999	0.0004062460293943142
1566.02	0.000407770994598529
1566.0249999999999	0.00040918274800126505
1566.03	0.0004101238052983203
1566.035	0.000410565084819339
1566.04	0.00041068180900035464
1566.0449999999998	0.000410479567992608
1566.05	0.00040997959304870247
1566.055	0.0004093756597315299
1566.06	0.00040896741443983053
1566.065	0.0004089111438388874
1566.07	0.0004091246856495775
1566.075	0.00040966430402192554
1566.08	0.00041064041222072136
1566.085	0.0004122005597581712
1566.0900000000001	0.0004141482100390875
1566.095	0.00041618021429771243
1566.1	0.0004180085045351168
1566.105	0.0004194480319199851
1566.11	0.0004211122409823988
1566.115	0.00042227727770979324
1566.1200000000001	0.00042359497925353054
1566.125	0.00042462609696287604
1566.1299999999999	0.00042559290875210696
1566.135	0.000426460994010666
1566.1399999999999	0.0004273401287346883
1566.145	0.0004282939479434629
1566.15	0.0004289421834308139
1566.155	0.00042977754481710853
1566.1599999999999	0.0004305077376744976
1566.165	0.0004309832683618436
1566.1699999999998	0.00043143730305985126
1566.175	0.0004318653372535186
1566.18	0.0004320292002228396
1566.185	0.00043185553133683535
1566.19	0.0004317604142305016
1566.195	0.00043135484195274874
1566.1999999999998	0.00043064940911539083
1566.2050000000002	0.00043017391859692054
1566.21	0.0004296111494445871
1566.215	0.00042913437558120526
1566.22	0.00042858267716454357
1566.225	0.0004280462163160079
1566.23	0.0004274976071205965
1566.2350000000001	0.0004267974051205679
1566.24	0.00042596349604351476
1566.245	0.00042536255212359666
1566.25	0.00042461778511970776
1566.2549999999999	0.0004237657607981498
1566.26	0.0004227171304186967
1566.265	0.0004215218924112215
1566.27	0.0004202674377424164
1566.2749999999999	0.0004189715411850009
1566.28	0.0004179548897072297
1566.2849999999999	0.00041698850130380486
1566.29	0.0004161153071716839
1566.295	0.00041528137066399547
1566.3	0.00041446160000448547
1566.305	0.0004140301608074699
1566.31	0.0004135833166538117
1566.3149999999998	0.0004133273951829717
1566.3200000000002	0.00041314894917518323
1566.325	0.0004132179710518783
1566.33	0.0004137299995349988
1566.335	0.00041465535673331714
1566.34	0.0004159427479137478
1566.3449999999998	0.00041717159024321057
1566.3500000000001	0.00041834888248018254
1566.355	0.0004194304090295809
1566.36	0.0004202578750145985
1566.365	0.00042055877565599405
1566.37	0.0004204927310072483
1566.375	0.00042007018403767104
1566.38	0.0004192852395989142
1566.385	0.00041835500246144037
1566.3899999999999	0.00041748325151801433
1566.395	0.0004166867330286313
1566.3999999999999	0.0004158460367472379
1566.405	0.00041530220192953997
1566.41	0.00041511443770327885
1566.415	0.00041511057901516367
1566.42	0.00041520311210163207
1566.425	0.00041535152422173633
1566.4299999999998	0.00041551216046060275
1566.4350000000002	0.0004157325501401924
1566.44	0.0004160287207603697
1566.445	0.00041629111476807737
1566.45	0.00041655764458383847
1566.455	0.000416888238750378
1566.4599999999998	0.00041710097864412966
1566.4650000000001	0.0004172287812203251
1566.47	0.00041728332871571167
1566.475	0.0004172973441988277
1566.48	0.00041737491118053785
1566.485	0.00041751418977317375
1566.4899999999998	0.0004177346126902649
1566.4950000000001	0.00041789378676647274
1566.5	0.0004179873730046975
1566.505	0.00041769642206936243
1566.51	0.00041720863466485856
1566.5149999999999	0.00041649682689477924
1566.52	0.0004155584030241769
1566.525	0.0004144251813672385
1566.53	0.00041361903455704597
1566.535	0.0004133423956147874
1566.54	0.0004137620416620875
1566.5449999999998	0.0004143805009171126
1566.55	0.00041547083511407835
1566.555	0.0004169901598048461
1566.56	0.00041855367748344565
1566.565	0.00041993092851552575
1566.57	0.0004212804134990696
1566.5749999999998	0.00042263640110322474
1566.5800000000002	0.0004232935014356462
1566.585	0.00042356864821520675
1566.59	0.00042356482849806684
1566.595	0.0004232954403458356
1566.6	0.00042276695136280693
1566.6049999999998	0.00042196110923753524
1566.6100000000001	0.00042112603228431814
1566.615	0.0004204916445061674
1566.6200000000001	0.0004199186421474875
1566.625	0.00041932353223608055
1566.6299999999999	0.0004188411939919614
1566.635	0.0004183713015225518
1566.64	0.0004179443704798163
1566.645	0.00041752341984800174
1566.65	0.00041714387095411815
1566.655	0.0004168614055910678
1566.6599999999999	0.0004164968268014487
1566.665	0.0004164870137047632
1566.67	0.000416243087074475
1566.675	0.0004160678363620558
1566.68	0.00041581883214278717
1566.685	0.00041545711187924284
1566.6899999999998	0.000415265987939439
1566.695	0.000415046372838458
1566.7	0.0004147534122774643
1566.705	0.00041441294430583656
1566.71	0.0004140810123171986
1566.715	0.00041341388853469396
1566.7199999999998	0.0004124572152440319
1566.725	0.00041159497503267563
1566.73	0.0004109495548156055
1566.7350000000001	0.00041035872891796005
1566.74	0.0004098132067044812
1566.745	0.0004094843240740868
1566.75	0.000409433662956681
1566.755	0.00040955546437355483
1566.76	0.0004098060626124392
1566.765	0.00041008817226025843
1566.77	0.0004101728554955217
1566.7749999999999	0.00040998175871444144
1566.78	0.00040960154206010866
1566.785	0.0004090454642133684
1566.79	0.00040815306038524994
1566.795	0.0004069018602558679
1566.8	0.00040546159514865006
1566.8049999999998	0.0004042186786183565
1566.81	0.0004028206605664829
1566.815	0.0004013368139941893
1566.82	0.00039972019679436255
1566.825	0.00039814198194276155
1566.83	0.00039690051939853546
1566.8349999999998	0.0003957854412114554
1566.84	0.00039491244958854427
1566.845	0.00039478834431137214
1566.8500000000001	0.00039554803311820004
1566.855	0.0003978197999994257
1566.86	0.0004012459793850152
1566.865	0.00040481823124711216
1566.87	0.0004081625402282315
1566.875	0.000409368429401434
1566.88	0.0004090935275933837
1566.885	0.0004077766541937804
1566.8899999999999	0.0004058578980789108
1566.895	0.00040398505656134994
1566.9	0.0004027242881467584
1566.905	0.00040209064046984705
1566.91	0.00040212150056593356
1566.915	0.0004033052184176184
1566.9199999999998	0.00040525500730875563
1566.925	0.0004076988243993739
1566.93	0.00041037120206301755
1566.935	0.0004129121659657012
1566.94	0.00041490141277737567
1566.945	0.0004158989138604857
1566.9499999999998	0.00041588966839836353
1566.955	0.0004147952857002688
1566.96	0.00041258465837468064
1566.9650000000001	0.0004094854290227397
1566.97	0.00040581983483233187
1566.975	0.0004023672464328687
1566.98	0.0003990692789297674
1566.985	0.0003956169575812659
1566.99	0.0003924250989182139
1566.9950000000001	0.0003892710267702001
1567	0.0003867704064251186
1567.0049999999999	0.0003851186080206484
1567.01	0.00038409752605731193
1567.0149999999999	0.0003835246031452622
1567.02	0.0003838110184580588
1567.025	0.00038533057578710807
1567.03	0.00038813986105461776
1567.0349999999999	0.00039229139050716156
1567.04	0.0003980403349645749
1567.045	0.00040416793264429045
1567.05	0.0004098084465197788
1567.055	0.0004145067838987508
1567.06	0.00041804334709168926
1567.0649999999998	0.00042055351418257276
1567.07	0.0004214498863415835
1567.075	0.0004211799241964531
1567.0800000000002	0.00042013848831513146
1567.085	0.00041865541704923286
1567.09	0.00041679933448016446
1567.095	0.00041497749066243605
1567.1	0.0004130697345866955
1567.105	0.00041159095995071357
1567.1100000000001	0.0004103571443815334
1567.115	0.00040937585474706893
1567.12	0.00040878104569557
1567.125	0.00040857414974721363
1567.1299999999999	0.0004085815979269578
1567.135	0.0004085239151873576
1567.14	0.00040838925834678537
1567.145	0.00040832729583787275
1567.1499999999999	0.00040811987237576947
1567.155	0.0004078274053377027
1567.1599999999999	0.0004075298472074382
1567.165	0.00040731411913009157
1567.17	0.00040720742093394035
1567.175	0.00040699412456865236
1567.1799999999998	0.00040678488713419324
1567.185	0.0004065276802280809
1567.1899999999998	0.0004065065478310311
1567.1950000000002	0.00040639779763296247
1567.2	0.000406388050498932
1567.205	0.0004065189148155755
1567.21	0.0004068833756230401
1567.215	0.00040723884320569145
1567.22	0.0004073776177672735
1567.2250000000001	0.00040735988803726453
1567.23	0.0004071966661734369
1567.235	0.0004069876158733661
1567.24	0.0004068706449550008
1567.245	0.00040659442314594523
1567.25	0.00040614752345632834
1567.255	0.00040551809701974
1567.26	0.0004048403081717229
1567.2649999999999	0.00040406296727320295
1567.27	0.0004030687594848665
1567.2749999999999	0.00040178619259257265
1567.28	0.00040044558566677347
1567.285	0.00039926230689097867
1567.29	0.00039819161769713226
1567.2949999999998	0.00039718598788480915
1567.3	0.00039629694373235103
1567.3049999999998	0.00039570283656696864
1567.3100000000002	0.0003956019119936132
1567.315	0.00039585561566273056
1567.32	0.0003962874930142778
1567.325	0.000396982226055331
1567.33	0.00039806140861089697
1567.3349999999998	0.00039931573264422916
1567.3400000000001	0.0004014101748842408
1567.345	0.00040299381140020856
1567.35	0.00040466397806831556
1567.355	0.00040632812524501365
1567.36	0.0004079260650313981
1567.365	0.0004095105333554008
1567.3700000000001	0.00041084050463324826
1567.375	0.0004115566649483455
1567.3799999999999	0.0004110112310868777
1567.385	0.0004091124693536133
1567.3899999999999	0.00040623200373572963
1567.395	0.000402311256555745
1567.4	0.0003980870551900212
1567.405	0.000395046770064113
1567.4099999999999	0.0003929692540597822
1567.415	0.00039204497565709383
1567.4199999999998	0.00039237417865888003
1567.4250000000002	0.0003938392852026455
1567.43	0.00039614818268429047
1567.435	0.0003988764395063299
1567.44	0.00040179134821910316
1567.445	0.0004043779786031471
1567.4499999999998	0.00040636267118464444
1567.4550000000002	0.0004079041006780589
1567.46	0.0004086678381052814
1567.465	0.0004084284592254012
1567.47	0.00040750091193132113
1567.475	0.0004063218076855856
1567.4799999999998	0.0004051542326764008
1567.4850000000001	0.0004040722240226036
1567.49	0.00040303737248535666
1567.495	0.0004020623044806793
1567.5	0.000401270331865807
1567.5049999999999	0.00040040799047531025
1567.51	0.00039992168860622664
1567.515	0.00039942787049704185
1567.52	0.0003989787458277302
1567.525	0.00039832784711692215
1567.53	0.0003977142980242175
1567.5349999999999	0.0003970800816359937
1567.54	0.00039665412628712336
1567.545	0.00039618831948066475
1567.55	0.00039590714205063165
1567.555	0.00039585714699391075
1567.56	0.000395258550809644
1567.5649999999998	0.0003944331264045093
1567.5700000000002	0.00039352861997176244
1567.575	0.0003920162324582591
1567.58	0.0003904838210846008
1567.585	0.0003893771836365184
1567.59	0.00038882723317870536
1567.5949999999998	0.00038869231216160597
1567.6000000000001	0.0003885973329322356
1567.605	0.0003890068793442456
1567.61	0.00038990357507663517
1567.615	0.00039114106700731486
1567.62	0.00039246897462627626
1567.625	0.0003935356769541544
1567.63	0.0003938571495155333
1567.635	0.0003937704864054378
1567.64	0.00039338172165297164
1567.645	0.0003927026119987473
1567.6499999999999	0.0003916134011439072
1567.655	0.0003902030095550487
1567.66	0.0003888182984041124
1567.665	0.00038758439599499646
1567.67	0.00038658559320493244
1567.675	0.0003858237408037542
1567.6799999999998	0.0003851699580497405
1567.685	0.00038491485451938996
1567.69	0.0003850284580675336
1567.695	0.0003855479611282958
1567.7	0.00038664367963694404
1567.705	0.00038809184563715776
1567.7099999999998	0.00038975492911506095
1567.7150000000001	0.00039155552782510933
1567.72	0.0003932871038662384
1567.725	0.00039484425630675126
1567.73	0.000395917401453445
1567.735	0.00039599834473283895
1567.74	0.00039414986832851103
1567.7450000000001	0.0003909869763143427
1567.75	0.0003874421592303488
1567.755	0.0003838879060857451
1567.76	0.0003804636128604456
1567.7649999999999	0.0003780348222587397
1567.77	0.0003773419931791084
1567.775	0.00037804423277512493
1567.78	0.00038029931618434505
1567.785	0.0003838463470007822
1567.79	0.0003882697667434011
1567.7949999999998	0.0003931425846338923
1567.8	0.0003979918217478305
1567.805	0.0004020394392115627
1567.81	0.0004046678074346149
1567.815	0.000405969428627788
1567.82	0.0004060734645927133
1567.8249999999998	0.0004052333743261025
1567.83	0.0004036949043539359
1567.835	0.00040170573656455683
1567.84	0.0003996083439711652
1567.845	0.0003977254966871291
1567.85	0.0003957784504295978
1567.855	0.0003938765744985773
1567.86	0.0003919776114319272
1567.865	0.0003908112995831042
1567.8700000000001	0.00038990886735129735
1567.875	0.00038937191778611735
1567.8799999999999	0.0003894930413918876
1567.885	0.00039073035286774625
1567.89	0.0003934664678842142
1567.895	0.00039711498401771
1567.9	0.00040028757068237775
1567.905	0.00040199932062832483
1567.9099999999999	0.00040169083681421825
1567.915	0.00039999278211749534
1567.92	0.00039770135428164
1567.925	0.0003950586115302978
1567.93	0.00039241404767787955
1567.935	0.0003904528660031983
1567.9399999999998	0.00038937133966150406
1567.945	0.000388719956473073
1567.95	0.00038906836372695503
1567.955	0.0003901166661227746
1567.96	0.0003914428523843044
1567.965	0.0003929635783005167
1567.97	0.00039464633686192634
1567.975	0.0003961216700832838
1567.98	0.00039714664659705056
1567.9850000000001	0.0003977415380644167
1567.99	0.000397987730009578
1567.995	0.0003980110972773283
1568	0.0003978323549832053
1568.0049999999999	0.00039762144663760415
1568.01	0.0003973340462725471
1568.015	0.0003969652129672074
1568.02	0.00039659637966186817
1568.0249999999999	0.0003961292227522677
1568.03	0.00039573583390541215
1568.035	0.0003954119747861664
1568.04	0.00039526134450471056
1568.045	0.00039537992021970747
1568.05	0.00039557769082215007
1568.0549999999998	0.00039592136933818973
1568.06	0.00039637956989364934
1568.065	0.00039691295181797104
1568.07	0.0003975365304764272
1568.075	0.0003984806866536502
1568.08	0.0003996233570784257
1568.085	0.00040057900624880266
1568.09	0.0004014043369022656
1568.095	0.00040243355462511065
1568.1000000000001	0.00040354622617048475
1568.105	0.00040454659776284236
1568.11	0.00040560197992796403
1568.115	0.0004063984912828062
1568.12	0.0004069639371548577
1568.125	0.00040734329432290015
1568.13	0.000407615282468378
1568.135	0.00040773561563538794
1568.1399999999999	0.0004075211070226819
1568.145	0.00040703384489539513
1568.1499999999999	0.00040621109668274196
1568.155	0.0004052047449725818
1568.16	0.00040416348376649043
1568.165	0.00040314139133576504
1568.1699999999998	0.0004021028103938372
1568.175	0.0004009910731478165
1568.18	0.0004000698862600932
1568.185	0.00039946870695498207
1568.19	0.0003991535382864653
1568.195	0.0003987370155323776
1568.2	0.00039849692492457115
1568.205	0.00039828564625172435
1568.21	0.00039829099666575355
1568.2150000000001	0.00039847940203749664
1568.22	0.0003988657545894625
1568.225	0.00039948450500996844
1568.23	0.00040018064412491105
1568.235	0.00040129978532165426
1568.24	0.0004022183197105078
1568.2450000000001	0.00040198092689337436
1568.25	0.0004008783421555599
1568.2549999999999	0.00039885474985639445
1568.26	0.0003967515722260706
1568.2649999999999	0.0003943392297535695
1568.27	0.00039146072147987654
1568.275	0.00038859181525052126
1568.28	0.0003864439831620186
1568.2849999999999	0.00038480549140327874
1568.29	0.000383365606314121
1568.2949999999998	0.0003826453896059957
1568.3	0.0003825923915247235
1568.305	0.00038288040275516195
1568.31	0.00038361146566539563
1568.315	0.0003847405429281513
1568.32	0.00038594831213114916
1568.3249999999998	0.00038682762334424955
1568.3300000000002	0.0003873257858445379
1568.335	0.0003876382843371657
1568.34	0.00038771332883855993
1568.345	0.0003874732429312207
1568.35	0.0003870822511589428
1568.355	0.00038661304285480386
1568.3600000000001	0.00038600084381150147
1568.365	0.00038526417751112246
1568.37	0.00038449417970750477
1568.375	0.00038366583547891196
1568.3799999999999	0.00038291014798531387
1568.385	0.000382515666176663
1568.39	0.00038234506870117753
1568.395	0.00038238291803102274
1568.3999999999999	0.0003828867135166502
1568.405	0.0003836242248315356
1568.4099999999999	0.0003843430894437927
1568.415	0.00038486249307042924
1568.42	0.0003853251379490144
1568.425	0.00038521177509459104
1568.43	0.00038411932757631057
1568.435	0.0003820475318587285
1568.4399999999998	0.0003791880342642926
1568.4450000000002	0.00037582113124232536
1568.45	0.00037251931330132106
1568.455	0.0003694826340734729
1568.46	0.0003673064350567194
1568.465	0.0003663572924799253
1568.4699999999998	0.0003666870106651334
1568.4750000000001	0.0003680857547029966
1568.48	0.0003707518087395465
1568.485	0.0003742858771602326
1568.49	0.00037793373792345905
1568.495	0.00038131005173623584
1568.5	0.00038381247465008104
1568.505	0.00038562197971740437
1568.51	0.00038644961466741655
1568.5149999999999	0.00038659444644482
1568.52	0.00038633960232276597
1568.5249999999999	0.0003858046080365385
1568.53	0.00038501345880430067
1568.535	0.00038419310145831686
1568.54	0.0003831835219173973
1568.545	0.0003822375310037217
1568.55	0.0003813232632695383
1568.5549999999998	0.0003805562685420969
1568.5600000000002	0.00037993767601938495
1568.565	0.00037975313151058864
1568.57	0.0003802081801777208
1568.575	0.00038169424733620975
1568.58	0.00038444962498110217
1568.5849999999998	0.0003883834984398172
1568.5900000000001	0.00039249659366559156
1568.595	0.00039648700786821644
1568.6	0.000398593493912235
1568.605	0.0003993556412243987
1568.61	0.0003991057884154824
1568.6149999999998	0.0003982854542817573
1568.6200000000001	0.0003971171517206658
1568.625	0.00039577208907997784
1568.6299999999999	0.0003945112695677066
1568.635	0.0003938729081492335
1568.6399999999999	0.0003939536011858184
1568.645	0.0003945388196593949
1568.65	0.00039555120730937985
1568.655	0.00039689214880763487
1568.66	0.0003983809832637497
1568.665	0.00039949446719030887
1568.6699999999998	0.00040037886927336445
1568.675	0.0004007789577805638
1568.68	0.00040046884399163636
1568.685	0.0003993713764819821
1568.69	0.0003976571608681347
1568.695	0.00039529313191051014
1568.6999999999998	0.0003929998734304903
1568.7050000000002	0.00039059444950917144
1568.71	0.00038806165767272713
1568.715	0.00038550846543878567
1568.72	0.0003829968048704393
1568.725	0.000381089166123478
1568.7299999999998	0.0003794718421353414
1568.7350000000001	0.0003778111210821746
1568.74	0.0003763888454907147
1568.745	0.00037538567278423175
1568.75	0.0003748821402261165
1568.7549999999999	0.00037512043080077895
1568.76	0.0003756150447112835
1568.765	0.0003763914260506684
1568.77	0.00037719098109717503
1568.775	0.00037757883138358496
1568.78	0.0003777859216680376
1568.7849999999999	0.00037736821421509824
1568.79	0.00037679239432992226
1568.795	0.000376105567452089
1568.8	0.0003755526218851733
1568.805	0.0003752472973682716
1568.81	0.000375275532654977
1568.8149999999998	0.00037583032356917206
1568.82	0.00037679918558014563
1568.825	0.0003781406896965691
1568.83	0.0003793865615294454
1568.835	0.0003806181571146264
1568.84	0.00038177214757869195
1568.8449999999998	0.00038267378859857965
1568.85	0.0003832861547497609
1568.855	0.00038340203117598256
1568.8600000000001	0.00038303756371992867
1568.865	0.00038253013978457916
1568.87	0.00038169499350713227
1568.875	0.0003807943173163578
1568.88	0.00037988970195162623
1568.885	0.00037900126481110416
1568.89	0.0003781530756658283
1568.895	0.00037742653843227494
1568.8999999999999	0.0003768773908902668
1568.905	0.00037631672012525003
1568.91	0.0003758672357483705
1568.915	0.00037622469921831333
1568.92	0.0003770984542698594
1568.925	0.00037897330946773194
1568.9299999999998	0.0003815849516833822
1568.935	0.0003842547043229816
1568.94	0.00038626919759358403
1568.945	0.00038822478356907275
1568.95	0.0003900474400762418
1568.955	0.00039100994012925114
1568.9599999999998	0.0003915750156350338
1568.965	0.0003921079967216525
1568.97	0.00039272547415496634
1568.9750000000001	0.00039324816312694946
1568.98	0.00039348044989586447
1568.985	0.00039350974457111126
1568.99	0.00039337894027308807
1568.995	0.00039332659465076
1569	0.00039333872263671394
1569.005	0.0003932829284352311
1569.01	0.0003930198078873822
1569.0149999999999	0.00039258029233628724
1569.02	0.0003920517920747033
1569.025	0.0003914592380967681
1569.03	0.0003908570889359353
1569.035	0.0003902974058835963
1569.04	0.00038987844714923937
1569.0449999999998	0.00038947181388524903
1569.05	0.00038905491195337697
1569.055	0.00038852981972433375
1569.06	0.00038787402165466446
1569.065	0.00038739051637951824
1569.07	0.0003869208244483377
1569.0749999999998	0.0003864970672557078
1569.08	0.0003859630303770569
1569.085	0.0003852078435272735
1569.0900000000001	0.00038429905232927915
1569.095	0.00038331053339304516
1569.1	0.00038225236118935406
1569.105	0.00038115118596097485
1569.11	0.0003803281701970073
1569.115	0.0003791598401117473
1569.1200000000001	0.0003777558335304665
1569.125	0.00037632049369261167
1569.1299999999999	0.00037499958433766934
1569.135	0.0003736289156594589
1569.1399999999999	0.00037139264704721725
1569.145	0.00036853245542627067
1569.15	0.00036542596127722514
1569.155	0.00036225868429507727
1569.1599999999999	0.00035913124169714044
1569.165	0.00035589566276982416
1569.17	0.00035306327790026685
1569.175	0.00035090595968699067
1569.18	0.00034977160991050765
1569.185	0.00034973789325405804
1569.1899999999998	0.00035043330831483204
1569.195	0.00035173117587786147
1569.2	0.00035336967298303293
1569.2050000000002	0.00035520679543196297
1569.21	0.0003569443779704531
1569.215	0.00035865553949343245
1569.22	0.00036021411281275185
1569.225	0.0003615303857588414
1569.23	0.0003628017123344221
1569.2350000000001	0.0003638741695829253
1569.24	0.00036487586096827955
1569.245	0.0003655152637000587
1569.25	0.00036614504561580146
1569.2549999999999	0.0003665512194435817
1569.26	0.00036672428894055244
1569.265	0.0003667970013304766
1569.27	0.0003668774443071431
1569.2749999999999	0.0003668665992004942
1569.28	0.0003666968595517665
1569.2849999999999	0.0003664019751131527
1569.29	0.00036577335106932054
1569.295	0.0003651022944519051
1569.3	0.00036479088322892563
1569.3049999999998	0.0003648330566428954
1569.31	0.00036516186493021504
1569.315	0.00036587289639668783
1569.3200000000002	0.0003668774296233666
1569.325	0.00036795947367035647
1569.33	0.0003688334129128583
1569.335	0.00036923387962359993
1569.34	0.00036912961515098955
1569.345	0.0003684117048429095
1569.3500000000001	0.00036714526797439493
1569.355	0.0003651579850878315
1569.36	0.000362719621195243
1569.365	0.00036027157130711534
1569.37	0.0003578457439402979
1569.375	0.00035614683313227205
1569.38	0.0003547838411138877
1569.385	0.0003538804303690949
1569.3899999999999	0.0003536959110696836
1569.395	0.0003540418711188152
1569.3999999999999	0.0003549327083026425
1569.405	0.00035630788298529094
1569.41	0.0003580800286150708
1569.415	0.0003601703112483392
1569.4199999999998	0.000362477398331792
1569.425	0.00036488817653806147
1569.4299999999998	0.00036743933894175693
1569.4350000000002	0.00037034507802499625
1569.44	0.00037327647153775683
1569.445	0.00037585505328487545
1569.45	0.0003778191497285566
1569.455	0.00037918462145934614
1569.4599999999998	0.00037943140077760176
1569.4650000000001	0.0003783624328559711
1569.47	0.0003760742703561275
1569.475	0.0003732374066427764
1569.48	0.00037024449190226397
1569.485	0.0003676750775238285
1569.49	0.0003656236681920328
1569.4950000000001	0.0003637143992908153
1569.5	0.0003620984060775079
1569.5049999999999	0.00036143585394005936
1569.51	0.0003616847497962908
1569.5149999999999	0.00036254475418721525
1569.52	0.0003637745812978037
1569.525	0.00036526279268532476
1569.53	0.00036701647200018293
1569.5349999999999	0.0003687707970584343
1569.54	0.0003701405106899239
1569.5449999999998	0.00037108961361934735
1569.5500000000002	0.0003713821335734693
1569.555	0.0003715470798614055
1569.56	0.0003713996598923806
1569.565	0.0003709917427192
1569.57	0.0003703128314728362
1569.5749999999998	0.00036938378542551525
1569.5800000000002	0.00036842286133086094
1569.585	0.0003675016214896179
1569.59	0.00036645019953225676
1569.595	0.0003651293171063522
1569.6	0.00036375923971217834
1569.6049999999998	0.00036255182947105734
1569.6100000000001	0.0003611576396137957
1569.615	0.00036074002146702143
1569.62	0.00036140885871731326
1569.625	0.00036265758280315584
1569.6299999999999	0.00036396293539481576
1569.635	0.00036512308943867177
1569.64	0.0003661270910142458
1569.645	0.00036641271069896435
1569.6499999999999	0.0003660293219365763
1569.655	0.0003652538484409523
1569.6599999999999	0.0003641884796612828
1569.665	0.0003626928825654069
1569.67	0.00036106176314780155
1569.675	0.0003596831497406467
1569.68	0.0003587511436672269
1569.685	0.00035830710816080235
1569.6899999999998	0.0003582465080663695
1569.6950000000002	0.00035853009317799524
1569.7	0.0003594187854506772
1569.705	0.00036066160809561186
1569.71	0.00036209714088306116
1569.715	0.0003635773662475602
1569.7199999999998	0.0003646850353507771
1569.7250000000001	0.0003659872940753883
1569.73	0.0003673564676837208
1569.735	0.0003686027358087939
1569.74	0.0003697301958131329
1569.745	0.00037058294525850287
1569.7499999999998	0.00037121660158092446
1569.755	0.0003717213839232564
1569.76	0.00037225417527232945
1569.765	0.0003725682129125397
1569.77	0.00037290337470292066
1569.7749999999999	0.0003728530719067959
1569.78	0.00037268659800688566
1569.785	0.0003722359865212003
1569.79	0.00037184216959301264
1569.795	0.000371151177248207
1569.8	0.00037029145180879526
1569.8049999999998	0.000369382531910653
1569.81	0.00036820536845224476
1569.815	0.0003673426131532545
1569.82	0.0003664949189477919
1569.825	0.0003658323782405017
1569.83	0.0003652572322130328
1569.8349999999998	0.0003648548626788188
1569.8400000000001	0.0003648084693751734
1569.845	0.000364837973079005
1569.85	0.00036444178818634444
1569.855	0.0003638602995909664
1569.86	0.0003633068495685638
1569.8649999999998	0.0003628120095682562
1569.8700000000001	0.0003620837940030375
1569.875	0.0003611933741892634
1569.88	0.00036031455977323583
1569.885	0.00035947615273023955
1569.8899999999999	0.0003587579923055897
1569.895	0.00035804905325716033
1569.9	0.0003573835690967253
1569.905	0.0003568364015795502
1569.91	0.00035634301203186147
1569.915	0.0003558135200195834
1569.9199999999998	0.00035519432009741654
1569.925	0.0003546036689200668
1569.93	0.00035405669454573077
1569.935	0.00035361462512302
1569.94	0.0003531851952466714
1569.945	0.0003526835230612324
1569.9499999999998	0.0003519176663012869
1569.955	0.00035122302956115133
1569.96	0.00035017378765950946
1569.965	0.00034900303596599187
1569.97	0.00034801759416452395
1569.975	0.00034683400723651967
1569.98	0.00034528172924091105
1569.985	0.00034340560646049084
1569.99	0.00034144863574587766
1569.9950000000001	0.00033955767061035456
1570	0.00033764256060963573
1570.0049999999999	0.00033570446275326185
1570.01	0.0003337878472626714
1570.015	0.00033256259947130095
1570.02	0.0003320932442228562
1570.025	0.0003320828761540525
1570.03	0.00033244959045895415
1570.0349999999999	0.0003332199161089887
1570.04	0.0003346101321754002
1570.045	0.0003368356382185322
1570.05	0.0003391337783037922
1570.055	0.00034145461936926593
1570.06	0.00034372224922387887
1570.0649999999998	0.0003454538361865799
1570.07	0.0003472214418623383
1570.075	0.000348468459263531
1570.08	0.00034923538280900307
1570.085	0.0003497716096913742
1570.09	0.0003498907899325538
1570.095	0.00034999803754977033
1570.1	0.0003499503655091613
1570.105	0.00034979544582162465
1570.1100000000001	0.00034956426832033656
1570.115	0.00034905080952393487
1570.12	0.0003485295337597099
1570.125	0.00034822603779381754
1570.1299999999999	0.0003482059151221374
1570.135	0.00034860978476587993
1570.14	0.0003493583373894651
1570.145	0.00035018784847769003
1570.1499999999999	0.00035079513806898283
1570.155	0.00035116799731326566
1570.16	0.0003512237066093917
1570.165	0.0003506508978909816
1570.17	0.0003495635862741719
1570.175	0.00034838636217418437
1570.1799999999998	0.00034725665503784997
1570.185	0.00034657554751294775
1570.19	0.000346512739087273
1570.195	0.00034716769158222845
1570.2	0.00034879022119353037
1570.205	0.0003509688789903518
1570.21	0.00035341801378441673
1570.215	0.00035595246403864435
1570.22	0.00035832684750721904
1570.2250000000001	0.00036044927348679874
1570.23	0.0003622281320986421
1570.235	0.00036345821405698534
1570.24	0.0003640483974426466
1570.245	0.00036437340785475754
1570.25	0.00036440846182323117
1570.255	0.00036443923750485046
1570.26	0.0003643045105127879
1570.2649999999999	0.00036410202370305297
1570.27	0.0003637434663084823
1570.2749999999999	0.0003634500291115895
1570.28	0.00036330987497230574
1570.285	0.00036324243403979066
1570.29	0.0003638165820310172
1570.2949999999998	0.00036473197152708955
1570.3	0.0003659390275088764
1570.305	0.0003676304129046974
1570.31	0.0003692579840259975
1570.315	0.0003697731007821324
1570.32	0.00036923942405179974
1570.325	0.0003675702960054748
1570.33	0.00036474302800860564
1570.335	0.0003616011152376987
1570.3400000000001	0.0003584008421766913
1570.345	0.0003553342714084205
1570.35	0.00035246247479243643
1570.355	0.0003500147259471085
1570.36	0.00034816769985356933
1570.365	0.00034710178262091696
1570.3700000000001	0.00034641480895813276
1570.375	0.0003461131315395013
1570.3799999999999	0.00034616444435700696
1570.385	0.00034651444414382867
1570.3899999999999	0.00034730726534461644
1570.395	0.00034814620202646026
1570.4	0.0003489335131257506
1570.405	0.00034966354987330287
1570.4099999999999	0.0003503776846452945
1570.415	0.00035118761241458875
1570.4199999999998	0.00035170820632474337
1570.425	0.0003520714666799736
1570.43	0.00035229572247456506
1570.435	0.00035230740129503984
1570.44	0.00035224783545537413
1570.445	0.0003521767660661423
1570.4499999999998	0.0003521280057931666
1570.4550000000002	0.00035211315844207997
1570.46	0.00035213104274128484
1570.465	0.0003522149210862152
1570.47	0.00035228277150776917
1570.475	0.0003520570551059735
1570.48	0.00035178376547806005
1570.4850000000001	0.0003521113757245678
1570.49	0.00035286345795460726
1570.495	0.00035333757109633364
1570.5	0.00035383783502649914
1570.5049999999999	0.0003545505477933382
1570.51	0.00035534172992069524
1570.515	0.00035583941344028764
1570.52	0.00035598930660922913
1570.5249999999999	0.00035627219647519455
1570.53	0.0003566983271745451
1570.5349999999999	0.00035682952204436045
1570.54	0.00035644663852333984
1570.545	0.0003563561410984866
1570.55	0.00035630372845096294
1570.555	0.0003562679889449399
1570.56	0.0003560839352699015
1570.5649999999998	0.000356009782990441
1570.5700000000002	0.00035626425994589843
1570.575	0.00035678100319625156
1570.58	0.00035734518625435543
1570.585	0.00035780341920765347
1570.59	0.00035812919197214234
1570.5949999999998	0.00035838482908541485
1570.6000000000001	0.00035864480566547084
1570.605	0.0003589922769653819
1570.61	0.0003592048414907043
1570.615	0.0003593910417346596
1570.62	0.00035945840669583386
1570.625	0.0003595213522856117
1570.63	0.0003589979743522116
1570.635	0.0003582083532310559
1570.6399999999999	0.00035677280746035833
1570.645	0.00035477645024543274
1570.6499999999999	0.00035224722380916194
1570.655	0.0003495192053765273
1570.66	0.0003469853959923392
1570.665	0.0003450306389962483
1570.67	0.00034318616987310266
1570.675	0.0003413255980976027
1570.6799999999998	0.00033945808444039505
1570.6850000000002	0.0003378122103978514
1570.69	0.00033648779657736473
1570.695	0.0003353290913982593
1570.7	0.0003341575365994741
1570.705	0.00033309573080090487
1570.7099999999998	0.00033224903910169764
1570.7150000000001	0.00033161063392977145
1570.72	0.0003313260603005212
1570.725	0.0003313328696384829
1570.73	0.0003315201273564055
1570.735	0.00033186059597618877
1570.7399999999998	0.0003321731419004459
1570.7450000000001	0.00033266580745553023
1570.75	0.0003332132091147963
1570.7549999999999	0.00033354724060569635
1570.76	0.0003338265236912422
1570.7649999999999	0.00033390963226291424
1570.77	0.00033381487206945163
1570.775	0.00033358960519562324
1570.78	0.00033332007138800766
1570.785	0.0003329143427601873
1570.79	0.00033240861329295886
1570.7949999999998	0.00033198557777230296
1570.8	0.00033157073705737596
1570.805	0.00033109483781235263
1570.81	0.0003305224977886091
1570.815	0.00032992777421207394
1570.82	0.00032967246588662
1570.8249999999998	0.0003296767086243732
1570.8300000000002	0.00033016730638198497
1570.835	0.0003310680002750523
1570.84	0.0003323857781773201
1570.845	0.00033366676687592576
1570.85	0.00033468560208334687
1570.8549999999998	0.0003355459599997782
1570.8600000000001	0.0003360541158827572
1570.865	0.00033616770881240624
1570.87	0.0003357353763195355
1570.875	0.00033485431248261985
1570.8799999999999	0.00033363453230438923
1570.885	0.0003325371189466386
1570.89	0.0003315611051978874
1570.895	0.00033077638026049764
1570.9	0.0003304593006423094
1570.905	0.0003304539321747693
1570.9099999999999	0.00033095766656392786
1570.915	0.0003317787097422467
1570.92	0.00033272429758566884
1570.925	0.00033360548788050493
1570.93	0.00033446767696817094
1570.935	0.000335194568655102
1570.9399999999998	0.0003357245239056488
1570.945	0.0003360899760712805
1570.95	0.00033627642551437026
1570.955	0.0003361992072750115
1570.96	0.0003358431475401299
1570.965	0.0003353036852306751
1570.9699999999998	0.0003344372443103344
1570.9750000000001	0.00033336725160820757
1570.98	0.00033207596064243
1570.985	0.0003299700261721175
1570.99	0.0003282388984179707
1570.995	0.0003277253243201482
1571	0.0003284617514994804
1571.005	0.0003303635687159068
1571.01	0.0003329802554190076
1571.015	0.00033558005952600173
1571.02	0.0003383838364120959
1571.0249999999999	0.0003412834282933374
1571.03	0.0003441688077364638
1571.035	0.0003465229380814938
1571.04	0.00034832964709702584
1571.045	0.0003494485997829055
1571.05	0.0003500231405787897
1571.0549999999998	0.0003506129259482912
1571.06	0.00035123017239422266
1571.065	0.00035179384939589036
1571.07	0.00035220938488737477
1571.075	0.000352494952890376
1571.08	0.00035292784963105107
1571.0849999999998	0.00035348643397304275
1571.09	0.00035392564331480133
1571.095	0.0003542223566682451
1571.1000000000001	0.0003543804350651405
1571.105	0.00035431060860941144
1571.11	0.0003541321364624239
1571.115	0.00035380929745291447
1571.12	0.00035334567709072764
1571.125	0.00035277312743859583
1571.13	0.00035192764522446916
1571.135	0.0003509926269777552
1571.1399999999999	0.00035019013247511823
1571.145	0.00034937462496319806
1571.15	0.0003483535839935245
1571.155	0.0003471528367369401
1571.16	0.00034603168842212725
1571.165	0.0003448785909906663
1571.1699999999998	0.0003435653636137171
1571.175	0.0003423418143136473
1571.18	0.00034143168858291514
1571.185	0.00034089658781726566
1571.19	0.0003403045341383487
1571.195	0.0003397190510767224
1571.1999999999998	0.0003392876805394467
1571.205	0.0003390786205450486
1571.21	0.00033911955612148635
1571.2150000000001	0.0003392197540859677
1571.22	0.000339496806746729
1571.225	0.0003397812414573214
1571.23	0.00033998001131586034
1571.235	0.0003401745224516081
1571.24	0.0003404647780841984
1571.2450000000001	0.00034077304415657884
1571.25	0.0003406981639206182
1571.2549999999999	0.00034036602683522457
1571.26	0.00033999059929847063
1571.2649999999999	0.00033976705163657115
1571.27	0.000339640013440582
1571.275	0.000339404463665451
1571.28	0.000339185272209833
1571.2849999999999	0.00033899711849890487
1571.29	0.0003389765165966679
1571.295	0.0003388785503166383
1571.3	0.0003387599634036558
1571.305	0.0003387726744804889
1571.31	0.00033889389934833885
1571.3149999999998	0.0003392229711699872
1571.32	0.00033938970879698015
1571.325	0.00033956533297896374
1571.3300000000002	0.0003394119633582747
1571.335	0.00033916018829037973
1571.34	0.00033897036338689654
1571.345	0.00033897449206787177
1571.35	0.00033901394446893556
1571.355	0.00033902832869158063
1571.3600000000001	0.0003393420867111942
1571.365	0.00034001995241183174
1571.37	0.0003408324241810685
1571.375	0.00034147591207130573
1571.3799999999999	0.00034190291378859947
1571.385	0.0003422504620306293
1571.39	0.0003425727688802002
1571.395	0.000342801510713406
1571.3999999999999	0.0003428166545709487
1571.405	0.0003426318561309211
1571.4099999999999	0.0003424727962878348
1571.415	0.0003423114544927517
1571.42	0.0003421241572408949
1571.425	0.000341928661354749
1571.4299999999998	0.0003417718205038548
1571.435	0.0003415340616271183
1571.44	0.0003411891878731465
1571.4450000000002	0.0003407567769609563
1571.45	0.00034032992802069946
1571.455	0.0003398762448531489
1571.46	0.00033944834357175444
1571.465	0.0003390183750776605
1571.47	0.0003383927639888054
1571.4750000000001	0.00033766705902053574
1571.48	0.00033676738398179116
1571.485	0.00033596621182526435
1571.49	0.00033512246926608224
1571.495	0.00033410268904748456
1571.5	0.0003332720469022964
1571.505	0.0003325235425088724
1571.51	0.00033178698306673943
1571.5149999999999	0.00033113906500280624
1571.52	0.00033046332376403373
1571.5249999999999	0.0003299778425030267
1571.53	0.000329502039217915
1571.535	0.00032910624789755976
1571.54	0.0003286568251851201
1571.5449999999998	0.0003280780366275745
1571.55	0.0003272945433524501
1571.5549999999998	0.00032635955982818237
1571.5600000000002	0.000325287404390473
1571.565	0.0003244600096915378
1571.57	0.00032348012856204926
1571.575	0.00032258464501406755
1571.58	0.00032195902903777655
1571.5849999999998	0.00032152872348803973
1571.5900000000001	0.00032125509622777434
1571.595	0.0003209097383621706
1571.6	0.0003207188628961963
1571.605	0.00032055163921989075
1571.61	0.0003204575623385607
1571.615	0.00032038983621917086
1571.6200000000001	0.000320163757177308
1571.625	0.0003197929764371219
1571.6299999999999	0.0003193054872769831
1571.635	0.00031888909876466424
1571.6399999999999	0.0003183231810421252
1571.645	0.0003176027718721456
1571.65	0.00031669314783039045
1571.655	0.00031564810238526587
1571.6599999999999	0.00031426761029995783
1571.665	0.0003126675758148458
1571.6699999999998	0.0003107281342171715
1571.6750000000002	0.0003094676922769379
1571.68	0.0003089345330570943
1571.685	0.0003094485594213885
1571.69	0.0003109499959705308
1571.695	0.0003123837501397487
1571.6999999999998	0.0003131934959851368
1571.7050000000002	0.0003130280455556087
1571.71	0.0003120215122095333
1571.715	0.0003103565511585925
1571.72	0.0003082248572929889
1571.725	0.00030609629703612546
1571.7299999999998	0.00030438639772952864
1571.7350000000001	0.0003032608893996625
1571.74	0.0003031864078468881
1571.745	0.0003040260037492191
1571.75	0.0003057022401495611
1571.7549999999999	0.0003078816338074838
1571.76	0.0003102612030963964
1571.765	0.00031314098092349895
1571.77	0.00031557134024284914
1571.7749999999999	0.0003177227915274495
1571.78	0.0003193729072432743
1571.7849999999999	0.00032033585977584984
1571.79	0.00032066214605285524
1571.795	0.00032040282639780144
1571.8	0.00031992049280271895
1571.805	0.0003192269147582744
1571.81	0.0003182822558445901
1571.8149999999998	0.00031729917695815294
1571.8200000000002	0.0003163431411332554
1571.825	0.00031566127735502183
1571.83	0.0003152152598690246
1571.835	0.0003150881663385369
1571.84	0.0003153553365017171
1571.8449999999998	0.00031613793288071926
1571.8500000000001	0.00031752446145678757
1571.855	0.00031940735317877243
1571.86	0.00032148687150318625
1571.865	0.0003237655880193976
1571.87	0.0003258565013835899
1571.8749999999998	0.00032733673102146484
1571.88	0.00032823421382179816
1571.885	0.00032864025909222646
1571.8899999999999	0.00032844588380553713
1571.895	0.00032727647299304766
1571.8999999999999	0.0003257884378046463
1571.905	0.00032453436768053936
1571.91	0.00032340502861269264
1571.915	0.0003220455303557749
1571.92	0.00032094879738858153
1571.925	0.0003201581059536578
1571.9299999999998	0.00031969691761346195
1571.935	0.0003193129410884347
1571.94	0.0003188495434323819
1571.945	0.00031826413144950554
1571.95	0.00031769550474530637
1571.955	0.0003172078879215757
1571.9599999999998	0.0003167092851938118
1571.9650000000001	0.000316167094797499
1571.97	0.0003156444210964089
1571.975	0.000315197571944323
1571.98	0.0003146120329829605
1571.985	0.00031395406714300266
1571.9899999999998	0.0003130505781488943
1571.9950000000001	0.0003122655397757859
1572	0.00031182621287823595
1572.005	0.0003114095482321549
1572.01	0.00031092420554908125
1572.0149999999999	0.000310905499700114
1572.02	0.00031147672874448054
1572.025	0.00031320055103112445
1572.03	0.0003157468874776141
1572.035	0.0003184377596821921
1572.04	0.0003215785652118041
1572.0449999999998	0.0003247193481298046
1572.05	0.00032691723895034803
1572.055	0.0003279380179363517
1572.06	0.00032835141826795673
1572.065	0.00032799095690883
1572.07	0.00032689690341327195
1572.0749999999998	0.0003254730108403316
1572.08	0.0003240869688047585
1572.085	0.0003230024112782481
1572.09	0.00032218245915547776
1572.095	0.00032158942350875807
1572.1	0.0003212330864697324
1572.1049999999998	0.00032127634321128893
1572.11	0.00032174394875815324
1572.115	0.00032227197220257957
1572.1200000000001	0.00032282510611596205
1572.125	0.0003233636782690706
1572.1299999999999	0.0003236936709313285
1572.135	0.00032401211698656756
1572.14	0.0003241877457107546
1572.145	0.0003241766009745307
1572.15	0.0003239720951486249
1572.155	0.0003236351109609048
1572.1599999999999	0.0003233215815937737
1572.165	0.000323016794098798
1572.17	0.00032273822314208173
1572.175	0.0003225097508817406
1572.18	0.0003222681806641936
1572.185	0.00032195108040229
1572.1899999999998	0.00032173372608536733
1572.195	0.0003214897215810678
1572.2	0.0003213517166374944
1572.205	0.0003213384154638493
1572.21	0.00032143172574538757
1572.215	0.0003215479082241235
1572.22	0.00032185911318331235
1572.225	0.0003222893156373624
1572.23	0.0003224153943491896
1572.2350000000001	0.00032224968768451663
1572.24	0.0003220756087870986
1572.245	0.0003217834318980351
1572.25	0.00032151355947730107
1572.2549999999999	0.00032105934231907305
1572.26	0.00032054484993045953
1572.265	0.0003201563549861933
1572.27	0.0003198029623304206
1572.2749999999999	0.0003194685252928102
1572.28	0.0003191358572040799
1572.285	0.0003187551990432188
1572.29	0.00031835100175612815
1572.295	0.0003178704194428458
1572.3	0.000317311681275569
1572.3049999999998	0.00031641795555831817
1572.31	0.0003156197777028207
1572.315	0.0003147096744466767
1572.32	0.0003137835985368491
1572.325	0.0003127945686170228
1572.33	0.0003116113058384421
1572.335	0.00031024195987057235
1572.34	0.0003089464510623778
1572.345	0.0003076237463745926
1572.3500000000001	0.00030576642875722543
1572.355	0.0003040732384106334
1572.36	0.0003024759064471984
1572.365	0.0003009744688919928
1572.37	0.0003002606798879033
1572.375	0.0002999480806891547
1572.38	0.0003005812273102301
1572.385	0.00030163488500134695
1572.3899999999999	0.000302443439307935
1572.395	0.00030335960953940794
1572.3999999999999	0.00030433521378691144
1572.405	0.0003049830781785388
1572.41	0.0003051034582313153
1572.415	0.00030504513059408014
1572.4199999999998	0.0003048556813062936
1572.425	0.00030456291182561244
1572.43	0.0003042293435368447
1572.435	0.0003036815812826632
1572.44	0.00030328728622728294
1572.445	0.0003029812844064786
1572.45	0.00030293948654116923
1572.455	0.0003032161880456726
1572.46	0.00030365617079949604
1572.4650000000001	0.0003041523141141552
1572.47	0.0003044764654278873
1572.475	0.000304698014056097
1572.48	0.0003049552963270016
1572.485	0.00030498740603188894
1572.49	0.00030487650746800093
1572.4950000000001	0.00030456089888213685
1572.5	0.00030399685791745014
1572.5049999999999	0.00030342812056395103
1572.51	0.0003026910598277883
1572.5149999999999	0.0003019364292445931
1572.52	0.00030094195248453053
1572.525	0.0002996946512192376
1572.53	0.00029828111182922076
1572.5349999999999	0.0002967970001275583
1572.54	0.00029560075347935804
1572.5449999999998	0.00029457380230959844
1572.55	0.00029378589011743063
1572.555	0.0002936921642576111
1572.56	0.0002943522007118359
1572.565	0.00029569947527202656
1572.57	0.00029726633092491423
1572.575	0.00029900542233936853
1572.5800000000002	0.0003004987650664772
1572.585	0.00030172974431528495
1572.59	0.0003022835058490511
1572.595	0.00030252918958497137
1572.6	0.00030237006587765017
1572.605	0.0003019410344304145
1572.6100000000001	0.0003012842855409234
1572.615	0.00030042540529825427
1572.62	0.0002996308942448757
1572.625	0.0002990297858539244
1572.6299999999999	0.00029887421985858064
1572.635	0.00029926859361945453
1572.64	0.00030003902295311076
1572.645	0.00030095657584639407
1572.6499999999999	0.00030191395241248596
1572.655	0.0003032623788309105
1572.6599999999999	0.00030434100195088413
1572.665	0.00030573845152634063
1572.67	0.00030714624758078243
1572.675	0.00030879506980611884
1572.68	0.0003103975712859368
1572.685	0.0003118785785131564
1572.6899999999998	0.00031389320764814384
1572.6950000000002	0.00031595469823042337
1572.7	0.0003179760102187854
1572.705	0.00031989035562856834
1572.71	0.00032113143526806736
1572.715	0.00032138270468224587
1572.7199999999998	0.00032121264394537573
1572.7250000000001	0.00032099042993091975
1572.73	0.0003206761654875117
1572.735	0.00032045648136739077
1572.74	0.0003202847874700303
1572.745	0.0003199459097887171
1572.75	0.00031954754892455484
1572.755	0.00031906402009000413
1572.76	0.00031829477923289067
1572.7649999999999	0.00031715080984039633
1572.77	0.0003156798390684157
1572.7749999999999	0.0003143758920416006
1572.78	0.0003131707821478874
1572.785	0.0003118828393214549
1572.79	0.0003106237112165807
1572.795	0.0003096568098198012
1572.8	0.0003093396954219848
1572.8049999999998	0.00030979364577355854
1572.8100000000002	0.00031034900956234
1572.815	0.00031105591072405235
1572.82	0.0003118300058515388
1572.825	0.0003124498470277609
1572.83	0.00031313076116043373
1572.8349999999998	0.00031366472916583336
1572.8400000000001	0.0003140517288329905
1572.845	0.0003143123525408223
1572.85	0.0003144560037976316
1572.855	0.00031433836085083716
1572.86	0.00031402962212575403
1572.8649999999998	0.00031333217587570087
1572.8700000000001	0.00031227227704440277
1572.875	0.00031105562829000376
1572.8799999999999	0.0003095780074610946
1572.885	0.00030801416624366744
1572.8899999999999	0.00030658461840398903
1572.895	0.0003057520992264959
1572.9	0.00030547795793109525
1572.905	0.0003062857138487283
1572.91	0.0003078161054486184
1572.915	0.0003098648639868609
1572.9199999999998	0.000311416686543287
1572.925	0.0003130718725661464
1572.93	0.0003140483208344608
1572.935	0.0003147806493951671
1572.94	0.00031517080096855557
1572.945	0.0003150493776724455
1572.9499999999998	0.0003144389452179323
1572.9550000000002	0.0003135020709909224
1572.96	0.00031263624894225644
1572.965	0.00031196315354181593
1572.97	0.0003113907754346691
1572.975	0.0003108947529070302
1572.9799999999998	0.0003106039169692283
1572.9850000000001	0.0003103767097775649
1572.99	0.00031013170296829013
1572.995	0.0003099343803834345
1573	0.00030965597267158687
1573.0049999999999	0.0003092783165567867
1573.0099999999998	0.00030881438101615437
1573.015	0.0003082567605999373
1573.02	0.00030765309225293404
1573.025	0.0003069749146791364
1573.03	0.00030606420784715246
1573.0349999999999	0.0003048449693880408
1573.04	0.0003033767907588193
1573.045	0.00030156431337537024
1573.05	0.00030006863277086214
1573.055	0.0002991201232625438
1573.06	0.00029815818015137426
1573.0649999999998	0.00029784541608190155
1573.07	0.00029782557613690233
1573.075	0.0002975825046127879
1573.08	0.0002965658060721585
1573.085	0.0002951283952182486
1573.09	0.0002936449997469477
1573.0949999999998	0.0002920168291130175
1573.1000000000001	0.0002899036947101137
1573.105	0.0002877550560087101
1573.11	0.00028601064859274094
1573.115	0.00028469663122041917
1573.12	0.0002836896147320694
1573.1249999999998	0.0002827814813385154
1573.13	0.00028222742626692363
1573.135	0.00028207601842955007
1573.14	0.0002822982491237215
1573.145	0.00028281893868202653
1573.1499999999999	0.00028349644769004714
1573.155	0.0002840911985622503
1573.16	0.0002848193297442165
1573.165	0.0002856027412212687
1573.17	0.00028625667589048055
1573.175	0.0002867929027728511
1573.1799999999998	0.0002871743017293002
1573.185	0.000287480802250127
1573.19	0.00028780995822990887
1573.195	0.00028824518227377476
1573.2	0.0002884984098519294
1573.205	0.00028883349204659396
1573.2099999999998	0.00028908425880943477
1573.215	0.00028931232503266036
1573.22	0.00028944284590771887
1573.225	0.00028963759902131473
1573.23	0.0002898238847530702
1573.235	0.00028994159202583135
1573.24	0.0002898686361954514
1573.245	0.0002897289024648015
1573.25	0.0002899161606070883
1573.255	0.00028996211837562717
1573.26	0.0002898444103900388
1573.2649999999999	0.00028940412577140425
1573.27	0.00028894051689193155
1573.275	0.000288449060101339
1573.28	0.00028776593640421046
1573.285	0.00028709119953520526
1573.29	0.0002863435556998828
1573.2949999999998	0.0002856199995403478
1573.3	0.0002847574864340837
1573.305	0.00028377276623559386
1573.31	0.00028299278357934136
1573.315	0.00028268404478711933
1573.32	0.0002826385501668318
1573.3249999999998	0.00028263530111871643
1573.33	0.0002827617000665158
1573.335	0.00028297680696354595
1573.3400000000001	0.0002833060733711807
1573.345	0.00028375741433621176
1573.35	0.00028419931177157634
1573.355	0.00028482069506003077
1573.36	0.0002852403298980532
1573.365	0.000286018210610956
1573.3700000000001	0.000286724087250022
1573.375	0.0002873519303760783
1573.3799999999999	0.00028782575504747985
1573.385	0.00028816888562422185
1573.3899999999999	0.00028793592361798175
1573.395	0.0002865660594005392
1573.4	0.0002849553097684954
1573.405	0.00028317641035363665
1573.4099999999999	0.00028185371526841295
1573.415	0.00028116390810093334
1573.42	0.00028113386360347934
1573.425	0.00028140937959395776
1573.43	0.0002820719264135263
1573.435	0.00028280993631640193
1573.4399999999998	0.00028349740237312035
1573.445	0.0002838747233790828
1573.45	0.0002840995009867025
1573.4550000000002	0.0002841774368181088
1573.46	0.00028415524324683833
1573.465	0.00028410071549181935
1573.47	0.00028412234299156526
1573.475	0.0002843818130284137
1573.48	0.0002848814407979014
1573.4850000000001	0.00028569530119183507
1573.49	0.0002868556872736922
1573.495	0.00028822641451985707
1573.5	0.0002895188708552834
1573.5049999999999	0.00029127332043102816
1573.51	0.000292729399465661
1573.515	0.0002940911515461404
1573.52	0.0002955555676595391
1573.5249999999999	0.0002966983701169041
1573.53	0.00029780424125108187
1573.5349999999999	0.0002986487409556936
1573.54	0.000299249444047775
1573.545	0.0002996812005808389
1573.55	0.00029991881568853124
1573.5549999999998	0.0003000017348753687
1573.56	0.0002999212810043687
1573.565	0.0002996373578877304
1573.5700000000002	0.00029897252547086045
1573.575	0.00029808970069988144
1573.58	0.00029744011167544114
1573.585	0.00029682760950729234
1573.59	0.00029637158216642805
1573.595	0.0002964630426308323
1573.6000000000001	0.0002967080562887093
1573.605	0.00029705011053056423
1573.61	0.0002973727677727817
1573.615	0.0002976100569669191
1573.62	0.0002975853935659639
1573.625	0.0002972826926438898
1573.63	0.0002966414268538261
1573.635	0.00029554133281140037
1573.6399999999999	0.00029404211749878425
1573.645	0.00029228366192104505
1573.6499999999999	0.00029023876550776293
1573.655	0.0002880658729641048
1573.66	0.0002861159427815764
1573.665	0.000284638528369443
1573.6699999999998	0.0002834022877620462
1573.675	0.00028245432270844175
1573.6799999999998	0.0002819954031615357
1573.6850000000002	0.0002820097100932734
1573.69	0.0002823193197255534
1573.695	0.0002828582591018973
1573.7	0.0002836474412710502
1573.705	0.00028450378753321764
1573.7099999999998	0.0002858646231556543
1573.7150000000001	0.00028731283612395714
1573.72	0.00028929967573404107
1573.725	0.0002917935008761839
1573.73	0.00029483931574272344
1573.735	0.0002978201557718617
1573.74	0.0003004784482151636
1573.7450000000001	0.00030192851213534425
1573.75	0.0003019422897021706
1573.7549999999999	0.00030116977755246344
1573.76	0.0003002569305107749
1573.7649999999999	0.0002992205989257866
1573.77	0.00029835358157495075
1573.775	0.00029792740213357445
1573.78	0.00029784966376867245
1573.7849999999999	0.0002976452547487663
1573.79	0.0002969798245692765
1573.7949999999998	0.0002960515970719969
1573.8000000000002	0.0002950411030972062
1573.805	0.00029402779448176064
1573.81	0.000292952888970565
1573.815	0.0002916843844375938
1573.82	0.00029055481110868916
1573.8249999999998	0.0002897060805872924
1573.8300000000002	0.0002891439015579762
1573.835	0.00028882723069013937
1573.84	0.0002886853610658041
1573.845	0.0002885301817536781
1573.85	0.0002883934251601081
1573.8549999999998	0.0002881922311728387
1573.8600000000001	0.0002878474916405717
1573.865	0.00028731125356441003
1573.87	0.00028627871327615765
1573.875	0.00028508047490541176
1573.8799999999999	0.0002836720234343671
1573.885	0.0002820454504808534
1573.89	0.0002801754386697009
1573.895	0.0002781284028149362
1573.8999999999999	0.0002761154286915958
1573.905	0.0002742303976795803
1573.9099999999999	0.0002726571237237949
1573.915	0.0002717794439825105
1573.92	0.00027165081201201483
1573.925	0.00027211076599275994
1573.93	0.0002732085141858042
1573.935	0.000274946686388564
1573.9399999999998	0.00027633873378206603
1573.9450000000002	0.00027757129532504247
1573.95	0.00027815505614233626
1573.955	0.0002784098033042629
1573.96	0.00027822578992404273
1573.965	0.000277753096402211
1573.9699999999998	0.0002770799405275621
1573.9750000000001	0.0002764093715153662
1573.98	0.00027593106673371413
1573.985	0.0002756891141400647
1573.99	0.00027580496355407316
1573.995	0.00027634251231835566
1573.9999999999998	0.00027675769418501186
1574.005	0.0002770557078949076
1574.01	0.000277365805947992
1574.0149999999999	0.00027761321838222963
1574.02	0.0002777451169373992
1574.0249999999999	0.0002778696301848028
1574.03	0.00027777717534408706
1574.035	0.00027743323936018483
1574.04	0.0002769555652382446
1574.045	0.0002762243482747031
1574.05	0.00027530455810639175
1574.0549999999998	0.00027436893791285295
1574.06	0.0002732314916943882
1574.065	0.0002715293427908633
1574.07	0.00026936157307597375
1574.075	0.000267082628211588
1574.08	0.0002644391554393943
1574.0849999999998	0.0002621663860649456
1574.0900000000001	0.00026078084689381143
1574.095	0.0002605246495901474
1574.1	0.00026120846923578713
1574.105	0.0002626409926864483
1574.11	0.00026402769778163245
1574.1149999999998	0.00026598491445678664
1574.1200000000001	0.00026786816397447125
1574.125	0.0002695660191582819
1574.1299999999999	0.0002706446422402912
1574.135	0.0002713688820848109
1574.1399999999999	0.000271714040199356
1574.145	0.00027169831549187027
1574.15	0.00027131698185504195
1574.155	0.0002706271509277473
1574.16	0.0002697478631855082
1574.165	0.000268810171174497
1574.1699999999998	0.0002680553523240458
1574.175	0.00026744876603027376
1574.18	0.0002669845871848991
1574.185	0.0002666913206183135
1574.19	0.0002667751077630178
1574.195	0.0002670599787434871
1574.1999999999998	0.0002675878815206394
1574.205	0.0002683383353278056
1574.21	0.0002691469367506524
1574.215	0.0002701252014671894
1574.22	0.00027125246848652565
1574.225	0.00027247756879146225
1574.2299999999998	0.0002737934214038256
1574.2350000000001	0.0002751179375027188
1574.24	0.00027625684615113056
1574.245	0.0002775136562110238
1574.25	0.000278800204624333
1574.2549999999999	0.0002797662582453094
1574.26	0.00028033315632979044
1574.265	0.00028063512471270343
1574.27	0.00028077245651127435
1574.275	0.0002807227429002522
1574.28	0.0002806900979041565
1574.2849999999999	0.0002807008891429025
1574.29	0.0002809387907087884
1574.295	0.000281480459767603
1574.3	0.0002824660491184786
1574.305	0.0002836548704050569
1574.31	0.0002848327672549508
1574.3149999999998	0.00028563819931665856
1574.32	0.00028623137463976823
1574.325	0.00028659534287193554
1574.33	0.000286638191848512
1574.335	0.0002863687032078315
1574.34	0.00028600323012625947
1574.3449999999998	0.0002856203452592454
1574.35	0.0002851010420679224
1574.355	0.0002844111485546345
1574.3600000000001	0.00028358013207639243
1574.365	0.0002830587418542949
1574.37	0.00028268585652873896
1574.375	0.0002824060271997641
1574.3799999999999	0.00028212250070542113
1574.385	0.00028176227529231083
1574.39	0.00028130607720327827
1574.395	0.000280823332650094
1574.3999999999999	0.0002803745540562108
1574.405	0.0002798106714492704
1574.41	0.0002788786895915551
1574.415	0.00027769453076340197
1574.42	0.0002761105606170722
1574.425	0.00027401388344518846
1574.4299999999998	0.000272087735778868
1574.435	0.00027098306569486034
1574.44	0.0002705855969285615
1574.445	0.0002709120337922789
1574.45	0.00027173713642330264
1574.455	0.00027271973997527814
1574.46	0.000273888768008126
1574.465	0.00027504124143976245
1574.47	0.0002759960991945096
1574.4750000000001	0.0002762943622400024
1574.48	0.0002760627249359197
1574.485	0.00027545109952448296
1574.49	0.00027476999853892636
1574.495	0.0002741391030072149
1574.5	0.00027348388149017614
1574.505	0.0002728928859652693
1574.51	0.0002725973754759541
1574.5149999999999	0.0002726026030818692
1574.52	0.00027282441172643795
1574.5249999999999	0.0002731765019298892
1574.53	0.0002735285714078888
1574.535	0.0002739897806653447
1574.54	0.0002744976977064321
1574.5449999999998	0.0002749587956020289
1574.55	0.00027543359731108824
1574.555	0.0002757223746485553
1574.56	0.00027593295860113
1574.565	0.00027608697179888825
1574.57	0.00027600801643925426
1574.575	0.000275636939383842
1574.58	0.00027477126883493423
1574.585	0.00027348995104368453
1574.5900000000001	0.0002717530464745601
1574.595	0.00026977168972209604
1574.6	0.00026751950597394766
1574.605	0.0002653629397109465
1574.61	0.0002637088420132966
1574.615	0.00026232868494131643
1574.6200000000001	0.00026141948920745215
1574.625	0.00026089050236810285
1574.6299999999999	0.0002609804383889316
1574.635	0.00026119791433941995
1574.6399999999999	0.0002613047122579646
1574.645	0.0002612018494540899
1574.65	0.0002609701433701062
1574.655	0.00026054623027277997
1574.6599999999999	0.00025990367146671277
1574.665	0.00025904984912270083
1574.6699999999998	0.00025830238338250616
1574.675	0.0002577004974494342
1574.68	0.000257235769618729
1574.685	0.0002569833156959657
1574.69	0.00025711415110734156
1574.695	0.0002575923142476681
1574.7	0.0002582175739394688
1574.7050000000002	0.0002588204054452702
1574.71	0.00025939337095130577
1574.715	0.0002600439865805781
1574.72	0.00026051523051171725
1574.725	0.00026098647444285593
1574.73	0.00026130516679158725
1574.7350000000001	0.0002616788743080575
1574.74	0.0002617956296292307
1574.745	0.00026184832290329066
1574.75	0.00026135034577249206
1574.7549999999999	0.00026053045040631823
1574.76	0.000258907021243025
1574.765	0.00025661684628135216
1574.77	0.00025486332566956724
1574.7749999999999	0.0002535738590215394
1574.78	0.00025303904602548566
1574.7849999999999	0.0002538904907947189
1574.79	0.0002555635966701792
1574.795	0.0002572598451234214
1574.8	0.000259093977984575
1574.805	0.0002607595688941959
1574.81	0.0002615077391603133
1574.8149999999998	0.00026134009271133876
1574.8200000000002	0.0002603360398138629
1574.825	0.0002585096901013161
1574.83	0.0002560557439085938
1574.835	0.0002534064555501825
1574.84	0.0002507927609969276
1574.8449999999998	0.00024839387850957815
1574.8500000000001	0.0002464551373689866
1574.855	0.0002452250060361774
1574.86	0.00024501220159967344
1574.865	0.0002455006450837813
1574.87	0.0002463400262656217
1574.875	0.0002474757645930901
1574.88	0.00024894202921386883
1574.885	0.00025047000377461786
1574.8899999999999	0.0002522499555043867
1574.895	0.0002539595549176304
1574.8999999999999	0.00025557920371138275
1574.905	0.00025730895600575615
1574.91	0.00025869168997332426
1574.915	0.0002599994229164091
1574.92	0.0002606642801705136
1574.925	0.00026093576718055726
1574.9299999999998	0.00026073915073064965
1574.9350000000002	0.0002598167421899982
1574.94	0.0002585644350623055
1574.945	0.00025723577036668404
1574.95	0.000255940951417187
1574.955	0.00025486613297916953
1574.9599999999998	0.00025455608490392354
1574.9650000000001	0.0002549801521059574
1574.97	0.00025577079077880084
1574.975	0.0002567799600228468
1574.98	0.00025788133641016546
1574.985	0.000258969580600061
1574.9899999999998	0.00025976033990869916
1574.9950000000001	0.000260092504677847
1575	0.0002599026135518073
1575.0049999999999	0.00025930522126880936
1575.01	0.0002583678063314077
1575.0149999999999	0.0002571761661621924
1575.02	0.00025569855826632776
1575.025	0.0002544021936324201
1575.03	0.00025363502009903804
1575.035	0.0002533328666520507
1575.04	0.0002533519124752242
1575.0449999999998	0.00025356411207227324
1575.05	0.0002539051509922464
1575.055	0.00025451886063045136
1575.06	0.00025541257403102947
1575.065	0.00025660262155472884
1575.07	0.00025801006566510327
1575.0749999999998	0.0002597610533312202
1575.0800000000002	0.0002613304238903399
1575.085	0.00026310039763607044
1575.09	0.00026510745096142374
1575.095	0.0002674406062355791
1575.1	0.0002696063437463736
1575.1049999999998	0.0002715587432045596
1575.1100000000001	0.00027258555608826354
1575.115	0.0002725513126042668
1575.12	0.00027155316466869817
1575.125	0.0002698400520132983
1575.1299999999999	0.0002679902077940669
1575.1349999999998	0.0002664472946440811
1575.14	0.00026535037866659247
1575.145	0.00026483596595193405
1575.15	0.0002648579663768768
1575.155	0.00026520198624406136
1575.1599999999999	0.000265671569149194
1575.165	0.00026645958471974753
1575.17	0.0002672378686928981
1575.175	0.0002677766872808989
1575.18	0.00026796214216836725
1575.185	0.00026777347024713226
1575.1899999999998	0.0002672753176343462
1575.195	0.00026659502361389443
1575.2	0.0002657221340584586
1575.205	0.0002646967728751694
1575.21	0.0002635993311391118
1575.215	0.0002626078682273447
1575.2199999999998	0.0002618448011605262
1575.2250000000001	0.00026120699947031764
1575.23	0.0002607062417037653
1575.235	0.00026035442996053475
1575.24	0.00026012744318125295
1575.245	0.00026018243993173495
1575.2499999999998	0.000260331607608895
1575.255	0.00026056371706989706
1575.26	0.000260794095463527
1575.265	0.00026097150594156217
1575.27	0.0002611668842437337
1575.2749999999999	0.00026136267383013997
1575.28	0.00026140757093117426
1575.285	0.00026103345817313775
1575.29	0.0002602221727623937
1575.295	0.0002593257016652628
1575.3	0.00025827471853141814
1575.3049999999998	0.00025730726880645357
1575.31	0.00025673000683964364
1575.315	0.0002566913912487768
1575.32	0.0002569132970808416
1575.325	0.00025754436305517415
1575.33	0.00025879812157576977
1575.3349999999998	0.00026027186591311483
1575.34	0.00026148755127768775
1575.345	0.0002620826950365331
1575.35	0.00026224937539969775
1575.355	0.00026194268803528037
1575.36	0.00026075104786606505
1575.3649999999998	0.0002591797546432438
1575.37	0.0002573320222184165
1575.375	0.0002555433329380047
1575.38	0.000253834074478495
1575.385	0.00025226394281143365
1575.3899999999999	0.0002509621432354118
1575.395	0.00024987148952119645
1575.4	0.00024929587487242024
1575.405	0.00024888901234128665
1575.41	0.00024865710819203124
1575.415	0.0002487107489859815
1575.4199999999998	0.00024899421021880004
1575.425	0.00024945017094825855
1575.43	0.0002503771445062353
1575.435	0.0002520093675967505
1575.44	0.0002541903448482254
1575.445	0.00025677333095494023
1575.4499999999998	0.0002589286255366093
1575.455	0.00025976945470376257
1575.46	0.0002593414620200205
1575.465	0.0002580058198721947
1575.47	0.0002564827004542969
1575.475	0.00025557188970407263
1575.48	0.00025498357977608713
1575.485	0.0002546528970650896
1575.49	0.00025437584559063743
1575.4950000000001	0.00025388665646692573
1575.5	0.0002530384644230397
1575.5049999999999	0.00025177371136763543
1575.51	0.00025011208825586993
1575.5149999999999	0.00024808348197822596
1575.52	0.00024588890628846776
1575.525	0.00024383110041148757
1575.53	0.00024213386109581654
1575.5349999999999	0.00024093807223305849
1575.54	0.00024023393592286833
1575.545	0.00023992790024150018
1575.55	0.00023993656210226762
1575.555	0.0002402119927375503
1575.56	0.00024098383955026384
1575.5649999999998	0.0002419069313886802
1575.57	0.00024300660679173913
1575.575	0.00024425589971893285
1575.5800000000002	0.0002454658578888368
1575.585	0.0002465868618403465
1575.59	0.0002477820807617888
1575.595	0.0002489439470069594
1575.6	0.00025002438720268366
1575.605	0.0002511334429364072
1575.6100000000001	0.0002521586190124811
1575.615	0.0002531254788837518
1575.62	0.00025367428114032815
1575.625	0.0002536612771672269
1575.6299999999999	0.0002532635072893173
1575.635	0.00025268740819684875
1575.64	0.00025188352013970827
1575.645	0.0002509744261016156
1575.6499999999999	0.00025017941726090704
1575.655	0.0002496029682348339
1575.6599999999999	0.0002493921393739592
1575.665	0.0002496748929407249
1575.67	0.0002504281552018071
1575.675	0.00025146122472407206
1575.6799999999998	0.00025276021252654084
1575.685	0.0002538359763337988
1575.69	0.0002548630947127477
1575.6950000000002	0.00025542746387356816
1575.7	0.0002555741084407739
1575.705	0.00025523702328052617
1575.71	0.00025459818283432903
1575.715	0.00025377832948798634
1575.72	0.0002528969797102826
1575.7250000000001	0.00025206884890561056
1575.73	0.0002512567667905329
1575.735	0.0002505864813219271
1575.74	0.00025012294849082015
1575.745	0.0002497188033241488
1575.75	0.00024938690738783505
1575.755	0.00024912010702249327
1575.76	0.0002489076292662755
1575.7649999999999	0.0002488203485609338
1575.77	0.00024880374486277283
1575.7749999999999	0.00024893167303664495
1575.78	0.0002492212688333253
1575.785	0.00024959126169335504
1575.79	0.0002494984393933814
1575.7949999999998	0.0002484778714216535
1575.8	0.0002467056264473775
1575.8049999999998	0.00024392697005524617
1575.8100000000002	0.00024106289212330755
1575.815	0.00023926520654286843
1575.82	0.00023775264284931703
1575.825	0.000237130923134412
1575.83	0.00023746664119460263
1575.8349999999998	0.00023851078252928355
1575.8400000000001	0.00024027392427372174
1575.845	0.00024232353187589624
1575.85	0.00024442362134933864
1575.855	0.0002459766446825382
1575.86	0.0002471760437522694
1575.865	0.0002480336520185656
1575.8700000000001	0.00024856460852670705
1575.875	0.00024883534931182224
1575.8799999999999	0.00024901688445429546
1575.885	0.000249094659308973
1575.8899999999999	0.00024920735584324445
1575.895	0.00024940396901847406
1575.9	0.0002497232867572381
1575.905	0.00025023202171362506
1575.9099999999999	0.0002508556899125236
1575.915	0.0002515156631477309
1575.9199999999998	0.0002521817658677717
1575.9250000000002	0.00025287998495032065
1575.93	0.00025366745487080705
1575.935	0.00025431232842326284
1575.94	0.0002549621935559596
1575.945	0.00025552875682000145
1575.9499999999998	0.0002558984289330973
1575.9550000000002	0.00025604015616620217
1575.96	0.00025590114338168023
1575.965	0.0002552549434004563
1575.97	0.0002539746188486293
1575.975	0.00025238002762269826
1575.9799999999998	0.000250648100852737
1575.9850000000001	0.00024874764814195553
1575.99	0.00024690345327532746
1575.995	0.00024575209500204867
1576	0.00024500111780249525
1576.0049999999999	0.00024475294730623805
1576.01	0.0002451275506693514
1576.015	0.00024611253690611976
1576.02	0.000247169468024167
1576.0249999999999	0.00024826414339223677
1576.03	0.0002492392742585004
1576.0349999999999	0.00024993107775284296
1576.04	0.00025016960779383773
1576.045	0.0002499799648320145
1576.05	0.00024946433280444185
1576.055	0.0002487069426132133
1576.06	0.0002477120242592841
1576.0649999999998	0.0002467033281139484
1576.0700000000002	0.0002456307907641527
1576.075	0.00024451503354163654
1576.08	0.0002434391364934344
1576.085	0.00024256057077760292
1576.09	0.00024182637741125107
1576.0949999999998	0.00024113806440534202
1576.1000000000001	0.00024056964752471803
1576.105	0.00024020312828343065
1576.11	0.00023995904630019527
1576.115	0.00023988057950759804
1576.12	0.00023990248221674086
1576.1249999999998	0.00024042861157688847
1576.13	0.000241479157445274
1576.135	0.00024277996720396735
1576.1399999999999	0.00024396661990293397
1576.145	0.000244685802152785
1576.1499999999999	0.0002444555505699373
1576.155	0.00024348261403221762
1576.16	0.00024222640030594012
1576.165	0.0002407500973258435
1576.17	0.00023938539423855142
1576.175	0.00023842473387587312
1576.1799999999998	0.0002379846944273119
1576.185	0.00023821993286997277
1576.19	0.00023904422161934145
1576.195	0.0002402262361399862
1576.2	0.0002415898726147439
1576.205	0.0002430688334957814
1576.2099999999998	0.00024463313385765485
1576.2150000000001	0.0002461648902615637
1576.22	0.000247319864579428
1576.225	0.0002480974652638674
1576.23	0.00024861414016174156
1576.235	0.0002488526515747049
1576.2399999999998	0.00024878954631226406
1576.2450000000001	0.0002485521454577343
1576.25	0.0002482086256920094
1576.2549999999999	0.0002478583992828051
1576.26	0.0002475361915850305
1576.2649999999999	0.0002472099053080253
1576.27	0.00024668922811114686
1576.275	0.0002460432405328763
1576.28	0.0002453483360367147
1576.285	0.00024469167906073327
1576.29	0.00024398803245258218
1576.2949999999998	0.00024299373811892378
1576.3	0.0002415863199716739
1576.305	0.00023972201708843838
1576.31	0.00023702987385769547
1576.315	0.0002340650181843157
1576.32	0.00023087511149648068
1576.3249999999998	0.00022769246837177814
1576.33	0.00022493667665688036
1576.335	0.00022339511733900712
1576.34	0.00022306940514109822
1576.345	0.00022386966390433103
1576.35	0.0002259329924212091
1576.3549999999998	0.0002286755412335736
1576.3600000000001	0.00023115422236264684
1576.365	0.0002331547951199972
1576.37	0.00023429692361398273
1576.375	0.00023388097359703446
1576.3799999999999	0.0002318636536995417
1576.385	0.0002286037524927812
1576.39	0.00022464629687778608
1576.395	0.00022060104314018688
1576.4	0.000216670656408456
1576.405	0.00021355754093048092
1576.4099999999999	0.00021089405507864124
1576.415	0.00020903202650514855
1576.42	0.00020782729856733028
1576.425	0.00020716951987314423
1576.43	0.00020712748288300567
1576.435	0.00020754198952273905
1576.4399999999998	0.00020829208878162648
1576.445	0.0002095955474855512
1576.45	0.00021124742012035074
1576.455	0.00021341789360596026
1576.46	0.00021606311294391494
1576.465	0.00022011405651687542
1576.4699999999998	0.00022581137525479322
1576.475	0.00023163959764590885
1576.48	0.00023541444128844606
1576.485	0.00023664443519849805
1576.49	0.00023501245125283758
1576.495	0.000231937935459535
1576.5	0.0002280622205618714
1576.5049999999999	0.0002246213518026832
1576.51	0.00022234488313210436
1576.515	0.00022121510520731405
1576.52	0.00022133753109143504
1576.5249999999999	0.00022256378401926374
1576.53	0.0002243699021411612
1576.535	0.00022665724201904265
1576.54	0.00022918756557697024
1576.545	0.00023158538715478523
1576.55	0.00023351698960549186
1576.5549999999998	0.00023461994297006532
1576.56	0.0002351167231396631
1576.565	0.00023500823712832575
1576.57	0.00023432075987780916
1576.575	0.00023286845611702092
1576.58	0.00023132335517180144
1576.5849999999998	0.00022960934288508475
1576.59	0.00022777130338211103
1576.595	0.0002263688345675614
1576.6000000000001	0.00022518887516460157
1576.605	0.0002242358822133905
1576.61	0.0002235841918581157
1576.615	0.0002232336907118788
1576.62	0.00022308150838687657
1576.625	0.00022312853404977208
1576.63	0.00022361142557814567
1576.635	0.0002244022763917723
1576.6399999999999	0.00022560948080029328
1576.645	0.00022681974569236152
1576.6499999999999	0.00022800787833415504
1576.655	0.0002289906113812955
1576.66	0.0002294517762084825
1576.665	0.00022893077423919727
1576.6699999999998	0.00022741207010980213
1576.675	0.0002252558773464231
1576.68	0.0002232453143511449
1576.685	0.00022151670928719088
1576.69	0.00022029225807365443
1576.695	0.00021977022641025138
1576.7	0.0002200105556986492
1576.705	0.00022124424282421622
1576.71	0.00022321764476295773
1576.7150000000001	0.0002255693688160364
1576.72	0.00022781088717174807
1576.725	0.0002295980000154072
1576.73	0.00023084271488937088
1576.735	0.00023123230814685962
1576.74	0.00023059816411602867
1576.7450000000001	0.0002290302335447464
1576.75	0.00022689973521469782
1576.7549999999999	0.00022468361792463222
1576.76	0.00022232669887977226
1576.7649999999999	0.0002201220718007605
1576.77	0.00021830686427026455
1576.775	0.00021680861308133283
1576.78	0.0002154736347554953
1576.7849999999999	0.00021427030865901362
1576.79	0.00021310458882124915
1576.7949999999998	0.00021242458410503575
1576.8	0.00021206302734528288
1576.805	0.00021218354576590075
1576.81	0.00021334539954563647
1576.815	0.0002157492364756878
1576.82	0.00021936448458577236
1576.825	0.00022421834289085204
1576.8300000000002	0.00022866989648607448
1576.835	0.00023179536384633498
1576.84	0.00023407617800065515
1576.845	0.00023527725227716947
1576.85	0.00023544123897925338
1576.855	0.00023517254274855155
1576.8600000000001	0.00023486890079098355
1576.865	0.00023477655486729476
1576.87	0.00023479003289061603
1576.875	0.00023486273720722006
1576.8799999999999	0.00023504558309677643
1576.885	0.00023535927713058265
1576.89	0.000235683822633716
1576.895	0.00023579913482648315
1576.8999999999999	0.00023569328165178846
1576.905	0.00023538313836865836
1576.9099999999999	0.00023493288067905874
1576.915	0.0002343896930059431
1576.92	0.00023362366170970853
1576.925	0.0002326858283050256
1576.93	0.00023172073873744032
1576.935	0.00023089059367215666
1576.9399999999998	0.00023030506068574564
1576.9450000000002	0.000229759758492901
1576.95	0.00022935680853775615
1576.955	0.00022899751039824482
1576.96	0.00022873500714354407
1576.965	0.00022866386860362318
1576.9699999999998	0.00022882911003104905
1576.9750000000001	0.0002291979500174462
1576.98	0.0002297930619195472
1576.985	0.00023049295184313098
1576.99	0.0002314573572413225
1576.995	0.00023258692800287847
1577	0.00023352981651166214
1577.005	0.00023404726376136928
1577.01	0.00023412100709838566
1577.0149999999999	0.00023378321847690296
1577.02	0.00023293665395910008
1577.0249999999999	0.00023138778987776058
1577.03	0.0002297363626146845
1577.035	0.00022821856552822186
1577.04	0.0002271629221625678
1577.045	0.00022650754038280882
1577.05	0.0002261824058292039
1577.0549999999998	0.00022646186446350055
1577.0600000000002	0.000227433579892518
1577.065	0.00022892853783093505
1577.07	0.0002309012091425691
1577.075	0.00023284074238602218
1577.08	0.00023419162940780265
1577.0849999999998	0.0002349049690664763
1577.0900000000001	0.0002349623778536858
1577.095	0.00023440148893965354
1577.1	0.00023325314225748167
1577.105	0.00023149598616155548
1577.11	0.00022954584900884497
1577.1149999999998	0.00022733729748428705
1577.1200000000001	0.0002250886091117692
1577.125	0.0002226316305127202
1577.1299999999999	0.00022005287950893225
1577.135	0.00021775452329923022
1577.1399999999999	0.00021553240212063483
1577.145	0.00021323570277893781
1577.15	0.00021163377660675723
1577.155	0.00021117437021036224
1577.16	0.00021215759861087193
1577.165	0.00021487012965191557
1577.1699999999998	0.00021831956360434735
1577.175	0.00022098107105087114
1577.18	0.0002230098236255002
1577.185	0.0002234025401233093
1577.19	0.00022241129196468108
1577.195	0.0002205238861184089
1577.1999999999998	0.00021850725201323732
1577.2050000000002	0.00021692178585021123
1577.21	0.00021606249636542242
1577.215	0.00021587434457615
1577.22	0.00021639176459544265
1577.225	0.00021748119695422525
1577.2299999999998	0.00021890608096223084
1577.2350000000001	0.00022047788452795932
1577.24	0.00022183287907316993
1577.245	0.00022275052574616074
1577.25	0.0002230215708862738
1577.2549999999999	0.00022264876452507407
1577.2599999999998	0.00022174650644452208
1577.265	0.000220426558183096
1577.27	0.00021896800228713952
1577.275	0.00021747494497371817
1577.28	0.0002160372001047976
1577.2849999999999	0.00021477464822166603
1577.29	0.0002136463986453831
1577.295	0.00021276708549904883
1577.3	0.0002122118527506956
1577.305	0.00021204511438230387
1577.31	0.00021237972941774512
1577.3149999999998	0.00021311826876370437
1577.32	0.00021417271089580492
1577.325	0.00021573510882635252
1577.33	0.00021785674418007284
1577.335	0.0002202427912464981
1577.34	0.00022256021762993841
1577.3449999999998	0.0002243325170077554
1577.3500000000001	0.0002253320970881277
1577.355	0.00022530158786331837
1577.36	0.00022442349990886928
1577.365	0.00022268212472618119
1577.37	0.00022049428502313403
1577.3749999999998	0.00021824926211707412
1577.38	0.00021642667442251776
1577.385	0.00021515682842089767
1577.39	0.00021438363484356927
1577.395	0.00021416199162397205
1577.3999999999999	0.00021450476821521805
1577.405	0.00021519713895706992
1577.41	0.0002160874844105893
1577.415	0.0002169690641615356
1577.42	0.00021784052646403858
1577.425	0.00021862892120370984
1577.4299999999998	0.00021919429249421505
1577.435	0.00021949712079445327
1577.44	0.00021945659165391462
1577.445	0.00021928103319091173
1577.45	0.0002189167707376376
1577.455	0.0002186500060276782
1577.4599999999998	0.0002183889103724831
1577.465	0.00021814696294582606
1577.47	0.0002179470381618997
1577.475	0.0002177179689268085
1577.48	0.00021751652637846827
1577.485	0.0002171688470235569
1577.4899999999998	0.00021708040272221628
1577.4950000000001	0.0002171603554951436
1577.5	0.00021724636001412272
1577.505	0.00021704539986642526
1577.51	0.0002164999472215232
1577.5149999999999	0.00021547790882461214
1577.52	0.00021389671271198395
1577.525	0.00021193020798367695
1577.53	0.000210102369257449
1577.535	0.00020841416888447907
1577.54	0.0002065646971075284
1577.5449999999998	0.000205169012983361
1577.55	0.0002046849612573157
1577.555	0.0002049486064897797
1577.56	0.00020580722759694722
1577.565	0.000207191149110681
1577.57	0.0002090290143033591
1577.5749999999998	0.00021122501834754343
1577.58	0.00021380687458310988
1577.585	0.00021624580366336188
1577.59	0.00021842017826825277
1577.595	0.00022029483110477707
1577.6	0.000221832032876553
1577.6049999999998	0.00022260200829263385
1577.61	0.0002229570927348638
1577.615	0.00022297050457854248
1577.6200000000001	0.00022271889393672996
1577.625	0.00022230640310892116
1577.6299999999999	0.0002217209704235553
1577.635	0.00022114400644224593
1577.6399999999999	0.00022057589854713859
1577.645	0.00022001650173105066
1577.65	0.0002196158408131505
1577.655	0.00021931230982664363
1577.6599999999999	0.00021912445336877897
1577.665	0.00021925193586563106
1577.67	0.00021971735978992547
1577.675	0.0002205088187645967
1577.68	0.00022147554062320587
1577.685	0.00022254641645571476
1577.6899999999998	0.00022374489543142012
1577.695	0.0002245653310470873
1577.7	0.00022478287892353901
1577.705	0.00022421844728666865
1577.71	0.000223335889350245
1577.715	0.000222139344468052
1577.72	0.00022077268922858923
1577.725	0.0002195739800246852
1577.73	0.00021882619295807745
1577.7350000000001	0.00021869852207601065
1577.74	0.0002191376263112768
1577.745	0.0002199363224008908
1577.75	0.0002208255664308674
1577.7549999999999	0.00022166027105998282
1577.76	0.00022227277107523548
1577.765	0.00022256353933236637
1577.77	0.00022239256465212459
1577.7749999999999	0.00022167695771436045
1577.78	0.000220497866625859
1577.7849999999999	0.00021900833258309372
1577.79	0.00021777350794450947
1577.795	0.00021648357526554032
1577.8	0.00021522749406456475
1577.8049999999998	0.00021402588142098878
1577.81	0.0002127930819408466
1577.815	0.00021166644150280047
1577.82	0.0002109016915733031
1577.825	0.0002101883997916426
1577.83	0.00020959150699484294
1577.835	0.00020933089516927085
1577.84	0.0002094753071144402
1577.845	0.00021048410940774237
1577.8500000000001	0.00021263239209046188
1577.855	0.0002148531073825699
1577.86	0.00021723521263924942
1577.865	0.00021903170099519227
1577.87	0.00021986262569950713
1577.875	0.00021962152413725907
1577.88	0.0002186045695250727
1577.885	0.00021711754344865765
1577.8899999999999	0.0002154887772866944
1577.895	0.00021379070911404951
1577.8999999999999	0.0002122947640868407
1577.905	0.00021116867656550265
1577.91	0.00021044523260531762
1577.915	0.00021010620487611767
1577.9199999999998	0.00021019411275745382
1577.925	0.00021076198756235772
1577.9299999999998	0.00021159387470974384
1577.9350000000002	0.00021257354230143984
1577.94	0.00021358229559497393
1577.945	0.00021420104303048805
1577.95	0.00021480905115469826
1577.955	0.00021522263276679856
1577.96	0.00021540180067895968
1577.9650000000001	0.00021545766639101575
1577.97	0.00021533557033120944
1577.975	0.00021506106719241028
1577.98	0.00021463006672505527
1577.985	0.00021404521420543852
1577.99	0.00021339840637087874
1577.9950000000001	0.00021271985595337518
1578	0.00021208895819987148
1578.0049999999999	0.0002116425104114291
1578.01	0.00021125017128970091
1578.0149999999999	0.00021089714247820042
1578.02	0.00021063298363628433
1578.025	0.000210720556890806
1578.03	0.0002111282312200421
1578.0349999999999	0.0002114103258921475
1578.04	0.0002115272994836446
1578.0449999999998	0.00021124569326538394
1578.0500000000002	0.00021067368551998763
1578.055	0.00020955912660624567
1578.06	0.00020802857757445183
1578.065	0.00020656651988635338
1578.07	0.00020524418733529253
1578.0749999999998	0.0002042638488525599
1578.0800000000002	0.000203785292545622
1578.085	0.00020386738357108805
1578.09	0.00020460817187184448
1578.095	0.00020596992922639485
1578.1	0.00020774950018126229
1578.1049999999998	0.00020963900946760822
1578.1100000000001	0.00021135612266759033
1578.115	0.00021300487975242765
1578.12	0.0002141060293697335
1578.125	0.00021481236778497244
1578.1299999999999	0.00021502440333896815
1578.135	0.00021485833756540944
1578.14	0.00021439046087673067
1578.145	0.00021355559580153754
1578.1499999999999	0.00021228791572877064
1578.155	0.00021084020052820288
1578.1599999999999	0.00020943227785099136
1578.165	0.00020799124435403555
1578.17	0.00020634530447503598
1578.175	0.00020515260293477915
1578.18	0.00020489736661590086
1578.185	0.00020599143227307295
1578.1899999999998	0.0002081520876286632
1578.1950000000002	0.00021053905984505164
1578.2	0.0002126307990140085
1578.205	0.0002133327765041177
1578.21	0.0002121134309272771
1578.215	0.0002096554985766854
1578.2199999999998	0.00020603467336072166
1578.2250000000001	0.00020188253321418316
1578.23	0.0001979922656257476
1578.235	0.00019489465299743803
1578.24	0.00019241863651653363
1578.245	0.00019096635537676018
1578.2499999999998	0.00019066265007218654
1578.255	0.00019125682143431046
1578.26	0.00019264625560817437
1578.2649999999999	0.0001947598973982508
1578.27	0.0001973816514910286
1578.2749999999999	0.00020000421673788024
1578.28	0.0002022955568698938
1578.285	0.0002041078818659825
1578.29	0.00020557898358225364
1578.295	0.00020668889242107534
1578.3	0.00020718541300797233
1578.3049999999998	0.00020713717650096283
1578.31	0.00020670533886131223
1578.315	0.00020600767082260143
1578.32	0.00020514738538704547
1578.325	0.00020423925199349114
1578.33	0.00020334437757186927
1578.3349999999998	0.00020256766066369155
1578.3400000000001	0.00020188538120528116
1578.345	0.0002013129809238463
1578.35	0.00020092735782499294
1578.355	0.00020085906598852344
1578.36	0.00020108029060551772
1578.3649999999998	0.00020154190786783694
1578.3700000000001	0.00020236843537637438
1578.375	0.00020356673129657448
1578.3799999999999	0.00020473379845054252
1578.385	0.00020555268688034363
1578.3899999999999	0.00020571959916673157
1578.395	0.00020543001121237637
1578.4	0.00020419324258176376
1578.405	0.00020260842283054104
1578.41	0.00020103477292419643
1578.415	0.00019938729114312497
1578.4199999999998	0.00019789956163759784
1578.425	0.00019678131600059116
1578.43	0.00019626062568196503
1578.435	0.00019643420751576593
1578.44	0.00019733825325441768
1578.445	0.0001987953434596639
1578.4499999999998	0.00020067381779361948
1578.455	0.0002029212569417642
1578.46	0.0002050011754143206
1578.465	0.00020684087477344137
1578.47	0.0002081784857388305
1578.475	0.0002091990423939771
1578.4799999999998	0.00020984812201464492
1578.4850000000001	0.00021016194793574747
1578.49	0.00021025469861514468
1578.495	0.00021002403045963992
1578.5	0.00020963259518252017
1578.5049999999999	0.00020878088640155794
1578.51	0.0002070915879533316
1578.515	0.00020510947828129993
1578.52	0.000202690072604955
1578.525	0.00019982041548519735
1578.53	0.00019765400132260822
1578.5349999999999	0.00019659053073194463
1578.54	0.00019701326075783504
1578.545	0.00019848576306270854
1578.55	0.0002007481225374732
1578.555	0.0002028665071205935
1578.56	0.00020538131832663185
1578.5649999999998	0.00020730893689929452
1578.57	0.00020837093005960007
1578.575	0.00020877247257083297
1578.58	0.0002087245811783947
1578.585	0.000208134085332624
1578.59	0.00020740094725010667
1578.5949999999998	0.00020668485936313453
1578.6	0.00020616139717773531
1578.605	0.00020601675548826312
1578.61	0.0002063642876352664
1578.615	0.000207070618823771
1578.62	0.00020804619527802352
1578.625	0.00020908042413777302
1578.6299999999999	0.00021004454095420084
1578.635	0.0002108007704072812
1578.64	0.00021110327402219816
1578.645	0.00021101250123237202
1578.6499999999999	0.00021058238271439033
1578.655	0.00020984812224764262
1578.66	0.00020874162233162498
1578.665	0.00020735909837256414
1578.67	0.00020595101644169082
1578.675	0.0002045136164172255
1578.6799999999998	0.00020304422323118624
1578.685	0.0002015671688877013
1578.69	0.0002001098822433226
1578.695	0.00019882406877025144
1578.7	0.00019791132303342412
1578.705	0.00019753248677880806
1578.7099999999998	0.00019774881961258928
1578.715	0.00019857531584389443
1578.72	0.0001998409887292863
1578.725	0.00020198593811042076
1578.73	0.00020421373311699245
1578.735	0.00020647360724364384
1578.74	0.00020788204693311912
1578.745	0.0002086205258720486
1578.75	0.00020850454140969798
1578.755	0.00020743763183489933
1578.76	0.00020542132206978763
1578.7649999999999	0.00020301508556692298
1578.77	0.00020092686551474406
1578.7749999999999	0.00019918412025685776
1578.78	0.00019788582068871048
1578.785	0.00019714845861182627
1578.79	0.00019700546873872198
1578.7949999999998	0.00019737921476049739
1578.8	0.00019805611257060608
1578.805	0.00019880612510055044
1578.81	0.00019947897243704335
1578.815	0.00019988795524774285
1578.82	0.0002002257619400234
1578.8249999999998	0.0002003408685365618
1578.83	0.00020035935449413966
1578.835	0.00020024097991528845
1578.8400000000001	0.00019995701880511026
1578.845	0.00019956027808548546
1578.85	0.0001989919693448952
1578.855	0.00019814740531726147
1578.86	0.00019739221909265676
1578.865	0.00019630781047137464
1578.8700000000001	0.00019492336419547023
1578.875	0.00019405915083197357
1578.8799999999999	0.00019367336223103144
1578.885	0.00019392022075973266
1578.8899999999999	0.00019497731496671315
1578.895	0.00019648098920428352
1578.9	0.000198315316482818
1578.905	0.0002002225750552191
1578.9099999999999	0.00020189997974166517
1578.915	0.0002030425418877457
1578.9199999999998	0.00020338742262466098
1578.925	0.00020280241582623976
1578.93	0.00020143181344262914
1578.935	0.0001995407087033484
1578.9399999999998	0.00019739757443693672
1578.945	0.0001952543124643126
1578.95	0.00019351082603081884
1578.9550000000002	0.00019237331034863158
1578.96	0.00019171372704070023
1578.965	0.00019154891752853898
1578.97	0.0001919119093257171
1578.975	0.0001929843854780196
1578.98	0.00019418389310992004
1578.9850000000001	0.00019550841239204773
1578.99	0.00019689887391586454
1578.995	0.00019823259052785232
1579	0.00019949245304807996
1579.0049999999999	0.00020050235301996775
1579.01	0.00020129553366623573
1579.015	0.00020184764774471445
1579.02	0.0002021161614799848
1579.0249999999999	0.0002021395129493498
1579.03	0.00020195745232104738
1579.0349999999999	0.00020150872780043313
1579.04	0.0002008777083830331
1579.045	0.00020011949845038637
1579.05	0.0001993333689216834
1579.055	0.0001985760308360144
1579.06	0.00019807590799564474
1579.0649999999998	0.00019789269681049453
1579.0700000000002	0.00019748323960292713
1579.075	0.00019667977815404625
1579.08	0.0001955958209406641
1579.085	0.00019432388160176307
1579.09	0.0001927448613789106
1579.0949999999998	0.00019090342340256222
1579.1000000000001	0.00018944382302028273
1579.105	0.00018840534375708567
1579.11	0.0001877102203250165
1579.115	0.0001874662692467382
1579.12	0.00018772962762268622
1579.125	0.00018839865478478699
1579.13	0.00018932055014363714
1579.135	0.00019037483392581725
1579.1399999999999	0.00019133883328792945
1579.145	0.00019184323300477788
1579.1499999999999	0.00019209228545556385
1579.155	0.00019195691359563856
1579.16	0.00019165803159127686
1579.165	0.00019123279587080858
1579.17	0.00019060748268264272
1579.175	0.00018963196932980726
1579.1799999999998	0.00018851412140322068
1579.1850000000002	0.00018748759886498933
1579.19	0.0001860565408019164
1579.195	0.0001839346081531237
1579.2	0.00018171069864930916
1579.205	0.00017928541769011907
1579.2099999999998	0.00017691299236257212
1579.2150000000001	0.00017564430637635246
1579.22	0.00017580999054975439
1579.225	0.0001772903529677395
1579.23	0.0001799306526909905
1579.235	0.00018343921256612231
1579.2399999999998	0.00018665443263150445
1579.2450000000001	0.0001900275922119556
1579.25	0.00019272055910248071
1579.2549999999999	0.00019436249556936788
1579.26	0.00019485913390015003
1579.2649999999999	0.0001944129161755831
1579.27	0.00019321596917698427
1579.275	0.0001917210044404853
1579.28	0.0001900721912786257
1579.285	0.00018837910504800485
1579.29	0.00018679655595889096
1579.2949999999998	0.0001855501154940365
1579.3	0.00018497353105937148
1579.305	0.00018504153965787876
1579.31	0.00018546689115668733
1579.315	0.00018619512093661232
1579.32	0.00018716693452688787
1579.3249999999998	0.00018803270527084208
1579.3300000000002	0.00018897362680991554
1579.335	0.00018989572163604366
1579.34	0.00019072759414398062
1579.345	0.00019140853138354774
1579.35	0.0001920437173569566
1579.3549999999998	0.0001923833151830498
1579.3600000000001	0.0001925601563350064
1579.365	0.00019258938242947986
1579.37	0.00019241761881790567
1579.375	0.00019196836493600355
1579.3799999999999	0.0001912517217138346
1579.3849999999998	0.00019030436905684235
1579.39	0.00018934291667589597
1579.395	0.00018873741579505742
1579.4	0.00018852381327440625
1579.405	0.0001888395259317746
1579.4099999999999	0.0001894260294104025
1579.415	0.00019037203755377044
1579.42	0.0001914936363384679
1579.425	0.00019249758940400867
1579.43	0.0001929015413101576
1579.435	0.00019239852811942456
1579.4399999999998	0.00019103784899818962
1579.445	0.00018884964652221247
1579.45	0.0001859844743839855
1579.455	0.0001825511697728785
1579.46	0.0001789970164333268
1579.465	0.0001759540759429278
1579.4699999999998	0.00017366232065049752
1579.4750000000001	0.00017213055425119872
1579.48	0.000171158194733987
1579.485	0.00017095436580209447
1579.49	0.0001715051234062464
1579.495	0.00017249622215861766
1579.4999999999998	0.00017375358788114048
1579.505	0.00017515453946080603
1579.51	0.0001767167582370005
1579.515	0.00017859042171460712
1579.52	0.00018058147813634958
1579.5249999999999	0.0001825006242721957
1579.53	0.00018478321533914874
1579.535	0.00018754668138058406
1579.54	0.00019007074106777916
1579.545	0.00019225360317190397
1579.55	0.00019347654269703986
1579.5549999999998	0.0001928498752585002
1579.56	0.00019093955085015227
1579.565	0.00018827767552428228
1579.57	0.00018617153937923502
1579.575	0.00018495794590729726
1579.58	0.00018452591805886065
1579.5849999999998	0.00018496426845072733
1579.59	0.00018585248602200907
1579.595	0.0001868321931465853
1579.6	0.0001875198794601728
1579.605	0.00018786544921039835
1579.61	0.0001877766804833661
1579.6149999999998	0.00018714844630872348
1579.6200000000001	0.00018606733289056656
1579.625	0.00018456687903580584
1579.63	0.00018304896875834958
1579.635	0.00018166839109117465
1579.6399999999999	0.00018056149485010673
1579.645	0.00017990515799857408
1579.65	0.00017966357794161432
1579.655	0.00017962391210867509
1579.66	0.00017978896670061735
1579.665	0.0001801742710909827
1579.6699999999998	0.00018068883563279191
1579.675	0.00018143310878876524
1579.68	0.0001821989619301011
1579.685	0.0001828696749745595
1579.69	0.00018339456024701257
1579.695	0.0001837145591588443
1579.6999999999998	0.00018402819960252446
1579.705	0.00018429868841715125
1579.71	0.00018440346077760916
1579.715	0.0001841925337368996
1579.72	0.0001834775729985488
1579.725	0.00018221642972857062
1579.7299999999998	0.00018077579602196616
1579.735	0.000179448842953713
1579.74	0.00017791518769884522
1579.7450000000001	0.00017658430563666832
1579.75	0.00017590358046129037
1579.7549999999999	0.00017601321124141538
1579.76	0.00017662212475091273
1579.7649999999999	0.00017791765478567556
1579.77	0.00017984024253166935
1579.775	0.0001821059962475067
1579.78	0.00018452976622761503
1579.7849999999999	0.00018656432978719436
1579.79	0.0001884940207616408
1579.795	0.00018972800572277816
1579.8	0.00018997646705739123
1579.805	0.000189109467776314
1579.81	0.00018749920953945582
1579.8149999999998	0.0001856280972850991
1579.82	0.0001837718885599445
1579.825	0.00018205190707082264
1579.83	0.00018079358226967822
1579.835	0.00017981334858011404
1579.84	0.0001792787189199535
1579.8449999999998	0.00017904915097579372
1579.85	0.00017899805186834576
1579.855	0.00017921778356918435
1579.8600000000001	0.00017969548755649345
1579.865	0.00018030681993714255
1579.87	0.00018106239889793225
1579.875	0.00018189508075807393
1579.8799999999999	0.0001827207890953297
1579.885	0.00018336129798108335
1579.89	0.0001838173375792374
1579.895	0.0001839387284253635
1579.8999999999999	0.00018355833342566832
1579.905	0.00018258118358240372
1579.9099999999999	0.00018143033976596653
1579.915	0.00018033240885808807
1579.92	0.00017951778875853095
1579.925	0.00017890855819717097
1579.9299999999998	0.0001787896777388225
1579.935	0.00017896165985369336
1579.94	0.00017909925069145154
1579.945	0.00017920413650065377
1579.95	0.00017933188617211425
1579.955	0.00017950085212075433
1579.96	0.0001795165273417191
1579.965	0.00017929097424757256
1579.97	0.0001788862283147513
1579.9750000000001	0.00017842682886833408
1579.98	0.00017800590436890004
1579.985	0.00017766338546390046
1579.99	0.00017741812627590782
1579.995	0.00017731386180330102
1580	0.00017758973403174112
1580.005	0.00017805326507710101
1580.01	0.0001787027735253724
1580.0149999999999	0.00017947909605231703
1580.02	0.00018019700644062616
1580.0249999999999	0.00018100136354083892
1580.03	0.00018172121902338605
1580.035	0.00018234032895234067
1580.04	0.00018283250708805412
1580.0449999999998	0.00018314427785136875
1580.05	0.00018321779499626687
1580.0549999999998	0.00018292533407434727
1580.06	0.0001822455721693789
1580.065	0.00018118765586356428
1580.07	0.00017979706268246234
1580.075	0.00017827729487845256
1580.08	0.00017681109622268726
1580.085	0.00017587776086917142
1580.0900000000001	0.0001754857037416225
1580.095	0.00017562038994670638
1580.1	0.00017620324470381488
1580.105	0.00017742039255610453
1580.11	0.00017893313791060382
1580.115	0.0001803832144775725
1580.1200000000001	0.00018162798958540994
1580.125	0.00018253855508848648
1580.1299999999999	0.00018314010892669588
1580.135	0.00018311465885254306
1580.1399999999999	0.00018250550712030844
1580.145	0.0001814938573051502
1580.15	0.0001803380619039381
1580.155	0.00017922669333903852
1580.1599999999999	0.00017821550359895294
1580.165	0.00017732110657471992
1580.1699999999998	0.00017661115482674872
1580.1750000000002	0.0001761790466512018
1580.18	0.0001759124913057645
1580.185	0.00017592252186947002
1580.19	0.00017609827602149087
1580.195	0.00017647677806002676
1580.1999999999998	0.0001769357696197583
1580.2050000000002	0.00017748797069943787
1580.21	0.00017817810136692102
1580.215	0.00017885121264884731
1580.22	0.0001796488745998893
1580.225	0.0001803982394589012
1580.2299999999998	0.0001808808293135294
1580.2350000000001	0.000180849427160887
1580.24	0.00018028500696236946
1580.245	0.00017924073685702903
1580.25	0.00017787737038106808
1580.2549999999999	0.00017664458142284872
1580.26	0.00017570901088717562
1580.265	0.00017526138149406912
1580.27	0.00017531283080640106
1580.2749999999999	0.00017576314937224337
1580.28	0.00017663326871092695
1580.2849999999999	0.00017787166629207467
1580.2900000000002	0.000179237001141281
1580.295	0.0001805866138919201
1580.3	0.00018182419020686987
1580.305	0.00018276638883376727
1580.31	0.00018317537164446671
1580.3149999999998	0.00018293388085788637
1580.3200000000002	0.00018234590970470893
1580.325	0.00018138523023279295
1580.33	0.0001801087745929505
1580.335	0.0001787327408693174
1580.34	0.00017715241492137008
1580.3449999999998	0.0001758057703437511
1580.3500000000001	0.00017466850447633595
1580.355	0.00017372005015461745
1580.36	0.00017303579181574043
1580.365	0.00017254959821485084
1580.37	0.00017224782920534303
1580.3749999999998	0.00017221154348166635
1580.38	0.00017239699429713313
1580.385	0.00017263483757990538
1580.3899999999999	0.00017302238836315974
1580.395	0.00017375270046649638
1580.3999999999999	0.00017460153938554562
1580.405	0.0001755679455951883
1580.41	0.00017649701653195754
1580.415	0.000177042858722657
1580.42	0.0001767266256656992
1580.425	0.00017575991157805013
1580.4299999999998	0.00017455764624608563
1580.435	0.0001730906580019682
1580.44	0.00017150257317914228
1580.445	0.0001703710215817239
1580.45	0.00016976846257072187
1580.455	0.00016975835501668025
1580.4599999999998	0.00017022584273905284
1580.4650000000001	0.00017085557007275097
1580.47	0.00017188541585501995
1580.475	0.00017276968418687108
1580.48	0.00017353894276804494
1580.485	0.00017399394147018377
1580.4899999999998	0.00017420973741983354
1580.4950000000001	0.00017409826134378786
1580.5	0.0001736460483183628
1580.5049999999999	0.00017307128602236954
1580.51	0.000172539980523493
1580.5149999999999	0.00017212232790907308
1580.52	0.00017182613173347678
1580.525	0.000171590952359646
1580.53	0.00017138354958260517
1580.535	0.00017110331105106672
1580.54	0.00017097449131082658
1580.5449999999998	0.00017097090579726336
1580.55	0.00017126451169812391
1580.555	0.00017171355106472097
1580.56	0.00017247527171812243
1580.565	0.0001735369025346696
1580.57	0.00017503130193112192
1580.5749999999998	0.0001765486536519765
1580.58	0.00017761246670835947
1580.585	0.0001780644912445893
1580.59	0.00017775676055729498
1580.595	0.00017704879223936687
1580.6	0.00017592113653448424
1580.6049999999998	0.00017465966346653694
1580.6100000000001	0.0001736508589639186
1580.615	0.0001729929574495554
1580.62	0.00017266412583003666
1580.625	0.00017277713796532416
1580.6299999999999	0.0001733798904074068
1580.635	0.00017432973527177172
1580.64	0.00017544688580384553
1580.645	0.00017648913300564295
1580.65	0.00017728700890491447
1580.655	0.00017780017555610826
1580.6599999999999	0.00017804218224221538
1580.665	0.0001779871760026516
1580.67	0.00017760548693893674
1580.675	0.00017705390256739817
1580.68	0.00017638976446702887
1580.685	0.00017567479529053494
1580.6899999999998	0.00017511620635639091
1580.695	0.00017459785712234917
1580.7	0.00017414429846269972
1580.705	0.00017377056457716238
1580.71	0.0001734875540791646
1580.715	0.0001731105445227671
1580.7199999999998	0.00017288140001252484
1580.725	0.00017266880006342416
1580.73	0.00017242564654967152
1580.735	0.0001721954685092845
1580.74	0.00017194012695869717
1580.745	0.00017158459306716988
1580.75	0.00017102177354704674
1580.755	0.00017028804114009545
1580.76	0.00016956173943146095
1580.765	0.00016863059763352623
1580.77	0.00016752239145649886
1580.7749999999999	0.00016660081791647344
1580.78	0.00016610199851615584
1580.785	0.00016582836465588418
1580.79	0.00016560671505387763
1580.795	0.00016545644784410034
1580.8	0.00016575089825143796
1580.8049999999998	0.00016607877100709267
1580.81	0.00016646947122273898
1580.815	0.0001669034617393957
1580.82	0.00016722294315552706
1580.825	0.00016738792271012745
1580.83	0.00016747523755397575
1580.8349999999998	0.00016759554271467893
1580.84	0.00016751122400938384
1580.845	0.0001673587938220107
1580.85	0.00016728912514225904
1580.855	0.00016729551653816172
1580.86	0.00016740786665486997
1580.865	0.00016756937005186053
1580.87	0.00016775024330870303
1580.875	0.00016801622452419597
1580.88	0.00016831186701544507
1580.885	0.00016868867346681398
1580.8899999999999	0.0001691967008865502
1580.895	0.00016966510338115587
1580.8999999999999	0.00017019925446272845
1580.905	0.0001708400143570689
1580.91	0.00017155702216179925
1580.915	0.00017208098307136148
1580.9199999999998	0.00017220716108568026
1580.925	0.00017173169777149418
1580.93	0.00017056224115512714
1580.935	0.00016912990088278147
1580.94	0.00016727218625070103
1580.945	0.00016543819503659927
1580.9499999999998	0.00016367999579460348
1580.955	0.00016236850692167616
1580.96	0.00016155189899957992
1580.965	0.00016129868845218912
1580.97	0.00016162267377899567
1580.975	0.000162343912651129
1580.98	0.0001632185484055956
1580.985	0.00016416397732575005
1580.99	0.0001649865046364647
1580.9950000000001	0.00016552730994506826
1581	0.00016572162034656114
1581.0049999999999	0.00016552650858888562
1581.01	0.00016491115341953525
1581.0149999999999	0.00016421500405574237
1581.02	0.0001635353055153687
1581.025	0.0001629183262538109
1581.03	0.00016240537610845388
1581.0349999999999	0.0001620753834461962
1581.04	0.00016190127853982225
1581.0449999999998	0.0001619236150819091
1581.05	0.000162143560105413
1581.055	0.0001624798326384476
1581.06	0.00016297970325866506
1581.0649999999998	0.0001636326333083547
1581.07	0.00016460754990815503
1581.075	0.0001657142582160591
1581.0800000000002	0.00016676437900095163
1581.085	0.00016772065994434128
1581.09	0.00016863310524719115
1581.095	0.00016935915437957876
1581.1	0.00016978134430531002
1581.105	0.00016971214865781566
1581.1100000000001	0.00016898976186961485
1581.115	0.0001680794157705674
1581.12	0.00016693061804560108
1581.125	0.00016577003112174682
1581.1299999999999	0.00016460258259480171
1581.135	0.00016372516810944285
1581.14	0.0001631774084327052
1581.145	0.00016299726821003216
1581.1499999999999	0.00016332750024876426
1581.155	0.00016403989907882633
1581.1599999999999	0.00016503951318621479
1581.165	0.00016618154853538882
1581.17	0.0001672840151614279
1581.175	0.0001682675689444055
1581.1799999999998	0.0001690165735622743
1581.185	0.00016946343862574227
1581.1899999999998	0.00016972139795586104
1581.1950000000002	0.00016977350865361355
1581.2	0.00016958886012434325
1581.205	0.00016921042334633486
1581.21	0.00016873984934323382
1581.215	0.00016821304303287583
1581.22	0.00016764614120324696
1581.2250000000001	0.00016712339796922602
1581.23	0.0001665515117087687
1581.235	0.00016596452050417071
1581.24	0.0001654991460767932
1581.245	0.00016517619442392423
1581.25	0.00016495729217900443
1581.255	0.00016481975806544472
1581.26	0.00016484085853793272
1581.2649999999999	0.00016473117369028087
1581.27	0.00016436922466324036
1581.2749999999999	0.00016403337234421704
1581.28	0.00016372356400267077
1581.285	0.0001634270781700561
1581.29	0.00016303242205313825
1581.295	0.00016273234026156335
1581.3	0.0001626103196282498
1581.3049999999998	0.00016264136579008137
1581.3100000000002	0.00016288961068467223
1581.315	0.00016315579981805115
1581.32	0.0001635145468894628
1581.325	0.00016408045022788673
1581.33	0.0001647359412467672
1581.3349999999998	0.00016536944933024742
1581.3400000000001	0.00016591800122831916
1581.345	0.00016626963275366208
1581.35	0.00016624940279456844
1581.355	0.00016585307959469253
1581.36	0.00016522595375496023
1581.3649999999998	0.00016449267208176415
1581.3700000000001	0.00016373858728715865
1581.375	0.00016279696153648093
1581.3799999999999	0.00016177520246314552
1581.385	0.0001606483693632683
1581.3899999999999	0.00015941800682143254
1581.395	0.00015844981939494628
1581.4	0.00015781050228273855
1581.405	0.0001573008240836068
1581.41	0.00015697631648847813
1581.415	0.00015693254784265146
1581.4199999999998	0.0001571977430820942
1581.425	0.00015787109830165254
1581.43	0.0001590986721019321
1581.435	0.00016084687593381517
1581.44	0.00016279126165716134
1581.445	0.00016470031166450344
1581.4499999999998	0.0001663026242210192
1581.4550000000002	0.00016725842414287793
1581.46	0.00016730956850680167
1581.465	0.0001665813680950282
1581.47	0.00016527730519411078
1581.475	0.00016385714108836248
1581.4799999999998	0.00016241562363536344
1581.4850000000001	0.00016100828708873286
1581.49	0.00015998543344582995
1581.495	0.0001596621761385462
1581.5	0.00015990956057280792
1581.5049999999999	0.00016048948452675998
1581.5099999999998	0.00016129381737951606
1581.515	0.0001621048436187115
1581.52	0.0001626682751015501
1581.525	0.0001629715006351174
1581.53	0.00016301618285843124
1581.5349999999999	0.0001628454224096762
1581.54	0.0001624691591891206
1581.545	0.0001618518932947002
1581.55	0.0001610594660727131
1581.555	0.00016020216424576176
1581.56	0.00015929166823742887
1581.5649999999998	0.00015831166734907263
1581.57	0.0001573256512353491
1581.575	0.00015632658063248784
1581.58	0.00015548786045063376
1581.585	0.00015487212192217124
1581.59	0.00015480746428179272
1581.5949999999998	0.00015520361669868926
1581.6000000000001	0.00015583666540409436
1581.605	0.00015651294278849393
1581.61	0.00015698979942127325
1581.615	0.00015690068512334054
1581.62	0.0001564007253655141
1581.6249999999998	0.00015553179902284088
1581.63	0.00015451990574960798
1581.635	0.0001534342005406283
1581.64	0.0001523274241526444
1581.645	0.00015133697903472402
1581.6499999999999	0.0001505621329075013
1581.655	0.00015004286934318996
1581.66	0.00014981944893805203
1581.665	0.0001499559167693054
1581.67	0.00015036102405465546
1581.675	0.00015093745453885992
1581.6799999999998	0.00015161553997605198
1581.685	0.00015236078343842458
1581.69	0.00015319683790993808
1581.695	0.00015394827883758445
1581.7	0.00015470646679277864
1581.705	0.00015541620480656322
1581.7099999999998	0.0001559661776519337
1581.715	0.00015636202634558124
1581.72	0.00015668908640332845
1581.725	0.0001569802643470702
1581.73	0.00015724923768876476
1581.735	0.00015744287517406886
1581.7399999999998	0.0001575489068557885
1581.7450000000001	0.0001575422852164674
1581.75	0.00015747147613769726
1581.755	0.00015735605909554624
1581.76	0.0001573052490159982
1581.7649999999999	0.00015722168672003317
1581.77	0.00015698793803405593
1581.775	0.00015669727252501416
1581.78	0.00015648915588049086
1581.785	0.0001562652975462628
1581.79	0.0001559771689353534
1581.7949999999998	0.00015563459607312086
1581.8	0.00015519070446701885
1581.805	0.0001548161362253832
1581.81	0.00015436341923988564
1581.815	0.0001538714203919496
1581.82	0.0001534985980394173
1581.8249999999998	0.00015319095352062678
1581.83	0.00015292510825733405
1581.835	0.00015280303486788497
1581.84	0.00015293853837504016
1581.845	0.00015324769973707066
1581.85	0.00015360021879168097
1581.8549999999998	0.0001540243206813818
1581.86	0.00015449486706692672
1581.865	0.0001549576959278718
1581.8700000000001	0.00015516006218250068
1581.875	0.0001553515757811288
1581.8799999999999	0.00015549879116788612
1581.885	0.0001556086353794078
1581.8899999999999	0.00015563853932243043
1581.895	0.00015551731661242457
1581.9	0.00015524156674995033
1581.905	0.00015486351667590574
1581.9099999999999	0.00015437624517157503
1581.915	0.00015384313386237095
1581.92	0.0001534090870683295
1581.925	0.0001529847044552337
1581.93	0.00015251749015937483
1581.935	0.00015216396426391974
1581.9399999999998	0.00015218681228347367
1581.945	0.00015266990012707978
1581.95	0.00015319441896804743
1581.955	0.00015343900300796967
1581.96	0.0001532827033706349
1581.965	0.00015261043400219255
1581.9699999999998	0.0001513017373766656
1581.975	0.00014960914775810917
1581.98	0.0001475869338140137
1581.9850000000001	0.00014553326796539753
1581.99	0.00014386240163321058
1581.995	0.0001427707592418094
1582	0.00014229791018261412
1582.0049999999999	0.000142423337480012
1582.01	0.00014318279800408165
1582.015	0.00014429711416192703
1582.02	0.00014566306671781091
1582.0249999999999	0.00014718066529293417
1582.03	0.00014870824773031331
1582.0349999999999	0.00014989986480123705
1582.04	0.00015092864966992326
1582.045	0.00015171748771876668
1582.05	0.00015228909446112624
1582.0549999999998	0.00015270872185415912
1582.06	0.0001528363860374387
1582.065	0.00015284400680454297
1582.07	0.0001527170726958378
1582.075	0.00015256862340870292
1582.08	0.00015247159787465402
1582.0849999999998	0.00015230433784368187
1582.09	0.00015220421126742513
1582.095	0.00015219852501117332
1582.1000000000001	0.00015230455615026462
1582.105	0.00015239872153274722
1582.11	0.00015255242756242904
1582.115	0.00015279552895537148
1582.12	0.00015311423192034782
1582.125	0.000153359853007464
1582.13	0.00015382033108418154
1582.135	0.00015411567674848277
1582.1399999999999	0.00015433868972700285
1582.145	0.0001544290055439325
1582.1499999999999	0.00015447330091585278
1582.155	0.0001544746450402344
1582.16	0.00015441991320821097
1582.165	0.00015435316984342598
1582.1699999999998	0.00015408878891962096
1582.175	0.0001537331258517165
1582.1799999999998	0.00015357062064566118
1582.185	0.00015348614332450698
1582.19	0.00015329308176420574
1582.195	0.00015305172811458517
1582.1999999999998	0.0001528417593549488
1582.205	0.0001526095167927272
1582.21	0.00015234715807796082
1582.2150000000001	0.00015215298007212438
1582.22	0.00015198347534922774
1582.225	0.00015178820076249702
1582.23	0.0001515769931964256
1582.235	0.00015127805673783575
1582.24	0.00015090481078714588
1582.2450000000001	0.00015046470225192838
1582.25	0.00014990265362218748
1582.2549999999999	0.00014924248433509601
1582.26	0.00014858091732017532
1582.2649999999999	0.00014783852715381137
1582.27	0.00014688008474339435
1582.275	0.00014602740834137484
1582.28	0.00014552253756636196
1582.2849999999999	0.00014525723623066235
1582.29	0.00014527314429011291
1582.2949999999998	0.00014564815526506547
1582.3	0.00014661217881295518
1582.305	0.00014754716526224173
1582.31	0.00014830098020033098
1582.315	0.000148781347416813
1582.32	0.00014905806053541195
1582.3249999999998	0.00014900750839531426
1582.3300000000002	0.00014843416293534297
1582.335	0.00014747880467568564
1582.34	0.00014644580537607173
1582.345	0.00014534560633289872
1582.35	0.00014426881978729344
1582.3549999999998	0.00014335490378127033
1582.3600000000001	0.0001427146490160372
1582.365	0.00014246144569106546
1582.37	0.0001425150959231628
1582.375	0.00014256725762608422
1582.3799999999999	0.00014274528093291783
1582.385	0.00014306549277429668
1582.39	0.000143411452823428
1582.395	0.00014375192144414095
1582.3999999999999	0.0001440355987948494
1582.405	0.0001442423180400038
1582.4099999999999	0.0001443298413181417
1582.4150000000002	0.00014426511041358713
1582.42	0.00014405590912539164
1582.425	0.00014363342733928042
1582.43	0.00014320552273884045
1582.435	0.00014272962109705765
1582.4399999999998	0.0001426036140737238
1582.4450000000002	0.0001425596029230753
1582.45	0.0001426310932734939
1582.455	0.00014290356896500185
1582.46	0.00014349913013468507
1582.465	0.0001441979255734074
1582.4699999999998	0.00014505504865046072
1582.4750000000001	0.00014560676001197588
1582.48	0.0001460164721720651
1582.485	0.00014604754753657452
1582.49	0.00014550619378377486
1582.495	0.00014448164736364954
1582.4999999999998	0.00014311975009145857
1582.505	0.00014155872468971892
1582.51	0.0001400038800481451
1582.5149999999999	0.000138942856611895
1582.52	0.00013832837892141354
1582.5249999999999	0.00013796353545251632
1582.53	0.00013792570370864242
1582.535	0.0001383391078501047
1582.54	0.00013911139088147048
1582.545	0.00014003830837532315
1582.55	0.0001410558116166202
1582.5549999999998	0.000142241328013389
1582.56	0.00014323080627778
1582.565	0.0001440308992033953
1582.57	0.00014468412253490376
1582.575	0.00014511506352577266
1582.58	0.0001454567166762367
1582.5849999999998	0.00014568068392913324
1582.5900000000001	0.0001458145331292903
1582.595	0.00014584103919712283
1582.6	0.00014573297201230927
1582.605	0.00014526716082839772
1582.61	0.00014463901833144057
1582.6149999999998	0.00014397068641884664
1582.6200000000001	0.00014333230216976502
1582.625	0.0001431471104408644
1582.6299999999999	0.0001432891955965764
1582.635	0.00014352194751724093
1582.6399999999999	0.00014386440377749956
1582.645	0.00014426236315450084
1582.65	0.0001446380458658854
1582.655	0.00014482354160038016
1582.66	0.00014469114617385247
1582.665	0.00014417225779540335
1582.6699999999998	0.00014353869444624426
1582.675	0.00014284856765706976
1582.68	0.00014204615742523209
1582.685	0.00014111429887029143
1582.69	0.00014012507532185713
1582.695	0.00013927326532154653
1582.6999999999998	0.00013867645655333326
1582.705	0.00013830106312928033
1582.71	0.0001381410665421295
1582.715	0.00013822618369707532
1582.72	0.00013859169193169966
1582.725	0.00013893838689660705
1582.7299999999998	0.00013933197336243964
1582.7350000000001	0.00013980000306641185
1582.74	0.00014014911260767492
1582.745	0.00014058438543754627
1582.75	0.0001409563287973081
1582.7549999999999	0.00014117485448552003
1582.76	0.00014118703109965348
1582.765	0.00014097128641163653
1582.77	0.00014029344555692986
1582.775	0.00013910994258296556
1582.78	0.00013791222553153772
1582.7849999999999	0.0001365302398296359
1582.79	0.00013474492911967845
1582.795	0.00013291612283023075
1582.8	0.00013125768475371626
1582.805	0.00012997628092434717
1582.81	0.00012931961664339853
1582.8149999999998	0.0001294024857839156
1582.82	0.00012988529040475745
1582.825	0.00013066144100246636
1582.83	0.00013175851954877718
1582.835	0.00013302565354376405
1582.84	0.00013442500053758796
1582.8449999999998	0.00013564338850915282
1582.85	0.00013656484065214204
1582.855	0.0001371861574286792
1582.86	0.00013762084500780003
1582.865	0.00013789515311963055
1582.87	0.00013794670612177868
1582.875	0.00013781279324563561
1582.88	0.00013764712337337653
1582.885	0.00013753014304397566
1582.89	0.0001374846324158129
1582.895	0.00013757418906829198
1582.8999999999999	0.00013762333191998593
1582.905	0.0001377031335836749
1582.91	0.00013776825652531358
1582.915	0.00013790644800651543
1582.92	0.00013805992672491458
1582.925	0.00013830317513515916
1582.9299999999998	0.00013863251717025605
1582.935	0.00013896110932703945
1582.94	0.00013927539309769037
1582.945	0.00013944590213027898
1582.95	0.00013939482496019473
1582.955	0.00013899137106657228
1582.9599999999998	0.00013850110460437805
1582.965	0.00013783933471283046
1582.97	0.00013724113596931894
1582.975	0.00013686610163335362
1582.98	0.00013676867422062538
1582.985	0.00013709635561982503
1582.99	0.00013766850861639368
1582.995	0.00013829411256895949
1583	0.00013904294334562235
1583.005	0.00013987366304330716
1583.01	0.00014060712196386604
1583.0149999999999	0.00014112609116059393
1583.02	0.0001413819104829804
1583.0249999999999	0.00014133333374819764
1583.03	0.00014098265594507045
1583.035	0.00014043735375222577
1583.04	0.00013983263930623604
1583.0449999999998	0.0001391990518828293
1583.05	0.0001385764336327697
1583.055	0.0001380400595478881
1583.06	0.00013760462140577405
1583.065	0.00013712113998621005
1583.07	0.00013676423444251913
1583.0749999999998	0.00013647765473430047
1583.08	0.0001362469037615296
1583.085	0.0001361514219534909
1583.09	0.00013623704153245558
1583.095	0.0001362990250000714
1583.1	0.00013637882666375737
1583.105	0.00013635398485676626
1583.11	0.00013636784302233364
1583.115	0.0001365060879769853
1583.1200000000001	0.00013667696658316704
1583.125	0.00013687103635404675
1583.1299999999999	0.00013698788417540732
1583.135	0.00013711642000196485
1583.1399999999999	0.00013724728120160368
1583.145	0.0001375066693897475
1583.15	0.00013758356920845165
1583.155	0.0001374647191121679
1583.1599999999999	0.0001373061854894725
1583.165	0.00013713597869332157
1583.1699999999998	0.00013695118960488836
1583.175	0.00013666474791413903
1583.18	0.00013626379873258666
1583.185	0.0001357515500645194
1583.1899999999998	0.00013518716216427286
1583.195	0.00013467385730617457
1583.2	0.00013430631026367459
1583.205	0.00013387710815448623
1583.21	0.00013350043667093223
1583.215	0.00013316940754747633
1583.22	0.0001331055869590978
1583.225	0.00013323835651643558
1583.23	0.0001334315650591106
1583.2350000000001	0.00013375638906609603
1583.24	0.0001341183854513053
1583.245	0.0001344857487220392
1583.25	0.00013492339102946451
1583.2549999999999	0.00013538450982700822
1583.26	0.00013587441054022364
1583.265	0.00013636427407198338
1583.27	0.00013678394184348506
1583.2749999999999	0.00013706355140578918
1583.28	0.00013718585722437434
1583.2849999999999	0.000137082477359426
1583.29	0.00013644721162088698
1583.295	0.00013529453480073754
1583.3	0.00013377620884060125
1583.3049999999998	0.00013218990089095692
1583.31	0.00013076710833746983
1583.3149999999998	0.00012974957343164288
1583.32	0.0001291397203148294
1583.325	0.00012911337946531402
1583.33	0.00012950980391883296
1583.335	0.00013014735451475991
1583.34	0.00013104367729890727
1583.345	0.00013214765699404754
1583.3500000000001	0.00013330865074372389
1583.355	0.00013436230901514533
1583.36	0.00013517646992187548
1583.365	0.0001356385674237597
1583.37	0.00013570018725789739
1583.375	0.00013546763787842083
1583.38	0.00013510432237078665
1583.385	0.00013466844771456714
1583.3899999999999	0.00013424426439274245
1583.395	0.00013392301461299298
1583.3999999999999	0.00013364913348590265
1583.405	0.00013354015650756317
1583.41	0.00013349979699296826
1583.415	0.0001335087366761529
1583.4199999999998	0.0001335529663711165
1583.425	0.00013359839794374387
1583.4299999999998	0.00013364385418063022
1583.4350000000002	0.00013355265217712356
1583.44	0.0001334783862360907
1583.445	0.00013329739687614647
1583.45	0.00013298081710170107
1583.455	0.00013260780549710267
1583.4599999999998	0.00013211706946630086
1583.4650000000001	0.00013138820854264596
1583.47	0.00013058094814135548
1583.475	0.00012995203734525253
1583.48	0.0001295093186321844
1583.485	0.00012919672316297922
1583.4899999999998	0.0001290936407366505
1583.4950000000001	0.00012920291784633445
1583.5	0.00012949272305947442
1583.5049999999999	0.00012993103937986164
1583.51	0.00013051157093173793
1583.5149999999999	0.00013125950687794695
1583.52	0.0001319003348534007
1583.525	0.00013226377629664687
1583.53	0.00013241250592863207
1583.535	0.00013253330620104442
1583.54	0.00013240368345400705
1583.5449999999998	0.00013196096522956826
1583.55	0.00013115271031535723
1583.555	0.00013031414937003443
1583.56	0.00012965214501910527
1583.565	0.00012904726645965645
1583.57	0.00012850617520450235
1583.5749999999998	0.00012805797643214843
1583.5800000000002	0.0001276631099700276
1583.585	0.00012737128368954108
1583.59	0.00012714970382026488
1583.595	0.00012700686616915516
1583.6	0.00012694912149424742
1583.6049999999998	0.00012692231392877064
1583.6100000000001	0.0001269386272718747
1583.615	0.00012691804468777766
1583.62	0.00012681482312523344
1583.625	0.00012658270140564648
1583.6299999999999	0.00012608910421576882
1583.6349999999998	0.00012526178052569846
1583.64	0.0001240713356723747
1583.645	0.0001228625297812972
1583.65	0.00012181500167444156
1583.655	0.00012093583382285711
1583.6599999999999	0.00012023455812556152
1583.665	0.00011983372459099256
1583.67	0.00011965530206141251
1583.675	0.0001197166411797954
1583.68	0.0001200019323131178
1583.685	0.00012042859196695405
1583.6899999999998	0.00012098391376217604
1583.695	0.00012157527843687451
1583.7	0.00012218119305628384
1583.705	0.00012280404663600638
1583.71	0.00012332151374002152
1583.715	0.00012375956936124243
1583.7199999999998	0.00012412139327379028
1583.7250000000001	0.00012432215753843356
1583.73	0.0001243365686286754
1583.735	0.00012414652483265867
1583.74	0.00012392834888420054
1583.745	0.0001237059138663585
1583.7499999999998	0.00012342238309656853
1583.755	0.00012314850196947806
1583.76	0.0001228992046786129
1583.765	0.00012269319394415522
1583.77	0.00012257503803902677
1583.7749999999999	0.00012259031476879122
1583.78	0.00012276441141594217
1583.785	0.00012306406813022137
1583.79	0.00012354701935418782
1583.795	0.00012414538877284672
1583.8	0.00012479943221765737
1583.8049999999998	0.00012565891351308748
1583.81	0.00012661546724524603
1583.815	0.0001274804895512577
1583.82	0.00012817053762571723
1583.825	0.00012858733488433204
1583.83	0.000128800571230162
1583.8349999999998	0.00012880028353705106
1583.84	0.00012869740271417526
1583.845	0.00012858501135074054
1583.85	0.00012856898683175582
1583.855	0.000128654334663117
1583.86	0.00012880270193176298
1583.8649999999998	0.00012892245835781002
1583.8700000000001	0.00012911787291447878
1583.875	0.00012929976492411492
1583.88	0.00012926385540795325
1583.885	0.00012882054412925882
1583.8899999999999	0.00012811889489941345
1583.895	0.00012728012572791003
1583.9	0.00012650225848900273
1583.905	0.00012570604383598143
1583.91	0.00012495612476621327
1583.915	0.00012431992498019675
1583.9199999999998	0.00012384228366230205
1583.925	0.00012355397892457352
1583.93	0.00012338681755672703
1583.935	0.0001233292112764205
1583.94	0.00012340105602016296
1583.945	0.00012369442732569356
1583.9499999999998	0.00012417003862968547
1583.955	0.00012490250553551732
1583.96	0.00012592133842773053
1583.965	0.00012701862964633015
1583.97	0.0001279510840711142
1583.975	0.00012844461403544553
1583.9799999999998	0.0001282231646970628
1583.985	0.00012720504633780788
1583.99	0.00012564510788480937
1583.9950000000001	0.00012367770353676697
1584	0.00012167617232937811
1584.0049999999999	0.00012001209757632118
1584.01	0.00011870489040505918
1584.015	0.00011790571821522155
1584.02	0.00011764846566953896
1584.025	0.00011778205678419392
1584.03	0.00011823550230047241
1584.0349999999999	0.00011906650601387634
1584.04	0.00012019541546273833
1584.045	0.00012155936766636997
1584.05	0.00012278900329160597
1584.055	0.00012380322491123736
1584.06	0.0001245472859016448
1584.0649999999998	0.00012497444880401104
1584.07	0.00012510257633292155
1584.075	0.00012482869520583098
1584.08	0.00012439740839396203
1584.085	0.00012389377253466019
1584.09	0.00012334757284779152
1584.0949999999998	0.00012276465748270183
1584.1	0.0001222099409831629
1584.105	0.00012166969334987504
1584.1100000000001	0.00012119658919814734
1584.115	0.00012083932238608307
1584.12	0.00012054412537335932
1584.125	0.00012033773820854941
1584.1299999999999	0.00012033243887757918
1584.135	0.00012053791372203848
1584.14	0.0001209092276328439
1584.145	0.0001212700488153335
1584.1499999999999	0.00012166910292638907
1584.155	0.00012218984496456832
1584.1599999999999	0.00012262393694832807
1584.165	0.00012286481793422446
1584.17	0.0001228274397551937
1584.175	0.00012258970582933087
1584.1799999999998	0.00012224620789071247
1584.185	0.00012181023284039966
1584.19	0.00012134378252711515
1584.195	0.00012081224009920246
1584.2	0.00012030554391193534
1584.205	0.00011996168268260725
1584.2099999999998	0.00011990896840613883
1584.215	0.0001200077833267254
1584.22	0.00012009613650673559
1584.2250000000001	0.00012022768351594831
1584.23	0.00012019457790880487
1584.235	0.00012010258019196669
1584.24	0.00011977126171653218
1584.245	0.00011927653040788908
1584.25	0.0001186413484310181
1584.255	0.00011794480048698524
1584.26	0.00011721477534354487
1584.2649999999999	0.00011641921267287287
1584.27	0.00011570611050740481
1584.2749999999999	0.00011481238953261631
1584.28	0.0001139039081510671
1584.285	0.00011309226022477658
1584.29	0.00011232950997911971
1584.2949999999998	0.00011166700912780616
1584.3	0.00011134177639762293
1584.3049999999998	0.00011147583664694712
1584.31	0.00011193715773131372
1584.315	0.00011299175640217458
1584.32	0.00011494622469952542
1584.3249999999998	0.0001168301258628129
1584.33	0.00011842992939089355
1584.335	0.00011990660251836926
1584.3400000000001	0.00012086832080762223
1584.345	0.00012123141175299477
1584.35	0.00012095102609773991
1584.355	0.00012024756006090115
1584.36	0.00011942129956859541
1584.365	0.00011854506101069056
1584.3700000000001	0.00011762933236642096
1584.375	0.0001170300467370164
1584.3799999999999	0.00011678402692004109
1584.385	0.00011681432560208632
1584.3899999999999	0.00011707886868952643
1584.395	0.00011764488968552168
1584.4	0.00011833424541552942
1584.405	0.00011893504124139108
1584.4099999999999	0.00011924057370107347
1584.415	0.0001192203870193567
1584.4199999999998	0.00011898299753351082
1584.425	0.00011857564550629079
1584.43	0.00011794552514230036
1584.435	0.00011716500846134063
1584.4399999999998	0.00011634728098838229
1584.445	0.00011542473650458595
1584.4499999999998	0.00011462173050290444
1584.4550000000002	0.00011395139115077255
1584.46	0.00011340444221970969
1584.465	0.00011297889381929713
1584.47	0.00011271906371831719
1584.475	0.00011268496015008828
1584.48	0.00011293047172464051
1584.4850000000001	0.00011333421562793738
1584.49	0.00011385738814986959
1584.495	0.00011437829336548727
1584.5	0.00011508486672602524
1584.5049999999999	0.00011575526318975163
1584.51	0.00011633724588013692
1584.515	0.00011674283079773194
1584.52	0.00011714906437832922
1584.5249999999999	0.00011771876588362808
1584.53	0.00011824085580350125
1584.5349999999999	0.0001186420802980233
1584.54	0.00011897447451975382
1584.545	0.00011935322633134748
1584.55	0.00011970998061693402
1584.555	0.00011989972306072878
1584.56	0.00012001522048345958
1584.5649999999998	0.00012017943852163009
1584.5700000000002	0.00012038638984753764
1584.575	0.00012062158198619746
1584.58	0.00012078117233407815
1584.585	0.00012082792281871951
1584.59	0.00012090569411450178
1584.5949999999998	0.00012091558842913382
1584.6000000000001	0.00012084830726573867
1584.605	0.00012073160206330403
1584.61	0.00012055802306944194
1584.615	0.00012035421881034282
1584.62	0.00012007523800357105
1584.6249999999998	0.00011982788130333885
1584.63	0.00011949208045900334
1584.635	0.00011899500300255913
1584.6399999999999	0.00011845877461270144
1584.645	0.00011783674716204331
1584.6499999999999	0.0001174714802018254
1584.655	0.00011743572777947171
1584.66	0.00011760477270644422
1584.665	0.00011803961488557288
1584.6699999999998	0.00011857648164808236
1584.675	0.00011912500744638045
1584.6799999999998	0.00011925366377086801
1584.685	0.00011895575619269035
1584.69	0.0001182611048815734
1584.695	0.00011724668338818893
1584.7	0.00011598593719767997
1584.705	0.00011457447672975363
1584.7099999999998	0.00011301200592467528
1584.7150000000001	0.00011173305565794603
1584.72	0.00011075460931769113
1584.725	0.00011004858480764899
1584.73	0.00010961946170550608
1584.735	0.00010949530717604371
1584.7399999999998	0.00010987234957333406
1584.7450000000001	0.0001104870545768607
1584.75	0.00011108597577120369
1584.7549999999999	0.00011164266879004088
1584.76	0.00011223848152522616
1584.7649999999999	0.00011268560615065207
1584.77	0.00011313439902775282
1584.775	0.00011355196113720562
1584.78	0.00011381143117405421
1584.785	0.00011392491304029509
1584.79	0.0001138370860396007
1584.7949999999998	0.00011368964157908866
1584.8	0.00011351282025904597
1584.805	0.00011324632023341839
1584.81	0.00011298026588216617
1584.815	0.0001127434237575197
1584.82	0.00011250616119888264
1584.8249999999998	0.00011226332113882507
1584.83	0.00011222314994786607
1584.835	0.00011240414704789704
1584.84	0.00011277381194634215
1584.845	0.00011306428054342969
1584.85	0.00011319262835218233
1584.8549999999998	0.00011300208487683019
1584.8600000000001	0.00011250375520426925
1584.865	0.00011167603199736256
1584.87	0.00011031399507957913
1584.875	0.0001087160756484984
1584.8799999999999	0.00010689700288956356
1584.885	0.00010530138028620127
1584.89	0.0001039983745252883
1584.895	0.0001031923378408131
1584.9	0.00010274715896230195
1584.905	0.00010281898766417651
1584.9099999999999	0.00010334722913912396
1584.915	0.00010411327054085516
1584.92	0.00010522435961565872
1584.925	0.00010633129600812203
1584.93	0.00010761652416904273
1584.935	0.00010884665223907434
1584.9399999999998	0.00010996058858977826
1584.945	0.00011098911395991398
1584.95	0.00011182901448495557
1584.955	0.00011273781863167242
1584.96	0.00011356195812639285
1584.965	0.00011422139232230751
1584.9699999999998	0.00011474515409221125
1584.975	0.0001151410861380189
1584.98	0.00011529295671094027
1584.985	0.00011516392023269088
1584.99	0.00011477000129757801
1584.995	0.00011429800450559389
1585	0.00011380730154604496
1585.005	0.00011341981344194585
1585.01	0.00011324106892399446
1585.015	0.0001131874404718456
1585.02	0.00011316584264329258
1585.0249999999999	0.00011311046663870346
1585.03	0.0001129177108282676
1585.035	0.00011261979604904294
1585.04	0.00011198587489748145
1585.045	0.00011102268701531514
1585.05	0.00010993820502392629
1585.0549999999998	0.00010883324211774669
1585.06	0.00010767772765611733
1585.065	0.00010653970793504468
1585.07	0.00010552201875366394
1585.075	0.00010472919755287642
1585.08	0.00010423303704058181
1585.0849999999998	0.0001039901394710518
1585.09	0.00010394859753089977
1585.095	0.00010405646317527669
1585.1	0.0001042798919174429
1585.105	0.00010475468561891309
1585.11	0.0001054294600010075
1585.115	0.00010621362136100629
1585.12	0.00010702324266682122
1585.125	0.00010794627542087877
1585.13	0.00010869159243551272
1585.135	0.00010955072601591581
1585.1399999999999	0.00011046161284003193
1585.145	0.00011137357245804685
1585.1499999999999	0.00011217245095704586
1585.155	0.00011283669459764665
1585.16	0.00011322400573918644
1585.165	0.00011332632280959984
1585.1699999999998	0.00011325980844409008
1585.175	0.0001128947209300014
1585.18	0.0001124392486367331
1585.185	0.00011197418860432982
1585.19	0.00011158003823249204
1585.195	0.00011142113364602878
1585.1999999999998	0.00011147393518387229
1585.205	0.00011186615648935475
1585.21	0.00011241508053977486
1585.215	0.00011303126358460745
1585.22	0.00011349468833597467
1585.225	0.00011388327312571048
1585.23	0.00011407291728521803
1585.235	0.00011401599076709045
1585.24	0.00011377765898993337
1585.2450000000001	0.00011338045907417486
1585.25	0.00011299017940127709
1585.2549999999999	0.0001126750320107131
1585.26	0.00011242091898690949
1585.2649999999999	0.00011233401740882433
1585.27	0.0001123861798684544
1585.275	0.00011244211963799946
1585.28	0.00011247085058130313
1585.2849999999999	0.00011247085058130313
1585.29	0.00011243956578822862
1585.2949999999998	0.00011237481765453707
1585.3	0.00011228199710812953
1585.305	0.00011223769410819559
1585.31	0.00011220273154322059
1585.3149999999998	0.00011214017047408081
1585.32	0.00011182736495805282
1585.325	0.00011133760279782783
1585.33	0.0001109672876877046
1585.335	0.00011064344595626706
1585.34	0.00011038847880063968
1585.345	0.00011038684698199567
1585.35	0.00011065887852216492
1585.355	0.00011112467431885465
1585.3600000000001	0.00011173898938281837
1585.365	0.00011235135553402374
1585.37	0.0001128664044223993
1585.375	0.00011324540773364703
1585.3799999999999	0.00011338946775773856
1585.385	0.00011325135957425514
1585.39	0.00011282683783028659
1585.395	0.00011213569466429795
1585.3999999999999	0.00011122461165459185
1585.405	0.00011002321984669376
1585.4099999999999	0.00010888367089282209
1585.415	0.00010790350277770962
1585.42	0.00010707612104150038
1585.425	0.00010636375762966611
1585.4299999999998	0.00010586723704276918
1585.435	0.00010566738822001965
1585.4399999999998	0.00010563611157435803
1585.445	0.00010570873289485887
1585.45	0.00010583441369395976
1585.455	0.00010606085158332389
1585.46	0.00010639809013963265
1585.465	0.00010677678523524695
1585.47	0.00010712276073564425
1585.4750000000001	0.00010741433567702488
1585.48	0.00010771150769094285
1585.485	0.00010788717579866742
1585.49	0.00010814300607739859
1585.495	0.00010821316393355639
1585.5	0.00010799309005999438
1585.505	0.00010742328855876556
1585.51	0.00010681729426035854
1585.5149999999999	0.00010627905648118173
1585.52	0.00010566027451743129
1585.5249999999999	0.00010491847461585851
1585.53	0.0001042258641811072
1585.535	0.00010369605558163652
1585.54	0.00010332430705971976
1585.5449999999998	0.00010313184392718626
1585.55	0.0001030580245781191
1585.5549999999998	0.00010311523034141198
1585.56	0.00010310610125823059
1585.565	0.00010320532272696019
1585.57	0.00010344712321134019
1585.575	0.00010367993507016124
1585.58	0.00010381389504939207
1585.5849999999998	0.000103904948860085
1585.5900000000001	0.00010393889943397533
1585.595	0.00010398419719324344
1585.6	0.00010398666251042916
1585.605	0.00010389959561636527
1585.61	0.0001037782356873044
1585.6149999999998	0.00010375011306127184
1585.6200000000001	0.0001037997647349912
1585.625	0.00010380175081081676
1585.6299999999999	0.0001038308837391841
1585.635	0.00010379373033948817
1585.6399999999999	0.0001037302572629958
1585.645	0.0001034250784438901
1585.65	0.00010313663489254687
1585.655	0.00010279657220098067
1585.66	0.00010237074894512635
1585.665	0.00010190390722187838
1585.6699999999998	0.00010133111383269685
1585.675	0.00010062506784529365
1585.68	0.00009996149490000325
1585.685	0.00009964694722370046
1585.69	0.00009928340582826324
1585.695	0.00009923111061624269
1585.6999999999998	0.00009945689363976912
1585.7050000000002	0.00009978169024641928
1585.71	0.0001002093382018093
1585.715	0.00010042882035486167
1585.72	0.00010030338029262579
1585.725	0.00009989047780815397
1585.7299999999998	0.00009932132653592897
1585.7350000000001	0.00009857187255145699
1585.74	0.00009759734309558854
1585.745	0.00009637918912122055
1585.75	0.00009525172911691802
1585.7549999999999	0.00009417376262659482
1585.7599999999998	0.00009323054258069356
1585.765	0.00009249536914730576
1585.77	0.00009211621458636586
1585.775	0.00009206172930634028
1585.78	0.00009224794554230159
1585.7849999999999	0.00009265863273011608
1585.79	0.00009334205914882079
1585.795	0.0000941004062459164
1585.8	0.0000949796621394136
1585.805	0.0000959504103002221
1585.81	0.00009690403846714732
1585.8149999999998	0.00009799467984923155
1585.82	0.0000990216205783659
1585.825	0.00010033483991281159
1585.83	0.0001015224064161259
1585.835	0.00010250603236887819
1585.84	0.00010335954895902361
1585.8449999999998	0.00010384796802503659
1585.8500000000001	0.00010388807387585105
1585.855	0.00010357417703605409
1585.86	0.00010301271974969398
1585.865	0.00010226019416688659
1585.87	0.00010158449725434197
1585.8749999999998	0.00010106100272821249
1585.88	0.00010077739430105193
1585.885	0.00010063797526527195
1585.89	0.00010081205534247729
1585.895	0.00010128583029039144
1585.8999999999999	0.00010200773710129024
1585.905	0.00010276065261434601
1585.91	0.00010351926004861096
1585.915	0.00010422742924172276
1585.92	0.0001048066898155138
1585.925	0.00010522508166422209
1585.9299999999998	0.00010543904789952395
1585.935	0.00010545481591314652
1585.94	0.00010536843249014725
1585.945	0.00010526234214509955
1585.95	0.00010519850860981729
1585.955	0.00010514915630632124
1585.9599999999998	0.00010502408009229136
1585.965	0.00010483022004966929
1585.97	0.00010466647204236801
1585.975	0.0001045418305879454
1585.98	0.00010445034320034722
1585.985	0.00010442479938052576
1585.9899999999998	0.00010440948244649909
1585.9950000000001	0.00010439581734683226
1586	0.00010463133398933008
1586.005	0.00010525554038301069
1586.01	0.00010587518034209235
1586.0149999999999	0.0001062764165262549
1586.02	0.00010640801477368595
1586.025	0.0001059919373890653
1586.03	0.00010494533588999525
1586.035	0.00010338505246907683
1586.04	0.00010123220699149009
1586.0449999999998	0.00009890146324444476
1586.05	0.00009652239211658056
1586.055	0.00009441633035437664
1586.06	0.0000926802842599963
1586.065	0.00009150414568546168
1586.07	0.00009094004179672226
1586.0749999999998	0.00009090997972804879
1586.08	0.00009130992095111257
1586.085	0.00009223342187128656
1586.09	0.00009337173295647999
1586.095	0.00009465927417728438
1586.1	0.00009594508378511677
1586.1049999999998	0.00009711047763805328
1586.11	0.0000981886128685152
1586.115	0.00009892753742603824
1586.1200000000001	0.00009971950859438885
1586.125	0.00010048535467671578
1586.1299999999999	0.00010104909587266635
1586.135	0.00010148153422233773
1586.14	0.00010176098365423536
1586.145	0.00010198514864766852
1586.15	0.00010218874047234352
1586.155	0.00010240922774256951
1586.1599999999999	0.00010269120491161884
1586.165	0.00010286087504494146
1586.17	0.00010291525432397953
1586.175	0.00010297058905039173
1586.18	0.00010300276917808501
1586.185	0.00010301438450875813
1586.1899999999998	0.00010290105399190538
1586.195	0.00010287227632943552
1586.2	0.00010282239915112015
1586.205	0.00010252518276878227
1586.21	0.0001021321143974329
1586.215	0.00010158380713121041
1586.2199999999998	0.00010111126373842788
1586.225	0.00010065808425364408
1586.23	0.00010032981784823717
1586.2350000000001	0.00010005133638163803
1586.24	0.00009982147316131832
1586.245	0.00009961812215754605
1586.25	0.00009948508213130341
1586.2549999999999	0.00009937335720358259
1586.26	0.0000992936348855766
1586.265	0.00009914866082934115
1586.27	0.00009891741205293247
1586.2749999999999	0.00009858057086756282
1586.28	0.0000982055452492943
1586.2849999999999	0.00009789652914145725
1586.29	0.0000976858222721784
1586.295	0.0000975421870732073
1586.3	0.00009736398112138464
1586.3049999999998	0.0000972067649236676
1586.31	0.00009706781170231315
1586.315	0.00009693610811692974
1586.32	0.00009683609061336966
1586.325	0.00009690266293265764
1586.33	0.00009706116598446438
1586.3349999999998	0.00009727812673377759
1586.34	0.00009746608324937207
1586.345	0.00009770197747182523
1586.3500000000001	0.00009787248826799354
1586.355	0.00009773957855755902
1586.36	0.00009760472906070677
1586.365	0.00009760883341330495
1586.37	0.0000976913659834653
1586.375	0.00009767462882812701
1586.38	0.00009755592151689683
1586.385	0.00009753047305683284
1586.3899999999999	0.00009766947897832027
1586.395	0.000097861481930335
1586.3999999999999	0.00009795398682345528
1586.405	0.0000979008478232983
1586.41	0.00009777895405792061
1586.415	0.00009766056494773632
1586.4199999999998	0.00009742614790677418
1586.425	0.00009708352035815461
1586.4299999999998	0.00009677985468668055
1586.435	0.00009648326330137077
1586.44	0.00009614490359159177
1586.445	0.00009581491092934476
1586.4499999999998	0.00009550162011917334
1586.455	0.0000952215080735761
1586.46	0.00009498493245174562
1586.4650000000001	0.00009474835682990755
1586.47	0.0000945464836643843
1586.475	0.00009436741405207405
1586.48	0.00009420072558716613
1586.485	0.00009407744828462708
1586.49	0.00009399506026058339
1586.4950000000001	0.00009389747295413683
1586.5	0.00009382816162879442
1586.5049999999999	0.00009377340612977481
1586.51	0.00009370508068028568
1586.5149999999999	0.00009373612206982884
1586.52	0.00009386399000149256
1586.525	0.00009395677208506996
1586.53	0.00009400656563229843
1586.5349999999999	0.00009401508196358438
1586.54	0.00009402444993611429
1586.5449999999998	0.00009397848668403141
1586.55	0.0000938318825202306
1586.555	0.00009347033902570958
1586.56	0.00009300016856041537
1586.5649999999998	0.00009247136194893063
1586.57	0.0000920191624373517
1586.5749999999998	0.00009163535003150117
1586.5800000000002	0.00009129002454800787
1586.585	0.00009098293439882247
1586.59	0.00009082492033485314
1586.595	0.00009089046051710201
1586.6	0.0000910394155382559
1586.605	0.00009121617547865181
1586.6100000000001	0.0000914440315416683
1586.615	0.0000915941445760287
1586.62	0.00009177905425745986
1586.625	0.00009187856910004764
1586.6299999999999	0.00009198367979086774
1586.635	0.00009202251385431741
1586.64	0.00009203252091213275
1586.645	0.00009201035428370178
1586.6499999999999	0.00009193670821138679
1586.655	0.00009184177811511098
1586.6599999999999	0.00009165279606750212
1586.665	0.00009151561244758891
1586.67	0.00009145869783388432
1586.675	0.00009145744089194985
1586.6799999999998	0.00009165464139538835
1586.685	0.0000920582525109304
1586.6899999999998	0.00009257902734926652
1586.6950000000002	0.00009323120879325077
1586.7	0.0000937831420878299
1586.705	0.00009418647662974518
1586.71	0.00009429683110009103
1586.715	0.00009429435159357377
1586.7199999999998	0.00009420318982050307
1586.7250000000001	0.00009403744084841776
1586.73	0.00009393994695550661
1586.735	0.00009398869587152239
1586.74	0.00009426606035204526
1586.745	0.00009452838365205324
1586.7499999999998	0.00009478784899473325
1586.755	0.00009513324042143624
1586.76	0.00009560398998210871
1586.7649999999999	0.00009590647952457478
1586.77	0.00009601008186891719
1586.7749999999999	0.00009597485856842435
1586.78	0.00009580347000355985
1586.785	0.00009543546704734673
1586.79	0.00009495759330553733
1586.7949999999998	0.00009439393773238075
1586.8	0.00009375605517263239
1586.8049999999998	0.00009315579952910473
1586.81	0.00009261316163635472
1586.815	0.00009207836329730067
1586.82	0.0000915186403451585
1586.825	0.00009094850634230963
1586.83	0.00009032043791455915
1586.8349999999998	0.00008974876064198302
1586.8400000000001	0.00008926091302958231
1586.845	0.00008893186172725519
1586.85	0.00008874498700925235
1586.855	0.00008868243392578249
1586.86	0.00008880170442858654
1586.8649999999998	0.0000893286996974338
1586.8700000000001	0.00009023506556393235
1586.875	0.00009128923085224207
1586.8799999999999	0.00009233177334359159
1586.885	0.00009350609024756343
1586.8899999999999	0.0000943632392322544
1586.895	0.00009491816061699616
1586.9	0.00009503732468830618
1586.905	0.00009483267349482152
1586.9099999999999	0.00009437698163550893
1586.915	0.00009380399423583786
1586.9199999999998	0.00009327836896492254
1586.925	0.00009284508747205913
1586.93	0.00009253949475338368
1586.935	0.00009239787324333554
1586.94	0.0000924336228921331
1586.945	0.00009264031536189824
1586.9499999999998	0.00009294163190723607
1586.955	0.00009327802668302928
1586.96	0.00009367866850771494
1586.965	0.00009399239100696809
1586.97	0.00009428854958134457
1586.975	0.00009449047499457018
1586.9799999999998	0.00009469345874920843
1586.9850000000001	0.00009489956615361622
1586.99	0.00009503307850094957
1586.995	0.00009513931004542374
1587	0.00009502094936723155
1587.0049999999999	0.00009474198000460399
1587.01	0.00009413695435134712
1587.015	0.00009279056865191917
1587.02	0.00009107354409724729
1587.025	0.00008964163593435608
1587.03	0.00008852358969512691
1587.0349999999999	0.00008764685204532536
1587.04	0.00008721103956627889
1587.045	0.00008721356978312974
1587.05	0.00008770455454385037
1587.055	0.00008822276945982635
1587.06	0.00008882804408997616
1587.0649999999998	0.00008917026617126433
1587.07	0.00008934901309497228
1587.075	0.00008936299026269098
1587.08	0.00008925813873277972
1587.085	0.00008908043583803378
1587.09	0.00008884116109627411
1587.0949999999998	0.00008846022296788602
1587.1	0.00008819103546145728
1587.105	0.00008809820546341593
1587.11	0.00008815157750348155
1587.115	0.0000882733456768381
1587.12	0.0000883012785328653
1587.125	0.0000883783632008272
1587.13	0.00008845443897024315
1587.135	0.00008851089994716372
1587.14	0.0000885199720710807
1587.145	0.000088307179183716
1587.1499999999999	0.00008802459971519577
1587.155	0.00008769841625436131
1587.16	0.00008730939625243928
1587.165	0.00008685151242128075
1587.17	0.00008636823955900489
1587.175	0.00008581607400604364
1587.1799999999998	0.00008522048214232491
1587.185	0.00008458268491942422
1587.19	0.00008405467332384875
1587.195	0.00008374069394801301
1587.2	0.00008361081274236006
1587.205	0.0000837833005543516
1587.2099999999998	0.00008402370395729394
1587.215	0.0000845323015209233
1587.22	0.00008531960356834935
1587.225	0.00008619544662357571
1587.23	0.00008703078094286947
1587.235	0.00008758687429891359
1587.24	0.00008813025510910715
1587.245	0.00008858948043609866
1587.25	0.000088770419317707
1587.255	0.00008872730741740527
1587.26	0.00008867473505699755
1587.2649999999999	0.00008858758782949787
1587.27	0.0000884778533165602
1587.275	0.0000884339750439377
1587.28	0.00008846322967023121
1587.285	0.00008855862878826217
1587.29	0.00008862135520179908
1587.2949999999998	0.00008870999009446488
1587.3	0.00008883450638515462
1587.305	0.0000889369020576849
1587.31	0.00008901473165012398
1587.315	0.00008905821888296218
1587.32	0.00008900488948037109
1587.3249999999998	0.0000889288055158473
1587.33	0.0000887807380886679
1587.335	0.00008862492406095384
1587.34	0.00008847741833263881
1587.345	0.0000884118744762197
1587.35	0.00008820875767231075
1587.355	0.0000878440975078696
1587.36	0.00008758766817278442
1587.365	0.00008730366697211694
1587.3700000000001	0.0000870552552979246
1587.375	0.0000869892358964767
1587.3799999999999	0.0000870426982709637
1587.385	0.00008710632914950686
1587.3899999999999	0.00008722787893621353
1587.395	0.00008745857399924939
1587.4	0.00008764515170656458
1587.405	0.00008770274947613971
1587.4099999999999	0.00008766268653679909
1587.415	0.00008767810404008816
1587.4199999999998	0.00008760901644722662
1587.425	0.00008744031763521013
1587.43	0.00008724011125980409
1587.435	0.00008703035592378225
1587.4399999999998	0.00008678530871258276
1587.445	0.00008657584070753662
1587.45	0.00008635879587851992
1587.455	0.00008617432867236807
1587.46	0.00008604558445705124
1587.465	0.0000859768322544892
1587.47	0.00008592956692926839
1587.475	0.00008592398307368146
1587.48	0.00008593515759320202
1587.4850000000001	0.00008589326399350186
1587.49	0.00008586477270515403
1587.495	0.00008580518674391713
1587.5	0.00008571879720179548
1587.5049999999999	0.00008561950193875841
1587.51	0.00008552019859132255
1587.515	0.00008540533097607958
1587.52	0.00008521156241915061
1587.5249999999999	0.0000849239223150819
1587.53	0.00008457049798430925
1587.5349999999999	0.00008419601166596785
1587.54	0.00008388919637482952
1587.545	0.00008357551090811178
1587.55	0.00008343555306621358
1587.5549999999998	0.00008347456199354427
1587.56	0.00008370927780352046
1587.5649999999998	0.00008407813907803532
1587.57	0.00008466214046514803
1587.575	0.00008533748028822052
1587.58	0.00008597715773968177
1587.585	0.0000864982236513831
1587.59	0.00008690595183910093
1587.595	0.00008710178116156377
1587.6000000000001	0.00008703555239800166
1587.605	0.00008681111842131036
1587.61	0.00008656287352671947
1587.615	0.00008619414749896567
1587.62	0.00008582615224464436
1587.625	0.00008542365355423621
1587.63	0.00008517692656098824
1587.635	0.0000851210705610911
1587.6399999999999	0.00008520149923282375
1587.645	0.00008536524127785548
1587.6499999999999	0.00008555472002862405
1587.655	0.00008583504122041198
1587.66	0.00008617087398356142
1587.665	0.00008656935667967252
1587.6699999999998	0.00008702405144805109
1587.675	0.00008761149554715394
1587.6799999999998	0.00008827583656754888
1587.685	0.00008869891630178591
1587.69	0.00008862233311619039
1587.695	0.0000874522441757642
1587.7	0.00008551520416841057
1587.705	0.00008343697595574171
1587.7099999999998	0.0000813303963599231
1587.7150000000001	0.00007970866360380002
1587.72	0.00007880437636807662
1587.725	0.00007853625722666564
1587.73	0.00007877830520984038
1587.735	0.0000796327902913923
1587.74	0.00008080184154226015
1587.7450000000001	0.00008215327579518419
1587.75	0.00008353623516179677
1587.7549999999999	0.00008488455278927487
1587.76	0.00008618092604438853
1587.7649999999999	0.00008727014826791259
1587.77	0.0000879576422511086
1587.775	0.00008849784864296713
1587.78	0.00008887524125928716
1587.7849999999999	0.00008906773292546834
1587.79	0.00008901272668590651
1587.7949999999998	0.00008880673862823455
1587.8	0.00008856299978073804
1587.805	0.00008833442092457719
1587.81	0.00008818546222869171
1587.815	0.00008796826432574809
1587.82	0.00008776759881430804
1587.8249999999998	0.00008759615596601123
1587.8300000000002	0.00008743365957929716
1587.835	0.00008736132582283538
1587.84	0.00008736964081441904
1587.845	0.00008742683724650181
1587.85	0.0000875259574697259
1587.8549999999998	0.00008766544281979409
1587.8600000000001	0.0000878077213476258
1587.865	0.00008801376675392602
1587.87	0.0000882545864000384
1587.875	0.00008847656824914896
1587.8799999999999	0.0000886063094094189
1587.8849999999998	0.00008850884408447654
1587.89	0.00008829867014078035
1587.895	0.0000879892759849953
1587.9	0.00008760253855072256
1587.905	0.00008709955940371766
1587.9099999999999	0.00008671913065256136
1587.915	0.00008635480114135662
1587.92	0.0000860923836639835
1587.925	0.00008587227758578527
1587.93	0.00008574823248724982
1587.935	0.0000856867151918056
1587.9399999999998	0.00008562417314947407
1587.945	0.00008546259294865802
1587.95	0.00008536524106525034
1587.955	0.00008528545239434575
1587.96	0.00008509276089153978
1587.965	0.00008481656347879694
1587.9699999999998	0.00008450504128063004
1587.9750000000001	0.00008419947653186139
1587.98	0.0000838829492463017
1587.985	0.00008359174054158203
1587.99	0.00008337541214045622
1587.995	0.00008317619903428572
1587.9999999999998	0.00008298033770375006
1588.005	0.00008275062981797846
1588.01	0.00008251549996701091
1588.015	0.00008214637044780967
1588.02	0.000081790453708311
1588.0249999999999	0.00008139617172474097
1588.0299999999997	0.00008088674947096432
1588.035	0.00008017826879290974
1588.04	0.00007933915539149562
1588.045	0.00007851370431307447
1588.05	0.00007773918921367882
1588.0549999999998	0.0000770165499006769
1588.06	0.00007639169296177841
1588.065	0.00007607362050325723
1588.07	0.0000760624394585824
1588.075	0.00007624276673185183
1588.08	0.00007665395780607356
1588.0849999999998	0.00007729493006003736
1588.09	0.00007803686943201187
1588.095	0.00007867299784057645
1588.1	0.00007907517639769761
1588.105	0.00007926190837687047
1588.11	0.00007921449370580701
1588.1149999999998	0.00007895111478385066
1588.1200000000001	0.00007847644840526891
1588.125	0.00007777522519177509
1588.13	0.00007703480859057097
1588.135	0.00007625862333284134
1588.1399999999999	0.00007552175085873746
1588.145	0.00007496151298210562
1588.15	0.00007450558504525744
1588.155	0.00007422668225285442
1588.16	0.00007406381997884227
1588.165	0.00007396703348857132
1588.1699999999998	0.00007409676850699553
1588.175	0.00007438354122185128
1588.18	0.00007480394104444492
1588.185	0.00007537317388049947
1588.19	0.00007604690291323963
1588.195	0.00007680914480800359
1588.1999999999998	0.00007766935460906071
1588.205	0.00007853065100639856
1588.21	0.00007929337350316075
1588.215	0.00007978245602564054
1588.22	0.00007989684293655786
1588.225	0.00007959368800557957
1588.2299999999998	0.00007899788350273469
1588.235	0.0000780816515098608
1588.24	0.00007703779412417559
1588.2450000000001	0.00007610805677245727
1588.25	0.00007537620703759118
1588.2549999999999	0.00007498222601769753
1588.26	0.00007484072374823889
1588.265	0.00007501321663129868
1588.27	0.00007538280281882817
1588.275	0.00007589767939377028
1588.28	0.00007665773102837665
1588.2849999999999	0.00007737442326231647
1588.29	0.00007806917037265857
1588.295	0.0000785778119109023
1588.3	0.00007898546977470274
1588.305	0.00007918679377578304
1588.31	0.00007936487129072298
1588.3149999999998	0.00007946445682374041
1588.32	0.00007947498020125367
1588.325	0.00007940316938967698
1588.33	0.00007927090194186153
1588.335	0.0000791008566921467
1588.34	0.00007888683834385207
1588.3449999999998	0.00007868858036761153
1588.35	0.00007847920086399085
1588.355	0.00007817930134254941
1588.3600000000001	0.00007796249704504328
1588.365	0.00007781235035508874
1588.37	0.00007786750624285866
1588.375	0.00007811042616861197
1588.3799999999999	0.0000784509465574052
1588.385	0.000078731090306831
1588.39	0.00007906640161069367
1588.395	0.00007928534359461553
1588.3999999999999	0.00007931177175046207
1588.405	0.00007913737316246077
1588.4099999999999	0.00007882545970167567
1588.415	0.00007841819876042226
1588.42	0.00007789248738141506
1588.425	0.00007728431249288189
1588.4299999999998	0.00007680083107331781
1588.435	0.00007647772635350335
1588.44	0.00007625903267664704
1588.445	0.0000761553319508745
1588.45	0.00007619672696411728
1588.455	0.00007648503091686542
1588.4599999999998	0.00007699375408986374
1588.465	0.00007750596400857187
1588.47	0.00007799246267791537
1588.4750000000001	0.00007847370570830148
1588.48	0.00007889994250940721
1588.485	0.0000792010518921505
1588.49	0.00007942898610087968
1588.495	0.00007960389245546773
1588.5	0.00007963318713071457
1588.505	0.00007959441913275129
1588.51	0.00007957136082225878
1588.5149999999999	0.0000795143854955877
1588.52	0.00007937859030639968
1588.5249999999999	0.00007922770766386844
1588.53	0.00007913505397968215
1588.535	0.00007915093930284998
1588.54	0.00007933042370653279
1588.5449999999998	0.00007941689257553818
1588.55	0.00007948132437179908
1588.5549999999998	0.00007964759150944444
1588.56	0.00007979391407450259
1588.565	0.0000798022269796407
1588.57	0.00007960912029682094
1588.5749999999998	0.00007933433924730495
1588.58	0.00007902095942538945
1588.585	0.00007871291085719846
1588.5900000000001	0.00007823797487041852
1588.595	0.00007779374507112954
1588.6	0.00007743990662289407
1588.605	0.00007733338417970325
1588.61	0.00007743269377704468
1588.615	0.0000775689852183907
1588.6200000000001	0.00007781267978495118
1588.625	0.00007827674049502604
1588.6299999999999	0.00007877359076579186
1588.635	0.0000792105562489057
1588.6399999999999	0.00007943158092591339
1588.645	0.0000794746738392859
1588.65	0.00007940642407666928
1588.655	0.0000791529270919978
1588.6599999999999	0.00007878081480355563
1588.665	0.0000782770804144166
1588.6699999999998	0.00007765960298558542
1588.675	0.00007674323951147734
1588.68	0.00007574487544269079
1588.685	0.0000745975047084135
1588.6899999999998	0.0000734065455147938
1588.695	0.00007195358052704443
1588.6999999999998	0.00007088265844965772
1588.7050000000002	0.00007037147797406032
1588.71	0.00007055930867100981
1588.715	0.00007122026485194466
1588.72	0.00007237933869020517
1588.725	0.00007354618169997359
1588.73	0.00007472901033388024
1588.7350000000001	0.00007556314314609127
1588.74	0.00007599335919343063
1588.745	0.00007602662609268511
1588.75	0.00007574417317826238
1588.7549999999999	0.00007522120707722856
1588.76	0.00007457331702905967
1588.765	0.0000739859915465343
1588.77	0.00007367300756385536
1588.7749999999999	0.0000734378154251953
1588.78	0.00007328953258930063
1588.7849999999999	0.00007332865878177466
1588.79	0.0000734733311760949
1588.795	0.00007369397229336157
1588.8	0.00007401514897860811
1588.8049999999998	0.00007419033981906269
1588.81	0.00007430265351385379
1588.8149999999998	0.0000743439342750182
1588.8200000000002	0.00007426621861180749
1588.825	0.0000741423109215069
1588.83	0.00007395091647779622
1588.835	0.00007368191625712825
1588.84	0.00007335037903365442
1588.8449999999998	0.00007290582054870057
1588.8500000000001	0.00007249268963309276
1588.855	0.00007203986709193048
1588.86	0.00007150517642199396
1588.865	0.00007095372133489765
1588.87	0.00007050885942048734
1588.8749999999998	0.00007016693725645736
1588.88	0.00006984928774375229
1588.885	0.0000695974215194811
1588.8899999999999	0.00006956628202822839
1588.895	0.000069781861338465
1588.8999999999999	0.00007013894548315946
1588.905	0.00007047042519080159
1588.91	0.00007090725694554396
1588.915	0.00007133039532173663
1588.9199999999998	0.000071724556858734
1588.925	0.00007188488498064628
1588.9299999999998	0.00007174417295008028
1588.9350000000002	0.0000713877671723674
1588.94	0.00007074502398410932
1588.945	0.00007000195270976622
1588.95	0.00006926081508744793
1588.955	0.00006855339853322138
1588.9599999999998	0.00006791123974530956
1588.9650000000001	0.00006745643736744463
1588.97	0.00006720771284325747
1588.975	0.0000671055749990045
1588.98	0.00006714006888033671
1588.985	0.00006730062244983919
1588.9899999999998	0.00006750445138173945
1588.9950000000001	0.00006783744895909155
1589	0.00006812838217779784
1589.0049999999999	0.0000684265898437661
1589.01	0.00006869143000816701
1589.0149999999999	0.00006888966433072031
1589.02	0.00006916243101190797
1589.025	0.00006926836793968023
1589.03	0.00006932248221647549
1589.0349999999999	0.000069077708840256
1589.04	0.00006831767513303616
1589.0449999999998	0.0000673604062477411
1589.05	0.00006638662001967316
1589.055	0.00006548793332529795
1589.06	0.00006496421126418785
1589.065	0.00006490701343864196
1589.07	0.0000653014507455857
1589.0749999999998	0.00006596161239421401
1589.08	0.00006684521087412194
1589.085	0.00006771226905936969
1589.09	0.00006869234755747617
1589.095	0.00006935482530732171
1589.1	0.00006972855817741918
1589.1049999999998	0.00006966407468749192
1589.1100000000001	0.00006935527557194001
1589.115	0.00006892814200305625
1589.12	0.00006841567616272882
1589.125	0.0000678758668558196
1589.1299999999999	0.00006743609873831231
1589.135	0.00006709365542794798
1589.14	0.00006693704304831207
1589.145	0.00006694800347936448
1589.1499999999999	0.00006708444866643512
1589.155	0.00006728755812564938
1589.1599999999999	0.00006757777307889366
1589.165	0.00006789367271180387
1589.17	0.00006823421730857013
1589.175	0.00006864560919138242
1589.18	0.00006904709948158102
1589.185	0.00006946559614459815
1589.1899999999998	0.00006982823679814995
1589.195	0.00007014972142638267
1589.2	0.00007045663743818307
1589.205	0.00007066752869304993
1589.21	0.00007076322387194897
1589.215	0.00007077564281361337
1589.2199999999998	0.00007062504886733148
1589.225	0.00007033996394846427
1589.23	0.00006999555740689924
1589.235	0.00006957930082974091
1589.24	0.00006921815247505956
1589.245	0.00006898113653525605
1589.25	0.00006891392786695103
1589.255	0.0000690076361771904
1589.26	0.00006927977906171325
1589.265	0.00006965942653532326
1589.27	0.00007007902882883562
1589.2749999999999	0.00007045965270821827
1589.28	0.00007083011055865455
1589.285	0.00007099424556887919
1589.29	0.00007102234048101294
1589.295	0.00007089170185882548
1589.3	0.00007072919665276992
1589.3049999999998	0.00007061155261089218
1589.31	0.00007039822132923434
1589.315	0.00007021634228716047
1589.32	0.0000701018886507537
1589.325	0.0000700862108470772
1589.33	0.00007015712805124746
1589.3349999999998	0.000070213311662386
1589.34	0.00007030439324513106
1589.345	0.00007042677426003825
1589.35	0.00007055652122819405
1589.355	0.00007077257590020354
1589.36	0.00007090549084644243
1589.365	0.00007099561326501365
1589.37	0.00007113680518085368
1589.375	0.00007135643677349331
1589.38	0.00007135571330392245
1589.385	0.00007112825900866486
1589.3899999999999	0.00007102195110060669
1589.395	0.00007081323328747194
1589.4	0.00007044466900975498
1589.405	0.00007006572849353964
1589.41	0.00006981563023068766
1589.415	0.00006964785729743068
1589.4199999999998	0.00006962949763807088
1589.425	0.00006973187828615637
1589.43	0.00006989151354304033
1589.435	0.00007007448320690416
1589.44	0.00007016239108824001
1589.445	0.00007014537668452266
1589.4499999999998	0.00006995951930652946
1589.455	0.0000695807491731738
1589.46	0.00006900751591173451
1589.465	0.00006829533608551319
1589.47	0.00006762766178768491
1589.475	0.00006702675928074936
1589.48	0.00006650813451608423
1589.485	0.00006607480714345406
1589.49	0.0000658738552797343
1589.4950000000001	0.0000658252814147972
1589.5	0.00006589499055188299
1589.5049999999999	0.00006608456232026399
1589.51	0.00006633913262787278
1589.5149999999999	0.00006664601981726244
1589.52	0.00006700347079424851
1589.525	0.00006740141584940693
1589.53	0.00006786369005300185
1589.5349999999999	0.0000681456811187347
1589.54	0.00006842127266508218
1589.5449999999998	0.00006849977944511923
1589.55	0.00006843462762538403
1589.555	0.00006817345995971448
1589.56	0.00006754841250929427
1589.5649999999998	0.00006653894983469708
1589.57	0.00006531231544311312
1589.575	0.00006413099870636515
1589.58	0.00006303809830000556
1589.585	0.00006206082412566405
1589.59	0.00006133571160928331
1589.595	0.00006097464214013654
1589.6	0.000061018551841313006
1589.605	0.00006142500670420936
1589.6100000000001	0.00006206460862419476
1589.615	0.00006289210715341839
1589.62	0.0000637809278602586
1589.625	0.0000646991850909729
1589.6299999999999	0.00006543530281229131
1589.635	0.00006592330249440706
1589.64	0.00006621279045538281
1589.645	0.00006636895805339535
1589.6499999999999	0.0000664349740804479
1589.655	0.00006638463773733456
1589.6599999999999	0.0000662356867583773
1589.665	0.000066084604762909
1589.67	0.00006597411267534139
1589.675	0.00006587256052309281
1589.6799999999998	0.00006575914807519617
1589.685	0.00006567203673625801
1589.6899999999998	0.00006561797518348219
1589.695	0.00006560411565357828
1589.7	0.00006566642382982008
1589.705	0.00006564752919757242
1589.71	0.00006577907000539403
1589.715	0.00006597025423886368
1589.72	0.0000662833480668198
1589.7250000000001	0.00006639435781009785
1589.73	0.00006644891788266172
1589.735	0.0000664791279161902
1589.74	0.00006643813376625067
1589.745	0.00006637081477413217
1589.75	0.00006616772888622496
1589.755	0.00006589606350782412
1589.76	0.00006568157472646986
1589.7649999999999	0.00006553659399189017
1589.77	0.00006539625209715613
1589.7749999999999	0.00006521396354515431
1589.78	0.00006502905386372325
1589.785	0.00006490643472421209
1589.79	0.00006490154543087686
1589.7949999999998	0.00006492489774245769
1589.8	0.00006490813940642768
1589.8049999999998	0.00006483831295070153
1589.81	0.00006479710283057187
1589.815	0.00006476535315530787
1589.82	0.00006476108399902411
1589.825	0.00006481444826128659
1589.83	0.00006481765012722457
1589.8349999999998	0.00006478563158007227
1589.8400000000001	0.00006474614201579248
1589.845	0.00006474614201579248
1589.85	0.00006473368734281475
1589.855	0.0000647461492860509
1589.86	0.00006478352587668872
1589.865	0.00006480771845141478
1589.8700000000001	0.0000647640205143865
1589.875	0.00006468581524291146
1589.8799999999999	0.00006463564535864525
1589.885	0.00006457447073474702
1589.8899999999999	0.00006440978676322869
1589.895	0.00006420863381011869
1589.9	0.00006407883243013897
1589.905	0.00006390081383179133
1589.9099999999999	0.0000637439269573491
1589.915	0.00006345561130298049
1589.9199999999998	0.00006308504956523127
1589.925	0.00006279624750519783
1589.93	0.0000625507715781953
1589.935	0.00006226665294064636
1589.94	0.00006204206372766288
1589.945	0.00006185048554475758
1589.9499999999998	0.00006176112221403087
1589.9550000000002	0.0000616949109953092
1589.96	0.00006167439170740217
1589.965	0.00006171345172999004
1589.97	0.00006171345497626685
1589.975	0.00006168902546621918
1589.9799999999998	0.00006167174433358011
1589.9850000000001	0.00006167531828110615
1589.99	0.00006169082608156181
1589.995	0.00006172112612877823
1590	0.000061712344426613
1590.0049999999999	0.00006171779620952193
1590.0099999999998	0.00006177081202853004
1590.015	0.00006185419870486057
1590.02	0.00006192831580274608
1590.0249999999999	0.00006202201201104337
1590.03	0.00006214318633707361
1590.0349999999999	0.00006230476184478853
1590.04	0.00006249081339378632
1590.045	0.00006279993884272155
1590.05	0.00006321598907961377
1590.055	0.00006365301433091952
1590.06	0.00006410324254277706
1590.0649999999998	0.0000643089129100941
1590.07	0.00006435023134093211
1590.075	0.00006427454132590859
1590.08	0.00006384408505108326
1590.085	0.00006328044411870936
1590.09	0.00006283358388311644
1590.0949999999998	0.00006252707710177454
1590.1000000000001	0.00006239466814719655
1590.105	0.00006241620499283521
1590.11	0.00006268588256042272
1590.115	0.00006318071962368101
1590.12	0.00006369929848837838
1590.1249999999998	0.00006409500543267544
1590.13	0.00006433844030299099
1590.135	0.00006439518122324179
1590.14	0.00006432580855555761
1590.145	0.00006409661622360062
1590.1499999999999	0.00006372730140507488
1590.1549999999997	0.00006324606956848536
1590.16	0.00006284983571630473
1590.165	0.00006261166622366441
1590.17	0.0000624884690218564
1590.175	0.00006242474726611511
1590.1799999999998	0.00006248148818636597
1590.185	0.00006258110395391281
1590.19	0.00006275045166475908
1590.195	0.00006300574820595527
1590.2	0.0000633488530605443
1590.205	0.0000636747366525613
1590.2099999999998	0.00006399542765263886
1590.215	0.00006444228338795108
1590.22	0.00006481502892818813
1590.225	0.0000652202673515167
1590.23	0.00006553567565123953
1590.235	0.00006577929302512272
1590.2399999999998	0.00006584899531695898
1590.2450000000001	0.00006565595256721481
1590.25	0.00006515551413638555
1590.255	0.00006437809811655462
1590.26	0.00006349493873583218
1590.2649999999999	0.00006247610164722628
1590.2699999999998	0.00006154991051521616
1590.275	0.00006072797591735878
1590.28	0.000060140748942635153
1590.285	0.00006002660886692837
1590.29	0.00006021002297288899
1590.2949999999998	0.000060574130755483955
1590.3	0.00006108421443013829
1590.305	0.0000616568551873997
1590.31	0.00006229767223363499
1590.315	0.00006272445943219047
1590.32	0.00006304494315729916
1590.3249999999998	0.00006323999274334442
1590.33	0.0000632134179224491
1590.335	0.00006302254046885176
1590.34	0.00006274649065984724
1590.345	0.00006235649933173613
1590.35	0.00006200306214732305
1590.3549999999998	0.00006148182678926962
1590.36	0.00006091451602151234
1590.365	0.00006032466043717537
1590.3700000000001	0.00005965676948215804
1590.375	0.000058806967178227154
1590.3799999999999	0.000057892118668462386
1590.385	0.00005720208601386422
1590.39	0.00005689928366336977
1590.395	0.000057082359036117616
1590.4	0.00005756312739197095
1590.405	0.000058114321388651064
1590.4099999999999	0.000058947354901124205
1590.415	0.00005966652742826511
1590.42	0.000060123820794268605
1590.425	0.0000603520173884631
1590.43	0.00006032289150536676
1590.435	0.00006007810673685306
1590.4399999999998	0.0000596401231899083
1590.445	0.00005909479633280039
1590.45	0.00005864203494170436
1590.455	0.00005827924727495336
1590.46	0.00005801345271079536
1590.465	0.00005786449764855198
1590.4699999999998	0.00005786449764855198
1590.475	0.00005812990115875679
1590.48	0.00005851691085363341
1590.4850000000001	0.00005897298154163407
1590.49	0.0000594458387614774
1590.495	0.00005986561741910952
1590.5	0.00006021291589022545
1590.5049999999999	0.00006050015503953809
1590.51	0.00006073574871890514
1590.515	0.00006087760679410181
1590.52	0.00006086709905219369
1590.5249999999999	0.00006077919595613192
1590.53	0.000060661988866986526
1590.535	0.000060537529992531036
1590.54	0.00006036762823057805
1590.545	0.00006007910023461384
1590.55	0.000059752747242413704
1590.5549999999998	0.000059448328794800865
1590.56	0.000059146352350146834
1590.565	0.00005891142899015275
1590.57	0.00005877098843571304
1590.575	0.00005872672219019466
1590.58	0.00005870544521128272
1590.5849999999998	0.00005887184946372289
1590.59	0.00005892941423492745
1590.595	0.000058920604772333895
1590.6000000000001	0.000058767543998911925
1590.605	0.000058403773764898396
1590.61	0.00005792067229078921
1590.615	0.00005748772980939944
1590.62	0.000057146765903455056
1590.625	0.0000568242708908559
1590.63	0.000056514134056779256
1590.635	0.00005632729445760094
1590.6399999999999	0.00005630180518334435
1590.645	0.00005640607583797106
1590.6499999999999	0.00005660211348063373
1590.655	0.00005693821958328031
1590.66	0.000057289323516491536
1590.665	0.000057575686498241964
1590.6699999999998	0.00005796408256062468
1590.675	0.000058205384027532074
1590.6799999999998	0.0000583404794550723
1590.685	0.000058416322936271926
1590.69	0.000058455342854911916
1590.695	0.000058490099036134834
1590.6999999999998	0.00005844301474259501
1590.705	0.000058313906550136956
1590.71	0.00005810776525621752
1590.7150000000001	0.00005777400757063876
1590.72	0.000057215822673771154
1590.725	0.0000564296643968676
1590.73	0.0000557415242695794
1590.735	0.0000551675630075007
1590.74	0.00005493308712250542
1590.7450000000001	0.000054851493238836534
1590.75	0.000054921430982438016
1590.7549999999999	0.000055138256391036216
1590.76	0.000055567817784501675
1590.7649999999999	0.00005590707526089565
1590.77	0.00005640841947824474
1590.775	0.000056841271410556735
1590.78	0.00005721814178052081
1590.7849999999999	0.00005755477386936169
1590.79	0.000057809962704845226
1590.7949999999998	0.00005798591679514327
1590.8	0.00005809398041566713
1590.805	0.00005807956932542473
1590.81	0.000057942798067188935
1590.8149999999998	0.0000578704542407771
1590.82	0.000057815416593067614
1590.8249999999998	0.000057722058765409796
1590.8300000000002	0.00005752655151058045
1590.835	0.00005734361915415863
1590.84	0.00005718086750604378
1590.845	0.00005703842574268218
1590.85	0.00005691447225092854
1590.855	0.00005678041273188826
1590.8600000000001	0.00005654148548783111
1590.865	0.00005622475191078812
1590.87	0.00005588289417071887
1590.875	0.00005552714684360121
1590.8799999999999	0.00005512077080202285
1590.885	0.00005466307824837926
1590.89	0.0000541625945486372
1590.895	0.00005360185219818498
1590.8999999999999	0.00005299541688533723
1590.905	0.00005250260144817487
1590.9099999999999	0.00005231843246846556
1590.915	0.00005232992602676371
1590.92	0.00005256188484285998
1590.925	0.00005304937394770484
1590.9299999999998	0.00005379559869948853
1590.935	0.00005462618857856382
1590.9399999999998	0.000055532633087687535
1590.9450000000002	0.000056286228366787824
1590.95	0.000056924304686803734
1590.955	0.00005740711973635535
1590.96	0.0000577477869470834
1590.965	0.00005781087384093556
1590.9699999999998	0.00005772051132054858
1590.9750000000001	0.000057572002861181876
1590.98	0.000057437491121273606
1590.985	0.00005733963892132665
1590.99	0.00005725230223151233
1590.995	0.00005717602572080523
1591	0.00005714512755479395
1591.005	0.000057113764348026746
1591.01	0.000057252446575999006
1591.0149999999999	0.000057506684255340175
1591.02	0.000057715765507096404
1591.0249999999999	0.00005788978390222053
1591.03	0.000058066738514058504
1591.035	0.000058255399698919304
1591.04	0.00005847435589711153
1591.0449999999998	0.0000586918269983861
1591.05	0.000058949037315079406
1591.0549999999998	0.000059016868956580626
1591.0600000000002	0.00005868934871593026
1591.065	0.000057891056726089685
1591.07	0.000056892124330066435
1591.075	0.00005587124012718796
1591.08	0.000055023313237739964
1591.0849999999998	0.00005460975911297318
1591.0900000000001	0.00005460046476981653
1591.095	0.00005486197719671904
1591.1	0.000055400324528114856
1591.105	0.00005597250282191692
1591.11	0.00005650131668551212
1591.1149999999998	0.00005682612897481042
1591.1200000000001	0.00005697013406153358
1591.125	0.00005688646152356127
1591.1299999999999	0.00005655784058460932
1591.135	0.000056010097149591466
1591.1399999999999	0.00005536442647716169
1591.1449999999998	0.00005480767258610194
1591.15	0.00005433727355683554
1591.155	0.000053940916785854984
1591.1599999999999	0.00005364074076924044
1591.165	0.00005346906504565284
1591.1699999999998	0.00005349699790168083
1591.175	0.00005361206351156621
1591.18	0.00005379187995572193
1591.185	0.0000540173719512198
1591.19	0.000054264866447905144
1591.195	0.00005464407092684493
1591.1999999999998	0.00005503012541786427
1591.205	0.00005538441778900855
1591.21	0.000055727224528876066
1591.215	0.00005604025752368224
1591.22	0.00005630786561298052
1591.225	0.00005655205728823999
1591.2299999999998	0.00005670576657007557
1591.2350000000001	0.000056740027515014425
1591.24	0.00005661924247812317
1591.245	0.000056354108373243596
1591.25	0.00005589192327794013
1591.2549999999999	0.00005532673172871129
1591.26	0.00005471901025159724
1591.265	0.00005420592731126778
1591.27	0.00005373192843985046
1591.2749999999999	0.000053365461030467554
1591.28	0.000053157055282371494
1591.2849999999999	0.00005310990673767496
1591.29	0.000053077370071531335
1591.295	0.00005323817840815868
1591.3	0.00005339589548938552
1591.305	0.0000536639999539568
1591.31	0.00005384949570460816
1591.3149999999998	0.000053995642543898046
1591.32	0.00005406075718616157
1591.325	0.00005408628930724095
1591.33	0.000054000428104479206
1591.335	0.00005386463380602167
1591.34	0.000053756202494538103
1591.3449999999998	0.00005365145780258499
1591.35	0.00005357364367121646
1591.355	0.00005352399199749924
1591.36	0.000053441753289208075
1591.365	0.000053356019931184065
1591.37	0.000053299777384399765
1591.375	0.000053225265731221735
1591.38	0.000053131898054716465
1591.385	0.00005302511273815523
1591.3899999999999	0.0000529418757800989
1591.395	0.00005282055830511377
1591.3999999999999	0.00005267198323422477
1591.405	0.0000524504300618512
1591.41	0.000052145642628197546
1591.415	0.00005171569241509094
1591.42	0.00005120989454548785
1591.425	0.00005063562889045515
1591.4299999999998	0.0000501986974345395
1591.435	0.00005002002610017387
1591.44	0.00004998187068849804
1591.445	0.00004999097170812311
1591.45	0.00005006806109074623
1591.455	0.00005043512015959587
1591.4599999999998	0.00005084076040828881
1591.465	0.0000512506714198713
1591.47	0.00005161519214245132
1591.475	0.00005189795854400823
1591.48	0.00005207772389612104
1591.485	0.00005213446481637201
1591.49	0.0000520028346069187
1591.495	0.000051798537373708324
1591.5	0.000051530705934240706
1591.505	0.00005118495927548633
1591.51	0.00005097871386157517
1591.5149999999999	0.000050797425861323515
1591.52	0.00005066323503093982
1591.525	0.0000505906700411922
1591.53	0.00005060401653657693
1591.535	0.000050640012535466205
1591.54	0.000050669261547438274
1591.5449999999998	0.000050756435141629265
1591.55	0.000050941988360022364
1591.555	0.00005109295417293017
1591.56	0.00005140944165151281
1591.565	0.00005171608593169422
1591.57	0.000052061271426697357
1591.5749999999998	0.000052248521319735405
1591.58	0.000052433282740097446
1591.585	0.00005250043028014846
1591.59	0.00005245602828444909
1591.595	0.000052323422057578984
1591.6	0.00005207805759673961
1591.605	0.00005184244288716906
1591.61	0.000051700870189542666
1591.615	0.000051662078476511
1591.6200000000001	0.00005168813852405103
1591.625	0.000051819292287759256
1591.6299999999999	0.000052076040827343636
1591.635	0.000052437677791851886
1591.6399999999999	0.00005282320367931137
1591.645	0.00005324658165592599
1591.65	0.00005367923442964311
1591.655	0.00005403075550426071
1591.6599999999999	0.00005428428275653561
1591.665	0.000054454949587638384
1591.6699999999998	0.00005453245630611972
1591.675	0.0000544942490163953
1591.68	0.000054370971713856375
1591.685	0.00005417682007602946
1591.6899999999998	0.00005403664177575625
1591.695	0.00005388015553840416
1591.7	0.00005364894139727809
1591.705	0.00005334639892388957
1591.71	0.00005307100322491294
1591.715	0.00005275281869728413
1591.72	0.00005230313998304417
1591.725	0.00005188315429176155
1591.73	0.000051643145604672586
1591.7350000000001	0.00005157432514140717
1591.74	0.00005178998611290875
1591.745	0.00005223851611586837
1591.75	0.00005282579730072443
1591.7549999999999	0.00005340002034729308
1591.76	0.00005381448669458485
1591.765	0.00005394255457934993
1591.77	0.00005404127789197809
1591.7749999999999	0.00005407325927926856
1591.78	0.000054090584920415175
1591.7849999999999	0.000054065048679843595
1591.79	0.00005404489453863566
1591.795	0.00005402864481176841
1591.8	0.000053951250497669014
1591.8049999999998	0.00005385304838862874
1591.81	0.00005380336715451541
1591.8149999999998	0.000053791858550771784
1591.82	0.00005383730245553087
1591.825	0.000053830265110968116
1591.83	0.000053799297006047785
1591.835	0.00005375337424275676
1591.84	0.000053693154241389154
1591.845	0.000053528157910265674
1591.8500000000001	0.000053361253809568976
1591.855	0.00005309732940235492
1591.86	0.00005272532423596173
1591.865	0.000052376214694687106
1591.87	0.00005200196558849602
1591.875	0.000051581638337110424
1591.88	0.000051172846122638355
1591.885	0.000050827605966255614
1591.8899999999999	0.00005049825436504956
1591.895	0.00005015690147946511
1591.8999999999999	0.00004992175477439745
1591.905	0.00004980521552207898
1591.91	0.000049869752118301877
1591.915	0.00005005081554620697
1591.9199999999998	0.00005021119819463276
1591.925	0.00005028313115961329
1591.9299999999998	0.00005037673689618999
1591.935	0.000050393761391324965
1591.94	0.000050223569832982995
1591.945	0.000049873852531180886
1591.95	0.000049508946852693643
1591.955	0.00004918665015940457
1591.9599999999998	0.00004889008390531986
1591.9650000000001	0.000048598247324266533
1591.97	0.000048349907488257894
1591.975	0.00004822422247462509
1591.98	0.00004821523219043587
1591.985	0.000048292742553561755
1591.99	0.00004843464133132301
1591.9950000000001	0.000048629482972721676
1592	0.00004885488007806442
1592.0049999999999	0.00004897605560266733
1592.01	0.000049039078726278815
1592.0149999999999	0.00004907686409754115
1592.02	0.0000490480135400623
1592.025	0.000049008679138657376
1592.03	0.00004898091235817646
1592.0349999999999	0.00004891942373734692
1592.04	0.00004880993791285874
1592.0449999999998	0.000048674712670400357
1592.05	0.00004849985242817352
1592.055	0.00004827345445157955
1592.06	0.000048012534351988324
1592.065	0.00004785634937866472
1592.07	0.00004773582791202642
1592.0749999999998	0.00004765156357655424
1592.0800000000002	0.00004762602621263228
1592.085	0.00004766069975844816
1592.09	0.00004771473134576628
1592.095	0.00004776212358240235
1592.1	0.000047674935155321545
1592.1049999999998	0.00004755351005976599
1592.1100000000001	0.00004737476623027034
1592.115	0.00004720879063085778
1592.12	0.00004704848595152877
1592.125	0.00004691302031503284
1592.1299999999999	0.00004685949687045221
1592.1349999999998	0.00004687518204799338
1592.14	0.00004689436947988749
1592.145	0.000046953947446151254
1592.1499999999999	0.00004711581465023836
1592.155	0.00004733998235725353
1592.1599999999999	0.0000475890534154123
1592.165	0.00004780790207011441
1592.17	0.00004791962212553948
1592.175	0.000048016794812782195
1592.18	0.00004804277154321005
1592.185	0.00004802476100344501
1592.1899999999998	0.00004799696774740142
1592.1950000000002	0.00004795440916992844
1592.2	0.00004779703065244622
1592.205	0.00004763798752634659
1592.21	0.000047476237042112864
1592.215	0.000047252486611092743
1592.2199999999998	0.000046995022145029984
1592.2250000000001	0.00004666318765385361
1592.23	0.00004630704261834907
1592.235	0.00004606900625107539
1592.24	0.00004579795591022218
1592.245	0.00004552774082010619
1592.2499999999998	0.00004543349390476068
1592.255	0.00004547254078282757
1592.26	0.000045490830150738814
1592.2649999999999	0.00004564795158711874
1592.27	0.000045813561835533226
1592.2749999999999	0.00004600481767768302
1592.2799999999997	0.000046182786952808954
1592.285	0.000046360362720525805
1592.29	0.00004647216032603865
1592.295	0.00004657734972058292
1592.3	0.00004661719547229963
1592.3049999999998	0.000046552182074528236
1592.31	0.000046413743850277615
1592.315	0.000046312747623985946
1592.32	0.000046230562120999334
1592.325	0.00004621004573990371
1592.33	0.000046228247811086496
1592.3349999999998	0.000046238284031023405
1592.34	0.000046264001866802546
1592.345	0.000046264001866802546
1592.35	0.000046264001866802546
1592.355	0.00004627894747425589
1592.36	0.000046216434270330694
1592.3649999999998	0.000046169750441225
1592.3700000000001	0.00004610887326921194
1592.375	0.00004601375260281985
1592.38	0.00004587367147825664
1592.385	0.000045652529084812274
1592.3899999999999	0.00004532639822504525
1592.3949999999998	0.000044910415897841274
1592.4	0.000044323046133950185
1592.405	0.00004377690170668066
1592.41	0.00004333259622829925
1592.415	0.000043059507661806746
1592.4199999999998	0.000042968129717947686
1592.425	0.00004309941168818033
1592.43	0.000043459336420116095
1592.435	0.000044045949540343444
1592.44	0.00004464421700594418
1592.445	0.000045125880533334336
1592.4499999999998	0.00004556891801698811
1592.455	0.00004600734251201659
1592.46	0.000046226677966361505
1592.465	0.000046230974463456036
1592.47	0.00004608828062964037
1592.475	0.00004584591479694737
1592.4799999999998	0.00004554334811836468
1592.485	0.00004525962041883218
1592.49	0.0000450138853826672
1592.4950000000001	0.00004488766717258833
1592.5	0.00004488766717258833
1592.5049999999999	0.00004488766717258833
1592.5099999999998	0.000044945898191277706
1592.515	0.00004509229420729717
1592.52	0.00004531990750462801
1592.525	0.0000456042761813776
1592.53	0.000045802733700353266
1592.5349999999999	0.000045965238545837866
1592.54	0.00004608378473448431
1592.545	0.0000461450239561264
1592.55	0.00004624759110288431
1592.555	0.00004635014823029625
1592.56	0.00004633684163256125
1592.5649999999998	0.000046238457040848533
1592.57	0.00004604131032202959
1592.575	0.00004584048325569014
1592.58	0.000045728183105417
1592.585	0.000045709894038736834
1592.59	0.00004576977225061252
1592.5949999999998	0.000045834592763773804
1592.6	0.00004601832724279761
1592.605	0.00004628851908275105
1592.6100000000001	0.00004657451565216711
1592.615	0.000046800225347485
1592.62	0.00004700773061355024
1592.625	0.00004713440188377769
1592.6299999999999	0.000047202400302769366
1592.635	0.000047209590182962215
1592.64	0.00004710195357533923
1592.645	0.00004682476657365693
1592.6499999999999	0.00004638713701566162
1592.655	0.00004599843365755127
1592.66	0.00004556626360951944
1592.665	0.00004510343474857425
1592.67	0.000044633666649720505
1592.675	0.00004425374165844351
1592.6799999999998	0.00004401748183465939
1592.685	0.00004391619368404598
1592.69	0.00004390456888359032
1592.695	0.00004390550964275344
1592.7	0.000043952548070487305
1592.705	0.0000439581926912069
1592.7099999999998	0.000044021569705343696
1592.715	0.00004414885993917502
1592.72	0.0000443599843067423
1592.7250000000001	0.00004463831713675003
1592.73	0.00004486665997866598
1592.735	0.000045087266871181814
1592.74	0.00004517040691136211
1592.745	0.000045048543478545695
1592.75	0.00004491983856718725
1592.755	0.00004470593806907344
1592.76	0.00004435771206138497
1592.7649999999999	0.000044039286312319335
1592.77	0.00004374370237092127
1592.7749999999999	0.000043729402617438054
1592.78	0.00004378786308361226
1592.785	0.000043840026548466754
1592.79	0.00004389563640317774
1592.7949999999998	0.00004404459142432959
1592.8	0.00004420976158742149
1592.8049999999998	0.000044282754000578025
1592.81	0.00004430913201157567
1592.815	0.00004423227707419927
1592.82	0.00004406605300612863
1592.8249999999998	0.000043863054427958095
1592.83	0.000043632418307008984
1592.835	0.00004339543402440817
1592.8400000000001	0.00004318363863203446
1592.845	0.00004304177590879474
1592.85	0.00004298515910912977
1592.855	0.00004292930476575904
1592.86	0.0000428494281717936
1592.865	0.00004282233475981006
1592.8700000000001	0.00004283210728317497
1592.875	0.000042833622147049944
1592.8799999999999	0.00004290936609902546
1592.885	0.00004293488745723813
1592.8899999999999	0.0000429278672039528
1592.895	0.000042873604164274945
1592.9	0.00004274273673309005
1592.905	0.0000425236713678659
1592.9099999999999	0.00004226459719407675
1592.915	0.00004181742162397302
1592.9199999999998	0.000041254806480998996
1592.925	0.00004073077570455702
1592.93	0.00004013575756552316
1592.935	0.000039591731251146686
1592.9399999999998	0.0000392069315249475
1592.945	0.00003900366489590726
1592.9499999999998	0.00003902366891021299
1592.9550000000002	0.00003932568296555063
1592.96	0.00003984974073331362
1592.965	0.00004053201005769602
1592.97	0.00004122753489566141
1592.975	0.000041875340961118295
1592.98	0.000042453170540668774
1592.9850000000001	0.00004293604103755985
1592.99	0.00004322411578928099
1592.995	0.000043313206687874535
1593	0.00004323746273589895
1593.0049999999999	0.000042996306463093156
1593.01	0.00004262366918752259
1593.015	0.00004221324160324984
1593.02	0.000041845558135729776
1593.0249999999999	0.00004155927241949424
1593.03	0.00004137188130468666
1593.0349999999999	0.000041229461933488864
1593.04	0.00004109081058438186
1593.045	0.00004095494020315761
1593.05	0.00004085492262375631
1593.0549999999998	0.00004081230144947769
1593.06	0.00004084971541791646
1593.0649999999998	0.00004097222735245654
1593.0700000000002	0.000041269975579219006
1593.075	0.00004164714386986384
1593.08	0.00004217969024165418
1593.085	0.00004282317318210893
1593.09	0.00004335046581642058
1593.0949999999998	0.00004365622050873059
1593.1000000000001	0.000043778542189908876
1593.105	0.00004377945637906292
1593.11	0.000043761581764556474
1593.115	0.00004369268634694247
1593.12	0.00004368643834345131
1593.125	0.000043690088205039515
1593.13	0.00004370243457581516
1593.135	0.000043729410383837665
1593.1399999999999	0.00004375280933763145
1593.145	0.000043789452123038387
1593.1499999999999	0.000043841281167035566
1593.155	0.00004385758595057315
1593.16	0.00004367019483575902
1593.165	0.00004343222187625728
1593.1699999999998	0.00004315109763896313
1593.175	0.00004284185713173062
1593.1799999999998	0.00004251686435829209
1593.1850000000002	0.00004220970477232973
1593.19	0.000041882598851319204
1593.195	0.000041551202769384293
1593.2	0.00004123710259257238
1593.205	0.000041027634594077806
1593.2099999999998	0.00004084916785092795
1593.2150000000001	0.00004072655748627434
1593.22	0.0000406580113343807
1593.225	0.00004059982974874135
1593.23	0.00004065041824649248
1593.235	0.0000406851213414414
1593.2399999999998	0.00004081398395320568
1593.2450000000001	0.00004093275585335528
1593.25	0.00004124128561391227
1593.2549999999999	0.000041551106967722544
1593.26	0.00004189906969337979
1593.2649999999999	0.00004219936085123438
1593.2699999999998	0.00004251953135167036
1593.275	0.00004270571799650069
1593.28	0.00004271655561315252
1593.2849999999999	0.00004258436671716903
1593.29	0.00004231970772948047
1593.2949999999998	0.00004191040898850497
1593.3	0.000041447212518600616
1593.305	0.00004092103404891167
1593.31	0.0000405231535201916
1593.315	0.00004026291068263329
1593.32	0.00004004369843511908
1593.3249999999998	0.000040010606264464986
1593.33	0.000040054487664918924
1593.335	0.00004021254838564443
1593.34	0.000040374218562891354
1593.345	0.00004053863759573321
1593.35	0.000040674954072167336
1593.3549999999998	0.00004073618264208221
1593.3600000000001	0.00004071414368797247
1593.365	0.000040651430039273405
1593.37	0.00004062006682618356
1593.375	0.00004057592039872545
1593.3799999999999	0.00004053703451784242
1593.3849999999998	0.0000404996873065267
1593.39	0.000040461034673691914
1593.395	0.00004045481909997762
1593.3999999999999	0.0000404800520785599
1593.405	0.000040653986564486015
1593.4099999999999	0.000040722923586145016
1593.415	0.00004073291775061725
1593.42	0.00004084700392593122
1593.425	0.00004081230144947769
1593.43	0.00004081230144947769
1593.435	0.000040742595246986105
1593.4399999999998	0.00004043921671789545
1593.445	0.00004013412149847653
1593.45	0.0000397584144515646
1593.455	0.0000393518539168337
1593.46	0.00003894442980753966
1593.465	0.000038617512693108846
1593.4699999999998	0.00003847639740990763
1593.475	0.000038440644097917286
1593.48	0.00003858928471932782
1593.485	0.00003878897711208918
1593.49	0.00003898196465020539
1593.495	0.000039147747864523866
1593.4999999999998	0.00003924549580759666
1593.505	0.000039355539206716574
1593.51	0.00003940022725146263
1593.5149999999999	0.000039355138720155234
1593.52	0.00003918172115725966
1593.5249999999999	0.00003895020803684165
1593.53	0.00003872660176325713
1593.535	0.00003853895448195553
1593.54	0.00003844269915960972
1593.545	0.0000383175370663481
1593.55	0.00003820961366884978
1593.5549999999998	0.00003814362063699402
1593.56	0.00003812506956298117
1593.565	0.00003808093914955958
1593.57	0.0000381423105675814
1593.575	0.00003824484416308024
1593.58	0.000038390317034005104
1593.5849999999998	0.000038564805206987436
1593.59	0.00003879887451301596
1593.595	0.00003907465406920863
1593.6	0.00003939384340025555
1593.605	0.00003968025696326492
1593.61	0.00003998093255434042
1593.615	0.00004019563489262646
1593.62	0.00004041906367614339
1593.625	0.00004054457594378054
1593.6299999999999	0.0000406240258437879
1593.635	0.00004066701852590794
1593.6399999999999	0.00004070359447764528
1593.645	0.00004070505383424464
1593.65	0.00004068752772793988
1593.655	0.00004070471018168991
1593.66	0.00004067320022755223
1593.665	0.00004058350170608703
1593.6699999999998	0.00004052332386785156
1593.675	0.000040529638382592886
1593.68	0.00004052894298374805
1593.685	0.00004047326761244703
1593.69	0.000040358408623949336
1593.695	0.00004027050074261062
1593.6999999999998	0.00004014094837475615
1593.705	0.00004001350218824634
1593.71	0.0000398661926579715
1593.715	0.00003969114215312019
1593.72	0.00003950673661669942
1593.725	0.00003931531687139725
1593.73	0.00003909011786229374
1593.735	0.00003887374164548286
1593.74	0.00003866205937105823
1593.745	0.00003837325498747195
1593.75	0.000038146914491225466
1593.7549999999999	0.00003806361766390936
1593.76	0.000038144929120513057
1593.7649999999999	0.00003835348274964097
1593.77	0.00003855893538777304
1593.775	0.00003880548909961103
1593.78	0.00003905822421090628
1593.7849999999999	0.00003925833785853664
1593.79	0.00003937954182885337
1593.7949999999998	0.000039358038360593055
1593.8	0.000039281408876969085
1593.805	0.00003913657673611858
1593.81	0.000038903437962150524
1593.8149999999998	0.00003865688661870392
1593.82	0.00003842113051640548
1593.825	0.00003828244825533218
1593.83	0.00003816745438448045
1593.835	0.00003809315923032745
1593.84	0.00003805414375304515
1593.845	0.000038038970166084
1593.85	0.000038011048678739614
1593.855	0.00003799491286178963
1593.8600000000001	0.00003790564036947742
1593.865	0.000037733021420477
1593.87	0.00003752991196126256
1593.875	0.00003729984012273766
1593.8799999999999	0.000037069878413462256
1593.885	0.00003680811431339963
1593.89	0.00003650967410058409
1593.895	0.00003625056329158764
1593.8999999999999	0.00003596833272518518
1593.905	0.00003573000954516214
1593.9099999999999	0.00003543287665816913
1593.915	0.00003517192577819459
1593.92	0.000035017158201507104
1593.925	0.000034924279386296256
1593.9299999999998	0.00003500952971082886
1593.935	0.000035300437656025994
1593.9399999999998	0.00003571896314262069
1593.945	0.000036223681252696096
1593.95	0.000036777908835453195
1593.955	0.00003715678492886471
1593.96	0.00003742870647603715
1593.965	0.00003752340853679922
1593.97	0.00003750553445568587
1593.9750000000001	0.00003730713077307918
1593.98	0.00003692023374772471
1593.985	0.00003643236737198778
1593.99	0.00003597980432698582
1593.995	0.000035575096344976875
1594	0.00003531510650645724
1594.005	0.00003518673874085636
1594.01	0.00003517698628539626
1594.0149999999999	0.00003518185985740275
1594.02	0.00003526229335571839
1594.0249999999999	0.00003542240470562015
1594.03	0.00003560660333877968
1594.035	0.000035803522815358154
1594.04	0.00003610462220614035
1594.0449999999998	0.00003627517513044429
1594.05	0.00003650158674237808
1594.0549999999998	0.00003665568442307184
1594.06	0.000036876041853516716
1594.065	0.000037070586166072145
1594.07	0.000037201665665091094
1594.075	0.000037334513655031485
1594.08	0.00003740803299339038
1594.0849999999998	0.000037393957355768865
1594.0900000000001	0.0000372874667300959
1594.095	0.000037040794323905395
1594.1	0.00003685013388250577
1594.105	0.000036699934643485574
1594.11	0.000036592796854226644
1594.115	0.00003662056064288846
1594.1200000000001	0.00003680538293911721
1594.125	0.00003695005045576424
1594.1299999999999	0.00003715096783369301
1594.135	0.00003730046681906345
1594.1399999999999	0.00003742112795167228
1594.145	0.00003740828638391046
1594.15	0.00003724503689029079
1594.155	0.00003698805103054462
1594.1599999999999	0.000036695032711291656
1594.165	0.00003638794150021334
1594.1699999999998	0.000036070274583874
1594.175	0.000035768363716355815
1594.18	0.0000355267755054795
1594.185	0.00003545696041843724
1594.19	0.00003548768312666622
1594.195	0.00003558884846607489
1594.1999999999998	0.00003574734239107805
1594.2050000000002	0.00003595046287447065
1594.21	0.00003619419642208076
1594.215	0.000036493186229313936
1594.22	0.000036812128921967786
1594.225	0.00003711717456576468
1594.2299999999998	0.000037408031636150126
1594.2350000000001	0.00003768427990323354
1594.24	0.00003797677339601054
1594.245	0.00003824560919868122
1594.25	0.000038417128962464644
1594.2549999999999	0.000038417128962464644
1594.26	0.000038360826179203086
1594.265	0.000038176514205677605
1594.27	0.00003777364336470491
1594.2749999999999	0.00003721372897002146
1594.28	0.000036736935813331586
1594.2849999999999	0.00003626740195744763
1594.29	0.00003579128861925954
1594.295	0.00003552071173818726
1594.3	0.000035493325006518626
1594.305	0.00003559905580125503
1594.31	0.00003576751106947159
1594.3149999999998	0.00003592415686607468
1594.3200000000002	0.000036061834313041463
1594.325	0.000036085355896016966
1594.33	0.00003598118512384155
1594.335	0.00003573031776420769
1594.34	0.00003548325666708253
1594.3449999999998	0.00003523671460675907
1594.3500000000001	0.000034998799320059136
1594.355	0.00003478740680126981
1594.36	0.00003462595973672708
1594.365	0.000034538677286697314
1594.37	0.00003455383347637136
1594.3749999999998	0.000034581276116386204
1594.38	0.000034623197269894915
1594.385	0.000034701308021890565
1594.3899999999999	0.00003484740083785806
1594.395	0.00003502064951117589
1594.3999999999999	0.000035217606584897984
1594.4049999999997	0.000035447617229491965
1594.41	0.00003562778257720578
1594.415	0.000035867040693637954
1594.42	0.00003607903984814356
1594.425	0.0000361604816249174
1594.4299999999998	0.00003602853706249526
1594.435	0.00003575947903330177
1594.44	0.00003553934224914446
1594.445	0.000035260266961954826
1594.45	0.00003507349996447461
1594.455	0.00003503997595925853
1594.4599999999998	0.00003503885818645361
1594.465	0.000035107562043858856
1594.47	0.000035126250518406836
1594.475	0.000035187589179715216
1594.48	0.00003522687620037794
1594.485	0.000035201275383427085
1594.4899999999998	0.0000350868242430111
1594.4950000000001	0.00003487945346287057
1594.5	0.00003460510736089376
1594.5049999999999	0.000034351891909325994
1594.51	0.000034123867064947115
1594.5149999999999	0.000033901780530639524
1594.5199999999998	0.0000336817846762222
1594.525	0.0000334741579243672
1594.53	0.000033377913795805506
1594.535	0.000033325150079187003
1594.54	0.000033305041142739376
1594.5449999999998	0.00003330201703369883
1594.55	0.000033288271070698864
1594.555	0.00003332512053853643
1594.56	0.000033399122829544357
1594.565	0.000033503650508644544
1594.57	0.0000336592212412549
1594.5749999999998	0.00003385319073939137
1594.58	0.00003401659879295805
1594.585	0.00003421068440500618
1594.59	0.00003436161687382743
1594.595	0.000034550290518776665
1594.6	0.00003472409561919502
1594.6049999999998	0.00003475286939647053
1594.61	0.000034699249263532335
1594.615	0.00003457497917102241
1594.62	0.000034488010012423297
1594.625	0.000034364210440242636
1594.6299999999999	0.00003412524137819451
1594.6349999999998	0.00003389490307338227
1594.64	0.000033784676528270695
1594.645	0.0000337072245734497
1594.65	0.00003359839921179422
1594.655	0.00003352125461505084
1594.6599999999999	0.00003353328151079507
1594.665	0.00003346591256558901
1594.67	0.00003346591256558901
1594.675	0.00003337371726656499
1594.68	0.00003322923171754894
1594.685	0.000033012275225253356
1594.6899999999998	0.000032805792564557185
1594.695	0.00003263074205975249
1594.7	0.000032451996864344535
1594.705	0.00003229740835892315
1594.71	0.0000321307889295612
1594.715	0.00003202795103118258
1594.7199999999998	0.00003189193574946113
1594.725	0.0000317550804467205
1594.73	0.000031714225769974285
1594.7350000000001	0.000031714225769974285
1594.74	0.000031778744330141
1594.745	0.000031835966291278766
1594.7499999999998	0.00003196398103787498
1594.7549999999999	0.000032184212773998584
1594.76	0.00003243813257220819
1594.765	0.000032709410649061286
1594.77	0.00003291573089281057
1594.7749999999999	0.00003295845499687777
1594.78	0.0000327628562452037
1594.785	0.00003237823748833014
1594.79	0.000031887859030620795
1594.795	0.000031313829943901415
1594.8	0.000030728937092435145
1594.8049999999998	0.000030162454110062725
1594.81	0.000029784098348456676
1594.815	0.00002958205786884115
1594.82	0.000029546310529934992
1594.825	0.00002966224269837529
1594.83	0.00002989601159794643
1594.8349999999998	0.00003026229046092506
1594.84	0.000030766287903765176
1594.845	0.00003132127742268235
1594.8500000000001	0.00003183040680485559
1594.855	0.00003224938693844873
1594.86	0.00003256952907347042
1594.8649999999998	0.000032822441375877536
1594.87	0.0000330055186027207
1594.875	0.000033135665834420904
1594.88	0.000033249147674922624
1594.885	0.00003320834248232626
1594.8899999999999	0.00003315325656808366
1594.895	0.00003307181339342659
1594.8999999999999	0.000032970245810031405
1594.905	0.00003286548155924896
1594.91	0.00003274072414056868
1594.915	0.00003258671679718667
1594.9199999999998	0.00003246616624506299
1594.925	0.00003241132071707399
1594.9299999999998	0.000032397373598134534
1594.935	0.000032500698553430857
1594.94	0.00003262538363119436
1594.945	0.00003273887047227971
1594.9499999999998	0.00003284248614345375
1594.955	0.000032889777528706
1594.96	0.000032768817647174165
1594.9650000000001	0.00003257337960489532
1594.97	0.00003241474356039825
1594.975	0.00003219831649001518
1594.98	0.00003204192036821572
1594.985	0.000031988909202950144
1594.99	0.00003201352926982658
1594.9950000000001	0.00003208362126007399
1595	0.00003225922019602053
1595.0049999999999	0.00003255330286411056
1595.01	0.0000328530814835013
1595.0149999999999	0.00003304370225857185
1595.02	0.00003321320698146866
1595.025	0.00003331633519660499
1595.03	0.00003344342004300882
1595.0349999999999	0.00003358351345641382
1595.04	0.00003370321815497244
1595.0449999999998	0.00003377417471801966
1595.05	0.00003378549872027578
1595.055	0.00003377009376174141
1595.06	0.000033698277563033045
1595.0649999999998	0.000033654377294935115
1595.07	0.000033524096715393763
1595.0749999999998	0.00003340679377353097
1595.0800000000002	0.00003312630004715193
1595.085	0.00003282244148255449
1595.09	0.00003250580012418161
1595.095	0.000032274282947109105
1595.1	0.00003212992700087322
1595.105	0.00003214320167899133
1595.1100000000001	0.0000322275296832672
1595.115	0.000032379545768876553
1595.12	0.00003248904057814065
1595.125	0.00003261304884285536
1595.1299999999999	0.00003257850083404749
1595.135	0.00003261938107953357
1595.14	0.00003268749665105383
1595.145	0.000032724763507519896
1595.1499999999999	0.00003271025494740034
1595.155	0.00003269730950705704
1595.1599999999999	0.00003273548236824766
1595.165	0.0000328010417642917
1595.17	0.00003278582247921613
1595.175	0.000032742577473074716
1595.1799999999998	0.00003268809181952718
1595.185	0.00003264599969463897
1595.1899999999998	0.000032592299954040144
1595.1950000000002	0.00003247929363148377
1595.2	0.00003230325955393623
1595.205	0.000032117749095608275
1595.21	0.000031928173138041986
1595.215	0.000031739586508124174
1595.2199999999998	0.000031566606483558465
1595.2250000000001	0.00003134004441951692
1595.23	0.00003110414273648372
1595.235	0.000030874119496937135
1595.24	0.00003066164871024233
1595.245	0.000030494110284640943
1595.25	0.00003032823533866504
1595.255	0.000030141633495538848
1595.26	0.00003001657364561113
1595.2649999999999	0.0000298955026896299
1595.27	0.000029858859479477895
1595.2749999999999	0.000029949119902578037
1595.28	0.000030066200960632917
1595.285	0.00003023868554405242
1595.29	0.000030448718406553004
1595.2949999999998	0.00003066473398156756
1595.3	0.00003086600384950712
1595.3049999999998	0.00003091759640522487
1595.3100000000002	0.000030791356004350074
1595.315	0.00003057329838457829
1595.32	0.000030286506525196736
1595.325	0.000029907386361736668
1595.33	0.00002954626220484512
1595.3349999999998	0.000029223606777815887
1595.3400000000001	0.000028985392456458954
1595.345	0.000028854308766312846
1595.35	0.00002886810856427633
1595.355	0.00002893066388615814
1595.36	0.000028991251648459548
1595.3649999999998	0.000029092738915614255
1595.3700000000001	0.000029166050980679024
1595.375	0.00002929733866742368
1595.3799999999999	0.00002942182435864604
1595.385	0.00002948247464259547
1595.3899999999999	0.00002959594711580677
1595.3949999999998	0.000029642316954662574
1595.4	0.000029655756855496386
1595.405	0.00002964079612866046
1595.4099999999999	0.000029607536559215742
1595.415	0.00002956928801722825
1595.4199999999998	0.00002944161289220127
1595.425	0.000029166859022924853
1595.43	0.000028920976247970383
1595.435	0.000028717428124646147
1595.44	0.000028581366378347145
1595.445	0.000028578720864497838
1595.4499999999998	0.000028667624165473448
1595.4550000000002	0.000028897212588761476
1595.46	0.000029241833783838694
1595.465	0.000029497102621319383
1595.47	0.000029789287169064114
1595.475	0.000030078709105945755
1595.4799999999998	0.000030302136973601893
1595.4850000000001	0.000030477695446555103
1595.49	0.00003047163873861234
1595.495	0.00003044043613122163
1595.5	0.00003035576812925068
1595.5049999999999	0.00003021042468438093
1595.5099999999998	0.000030046709623105984
1595.515	0.000029931397430335273
1595.52	0.000029871423812109514
1595.5249999999999	0.000029845065523361042
1595.53	0.000029863100041643313
1595.5349999999999	0.000029908900614827895
1595.54	0.000029908900614827895
1595.545	0.000029908900614827895
1595.55	0.00002994681848215277
1595.555	0.000030029925288002376
1595.56	0.000030161532994860945
1595.5649999999998	0.00003028068892738844
1595.57	0.00003039985480372206
1595.575	0.00003048270309100912
1595.58	0.000030555187389000186
1595.585	0.00003062947051804605
1595.59	0.0000306596339214593
1595.5949999999998	0.00003067824823860411
1595.6	0.00003066170267532162
1595.605	0.00003059936091681515
1595.61	0.0000305357933249457
1595.615	0.000030370799905556637
1595.62	0.000030334637747451672
1595.6249999999998	0.00003026882802527523
1595.63	0.000030177423828902156
1595.635	0.00003008645501245949
1595.6399999999999	0.000030026873003997855
1595.645	0.000030191401329470063
1595.6499999999999	0.000030266397503828035
1595.655	0.00003033752639074559
1595.66	0.000030322166264989412
1595.665	0.00003037364513147617
1595.67	0.00003036974470258506
1595.675	0.000030304737328554803
1595.6799999999998	0.000030226883721507835
1595.685	0.00003013425315315201
1595.69	0.000030072599203786943
1595.695	0.00002999252457432975
1595.7	0.000029921121558876192
1595.705	0.000029903539695468256
1595.7099999999998	0.000029873756775635478
1595.715	0.000029947378082678754
1595.72	0.000030066525610564695
1595.725	0.000030140282254639647
1595.73	0.00003020096687458171
1595.735	0.000030277861936772507
1595.7399999999998	0.000030382374562510285
1595.745	0.000030527362800166084
1595.75	0.00003074095870361241
1595.7549999999999	0.00003098290383876467
1595.76	0.000031129976751793216
1595.7649999999999	0.00003111700236199178
1595.77	0.000030933397615056565
1595.775	0.00003061673931556485
1595.78	0.00003030303638904622
1595.785	0.000029969029217608077
1595.79	0.000029610482015265053
1595.7949999999998	0.00002938103859885185
1595.8	0.000029368781581796452
1595.805	0.000029608972772823124
1595.81	0.00002982572155164227
1595.815	0.00003008283903324395
1595.82	0.00003048191576135298
1595.8249999999998	0.00003083683153489215
1595.83	0.000031022269856077204
1595.835	0.000031049533767315145
1595.84	0.000030941684363053715
1595.845	0.00003074476488647532
1595.85	0.000030546424913123345
1595.855	0.000030392322540140446
1595.86	0.00003026638881382971
1595.865	0.000030128895602487127
1595.87	0.00003003240141628364
1595.875	0.00003000707589160725
1595.8799999999999	0.000030044635860341515
1595.885	0.000030130820654321355
1595.8899999999999	0.000030254567902668
1595.895	0.000030390394811452156
1595.9	0.00003049936552400225
1595.905	0.00003059942342468485
1595.9099999999999	0.00003074900136720289
1595.915	0.00003086314395163362
1595.92	0.0000310356224416033
1595.925	0.00003117016783110055
1595.93	0.000031324166839674034
1595.935	0.00003137857972186726
1595.9399999999998	0.00003126818861683376
1595.945	0.0000310868753633357
1595.95	0.000030790707943808314
1595.955	0.000030412880371366946
1595.96	0.00002999392330134861
1595.965	0.000029481224554342952
1595.97	0.00002903842257364146
1595.975	0.00002880881951757679
1595.98	0.000028780378418194572
1595.985	0.000028817774719622844
1595.99	0.000028979796723629438
1595.995	0.0000291655450851905
1596	0.000029381604634425314
1596.0049999999999	0.000029642188792179994
1596.01	0.000029824736821399597
1596.015	0.000029889730966413566
1596.02	0.00002996923647662738
1596.0249999999999	0.0000299392333125842
1596.03	0.000029879538501251396
1596.0349999999999	0.000029789537195847463
1596.04	0.00002971682742565102
1596.045	0.000029658962373568426
1596.05	0.000029526398691141023
1596.0549999999998	0.000029437025678447412
1596.06	0.000029272080307999197
1596.0649999999998	0.00002918349887340609
1596.07	0.000029125779304079808
1596.075	0.000029017414537898765
1596.08	0.00002892764447306933
1596.085	0.000028804809895802655
1596.09	0.00002870719787279086
1596.095	0.000028673635736620632
1596.1000000000001	0.00002862533321044154
1596.105	0.000028509390654536766
1596.11	0.00002837426259110828
1596.115	0.000028185897041389786
1596.12	0.000027961842230953876
1596.125	0.00002769545249986956
1596.13	0.00002742364717593685
1596.135	0.000027145521073047376
1596.1399999999999	0.00002690099649906478
1596.145	0.000026695081073727956
1596.1499999999999	0.000026523738639737553
1596.155	0.00002641063008183811
1596.16	0.000026355665259143045
1596.165	0.000026402690922038812
1596.1699999999998	0.00002647552511565964
1596.175	0.000026549103121985444
1596.1799999999998	0.000026622992284327734
1596.185	0.00002668769676155173
1596.19	0.000026727255317382504
1596.195	0.000026727255317382504
1596.2	0.000026652558401387787
1596.205	0.000026559187231885887
1596.2099999999998	0.00002646901660936224
1596.2150000000001	0.000026402316711355413
1596.22	0.000026278722345753082
1596.225	0.0000261809743850796
1596.23	0.0000261281914023826
1596.235	0.000026086297802683715
1596.24	0.000026110030370136343
1596.2450000000001	0.000026150569034119763
1596.25	0.000026233396166731413
1596.2549999999999	0.000026356533392000388
1596.26	0.000026512764895815007
1596.2649999999999	0.000026744735981290435
1596.27	0.000027076019980137238
1596.275	0.000027418547026145607
1596.28	0.00002779224527234535
1596.2849999999999	0.000028126576426960632
1596.29	0.000028458527796612568
1596.2949999999998	0.000028723234765995255
1596.3	0.000028891765378209174
1596.305	0.000028951967725018508
1596.31	0.000028911762859328687
1596.315	0.000028682072348940445
1596.32	0.000028428576671306095
1596.3249999999998	0.000028160784909343712
1596.3300000000002	0.00002793865600133333
1596.335	0.000027791145571252767
1596.34	0.00002768512374614805
1596.345	0.000027668300557629332
1596.35	0.000027720326974507476
1596.3549999999998	0.00002779397954521407
1596.3600000000001	0.000027882619664427448
1596.365	0.000027970315376034995
1596.37	0.000028090650837034413
1596.375	0.000028152283215926647
1596.3799999999999	0.00002824227225321061
1596.385	0.00002828748009153484
1596.39	0.00002831807795961549
1596.395	0.00002835537050077955
1596.3999999999999	0.000028398874848536203
1596.405	0.000028415228458430327
1596.4099999999999	0.000028396042324858957
1596.415	0.000028415058891521855
1596.42	0.000028372622859466514
1596.425	0.000028335954993963255
1596.43	0.00002825962784391228
1596.435	0.000028235468911564132
1596.4399999999998	0.000028176532878478823
1596.4450000000002	0.000027946098606751047
1596.45	0.000027728660676112766
1596.455	0.000027477983827188802
1596.46	0.00002723966538809664
1596.465	0.000026937188745364593
1596.4699999999998	0.00002661272171649624
1596.4750000000001	0.000026270185977342238
1596.48	0.000025921421238694054
1596.485	0.000025668624675758656
1596.49	0.000025476386152231123
1596.495	0.00002539925887622689
1596.4999999999998	0.00002528921612379636
1596.505	0.000025223122075078628
1596.51	0.000025178435568731817
1596.5149999999999	0.000025172179448418296
1596.52	0.00002518083314077061
1596.5249999999999	0.000025164527234817614
1596.5299999999997	0.000025089513906928154
1596.535	0.00002497779385149936
1596.54	0.000024811115574480904
1596.545	0.00002460187675303685
1596.55	0.000024388462351992468
1596.5549999999998	0.000024250969140649886
1596.56	0.000024036136044194314
1596.565	0.000023824450953180845
1596.57	0.000023584935657310456
1596.575	0.000023321590129347403
1596.58	0.000023073515118503284
1596.5849999999998	0.00002286004994208151
1596.59	0.000022631462893791342
1596.595	0.000022499965185764106
1596.6	0.000022459249719406547
1596.605	0.000022460676083284566
1596.61	0.00002249226521037586
1596.6149999999998	0.000022641084931302573
1596.6200000000001	0.000022963423151112857
1596.625	0.000023415380664985544
1596.6299999999999	0.00002394800512968682
1596.635	0.00002454982830508003
1596.6399999999999	0.000025117747893626424
1596.6449999999998	0.00002566617319878707
1596.65	0.000026106530058448272
1596.655	0.000026384659522075272
1596.66	0.000026606875294843732
1596.665	0.00002677431290978007
1596.6699999999998	0.000026833408557627056
1596.675	0.000026884079649716888
1596.68	0.000026903072347478214
1596.685	0.00002693314308299166
1596.69	0.000027061994576503058
1596.695	0.00002718835985965746
1596.6999999999998	0.00002728672963035421
1596.705	0.00002737190443083748
1596.71	0.00002744580946990436
1596.715	0.00002753518248259479
1596.72	0.000027653035091589774
1596.725	0.000027692483854480125
1596.7299999999998	0.000027692483854480125
1596.735	0.000027672374936754426
1596.74	0.000027627449186066247
1596.745	0.000027558211666973624
1596.75	0.00002739193913225396
1596.7549999999999	0.000027224006633156148
1596.7599999999998	0.000026889115551351595
1596.765	0.000026443257011121065
1596.77	0.000026014839363478382
1596.775	0.000025614213599596556
1596.78	0.000025355629361392805
1596.7849999999999	0.000025264378856503028
1596.79	0.00002537230209480575
1596.795	0.000025555494626541323
1596.8	0.000025833539666655356
1596.805	0.000026178410079861106
1596.81	0.00002645363897707314
1596.8149999999998	0.000026588314176340085
1596.82	0.000026592856917545107
1596.825	0.000026530952560492854
1596.83	0.000026405512498256905
1596.835	0.000026158970463588067
1596.84	0.000025925379102760804
1596.8449999999998	0.00002572568065133872
1596.85	0.000025564304480703547
1596.855	0.000025464872117927953
1596.86	0.000025492804973956117
1596.865	0.0000255467175264111
1596.87	0.00002571061750365532
1596.8749999999998	0.000025914791426135666
1596.8799999999999	0.000026091367008446557
1596.885	0.00002628093877682751
1596.89	0.00002643151406968299
1596.895	0.000026583178090278492
1596.8999999999999	0.00002675869895950708
1596.905	0.000026928191137649325
1596.91	0.00002702984678290832
1596.915	0.000027126996408024138
1596.92	0.00002715624577831482
1596.925	0.000027145219765217582
1596.9299999999998	0.000027062111080862552
1596.935	0.00002692590387306117
1596.94	0.000026769364389879887
1596.945	0.00002655026362691642
1596.95	0.00002628167988044987
1596.955	0.000025994845075584938
1596.9599999999998	0.000025692249019576377
1596.965	0.000025503899190177906
1596.97	0.000025298553053392983
1596.9750000000001	0.000025137263004753257
1596.98	0.000025031263786422492
1596.985	0.000024935655694935513
1596.9899999999998	0.000024735303251638342
1596.995	0.000024555520248325693
1597	0.000024325389000765896
1597.005	0.000024066948202932326
1597.01	0.0000238062858087373
1597.0149999999999	0.000023639854342817203
1597.02	0.00002346878309247723
1597.0249999999999	0.000023294090596737022
1597.03	0.00002316742108094438
1597.035	0.00002308826867780854
1597.04	0.00002304058284544305
1597.0449999999998	0.00002303798099011832
1597.05	0.00002312735400281194
1597.0549999999998	0.00002324598531970361
1597.06	0.000023404682520064014
1597.065	0.00002363141096931815
1597.07	0.00002384142045572624
1597.0749999999998	0.000024097579237744053
1597.08	0.000024485544396284488
1597.085	0.000024861734150155915
1597.0900000000001	0.000025316116947269688
1597.095	0.000025768349914844148
1597.1	0.000026192653589596645
1597.1049999999998	0.00002658058048798102
1597.11	0.000026740664870307286
1597.115	0.000026856728416432523
1597.1200000000001	0.000026800695707731534
1597.125	0.000026625721683354258
1597.1299999999999	0.000026470930797807644
1597.135	0.000026307398224074736
1597.1399999999999	0.000026178212404622823
1597.145	0.000026074034405068707
1597.15	0.00002602528548905476
1597.155	0.000025976536573040912
1597.1599999999999	0.00002589528397693041
1597.165	0.00002585989976220371
1597.1699999999998	0.000025754896370359978
1597.175	0.00002560534343351861
1597.18	0.000025395465532519736
1597.185	0.000025087834112056347
1597.1899999999998	0.000024780618170482047
1597.195	0.000024492146021023115
1597.1999999999998	0.00002421455169889891
1597.2050000000002	0.00002395834735483366
1597.21	0.000023768775586452734
1597.215	0.000023635812891281435
1597.22	0.000023533698487013434
1597.225	0.00002347411646042018
1597.23	0.00002347496762290293
1597.2350000000001	0.00002351752620037585
1597.24	0.000023612641314789665
1597.245	0.000023705822277288012
1597.25	0.000023844181866119218
1597.2549999999999	0.000024034177596367087
1597.26	0.000024238830948573046
1597.265	0.000024486458746814654
1597.27	0.00002473426464712105
1597.2749999999999	0.00002490157673965314
1597.28	0.000024975568508474218
1597.2849999999999	0.000024867041400097293
1597.29	0.000024746178744881923
1597.295	0.000024567776184643137
1597.3	0.00002430673311767092
1597.3049999999998	0.000023989229524411078
1597.31	0.000023657036894370924
1597.3149999999998	0.00002332479294343033
1597.3200000000002	0.00002309837330409543
1597.325	0.000022981447739858372
1597.33	0.000022937878384254913
1597.335	0.000022941317669781135
1597.34	0.00002295026207144998
1597.3449999999998	0.000022915883171723444
1597.3500000000001	0.000022880282453335265
1597.355	0.000022830630779617968
1597.36	0.000022765636637878252
1597.365	0.000022686009884119198
1597.37	0.000022578764921624806
1597.375	0.000022444097370417
1597.38	0.000022283740472430493
1597.385	0.000022138868739340485
1597.3899999999999	0.00002203852178879349
1597.395	0.000022184940736143474
1597.3999999999999	0.000022164523876672623
1597.405	0.000021976014973578514
1597.41	0.000021986439003471365
1597.415	0.000021972664399072518
1597.4199999999998	0.000022042230388807394
1597.425	0.00002219162823244069
1597.4299999999998	0.000022455274433561804
1597.4350000000002	0.00002269019228126501
1597.44	0.00002288320592658033
1597.445	0.00002310006121684144
1597.45	0.00002325918109064667
1597.455	0.000023352403530314455
1597.4599999999998	0.000023405598177152624
1597.4650000000001	0.00002335328782992364
1597.47	0.000023396308199472315
1597.475	0.00002351164932314911
1597.48	0.000023588644337872268
1597.485	0.00002363497876102591
1597.4899999999998	0.00002376433002310047
1597.4950000000001	0.00002397557091615608
1597.5	0.00002422738954136689
1597.5049999999999	0.000024448119510404252
1597.51	0.000024648763508411963
1597.5149999999999	0.000024853376519701943
1597.52	0.000025076857076734744
1597.525	0.000025315181068385658
1597.53	0.000025444916110039065
1597.5349999999999	0.00002550839705199127
1597.54	0.000025522579406912
1597.5449999999998	0.000025484556428579928
1597.55	0.000025371074588078137
1597.555	0.000025255787502043672
1597.56	0.000025108470962772908
1597.565	0.00002489000689814155
1597.57	0.000024620963279187835
1597.5749999999998	0.00002437195739043421
1597.5800000000002	0.000024028224362074947
1597.585	0.000023742235559729506
1597.59	0.00002352774031395747
1597.595	0.000023402622927694606
1597.6	0.000023328136502042953
1597.6049999999998	0.000023326014334068678
1597.6100000000001	0.000023378364498072234
1597.615	0.000023541147263479904
1597.62	0.000023795859250096288
1597.625	0.000024026916334705844
1597.6299999999999	0.000024269954768612683
1597.6349999999998	0.000024491290209655203
1597.64	0.0000246492482259712
1597.645	0.000024671695427969105
1597.6499999999999	0.000024705928042656166
1597.655	0.000024649353738493146
1597.6599999999999	0.000024441241724791413
1597.665	0.00002432635736344019
1597.67	0.000024217752836294398
1597.675	0.000024168514093705302
1597.68	0.000024135809065235586
1597.685	0.00002415266732174528
1597.6899999999998	0.000024256887039778608
1597.695	0.00002434009891197897
1597.7	0.000024416312999108522
1597.705	0.000024506830233945004
1597.71	0.00002460148216344823
1597.715	0.000024653825676068667
1597.7199999999998	0.000024654800386324717
1597.725	0.000024671045615324728
1597.73	0.000024610415247789634
1597.735	0.00002450636022908876
1597.74	0.000024342351255781394
1597.745	0.000024130147507943578
1597.7499999999998	0.000023858882189838176
1597.755	0.00002349993326548209
1597.76	0.00002310768233765358
1597.7649999999999	0.00002273053403616987
1597.77	0.00002238079153569631
1597.7749999999999	0.000021985072794958392
1597.78	0.000021723699889365327
1597.785	0.00002149213381081369
1597.79	0.000021315369632100744
1597.795	0.00002115584478958954
1597.8	0.000021024966872154653
1597.8049999999998	0.00002222407164786283
1597.81	0.00002211880935360474
1597.815	0.00002199556791769955
1597.82	0.000021810513773147178
1597.825	0.00002152509844179044
1597.83	0.000021207757183461115
1597.8349999999998	0.000020985078700160873
1597.84	0.000020815432249985906
1597.845	0.000020701922064121857
1597.85	0.00002058515495730887
1597.855	0.000020556981883112534
1597.86	0.000020566952001128902
1597.8649999999998	0.000020624745940784796
1597.87	0.000020692028831032953
1597.875	0.000020731723450642974
1597.8799999999999	0.000020736714147967636
1597.885	0.000020715654944841173
1597.8899999999999	0.000020705110084726548
1597.895	0.000020671285590757036
1597.9	0.000020622708758074593
1597.905	0.000020564982881736495
1597.91	0.000020470939708491053
1597.915	0.000020388064097440055
1597.9199999999998	0.00002030391069219054
1597.925	0.000020225917749162087
1597.93	0.000020167188339280066
1597.935	0.000020121562535580684
1597.94	0.000020131790854366547
1597.945	0.000020145469531392212
1597.9499999999998	0.000020152217128641828
1597.955	0.00002014307665757567
1597.96	0.000020122745832516997
1597.965	0.000020120822149872857
1597.97	0.000020152509183350722
1597.975	0.000020264166905895898
1597.9799999999998	0.00002040235957735246
1597.985	0.000020494524934384305
1597.99	0.000020514804674556686
1597.995	0.000020513773477451984
1598	0.00002052635460749156
1598.0049999999999	0.00002050980236260471
1598.01	0.000020489908933562052
1598.0149999999999	0.00002043398357822086
1598.02	0.000020375919172320384
1598.025	0.00002030456534966195
1598.03	0.00002023103867002818
1598.0349999999999	0.000020185133075292923
1598.04	0.000020198770680013698
1598.045	0.000020257222983475264
1598.05	0.00002029911770615444
1598.055	0.000020341605869692636
1598.06	0.000020376098279091404
1598.0649999999998	0.000020433393710337992
1598.07	0.000020520159504886977
1598.075	0.000020612081873272676
1598.08	0.000020677716735430526
1598.085	0.00002072909311626302
1598.09	0.000020754270403791624
1598.095	0.000020779555351404964
1598.1	0.000020811684710911028
1598.105	0.000020827226306350537
1598.11	0.000020853505057366167
1598.115	0.000020842884491029688
1598.12	0.00002081332943251087
1598.125	0.000020764402154696215
1598.1299999999999	0.000020714208283487336
1598.135	0.00002068920883125546
1598.14	0.00002061114176252908
1598.145	0.00002048849861344644
1598.1499999999999	0.000020402587213694257
1598.155	0.00002034561299760146
1598.1599999999999	0.00002023752110779703
1598.165	0.000020085486414141555
1598.17	0.000019951715303927007
1598.175	0.000019852456430254587
1598.1799999999998	0.00001976752000378898
1598.185	0.00001967343371597499
1598.1899999999998	0.000019603104421375797
1598.195	0.000019559160146336622
1598.2	0.00001956455594821802
1598.205	0.000019612565779067207
1598.21	0.00001967526066681374
1598.215	0.00001973801211036592
1598.22	0.00001979202036701916
1598.225	0.000019829780277207165
1598.23	0.000019837304547841955
1598.235	0.000019828506114846976
1598.24	0.000019789836996032887
1598.245	0.000019717174971116352
1598.25	0.000019621874137225516
1598.255	0.000019538014346095026
1598.26	0.000019458548211719434
1598.2649999999999	0.000019383157296540563
1598.27	0.0000193136106305591
1598.2749999999999	0.00001925339812720652
1598.28	0.000019204517491268747
1598.285	0.000019167042982330156
1598.29	0.000019178267980109726
1598.2949999999998	0.000019220652747374187
1598.3	0.00001931876611249327
1598.3049999999998	0.00001942013758529077
1598.31	0.000019568961880924204
1598.315	0.000019743770286015447
1598.32	0.0000198904549123009
1598.325	0.00002000506717492336
1598.33	0.0000200301003000759
1598.3349999999998	0.000020007264134442356
1598.3400000000001	0.000019888712393582103
1598.345	0.000019685222338971153
1598.35	0.000019421043835464253
1598.355	0.000019113449917284443
1598.36	0.000018854181125286054
1598.365	0.00001866076036442796
1598.3700000000001	0.000018563183634937285
1598.375	0.00001852537667741728
1598.3799999999999	0.00001855150834584851
1598.385	0.00001867273520722744
1598.3899999999999	0.000018843953109076335
1598.395	0.00001905673028539644
1598.4	0.00001925738555739337
1598.405	0.000019426023620955594
1598.4099999999999	0.000019603425652437913
1598.415	0.00001974482071667345
1598.4199999999998	0.0000198926920090261
1598.425	0.000020006643050432582
1598.43	0.000020104777881090107
1598.435	0.000020154694461453018
1598.44	0.000020191361929320773
1598.445	0.00002019286721071658
1598.4499999999998	0.000020166449065152942
1598.4550000000002	0.000020135240104615504
1598.46	0.00002009646671847975
1598.465	0.00002001489483592098
1598.47	0.000019904976850659042
1598.475	0.000019813214622260215
1598.4799999999998	0.000019759741828773436
1598.4850000000001	0.00001974249486677074
1598.49	0.00001976207486638951
1598.495	0.00001976390620400394
1598.5	0.000019782323361377264
1598.5049999999999	0.000019764984595865975
1598.51	0.000019759308999121363
1598.515	0.000019656542733379437
1598.52	0.00001952031625481517
1598.5249999999999	0.000019342346577423704
1598.53	0.00001914979194089735
1598.5349999999999	0.00001891827682784193
1598.54	0.00001865746858709606
1598.545	0.000018404104044366413
1598.55	0.000018195285638478115
1598.555	0.000018048646219706412
1598.56	0.000017905186278058512
1598.5649999999998	0.000017794103007817837
1598.5700000000002	0.000017721129163906908
1598.575	0.000017676971775050493
1598.58	0.00001769684638585198
1598.585	0.000017720712160858344
1598.59	0.00001775081770370464
1598.5949999999998	0.000017789287132171228
1598.6000000000001	0.000017838830051496735
1598.605	0.000017872547939826976
1598.61	0.00001790870607969374
1598.615	0.000017903308318173622
1598.62	0.000017873794066136914
1598.6249999999998	0.000017825984589850598
1598.63	0.000017761153922823727
1598.635	0.000017674647481095714
1598.6399999999999	0.000017560706394518598
1598.645	0.000017439627282988875
1598.6499999999999	0.00001731017284475633
1598.6549999999997	0.00001718317965378151
1598.66	0.000017105435326042327
1598.665	0.000017087943189575437
1598.67	0.00001711488893110588
1598.675	0.000017157725222019535
1598.6799999999998	0.00001721738709655358
1598.685	0.00001731328930528843
1598.69	0.000017404558362663524
1598.695	0.00001743817447090626
1598.7	0.00001741382414595631
1598.705	0.000017351461059119046
1598.7099999999998	0.00001726119389642112
1598.7150000000001	0.000017148725834411684
1598.72	0.000017042010787557066
1598.725	0.000016959692015252398
1598.73	0.00001690876368238805
1598.735	0.000016891031671891927
1598.7399999999998	0.000016928557539853997
1598.7450000000001	0.000016964986199888594
1598.75	0.000017026944787210027
1598.7549999999999	0.000017106718088676685
1598.76	0.000017178470777771798
1598.7649999999999	0.00001731231256692937
1598.7699999999998	0.00001744149778971062
1598.775	0.000017610933623349027
1598.78	0.000017776481271744134
1598.785	0.000017967145166020846
1598.79	0.000018138671213924663
1598.7949999999998	0.00001827929502752004
1598.8	0.000018401675256331515
1598.805	0.00001850134182506903
1598.81	0.000018548288497135353
1598.815	0.00001854887332431674
1598.82	0.00001854475271119091
1598.8249999999998	0.000018548634236176723
1598.83	0.000018570517487166393
1598.835	0.000018615078614657187
1598.84	0.000018632248534273647
1598.845	0.000018646288311138558
1598.85	0.000018645108260760794
1598.8549999999998	0.000018614042222101078
1598.86	0.000018541640860180814
1598.865	0.000018444006117136628
1598.87	0.00001835607630737156
1598.875	0.000018274854805513
1598.8799999999999	0.000018183634611840663
1598.8849999999998	0.000018082279006451298
1598.89	0.000017987033688305234
1598.895	0.000017918126118215833
1598.9	0.000017886779824638872
1598.905	0.000017890959547590754
1598.9099999999999	0.000017919716370838388
1598.915	0.000017952649145014926
1598.92	0.000017995934498737476
1598.925	0.00001803830443148643
1598.93	0.000018077691715533627
1598.935	0.000018151584432613005
1598.9399999999998	0.000018191696198224215
1598.945	0.000018268066589697788
1598.95	0.000018314354195674084
1598.955	0.000018348080836029508
1598.96	0.000018373804919086917
1598.965	0.00001839551052576842
1598.9699999999998	0.000018398966197328138
1598.975	0.00001834487516702102
1598.98	0.000018251616430971994
1598.985	0.00001813759902608859
1598.99	0.000018038851686521068
1598.995	0.000017948487657803578
1598.9999999999998	0.000017863934293935415
1599.0049999999999	0.000017778075299491768
1599.01	0.00001773302537880369
1599.015	0.00001770825798726709
1599.02	0.00001772995047814726
1599.0249999999999	0.000017785364145036
1599.03	0.000017871545747831457
1599.035	0.000017964263443995147
1599.04	0.000018048590266870833
1599.045	0.000018107814592102635
1599.05	0.000018134328452446782
1599.0549999999998	0.00001814649112832388
1599.06	0.000018138889058488496
1599.065	0.00001809979672826369
1599.07	0.000018025714449884647
1599.075	0.000017948953229382446
1599.08	0.00001787204139651914
1599.0849999999998	0.000017815845103325998
1599.09	0.000017770240187318078
1599.095	0.000017737071016643195
1599.1	0.000017688953043992026
1599.105	0.000017652784514966333
1599.11	0.000017608661843294235
1599.1149999999998	0.000017581490036952958
1599.12	0.000017593750870335624
1599.125	0.000017649427398313725
1599.13	0.000017699955601187655
1599.135	0.000017696975354927478
1599.1399999999999	0.000017603682131411053
1599.145	0.000017408671722515467
1599.1499999999999	0.000017179858936619532
1599.155	0.000016913462394916958
1599.16	0.000016618311688882745
1599.165	0.000016335437309138834
1599.1699999999998	0.000016106866542182205
1599.175	0.000015974455806238896
1599.18	0.00001592738348216759
1599.185	0.00001597883670571106
1599.19	0.00001612325087100862
1599.195	0.000016339246852463496
1599.1999999999998	0.000016607946766004772
1599.205	0.000016894747647376387
1599.21	0.00001714843483953445
1599.2150000000001	0.000017331915127130796
1599.22	0.000017433002277163867
1599.225	0.000017456382406319887
1599.2299999999998	0.000017411992491484684
1599.235	0.000017318432071904414
1599.24	0.000017173410570580595
1599.2450000000001	0.000017029573459107768
1599.25	0.00001689181783310651
1599.2549999999999	0.000016763851410401425
1599.26	0.000016646595888708537
1599.2649999999999	0.00001652724527183144
1599.27	0.000016423058178962826
1599.275	0.000016343346309419075
1599.28	0.000016287597601204492
1599.2849999999999	0.000016249091927108002
1599.29	0.000016272560957893132
1599.2949999999998	0.00001632929233329604
1599.3	0.000016424581083857688
1599.305	0.000016551600082039646
1599.31	0.00001672161021883012
1599.3149999999998	0.000016890622944936167
1599.32	0.000017030541230189035
1599.3249999999998	0.000017187676682006266
1599.3300000000002	0.000017323099516357066
1599.335	0.00001743237556223472
1599.34	0.000017449091244136316
1599.3449999999998	0.000017421141100392795
1599.35	0.000017377553752502318
1599.355	0.00001731110377632182
1599.3600000000001	0.000017199994045148992
1599.365	0.000017077449556077175
1599.37	0.000016987081736361134
1599.375	0.000016920083767219768
1599.3799999999999	0.000016848436523999814
1599.385	0.000016786282129943
1599.39	0.000016739962231239136
1599.395	0.000016689377324201644
1599.3999999999999	0.000016621030611317818
1599.405	0.000016528301211034073
1599.4099999999999	0.000016474489955018907
1599.415	0.000016399915680702297
1599.42	0.00001631591569187036
1599.425	0.00001621237626117874
1599.4299999999998	0.000016100409914524228
1599.435	0.000015990899782051145
1599.4399999999998	0.000015884350073332687
1599.4450000000002	0.00001578938963406416
1599.45	0.00001569607725413894
1599.455	0.000015595772809621417
1599.46	0.000015497900794969128
1599.465	0.000015428169887273224
1599.4699999999998	0.00001540857672888556
1599.4750000000001	0.000015412318623947458
1599.48	0.00001544500939653847
1599.485	0.000015502162556065273
1599.49	0.000015559205586877246
1599.495	0.00001562740740852213
1599.5	0.000015694294100869955
1599.505	0.00001573660151994475
1599.51	0.000015735721368559173
1599.5149999999999	0.00001572812009486139
1599.52	0.000015713212669113917
1599.5249999999999	0.00001570576101535937
1599.53	0.000015698670198035606
1599.535	0.000015720230094760443
1599.54	0.0000157328412494993
1599.5449999999998	0.000015749580301677057
1599.55	0.00001579523046515622
1599.5549999999998	0.000015865726139077508
1599.5600000000002	0.000015940110379461478
1599.565	0.000015986287420991215
1599.57	0.00001604287886508858
1599.575	0.00001606912813563912
1599.58	0.000016075567000053863
1599.5849999999998	0.000016059302778853625
1599.5900000000001	0.000016016530945266865
1599.595	0.000015971238109119603
1599.6	0.000015916234600584552
1599.605	0.000015861563699320206
1599.61	0.000015787981847765
1599.6149999999998	0.000015688890950486347
1599.6200000000001	0.00001556342790328697
1599.625	0.000015437708522313097
1599.6299999999999	0.000015350629247296366
1599.635	0.000015277008440393512
1599.6399999999999	0.000015217947305715177
1599.645	0.000015228059973698393
1599.65	0.000015296223528626802
1599.655	0.000015402419610799086
1599.6599999999999	0.00001551026354574868
1599.665	0.00001564283924541188
1599.6699999999998	0.00001574824203319306
1599.675	0.000015845718053921534
1599.68	0.000015876015979285862
1599.685	0.00001584883232007793
1599.69	0.00001574146906860293
1599.695	0.00001557821013888762
1599.6999999999998	0.000015404360128420232
1599.7050000000002	0.000015250066891911323
1599.71	0.000015110994795728585
1599.715	0.000014997932445454925
1599.72	0.00001493313227273512
1599.725	0.00001492413320529435
1599.7299999999998	0.000014952211826158322
1599.7350000000001	0.000014990820769187923
1599.74	0.000015061305067057633
1599.745	0.000015119190896250945
1599.75	0.000015186322914089738
1599.7549999999999	0.00001523637775725004
1599.7599999999998	0.000015279745628864282
1599.765	0.00001531054388981536
1599.77	0.000015329785721731207
1599.7749999999999	0.000015352859587364993
1599.78	0.000015352198500144197
1599.7849999999999	0.00001533875539030611
1599.79	0.000015310472664824975
1599.795	0.000015251367257810675
1599.8	0.000015183119470707079
1599.805	0.000015127980089149347
1599.81	0.00001510078699910774
1599.8149999999998	0.00001514900916873415
1599.82	0.000015225594263118509
1599.825	0.000015268209491586035
1599.83	0.000015269184124748135
1599.835	0.000015271357992979306
1599.84	0.000015252216952475039
1599.8449999999998	0.000015193616576344709
1599.85	0.00001506781213837257
1599.855	0.000014886106371675863
1599.86	0.000014669454176155397
1599.865	0.000014462623953280385
1599.87	0.000014286927044454421
1599.8749999999998	0.000014145509331899276
1599.88	0.00001404423269550466
1599.885	0.000013977082697702524
1599.8899999999999	0.000013955573184506043
1599.895	0.0000139628145174037
1599.8999999999999	0.000014015783141376083
1599.905	0.000014122612959487051
1599.91	0.000014221267555090632
1599.915	0.000014355581500832928
1599.92	0.000014479444413823909
1599.925	0.00001458695384404467
1599.9299999999998	0.000014704570801293782
1599.935	0.000014791448341380734
1599.94	0.000014873302459317332
1599.945	0.000014960055585167793
1599.95	0.000015041441282786214
1599.955	0.000015088167282494972
1599.9599999999998	0.000015138319666845249
1599.965	0.000015143449652965179
1599.97	0.000015139507408933882
1599.975	0.000015105609646500248
1599.98	0.000015090658604937744
1599.985	0.000015089627704042047
1599.9899999999998	0.000015104931138981662
1599.995	0.000015157926952128515
1600	0.000015212147432803448
1600.0049999999999	0.000015268637440807156
1600.01	0.000015338170033085947
1600.0149999999999	0.000015447690714627797
1600.02	0.000015581324995853074
1600.025	0.000015675804372058718
1600.03	0.000015691210339029542
1600.035	0.000015659861454279777
1600.04	0.000015615205494188938
1600.0449999999998	0.00001552659296120832
1600.05	0.000015351666869965945
1600.055	0.000015156704278444955
1600.06	0.000015002484394358115
1600.065	0.000014885679149966617
1600.07	0.000014798582743403032
1600.0749999999998	0.000014751139494456144
1600.08	0.000014726787046652344
1600.085	0.000014719710084096036
1600.09	0.000014739195385638979
1600.095	0.00001474450128523802
1600.1	0.000014801211895970628
1600.1049999999998	0.000014850656608323778
1600.11	0.000014956419691560187
1600.115	0.000015056740449120884
1600.12	0.000015224875292863971
1600.125	0.000015384040119729483
1600.1299999999999	0.000015492345412180774
1600.135	0.000015539496514446624
1600.1399999999999	0.000015515696872506013
1600.145	0.000015320361391067214
1600.15	0.000015060480781862711
1600.155	0.000014798727992277061
1600.1599999999999	0.00001455156328634246
1600.165	0.000014352124671037285
1600.17	0.000014216914500974885
1600.175	0.000014164795864411807
1600.18	0.000014222143838978655
1600.185	0.000014326803981004611
1600.1899999999998	0.000014469272644894722
1600.195	0.00001457777677295116
1600.2	0.000014622787902824513
1600.205	0.000014570127603062923
1600.21	0.000014422742670152285
1600.215	0.00001420615052376325
1600.2199999999998	0.0000139341217385701
1600.225	0.000013615198172300265
1600.23	0.00001330051319681486
1600.235	0.000013023591116514046
1600.24	0.000012806220738024234
1600.245	0.000012657060565152675
1600.25	0.000012563157437587091
1600.2549999999999	0.000012524580516075957
1600.26	0.000012530432325050708
1600.265	0.000012569547747494315
1600.27	0.000012634305728095319
1600.2749999999999	0.000012736932513850089
1600.28	0.00001289590633006362
1600.2849999999999	0.000013069411296008009
1600.29	0.00001328618399275638
1600.295	0.000013491276524432653
1600.3	0.000013741166713654344
1600.3049999999998	0.000013973260261939204
1600.31	0.000014137989733071873
1600.3149999999998	0.000014227801331018823
1600.32	0.000014209166868557855
1600.325	0.000014135011562502652
1600.33	0.000014009625748776758
1600.335	0.000013856438429202152
1600.34	0.000013717775988252314
1600.345	0.00001357615461624829
1600.35	0.00001344947355960408
1600.355	0.000013353021174815793
1600.36	0.000013327638938373624
1600.365	0.000013397600567450546
1600.37	0.000013502647808268534
1600.375	0.00001365388113745549
1600.38	0.000013819852740335192
1600.385	0.000014003017102641751
1600.3899999999999	0.000014168573299403268
1600.395	0.000014300796696338235
1600.3999999999999	0.000014392941695107286
1600.405	0.000014482874392836802
1600.41	0.000014542190329897968
1600.415	0.000014565532841562938
1600.4199999999998	0.000014571125780256937
1600.425	0.000014560157798505507
1600.4299999999998	0.000014550805448652781
1600.435	0.000014524308895607755
1600.44	0.00001449980846746403
1600.445	0.00001445572788798119
1600.45	0.000014405838448925564
1600.455	0.000014356272013976535
1600.4599999999998	0.000014322163402639114
1600.465	0.00001431326814459754
1600.47	0.000014315085609660671
1600.475	0.000014320097473239634
1600.48	0.00001433654256584289
1600.485	0.000014352665506241641
1600.49	0.00001432999473394023
1600.4950000000001	0.000014297582396978126
1600.5	0.00001424902196291447
1600.5049999999999	0.000014141953459378813
1600.51	0.000013992081956659174
1600.5149999999999	0.00001383161429242313
1600.52	0.000013697148853664318
1600.525	0.000013607305471131046
1600.53	0.000013545702711555496
1600.5349999999999	0.000013499676834436088
1600.54	0.000013473543877476985
1600.5449999999998	0.000013475557478309034
1600.55	0.00001350411781233449
1600.555	0.00001352948510203028
1600.56	0.000013514568203113485
1600.565	0.000013466285301861242
1600.57	0.000013404229834418357
1600.5749999999998	0.000013298700464559657
1600.5800000000002	0.000013174442041024232
1600.585	0.000013038418581559909
1600.59	0.000012897037749758903
1600.595	0.000012769493710842148
1600.6	0.000012637387178396235
1600.6049999999998	0.000012523646159931634
1600.6100000000001	0.000012427589003690808
1600.615	0.000012342099052221569
1600.62	0.00001226447799199934
1600.625	0.000012193188022311162
1600.6299999999999	0.000012158439020476144
1600.635	0.00001219162639534491
1600.64	0.00001227679990599781
1600.645	0.000012435393778658351
1600.6499999999999	0.000012615934750750585
1600.655	0.000012766894467994064
1600.6599999999999	0.000012964308426748081
1600.665	0.000013135893262625072
1600.67	0.000013273808430984997
1600.675	0.000013307313331367745
1600.68	0.000013266939607397049
1600.685	0.000013207873066219557
1600.6899999999998	0.000013075443785984714
1600.6950000000002	0.000012891524576110688
1600.7	0.000012760153551298043
1600.705	0.000012747344884610466
1600.71	0.000012792391609790418
1600.715	0.000012848817690539605
1600.7199999999998	0.000012936955256927843
1600.7250000000001	0.000013066885694776384
1600.73	0.00001322653683321796
1600.735	0.000013330925655705375
1600.74	0.000013411568769309361
1600.745	0.000013444701276894935
1600.7499999999998	0.000013449108197304028
1600.755	0.000013434092174715305
1600.76	0.000013401424857899732
1600.7649999999999	0.000013360065809200971
1600.77	0.000013307276970922776
1600.7749999999999	0.000013240653195926032
1600.78	0.00001312566905572864
1600.785	0.000012992230343835794
1600.79	0.000012879493909257079
1600.795	0.000012778078019454812
1600.8	0.000012741190925458122
1600.8049999999998	0.000012774894060338096
1600.81	0.000012837820287459654
1600.815	0.000012956262051475118
1600.82	0.000013125148124097934
1600.825	0.000013287047853586331
1600.83	0.000013429773896037944
1600.8349999999998	0.000013562331957962292
1600.8400000000001	0.00001365877871435693
1600.845	0.000013733497103574201
1600.85	0.000013752581490693799
1600.855	0.000013735525658753552
1600.86	0.000013672602588211858
1600.8649999999998	0.00001359227846211588
1600.8700000000001	0.00001352403168785374
1600.875	0.000013482383640803777
1600.8799999999999	0.000013472130495548887
1600.885	0.000013465062108096656
1600.8899999999999	0.00001348276486543816
1600.8949999999998	0.000013512979777376566
1600.9	0.000013563815860680532
1600.905	0.000013667081878639205
1600.91	0.000013755015909227257
1600.915	0.000013869903268848428
1600.9199999999998	0.000013980705359841384
1600.925	0.000014057537627499368
1600.93	0.000014122127631390694
1600.935	0.00001414186513392241
1600.94	0.000014164859338061344
1600.945	0.000014193262521749383
1600.9499999999998	0.00001420539184548111
1600.955	0.00001418214622335097
1600.96	0.000014110864380893485
1600.965	0.000013972946399986158
1600.97	0.000013801908607034436
1600.975	0.000013644078608011151
1600.9799999999998	0.000013506617642072421
1600.985	0.000013348695877583733
1600.99	0.00001317075858018951
1600.995	0.000013026492317263542
1601	0.000012939934561585693
1601.0049999999999	0.000012901246099989644
1601.0099999999998	0.000012904454599589034
1601.015	0.000012920907522675737
1601.02	0.000012963789545034528
1601.025	0.000012974236901531366
1601.03	0.000012965476712557272
1601.0349999999999	0.000012936778411518892
1601.04	0.000012860383064159214
1601.045	0.000012704233663480985
1601.05	0.000012522484355501206
1601.055	0.000012382248516133527
1601.06	0.000012266615040633617
1601.0649999999998	0.000012146010236445369
1601.07	0.000012047020028543597
1601.075	0.000011972070264255458
1601.08	0.000011923210390598283
1601.085	0.000011896117442425741
1601.09	0.00001187573323533651
1601.0949999999998	0.000011856459004083182
1601.1	0.000011843869636324435
1601.105	0.00001182152248861497
1601.11	0.000011831291122250227
1601.115	0.000011819708563938143
1601.12	0.000011810470514143627
1601.1249999999998	0.000011747505220680497
1601.1299999999999	0.000011614670494261926
1601.135	0.000011453021721641745
1601.14	0.000011261886150083128
1601.145	0.000011018642447208432
1601.1499999999999	0.000010818281669421421
1601.155	0.000010643477078066813
1601.16	0.000010533662892400333
1601.165	0.000010524240524588142
1601.17	0.000010569334824919252
1601.175	0.000010674112739586128
1601.1799999999998	0.000010821467540789162
1601.185	0.000011000669813135913
1601.19	0.000011189972372888853
1601.195	0.00001137081052122406
1601.2	0.000011514285240500211
1601.205	0.000011594291402886358
1601.2099999999998	0.000011608649106626617
1601.215	0.000011572449372981252
1601.22	0.000011515361906377888
1601.225	0.000011445929826095608
1601.23	0.00001137936135210568
1601.235	0.00001132202182587757
1601.2399999999998	0.000011277034910673716
1601.245	0.000011249798985420553
1601.25	0.000011243202634007029
1601.255	0.000011254169721038699
1601.26	0.00001128489026716985
1601.2649999999999	0.000011351218957857432
1601.27	0.000011417765876278003
1601.2749999999999	0.000011499076734678353
1601.28	0.000011588615941291604
1601.285	0.000011676943339889745
1601.29	0.000011768644816007331
1601.2949999999998	0.000011858357557046885
1601.3	0.000011942856396073699
1601.305	0.000012023890322464895
1601.31	0.00001210020151695241
1601.315	0.000012177052816877776
1601.32	0.00001220406166532292
1601.3249999999998	0.00001221210151519042
1601.33	0.000012189578255163873
1601.335	0.000012162818399741823
1601.34	0.000012128924580438323
1601.345	0.000012084390509050379
1601.35	0.000012029605503866818
1601.3549999999998	0.00001200861207051198
1601.36	0.000011969760682658473
1601.365	0.000011919430683902393
1601.3700000000001	0.000011877054207220569
1601.375	0.000011873576821598588
1601.3799999999999	0.000011864742770304957
1601.385	0.000011834167139930669
1601.3899999999999	0.000011787598239747604
1601.395	0.000011762890043430488
1601.4	0.000011734819409342988
1601.405	0.000011715153372033817
1601.4099999999999	0.000011694065406403873
1601.415	0.000011671516616629923
1601.4199999999998	0.000011665589740150903
1601.425	0.000011664613796312678
1601.43	0.00001169095524331549
1601.435	0.00001170199334183588
1601.4399999999998	0.000011722393511376642
1601.445	0.000011724032786680079
1601.4499999999998	0.000011721379344071704
1601.4550000000002	0.00001173919948397948
1601.46	0.000011798602811523801
1601.465	0.000011849031679734915
1601.4699999999998	0.000011857704866504113
1601.475	0.000011825181001921889
1601.48	0.000011785202313610136
1601.4850000000001	0.000011769571976072302
1601.49	0.000011763202902165122
1601.495	0.00001173678558653435
1601.5	0.000011693255690350575
1601.5049999999999	0.000011680671772711526
1601.51	0.000011746130679019168
1601.515	0.000011829683077630092
1601.52	0.000011911381614126284
1601.5249999999999	0.000012021460930112562
1601.53	0.000012156756320254146
1601.5349999999999	0.000012283048314121064
1601.54	0.000012369339312852504
1601.545	0.000012408767674084158
1601.55	0.000012429634802920083
1601.5549999999998	0.000012391874905967336
1601.56	0.000012295300079230765
1601.5649999999998	0.000012168584797720727
1601.5700000000002	0.000012037427694158662
1601.575	0.000011932998113277802
1601.58	0.000011835968570581987
1601.5849999999998	0.000011740626047736856
1601.59	0.000011652533019060524
1601.5949999999998	0.000011583290844777831
1601.6000000000001	0.000011540950139986333
1601.605	0.000011536122403894281
1601.61	0.000011571370957891915
1601.615	0.0000116225444630064
1601.62	0.000011684819040380182
1601.625	0.000011783882324706648
1601.63	0.000011894183071615798
1601.635	0.000012034075269901801
1601.6399999999999	0.00001218999989128579
1601.645	0.000012357155984701774
1601.6499999999999	0.00001250002940014165
1601.655	0.000012570724131882407
1601.66	0.000012602657525572119
1601.665	0.000012568228725253046
1601.6699999999998	0.000012495785406803049
1601.675	0.00001241264273707411
1601.6799999999998	0.00001230532448268357
1601.6850000000002	0.000012200737998671616
1601.69	0.000012131925481342911
1601.695	0.000012134246788312153
1601.7	0.000012184665767834718
1601.705	0.000012269292629916271
1601.7099999999998	0.00001239033473657423
1601.7150000000001	0.000012527854498547306
1601.72	0.00001265823021112778
1601.725	0.000012762143638090365
1601.73	0.000012830164286688368
1601.735	0.000012861052351737174
1601.7399999999998	0.000012877119577630011
1601.7450000000001	0.00001285469841540726
1601.75	0.000012815918212741288
1601.7549999999999	0.000012764011693300108
1601.76	0.000012706310779391007
1601.7649999999999	0.000012642810738155204
1601.77	0.00001257568618163337
1601.775	0.000012503617564811334
1601.78	0.000012385983101975679
1601.7849999999999	0.00001225297220866765
1601.79	0.000012136802232680323
1601.7949999999998	0.000012038604941449826
1601.8	0.000012021109277796692
1601.805	0.00001202653535551782
1601.81	0.000012033987328844107
1601.815	0.000012018064058440861
1601.82	0.000011996338829082365
1601.8249999999998	0.000011919693885589468
1601.8300000000002	0.000011793385998169238
1601.835	0.000011622630425172055
1601.84	0.000011413978764327408
1601.845	0.000011197195163917987
1601.85	0.000011000287794264224
1601.8549999999998	0.000010842610522078829
1601.8600000000001	0.000010706467402504298
1601.865	0.000010608531969338081
1601.87	0.000010548325078320077
1601.875	0.000010528568963172173
1601.8799999999999	0.000010541982229529565
1601.8849999999998	0.000010577046334570045
1601.89	0.00001063871414771411
1601.895	0.000010702715587821087
1601.8999999999999	0.000010772025284196787
1601.905	0.000010844495966149387
1601.9099999999999	0.000010867588308118183
1601.915	0.000010882737194971106
1601.92	0.000010880596169815821
1601.925	0.000010856585777153094
1601.93	0.00001082604144701179
1601.935	0.000010769223137213355
1601.9399999999998	0.00001069601889700347
1601.945	0.000010607252873737663
1601.95	0.000010510393441527367
1601.955	0.000010416224746731798
1601.96	0.000010322582398078843
1601.965	0.000010216012631597887
1601.9699999999998	0.000010106597881985061
1601.9750000000001	0.000010005787792497977
1601.98	0.000009935017429924082
1601.985	0.000009896337593014953
1601.99	0.0000098836745291039
1601.995	0.000009897430309747946
1601.9999999999998	0.000009946114985975849
1602.005	0.000010018767259534672
1602.01	0.000010123281837969081
1602.0149999999999	0.00001019987543901051
1602.02	0.000010272951220251932
1602.0249999999999	0.00001032139615135177
1602.03	0.00001034207630900336
1602.035	0.000010351760249918325
1602.04	0.000010341933381715982
1602.045	0.000010295807421199195
1602.05	0.000010247505377240972
1602.0549999999998	0.000010234408636369924
1602.06	0.000010259928099411263
1602.065	0.00001029509471404041
1602.07	0.000010341320288340573
1602.075	0.000010377720874465419
1602.08	0.000010412675221729049
1602.0849999999998	0.000010449109024259738
1602.09	0.000010485009494378857
1602.095	0.000010517253097125192
1602.1	0.000010552814192086586
1602.105	0.000010580396860586837
1602.11	0.000010611335535245287
1602.1149999999998	0.0000106336601614118
1602.12	0.000010644486900340606
1602.125	0.000010611602611290878
1602.1299999999999	0.00001052261276196435
1602.135	0.000010417202606753413
1602.1399999999999	0.000010299473987768708
1602.145	0.000010258220338211254
1602.15	0.000010288018382795725
1602.155	0.000010359418218844613
1602.16	0.00001043624561668697
1602.165	0.000010543341021511023
1602.1699999999998	0.000010690086702026077
1602.175	0.000010857452289675772
1602.18	0.000010987535087562456
1602.185	0.000011059054919213188
1602.19	0.000011067726036921331
1602.195	0.000011006851017545832
1602.1999999999998	0.00001091171395150723
1602.205	0.000010829138820689618
1602.21	0.00001074550127000281
1602.215	0.000010651949107099506
1602.22	0.000010543998655028998
1602.225	0.000010427311206614127
1602.2299999999998	0.00001035862882066733
1602.235	0.000010309005834595718
1602.24	0.000010271996999153332
1602.245	0.000010245167584178615
1602.25	0.000010226859344924405
1602.2549999999999	0.000010216245554070882
1602.26	0.000010213174068452466
1602.2649999999999	0.00001021476054993625
1602.27	0.00001019304167740507
1602.275	0.000010162950898754807
1602.28	0.00001011468613425097
1602.2849999999999	0.000010049993832342394
1602.29	0.000009985233243822196
1602.295	0.000009927044642150916
1602.3	0.000009858146972994259
1602.305	0.000009770702199190409
1602.31	0.00000968609827997621
1602.3149999999998	0.000009596822731430273
1602.32	0.000009524798924030118
1602.325	0.000009471791396380267
1602.33	0.000009452101817532497
1602.335	0.000009464735534075458
1602.34	0.00000951390529550897
1602.3449999999998	0.000009569232114950625
1602.35	0.000009648966728711829
1602.355	0.000009722134386341264
1602.36	0.00000982086653903828
1602.365	0.000009899661551330196
1602.37	0.000009941807985076722
1602.375	0.000009949991578205362
1602.3799999999999	0.000009958307072307306
1602.385	0.000009987359755571043
1602.39	0.000010000905484739305
1602.395	0.000010002849723262127
1602.3999999999999	0.00001000242315922555
1602.405	0.000010011161263858054
1602.4099999999999	0.000010045636247298771
1602.415	0.000010099870437574428
1602.42	0.000010153857590297832
1602.425	0.000010209454543775632
1602.4299999999998	0.00001026749577304595
1602.435	0.000010304907837603127
1602.44	0.000010381798627379293
1602.445	0.000010457767860254645
1602.45	0.000010553862433051986
1602.455	0.00001066742379216325
1602.4599999999998	0.000010736637206371603
1602.465	0.000010744008784401108
1602.47	0.00001074846684725193
1602.475	0.000010692714301543394
1602.48	0.000010552248116315455
1602.485	0.000010404039062537665
1602.49	0.000010293180528829808
1602.495	0.000010215440325987787
1602.5	0.000010142589287015635
1602.505	0.00001012309970315416
1602.51	0.000010184481596956643
1602.5149999999999	0.000010286209579935323
1602.52	0.00001043962254100448
1602.5249999999999	0.000010611629968563828
1602.53	0.000010796113386519281
1602.535	0.000010963097984173458
1602.54	0.000011090389740217764
1602.5449999999998	0.000011156661898869352
1602.55	0.000011152661015503492
1602.5549999999998	0.000011069007791670526
1602.56	0.000010952366449905256
1602.565	0.000010808665232244467
1602.57	0.000010645275856653606
1602.5749999999998	0.000010481667791001097
1602.58	0.000010315217984232038
1602.5849999999998	0.000010175335512938926
1602.59	0.00001007482452815145
1602.595	0.000010015158960806039
1602.6	0.00000995537091877932
1602.605	0.000009908958458175323
1602.61	0.000009880105660280086
1602.615	0.000009872118783048945
1602.6200000000001	0.00000989838584400006
1602.625	0.000009995861996743468
1602.6299999999999	0.000010104735675694902
1602.635	0.000010199771819652755
1602.6399999999999	0.000010257687688513233
1602.645	0.000010291273254966506
1602.65	0.000010311934488868103
1602.655	0.000010282894980963903
1602.6599999999999	0.000010188735843088801
1602.665	0.000010025200248625089
1602.6699999999998	0.000009822681851510233
1602.675	0.000009589299124440865
1602.68	0.000009367821673120752
1602.685	0.000009200980833075285
1602.69	0.000009117518760968772
1602.695	0.00000906899768562315
1602.6999999999998	0.000009050690732201218
1602.705	0.000009088391427447899
1602.71	0.000009154694375252456
1602.715	0.00000920113762030229
1602.72	0.000009224092949596879
1602.725	0.000009215889347842761
1602.7299999999998	0.00000919991533279019
1602.7350000000001	0.000009198393261709554
1602.74	0.00000918314580668107
1602.745	0.000009170009571635822
1602.75	0.000009140145036076453
1602.7549999999999	0.000009102913130170664
1602.76	0.000009058314401740965
1602.765	0.000009015995645127128
1602.77	0.000008986185046110327
1602.7749999999999	0.000008958150596970192
1602.78	0.000008926087952800827
1602.7849999999999	0.000008891843042159187
1602.79	0.00000886875949346542
1602.795	0.000008882635035302594
1602.8	0.000008898217719587317
1602.805	0.000008881902865095892
1602.81	0.0000088801803698201
1602.8149999999998	0.000008904411605481374
1602.82	0.000008897106361068962
1602.825	0.000008862987401720955
1602.83	0.000008834287661654898
1602.835	0.000008829726540031052
1602.84	0.00000882637277831842
1602.8449999999998	0.000008816146493337651
1602.8500000000001	0.000008810394448609442
1602.855	0.000008817317103494881
1602.86	0.000008844176062373631
1602.865	0.000008889014268336622
1602.87	0.000008948402851276777
1602.8749999999998	0.000009023022624802408
1602.88	0.000009112431974668789
1602.885	0.000009195453316391682
1602.8899999999999	0.000009263024351578917
1602.895	0.000009337799972652839
1602.8999999999999	0.00000940082089784616
1602.905	0.000009455718629057749
1602.91	0.00000951745121353261
1602.915	0.000009575961879205825
1602.92	0.000009627549503255274
1602.925	0.000009668417101452387
1602.9299999999998	0.000009688472148637268
1602.935	0.000009697794831042179
1602.94	0.000009705521293279513
1602.945	0.00000971372831023396
1602.95	0.000009715984576408354
1602.955	0.000009719583432907629
1602.9599999999998	0.000009711692399854088
1602.9650000000001	0.00000968770777290906
1602.97	0.00000965603994392451
1602.975	0.000009637515050470116
1602.98	0.000009606154465538234
1602.985	0.000009559112759362804
1602.9899999999998	0.000009515657058811324
1602.9950000000001	0.000009481708713988186
1603	0.000009455891365571259
1603.0049999999999	0.000009416648100126503
1603.01	0.000009326163331168354
1603.0149999999999	0.000009248018692078521
1603.0199999999998	0.000009159815820121697
1603.025	0.000009055670341827529
1603.03	0.000008925905732852996
1603.035	0.000008805480482075996
1603.04	0.000008689882110377343
1603.0449999999998	0.000008594821757662711
1603.05	0.000008528575174134912
1603.055	0.000008479992913735804
1603.06	0.000008421600616666109
1603.065	0.000008370832447772257
1603.07	0.000008329526961550297
1603.0749999999998	0.000008289571935365392
1603.08	0.000008257654159662973
1603.085	0.000008219852389466404
1603.09	0.000008185022446394546
1603.095	0.000008144972119651033
1603.1	0.000008094906735428168
1603.1049999999998	0.00000803791903856774
1603.11	0.000007987890553716542
1603.115	0.000007946666020695785
1603.12	0.000007886706970135303
1603.125	0.000007797580241431085
1603.1299999999999	0.000007721955681606115
1603.1349999999998	0.000007716492924621293
1603.14	0.000007764225362115217
1603.145	0.000007848704165861576
1603.15	0.000007930383129303558
1603.155	0.000008038018109060138
1603.1599999999999	0.000008170622041738925
1603.165	0.00000826878531849557
1603.17	0.000008333583363061699
1603.175	0.000008364923060700151
1603.18	0.000008363453396156087
1603.185	0.00000832801502503724
1603.1899999999998	0.000008278104341724288
1603.195	0.000008234090060663301
1603.2	0.00000821337429497786
1603.205	0.00000822074043501457
1603.21	0.000008237559299723342
1603.215	0.000008272504523610352
1603.2199999999998	0.000008322618328513871
1603.225	0.000008386750499629972
1603.23	0.000008493148673558253
1603.235	0.000008583401449687697
1603.24	0.000008658564961028332
1603.245	0.000008717927284779325
1603.2499999999998	0.000008775262042183803
1603.2549999999999	0.000008829341336606762
1603.26	0.000008880053053982558
1603.265	0.000008926855651335456
1603.27	0.000008943083346231749
1603.2749999999999	0.00000894454506199719
1603.28	0.000008939236650922585
1603.285	0.000008934069632911966
1603.29	0.000008932543157399153
1603.295	0.000008929005749183299
1603.3	0.000008905924599388763
1603.3049999999998	0.000008856232935679972
1603.31	0.00000883718108426912
1603.315	0.000008848224814969935
1603.32	0.000008893425141827114
1603.325	0.000008946274919299557
1603.33	0.000009012525504862483
1603.3349999999998	0.000009111231832393516
1603.34	0.000009227287702170005
1603.345	0.000009361506971939997
1603.35	0.000009469590603253596
1603.355	0.000009548697294413207
1603.36	0.000009607352760358042
1603.3649999999998	0.000009653313727486964
1603.37	0.000009671864096384775
1603.375	0.000009661108838291711
1603.38	0.000009642122298440445
1603.385	0.000009622742180710795
1603.3899999999999	0.00000959741698352544
1603.395	0.000009584300554101477
1603.3999999999999	0.000009561283822893041
1603.405	0.0000095427472421546
1603.41	0.000009527474916621409
1603.415	0.000009509994405107328
1603.4199999999998	0.000009490154475890312
1603.425	0.000009475278118901498
1603.43	0.000009451148695498363
1603.435	0.000009442354350413685
1603.44	0.000009418544277206608
1603.445	0.000009402095972086775
1603.4499999999998	0.000009374518015716462
1603.455	0.000009280479791670165
1603.46	0.000009164828069435527
1603.465	0.000009061768418602074
1603.47	0.000008926197847259708
1603.475	0.000008763422329145184
1603.4799999999998	0.000008633355162730753
1603.485	0.000008562907294311555
1603.49	0.000008512789875254026
1603.4950000000001	0.000008501242521325686
1603.5	0.000008531112136912168
1603.5049999999999	0.000008573554706244257
1603.51	0.000008629873595233706
1603.5149999999999	0.000008710082783071532
1603.52	0.00000877396450159734
1603.525	0.000008787382596418494
1603.53	0.000008750150316275138
1603.5349999999999	0.000008681301567351754
1603.54	0.000008605587911150743
1603.5449999999998	0.000008501733155925563
1603.55	0.000008369913723789577
1603.555	0.000008227348423048178
1603.56	0.000008099591102424122
1603.5649999999998	0.000007990500944525542
1603.57	0.000007902005881395782
1603.5749999999998	0.000007839144639259548
1603.58	0.000007782370614932547
1603.585	0.00000773427278239806
1603.59	0.00000769583095682953
1603.5949999999998	0.000007668176021394555
1603.6	0.000007642626005962929
1603.605	0.000007626537305420769
1603.6100000000001	0.000007608763491863374
1603.615	0.000007585722924697201
1603.62	0.000007565365199397366
1603.625	0.000007547850571360877
1603.6299999999999	0.000007534884082890033
1603.635	0.000007512522713048315
1603.64	0.00000747553534325335
1603.645	0.000007416610074889766
1603.6499999999999	0.0000073465720944565794
1603.655	0.000007296976224071822
1603.6599999999999	0.000007258524649614269
1603.665	0.000007226679151985062
1603.67	0.000007211182739986905
1603.675	0.000007202005770621932
1603.6799999999998	0.000007233388286874067
1603.685	0.000007321275600855102
1603.6899999999998	0.000007440610439275623
1603.695	0.000007544777832764511
1603.7	0.000007640282770018294
1603.705	0.000007733192977980364
1603.7099999999998	0.000007811859298413068
1603.715	0.000007873383336521628
1603.7199999999998	0.00000792260451496239
1603.7250000000001	0.000007961904239390293
1603.73	0.000007999316303947472
1603.735	0.000008024872280081717
1603.74	0.000008049425240598123
1603.745	0.000008064412995361928
1603.75	0.000008076199481180201
1603.755	0.000008088503879444214
1603.76	0.000008096615600724695
1603.7649999999999	0.000008106045791766448
1603.77	0.000008130377675234502
1603.7749999999999	0.000008165816760381898
1603.78	0.000008215086181557764
1603.785	0.000008262678232386416
1603.79	0.000008281296952099945
1603.7949999999998	0.000008299140433756537
1603.8	0.000008330212502915797
1603.8049999999998	0.000008347319429987916
1603.8100000000002	0.000008334968503842453
1603.815	0.000008302196453899422
1603.82	0.00000823732854866012
1603.8249999999998	0.000008143119593412139
1603.83	0.000008035435979466278
1603.8349999999998	0.000007917858794003732
1603.8400000000001	0.000007802386945893176
1603.845	0.00000771387572457065
1603.85	0.00000763941066731607
1603.855	0.0000075655845464503925
1603.86	0.0000074999073387714405
1603.8649999999998	0.000007464418124926034
1603.8700000000001	0.000007467825120951684
1603.875	0.000007460734652568753
1603.8799999999999	0.000007440316767947814
1603.885	0.000007408331459040785
1603.8899999999999	0.000007368385986455366
1603.895	0.00000732794130004975
1603.9	0.0000072676133280095416
1603.905	0.000007196712614566181
1603.9099999999999	0.000007120557659896734
1603.915	0.000007050480414398271
1603.9199999999998	0.000006977361759368011
1603.925	0.000006898844256843099
1603.93	0.000006819567809075598
1603.935	0.000006744984392582162
1603.9399999999998	0.000006671501010240671
1603.945	0.000006595668797935306
1603.9499999999998	0.000006537358049495517
1603.9550000000002	0.000006513495387652756
1603.96	0.000006517880640132185
1603.965	0.000006546753380015804
1603.97	0.000006608213281114936
1603.975	0.000006689253203505263
1603.9799999999998	0.0000067922289755007105
1603.9850000000001	0.000006888877599828731
1603.99	0.000007000867528264454
1603.995	0.000007111929727911969
1604	0.0000072310240057139705
1604.0049999999999	0.000007312294894985267
1604.0099999999998	0.000007348084600671292
1604.015	0.000007353567828430899
1604.02	0.000007353098727666467
1604.0249999999999	0.0000073533928645611866
1604.03	0.00000736020099914443
1604.0349999999999	0.000007374781875698379
1604.04	0.00000740948151416415
1604.045	0.0000074671147983781745
1604.05	0.000007535992380906977
1604.055	0.000007617209460180834
1604.06	0.000007709833498669501
1604.0649999999998	0.000007800267771003485
1604.07	0.000007884546328769282
1604.075	0.0000079582295681893
1604.08	0.000008021859110988731
1604.085	0.000008075504154134408
1604.09	0.000008112019986397806
1604.0949999999998	0.000008150640871667898
1604.1000000000001	0.000008193488419175229
1604.105	0.00000824263562795214
1604.11	0.000008271008274576793
1604.115	0.000008271596848995946
1604.12	0.000008260108052421805
1604.1249999999998	0.000008298884053843488
1604.13	0.000008342977765234444
1604.135	0.000008399982666105185
1604.1399999999999	0.000008447469162313898
1604.145	0.00000851922725442489
1604.1499999999999	0.000008608001883759187
1604.155	0.000008695134662593836
1604.16	0.000008743888770916715
1604.165	0.000008757969776796027
1604.17	0.000008755408091587255
1604.175	0.000008735771683708425
1604.1799999999998	0.000008691017440419462
1604.185	0.000008614442932614718
1604.19	0.0000085222253882669
1604.195	0.000008428920944865722
1604.2	0.000008369179262402556
1604.205	0.000008338848411313517
1604.2099999999998	0.000008320000280782889
1604.215	0.000008290014374215555
1604.22	0.000008251075747983909
1604.225	0.000008235745179292781
1604.23	0.000008242143300574376
1604.235	0.000008266303280725891
1604.2399999999998	0.00000829142413499372
1604.245	0.000008292881481216312
1604.25	0.000008274428934566116
1604.2549999999999	0.000008251604011188726
1604.26	0.000008208322177332212
1604.2649999999999	0.00000816479861048078
1604.27	0.000008117444700027945
1604.275	0.000008062973389000555
1604.28	0.000008008695152004224
1604.285	0.000007951401506321596
1604.29	0.000007878474797632437
1604.2949999999998	0.00000778989968340416
1604.3	0.000007694119737640858
1604.305	0.0000076113127714915994
1604.31	0.0000075457149684973825
1604.315	0.000007520709011169898
1604.32	0.000007490239303505771
1604.3249999999998	0.000007454568695246043
1604.33	0.000007429702568883709
1604.335	0.000007429392904591405
1604.34	0.0000074272203264822235
1604.345	0.00000742495859109133
1604.35	0.000007389073465963537
1604.3549999999998	0.000007334690280795975
1604.36	0.0000072805121032358635
1604.365	0.000007216580287800779
1604.37	0.000007134312384401026
1604.375	0.000007060942074148808
1604.3799999999999	0.000007001051430606035
1604.385	0.000006945676367358408
1604.3899999999999	0.00000689040724914262
1604.395	0.000006846787147155027
1604.4	0.00000680395313791106
1604.405	0.00000676986305855099
1604.4099999999999	0.000006740503529065885
1604.415	0.0000067196723784122736
1604.42	0.000006696182281877358
1604.425	0.000006670718767215907
1604.43	0.000006649705446610282
1604.435	0.0000066277238199599875
1604.4399999999998	0.000006605271936736571
1604.445	0.0000065926989723914085
1604.45	0.000006578929973243063
1604.455	0.000006557833589455833
1604.46	0.000006509058369770545
1604.465	0.000006462254640755103
1604.4699999999998	0.000006414292562921752
1604.475	0.000006354029031024774
1604.48	0.000006295817998642953
1604.485	0.0000062601156787607625
1604.49	0.000006243007830587915
1604.495	0.000006250546340703374
1604.5	0.000006272457114542018
1604.5049999999999	0.000006305390550645583
1604.51	0.000006339517235763402
1604.515	0.000006370198969152457
1604.52	0.0000063908601694106085
1604.5249999999999	0.000006390755237018431
1604.53	0.000006386627530295116
1604.5349999999999	0.0000063900287583113635
1604.54	0.000006394478426837006
1604.545	0.000006394285842354809
1604.55	0.000006377912838889408
1604.5549999999998	0.00000636202170850024
1604.56	0.0000063550615932112545
1604.565	0.000006359584755551299
1604.57	0.000006377989830760389
1604.575	0.000006401461024978634
1604.58	0.000006433259384147842
1604.5849999999998	0.000006477013204378407
1604.59	0.000006526567246850873
1604.595	0.000006591367112477146
1604.6	0.000006656914547180639
1604.605	0.000006718171386175396
1604.61	0.000006770243798477221
1604.615	0.000006807563158125624
1604.62	0.000006833618958054696
1604.625	0.0000068497681056360394
1604.63	0.000006851523226401004
1604.635	0.0000068366975451827465
1604.6399999999999	0.00000681207504260785
1604.645	0.00000678449157525747
1604.6499999999999	0.00000671927896586908
1604.655	0.000006603953026893651
1604.66	0.000006497625739121561
1604.665	0.000006424694193316984
1604.6699999999998	0.0000063618837128068635
1604.675	0.000006292452399531487
1604.6799999999998	0.000006221658610776124
1604.685	0.000006162146076842918
1604.69	0.000006108656629017586
1604.695	0.000006050162613360995
1604.6999999999998	0.000005991394230554845
1604.705	0.000005942490934221908
1604.7099999999998	0.000005906066341971266
1604.715	0.000005873305123358762
1604.72	0.000005837069991987939
1604.725	0.000005817740079290103
1604.73	0.0000057978647372129215
1604.735	0.000005782381556704981
1604.74	0.000005766588028137756
1604.7450000000001	0.0000057521198591081
1604.75	0.000005739586365347009
1604.7549999999999	0.000005729046974505519
1604.76	0.000005730650287399629
1604.7649999999999	0.000005745440942559537
1604.77	0.00000577968093212407
1604.775	0.000005817079780154641
1604.78	0.000005857741818323557
1604.7849999999999	0.000005909232341250206
1604.79	0.000005980519177111623
1604.7949999999998	0.000006058927314255606
1604.8	0.000006124937702516715
1604.805	0.000006172114827437537
1604.81	0.000006213774977845247
1604.8149999999998	0.000006254754080533111
1604.82	0.000006273888598234214
1604.8249999999998	0.00000628501749390092
1604.83	0.000006294247144741623
1604.835	0.000006306731728595085
1604.84	0.000006321835317521091
1604.845	0.000006341914883832221
1604.85	0.000006371140115965439
1604.8549999999998	0.0000064111311111003524
1604.8600000000001	0.000006460617475735728
1604.865	0.000006517732726205704
1604.87	0.000006583455476584863
1604.875	0.000006648559541929869
1604.8799999999999	0.000006698748038737402
1604.885	0.000006746235255525149
1604.89	0.000006780016473384606
1604.895	0.000006804585520766823
1604.8999999999999	0.000006830873362703309
1604.905	0.000006860277408295056
1604.9099999999999	0.000006894342806229828
1604.915	0.000006927487917938573
1604.92	0.000006950740199405761
1604.925	0.000006974885024392258
1604.93	0.00000699511724173994
1604.935	0.000007020115455735226
1604.9399999999998	0.000007053838405377066
1604.945	0.00000710567169259474
1604.95	0.000007175808947745885
1604.955	0.0000072415787427022534
1604.96	0.000007307713171726985
1604.965	0.0000073863817870502056
1604.9699999999998	0.000007464663638739964
1604.9750000000001	0.000007559744980253502
1604.98	0.000007652013222119765
1604.985	0.00000773820813392729
1604.99	0.000007777685947585786
1604.995	0.000007785583372772662
1604.9999999999998	0.000007774255110987467
1605.005	0.000007734070047823432
1605.01	0.000007641410294643724
1605.0149999999999	0.000007541887808137468
1605.02	0.0000074660460654306365
1605.0249999999999	0.000007402469628637925
1605.03	0.000007330556721697764
1605.035	0.000007266185537904904
1605.04	0.000007220905029214641
1605.045	0.000007189513294701879
1605.05	0.000007158897718715938
1605.0549999999998	0.000007128367706482017
1605.06	0.000007084829071661923
1605.065	0.000007037489539657468
1605.07	0.000006989196128906747
1605.075	0.000006940588715118731
1605.08	0.000006889358313041688
1605.0849999999998	0.000006821072239016877
1605.0900000000001	0.000006750758394527036
1605.095	0.000006682828262556481
1605.1	0.000006607694467845951
1605.105	0.000006521015793979984
1605.11	0.0000064198446213683135
1605.1149999999998	0.000006333155999551091
1605.1200000000001	0.000006295141771813065
1605.125	0.000006289459045692053
1605.1299999999999	0.000006300855450719035
1605.135	0.0000063038192981545446
1605.1399999999999	0.000006321711642386819
1605.1449999999998	0.000006365585739351925
1605.15	0.0000063899581944219075
1605.155	0.000006382351649223247
1605.16	0.000006376786796630721
1605.165	0.000006366343971976624
1605.1699999999998	0.000006336794703110615
1605.175	0.000006300953976123856
1605.18	0.000006274062117012657
1605.185	0.000006251309897124109
1605.19	0.000006206593763298826
1605.195	0.000006165999706255923
1605.1999999999998	0.000006135668728503348
1605.205	0.000006113308103053399
1605.21	0.000006074283201225477
1605.215	0.000006034842713162235
1605.22	0.000005993029933366709
1605.225	0.000005948671700897014
1605.2299999999998	0.000005912898901682162
1605.2350000000001	0.000005875500816246353
1605.24	0.0000058390280956600685
1605.245	0.000005807002562566381
1605.25	0.0000057707969720701855
1605.2549999999999	0.000005733379012581241
1605.2599999999998	0.000005694627136345194
1605.265	0.000005653650315746751
1605.27	0.000005616663383477036
1605.275	0.000005596741691044734
1605.28	0.000005580981909148198
1605.2849999999999	0.000005558390293508581
1605.29	0.000005524316528407325
1605.295	0.000005505088669573137
1605.3	0.000005507904715870688
1605.305	0.00000551449990623518
1605.31	0.000005509216374981465
1605.3149999999998	0.000005502393018189445
1605.32	0.000005519116844677362
1605.325	0.0000055503755624367144
1605.33	0.000005576813393037525
1605.335	0.000005595556924408676
1605.34	0.000005606552050264319
1605.3449999999998	0.000005622989927038027
1605.35	0.0000056613208944279
1605.355	0.000005705905125932548
1605.36	0.00000574588854110906
1605.365	0.000005782890322029712
1605.37	0.000005826097876294938
1605.3749999999998	0.000005874273185140477
1605.3799999999999	0.000005922325051854338
1605.385	0.000005987610476327766
1605.39	0.000006046322529432318
1605.395	0.000006107458429025579
1605.3999999999999	0.0000061755221360509095
1605.405	0.0000062492529018460374
1605.41	0.000006325656552196855
1605.415	0.000006397840901704828
1605.42	0.000006475695248620354
1605.425	0.000006555539662295866
1605.4299999999998	0.0000066281491780892235
1605.435	0.000006681801317097656
1605.44	0.000006721633777519017
1605.445	0.000006726206413868965
1605.45	0.00000669364111328922
1605.455	0.000006634585526159606
1605.4599999999998	0.000006557704201498898
1605.465	0.000006470121078096251
1605.47	0.000006376872553509566
1605.475	0.000006295242978368367
1605.48	0.000006230175899987706
1605.485	0.000006184986573001768
1605.4899999999998	0.000006143097004824535
1605.495	0.000006116417957166981
1605.5	0.000006092098946424223
1605.505	0.00000605319364349441
1605.51	0.000006002691544991483
1605.5149999999999	0.000005945809954846477
1605.52	0.000005887488924663632
1605.5249999999999	0.000005829287038320404
1605.53	0.00000577229900226418
1605.535	0.000005716035157250941
1605.54	0.000005661768769331263
1605.5449999999998	0.000005623696021837368
1605.55	0.0000055865792308977264
1605.555	0.000005550961049034662
1605.56	0.000005518039647520627
1605.565	0.00000549118407977519
1605.57	0.000005468911594047958
1605.5749999999998	0.000005451626585584939
1605.58	0.000005442813054681636
1605.585	0.000005429447672846517
1605.59	0.000005419888644910697
1605.595	0.000005412032988693714
1605.6	0.000005401541661676963
1605.6049999999998	0.000005389421810638108
1605.61	0.000005365851234354449
1605.615	0.000005337086419595151
1605.6200000000001	0.000005300896549767481
1605.625	0.000005267582739151051
1605.6299999999999	0.000005239680616145304
1605.635	0.000005215481699476255
1605.6399999999999	0.000005199614441606902
1605.645	0.000005192560699101899
1605.65	0.000005200474430334954
1605.655	0.000005229527463088246
1605.6599999999999	0.0000052646555927642435
1605.665	0.000005326761291530701
1605.6699999999998	0.000005408844197051329
1605.675	0.000005479227037994029
1605.68	0.000005525002347170033
1605.685	0.0000055643875303948155
1605.6899999999998	0.000005609050856922645
1605.695	0.000005634394992759529
1605.7	0.000005632853216573548
1605.705	0.0000056109579156761255
1605.71	0.000005596167585627064
1605.715	0.000005601163449905055
1605.7199999999998	0.000005613641086612981
1605.725	0.0000056248670273697045
1605.73	0.000005632646089921931
1605.7350000000001	0.0000056402555920016185
1605.74	0.000005652230091735935
1605.745	0.000005678046647583909
1605.75	0.000005712970783855948
1605.7549999999999	0.000005763372415826378
1605.76	0.000005820426135154421
1605.765	0.000005896826596318447
1605.77	0.00000597274464464385
1605.7749999999999	0.000006048972363576669
1605.78	0.000006124874504546579
1605.7849999999999	0.000006195467582937044
1605.79	0.000006243583701155512
1605.795	0.000006255384616927429
1605.8	0.0000062533965020131234
1605.8049999999998	0.000006248546638803179
1605.81	0.000006216500725509164
1605.8149999999998	0.000006152705516883232
1605.82	0.000006087543193809783
1605.825	0.000006035568294501473
1605.83	0.000005985461284225148
1605.8349999999998	0.000005922356696783257
1605.84	0.000005861769100473671
1605.8449999999998	0.000005844196306571406
1605.8500000000001	0.0000058610058556655875
1605.855	0.000005880865128269992
1605.86	0.000005898746248942385
1605.865	0.000005912311889587372
1605.87	0.00000592083591551689
1605.875	0.000005933412239965671
1605.88	0.000005938351003826244
1605.885	0.000005931424772439512
1605.8899999999999	0.000005906356824722312
1605.895	0.000005859178205101659
1605.8999999999999	0.000005801742123813429
1605.905	0.000005740202726762611
1605.91	0.0000056840554436497265
1605.915	0.000005637433403360904
1605.9199999999998	0.000005596822577094006
1605.925	0.000005550810795512822
1605.9299999999998	0.00000550127304407175
1605.935	0.000005459240061862042
1605.94	0.000005432359746893057
1605.945	0.000005417593836641848
1605.9499999999998	0.0000054321647182122525
1605.955	0.000005471963128083149
1605.9599999999998	0.000005517992523875421
1605.9650000000001	0.000005563298245170083
1605.97	0.0000055977914918668245
1605.975	0.0000056360340236532794
1605.98	0.000005673553789552604
1605.985	0.0000056985032553059765
1605.9899999999998	0.000005694801194711234
1605.9950000000001	0.000005667709746181031
1606	0.000005629977933345227
1606.0049999999999	0.000005591592080266755
1606.01	0.00000555110149045491
1606.0149999999999	0.000005526893715779142
1606.02	0.000005515062955903246
1606.025	0.000005517573554187371
1606.03	0.000005531079382697586
1606.0349999999999	0.000005539505676268104
1606.04	0.0000055433251988154
1606.0449999999998	0.000005555851453751855
1606.05	0.000005550514406818364
1606.055	0.0000055444036258954575
1606.06	0.0000055317523017477495
1606.0649999999998	0.000005512266039489822
1606.07	0.0000054894315903612044
1606.0749999999998	0.000005461008600382079
1606.0800000000002	0.000005416479339244747
1606.085	0.0000053550478549959605
1606.09	0.000005286717924203095
1606.095	0.000005216540711114883
1606.1	0.0000051465684301488856
1606.1049999999998	0.000005085399861347353
1606.1100000000001	0.0000050294622291746954
1606.115	0.000004974881893222011
1606.12	0.000004941411821592197
1606.125	0.000004939559413539444
1606.1299999999999	0.000004944337920236957
1606.1349999999998	0.00000493785872087905
1606.14	0.000004929452251483068
1606.145	0.000004927510837140293
1606.1499999999999	0.000004936990631720542
1606.155	0.000004940089008086584
1606.1599999999999	0.000004928430828902799
1606.165	0.000004913682256130564
1606.17	0.000004906322129617404
1606.175	0.00000489049992228202
1606.1799999999998	0.000004866538045991224
1606.185	0.000004842165680788475
1606.1899999999998	0.000004832929091153553
1606.195	0.0000048452511066910504
1606.2	0.000004864034496446552
1606.205	0.000004888427537887222
1606.21	0.000004919145391911896
1606.215	0.000004945704391404773
1606.2199999999998	0.0000049757017912522954
1606.2250000000001	0.000005011143604548434
1606.23	0.000005049051886699956
1606.235	0.000005096330676311041
1606.24	0.000005145371445582182
1606.245	0.000005193633651214491
1606.2499999999998	0.000005244980115460125
1606.255	0.0000052935135723119494
1606.26	0.000005335821609284764
1606.2649999999999	0.0000053705766970911276
1606.27	0.000005399650200952302
1606.2749999999999	0.000005421664024232771
1606.28	0.00000543358678751931
1606.285	0.000005439159302836918
1606.29	0.000005441902874261149
1606.295	0.000005429995708542247
1606.3	0.00000541455779516849
1606.3049999999998	0.000005396483312115301
1606.31	0.000005378703285563761
1606.315	0.000005351143383614983
1606.32	0.0000053277204610670675
1606.325	0.000005314109430839504
1606.33	0.000005314468250623552
1606.3349999999998	0.000005312487883583635
1606.34	0.000005309222099170013
1606.345	0.000005297599460561985
1606.35	0.000005270468109335411
1606.355	0.00000523230725280454
1606.36	0.000005196387809232959
1606.3649999999998	0.000005163612443528029
1606.37	0.000005126976038970102
1606.375	0.000005083511943811486
1606.3799999999999	0.000005047893465529418
1606.385	0.000005023046602692669
1606.3899999999999	0.000005006470853493179
1606.395	0.000004992642974304173
1606.4	0.000004977985630115148
1606.405	0.000004958281227266328
1606.41	0.000004930810455867269
1606.415	0.000004906100554170497
1606.4199999999998	0.000004888285854343932
1606.425	0.00000488997511417143
1606.43	0.00000490225680523536
1606.435	0.000004893262958224015
1606.44	0.0000048546575025006385
1606.445	0.000004833762920070587
1606.4499999999998	0.000004805202406667088
1606.455	0.000004749387890495716
1606.46	0.0000046770639888449966
1606.465	0.00000462478189353796
1606.47	0.000004575531996634937
1606.475	0.000004515098675034391
1606.4799999999998	0.000004469172573021531
1606.485	0.000004441370977503501
1606.49	0.000004412628798885471
1606.495	0.000004378605657794697
1606.5	0.000004355126393508962
1606.5049999999999	0.000004343675345452514
1606.51	0.000004327956934368264
1606.5149999999999	0.000004316951233912845
1606.52	0.00000431312179642085
1606.525	0.000004316468703547881
1606.53	0.000004315791405599531
1606.5349999999999	0.0000043203259973241935
1606.54	0.000004329888413765953
1606.545	0.000004345255671779262
1606.55	0.00000437223135858389
1606.555	0.000004398246762985245
1606.56	0.000004423451111548928
1606.5649999999998	0.000004451229284576249
1606.57	0.000004482563215668322
1606.575	0.00000451874267179428
1606.58	0.000004558850865311649
1606.585	0.000004598338326817657
1606.59	0.0000046401785999282
1606.5949999999998	0.0000046777399898961365
1606.6	0.000004716906195960085
1606.605	0.0000047649637883729245
1606.61	0.000004822608674420203
1606.615	0.000004875435989613732
1606.62	0.000004902914228004908
1606.625	0.00000491177037904406
1606.6299999999999	0.000004925211211244194
1606.635	0.000004960434209467524
1606.64	0.000004986314637230894
1606.645	0.000005002570102486247
1606.6499999999999	0.000005018816708534657
1606.655	0.0000050647254162103825
1606.6599999999999	0.000005106529507601747
1606.665	0.000005139625336601275
1606.67	0.000005164191044791972
1606.675	0.000005186575706524162
1606.6799999999998	0.000005188772056448709
1606.685	0.0000051785425421263206
1606.69	0.000005150944169845589
1606.695	0.000005109577139533604
1606.7	0.000005061494255041621
1606.705	0.000005013316118561328
1606.7099999999998	0.000004970907994238224
1606.715	0.000004929330737124381
1606.72	0.000004885397662728066
1606.725	0.000004840933601740762
1606.73	0.000004799599794384102
1606.735	0.000004762753724603073
1606.74	0.000004728673294465348
1606.745	0.000004701331677876757
1606.75	0.000004672087249290913
1606.755	0.000004654513841635863
1606.76	0.000004650191561080828
1606.7649999999999	0.000004656015142004432
1606.77	0.000004657478681989383
1606.7749999999999	0.000004668768487847095
1606.78	0.000004705198780650131
1606.785	0.0000047522165900487334
1606.79	0.000004780744839000408
1606.7949999999998	0.000004793738395552841
1606.8	0.0000048082977783524305
1606.8049999999998	0.00000483268795644667
1606.81	0.000004870720716060349
1606.815	0.000004892946078965422
1606.82	0.0000048961986630693124
1606.8249999999998	0.000004901942657545277
1606.83	0.000004922363789261267
1606.8349999999998	0.000004949228252958723
1606.84	0.000004962354315202735
1606.845	0.000004963283637645513
1606.85	0.000004964129784839684
1606.855	0.000004964556186679765
1606.86	0.000004963130323065821
1606.865	0.000004954187289840635
1606.8700000000001	0.000004944847987359983
1606.875	0.000004934493916388057
1606.8799999999999	0.000004921403124169979
1606.885	0.000004898207988866125
1606.8899999999999	0.000004869616138799364
1606.895	0.00000483820977347567
1606.9	0.000004813747375355419
1606.905	0.000004793673973490638
1606.9099999999999	0.000004781627922751378
1606.915	0.000004777795134198977
1606.9199999999998	0.000004771554214268979
1606.925	0.000004764354023873217
1606.93	0.000004754435157336859
1606.935	0.0000047475036277175915
1606.9399999999998	0.00000475023727874727
1606.945	0.00000476244063560042
1606.9499999999998	0.00000478813251524143
1606.955	0.0000048145724613083255
1606.96	0.0000048410348532950385
1606.965	0.000004848705640097593
1606.97	0.000004839243313519667
1606.975	0.0000048309167194258526
1606.9799999999998	0.000004822568646935165
1606.9850000000001	0.000004791161039220189
1606.99	0.000004737739925683643
1606.995	0.0000046867021635908985
1607	0.000004641890438407928
1607.0049999999999	0.000004601646206267578
1607.01	0.000004575553074026879
1607.015	0.000004558718505429858
1607.02	0.000004536588111266738
1607.0249999999999	0.000004511847150787807
1607.03	0.000004488861444064085
1607.0349999999999	0.000004466976404194098
1607.04	0.000004442319936928847
1607.045	0.000004410915459627536
1607.05	0.000004376608499440356
1607.0549999999998	0.000004349373018104149
1607.06	0.0000043280991830060396
1607.0649999999998	0.000004307033524167227
1607.07	0.000004283182401415891
1607.075	0.000004252231033919883
1607.08	0.000004210148028465409
1607.085	0.000004147152287745186
1607.09	0.0000040943617913938425
1607.0949999999998	0.000004051433674724987
1607.1000000000001	0.000004023483336209485
1607.105	0.000003999461596570097
1607.11	0.000003996793065949087
1607.115	0.000004008026431750554
1607.12	0.000004030112466816386
1607.1249999999998	0.000004045757809847789
1607.13	0.00000406411041897604
1607.135	0.000004080750946566144
1607.1399999999999	0.000004095916347537566
1607.145	0.0000040829399981311876
1607.1499999999999	0.000004052017567998781
1607.155	0.000004024451483986682
1607.16	0.000003998786067177968
1607.165	0.000003968961854710116
1607.17	0.000003936545087734222
1607.175	0.000003912832080419302
1607.1799999999998	0.0000039087743394411245
1607.185	0.0000039154217238020055
1607.19	0.000003928091792942086
1607.195	0.000003939971558438366
1607.2	0.00000396071618003119
1607.205	0.000003984891398189487
1607.2099999999998	0.000004012212144307719
1607.2150000000001	0.000004044151974135911
1607.22	0.000004064411644529556
1607.225	0.000004078499492865521
1607.23	0.0000040882192949421725
1607.235	0.000004093989085322477
1607.2399999999998	0.000004105681387297821
1607.2450000000001	0.000004111628752366559
1607.25	0.000004106678810792354
1607.2549999999999	0.00000408406673052605
1607.26	0.000004048347628211127
1607.2649999999999	0.000004007970421824809
1607.2699999999998	0.000003965358343415476
1607.275	0.000003929755628694085
1607.28	0.000003896767845301421
1607.285	0.0000038573754648211904
1607.29	0.00000382225848761103
1607.2949999999998	0.000003793469729934819
1607.2999999999997	0.0000037766053566210453
1607.305	0.0000037832096250714812
1607.31	0.0000038101720676678863
1607.315	0.000003848981754016792
1607.32	0.000003886918797122536
1607.3249999999998	0.000003917816649183604
1607.33	0.000003950745272614031
1607.335	0.000003975291462899259
1607.34	0.000003990931809533861
1607.345	0.0000039890138425915164
1607.35	0.000003970009869593317
1607.3549999999998	0.00000393930278648872
1607.3600000000001	0.000003912661371332134
1607.365	0.00000389735965731359
1607.37	0.000003890258032452683
1607.375	0.0000038872984077536025
1607.3799999999999	0.0000038874352177836905
1607.3849999999998	0.000003887281152517401
1607.39	0.00000389280067741272
1607.395	0.000003907573732017601
1607.4	0.000003922320044041479
1607.405	0.000003944939348869906
1607.4099999999999	0.000003977812744106055
1607.415	0.000004023914686542468
1607.42	0.0000040774411047851506
1607.425	0.000004148745170768416
1607.43	0.000004225595134117808
1607.435	0.0000042787637425731105
1607.4399999999998	0.000004308898585360091
1607.445	0.000004341201159538451
1607.45	0.000004330761129514687
1607.455	0.000004272925011354236
1607.46	0.0000042154162952281405
1607.465	0.00000419089626741371
1607.4699999999998	0.000004179824931664664
1607.475	0.000004167758699523939
1607.48	0.00000416421510224253
1607.485	0.000004200662546378284
1607.49	0.000004236733569741599
1607.495	0.0000042636137262348265
1607.4999999999998	0.000004279818787916792
1607.5049999999999	0.000004283774215603156
1607.51	0.000004271207836963703
1607.515	0.000004236413585142826
1607.52	0.000004192097777071888
1607.5249999999999	0.000004154226605428208
1607.53	0.000004120341275577367
1607.535	0.00000408830602152614
1607.54	0.000004054134812900496
1607.545	0.000004019360629039025
1607.55	0.000003991111173282683
1607.5549999999998	0.0000039759793253324486
1607.56	0.0000039759793253324486
1607.565	0.000003982387225890899
1607.57	0.00000399952532163756
1607.575	0.000004025494338565505
1607.58	0.0000040534646108932475
1607.5849999999998	0.000004086085982587397
1607.59	0.000004123690425531745
1607.595	0.000004175377984095205
1607.6	0.000004227385584754573
1607.605	0.000004270110378878085
1607.61	0.0000043067417135465605
1607.6149999999998	0.000004319472622721331
1607.62	0.000004324100116873405
1607.625	0.000004313727062851867
1607.63	0.000004283366003939324
1607.635	0.000004232151093808197
1607.6399999999999	0.0000041736355544134
1607.645	0.00000412454306110315
1607.6499999999999	0.000004075241241661696
1607.655	0.000004016231132328184
1607.66	0.000003964412600843063
1607.665	0.000003938417788359204
1607.6699999999998	0.000003938829621005864
1607.675	0.000003950759489697905
1607.68	0.000003958505955485319
1607.685	0.000003962046178991948
1607.69	0.000003966672057216525
1607.695	0.000003985628689385232
1607.6999999999998	0.000004007730791225673
1607.705	0.000004028508664999194
1607.71	0.000004047283296351902
1607.715	0.000004063643440156844
1607.72	0.000004075174678719217
1607.725	0.000004089360443925525
1607.7299999999998	0.000004099037604164847
1607.735	0.000004112380943067459
1607.74	0.0000041195583996095654
1607.7450000000001	0.000004126301816722988
1607.75	0.000004132674587462458
1607.7549999999999	0.00000414139704110238
1607.76	0.000004164348728206174
1607.7649999999999	0.000004195276866416898
1607.77	0.000004203578820791601
1607.775	0.000004201245929757063
1607.78	0.00000420796625888449
1607.7849999999999	0.00000423390122699058
1607.79	0.000004264715212901915
1607.7949999999998	0.000004277077703320575
1607.8	0.00000426623373376765
1607.805	0.000004233784596032285
1607.81	0.000004203715942144793
1607.8149999999998	0.000004176128193110888
1607.82	0.000004140047129082102
1607.825	0.000004107026127975665
1607.83	0.000004076188622751031
1607.835	0.0000040469882551146135
1607.84	0.000004021086054107631
1607.8449999999998	0.000004007877742398655
1607.85	0.000004006960655753699
1607.855	0.0000040041666139934244
1607.8600000000001	0.0000039984268928452485
1607.865	0.0000039939553220193595
1607.87	0.000003980661387595004
1607.875	0.000003965087281882565
1607.8799999999999	0.000003947024733193065
1607.885	0.0000039203286881503715
1607.89	0.000003894517209154334
1607.895	0.0000038661504303207454
1607.8999999999999	0.000003838444941527927
1607.905	0.0000038098052461291083
1607.9099999999999	0.000003771327666958095
1607.915	0.0000037231567605150626
1607.92	0.000003681332967323533
1607.925	0.000003645648248400967
1607.9299999999998	0.0000036095462578031286
1607.935	0.0000035798518864994724
1607.9399999999998	0.0000035706094174618396
1607.945	0.000003564833245476006
1607.95	0.000003565767266002897
1607.955	0.000003575236136118534
1607.9599999999998	0.000003599852993884416
1607.965	0.000003633890026219794
1607.9699999999998	0.0000036603386495862445
1607.9750000000001	0.000003678575008365204
1607.98	0.0000036951891739867957
1607.985	0.000003715910674510121
1607.99	0.0000037447080032954017
1607.995	0.0000037674869687454183
1608	0.0000037885297336618317
1608.005	0.00000380300144960198
1608.01	0.000003824936806151246
1608.0149999999999	0.0000038508231741224395
1608.02	0.000003877603989708391
1608.0249999999999	0.0000039098875293389085
1608.03	0.000003947960223864158
1608.035	0.000003990029052219749
1608.04	0.000004034297948915986
1608.0449999999998	0.000004070983568293149
1608.05	0.000004102229740631624
1608.0549999999998	0.000004127449488029071
1608.06	0.00000414634201672382
1608.065	0.000004166970524261538
1608.07	0.000004194812826449904
1608.0749999999998	0.0000042312935786285804
1608.08	0.00000426406169162395
1608.0849999999998	0.0000042803423881754505
1608.0900000000001	0.00000428056256266172
1608.095	0.000004301002923864565
1608.1	0.000004319760981906951
1608.105	0.000004330290907218569
1608.11	0.000004343902670062862
1608.1149999999998	0.000004361907212953446
1608.1200000000001	0.000004367201805869341
1608.125	0.000004357537392206553
1608.1299999999999	0.0000043619451266581625
1608.135	0.000004374335592566794
1608.1399999999999	0.000004363623489183006
1608.145	0.000004322647032208937
1608.15	0.00000429208872036826
1608.155	0.000004284892105835619
1608.1599999999999	0.000004273943913050615
1608.165	0.0000042522205619373335
1608.1699999999998	0.000004222672586674172
1608.175	0.000004199817923186446
1608.18	0.0000041768904474196866
1608.185	0.000004154962733926213
1608.1899999999998	0.0000041350129520448375
1608.195	0.000004124125377789063
1608.1999999999998	0.000004113402151707647
1608.2050000000002	0.000004099494671485189
1608.21	0.000004078817969843698
1608.215	0.000004047310274929867
1608.22	0.000004016368940980485
1608.225	0.000003985728690152246
1608.2299999999998	0.000003957184744818227
1608.2350000000001	0.000003936033004226017
1608.24	0.000003911237485956427
1608.245	0.000003879124153457317
1608.25	0.000003831099223891329
1608.2549999999999	0.000003762245336139903
1608.2599999999998	0.000003699097684146478
1608.265	0.000003644984779481116
1608.27	0.000003591779217853251
1608.2749999999999	0.0000035335399981588595
1608.28	0.0000034895313444162663
1608.2849999999999	0.0000034600834071028825
1608.29	0.0000034366184535741903
1608.295	0.000003418674505639152
1608.3	0.000003412672504885184
1608.3049999999998	0.0000034239034731456098
1608.31	0.000003449224544016816
1608.3149999999998	0.000003472777469315229
1608.32	0.0000034883758200626807
1608.325	0.0000034942845452321204
1608.33	0.0000035028904243437814
1608.335	0.000003511661531145204
1608.34	0.0000035157154671218046
1608.3449999999998	0.0000035175503850015872
1608.3500000000001	0.0000035184686868634438
1608.355	0.0000035209668403729103
1608.36	0.0000035257599235682386
1608.365	0.0000035302593301423087
1608.37	0.0000035363784743200143
1608.3749999999998	0.0000035452375203481747
1608.38	0.0000035620876843633208
1608.385	0.000003587164297548715
1608.3899999999999	0.0000036173890174536193
1608.395	0.0000036558250286509
1608.3999999999999	0.000003691747732724162
1608.405	0.000003720821532118357
1608.41	0.0000037408888774514413
1608.415	0.0000037563339151173893
1608.4199999999998	0.0000037808536875014858
1608.425	0.000003801796131039308
1608.4299999999998	0.0000037698682863238623
1608.435	0.000003706277674858411
1608.44	0.0000036335541549974624
1608.445	0.0000035664357070308213
1608.45	0.000003510351333588699
1608.455	0.000003464121854857494
1608.4599999999998	0.0000034292650907615933
1608.465	0.0000033971750860349925
1608.47	0.000003375744899996797
1608.475	0.0000033736041589201817
1608.48	0.0000033913571965642595
1608.485	0.000003412717960064075
1608.4899999999998	0.0000034194734660230496
1608.4950000000001	0.0000034045680081528915
1608.5	0.0000033807192656438505
1608.5049999999999	0.0000033649024318404432
1608.51	0.0000033485023228593136
1608.5149999999999	0.0000033284910453094326
1608.52	0.0000033016613014134853
1608.525	0.0000032711896058525535
1608.53	0.0000032451075138260067
1608.535	0.0000032242931729171427
1608.54	0.0000032090881365026997
1608.5449999999998	0.000003202101369782224
1608.55	0.000003201638183128662
1608.555	0.000003204666101572485
1608.56	0.000003214395061048617
1608.565	0.0000032315136449168037
1608.57	0.000003257319741847569
1608.5749999999998	0.0000033032256260974803
1608.58	0.000003363581913213234
1608.585	0.0000034372235322847578
1608.59	0.000003514934671287876
1608.595	0.0000035933440832101344
1608.6	0.0000036702831655739585
1608.6049999999998	0.000003743503965045805
1608.61	0.0000037947347019355448
1608.615	0.0000038354942824691234
1608.62	0.000003871580890714062
1608.625	0.000003900438995289658
1608.6299999999999	0.000003913097017666749
1608.635	0.000003920212726940228
1608.6399999999999	0.000003926616095503899
1608.645	0.000003934768307902093
1608.65	0.000003951364764037715
1608.655	0.000003980717303456462
1608.6599999999999	0.000004005783654813918
1608.665	0.000004013167741617975
1608.67	0.000004006480502456508
1608.675	0.000003990874517300649
1608.68	0.0000039697499347574655
1608.685	0.000003944120798453929
1608.6899999999998	0.000003908975503672638
1608.695	0.000003867685684519924
1608.7	0.0000038234869656734835
1608.705	0.0000037754936521585726
1608.71	0.0000037228865169543636
1608.715	0.000003667335630714871
1608.7199999999998	0.000003600469710726419
1608.725	0.0000035212846149506424
1608.73	0.0000034168405093495764
1608.735	0.0000033159658163021292
1608.74	0.000003226920567064595
1608.745	0.000003132895206046325
1608.75	0.000003043669198494597
1608.7549999999999	0.0000029808066669847424
1608.76	0.0000029440523940123356
1608.765	0.000002927152114273909
1608.77	0.000002938669494386464
1608.7749999999999	0.0000029635643300480194
1608.78	0.000002991898091326386
1608.7849999999999	0.0000030058561592281655
1608.79	0.0000030130365802433186
1608.795	0.0000030267289134021072
1608.8	0.0000030396809804068654
1608.8049999999998	0.000003045101157463262
1608.81	0.000003044112210745134
1608.815	0.00000304136718358181
1608.82	0.000003037531927297978
1608.825	0.0000030336440415085404
1608.83	0.0000030463989592130346
1608.8349999999998	0.0000030798700076372975
1608.84	0.0000031175209092003323
1608.845	0.000003157758650446954
1608.85	0.000003201139850902716
1608.855	0.0000032451885795794722
1608.86	0.0000032855636978037143
1608.865	0.000003325626270815341
1608.87	0.0000033686692079864163
1608.875	0.000003410933206737834
1608.88	0.0000034581589083996405
1608.885	0.00000349572614279679
1608.8899999999999	0.0000035254311581285384
1608.895	0.0000035487885005840877
1608.8999999999999	0.000003564090090109735
1608.905	0.00000357589661273952
1608.91	0.0000035859332254017054
1608.915	0.0000035907237359583437
1608.9199999999998	0.000003591547693742647
1608.925	0.00000361530201061681
1608.9299999999998	0.0000036539540400461123
1608.935	0.000003683654367712403
1608.94	0.0000037057244781626384
1608.945	0.0000037485931802384116
1608.9499999999998	0.000003817272794685938
1608.955	0.000003900116963330037
1608.96	0.0000039457660007266356
1608.965	0.0000039575376349604445
1608.97	0.000003952391723919482
1608.975	0.000003943429737973467
1608.98	0.000003918941936100466
1608.985	0.000003870002340601637
1608.99	0.000003806922793733907
1608.9950000000001	0.0000037507628891096197
1609	0.0000037104024486287175
1609.0049999999999	0.0000036778128641142735
1609.01	0.0000036503769531732127
1609.0149999999999	0.0000036362406730050742
1609.02	0.0000036293406470556626
1609.025	0.0000036276286271410416
1609.03	0.000003628216323603231
1609.0349999999999	0.000003626073810365413
1609.04	0.00000361909893689454
1609.0449999999998	0.000003611207153702591
1609.05	0.000003591313081466942
1609.055	0.0000035757835365314654
1609.06	0.000003558575786104507
1609.0649999999998	0.0000035357948103296276
1609.07	0.0000034854741875100316
1609.0749999999998	0.00000340432963979559
1609.08	0.000003315653658958408
1609.085	0.0000032258494647144303
1609.09	0.000003140824390758602
1609.095	0.0000030601652473312697
1609.1	0.0000029833600414884393
1609.1049999999998	0.000002927136806925264
1609.1100000000001	0.0000028920556986403055
1609.115	0.0000028625359190335913
1609.12	0.0000028392690601784195
1609.125	0.0000028189282491499
1609.1299999999999	0.000002796743483779257
1609.135	0.000002767705067122189
1609.14	0.0000027331079854897716
1609.145	0.000002695244294893731
1609.1499999999999	0.000002656532254131108
1609.155	0.0000026227153937081646
1609.1599999999999	0.0000025908272725993534
1609.165	0.0000025566921610223514
1609.17	0.0000025226073752793777
1609.175	0.000002492177331709928
1609.1799999999998	0.0000024749787868998517
1609.185	0.000002470873141749224
1609.1899999999998	0.0000024752814740669446
1609.195	0.000002485259389545074
1609.2	0.0000024968167934675514
1609.205	0.0000025115013090047603
1609.21	0.0000025276283315641368
1609.215	0.000002549389115201177
1609.2199999999998	0.0000025787627946082596
1609.2250000000001	0.000002618038920947096
1609.23	0.0000026734401954827003
1609.235	0.000002733277849763629
1609.24	0.000002788679226390537
1609.245	0.0000028387612030704547
1609.2499999999998	0.0000028819865644566156
1609.255	0.000002919927136128005
1609.26	0.0000029447096227740123
1609.2649999999999	0.0000029671315552709236
1609.27	0.0000029826574034113366
1609.2749999999999	0.000002990210138769605
1609.28	0.0000029888669824346924
1609.285	0.000002978034052628402
1609.29	0.000002971442428558295
1609.2949999999998	0.000002982854754164419
1609.3	0.000003007082197989522
1609.3049999999998	0.0000030321993113152154
1609.31	0.0000030515350744317584
1609.315	0.000003074017103317533
1609.32	0.00000310227734096521
1609.325	0.000003131684161456107
1609.33	0.000003155752346021272
1609.3349999999998	0.0000031706927837176145
1609.3400000000001	0.0000031788266212259506
1609.345	0.000003181062462367789
1609.35	0.0000031833971551195136
1609.355	0.000003182526128499117
1609.36	0.000003180412932577041
1609.3649999999998	0.0000031787187310930775
1609.3700000000001	0.0000031798274780074797
1609.375	0.0000031878935771459547
1609.3799999999999	0.000003199552120497397
1609.385	0.000003219920466168257
1609.3899999999999	0.000003245280644355355
1609.3949999999998	0.0000032707081899803447
1609.4	0.0000033081276243001004
1609.405	0.0000033691529490499675
1609.41	0.0000034423223240159773
1609.415	0.0000034927866761777687
1609.4199999999998	0.000003533939142352346
1609.425	0.000003562157567210517
1609.43	0.000003576586511403408
1609.435	0.000003583677926461623
1609.44	0.0000035866906282265925
1609.445	0.000003580160140002444
1609.4499999999998	0.000003570309156295418
1609.455	0.000003568846820376859
1609.46	0.0000035805552390067763
1609.465	0.0000036022951056981476
1609.47	0.0000036266574109740568
1609.475	0.0000036606418149765515
1609.4799999999998	0.000003682568815314603
1609.4850000000001	0.0000036890423650168373
1609.49	0.0000036803455834184046
1609.495	0.0000036597989915475805
1609.5	0.0000036282267786905336
1609.5049999999999	0.0000035817173075679273
1609.5099999999998	0.00000352629853672072
1609.515	0.000003465473927744707
1609.52	0.0000034082915154032697
1609.525	0.0000033484343484106874
1609.53	0.000003293493351625164
1609.5349999999999	0.0000032433463397027536
1609.5399999999997	0.000003194448795721565
1609.545	0.000003146067405026089
1609.55	0.0000030970411392052107
1609.555	0.0000030550422981154285
1609.56	0.0000030232389622070142
1609.5649999999998	0.0000029969210273628878
1609.57	0.000002973332318561707
1609.575	0.0000029553630312519694
1609.58	0.000002935455137838911
1609.585	0.0000029100029060959958
1609.59	0.0000028785822835935415
1609.5949999999998	0.000002853526311027497
1609.6	0.0000028174237697878686
1609.605	0.0000027681839953869065
1609.61	0.0000027143065269370545
1609.615	0.000002661471717010469
1609.62	0.000002600533751777693
1609.6249999999998	0.0000025262230435550555
1609.6299999999999	0.0000024626367705853757
1609.635	0.000002417593224654082
1609.64	0.000002390458633725502
1609.645	0.00000236940772283899
1609.6499999999999	0.0000023500736680785423
1609.655	0.0000023389281740346107
1609.66	0.0000023398533496794897
1609.665	0.0000023478729723489676
1609.67	0.0000023622448616310654
1609.675	0.0000023751921660274505
1609.6799999999998	0.0000023852573522312376
1609.685	0.000002392975046559911
1609.69	0.0000023980013398764077
1609.695	0.000002399556719020312
1609.7	0.0000023983735014241726
1609.705	0.0000023881743887574212
1609.7099999999998	0.000002372588063790749
1609.715	0.0000023541014560227083
1609.72	0.0000023330172369391992
1609.725	0.0000023134624499683353
1609.73	0.0000022862338876772694
1609.735	0.000002260359020840571
1609.7399999999998	0.000002242939612097743
1609.745	0.0000022474554203374826
1609.75	0.000002274734059874734
1609.755	0.000002314765737992673
1609.76	0.000002362275048587853
1609.7649999999999	0.000002411248161252935
1609.77	0.000002456693443951588
1609.7749999999999	0.000002499001651018321
1609.78	0.000002530279892385826
1609.785	0.000002533384387841409
1609.79	0.0000025109215333553532
1609.7949999999998	0.0000024797744760091184
1609.8	0.000002447147075292977
1609.805	0.0000024013785121684363
1609.81	0.0000023552587029661076
1609.815	0.000002320228376380114
1609.82	0.0000023087105216968315
1609.8249999999998	0.0000023214583507627655
1609.83	0.0000023364437156642984
1609.835	0.0000023546808941885246
1609.84	0.0000023784855805152543
1609.845	0.0000024125171040991803
1609.85	0.000002457233142453187
1609.8549999999998	0.000002506886599136178
1609.86	0.0000025505185739363025
1609.865	0.000002597067695011168
1609.8700000000001	0.000002632545956432955
1609.875	0.0000026623744743867015
1609.8799999999999	0.0000026874421723647357
1609.885	0.0000027036500600788153
1609.8899999999999	0.0000027076984022831964
1609.895	0.0000026925470586406414
1609.9	0.000002660760692031086
1609.905	0.0000026149551111151404
1609.9099999999999	0.0000025614798829295658
1609.915	0.0000025051086624855754
1609.9199999999998	0.0000024485304385046775
1609.925	0.0000024055009109389074
1609.93	0.0000023814844255127676
1609.935	0.00000237338555802481
1609.9399999999998	0.00000237870602047309
1609.945	0.000002390771201386752
1609.95	0.0000024044986947866723
1609.955	0.0000024245116440452503
1609.96	0.000002443828857101372
1609.965	0.000002454739612397808
1609.9699999999998	0.000002439178392058546
1609.975	0.000002406386654070491
1609.98	0.0000023695778658441634
1609.9850000000001	0.0000023370820614359578
1609.99	0.0000023071604274789343
1609.995	0.00000228397148676162
1610	0.0000022695395350083623
1610.0049999999999	0.0000022629258186223535
1610.01	0.000002262290966721214
1610.015	0.000002266838247540612
1610.02	0.0000022730955590712143
1610.0249999999999	0.0000022811638147109144
1610.03	0.000002294021794533514
1610.0349999999999	0.0000023092421280950233
1610.04	0.0000023305096632427846
1610.045	0.00000236417016958148
1610.05	0.000002409308069364564
1610.0549999999998	0.000002452651141106769
1610.06	0.0000024867725007910392
1610.0649999999998	0.0000025051345418897935
1610.07	0.0000025257696338362645
1610.075	0.0000025374069785654527
1610.08	0.000002520966405975842
1610.0849999999998	0.0000024935620110980704
1610.09	0.00000248073962769932
1610.0949999999998	0.0000024767817762856548
1610.1000000000001	0.0000024726184243760726
1610.105	0.000002482007303056341
1610.11	0.000002501748278211691
1610.115	0.000002524337579801301
1610.12	0.0000025476578626115845
1610.125	0.0000025713238168421136
1610.13	0.000002589674610330093
1610.135	0.0000025981067415487295
1610.1399999999999	0.000002594003297215751
1610.145	0.00000257790543047255
1610.1499999999999	0.000002546719673802078
1610.155	0.000002510070953561995
1610.16	0.0000024699024528072587
1610.165	0.000002427923732490967
1610.1699999999998	0.000002392288505755478
1610.175	0.0000023642397726323673
1610.1799999999998	0.0000023410331200295364
1610.185	0.000002323390890676727
1610.19	0.000002314163850380992
1610.195	0.000002312295573100568
1610.1999999999998	0.000002314226832416152
1610.205	0.000002322166189471205
1610.2099999999998	0.0000023371417584927382
1610.2150000000001	0.0000023577566892723427
1610.22	0.000002382613555858801
1610.225	0.0000024144355459042833
1610.23	0.00000245350135155855
1610.235	0.000002496263633859743
1610.2399999999998	0.0000025408269610913925
1610.2450000000001	0.000002577475301885287
1610.25	0.00000259326977558753
1610.2549999999999	0.000002583330429745461
1610.26	0.0000025522843478258683
1610.2649999999999	0.0000025189517695983333
1610.27	0.000002484576580349638
1610.275	0.0000024566356453844347
1610.28	0.0000024470951356861467
1610.2849999999999	0.0000024599266870407824
1610.29	0.000002474239270655894
1610.2949999999998	0.000002495163011383226
1610.3	0.0000025489878258926
1610.305	0.000002628119830119402
1610.31	0.000002702573823032032
1610.3149999999998	0.00000275984105412279
1610.32	0.000002800396397431322
1610.3249999999998	0.0000028256424985300142
1610.3300000000002	0.0000028371064620524244
1610.335	0.00000282771630821281
1610.34	0.0000028026305483560735
1610.345	0.000002769212727289888
1610.35	0.0000027332670558984226
1610.3549999999998	0.000002696234765951458
1610.3600000000001	0.000002653697846356454
1610.365	0.0000026028869025906333
1610.37	0.000002547879121131008
1610.375	0.0000024887821076322756
1610.3799999999999	0.000002415342237335678
1610.3849999999998	0.0000023487549716530295
1610.39	0.0000022983050690541607
1610.395	0.000002278624329194622
1610.3999999999999	0.0000022908247302289054
1610.405	0.000002323159759097413
1610.4099999999999	0.0000023523318073890157
1610.415	0.0000023778524216625964
1610.42	0.000002396896434460743
1610.425	0.0000024114166352368162
1610.4299999999998	0.0000024068881491557426
1610.435	0.000002378571107787563
1610.4399999999998	0.0000023280870406689415
1610.445	0.000002266489755674891
1610.45	0.000002199491404552919
1610.455	0.000002139509539445512
1610.46	0.000002099491266071394
1610.465	0.0000020785138331264813
1610.4699999999998	0.000002066791408298351
1610.4750000000001	0.00000205310558007031
1610.48	0.0000020482474692372695
1610.485	0.0000020556386903356273
1610.49	0.0000020718267583346717
1610.495	0.00000209257095264219
1610.4999999999998	0.000002105013565121728
1610.505	0.0000021156935775229457
1610.51	0.0000021253113797587214
1610.5149999999999	0.000002134386097206809
1610.52	0.000002132546522684258
1610.5249999999999	0.0000021219825690892264
1610.53	0.0000021045504630963425
1610.535	0.0000020858186395666167
1610.54	0.0000020701370537787857
1610.5449999999998	0.0000020600759716527547
1610.55	0.000002052474203128178
1610.5549999999998	0.000002036276966112006
1610.56	0.0000020106198980037395
1610.565	0.0000019892904478294108
1610.57	0.0000019845711928520602
1610.575	0.0000019909224912027964
1610.58	0.0000019946094225909986
1610.5849999999998	0.0000020086736610894094
1610.59	0.000002041262432584285
1610.595	0.000002081092428471363
1610.6	0.0000021135417391875344
1610.605	0.0000021460811085133466
1610.61	0.000002194635322282002
1610.6149999999998	0.0000022303071378324843
1610.6200000000001	0.000002248404079214536
1610.625	0.000002255531457787837
1610.6299999999999	0.0000022564367110415817
1610.635	0.0000022560121264153373
1610.6399999999999	0.0000022574242366101924
1610.645	0.000002262439174611452
1610.65	0.000002266314199721082
1610.655	0.0000022699426653360016
1610.6599999999999	0.000002277112851972921
1610.665	0.0000022878478700514693
1610.6699999999998	0.0000022988141065340264
1610.675	0.00000231332837464568
1610.68	0.0000023275004626651207
1610.685	0.0000023431249410064444
1610.69	0.0000023561294059176234
1610.695	0.0000023636978298861735
1610.6999999999998	0.000002366738527449098
1610.705	0.00000236393624649184
1610.71	0.0000023542905191108475
1610.715	0.00000234160036128564
1610.72	0.000002318260518805103
1610.725	0.0000022813922797285334
1610.7299999999998	0.000002239594272954918
1610.735	0.0000022012420905868373
1610.74	0.0000021658646479000416
1610.745	0.000002146655572945421
1610.75	0.0000021379168307351913
1610.7549999999999	0.0000021306606722883714
1610.76	0.0000021222387125366843
1610.7649999999999	0.0000021184367676522132
1610.77	0.000002108369221758561
1610.775	0.0000020843120667869623
1610.78	0.0000020500040709763406
1610.7849999999999	0.0000020248704593091335
1610.79	0.0000020016825361165433
1610.795	0.0000019713851586436417
1610.8	0.0000019394407680606667
1610.805	0.0000019152598090567587
1610.81	0.000001909155728147668
1610.8149999999998	0.000001913947884192242
1610.82	0.0000019239455842903405
1610.825	0.0000019371383392194157
1610.83	0.0000019506846274935407
1610.835	0.0000019732969213039328
1610.84	0.0000019963107633901277
1610.8449999999998	0.000002020145823858526
1610.85	0.0000020466811839878275
1610.855	0.0000020681738640252314
1610.86	0.0000020895169373625542
1610.865	0.0000021098482528031374
1610.87	0.0000021242828979414634
1610.875	0.0000021293479682954773
1610.8799999999999	0.0000021247170986075926
1610.885	0.000002107266301676461
1610.89	0.0000020788253682738856
1610.895	0.0000020440228447807866
1610.8999999999999	0.000002005136243792882
1610.905	0.0000019635563310414007
1610.9099999999999	0.0000019251927453604884
1610.915	0.000001901816509336641
1610.92	0.0000018860515679877025
1610.925	0.0000018885806031999367
1610.9299999999998	0.000001911512974157271
1610.935	0.00000195322745696681
1610.94	0.0000020056765294950154
1610.945	0.0000020687356645615964
1610.95	0.000002132809708230212
1610.955	0.0000021802470703355205
1610.9599999999998	0.0000022095424440559334
1610.965	0.0000022133752820809545
1610.97	0.0000021965462362821616
1610.975	0.0000021683526373381443
1610.98	0.000002135546584584748
1610.985	0.0000021077232649227482
1610.99	0.0000020791844763121727
1610.995	0.0000020565198440615163
1611	0.0000020387254498832025
1611.005	0.000002023119911319077
1611.01	0.0000020154961838045685
1611.0149999999999	0.0000020143313578271222
1611.02	0.000002015091496008236
1611.0249999999999	0.000002020697379163879
1611.03	0.000002032928167828565
1611.035	0.0000020532935183075046
1611.04	0.0000020938812623968514
1611.0449999999998	0.0000021663883349652414
1611.05	0.000002239435930720217
1611.0549999999998	0.000002297011247463966
1611.06	0.0000023499149434419757
1611.065	0.000002401380023731262
1611.07	0.0000024212268821454505
1611.0749999999998	0.0000024106766205043856
1611.08	0.0000023864135058603986
1611.085	0.000002350764460029061
1611.09	0.0000023098106131288813
1611.095	0.000002279796505279072
1611.1	0.00000227420840439934
1611.105	0.0000022754602340604074
1611.11	0.000002280462262230514
1611.115	0.000002302271578071168
1611.1200000000001	0.0000023298742207378275
1611.125	0.000002356499215497774
1611.1299999999999	0.0000023818281566878287
1611.135	0.00000240947076677381
1611.1399999999999	0.0000024284679769376413
1611.145	0.0000024268314634925925
1611.15	0.0000024099916472445665
1611.155	0.000002385297678318684
1611.1599999999999	0.0000023609595929708813
1611.165	0.0000023316547528492363
1611.1699999999998	0.0000022984806769372067
1611.175	0.0000022629709275489687
1611.18	0.00000222990736560561
1611.185	0.000002197144911220176
1611.1899999999998	0.000002166706664261657
1611.195	0.0000021397235224274116
1611.1999999999998	0.000002112644133210656
1611.205	0.0000020840258489033285
1611.21	0.0000020532383471377813
1611.215	0.0000020363683022530165
1611.22	0.000002032929138780541
1611.225	0.0000020385457422624842
1611.2299999999998	0.000002046316795314747
1611.2350000000001	0.0000020546651722944455
1611.24	0.000002063325227352218
1611.245	0.0000020736158588184507
1611.25	0.000002082541206731051
1611.2549999999999	0.0000020814501279849434
1611.26	0.0000020666656429315
1611.265	0.0000020299628758592715
1611.27	0.000001987255341041678
1611.2749999999999	0.0000019538579258343133
1611.28	0.0000019238379278619104
1611.2849999999999	0.0000018986035782036043
1611.29	0.000001889052044082755
1611.295	0.0000018958983963044067
1611.3	0.0000019111775584081675
1611.3049999999998	0.000001933495528238646
1611.31	0.000001959190526722079
1611.3149999999998	0.000001979716859610542
1611.32	0.0000020042385604089614
1611.325	0.00000201941599085401
1611.33	0.000002032668503483609
1611.335	0.000002043100527723516
1611.34	0.000002047315171790595
1611.3449999999998	0.0000020506960592297538
1611.3500000000001	0.0000020492009986366205
1611.355	0.000002046679655291116
1611.36	0.0000020420553032540727
1611.365	0.0000020349305620193686
1611.37	0.000002024447215508318
1611.3749999999998	0.000002010865831473295
1611.38	0.000001998457267339628
1611.385	0.0000019946694870302955
1611.3899999999999	0.00000199857346222734
1611.395	0.000002013369987752116
1611.3999999999999	0.0000020371093460476276
1611.405	0.000002063626023373577
1611.41	0.000002088364965290762
1611.415	0.000002110807149507954
1611.4199999999998	0.000002129482695340948
1611.425	0.000002136242252648028
1611.4299999999998	0.000002130823071784315
1611.435	0.0000021157409639053414
1611.44	0.0000020979981233654402
1611.445	0.0000020850677937745143
1611.45	0.0000020790095688851565
1611.455	0.000002078213268203035
1611.4599999999998	0.0000020785710733560917
1611.4650000000001	0.0000020832388520305153
1611.47	0.00000209363361052966
1611.475	0.000002109835138249386
1611.48	0.00000213276123981086
1611.485	0.0000021535146020984083
1611.4899999999998	0.0000021690340027120225
1611.4950000000001	0.0000021749961359144953
1611.5	0.000002173884444805508
1611.5049999999999	0.0000021674838453423573
1611.51	0.0000021584965198130427
1611.5149999999999	0.0000021484527249576676
1611.5199999999998	0.000002138369391921289
1611.525	0.000002125040063471579
1611.53	0.0000021043708520921613
1611.5349999999999	0.000002073368201913397
1611.54	0.0000020322205273229675
1611.5449999999998	0.000001988512401846005
1611.55	0.0000019447149986805056
1611.555	0.000001918728462974789
1611.56	0.0000018995454004966482
1611.565	0.0000018740502782938322
1611.57	0.0000018475783786979255
1611.5749999999998	0.0000018321593267780142
1611.58	0.000001831339886334706
1611.585	0.000001833875329675683
1611.59	0.0000018381054974218732
1611.595	0.000001844704719166237
1611.6	0.00000183876401180591
1611.6049999999998	0.0000018157242024629896
1611.6100000000001	0.0000018034279070737705
1611.615	0.000001799013618874808
1611.62	0.0000017785453533220973
1611.625	0.0000017473286637116782
1611.6299999999999	0.0000017346846509497381
1611.6349999999998	0.00000173466200853436
1611.64	0.000001737256054635243
1611.645	0.0000017416347641295248
1611.6499999999999	0.0000017481793608209648
1611.655	0.0000017560962512790337
1611.6599999999999	0.0000017679194887138927
1611.6649999999997	0.0000017805588987029657
1611.67	0.0000017960574565970643
1611.675	0.0000018137799268452384
1611.68	0.0000018333123043491066
1611.685	0.0000018539615600126848
1611.6899999999998	0.0000018699414076194594
1611.695	0.000001880667135907468
1611.7	0.0000018871616342581607
1611.705	0.000001887471954934356
1611.71	0.0000018797577754570643
1611.715	0.000001855974105561528
1611.7199999999998	0.0000018190258842827772
1611.725	0.000001781781158844075
1611.73	0.000001750193732788331
1611.735	0.0000017167685846195644
1611.74	0.0000016944672258477725
1611.745	0.000001682661770990204
1611.7499999999998	0.000001680924291281244
1611.755	0.0000016880349970807504
1611.76	0.0000017031800675162614
1611.765	0.0000017160531030179958
1611.77	0.0000017227742333635256
1611.7749999999999	0.000001721562757597399
1611.7799999999997	0.0000017090674016198376
1611.785	0.000001684019806485283
1611.79	0.0000016505182804174034
1611.795	0.0000016177833282372491
1611.8	0.0000015861328977797503
1611.8049999999998	0.0000015552603309658724
1611.81	0.000001525293147471181
1611.815	0.0000014993842515274473
1611.82	0.0000014814999098746468
1611.825	0.0000014716437056546024
1611.83	0.0000014699896892575415
1611.8349999999998	0.0000014754097953722207
1611.84	0.0000014867329575755958
1611.845	0.0000014997064989890533
1611.85	0.0000015150173062852754
1611.855	0.0000015344707782536395
1611.86	0.0000015549806396796354
1611.8649999999998	0.0000015862765418697816
1611.87	0.000001615162853266513
1611.875	0.0000016432131994039177
1611.88	0.0000016735134604578769
1611.885	0.0000017089240809266936
1611.8899999999999	0.0000017439291131923197
1611.8949999999998	0.0000017701480752927628
1611.8999999999999	0.0000017875509275416145
1611.905	0.0000018088961691963496
1611.91	0.0000018368535280450453
1611.915	0.000001871936326637991
1611.9199999999998	0.0000019056352649509563
1611.925	0.0000019466516893464453
1611.93	0.000002000648306990288
1611.935	0.000002062643876221908
1611.94	0.0000021194140650888653
1611.945	0.0000021608203121910357
1611.9499999999998	0.000002190878072428426
1611.955	0.000002211651178265362
1611.96	0.000002222447613575424
1611.965	0.0000022158173187947227
1611.97	0.000002193476731770497
1611.975	0.0000021685980365455747
1611.9799999999998	0.000002146145350829126
1611.985	0.0000021278786626564737
1611.99	0.0000021128635396827167
1611.9950000000001	0.0000020974023224423983
1612	0.0000020836356181617783
1612.0049999999999	0.0000020703866697227554
1612.01	0.0000020593637315305378
1612.0149999999999	0.0000020515592687614204
1612.02	0.000002044917211508524
1612.025	0.0000020456773193680546
1612.03	0.00000204997928545777
1612.0349999999999	0.000002059986531580457
1612.04	0.000002071365279508474
1612.0449999999998	0.0000020818385669121436
1612.05	0.0000020840919045801608
1612.055	0.000002071195266114912
1612.06	0.000002032842809827771
1612.0649999999998	0.000001980928511163178
1612.07	0.000001926315325302795
1612.075	0.0000018751731449698128
1612.08	0.0000018352189106817097
1612.085	0.0000018075652386481026
1612.09	0.0000017858282839017279
1612.0949999999998	0.0000017675436128336418
1612.1	0.0000017604354107588147
1612.105	0.0000017737545099450083
1612.1100000000001	0.000001804717016588559
1612.115	0.0000018422564033750292
1612.12	0.0000018698003443201317
1612.125	0.000001886792358041408
1612.1299999999999	0.000001893832534194894
1612.135	0.0000018954477090247012
1612.14	0.0000018912579317527008
1612.145	0.000001877978620095899
1612.1499999999999	0.0000018576260254711236
1612.155	0.0000018350221186560723
1612.1599999999999	0.0000018111918569556046
1612.165	0.0000017869367701280993
1612.17	0.000001757568505456917
1612.175	0.0000017305649466399528
1612.1799999999998	0.0000017058802146417323
1612.185	0.0000016852660498278184
1612.1899999999998	0.000001672127735905054
1612.195	0.0000016639503311869243
1612.2	0.0000016585780371185598
1612.205	0.0000016585779834386199
1612.2099999999998	0.0000016637607686900818
1612.215	0.0000016763229425239644
1612.22	0.000001689988217851628
1612.2250000000001	0.0000017003890177643487
1612.23	0.0000017118990368981973
1612.235	0.0000017253959233166941
1612.24	0.0000017375082253063063
1612.245	0.0000017292667353992005
1612.25	0.0000016986937153741977
1612.255	0.0000016679674305226083
1612.26	0.0000016416232725893962
1612.2649999999999	0.0000016101960673348299
1612.27	0.000001583705710654561
1612.2749999999999	0.0000015689343646972494
1612.28	0.0000015714243959520752
1612.285	0.000001593045080969168
1612.29	0.0000016265107836839235
1612.2949999999998	0.0000016567909304144366
1612.3	0.0000016831984922594151
1612.3049999999998	0.0000017098151777667683
1612.31	0.0000017299373690872241
1612.315	0.0000017535653583968224
1612.32	0.0000017687777439006393
1612.3249999999998	0.0000017766275322569381
1612.33	0.000001775733670577589
1612.3349999999998	0.000001763146505478489
1612.3400000000001	0.0000017392570567250342
1612.345	0.0000017071546189878882
1612.35	0.0000016668789585426643
1612.355	0.0000016130547065870284
1612.36	0.0000015498660724534018
1612.3649999999998	0.0000014914519716702995
1612.3700000000001	0.0000014467856295456488
1612.375	0.0000014096663945857401
1612.3799999999999	0.0000013849436001264038
1612.385	0.0000013814309946546252
1612.3899999999999	0.0000014015875173136844
1612.395	0.0000014365489992475739
1612.4	0.000001480287881504703
1612.405	0.0000015189225455271515
1612.4099999999999	0.0000015429164324053618
1612.415	0.0000015512325070490334
1612.4199999999998	0.000001550351402278206
1612.425	0.0000015370599057006671
1612.43	0.0000015088166720152131
1612.435	0.0000014738183470066064
1612.4399999999998	0.0000014491380097507233
1612.445	0.0000014367550644831774
1612.4499999999998	0.0000014307507112237035
1612.4550000000002	0.0000014329631095766477
1612.46	0.000001443884941262304
1612.465	0.0000014623052632463173
1612.47	0.0000014793710856983204
1612.475	0.0000014984052292839785
1612.4799999999998	0.0000015211359650962088
1612.4850000000001	0.0000015501714743481836
1612.49	0.0000015772832058340669
1612.495	0.0000016009596031283713
1612.5	0.0000016146538932746406
1612.5049999999999	0.0000016165459834765104
1612.5099999999998	0.0000016128289262584363
1612.515	0.0000016070904859447602
1612.52	0.0000016029484320929514
1612.5249999999999	0.0000015990893569113302
1612.53	0.0000015922056179298373
1612.5349999999999	0.0000015773961440289515
1612.54	0.000001554900310420903
1612.545	0.0000015277379373417052
1612.55	0.0000015013632540122795
1612.5549999999998	0.0000014769766276144771
1612.56	0.0000014571454595099535
1612.5649999999998	0.0000014446669764735647
1612.57	0.0000014435931849338073
1612.575	0.0000014534450623114452
1612.58	0.0000014678835121350207
1612.585	0.0000014815186193041507
1612.59	0.000001493767345855418
1612.5949999999998	0.0000015040767469634179
1612.6000000000001	0.0000015109230155163512
1612.605	0.0000015104549367322521
1612.61	0.0000014979134458006685
1612.615	0.0000014769045050968533
1612.62	0.0000014536824716546902
1612.6249999999998	0.0000014355241345404504
1612.63	0.0000014253883845234534
1612.635	0.0000014174660219391409
1612.6399999999999	0.0000014092702280878246
1612.645	0.0000014012867191731247
1612.6499999999999	0.0000013949696349017002
1612.6549999999997	0.000001392733793759859
1612.66	0.0000013979029956712632
1612.665	0.0000014064965046166794
1612.6699999999998	0.000001416449671024856
1612.675	0.0000014290253566126349
1612.6799999999998	0.000001443969729545253
1612.685	0.000001460137350794077
1612.69	0.0000014771173485650814
1612.695	0.0000014971905054053485
1612.7	0.0000015148243842751271
1612.705	0.00000151783873610136
1612.7099999999998	0.000001507547682822629
1612.715	0.0000014894968385087492
1612.72	0.0000014682488703068724
1612.725	0.0000014499962151067514
1612.73	0.0000014421897061888825
1612.735	0.0000014487917397361146
1612.7399999999998	0.0000014670291042559801
1612.7450000000001	0.0000014917183251645573
1612.75	0.000001529619959180872
1612.7549999999999	0.0000015800400264524073
1612.76	0.0000016304621520586327
1612.7649999999999	0.0000016740613582314043
1612.7699999999998	0.000001709859956090757
1612.775	0.0000017330440792009784
1612.78	0.000001736559761417728
1612.7849999999999	0.0000017195388247866315
1612.79	0.000001693371078101721
1612.7949999999998	0.0000016666379333178567
1612.8	0.000001640865079160621
1612.805	0.0000016179064464882568
1612.81	0.000001596787954085262
1612.815	0.000001577024445449477
1612.82	0.0000015614495992129234
1612.8249999999998	0.0000015535039024609236
1612.83	0.0000015545135149262153
1612.835	0.0000015612829639716528
1612.84	0.000001577305808940642
1612.845	0.000001598257432497576
1612.85	0.0000016263146277645053
1612.8549999999998	0.0000016595730876892572
1612.86	0.000001697339425810872
1612.865	0.000001733925974218601
1612.87	0.0000017597258367175127
1612.875	0.0000017746457674978568
1612.8799999999999	0.0000017771237326095186
1612.885	0.0000017679580306707347
1612.8899999999999	0.0000017513946930235331
1612.895	0.0000017211741445038713
1612.8999999999999	0.0000016860582197328675
1612.905	0.0000016525510364303363
1612.9099999999999	0.0000016277425449351124
1612.915	0.000001617085658718331
1612.92	0.0000016311948023941117
1612.925	0.0000016684041330457813
1612.93	0.0000017045039968244439
1612.935	0.0000017329897077339992
1612.9399999999998	0.0000017480603470161176
1612.945	0.0000017548953615034124
1612.95	0.0000017510131772259862
1612.955	0.0000017356442432164837
1612.96	0.0000017080481604717571
1612.965	0.000001670223994470807
1612.9699999999998	0.000001634157870250032
1612.975	0.0000015939560277680176
1612.98	0.0000015586899363764504
1612.985	0.000001528020682826924
1612.99	0.000001499605209390382
1612.995	0.0000014731254892919633
1613	0.0000014503033757868093
1613.0049999999999	0.000001433055957679232
1613.01	0.0000014204211968505327
1613.0149999999999	0.0000014134522853720234
1613.02	0.000001422011962680785
1613.0249999999999	0.0000014541637198932873
1613.03	0.0000014955324644413994
1613.0349999999999	0.000001532991543699861
1613.04	0.0000015739321908243534
1613.045	0.0000016099601854560537
1613.05	0.0000016336255436436708
1613.0549999999998	0.0000016383413778118264
1613.06	0.000001621769347619624
1613.065	0.0000015866845006689789
1613.07	0.000001534609844398606
1613.075	0.0000014866077292134356
1613.08	0.0000014527758375930478
1613.0849999999998	0.0000014240172349717502
1613.09	0.0000014011683888602671
1613.095	0.000001391794863602293
1613.1	0.0000013997355592421174
1613.105	0.0000014173333648917017
1613.11	0.000001434559916117854
1613.115	0.0000014509434829477032
1613.12	0.0000014683438797037512
1613.125	0.0000014895673458058954
1613.13	0.0000014967379857831184
1613.135	0.0000014917040806304943
1613.1399999999999	0.0000014761109075908953
1613.145	0.0000014498072842599439
1613.1499999999999	0.000001416491204774127
1613.155	0.0000013794111978327924
1613.16	0.0000013391819717867468
1613.165	0.0000012965526287685118
1613.1699999999998	0.000001255039191159885
1613.175	0.0000012150620656286163
1613.1799999999998	0.0000011747878367633066
1613.185	0.0000011329559790511776
1613.19	0.0000010942267318205944
1613.195	0.0000010668881656614187
1613.1999999999998	0.0000010532000761045721
1613.205	0.0000010533259695111675
1613.21	0.0000010657070003265323
1613.215	0.000001085534579910104
1613.22	0.0000011141391163913536
1613.225	0.000001156440935465734
1613.23	0.0000012149363074116469
1613.235	0.0000012787419889796582
1613.24	0.000001332903808348381
1613.2450000000001	0.0000013732333300687935
1613.25	0.0000013948761551307141
1613.2549999999999	0.0000013999632497515943
1613.26	0.0000013980870286185521
1613.2649999999999	0.0000013860045798725108
1613.27	0.0000013725310615959039
1613.275	0.0000013673000348250998
1613.28	0.0000013743236607188942
1613.2849999999999	0.0000013923997036898953
1613.29	0.0000014219467495347607
1613.2949999999998	0.0000014588574664835182
1613.3	0.0000014974497149245064
1613.305	0.0000015393277692144171
1613.31	0.0000015758458762696796
1613.3149999999998	0.0000016124077094352118
1613.32	0.000001653476437618579
1613.3249999999998	0.0000016918209559960141
1613.33	0.0000017329316837383224
1613.335	0.0000017686510843429921
1613.34	0.0000017990989978158765
1613.345	0.0000018042954666057303
1613.35	0.000001787695642380144
1613.3549999999998	0.000001759494815511972
1613.3600000000001	0.0000017286380249584268
1613.365	0.0000016923013675928967
1613.37	0.0000016606332293112335
1613.375	0.0000016426138445157217
1613.3799999999999	0.0000016356203495559637
1613.385	0.000001639066251045302
1613.39	0.000001658379584659389
1613.395	0.000001696317697685393
1613.3999999999999	0.000001722884959595725
1613.405	0.0000017215619945655338
1613.4099999999999	0.0000016974323537667452
1613.415	0.000001657750230881954
1613.42	0.0000016092944202060245
1613.425	0.0000015566363930314707
1613.4299999999998	0.0000015026546176297233
1613.435	0.0000014480424428536235
1613.4399999999998	0.000001396440323813814
1613.445	0.0000013534495243695898
1613.45	0.0000013254362516231909
1613.455	0.0000013074428662692631
1613.46	0.000001298019984792621
1613.465	0.0000012973624401856198
1613.4699999999998	0.0000013039411165426552
1613.4750000000001	0.0000013132901777602684
1613.48	0.00000132590248323596
1613.485	0.0000013424114192274756
1613.49	0.0000013565249295878427
1613.495	0.0000013723730674380607
1613.4999999999998	0.000001388280735756971
1613.505	0.0000014038891877695304
1613.51	0.0000014185426238155722
1613.5149999999999	0.00000143238091440247
1613.52	0.0000014466491833113433
1613.5249999999999	0.0000014588444228122073
1613.53	0.0000014663404588536945
1613.535	0.0000014697225500024413
1613.54	0.0000014671808157761196
1613.5449999999998	0.0000014652206181365362
1613.55	0.0000014658663678523164
1613.5549999999998	0.0000014668396430792742
1613.56	0.0000014694602565568087
1613.565	0.0000014721183078632266
1613.57	0.0000014818976950717993
1613.575	0.0000015025681243897353
1613.58	0.000001521232583069256
1613.5849999999998	0.0000015217769312858413
1613.5900000000001	0.0000015061646182698362
1613.595	0.0000014821891312713434
1613.6	0.000001452102173323874
1613.605	0.0000014150284821370294
1613.61	0.0000013724999346349935
1613.6149999999998	0.000001334883103647662
1613.6200000000001	0.000001299980955437775
1613.625	0.000001269424978317564
1613.6299999999999	0.0000012437936736053485
1613.635	0.0000012209656470513686
1613.6399999999999	0.0000012083219065909734
1613.6449999999998	0.0000012030696074422231
1613.65	0.0000012024439171905615
1613.655	0.0000012068940103357125
1613.6599999999999	0.00000121547952598953
1613.665	0.0000012265869795684708
1613.6699999999998	0.0000012403634589382195
1613.675	0.000001258841296580393
1613.68	0.0000012936878195283114
1613.685	0.0000013395962868999343
1613.69	0.0000013849119200457316
1613.695	0.0000014167439678552583
1613.6999999999998	0.0000014409927655177721
1613.705	0.0000014507081107494858
1613.71	0.0000014337498352516886
1613.715	0.0000013954978758841603
1613.72	0.000001353699764721069
1613.725	0.000001324686595974891
1613.7299999999998	0.0000013026266676379512
1613.7350000000001	0.0000012840001790564613
1613.74	0.0000012751306706242215
1613.745	0.0000012820971723298735
1613.75	0.0000013013619773815851
1613.7549999999999	0.0000013275748299590472
1613.7599999999998	0.0000013547949891663573
1613.765	0.0000013758282013163943
1613.77	0.0000013885467463734861
1613.7749999999999	0.0000013925804027839293
1613.78	0.000001384972038431093
1613.7849999999999	0.000001369749805249313
1613.7899999999997	0.0000013522752500348787
1613.795	0.0000013336841932219857
1613.8	0.0000013145782588792649
1613.805	0.0000012985890035196759
1613.81	0.000001282382841664055
1613.8149999999998	0.0000012665451712896435
1613.82	0.0000012526707989529043
1613.825	0.000001247582528917846
1613.83	0.0000012532120544582802
1613.835	0.0000012671557783400454
1613.84	0.000001286699390942306
1613.8449999999998	0.0000013075050647867764
1613.85	0.0000013280148268041403
1613.855	0.0000013525590305896914
1613.86	0.0000013893791750710258
1613.865	0.000001440171108391771
1613.87	0.000001485165179435322
1613.8749999999998	0.0000015222161336030383
1613.88	0.0000015466463481769618
1613.885	0.0000015583440694939092
1613.8899999999999	0.0000015583620794235268
1613.895	0.0000015515847424505457
1613.8999999999999	0.0000015366693371574013
1613.9049999999997	0.000001513504175734668
1613.91	0.0000014998064423685122
1613.915	0.000001510008998148123
1613.92	0.0000015346028231606805
1613.925	0.0000015631123571376045
1613.9299999999998	0.0000015914488134302477
1613.935	0.0000016171188380630176
1613.94	0.0000016439485328640925
1613.945	0.0000016619730609349101
1613.95	0.0000016655293668567588
1613.955	0.0000016518273981278616
1613.9599999999998	0.0000016254091605488904
1613.965	0.0000015923401762339357
1613.97	0.0000015577328169359131
1613.975	0.0000015218002647645392
1613.98	0.000001473852528709973
1613.985	0.0000014182219421215084
1613.9899999999998	0.0000013530748031833123
1613.995	0.0000012862540862210233
1614	0.0000012253920107836245
1614.005	0.0000011826338353179865
1614.01	0.0000011478171221798068
1614.0149999999999	0.000001120573217513478
1614.0199999999998	0.000001111554699255702
1614.0249999999999	0.000001120566493269292
1614.03	0.0000011364195303401713
1614.035	0.0000011622341025001993
1614.04	0.000001194170151981747
1614.0449999999998	0.0000012210954177518197
1614.05	0.0000012466577295498817
1614.055	0.0000012736177149562128
1614.06	0.0000012856205002644512
1614.065	0.0000012765487640615014
1614.07	0.0000012626868384030902
1614.0749999999998	0.0000012545932179215876
1614.08	0.0000012525875280132602
1614.085	0.0000012522013710473168
1614.09	0.000001252057245475624
1614.095	0.0000012617334837600473
1614.1	0.0000012775885430752651
1614.1049999999998	0.0000012973041571060077
1614.11	0.0000013188708404516745
1614.115	0.000001340571317160718
1614.1200000000001	0.0000013664144741524034
1614.125	0.000001389238061481822
1614.1299999999999	0.0000014069129065684174
1614.1349999999998	0.0000014146365491691985
1614.1399999999999	0.0000014146013834125544
1614.145	0.0000014144658278684665
1614.15	0.0000014149880428944941
1614.155	0.000001414956984819939
1614.1599999999999	0.0000014120768540345228
1614.165	0.0000014005693904933858
1614.1699999999998	0.0000013844304781930632
1614.175	0.0000013643332649484067
1614.18	0.000001344613881414914
1614.185	0.0000013248547981924638
1614.1899999999998	0.0000013139400971490076
1614.195	0.0000013072068831193641
1614.2	0.0000013069268057247066
1614.205	0.000001313258479132999
1614.21	0.000001324808037207222
1614.215	0.0000013328654082143905
1614.2199999999998	0.0000013435396661804028
1614.225	0.0000013524766317838816
1614.23	0.0000013561103348331992
1614.2350000000001	0.000001348472471911907
1614.24	0.000001330298519630149
1614.245	0.0000013047841482707955
1614.25	0.0000012718753939523042
1614.2549999999999	0.0000012381856411170508
1614.26	0.000001208957472958862
1614.265	0.0000011869761564457254
1614.27	0.0000011744856366631562
1614.2749999999999	0.0000011728350851819189
1614.28	0.000001179895820102956
1614.2849999999999	0.0000011883992228205334
1614.29	0.0000012000942527127404
1614.295	0.000001209626902851395
1614.3	0.0000012187756810266966
1614.3049999999998	0.000001227418747814754
1614.31	0.0000012346690853720052
1614.3149999999998	0.0000012414094685338066
1614.32	0.0000012461755322971817
1614.325	0.0000012460268417152817
1614.33	0.0000012402646018996458
1614.3349999999998	0.0000012281341280050418
1614.34	0.000001204784355263619
1614.345	0.0000011634478723792206
1614.3500000000001	0.0000011143317936563488
1614.355	0.0000010741699480755048
1614.36	0.000001050624048198276
1614.365	0.0000010394619016771388
1614.37	0.000001038302692246095
1614.375	0.0000010561175327585392
1614.38	0.0000010888874367015335
1614.385	0.0000011278526142635756
1614.3899999999999	0.00000116329338893825
1614.395	0.0000011980667611332711
1614.3999999999999	0.000001225227599320998
1614.405	0.0000012229090271982718
1614.41	0.0000011852729818167545
1614.415	0.0000011319797067153767
1614.4199999999998	0.0000010771437410783251
1614.425	0.0000010256509216115816
1614.4299999999998	9.79132130663541e-7
1614.435	9.402427917769612e-7
1614.44	9.105892863676093e-7
1614.445	8.910334581989113e-7
1614.4499999999998	8.805701019654179e-7
1614.455	8.780153450735297e-7
1614.4599999999998	8.851131933085309e-7
1614.4650000000001	9.018970620153436e-7
1614.47	9.248890728104479e-7
1614.475	9.527310480206706e-7
1614.48	9.858211917838543e-7
1614.485	0.0000010262311782506077
1614.4899999999998	0.0000010639948558871306
1614.4950000000001	0.0000011031561224903306
1614.5	0.0000011371679728997493
1614.5049999999999	0.0000011695581418458146
1614.51	0.000001192032947551142
1614.5149999999999	0.0000012068173523438828
1614.52	0.0000012121923678313624
1614.525	0.0000012046225069800472
1614.53	0.0000011841760075257198
1614.5349999999999	0.0000011509563092489128
1614.54	0.0000011124209692620183
1614.5449999999998	0.0000010821234943686655
1614.55	0.0000010678569827409588
1614.555	0.0000010721198560781635
1614.56	0.000001096595085425938
1614.5649999999998	0.0000011313619114582525
1614.57	0.0000011619763155097635
1614.5749999999998	0.0000012002897220927606
1614.5800000000002	0.00000124575227478981
1614.585	0.0000012861128604607314
1614.59	0.0000013011892061844534
1614.595	0.000001293272129354245
1614.6	0.0000012723582402793729
1614.6049999999998	0.0000012451137905513208
1614.6100000000001	0.000001216771139214076
1614.615	0.0000011898094271059403
1614.62	0.0000011615226776945753
1614.625	0.0000011421701959651282
1614.6299999999999	0.00000112220179518396
1614.6349999999998	0.0000011051771209693668
1614.64	0.0000010892402893776772
1614.645	0.000001075708796005283
1614.6499999999999	0.000001066551730716882
1614.655	0.0000010619076732144333
1614.6599999999999	0.0000010722220722053501
1614.665	0.0000011018625014275213
1614.67	0.0000011436074565658075
1614.675	0.000001191359368395911
1614.6799999999998	0.0000012537116484944899
1614.685	0.000001320316679709322
1614.6899999999998	0.000001373164515547784
1614.695	0.000001409099952883195
1614.7	0.0000014296693039933636
1614.705	0.000001430809535097279
1614.71	0.0000014092191503525739
1614.715	0.0000013726861151860312
1614.7199999999998	0.0000013327937303231254
1614.7250000000001	0.0000013025154302716588
1614.73	0.0000012849336984762242
1614.735	0.000001278766560554972
1614.74	0.000001280919951244627
1614.745	0.000001290331282453782
1614.7499999999998	0.0000013080779754577646
1614.755	0.0000013287788615861732
1614.76	0.0000013459943884658813
1614.7649999999999	0.0000013546509638924212
1614.77	0.0000013485970523324875
1614.7749999999999	0.0000013289740875173404
1614.7799999999997	0.0000013032623901361703
1614.785	0.000001273707694330796
1614.79	0.0000012443791651829996
1614.7949999999998	0.0000012116338528503137
1614.8	0.0000011750025001579673
1614.8049999999998	0.0000011354700468578008
1614.81	0.0000010968299627976326
1614.815	0.0000010615042411907096
1614.82	0.0000010337599118759315
1614.825	0.000001012114680610615
1614.83	0.0000010000263612272657
1614.8349999999998	9.945822950409208e-7
1614.84	9.92785806774953e-7
1614.845	9.986941467754494e-7
1614.85	0.000001014781084105213
1614.855	0.000001037735320174055
1614.86	0.000001066479158521526
1614.8649999999998	0.0000010947309589286032
1614.8700000000001	0.0000011151954939036395
1614.875	0.0000011168140332556778
1614.8799999999999	0.0000010987008511510901
1614.885	0.000001061706476662673
1614.8899999999999	0.0000010135482216962368
1614.8949999999998	9.571735081260973e-7
1614.9	9.052992887803294e-7
1614.905	8.68228765112578e-7
1614.9099999999999	8.513490678523061e-7
1614.915	8.474943000063532e-7
1614.9199999999998	8.550163976197009e-7
1614.925	8.722423031433209e-7
1614.93	8.957507462447095e-7
1614.935	9.239308641292835e-7
1614.94	9.542155382572678e-7
1614.945	9.809646973891659e-7
1614.9499999999998	0.000001011073519491146
1614.955	0.0000010357433685204269
1614.96	0.0000010616947026309997
1614.965	0.0000010806906996234695
1614.97	0.00000109103191622371
1614.975	0.000001091234546873256
1614.9799999999998	0.0000010779848129762464
1614.985	0.0000010486040441319299
1614.99	0.0000010050505972980774
1614.995	9.50912777560994e-7
1615	9.024771799631951e-7
1615.0049999999999	8.621709975106542e-7
1615.0099999999998	8.321340705461003e-7
1615.0149999999999	8.171235145916567e-7
1615.02	8.145434278286946e-7
1615.0249999999999	8.228746892686681e-7
1615.03	8.375123931578757e-7
1615.0349999999999	8.574143831461779e-7
1615.04	8.8270270877325e-7
1615.045	9.066341580639233e-7
1615.05	9.221114449811327e-7
1615.055	9.256964075851217e-7
1615.06	9.17166066238892e-7
1615.0649999999998	9.014119359228168e-7
1615.07	8.846580433153039e-7
1615.075	8.696517661154214e-7
1615.08	8.543200771341528e-7
1615.085	8.418957996319012e-7
1615.09	8.364650632546056e-7
1615.0949999999998	8.387075960734147e-7
1615.1	8.49920002864086e-7
1615.105	8.633827964806415e-7
1615.11	8.770008434180547e-7
1615.115	8.90368414318382e-7
1615.12	9.041380558298775e-7
1615.125	9.2156459402536e-7
1615.1299999999999	9.392153923320909e-7
1615.135	9.568708040432093e-7
1615.1399999999999	9.732544036963034e-7
1615.145	9.836969501179448e-7
1615.1499999999999	9.863645217201971e-7
1615.155	9.808991322625104e-7
1615.1599999999999	9.668712148191298e-7
1615.165	9.44117061047655e-7
1615.17	9.164209107011608e-7
1615.175	8.880772351766896e-7
1615.1799999999998	8.602575275098318e-7
1615.185	8.341282702247704e-7
1615.19	8.150069544132925e-7
1615.195	8.037529577239967e-7
1615.2	8.019496757937298e-7
1615.205	8.091687827913065e-7
1615.2099999999998	8.219366427406391e-7
1615.215	8.404092369021405e-7
1615.22	8.692879795225381e-7
1615.225	9.106822420991659e-7
1615.23	9.43310130341017e-7
1615.235	9.57904757913616e-7
1615.24	9.531246886455112e-7
1615.245	9.416502546639955e-7
1615.25	9.265179868888101e-7
1615.2549999999999	9.076921578070784e-7
1615.26	8.864346236525898e-7
1615.2649999999999	8.661987509087696e-7
1615.27	8.499918541434377e-7
1615.2749999999999	8.388120626692697e-7
1615.28	8.306533367327193e-7
1615.285	8.286135538941037e-7
1615.29	8.285933132977193e-7
1615.2949999999998	8.310936471393785e-7
1615.3	8.39507092028587e-7
1615.3049999999998	8.538121506548191e-7
1615.31	8.789912933367729e-7
1615.315	9.106566288307909e-7
1615.32	9.51938502189989e-7
1615.3249999999998	9.956675194102135e-7
1615.33	0.0000010354526593526325
1615.335	0.000001065543160719016
1615.34	0.000001074837640953263
1615.345	0.0000010632051202067347
1615.35	0.0000010404365058558508
1615.355	0.0000010096433946716039
1615.36	9.833837374771023e-7
1615.365	9.725682485340863e-7
1615.3700000000001	9.718507546624848e-7
1615.375	9.779461687312615e-7
1615.3799999999999	9.947346994013322e-7
1615.385	0.0000010282511471543032
1615.3899999999999	0.0000010735005815562606
1615.395	0.0000011187663689202346
1615.4	0.0000011551643887066243
1615.405	0.000001186086630497707
1615.4099999999999	0.000001206873778053876
1615.415	0.0000012115060822532158
1615.4199999999998	0.0000012007548335830293
1615.425	0.0000011784161803231478
1615.43	0.0000011548516056932105
1615.435	0.0000011336378576394214
1615.4399999999998	0.0000011128807386754293
1615.445	0.0000010947759810327756
1615.4499999999998	0.0000010809915566713488
1615.455	0.0000010716012133536717
1615.46	0.0000010698206762359405
1615.465	0.0000010721329413217114
1615.47	0.0000010779020140436215
1615.475	0.000001089817072886853
1615.48	0.00000111248878604739
1615.4850000000001	0.0000011454036691402008
1615.49	0.0000011815030952719426
1615.495	0.0000012132556617578998
1615.5	0.000001238323897637989
1615.5049999999999	0.0000012561143706653532
1615.51	0.0000012639176074621108
1615.515	0.0000012562987750634208
1615.52	0.000001225406331451335
1615.5249999999999	0.0000011771898335700013
1615.53	0.0000011169892977225527
1615.5349999999999	0.0000010556519597348928
1615.54	0.0000010006508740241084
1615.545	9.548825349986168e-7
1615.55	9.18632063435626e-7
1615.5549999999998	8.974180623280019e-7
1615.56	8.951132789725694e-7
1615.5649999999998	9.057762298365292e-7
1615.57	9.188120630084838e-7
1615.575	9.296299316512575e-7
1615.58	9.338426993672274e-7
1615.585	9.314338952786777e-7
1615.59	9.227773515026435e-7
1615.5949999999998	9.082802729212572e-7
1615.6000000000001	8.903938649359566e-7
1615.605	8.659592819026575e-7
1615.61	8.399701972068716e-7
1615.615	8.068223228073271e-7
1615.62	7.741006812857966e-7
1615.6249999999998	7.384819474312058e-7
1615.63	7.013971887683889e-7
1615.635	6.625981558422721e-7
1615.6399999999999	6.285767209183303e-7
1615.645	5.996605145598437e-7
1615.6499999999999	5.739274280575094e-7
1615.655	5.592612740238926e-7
1615.66	5.531784198953274e-7
1615.665	5.575988172103609e-7
1615.6699999999998	5.72021174736086e-7
1615.675	6.031755754921574e-7
1615.6799999999998	6.348770584450988e-7
1615.685	6.698967894084924e-7
1615.69	7.07720460630653e-7
1615.695	7.479899616784578e-7
1615.7	7.812553413613649e-7
1615.705	7.984641237210003e-7
1615.7099999999998	8.014983442148695e-7
1615.7150000000001	7.916137757580718e-7
1615.72	7.752387095640892e-7
1615.725	7.54555280693967e-7
1615.73	7.349443527802407e-7
1615.735	7.210114408819051e-7
1615.7399999999998	7.16540247573933e-7
1615.7450000000001	7.194495302004513e-7
1615.75	7.249244082895494e-7
1615.7549999999999	7.31742785280992e-7
1615.76	7.391063904314735e-7
1615.7649999999999	7.508958315118904e-7
1615.7699999999998	7.613365151074543e-7
1615.775	7.708809001714049e-7
1615.78	7.797230787699123e-7
1615.7849999999999	7.83762078728823e-7
1615.79	7.842034341568468e-7
1615.7949999999998	7.82786736697585e-7
1615.8	7.790352450904229e-7
1615.805	7.719052534455712e-7
1615.81	7.610891600712979e-7
1615.815	7.465300087864504e-7
1615.82	7.27981198564755e-7
1615.8249999999998	7.105046618658561e-7
1615.83	6.976148071076814e-7
1615.835	6.910393996005602e-7
1615.84	6.906789498744173e-7
1615.845	6.994291635146879e-7
1615.85	7.191196967757777e-7
1615.8549999999998	7.413106423930249e-7
1615.8600000000001	7.64839818533816e-7
1615.865	7.856201172018937e-7
1615.87	8.040709866479613e-7
1615.875	8.139295441862524e-7
1615.8799999999999	8.108754839626852e-7
1615.8849999999998	7.973702527432787e-7
1615.89	7.764810604644092e-7
1615.895	7.528237909625693e-7
1615.8999999999999	7.295262695301502e-7
1615.905	7.11662320470722e-7
1615.9099999999999	7.017019690539647e-7
1615.9149999999997	6.998769315060436e-7
1615.92	7.056459803040296e-7
1615.925	7.17566386739505e-7
1615.93	7.348201095564206e-7
1615.935	7.562490535395001e-7
1615.9399999999998	7.77232587092172e-7
1615.945	8.005544094034587e-7
1615.95	8.231589331546044e-7
1615.955	8.512227616751762e-7
1615.96	8.764425209134368e-7
1615.965	9.056688598165489e-7
1615.9699999999998	9.312169997920423e-7
1615.975	9.477326295661125e-7
1615.98	9.439999633784871e-7
1615.985	9.231260791387867e-7
1615.99	8.893297473343711e-7
1615.995	8.513674962895512e-7
1615.9999999999998	8.202712029575554e-7
1616.005	7.934018775838255e-7
1616.01	7.754836372700154e-7
1616.0149999999999	7.701971753704129e-7
1616.02	7.807788055351404e-7
1616.0249999999999	8.006515206942839e-7
1616.0299999999997	8.247507981717384e-7
1616.035	8.534516694750913e-7
1616.04	8.80185858836232e-7
1616.045	8.98717437775396e-7
1616.05	9.045018043918591e-7
1616.0549999999998	8.979364493376265e-7
1616.06	8.851173359446397e-7
1616.065	8.649951209393343e-7
1616.07	8.409081213689721e-7
1616.075	8.148308877420692e-7
1616.08	7.912584622580344e-7
1616.0849999999998	7.751504332069696e-7
1616.09	7.648313413011518e-7
1616.095	7.598066330118831e-7
1616.1	7.582766100653658e-7
1616.105	7.59208920982105e-7
1616.11	7.624882178161611e-7
1616.1149999999998	7.693791166574613e-7
1616.12	7.797764043261004e-7
1616.125	7.931613191089181e-7
1616.1299999999999	8.097798124861846e-7
1616.135	8.289735864308614e-7
1616.1399999999999	8.474392506046035e-7
1616.1449999999998	8.618418170781164e-7
1616.1499999999999	8.696700369924475e-7
1616.155	8.690440173295593e-7
1616.16	8.587430730627063e-7
1616.165	8.369967288469643e-7
1616.1699999999998	8.077383294686376e-7
1616.175	7.736912890271406e-7
1616.18	7.45318926469688e-7
1616.185	7.194268069640155e-7
1616.19	6.978108196746916e-7
1616.195	6.802175028654219e-7
1616.1999999999998	6.770407286367775e-7
1616.205	6.867777237894924e-7
1616.21	7.050927929974371e-7
1616.215	7.319023953837721e-7
1616.22	7.644410366639675e-7
1616.225	7.958069769202141e-7
1616.2299999999998	8.233372257775514e-7
1616.235	8.420891361958523e-7
1616.24	8.562778001051677e-7
1616.2450000000001	8.644175936022852e-7
1616.25	8.665990129028988e-7
1616.2549999999999	8.636240201718145e-7
1616.2599999999998	8.561712795250268e-7
1616.2649999999999	8.469966254141072e-7
1616.27	8.362427428257624e-7
1616.275	8.253588641095671e-7
1616.28	8.129166044874271e-7
1616.2849999999999	8.019635815002021e-7
1616.29	7.936801436520089e-7
1616.2949999999998	7.887990716172495e-7
1616.3	7.906153126999115e-7
1616.305	7.975305700717859e-7
1616.31	8.10746132345124e-7
1616.3149999999998	8.322291557593349e-7
1616.32	8.619187637715173e-7
1616.325	8.919143319436812e-7
1616.33	9.161086785629405e-7
1616.335	9.232193099876306e-7
1616.34	9.133906589427463e-7
1616.3449999999998	8.866706729792454e-7
1616.35	8.489338461427614e-7
1616.355	8.075866261173264e-7
1616.3600000000001	7.722157741247266e-7
1616.365	7.437125881691227e-7
1616.37	7.21035058474036e-7
1616.3749999999998	7.076143286299833e-7
1616.3799999999999	7.101484269406517e-7
1616.385	7.222107070128914e-7
1616.39	7.379625498296298e-7
1616.395	7.542667626946122e-7
1616.3999999999999	7.698451600482762e-7
1616.405	7.90550834608264e-7
1616.4099999999999	8.063277583858999e-7
1616.415	8.141760540833731e-7
1616.42	8.118102474376993e-7
1616.425	7.997504854946176e-7
1616.4299999999998	7.863509596741275e-7
1616.435	7.70233060081853e-7
1616.4399999999998	7.513197082829866e-7
1616.445	7.329933900422107e-7
1616.45	7.10638911380754e-7
1616.455	6.910756940458972e-7
1616.4599999999998	6.734105809443397e-7
1616.465	6.605906482641931e-7
1616.47	6.512124997325971e-7
1616.4750000000001	6.426154020135639e-7
1616.48	6.355095324516217e-7
1616.485	6.373034306370761e-7
1616.49	6.482532463810238e-7
1616.495	6.648819698891618e-7
1616.5	6.794295493538295e-7
1616.505	6.962861855375322e-7
1616.51	7.170190118236379e-7
1616.5149999999999	7.386042567744541e-7
1616.52	7.455184849161438e-7
1616.5249999999999	7.315707443372506e-7
1616.53	7.091499335604678e-7
1616.535	6.864324349687708e-7
1616.54	6.644554701699996e-7
1616.5449999999998	6.437838021548554e-7
1616.55	6.281649676485244e-7
1616.5549999999998	6.19340824854578e-7
1616.56	6.171194146834298e-7
1616.565	6.209419902071199e-7
1616.57	6.321572930929429e-7
1616.5749999999998	6.451317105370403e-7
1616.58	6.607671584184651e-7
1616.5849999999998	6.764469081872312e-7
1616.5900000000001	6.919086661883593e-7
1616.595	7.076781163689621e-7
1616.6	7.226414664502261e-7
1616.605	7.380511871452323e-7
1616.61	7.539742186813084e-7
1616.6149999999998	7.667137735963859e-7
1616.6200000000001	7.734839342348668e-7
1616.625	7.766310610517892e-7
1616.6299999999999	7.764420651030368e-7
1616.635	7.673731385574129e-7
1616.6399999999999	7.518849478446293e-7
1616.645	7.393814023209901e-7
1616.65	7.355273893241741e-7
1616.655	7.421552940420796e-7
1616.6599999999999	7.552107342799594e-7
1616.665	7.742838061389751e-7
1616.6699999999998	7.958004333865096e-7
1616.675	8.189324737717369e-7
1616.68	8.419355234898967e-7
1616.685	8.600502121689201e-7
1616.6899999999998	8.646502497086669e-7
1616.695	8.528325029276487e-7
1616.6999999999998	8.292283230263315e-7
1616.7050000000002	8.037943676927644e-7
1616.71	7.743961011745306e-7
1616.715	7.441800318450535e-7
1616.72	7.185342269704442e-7
1616.725	7.032211266879515e-7
1616.7299999999998	6.974894807767795e-7
1616.7350000000001	6.975237160553327e-7
1616.74	7.016641214173055e-7
1616.745	7.103416510902247e-7
1616.75	7.226629081602317e-7
1616.7549999999999	7.384900653301192e-7
1616.7599999999998	7.58034497434352e-7
1616.765	7.755320556580138e-7
1616.77	7.954366494228071e-7
1616.7749999999999	8.160087878363996e-7
1616.78	8.338887160920081e-7
1616.7849999999999	8.471598492733307e-7
1616.79	8.548255903310379e-7
1616.795	8.548102878310252e-7
1616.8	8.480924492946602e-7
1616.8049999999998	8.341311210934286e-7
1616.81	8.142971145664892e-7
1616.8149999999998	7.88607467707312e-7
1616.82	7.56688659981702e-7
1616.825	7.248960876352272e-7
1616.83	6.948406048186117e-7
1616.835	6.742549530610942e-7
1616.84	6.639178888666188e-7
1616.8449999999998	6.649095157319835e-7
1616.8500000000001	6.766998827177919e-7
1616.855	6.984300367762248e-7
1616.86	7.26071479756941e-7
1616.865	7.50004007308591e-7
1616.87	7.774605485921639e-7
1616.8749999999998	8.042020469228659e-7
1616.88	8.242211733089837e-7
1616.885	8.271767454999526e-7
1616.8899999999999	8.16656334347056e-7
1616.895	7.995607627658148e-7
1616.8999999999999	7.813839106456562e-7
1616.9049999999997	7.663774776504972e-7
1616.91	7.562766749250183e-7
1616.915	7.488754657774873e-7
1616.9199999999998	7.43521433853901e-7
1616.925	7.387849858910314e-7
1616.9299999999998	7.344816970559304e-7
1616.935	7.309017149520375e-7
1616.94	7.295954560504474e-7
1616.945	7.336139889590465e-7
1616.95	7.430680294742249e-7
1616.955	7.615976822602948e-7
1616.9599999999998	7.809000977622141e-7
1616.965	7.953206866063653e-7
1616.97	8.001480530160403e-7
1616.975	7.958023399213675e-7
1616.98	7.829053162387379e-7
1616.985	7.605344145974701e-7
1616.9899999999998	7.342100339233003e-7
1616.9950000000001	7.000876985969584e-7
1617	6.739122798060914e-7
1617.0049999999999	6.539139364564842e-7
1617.01	6.433151288376774e-7
1617.0149999999999	6.397058570003494e-7
1617.0199999999998	6.435975746607154e-7
1617.025	6.566185071405955e-7
1617.03	6.784274297914863e-7
1617.0349999999999	6.983471514332362e-7
1617.04	7.135528907584134e-7
1617.0449999999998	7.239003280738789e-7
1617.05	7.293811690325566e-7
1617.055	7.290234265121469e-7
1617.06	7.182365306207742e-7
1617.065	7.040696742578262e-7
1617.07	6.8678174239531e-7
1617.0749999999998	6.674442311116715e-7
1617.08	6.4902696340091e-7
1617.085	6.303757902667284e-7
1617.09	6.130359799254979e-7
1617.095	5.981343666687669e-7
1617.1	5.868986784319167e-7
1617.1049999999998	5.805505511508085e-7
1617.11	5.76717680621955e-7
1617.115	5.735237585968873e-7
1617.12	5.710477661975666e-7
1617.125	5.744951385065023e-7
1617.1299999999999	5.843334756385534e-7
1617.1349999999998	5.997175445393329e-7
1617.14	6.14480526589373e-7
1617.145	6.258943125003532e-7
1617.1499999999999	6.296355504665446e-7
1617.155	6.336731132104546e-7
1617.1599999999999	6.336253720623155e-7
1617.165	6.24959912389759e-7
1617.17	6.073371178876677e-7
1617.175	5.859834546908282e-7
1617.18	5.662858852026262e-7
1617.185	5.503787518535834e-7
1617.1899999999998	5.417697665198528e-7
1617.195	5.427468507773632e-7
1617.2	5.506131640092111e-7
1617.205	5.613563467643445e-7
1617.21	5.741783631558459e-7
1617.215	5.896453857719758e-7
1617.2199999999998	6.07549644615428e-7
1617.225	6.239203565575032e-7
1617.23	6.340492928773143e-7
1617.235	6.41751210804637e-7
1617.24	6.467151413449926e-7
1617.245	6.498965710508391e-7
1617.2499999999998	6.511253085853501e-7
1617.2549999999999	6.476978916479122e-7
1617.26	6.392286474299544e-7
1617.2649999999999	6.265362503077256e-7
1617.27	6.092970913126656e-7
1617.2749999999999	5.943604012374297e-7
1617.28	5.844714214272332e-7
1617.2849999999999	5.769571991568521e-7
1617.29	5.712835982867408e-7
1617.295	5.74186568109927e-7
1617.3	5.902148864359048e-7
1617.3049999999998	6.117762398299426e-7
1617.31	6.38945116984408e-7
1617.315	6.750508227529487e-7
1617.32	7.104154384785909e-7
1617.325	7.346186761388662e-7
1617.33	7.420944437882842e-7
1617.3349999999998	7.35037838912284e-7
1617.34	7.196818928392566e-7
1617.345	6.989993826591139e-7
1617.35	6.737333137889867e-7
1617.355	6.481064183311525e-7
1617.36	6.301578805670243e-7
1617.365	6.214944188240994e-7
1617.37	6.203597864313887e-7
1617.375	6.265942857334302e-7
1617.3799999999999	6.406924315828708e-7
1617.385	6.661637953211884e-7
1617.3899999999999	6.927493172597331e-7
1617.395	7.190877708266691e-7
1617.3999999999999	7.446616538441969e-7
1617.405	7.688610675582027e-7
1617.41	7.901447218340007e-7
1617.415	8.078423233128198e-7
1617.4199999999998	8.194915898174924e-7
1617.425	8.207898201578986e-7
1617.4299999999998	8.101836906441327e-7
1617.435	7.931515383681659e-7
1617.44	7.674177631583515e-7
1617.445	7.367190794904887e-7
1617.4499999999998	7.038505897389442e-7
1617.455	6.710981395201911e-7
1617.46	6.381575698532201e-7
1617.465	6.139652193489498e-7
1617.47	5.96856136435705e-7
1617.475	5.871748210840796e-7
1617.48	5.835861746746062e-7
1617.485	5.887114637909083e-7
1617.49	6.022455027528616e-7
1617.495	6.284947880329811e-7
1617.5	6.666121036624905e-7
1617.5049999999999	7.152041690640705e-7
1617.51	7.664182566017339e-7
1617.5149999999999	8.147110806199349e-7
1617.52	8.516153786159714e-7
1617.525	8.712125367474097e-7
1617.53	8.694764890961928e-7
1617.5349999999999	8.522633807009644e-7
1617.54	8.241503747370975e-7
1617.5449999999998	7.967987339429568e-7
1617.55	7.748976390511065e-7
1617.555	7.579758884467167e-7
1617.56	7.45513947313739e-7
1617.5649999999998	7.343746403538503e-7
1617.57	7.264180065997824e-7
1617.5749999999998	7.209602212381329e-7
1617.58	7.17771875374905e-7
1617.585	7.164516661335573e-7
1617.59	7.164573163175126e-7
1617.595	7.170806723460415e-7
1617.6	7.190734600156183e-7
1617.605	7.225948346758036e-7
1617.6100000000001	7.241563858164699e-7
1617.615	7.18191000981856e-7
1617.62	7.015419802323884e-7
1617.625	6.798226204439878e-7
1617.6299999999999	6.518783320396516e-7
1617.635	6.165948253093944e-7
1617.64	5.851945348868839e-7
1617.645	5.612662829696966e-7
1617.6499999999999	5.446696453388244e-7
1617.655	5.355658462963617e-7
1617.6599999999999	5.352977080802737e-7
1617.665	5.442157467774727e-7
1617.67	5.596028978465987e-7
1617.675	5.769093039177555e-7
1617.6799999999998	5.911452724488141e-7
1617.685	5.99382047056117e-7
1617.6899999999998	5.9950342452464e-7
1617.695	5.901115653824591e-7
1617.7	5.735469965754678e-7
1617.705	5.534756071959308e-7
1617.71	5.312525395607958e-7
1617.715	5.084559170845895e-7
1617.7199999999998	4.900102276649165e-7
1617.7250000000001	4.753836250623316e-7
1617.73	4.649164860408406e-7
1617.735	4.582442969889807e-7
1617.74	4.540521836658486e-7
1617.745	4.531466688624006e-7
1617.7499999999998	4.5565321664780175e-7
1617.755	4.616690640432639e-7
1617.76	4.7156796068831426e-7
1617.7649999999999	4.853106661030367e-7
1617.77	5.015727679679251e-7
1617.7749999999999	5.216135296679503e-7
1617.78	5.462078541026535e-7
1617.785	5.709484482238394e-7
1617.79	5.958945553529484e-7
1617.7949999999998	6.154761153670312e-7
1617.8	6.239463537793229e-7
1617.8049999999998	6.189922925148975e-7
1617.81	6.009939626984996e-7
1617.815	5.738491313943276e-7
1617.82	5.452588757349434e-7
1617.825	5.213552474184986e-7
1617.83	5.026545245793916e-7
1617.8349999999998	4.917851762334743e-7
1617.8400000000001	4.888925285035637e-7
1617.845	4.986338729468835e-7
1617.85	5.191621290554478e-7
1617.855	5.474020445733173e-7
1617.86	5.804060001594542e-7
1617.8649999999998	6.140543201809998e-7
1617.8700000000001	6.471425799472603e-7
1617.875	6.829140502492918e-7
1617.8799999999999	7.09109854144879e-7
1617.885	7.28412759602059e-7
1617.8899999999999	7.401418743884937e-7
1617.8949999999998	7.450998003254527e-7
1617.9	7.455202015797246e-7
1617.905	7.418911605537942e-7
1617.9099999999999	7.360992553811607e-7
1617.915	7.214648616442857e-7
1617.9199999999998	7.051405135537192e-7
1617.925	6.844106389901695e-7
1617.93	6.636158908649169e-7
1617.935	6.468479644209967e-7
1617.94	6.351642273898756e-7
1617.945	6.285587878062412e-7
1617.9499999999998	6.34556094042546e-7
1617.955	6.529376692605378e-7
1617.96	6.754804256068209e-7
1617.965	6.957401682262334e-7
1617.97	7.164738517235892e-7
1617.975	7.308221172360612e-7
1617.9799999999998	7.335064385054348e-7
1617.9850000000001	7.207539117823328e-7
1617.99	6.988110403997735e-7
1617.995	6.754410307539285e-7
1618	6.532578681415613e-7
1618.0049999999999	6.328863421680473e-7
1618.0099999999998	6.161128065289651e-7
1618.015	6.063232925820064e-7
1618.02	6.053131300191128e-7
1618.0249999999999	6.103946999454707e-7
1618.03	6.189116463952624e-7
1618.0349999999999	6.299651244816325e-7
1618.0399999999997	6.438616788163312e-7
1618.045	6.546112985105287e-7
1618.05	6.64761768641787e-7
1618.055	6.735907896307196e-7
1618.06	6.790091732175542e-7
1618.0649999999998	6.804845401378728e-7
1618.07	6.791590870958932e-7
1618.075	6.750427528588767e-7
1618.08	6.680948525254376e-7
1618.085	6.583664042113478e-7
1618.09	6.471871308314533e-7
1618.0949999999998	6.333117988995624e-7
1618.1	6.181229993807185e-7
1618.105	6.039825361897111e-7
1618.11	5.930420411977555e-7
1618.115	5.865074411747454e-7
1618.12	5.828283725082208e-7
1618.1249999999998	5.821968218132323e-7
1618.13	5.856974062849108e-7
1618.135	5.944933569346392e-7
1618.1399999999999	6.070183042803082e-7
1618.145	6.222024503272165e-7
1618.1499999999999	6.339451298553212e-7
1618.1549999999997	6.449152270605596e-7
1618.16	6.447689041121195e-7
1618.165	6.314908453078583e-7
1618.17	6.089648506197538e-7
1618.175	5.842102954071675e-7
1618.1799999999998	5.601078059275147e-7
1618.185	5.405386521234005e-7
1618.19	5.274319529300652e-7
1618.195	5.195811422262986e-7
1618.2	5.141032169866298e-7
1618.205	5.104391988639086e-7
1618.2099999999998	5.092090288750788e-7
1618.215	5.123180253908147e-7
1618.22	5.180468440357148e-7
1618.225	5.265120560900502e-7
1618.23	5.363477591020073e-7
1618.235	5.450155359766197e-7
1618.2399999999998	5.511200797669637e-7
1618.245	5.538576055756266e-7
1618.25	5.53278368094499e-7
1618.2549999999999	5.490797831888075e-7
1618.26	5.390923390219521e-7
1618.2649999999999	5.162134555057116e-7
1618.2699999999998	4.858653972071272e-7
1618.2749999999999	4.62058733856397e-7
1618.28	4.4565972938134165e-7
1618.285	4.3251964692782464e-7
1618.29	4.270189234863482e-7
1618.2949999999998	4.322295975142e-7
1618.3	4.437194212558701e-7
1618.305	4.6118891074056025e-7
1618.31	4.858535461823429e-7
1618.315	5.161876128221879e-7
1618.32	5.483888616283202e-7
1618.3249999999998	5.726707976125678e-7
1618.33	5.87521343801985e-7
1618.335	5.910696462375197e-7
1618.34	5.815304045694042e-7
1618.345	5.628644887904386e-7
1618.35	5.388655559012826e-7
1618.3549999999998	5.156734410061354e-7
1618.36	5.00901947732614e-7
1618.365	4.875386638740746e-7
1618.37	4.761394546197893e-7
1618.375	4.683974587506046e-7
1618.3799999999999	4.6550902600973416e-7
1618.3849999999998	4.666421644200248e-7
1618.3899999999999	4.712834543389743e-7
1618.395	4.781993408128578e-7
1618.4	4.850878080227592e-7
1618.405	4.956440958244285e-7
1618.4099999999999	5.098027883082599e-7
1618.415	5.286929940330324e-7
1618.4199999999998	5.511113602967064e-7
1618.425	5.700752777443737e-7
1618.43	5.851008060928645e-7
1618.435	5.955891239508937e-7
1618.4399999999998	6.004392715274136e-7
1618.445	5.984949432432581e-7
1618.45	5.866387308745452e-7
1618.455	5.662575901707906e-7
1618.46	5.400109707671906e-7
1618.465	5.144733469303362e-7
1618.4699999999998	4.918217408662338e-7
1618.475	4.7507140792140255e-7
1618.48	4.663562732602369e-7
1618.4850000000001	4.6513167192300197e-7
1618.49	4.6881252669144245e-7
1618.495	4.759295719052301e-7
1618.4999999999998	4.890798987644119e-7
1618.5049999999999	5.043072478928627e-7
1618.51	5.167935199503016e-7
1618.515	5.246388406130801e-7
1618.52	5.269937856430672e-7
1618.5249999999999	5.241308924535605e-7
1618.53	5.16173771434312e-7
1618.5349999999999	5.054132158993691e-7
1618.54	4.926127492017259e-7
1618.545	4.81277353280976e-7
1618.55	4.722211782281495e-7
1618.5549999999998	4.654555834257116e-7
1618.56	4.608136445228167e-7
1618.5649999999998	4.5662230902794333e-7
1618.57	4.5178040499034004e-7
1618.575	4.4777711528119437e-7
1618.58	4.4665873915195605e-7
1618.5849999999998	4.545804424070654e-7
1618.59	4.753983306880987e-7
1618.595	5.020181445770793e-7
1618.6000000000001	5.27748902796436e-7
1618.605	5.526795165044912e-7
1618.61	5.72325743548468e-7
1618.6149999999998	5.779027708883021e-7
1618.62	5.712984873608024e-7
1618.625	5.571418838254649e-7
1618.63	5.407288547321965e-7
1618.635	5.231673628675639e-7
1618.6399999999999	5.065525749278717e-7
1618.645	4.958015043238317e-7
1618.6499999999999	4.934202957394235e-7
1618.655	4.992949172145701e-7
1618.66	5.113671330340792e-7
1618.665	5.29078850880026e-7
1618.6699999999998	5.535422550382557e-7
1618.675	5.825123974618458e-7
1618.6799999999998	6.118957705594263e-7
1618.685	6.362478410044162e-7
1618.69	6.570200124807047e-7
1618.695	6.714644791932786e-7
1618.6999999999998	6.792463607986681e-7
1618.705	6.802097255712136e-7
1618.7099999999998	6.718778872389818e-7
1618.7150000000001	6.609102347529352e-7
1618.72	6.475427418639075e-7
1618.725	6.326711972135971e-7
1618.73	6.200253006235205e-7
1618.735	6.022477461254355e-7
1618.74	5.906660113664357e-7
1618.7450000000001	5.802613042888736e-7
1618.75	5.748072845417582e-7
1618.7549999999999	5.730072238388068e-7
1618.76	5.760034208445042e-7
1618.7649999999999	5.847735808908284e-7
1618.77	6.007358109633067e-7
1618.775	6.264402836139014e-7
1618.78	6.547470273160742e-7
1618.7849999999999	6.850814575890636e-7
1618.79	7.135555660851577e-7
1618.7949999999998	7.388293042348598e-7
1618.8	7.530561154355488e-7
1618.805	7.474652980491793e-7
1618.81	7.207706190319348e-7
1618.8149999999998	6.832999392823745e-7
1618.82	6.525071740488548e-7
1618.8249999999998	6.275686976592051e-7
1618.8300000000002	6.123469621580554e-7
1618.835	6.110548339485524e-7
1618.84	6.184615214699909e-7
1618.845	6.293443834884942e-7
1618.85	6.415060855958552e-7
1618.8549999999998	6.555794647509737e-7
1618.8600000000001	6.710225013907191e-7
1618.865	6.873274134525747e-7
1618.87	7.036239345575386e-7
1618.875	7.121136436814209e-7
1618.8799999999999	7.136578509455459e-7
1618.8849999999998	7.088938368414543e-7
1618.89	6.967808085247748e-7
1618.895	6.781837464880881e-7
1618.8999999999999	6.529165407195581e-7
1618.905	6.195852908767579e-7
1618.9099999999999	5.793834493956378e-7
1618.915	5.376856988526142e-7
1618.92	5.025170320662106e-7
1618.925	4.723789934947364e-7
1618.9299999999998	4.538939731017742e-7
1618.935	4.506730769162076e-7
1618.9399999999998	4.5513001841699436e-7
1618.945	4.6598612959758947e-7
1618.95	4.845204582874183e-7
1618.955	5.093198621068765e-7
1618.96	5.390253216087066e-7
1618.965	5.709138874599678e-7
1618.9699999999998	5.973362966718844e-7
1618.9750000000001	6.12331132495491e-7
1618.98	6.109006392535432e-7
1618.985	5.945548241305014e-7
1618.99	5.666253619743417e-7
1618.995	5.372872910200431e-7
1618.9999999999998	5.103414600551924e-7
1619.005	4.869489889259856e-7
1619.01	4.6809859622670917e-7
1619.0149999999999	4.5644328182643096e-7
1619.02	4.4865970401297795e-7
1619.0249999999999	4.445515976986777e-7
1619.0299999999997	4.43892215518588e-7
1619.035	4.4692048306975823e-7
1619.04	4.505140834910151e-7
1619.0449999999998	4.5483422548329675e-7
1619.05	4.5964513229931914e-7
1619.0549999999998	4.633706499712987e-7
1619.06	4.6722292882366315e-7
1619.065	4.682847265453059e-7
1619.07	4.656835077659718e-7
1619.075	4.5773591528318977e-7
1619.08	4.448831248130911e-7
1619.0849999999998	4.2816794701391047e-7
1619.09	4.09213072507761e-7
1619.095	3.8833772954896795e-7
1619.1	3.7047634740120865e-7
1619.105	3.5343671246689484e-7
1619.11	3.404955212297186e-7
1619.1149999999998	3.3021265849748e-7
1619.1200000000001	3.259788441870953e-7
1619.125	3.284808720249139e-7
1619.1299999999999	3.396383771293735e-7
1619.135	3.593052889634513e-7
1619.1399999999999	3.8628328201927067e-7
1619.1449999999998	4.143614684623906e-7
1619.15	4.4512106800124896e-7
1619.155	4.708066248352592e-7
1619.1599999999999	4.879865531749905e-7
1619.165	4.924133545823796e-7
1619.1699999999998	4.855552167973075e-7
1619.175	4.7072214676156613e-7
1619.18	4.542118859693432e-7
1619.185	4.4030551031409805e-7
1619.19	4.2935751484295603e-7
1619.195	4.2021904595516207e-7
1619.1999999999998	4.136071291764701e-7
1619.205	4.078717354651852e-7
1619.21	4.03714116537172e-7
1619.215	4.0418779951264057e-7
1619.22	4.076055537412146e-7
1619.225	4.1674862714614925e-7
1619.2299999999998	4.3062776475196533e-7
1619.235	4.521339135136315e-7
1619.24	4.783990813137935e-7
1619.245	5.074044482141645e-7
1619.25	5.291625328505883e-7
1619.2549999999999	5.386155569801455e-7
1619.2599999999998	5.298850083788879e-7
1619.265	5.024242384405856e-7
1619.27	4.63753471345366e-7
1619.2749999999999	4.2597433919368463e-7
1619.28	3.9427160198035194e-7
1619.2849999999999	3.7053998339412636e-7
1619.29	3.602092126314994e-7
1619.295	3.564089582696652e-7
1619.3	3.589657955512136e-7
1619.305	3.727827835374891e-7
1619.31	3.936560740006596e-7
1619.3149999999998	4.183035546635638e-7
1619.32	4.4462188210319637e-7
1619.325	4.709880041507649e-7
1619.33	4.895632747027629e-7
1619.335	4.974546154657761e-7
1619.34	4.968188645364782e-7
1619.3449999999998	4.890231956642334e-7
1619.35	4.765548932670192e-7
1619.355	4.6309215955386007e-7
1619.36	4.4915556765160465e-7
1619.365	4.363407703355374e-7
1619.37	4.2337540057950634e-7
1619.3749999999998	4.1264932506478115e-7
1619.3799999999999	4.042868316585714e-7
1619.385	3.9757966350438217e-7
1619.3899999999999	3.954466309876496e-7
1619.395	3.9718151669152813e-7
1619.3999999999999	4.040955496287864e-7
1619.405	4.1507326106298716e-7
1619.4099999999999	4.3116398456961187e-7
1619.415	4.538509929697894e-7
1619.42	4.836859374053821e-7
1619.425	5.132192164027409e-7
1619.4299999999998	5.423697569088556e-7
1619.435	5.649336872620803e-7
1619.44	5.800520189531526e-7
1619.445	5.837461568353559e-7
1619.45	5.685042152459947e-7
1619.455	5.40597813780611e-7
1619.4599999999998	5.10152809143053e-7
1619.465	4.874536386456247e-7
1619.47	4.724223136473542e-7
1619.475	4.637217678261345e-7
1619.48	4.623840835134791e-7
1619.485	4.6894622925674877e-7
1619.4899999999998	4.827716267504511e-7
1619.495	5.032075489405892e-7
1619.5	5.25868863910911e-7
1619.5049999999999	5.54639211274104e-7
1619.51	5.803056075860395e-7
1619.5149999999999	6.066251821136523e-7
1619.52	6.323906723709348e-7
1619.5249999999999	6.549330494167441e-7
1619.53	6.731813242212854e-7
1619.535	6.847037038526987e-7
1619.54	6.872365633024009e-7
1619.5449999999998	6.801087277359952e-7
1619.55	6.675315412588109e-7
1619.5549999999998	6.393047188535034e-7
1619.56	6.0796114249918e-7
1619.565	5.722707196831521e-7
1619.57	5.35854928362378e-7
1619.5749999999998	5.049475749108709e-7
1619.58	4.813783507547694e-7
1619.585	4.6745801486727653e-7
1619.59	4.681443338636378e-7
1619.595	4.78805503188233e-7
1619.6	4.941197066023842e-7
1619.605	5.139311067462421e-7
1619.61	5.425432125624351e-7
1619.615	5.735225011925639e-7
1619.62	5.934890077488082e-7
1619.625	5.980418403298214e-7
1619.6299999999999	5.856868887678903e-7
1619.635	5.585554068851389e-7
1619.6399999999999	5.229045947347496e-7
1619.645	4.886904506951937e-7
1619.65	4.6380554717128993e-7
1619.655	4.43044644706576e-7
1619.6599999999999	4.2748608206628684e-7
1619.665	4.18426805177988e-7
1619.6699999999998	4.190824271399384e-7
1619.675	4.2436009968318894e-7
1619.68	4.327445244377036e-7
1619.685	4.432783637790794e-7
1619.6899999999998	4.544594642689711e-7
1619.695	4.670796323776821e-7
1619.6999999999998	4.795572559752007e-7
1619.705	4.904484757485426e-7
1619.71	4.986007844623236e-7
1619.715	5.033949178065453e-7
1619.72	5.017780387929484e-7
1619.725	4.934982055115004e-7
1619.73	4.813341696236013e-7
1619.735	4.63806835753099e-7
1619.74	4.4405288225201293e-7
1619.745	4.258506892151449e-7
1619.75	4.0810763978435455e-7
1619.7549999999999	3.911841069990872e-7
1619.76	3.7990216029258393e-7
1619.765	3.748753573390986e-7
1619.77	3.7807452678550427e-7
1619.7749999999999	3.8730979371273877e-7
1619.78	4.0789804717200577e-7
1619.7849999999999	4.3330423752239673e-7
1619.79	4.603814500492894e-7
1619.795	4.838205620941171e-7
1619.8	4.99056827213101e-7
1619.8049999999998	4.988060951416386e-7
1619.81	4.854607938661163e-7
1619.8149999999998	4.6473523214675304e-7
1619.82	4.4345051316136944e-7
1619.825	4.2647567275215214e-7
1619.83	4.1052626207120456e-7
1619.835	3.991034127243292e-7
1619.84	3.8850241431593237e-7
1619.8449999999998	3.806711852365073e-7
1619.8500000000001	3.7548768523336213e-7
1619.855	3.7116730517001897e-7
1619.86	3.6822337532961706e-7
1619.865	3.6691617608288636e-7
1619.87	3.6947959215446837e-7
1619.8749999999998	3.81224921312303e-7
1619.88	3.989424438350408e-7
1619.885	4.222072681278618e-7
1619.8899999999999	4.4046649161922804e-7
1619.895	4.543257306290759e-7
1619.8999999999999	4.5613875376005895e-7
1619.905	4.46300865523925e-7
1619.91	4.264412868335605e-7
1619.915	4.0546498040777573e-7
1619.9199999999998	3.861594394164154e-7
1619.925	3.712931085513918e-7
1619.9299999999998	3.589915172581503e-7
1619.935	3.5486391759568737e-7
1619.94	3.6082971453993634e-7
1619.945	3.7727269327392253e-7
1619.95	4.012251577121549e-7
1619.955	4.3031873149905197e-7
1619.9599999999998	4.6016278982031363e-7
1619.9650000000001	4.876330453196732e-7
1619.97	5.108825283416198e-7
1619.975	5.285600399754347e-7
1619.98	5.391136968305284e-7
1619.985	5.417838173892902e-7
1619.9899999999998	5.327141341135004e-7
1619.9950000000001	5.215384363903957e-7
1620	5.086830371164528e-7